Date,Open,High,Low,Close,Volume
2008-03-28,35.43871307373047,35.43871307373047,35.43871307373047,35.43871307373047,200
2008-03-31,35.3680022696366,35.3680022696366,34.88699722290039,34.88699722290039,400
2008-04-01,35.5448328401968,35.82777786254883,35.48117034508578,35.82777786254883,600
2008-04-02,36.16022591837749,36.358288462745904,36.11071095687614,36.2238883972168,10700
2008-04-03,42.22939580423363,42.22939580423363,36.039995325759485,36.42904281616211,29100
2008-04-04,38.86941794862538,38.86941794862538,36.407806396484375,36.407806396484375,9900
2008-04-07,37.483001749131866,37.483001749131866,36.25219435355545,36.62002182006836,11300
2008-04-08,36.308782215664614,36.84637451171875,36.308782215664614,36.84637451171875,800
2008-04-09,36.30172802261444,36.30172802261444,36.09659290132868,36.160255432128906,4300
2008-04-10,36.42905308421489,36.42905308421489,35.9621954244683,36.160255432128906,6900
2008-04-11,35.9480365162297,35.9480365162297,35.587284088134766,35.587284088134766,600
2008-04-14,36.20974941627064,36.20974941627064,35.65093719067874,35.72874450683594,3900
2008-04-15,35.79240771098204,35.82777786254883,35.65801030946487,35.82777786254883,3100
2008-04-16,36.20975187053476,36.64124183604103,36.20975187053476,36.31585693359375,2900
2008-04-17,36.55636868850628,37.419348838682176,36.53514874985098,36.8039436340332,16400
2008-04-18,37.68813152595869,37.68813152595869,36.92418429959221,37.20712661743164,9700
2008-04-21,39.796061320331944,42.75990062117179,37.11516971833582,37.37689208984375,59100
2008-04-22,37.0373649597168,37.27786743471615,36.87467250580016,37.0373649597168,3600
2008-04-23,37.20713319646763,37.376900775880834,36.91004330544968,37.12932586669922,21500
2008-04-24,36.78271081215714,37.23542066733783,36.78271081215714,37.143463134765625,7100
2008-04-25,37.40518490006261,37.40518490006261,37.1859024028424,37.29200744628906,1700
2008-04-28,37.84375100929781,37.84375100929781,37.46177605243782,37.59617614746094,16100
2008-04-29,37.49713771576314,37.49713771576314,36.99491296021693,37.16468048095703,13600
2008-04-30,37.29908085496005,38.077178231547606,37.292008444443866,37.666908264160156,9700
2008-05-01,37.24250025213324,37.6244725518668,37.18591016425336,37.55373764038086,6300
2008-05-02,37.8437452244873,38.006437637162826,37.71642025833025,37.78715515136719,15400
2008-05-05,37.850826020961094,37.89326858520508,37.77301870072617,37.89326858520508,4500
2008-05-06,37.78715987118171,38.14791488647461,37.76593994029278,38.14791488647461,2200
2008-05-07,38.105473878267375,38.105473878267375,37.4900715721531,37.51129150390625,5300
2008-05-08,37.63862228393555,38.268172207564206,37.617402348916535,37.63862228393555,189500
2008-05-09,37.242498092497996,37.47592544555664,37.242498092497996,37.47592544555664,1000
2008-05-12,37.57496505722973,37.85791015625,37.57496505722973,37.85791015625,2700
2008-05-13,37.80130839098646,38.26816577143482,37.65276347410826,37.90034103393555,281400
2008-05-14,38.16914189015227,38.275246960985356,37.9852294921875,37.9852294921875,19400
2008-05-15,38.190367796765145,38.388427734375,38.190367796765145,38.388427734375,8400
2008-05-16,38.579416348617144,38.71381378173828,38.45916374141246,38.71381378173828,4400
2008-05-19,38.62185123057879,39.07456385395092,38.62185123057879,38.69966125488281,12300
2008-05-20,38.64306408149026,38.64306408149026,38.31767654418945,38.31767654418945,296200
2008-05-21,38.51575047832214,38.56526545980297,38.034745488196236,38.055965423583984,12200
2008-05-22,38.197435076338905,38.29646503183563,37.94986018759708,38.112552642822266,11400
2008-05-23,38.11254628485905,38.126693804479046,36.85344402231442,37.51836395263672,13800
2008-05-27,38.621861724729904,38.621861724729904,37.29909904723866,37.80839920043945,4000
2008-05-28,37.65276276414535,37.808382787481705,37.567880341581684,37.801307678222656,4800
2008-05-29,37.801310396209445,38.841130266242764,37.68813292519902,38.03474044799805,246700
2008-05-30,38.445008013142896,38.445008013142896,37.985225714771694,37.9922981262207,43300
2008-06-02,37.978155722470184,38.03474581514279,37.58203586721847,37.70228576660156,45500
2008-06-03,37.70228240282566,38.034742421705005,37.25664490706287,37.61032485961914,18700
2008-06-04,37.33445013143627,37.525437605081244,37.22127266909445,37.22834777832031,2900
2008-06-05,37.38396308165786,38.02766036987305,37.38396308165786,38.02766036987305,15500
2008-06-06,37.73057612794881,37.73057612794881,37.023216247558594,37.023216247558594,9500
2008-06-09,37.01614226624348,37.1293197343717,36.782712220399446,36.79685974121094,4300
2008-06-10,36.64831392945138,36.64831392945138,36.36536891682633,36.43610382080078,7200
2008-06-11,36.471479715698756,36.471479715698756,35.9975471496582,35.9975471496582,1900
2008-06-12,35.91972693404093,36.25925928733084,35.90557941535844,36.01875686645508,13800
2008-06-13,36.01875700335179,36.280482052427665,36.01875700335179,36.266334533691406,3900
2008-06-16,36.301712348875775,36.55636236212821,36.301712348875775,36.5068473815918,3300
2008-06-17,36.42903239757427,36.6270922927643,36.42903239757427,36.4997673034668,9400
2008-06-18,36.42903605659632,36.42903605659632,36.16731364046948,36.2380485534668,9800
2008-06-19,36.167311962926405,36.167311962926405,35.757041931152344,35.757041931152344,76300
2008-06-20,35.87022313505078,36.421965741984785,35.452880648260596,35.50239562988281,35700
2008-06-23,35.417503720025834,35.62263870239258,35.367988751642606,35.62263870239258,11300
2008-06-24,35.36798898282392,35.70044894273875,35.18407662739314,35.268959045410156,49500
2008-06-25,35.4811647855287,35.714594797147434,35.4811647855287,35.65093231201172,1800
2008-06-26,35.53070057054633,35.53070057054633,34.75967788696289,34.75967788696289,22000
2008-06-27,34.80918240276964,34.90821236377784,34.58990254578407,34.82332992553711,5500
2008-06-30,34.95064548521772,35.2689579155384,34.95064548521772,34.95771789550781,61200
2008-07-01,34.526241853359146,34.85869921155724,34.23622436732529,34.688934326171875,40100
2008-07-02,34.86577167520713,34.86577167520713,34.0806017194146,34.144264221191406,8100
2008-07-03,34.23621091293176,34.23621091293176,33.91789850497166,34.00278091430664,5600
2008-07-07,33.252980641370364,35.86313984434328,33.245908231154225,34.13718032836914,14900
2008-07-08,33.776436003259455,34.03815841674805,33.42275604511014,34.03815841674805,3100
2008-07-09,34.26452272893577,34.59698284384028,33.741077759048544,33.960357666015625,113700
2008-07-10,33.8471794128418,34.07353442701442,33.642047036373526,33.8471794128418,31000
2008-07-11,33.66325661299726,33.84716899351119,33.288356742124364,33.59959411621094,539500
2008-07-14,33.833025996084295,33.903760908168515,33.352021038492595,33.4651985168457,1231200
2008-07-15,33.24591631033223,33.26006383256583,32.64466145640584,33.11859130859375,22700
2008-07-16,32.93467623673496,33.49348847849583,32.84271869888014,33.4369010925293,640000
2008-07-17,33.97448885428232,34.045226450226764,33.72691401438521,33.88253402709961,123400
2008-07-18,35.79949177597989,35.79949177597989,33.62082157461473,33.91083908081055,6000
2008-07-21,34.7667433572974,34.7667433572974,34.052308281600446,34.059383392333984,306900
2008-07-22,33.95326191482581,34.09473437914348,33.818864557823574,34.04521942138672,17800
2008-07-23,34.384762633295594,34.646485021439766,34.384762633295594,34.50501251220703,4100
2008-07-24,34.526242230761326,34.526242230761326,33.77643966674805,33.77643966674805,13200
2008-07-25,33.776431999667594,33.96034436882558,33.74106454771763,33.76935958862305,25500
2008-07-28,33.73399648939302,33.8754690251271,33.36616897583008,33.36616897583008,43900
2008-07-29,33.337867304158074,33.79057713321166,33.337867304158074,33.74106216430664,15700
2008-07-30,33.91790894146012,34.123043967305605,33.7269214379175,33.93912887573242,39500
2008-07-31,33.974486459868864,34.17962142610543,33.8542366027832,33.8542366027832,9300
2008-08-01,33.811809908420166,33.811809908420166,33.436909944752664,33.4581298828125,13900
2008-08-04,33.28835887703304,33.33787385566867,33.03370887355609,33.11859130859375,15600
2008-08-05,33.472273859936706,33.68448131313669,33.30958138920458,33.65618896484375,30300
2008-08-06,33.80473104751875,34.03815841674805,33.70570109097517,34.03815841674805,8200
2008-08-07,33.896691338063306,33.896691338063306,33.33787896519148,33.387393951416016,41900
2008-08-08,33.18933215896111,33.80473734358089,33.18933215896111,33.76229476928711,43800
2008-08-11,33.8047256849422,33.854240655359234,33.8047256849422,33.811798095703125,5300
2008-08-12,33.80473317805539,33.84010063642656,33.507640591336525,33.55008316040039,76400
2008-08-13,33.3520264895934,33.48642392386509,33.09030133570442,33.387393951416016,8200
2008-08-14,33.24591997388822,33.4581274340487,33.24591997388822,33.415687561035156,2600
2008-08-15,33.337866779804195,33.380306639133316,33.18224676662841,33.28127670288086,21500
2008-08-18,33.352025904662945,33.352025904662945,32.87102087689103,32.97712326049805,4500
2008-08-19,32.63051889482487,32.67295876961364,32.47489882496106,32.566856384277344,28500
2008-08-20,32.6658778528063,32.9134527191717,32.57392031742901,32.757835388183594,7900
2008-08-21,32.8497914203309,33.15395638056798,32.80027644525638,33.090293884277344,76600
2008-08-22,33.09029466342113,33.28835726674657,33.09029466342113,33.20347213745117,7900
2008-08-25,33.097366993100955,33.097366993100955,32.55977201284497,32.644657135009766,40700
2008-08-26,32.58807028026449,32.80027770996094,32.58807028026449,32.80027770996094,5800
2008-08-27,32.913461684896326,33.78351420731006,32.80028418681887,33.033714294433594,21700
2008-08-28,33.19640624086413,33.4439811706543,33.19640624086413,33.4439811706543,13600
2008-08-29,33.55007533524859,33.56422285497015,33.26713033754453,33.288352966308594,25100
2008-09-02,33.217622603606145,33.323727675449256,32.729545209528766,32.83564758300781,17600
2008-09-03,32.77198080400678,32.800273145228765,32.34756330531514,32.382930755615234,26700
2008-09-04,32.66588280689848,32.66588280689848,31.527032852172848,31.52703285217285,370800
2008-09-05,31.442149607297246,31.49166458681021,30.85503956683779,31.406782150268555,51600
2008-09-08,32.39708485489038,32.559777318002624,31.611914886297,31.746315002441406,28200
2008-09-09,31.760462849366903,31.866565222898643,30.833820343017578,30.833820343017578,9900
2008-09-10,31.244084316108278,31.406779461567297,31.010656961011197,31.293601989746094,855900
2008-09-11,30.89039641135965,31.272371292114258,30.416466713594662,31.272371292114258,22100
2008-09-12,31.30066543569549,31.72508015886819,31.173340479071076,31.64019775390625,17600
2008-09-15,30.777224364175176,30.92577197608536,30.041572207312228,30.147674560546875,1915000
2008-09-16,29.57472562855499,30.366968154907227,29.489840476958133,30.366968154907227,37100
2008-09-17,30.133528483071252,30.133528483071252,29.037121256975304,29.0583438873291,62400
2008-09-18,30.161817318825193,30.388172208026035,28.747097912138358,30.204259872436523,25900
2008-09-19,33.90375955375345,35.049681813595946,30.69942013346989,31.887784957885742,103600
2008-09-22,32.19901439227255,32.19901439227255,31.208709716796875,31.208709716796875,49500
2008-09-23,31.053101106420463,31.18749851781456,30.44477115251175,30.536725997924805,53800
2008-09-24,30.664058588086842,30.81260625661003,30.40233611232673,30.5225887298584,71700
2008-09-25,30.77721849420987,31.307738254290708,30.77721849420987,31.244075775146484,27700
2008-09-26,30.84088982004882,31.081392288208008,30.543799964397724,31.081392288208008,103900
2008-09-29,30.31036711267012,30.79137200463187,27.905345351224952,28.174142837524414,71800
2008-09-30,28.428788905755724,29.39079864908747,28.428788905755724,29.206886291503906,114600
2008-10-01,29.150291353857668,29.46153133561815,28.796611518848387,29.327131271362305,82400
2008-10-02,29.14322870312468,29.14322870312468,28.06096621071098,28.096336364746094,25300
2008-10-03,28.082194427823616,29.171529548674208,27.452644417233106,27.5870418548584,124600
2008-10-06,26.915044894402634,26.915044894402634,25.07591014908079,26.172317504882812,126800
2008-10-07,26.80893864024841,26.80893864024841,24.976876572347145,25.005168914794922,166000
2008-10-08,24.453433272474655,25.20323579140219,23.59752837999247,24.467580795288086,24900
2008-10-09,24.814188942815296,25.07591137511861,22.812358940567744,22.94675636291504,30200
2008-10-10,22.14036420379875,23.201404047735085,21.100545642446637,22.451602935791016,135000
2008-10-13,23.15896628066224,25.238603591918945,23.15896628066224,25.238603591918945,64000
2008-10-14,25.790337039717816,26.60380186948622,24.757592404179274,25.075904846191406,124600
2008-10-15,24.77881239097317,24.89906495750373,22.635513107119127,22.685028076171875,72100
2008-10-16,22.74162307229409,23.63289540635498,21.76546560290243,23.56216049194336,29700
2008-10-17,23.09530291815078,24.21293021041688,22.706252795865613,23.187257766723633,64200
2008-10-20,23.477281096803914,24.524173736572266,23.477281096803914,24.524173736572266,65600
2008-10-21,24.1563414909214,24.184633835961733,23.413611442562534,23.47727394104004,53900
2008-10-22,22.833571058071183,22.833571058071183,21.220791748650008,21.765459060668945,75100
2008-10-23,21.77253863822391,22.310132334755828,21.079324897138402,21.89986228942871,126700
2008-10-24,20.966147149246474,21.298607168021935,18.844067434571908,20.944927215576172,72500
2008-10-27,20.37196992057862,20.987373788538928,19.933407423156957,19.940481185913086,253000
2008-10-28,20.824672469703128,22.069625854492188,20.25171007184986,22.069625854492188,244600
2008-10-29,22.317200503420285,23.25799030536416,22.09791934954746,22.430377960205078,342900
2008-10-30,22.953828429395035,23.555083242384313,22.840650957595976,23.49142074584961,62600
2008-10-31,23.194329462975574,23.92998433345515,22.890164520341973,23.830951690673828,134100
2008-11-03,23.597529938136947,23.908767365491272,23.413614827782478,23.69655990600586,143100
2008-11-04,24.198783456308817,25.040543531220333,24.198783456308817,24.97688102722168,84600
2008-11-05,24.87784927460059,24.87784927460059,23.654116829402852,23.661191940307617,299600
2008-11-06,23.21555512735202,23.43483770011595,22.04133762804262,22.11207389831543,65000
2008-11-07,22.465746542096074,23.20847511291504,22.465746542096074,23.20847511291504,36800
2008-11-10,23.448976644606596,23.562154095961407,22.557701854119557,22.967971801757812,64900
2008-11-11,22.104994600267535,22.713324483405074,21.921080883291495,22.373790740966797,37200
2008-11-12,21.652290787488166,21.92816076537883,21.00151951080641,21.15006446838379,79000
2008-11-13,21.256162965046997,22.635515213012695,20.21634447065469,22.635515213012695,388900
2008-11-14,21.75839498155809,22.359651285097645,21.376419912539244,21.4613037109375,103400
2008-11-17,21.55325912033792,21.67351037657063,20.86712039311727,21.220800399780273,138800
2008-11-18,20.881264426198765,21.362269370713832,20.527584478664973,21.022735595703125,160600
2008-11-19,21.072253822414027,21.220798766169832,19.699975124430736,19.898035049438477,2424800
2008-11-20,19.296773722359056,19.933397202998847,18.532825275754988,18.582340240478516,115600
2008-11-21,18.539901752067557,19.848517796012995,18.539901752067557,19.68582534790039,124500
2008-11-24,19.96169228553285,21.517884324026365,19.96169228553285,21.121763229370117,106300
2008-11-25,21.41886203330787,22.189884568154152,20.51344071599955,21.15006446838379,623600
2008-11-26,20.619545192292225,21.97060278016093,20.534662741815218,21.673511505126953,601400
2008-11-28,21.48252120885866,21.75131738287691,21.22787120775992,21.744243621826172,188100
2008-12-01,21.454228139492912,21.454228139492912,19.80607944005557,19.905109405517578,822900
2008-12-02,20.492217570666117,20.874192596956302,20.17390639793968,20.86711883544922,318200
2008-12-03,20.46392038958808,21.1359114281617,20.159755442481543,21.100543975830078,215700
2008-12-04,20.71150076220272,21.07932692752715,20.244643281937556,20.71857452392578,265800
2008-12-05,20.386115416210355,21.128844241461618,19.827301705941125,21.065181732177734,158600
2008-12-08,21.390561075133846,23.166034408495964,21.390561075133846,21.91400718688965,812500
2008-12-09,21.92815645318154,22.168658922215503,21.602771553419068,21.652286529541016,230600
2008-12-10,21.574478899630282,22.430383808368884,21.574478899630282,22.246471405029297,286800
2008-12-11,22.423305381231927,22.63551277381375,21.81497554369754,22.020109176635742,469900
2008-12-12,21.64521561388387,22.288913086442214,21.31275556048242,22.15451431274414,607800
2008-12-15,22.232324895472836,22.25354483188136,21.723024834754323,22.034263610839844,162400
2008-12-16,22.00596577500303,23.41361039163059,22.00596577500303,23.286285400390625,799800
2008-12-17,23.074080963543516,23.406541005682506,22.89724097489326,23.166038513183594,388800
2008-12-18,22.833581631918832,23.102379207419066,22.29598917928282,22.338430404663086,502600
2008-12-19,22.423308936524567,22.74162142504854,22.175732706470576,22.36672019958496,300100
2008-12-22,22.387935250630985,22.387935250630985,21.65228183083778,22.02718162536621,466300
2008-12-23,21.963525542668407,22.154513049796794,21.595699400162115,21.7300968170166,739200
2008-12-24,21.75839297513563,22.67796175139403,21.72302416690526,21.892791748046875,246100
2008-12-26,22.055484771728516,22.083778469840617,21.87157101186247,22.055484771728516,181400
2008-12-29,22.218178532899486,22.260619757116697,21.69473227027995,21.92108726501465,697100
2008-12-30,21.94230435553353,22.578927993774414,21.94230435553353,22.578927993774414,202500
2008-12-31,22.494043378532226,23.0953008884459,22.486970967095868,22.932605743408203,221700
2009-01-02,22.953822988837153,23.49141517787063,22.840645543863626,23.43482780456543,96000
2009-01-05,23.208485431956028,23.526795312497672,23.13774780421876,23.3287353515625,171800
2009-01-06,23.583377597338483,23.788512602232128,23.364095071586963,23.62582015991211,252900
2009-01-07,23.38532002304063,23.448982524037703,22.86187249280205,22.97504997253418,169500
2009-01-08,22.96797874938303,23.081156234973104,22.74869619051796,22.989198684692383,293700
2009-01-09,22.975044784449576,22.975044784449576,22.352568786486597,22.395009994506836,3407400
2009-01-12,22.345500485704285,22.409162987877504,21.737170509018846,21.878643035888672,630600
2009-01-13,21.673508966936772,21.829129023223626,21.5037427366819,21.65936279296875,133800
2009-01-14,21.220797873773616,21.220797873773616,20.753940428485155,20.9307804107666,121100
2009-01-15,21.09347113622239,21.199574847030338,20.336596290161985,21.036882400512695,268500
2009-01-16,21.524966151436395,21.54618608907931,20.782237302743848,21.206653594970703,203800
2009-01-20,20.874191738267218,20.874191738267218,19.7141218824677,19.78485679626465,557300
2009-01-21,20.00413617662014,20.683200955578588,19.862663673079574,20.66197967529297,396100
2009-01-22,20.251707944776864,20.48513659558353,19.82021943824429,20.180973052978516,343500
2009-01-23,19.834365993651147,20.400253195663108,19.593863595500686,20.27292823791504,351200
2009-01-26,20.336598473805633,20.817603453576943,20.251714686535745,20.527585983276367,350300
2009-01-27,20.690279557919542,20.966149520286862,20.619543289594507,20.85297203063965,168100
2009-01-28,21.397636742653336,21.68765419056962,21.298606789466874,21.602771759033203,93700
2009-01-29,21.06517311477033,21.192496732069998,20.64075700955997,20.697345733642578,1256300
2009-01-30,20.817603132698498,20.916633092001916,20.24464196229984,20.322450637817383,149300
2009-02-02,20.12438891334262,20.371963789384967,19.98291639916252,20.29415512084961,62800
2009-02-03,20.47099708503694,20.831750817108293,20.258788293075078,20.704425811767578,148500
2009-02-04,20.697349939345315,21.107618609606245,20.612466161382212,20.753938674926758,181000
2009-02-05,20.55587638822955,21.14298499619553,20.44977268301773,20.99444007873535,278500
2009-02-06,21.17128577762776,21.659364572960193,21.058108281490117,21.560333251953125,99000
2009-02-09,21.60277319459443,21.708876915656788,21.42593320976317,21.574478149414062,27300
2009-02-10,21.348121834708625,21.517888047509295,20.428553162227587,20.58417320251465,164300
2009-02-11,20.690279477033542,20.874193234286803,20.47099826034708,20.71857452392578,121100
2009-02-12,20.41440497147481,20.761011123657227,20.081944990407465,20.761011123657227,154600
2009-02-13,20.70442356736786,20.75393854203684,20.470994865941346,20.49928855895996,102100
2009-02-17,19.898036072925407,19.898036072925407,19.431178583990683,19.523136138916016,134000
2009-02-18,18.8794306017246,19.593864054229357,18.8794306017246,19.388729095458984,208200
2009-02-19,19.784857973104877,19.862668001928203,19.211896772340413,19.233118057250977,109000
2009-02-20,18.74503849611991,19.233117234733246,18.72381721211689,18.99261474609375,90900
2009-02-23,19.197749397705685,19.296780712206328,18.327696947367308,18.37013816833496,142900
2009-02-24,18.504537657249415,19.13408763113092,18.348918941565824,19.042131423950195,407300
2009-02-25,18.914799559641146,19.105787016010808,18.51160471787074,18.723812103271484,147000
2009-02-26,19.00675585179222,19.148226983170165,18.554044723510742,18.554044723510742,105700
2009-02-27,19.707048130379516,19.707048130379516,18.249885699557097,18.34891700744629,45400
2009-03-02,17.96693952905323,17.96693952905323,17.316168427252162,17.3232421875,60800
2009-03-03,17.655701153480415,17.655701153480415,17.11103509605262,17.252506256103516,275100
2009-03-04,17.655701881798525,18.12256064185227,17.570819452102857,17.945720672607422,151700
2009-03-05,17.45764327660983,17.59911445300615,17.06152209384534,17.224214553833008,325400
2009-03-06,17.4717897143779,17.584967188141842,16.81394480488629,17.188844680786133,176000
2009-03-09,16.792719576932527,17.273724402001555,16.74320461244276,16.9271183013916,167000
2009-03-10,17.47886171342485,18.002309203706268,17.436420499060528,17.995235443115234,86600
2009-03-11,18.26402938110628,18.348913148705844,17.804245791994756,18.073041915893555,428400
2009-03-12,18.051822492204888,18.737961015251386,17.853761261705085,18.688446044921875,58100
2009-03-13,18.815775041033532,18.872363783370602,18.546977503045916,18.794553756713867,75500
2009-03-16,19.20481623193621,19.381656162891755,18.893577575683594,18.893577575683594,59800
2009-03-17,18.907730126808822,19.46654510498047,18.822847692897913,19.46654510498047,120400
2009-03-18,20.30830117907761,20.30830117907761,18.624785285517703,19.883886337280273,87200
2009-03-19,20.32245316750777,20.32245316750777,19.749491925788274,19.763639450073242,74800
2009-03-20,19.80607377796644,19.86266250622193,19.42409885035558,19.44532012939453,175900
2009-03-23,20.08194795614286,20.9307804107666,19.332146809040484,20.9307804107666,149800
2009-03-24,20.386109075270355,20.76808401216334,20.329520345639736,20.36488914489746,94500
2009-03-25,20.4710006107606,20.895416918599597,20.173909330191528,20.626619338989258,85900
2009-03-26,20.83175171874074,21.10762167613105,20.683205423019906,21.079326629638672,111700
2009-03-27,20.562952579627538,20.65491012441659,20.407333883530182,20.44270133972168,58400
2009-03-30,20.152682883538493,20.152682883538493,19.48776421644801,19.66460418701172,57500
2009-03-31,19.968770648868045,20.3153768552485,19.841445644650324,20.039506912231445,326100
2009-04-01,19.933402364148762,20.591247292505457,19.827298648100058,20.513437271118164,1575300
2009-04-02,20.294150810155905,21.673501459104628,20.294150810155905,21.333969116210938,56900
2009-04-03,21.312757774820575,21.53204036236928,21.199580274426122,21.517892837524414,210000
2009-04-06,21.234944374066952,21.32690056678714,21.00858942351087,21.298606872558594,438200
2009-04-07,21.0156620669224,21.036883349714262,20.470995967083986,20.817602157592773,119700
2009-04-08,21.008590017806025,21.19957616950167,20.902484951197152,21.029809951782227,42900
2009-04-09,21.631061044705245,21.751312255859375,21.532031111701247,21.751312255859375,55100
2009-04-13,22.02010767177405,22.09084391419442,21.60983908475384,22.076696395874023,35400
2009-04-14,21.928158436675407,22.041335920672072,21.68058218448944,21.779613494873047,190300
2009-04-15,21.524962398492082,21.906936050470417,21.524962398492082,21.89986228942871,101700
2009-04-16,22.06255659429099,22.2606165112129,21.80790658775483,22.211101531982422,58000
2009-04-17,22.218176818749434,22.366723115822484,22.069631870858473,22.15451431274414,224200
2009-04-20,21.652285086750638,21.708873819859516,21.234942674129474,21.24909019470215,93400
2009-04-21,21.150065229911316,21.70180655474077,21.128845291883177,21.673511505126953,64500
2009-04-22,21.383494049862666,21.94938290101716,21.383494049862666,21.517892837524414,325700
2009-04-23,21.800836005414066,21.97767601369832,21.567407248446134,21.92108726501465,203400
2009-04-24,22.218173921879803,22.437455108873035,22.112070208765783,22.36672019958496,346200
2009-04-27,22.04133256750883,22.26061374074522,21.892787648304715,21.970596313476562,146400
2009-04-28,21.64521104540816,22.104994664595385,21.616916004630212,21.91400718688965,139200
2009-04-29,22.218181867561093,22.699186978156067,22.161593110384178,22.423316955566406,71800
2009-04-30,22.798201365265555,22.932598728354527,22.444521537634945,22.600141525268555,415000
2009-05-01,22.586001693782272,22.876019143190167,22.494044151765955,22.727474212646484,52200
2009-05-04,22.996274414093413,23.795592039200294,22.996274414093413,23.774372100830078,182200
2009-05-05,23.618742665558127,23.76021516148895,23.470197759094305,23.597522735595703,457900
2009-05-06,24.007798680507484,24.163418752099062,23.66826618660582,24.099756240844727,257800
2009-05-07,24.22000212901204,24.33317959557157,23.555082151906614,23.724849700927734,249900
2009-05-08,24.163414384191338,24.594904360431812,23.951206951158095,24.495874404907227,365900
2009-05-11,24.08560309975815,24.099750621000528,23.85217574516833,23.91583824157715,73000
2009-05-12,24.02901653180119,24.16341394063694,23.76021901576583,24.036088943481445,321800
2009-05-13,23.647046179954415,23.647046179954415,23.25799870047543,23.272146224975586,83300
2009-05-14,23.229701374202723,23.64704386176878,23.201406327976247,23.498498916625977,38700
2009-05-15,23.611680465782396,23.689490507111095,23.243852896642366,23.3287353515625,268700
2009-05-18,23.569229254389967,24.135116577148434,23.2509167920997,24.135116577148438,361800
2009-05-19,24.156336903774832,24.439279188996117,24.071451789681436,24.23414421081543,110500
2009-05-20,24.48172007025669,24.77173744431559,24.27658510611759,24.304880142211914,200100
2009-05-21,24.007796015596792,24.064386107480995,23.781441044788178,23.986576080322266,155500
2009-05-22,24.156346591894287,24.22000910381508,23.95121153144234,24.057313919067383,73000
2009-05-26,23.838026067736582,24.686858376954586,23.795583507848445,24.580753326416016,558400
2009-05-27,24.580754547047935,24.715151945822317,24.17048454284668,24.17048454284668,562800
2009-05-28,24.333180803711038,24.58075568086343,24.106825859353485,24.488798141479492,177400
2009-05-29,24.8212560354393,24.96980094909668,24.60904863044825,24.96980094909668,89900
2009-06-01,25.514473432506854,25.69838853240632,25.394223535034513,25.542768478393555,211100
2009-06-02,25.59935136919196,25.719603943877445,25.429586520459488,25.563983917236328,154600
2009-06-03,25.387142941683578,25.387142941683578,24.82125563798104,25.068830490112305,133000
2009-06-04,25.132498309027625,25.323485820463628,24.99810088914188,25.288118362426758,123700
2009-06-05,25.43666205127332,25.472029507566717,25.061762157508216,25.146644592285156,103600
2009-06-08,25.026392292630575,25.24567211956412,24.75052238238277,25.11127471923828,34600
2009-06-09,25.309334751583435,25.3942198770159,25.07590740255342,25.365924835205078,432100
2009-06-10,25.62057815466231,25.62057815466231,25.026395690996218,25.3305606842041,2074200
2009-06-11,25.50031529822034,25.931805124164093,25.47909537181752,25.655935287475586,2331700
2009-06-12,25.49325565431844,25.620580673217773,25.32348806299789,25.620580673217773,146400
2009-06-15,25.20323038411187,25.20323038411187,24.616120455955684,24.80710792541504,838400
2009-06-16,24.821258146538803,24.913215685922744,24.425135644731196,24.488798141479492,124300
2009-06-17,24.39684752622741,24.5807599384869,24.163417431596727,24.389772415161133,44800
2009-06-18,24.403915201386667,24.63027014100869,24.26244268953197,24.45343017578125,83000
2009-06-19,24.73637146693045,24.771738914966473,24.49586904257686,24.58782386779785,325500
2009-06-22,24.34732643704519,24.3826965906989,23.809734100893643,23.852176666259766,103200
2009-06-23,23.94200897216797,24.020434943724332,23.64255421599224,23.94200897216797,166400
2009-06-24,24.14877347927344,24.405448219927067,24.00617609893045,24.056087493896484,60200
2009-06-25,24.020438285499925,24.69777386364014,23.970529605830347,24.690645217895508,45600
2009-06-26,24.654998894805864,24.662127541228596,24.47675281622509,24.612218856811523,913300
2009-06-29,24.726299510369017,24.861765568881825,24.58370208467046,24.790468215942383,69300
2009-06-30,24.911666745818142,24.911666745818142,24.448228651858873,24.5908260345459,157400
2009-07-01,24.883148898502917,25.068523588050542,24.861757523687533,24.925926208496094,326900
2009-07-02,24.55517542528699,24.562306790547158,24.1559060049236,24.170166015625,424900
2009-07-06,24.0489653415704,24.14878273010254,23.86359057998498,24.14878273010254,85700
2009-07-07,24.120258353939576,24.120258353939576,23.635428848948496,23.6639461517334,118200
2009-07-08,23.614035324336054,23.770892714572238,23.278934608584397,23.599775314331055,50900
2009-07-09,23.827933916150492,23.92775400244537,23.671079220182758,23.80654525756836,117000
2009-07-10,23.450051393901944,23.713854803126615,23.428662736883986,23.606908798217773,51300
2009-07-13,23.671077161035246,24.063217946571122,23.435791057822314,24.00617790222168,22200
2009-07-14,24.184422774646386,24.26998283697315,24.048956755690668,24.19868278503418,132900
2009-07-15,24.6906454149719,25.125566243980312,24.64786538070549,25.061397552490234,72100
2009-07-16,25.025741343789335,25.375104756792723,24.94731537580191,25.268156051635742,311100
2009-07-17,25.218247381180767,25.33232473076622,25.13981869337479,25.268156051635742,59600
2009-07-20,25.610395432493043,25.78864151223975,25.46780074455115,25.76012420654297,124600
2009-07-21,25.95976008876838,26.023928789095915,25.560487873417113,25.874202728271484,231300
2009-07-22,25.62464631275208,25.981138345193465,25.62464631275208,25.781503677368164,51700
2009-07-23,25.924116434917913,26.530152162165518,25.90985641877068,26.416074752807617,341500
2009-07-24,26.32338332649486,26.530149459838867,26.195048633881704,26.530149459838867,298400
2009-07-27,26.608572890404954,26.67987022988348,26.366158128431138,26.601444244384766,158200
2009-07-28,26.465974457214656,26.56579181651093,26.230691070276166,26.4445858001709,80000
2009-07-29,26.29485992813388,26.401805933850564,26.123742511240486,26.244951248168945,396500
2009-07-30,26.665614986920176,26.957938452955926,26.6442236075775,26.765432357788086,584500
2009-07-31,26.95080687498519,27.07914427075621,26.7226521091299,26.908029556274414,229700
2009-08-03,27.39998518635516,27.58535989626708,27.243127779631855,27.549711227416992,743000
2009-08-04,27.314427600438133,27.563971000045253,27.278776212077915,27.48554229736328,62400
2009-08-05,27.506932195878736,27.514060841276184,27.136180079376306,27.40711212158203,86600
2009-08-06,27.53544897606789,27.53544897606789,27.02923084804482,27.221736907958984,120200
2009-08-07,27.52832613216893,27.57823481898094,27.214611278128388,27.428508758544922,126800
2009-08-10,27.335814270891213,27.371462936841493,27.093399534682874,27.221736907958984,154300
2009-08-11,27.17895137619854,27.17895137619854,26.872368015401335,26.97931671142578,351900
2009-08-12,26.96506805672297,27.471286295419475,26.96506805672297,27.285911560058594,231400
2009-08-13,27.571087671313126,27.642387697247887,27.29302436971228,27.606739044189453,215300
2009-08-14,27.635264001299575,27.66378401958548,27.114785906765675,27.357200622558594,73100
2009-08-17,26.793951094241653,27.086274546209356,26.380418897896526,26.487367630004883,147400
2009-08-18,26.5943060104939,26.929409403103772,26.5943060104939,26.793943405151367,145100
2009-08-19,26.59431144627218,27.157569645202642,26.59431144627218,27.093400955200195,85100
2009-08-20,27.121917271246474,27.457017966740626,27.121917271246474,27.357200622558594,67000
2009-08-21,27.628138901862282,27.948982349202545,27.628138901862282,27.90620231628418,76100
2009-08-24,28.020279684247498,28.16287707415639,27.827773615843338,27.90620231628418,100800
2009-08-25,28.162878445660848,28.27695581917962,27.977503733625014,28.02741241455078,137000
2009-08-26,27.813514164592206,27.948982911650386,27.692308148612828,27.934722900390625,78500
2009-08-27,27.956112356214597,28.11296976473508,27.571100200656566,28.02741241455078,99700
2009-08-28,28.170007091584903,28.27695581917962,27.89194366362159,28.02741241455078,233100
2009-08-31,27.870549974424303,27.870549974424303,27.613875250391022,27.70656394958496,46100
2009-09-01,27.69230255330765,27.891937230969443,27.093395800503774,27.121915817260742,56000
2009-09-02,26.950798788930207,27.25738217353009,26.865241457359097,27.1433048248291,87600
2009-09-03,27.300165420241388,27.364334106445312,27.143308027338723,27.364334106445312,29500
2009-09-04,27.49267940249278,27.79926291162513,27.37147064036575,27.749351501464844,29700
2009-09-08,28.35539234970573,28.398172396515005,28.12010617198455,28.19140625,696800
2009-09-09,28.383904092225883,28.583538812731945,28.284084012153773,28.46946144104004,94400
2009-09-10,28.497984532234195,28.790307998657227,28.362515768888812,28.790307998657227,440000
2009-09-11,28.89011611610281,28.92576477721034,28.67622142963913,28.754650115966797,52000
2009-09-14,28.39104278222753,28.861612446912293,28.298354034992943,28.818832397460938,61100
2009-09-15,28.825950759633468,29.018456815577718,28.66196472378885,28.932899475097656,1886000
2009-09-16,29.310784207751595,29.489030277884048,29.111149479545386,29.46051025390625,157100
2009-09-17,29.467637205720905,30.052284010592953,29.232351122877418,29.374948501586914,55200
2009-09-18,29.38208254463477,29.496159924596732,29.260876518346116,29.410602569580078,1410600
2009-09-21,29.08975455994242,29.21096328718117,28.93289988680014,29.161054611206055,41300
2009-09-22,29.510428361496487,29.574597076032227,29.353570899338006,29.503299713134766,127600
2009-09-23,29.63875271548754,29.71005004693232,29.161054611206055,29.161054611206055,152100
2009-09-24,29.282272037156993,29.417738107654184,28.69762498790818,28.84735107421875,218300
2009-09-25,28.761787181205488,28.918644599785907,28.61918977520686,28.69761848449707,41300
2009-09-28,28.740387372314487,29.19669671862794,28.733256008880577,29.068359375,58700
2009-09-29,29.032722495141464,29.196708563009306,28.9115137459578,29.089759826660156,134600
2009-09-30,29.218093714193994,29.232353725316337,28.740395580781225,29.054107666015625,48200
2009-10-01,28.9828105995858,28.98993924530371,28.298343658447266,28.298343658447266,1058800
2009-10-02,27.849170827542242,28.29122038104685,27.799262138589445,28.070194244384766,169400
2009-10-05,28.262694368066878,28.562149158189097,28.177137022240096,28.51936912536621,55100
2009-10-06,28.904380719444354,29.189572773460128,28.811692009975236,29.00419807434082,838800
2009-10-07,29.08262376460525,29.111143783002177,28.882986355645418,29.09688377380371,291800
2009-10-08,29.446251474462215,29.588848880500777,29.260876750485593,29.47477149963379,187800
2009-10-09,29.424858687192046,29.51041603088379,29.3464299888834,29.51041603088379,48900
2009-10-12,29.538948394583496,29.788491884544666,29.48903969659126,29.503299713134766,183500
2009-10-13,29.6458917572828,29.6458917572828,29.34643690406987,29.524682998657227,214900
2009-10-14,30.123585770438446,30.13784578238855,29.88117100692499,30.130714416503906,546600
2009-10-15,29.973872201948485,30.244804382324215,29.959612184062344,30.24480438232422,123600
2009-10-16,29.89543657930275,30.016642623693713,29.731450491104557,29.966733932495117,80600
2009-10-19,30.16635944718322,30.35173412381904,29.995242059672876,30.294696807861328,125400
2009-10-20,30.380259160545382,30.380259160545382,29.92394967822665,30.102195739746094,80000
2009-10-21,29.988125314308576,30.44443490230697,29.959605285103756,29.966733932495117,102500
2009-10-22,29.973857637003817,30.337478397038126,29.759962912288398,30.2733097076416,37500
2009-10-23,30.344614536037195,30.344614536037195,29.731447567526427,29.752836227416992,29800
2009-10-26,29.838393315069354,30.16636817604795,29.367823763026333,29.424863815307617,143700
2009-10-27,29.538933718039786,29.538933718039786,29.23235031423186,29.282258987426758,99300
2009-10-28,29.03985252512214,29.089761212510926,28.355388195373525,28.43381690979004,726600
2009-10-29,28.811689554575775,29.32503901580183,28.704740843547444,29.282258987426758,97500
2009-10-30,28.989945659972108,29.13967173154989,28.241312582263554,28.269832611083984,124500
2009-11-02,28.55501422240676,28.87585762891398,28.21991352656024,28.583534240722656,75000
2009-11-03,28.355391215654407,28.63345470924406,28.205665137539942,28.547897338867188,46500
2009-11-04,28.82596005259357,29.18958090672262,28.82596005259357,28.925777435302734,936700
2009-11-05,28.982807749999875,29.374948501586914,28.982807749999875,29.374948501586914,40300
2009-11-06,29.275144466463534,29.4890392718955,29.15393568749941,29.43199920654297,46000
2009-11-09,29.94533125156434,30.230525970458984,29.84551391589674,30.230525970458984,87000
2009-11-10,30.066546953205506,30.18775569983267,29.838392192304212,30.144975662231445,73800
2009-11-11,30.316090625697672,30.515725345285237,30.123584551887205,30.26618194580078,723200
2009-11-12,30.002378659765633,30.273310717527643,29.781352562289076,29.85978126525879,80100
2009-11-13,29.959592690346163,30.23052741425394,29.795606671086297,30.15922737121582,181200
2009-11-16,30.501471572639527,30.800926433090012,30.430174221009214,30.658329010009766,122200
2009-11-17,30.51573482387451,30.579903535076312,30.26619134687856,30.57277488708496,78400
2009-11-18,30.579892439932795,30.594152450561523,30.337477698882278,30.594152450561523,117700
2009-11-19,30.187757127649565,30.187757127649565,29.738576230958895,29.95960235595703,50700
2009-11-20,29.852649899632954,29.902558579737487,29.68153520208001,29.85978126525879,149200
2009-11-23,30.18775137204688,30.544243474825034,30.18775137204688,30.323217391967773,222700
2009-11-24,30.330348269421865,30.330348269421865,29.909687486114944,30.19487953186035,295100
2009-11-25,30.437297035679563,30.50146572777833,30.287570994055475,30.49433708190918,30600
2009-11-27,29.303660299624095,29.952476051236953,29.289403003825903,29.767101287841797,61000
2009-11-30,29.838393469515335,29.966730867993114,29.595978685703905,29.795616149902344,442400
2009-12-01,30.202018209033824,30.529990364964036,30.202018209033824,30.437301635742188,136100
2009-12-02,30.52286530718808,30.722500082999783,30.423045199462397,30.57990264892578,710600
2009-12-03,30.672581063179766,30.822307094633555,30.301828947328303,30.33034896850586,532300
2009-12-04,30.82944384650052,30.836572493130998,30.194885503612078,30.4658203125,53800
2009-12-07,30.294700301943376,30.52285503172598,30.244788904973195,30.33034896850586,70100
2009-12-08,30.12358154015724,30.12358154015724,29.759960805860224,29.902555465698242,116700
2009-12-09,29.759965920348304,29.923951983199373,29.624497162474484,29.81700325012207,1097800
2009-12-10,30.116449561322607,30.137838213966912,29.931072172343647,30.0308895111084,75700
2009-12-11,30.045155694546725,30.194881733466488,29.995247014906806,30.102195739746094,152700
2009-12-14,30.40165721863741,30.40165721863741,30.15211374327191,30.30183982849121,72900
2009-12-15,30.06655018643045,30.244796282541095,30.016641497105034,30.05942153930664,229900
2009-12-16,30.209140667698982,30.430166755237558,30.209140667698982,30.251920700073242,230800
2009-12-17,29.80988133469601,29.94534740333786,29.702932577470424,29.767101287841797,86900
2009-12-18,29.97384781954628,29.988107825832532,29.546055790412936,29.845510482788086,100500
2009-12-21,30.01663589477539,30.10932460900291,29.874041220356524,30.01663589477539,120900
2009-12-22,30.267844549954628,30.267844549954628,30.038162277259982,30.203248977661133,527700
2009-12-23,30.42575590903262,30.42575590903262,30.145830775629275,30.375513076782227,176600
2009-12-24,30.31090952742346,30.554947272536253,30.31090952742346,30.497528076171875,87700
2009-12-28,30.727210337686444,30.727210337686444,30.425750658180743,30.497528076171875,448300
2009-12-29,30.784641031854814,30.784641031854814,30.476004864291255,30.583669662475586,1461600
2009-12-30,30.468826537617062,30.468826537617062,30.332450770246407,30.40422821044922,378600
2009-12-31,30.49752739074795,30.547770213198287,30.310908846193733,30.353975296020508,582200
2010-01-04,30.942546258423587,31.05738742311383,30.748751279628298,30.97843360900879,365600
2010-01-05,31.10762359610007,31.236820220947266,30.92100777022565,31.236820220947266,171200
2010-01-06,31.09327555920721,31.265538679609126,31.06456458280199,31.22964859008789,346600
2010-01-07,31.165046731110095,31.19375770426229,30.921011673403758,31.078916549682617,113400
2010-01-08,31.25117893981101,31.36602009177881,31.0573839824849,31.2727108001709,275100
2010-01-11,31.42344528318276,31.495222728100433,31.308604109344046,31.47368812561035,118100
2010-01-12,31.25835602484017,31.25835602484017,30.99278636825514,31.078916549682617,171500
2010-01-13,31.12198775032818,31.38755744736834,30.99996746485815,31.33731460571289,211000
2010-01-14,31.35884622325888,31.466511019119395,31.272716029388164,31.401912689208984,56200
2010-01-15,31.366021941611763,31.366021941611763,30.913833681182723,31.093273162841797,48100
2010-01-19,31.007143102547666,31.452152252197266,30.87076734360159,31.452152252197266,203700
2010-01-20,31.05737932181613,31.05737932181613,30.56930381468944,30.770275115966797,136800
2010-01-21,30.669800375731484,30.86359537291567,30.109949986996906,30.18890380859375,243400
2010-01-22,30.131478002628523,30.153009864666302,29.478318386533093,29.492673873901367,74900
2010-01-25,29.837199822934927,29.930509129526822,29.679292186860877,29.808488845825195,277400
2010-01-26,29.650583902961948,29.865910754900508,29.42807793774207,29.62904930114746,72600
2010-01-27,29.4137224492089,29.664939391495118,29.284525790439872,29.62904930114746,241000
2010-01-28,29.82283879263774,29.82283879263774,29.026127123080894,29.126615524291992,677300
2010-01-29,29.205569010576706,29.413719466153395,28.67442967886353,28.746204376220703,625200
2010-02-01,29.004596886285565,29.320409379391293,29.004596886285565,29.277345657348633,172900
2010-02-02,29.571634312010826,29.75825021355791,29.327596448123185,29.751073837280273,418700
2010-02-03,29.62904021656808,29.715173121357815,29.428068914782628,29.49984359741211,34300
2010-02-04,29.026127007079662,29.126615407889165,28.430389404296875,28.430389404296875,366800
2010-02-05,28.473451242612366,28.60264786851718,27.770048911591022,28.344257354736328,181300
2010-02-08,28.3370795716801,28.55240637893939,28.093041793311862,28.128929138183594,404700
2010-02-09,28.652898493713653,28.968713770990068,28.329909579087534,28.703144073486328,175800
2010-02-10,28.760551673579055,28.760551673579055,28.40167281292743,28.695953369140625,88400
2010-02-11,28.55241188353498,28.975889205932617,28.43039433984165,28.975889205932617,124400
2010-02-12,28.674437369460005,28.839521408081055,28.45193136712906,28.839521408081055,109700
2010-02-16,28.918469411436835,29.442432403564453,28.918469411436835,29.442432403564453,87300
2010-02-17,29.557272395008987,29.557272395008987,29.36347742128979,29.514205932617188,88000
2010-02-18,29.463961986770745,29.664936065673828,29.44960649984701,29.664936065673828,33600
2010-02-19,29.45677297861732,29.636212381160515,29.32039728034658,29.55725860595703,97200
2010-02-22,29.61469263946149,29.74388929311254,29.53574156270084,29.600339889526367,161400
2010-02-23,29.607517346209136,29.607517346209136,29.097909825983276,29.270170211791992,90300
2010-02-24,29.212748758971916,29.485497543318367,29.169682296802712,29.406543731689453,179500
2010-02-25,28.975886148574926,29.234279435048997,28.796446670526727,29.21274757385254,205300
2010-02-26,29.356298496929085,29.492671508948323,29.112260707295846,29.370651245117188,78700
2010-03-01,29.550090579123957,29.77977561950684,29.49267137255,29.779775619506836,2895200
2010-03-02,30.0238212347979,30.0238212347979,29.77978338267607,29.8874454498291,1173500
2010-03-03,30.109951610686476,30.260680148392396,30.009465918882526,30.074064254760742,93500
2010-03-04,30.138658668758385,30.153011418837185,29.87308624580091,29.980751037597656,194200
2010-03-05,30.339631826216717,30.612380640395347,30.19607967464746,30.583669662475586,70400
2010-03-08,30.547776247418824,30.669793772321235,30.454466956709968,30.55495262145996,372900
2010-03-09,30.43293933381583,30.691329905708347,30.36116189326564,30.511890411376953,243900
2010-03-10,30.58367019693831,30.7846415698296,30.53342735371549,30.633913040161133,108800
2010-03-11,30.511873694898508,30.79180145263672,30.49752095268127,30.79180145263672,151900
2010-03-12,31.04301955136501,31.04301955136501,30.755915385158424,30.89946746826172,147700
2010-03-15,30.69851710976598,30.827713798778376,30.56932042075358,30.813358306884766,88300
2010-03-16,30.820524725509447,31.121984481811523,30.820524725509447,31.121984481811523,168100
2010-03-17,31.315778149196436,31.444974791086775,31.22246885493583,31.351665496826172,175200
2010-03-18,31.34448710109649,31.34448710109649,31.09327292391584,31.15787124633789,227500
2010-03-19,30.899467468261715,31.330123717571592,30.834869167766648,30.89946746826172,349000
2010-03-22,30.590839457029773,31.100449622371283,30.490353793957325,31.021495819091797,264400
2010-03-23,31.129171444044914,31.22248077392578,30.985619260696694,31.22248077392578,484100
2010-03-24,31.00714600714862,31.00714600714862,30.798995530964433,30.84206199645996,108300
2010-03-25,31.064566011814787,31.215297275861335,30.813351801786432,30.827707290649414,825200
2010-03-26,31.09327016206873,31.20093493588526,30.870764240594742,30.99278450012207,184100
2010-03-29,31.028676359719764,31.330136127447805,31.028676359719764,31.315780639648438,184600
2010-03-30,31.301422662538716,31.444974791086775,31.24400071590785,31.351665496826172,175100
2010-03-31,31.294246917984935,31.380379847200597,31.136342023815043,31.22964859008789,50000
2010-04-01,31.660308054123764,31.67466354370117,31.473689427647138,31.674663543701172,516600
2010-04-05,31.8828067779541,31.91869686582486,31.667479940875975,31.8828067779541,33600
2010-04-06,31.660301583239285,31.961758588662594,31.588524150022465,31.95458221435547,612600
2010-04-07,31.739249053723448,31.88279841543788,31.588517843077582,31.72489356994629,129700
2010-04-08,31.58134538248685,31.825383160872676,31.401905920086357,31.818206787109375,201800
2010-04-09,31.961762695589314,32.09813846721032,31.86127701420297,32.069427490234375,150100
2010-04-12,32.19861610859907,32.19861610859907,32.03353213925306,32.12683868408203,127100
2010-04-13,32.15555557372287,32.15555557372287,31.897162273948933,32.04789352416992,615100
2010-04-14,32.34217156776322,32.50725555419922,32.20579581607722,32.50725555419922,229400
2010-04-15,32.39959413533922,32.52161441328998,32.299108458220566,32.38523864746094,164500
2010-04-16,32.34217843707888,32.34217843707888,31.667484123614628,31.82539176940918,747400
2010-04-19,31.545462107031057,31.832563641091088,31.473684669994103,31.76796531677246,261400
2010-04-20,32.062240371031095,32.14837328045154,31.98328931110553,32.12683868408203,461900
2010-04-21,32.09813321067486,32.09813321067486,31.803852589937808,31.94022560119629,49100
2010-04-22,31.7033739883135,32.01918930490731,31.473691615170658,31.96894645690918,413900
2010-04-23,31.889984264047776,32.248863220214844,31.7607876207853,32.248863220214844,147800
2010-04-26,32.29910982998301,32.29910982998301,32.0550720017464,32.069427490234375,178800
2010-04-27,31.868453793490755,31.94022849264454,31.02149920093559,31.165048599243164,273800
2010-04-28,31.358845245881977,31.366024358997986,30.921015176834707,31.22964859008789,682100
2010-04-29,31.437808720293557,31.760800459008163,31.437808720293557,31.681846618652344,213100
2010-04-30,31.803854470558388,31.803854470558388,31.15787124633789,31.15787124633789,135400
2010-05-03,31.42344216118757,31.581349786288385,31.258358161322757,31.53110694885254,143100
2010-05-04,30.964082379101534,30.964082379101534,30.31092265172797,30.4903621673584,431000
2010-05-05,29.887444666123063,30.282211044725447,29.80131446705319,29.90180015563965,667600
2010-05-06,29.85872867872822,30.69132776482653,27.561905501925434,28.925643920898438,873900
2010-05-07,29.227108051600638,29.2988827598648,28.107404531684224,28.530881881713867,625800
2010-05-10,30.246312568414222,30.310910878471315,29.873078192309745,30.109939575195312,562300
2010-05-11,29.51421015278073,30.30374564801516,29.51421015278073,29.90180015563965,237800
2010-05-12,29.87307618938785,30.353975296020508,29.87307618938785,30.353975296020508,158800
2010-05-13,30.361165840196342,30.36834495419934,30.00228680487953,30.074064254760742,771700
2010-05-14,29.69364605499173,30.08123601073336,29.15532758469369,29.392189025878906,176800
2010-05-17,29.399364618979956,29.557272242237783,28.825158813536845,29.406543731689453,200500
2010-05-18,29.58598128274685,29.68646694987619,28.782090469653955,28.889755249023438,340600
2010-05-19,28.70313753885342,28.990239035162066,28.408856930770437,28.80362319946289,242800
2010-05-20,28.17199973924479,28.17199973924479,27.518840109588567,27.62650489807129,197800
2010-05-21,28.09305106440877,28.20071587258375,27.21738532280637,28.19353675842285,401800
2010-05-24,28.416043373878427,28.416043373878427,27.7126407623291,27.7126407623291,84200
2010-05-25,27.023586433761576,27.719809745298665,26.801080495748366,27.648035049438477,181700
2010-05-26,27.913606230501138,28.085869343191355,27.368111393369144,27.43988609313965,441900
2010-05-27,28.258126732862852,28.638540267944336,28.093042750405566,28.638540267944336,668600
2010-05-28,28.49498842910583,28.595474094381643,28.143285862611474,28.236595153808594,259300
2010-06-01,28.121749650057566,28.502160392021086,27.81311358988877,27.849000930786133,137500
2010-06-02,27.935134010224285,28.71031379699707,27.892070291867277,28.71031379699707,1481300
2010-06-03,28.92564060286877,28.92564060286877,28.416033190099007,28.71031379699707,168900
2010-06-04,28.39450025183513,28.39450025183513,27.468592009942633,27.583433151245117,101500
2010-06-07,27.82747248026804,27.82747248026804,27.20302391052246,27.20302391052246,103300
2010-06-08,27.4542378456834,27.619321823120117,27.059471574593083,27.619321823120117,463600
2010-06-09,27.920785297530134,28.049981947328707,27.368111348509416,27.526016235351562,351900
2010-06-10,27.94949117429768,28.45910135570288,27.94949117429768,28.43756675720215,126500
2010-06-11,28.17917267149778,28.53805160522461,28.128929839818344,28.53805160522461,1499100
2010-06-14,28.8753986790971,28.968707968514188,28.53805160522461,28.53805160522461,194400
2010-06-15,28.839510103362546,29.32758565145756,28.817978244426513,29.28451919555664,1546900
2010-06-16,29.047663346357353,29.471140620627985,28.96153042621378,29.277345657348633,883900
2010-06-17,29.485497439263277,29.485497439263277,29.026130058500648,29.313234329223633,176300
2010-06-18,29.39219049493351,29.39219049493351,29.227106484354547,29.270170211791992,60700
2010-06-21,29.643399019042363,29.80130662413808,29.219921772854804,29.363473892211914,123600
2010-06-22,29.291704472958983,29.456788481618478,28.904114502351767,28.975889205932617,514300
2010-06-23,29.064244546877422,29.07872992390261,28.658662278581666,28.91939353942871,753300
2010-06-24,28.839730150376514,28.839730150376514,28.390694439022592,28.448633193969727,221500
2010-06-25,28.593491482493807,28.716615857561006,28.289306725511906,28.636947631835938,316800
2010-06-28,28.702125238958303,28.7166106194301,28.37621108535242,28.397937774658203,101600
2010-06-29,27.89095103755974,27.956133846144755,27.340520580577415,27.49985694885254,1763500
2010-06-30,27.499863181636627,27.717138338563988,27.21016113053113,27.231887817382812,63600
2010-07-01,27.260858301422694,27.470892148225783,26.877005435943833,27.398468017578125,2515700
2010-07-02,27.57228723362304,27.594013920412166,27.137736921019506,27.28982925415039,165100
2010-07-06,27.970623741143285,28.06477731604657,27.434678573116393,27.637468338012695,95200
2010-07-07,27.594008760193635,28.463111985677536,27.594008760193635,28.41241455078125,173000
2010-07-08,28.68039321814745,28.71660804748535,28.36896447290585,28.71660804748535,92500
2010-07-09,28.557278749585894,28.897678337929367,28.557278749585894,28.89043426513672,129200
2010-07-12,28.796262841392224,28.883175084303303,28.6007172018487,28.74556541442871,241400
2010-07-13,29.08596974760783,29.310488935842848,29.04251361874856,29.194608688354492,273100
2010-07-14,29.201863976127058,29.35395635574751,29.049771596506606,29.303258895874023,145600
2010-07-15,29.332218170166016,29.39740098772296,28.948365334999163,29.332218170166016,265800
2010-07-16,29.136672444167232,29.136672444167232,28.448632141745264,28.521059036254883,117900
2010-07-19,28.73832425120026,28.7962629839586,28.426895619566785,28.702112197875977,95100
2010-07-20,28.354475600776837,28.9918155670166,28.318260779428897,28.9918155670166,746300
2010-07-21,29.107690035276963,29.107690035276963,28.42689407621346,28.492076873779297,458700
2010-07-22,29.100456766498993,29.41188546722843,28.970091135365593,29.324975967407227,681500
2010-07-23,29.332220541864665,29.60019314113129,29.180128209535244,29.549495697021484,76900
2010-07-26,29.607441344175612,29.875413980842936,29.484316989293514,29.817472457885742,394100
2010-07-27,30.114415627775603,30.114415627775603,29.745045362620225,29.889896392822266,85000
2010-07-28,29.87539903249895,29.8898844059904,29.658123955732183,29.672609329223633,154000
2010-07-29,30.12165233345975,30.12165233345975,29.506039002670818,29.766767501831055,143300
2010-07-30,29.498796862234627,29.875408402726613,29.375675293144763,29.77401351928711,353300
2010-08-02,30.273745811316335,30.614145278930664,30.128894797684495,30.614145278930664,298900
2010-08-03,30.469287738785628,30.585167972308927,30.273739326689554,30.5489559173584,188400
2010-08-04,30.50551401229469,30.599667609293014,30.33169496239438,30.592426300048828,117100
2010-08-05,30.29547169741153,30.541714799991123,30.29547169741153,30.512746810913086,159900
2010-08-06,30.309962937188278,30.476543426513672,30.12889983060339,30.476543426513672,148800
2010-08-09,30.5489624609365,30.6503573416378,30.418596824948175,30.614145278930664,489400
2010-08-10,30.32444831725152,30.476543426513672,30.049234384461194,30.476543426513672,184500
2010-08-11,29.68709630234254,29.68709630234254,29.288755416870117,29.288755416870117,276000
2010-08-12,28.948365596122414,29.310491749637865,28.948365596122414,29.201852798461914,166600
2010-08-13,29.22357187795717,29.339452106411425,29.143906465671964,29.172874450683594,113800
2010-08-16,29.107698073649434,29.397400090124364,28.98457651246966,29.324975967407227,103700
2010-08-17,29.571224912231433,29.846438817274812,29.491556711317596,29.650890350341797,123700
2010-08-18,29.629165449774447,29.817469857354595,29.513285176770438,29.701589584350586,74400
2010-08-19,29.64364711030693,29.65088841773463,29.06424581797567,29.230823516845703,97900
2010-08-20,29.0859691294759,29.0859691294759,28.81075251148879,28.9918155670166,81200
2010-08-23,29.136665005461452,29.194606506276454,28.846965789794922,28.846965789794922,329800
2010-08-24,28.477596389464175,28.658659440141236,28.289292032393305,28.426898956298828,229700
2010-08-25,28.318260020771433,28.455869707479856,28.064772854944703,28.426898956298828,886800
2010-08-26,28.615207382270743,28.72384633324591,28.2965373623753,28.32550811767578,153100
2010-08-27,28.57175474007512,28.919395524128248,28.245840641649266,28.897668838500977,90200
2010-08-30,28.789035659696367,28.810762349681905,28.426909424983204,28.441394805908203,455600
2010-08-31,28.434145791850273,28.67315039136499,28.289297533384495,28.49932861328125,148400
2010-09-01,29.04251514754824,29.411885355288128,29.00630308632749,29.375673294067383,158800
2010-09-02,29.448099495206396,29.71607208251953,29.361189989581153,29.71607208251953,681600
2010-09-03,29.984050711854653,30.063716155755138,29.8102289187907,29.976806640625,66500
2010-09-07,29.92610816044245,29.92610816044245,29.585708657291836,29.592952728271484,110600
2010-09-08,29.701588414003623,29.98404915844936,29.68710579790197,29.8247127532959,56500
2010-09-09,30.2302888379249,30.2302888379249,29.918860162717976,30.027496337890625,116300
2010-09-10,30.027502875047446,30.15786852387833,30.005776187843484,30.09268569946289,112100
2010-09-13,30.483772004514787,30.614137607836938,30.433074576867572,30.60689353942871,256100
2010-09-14,30.483786102044608,30.845912331452215,30.42584457919353,30.70830535888672,140100
2010-09-15,30.570694531135935,30.79521377995531,30.425843491988076,30.773487091064453,81900
2010-09-16,30.66484921674841,30.70830535888672,30.534483553137363,30.70830535888672,63400
2010-09-17,30.83866452540927,30.83866452540927,30.541718427563904,30.585174560546875,73500
2010-09-20,30.81694062227009,31.17906684054072,30.672089582401078,31.12112808227539,522800
2010-09-21,31.244250900246264,31.25873628108375,30.86763928688334,31.0052490234375,343400
2010-09-22,31.084914642864486,31.17182692836199,30.816942002923632,30.925580978393555,755000
2010-09-23,30.802444816172613,30.947295807013315,30.599655086677345,30.657596588134766,83000
2010-09-24,31.23700585095414,31.381856879180837,31.05594275637166,31.37461280822754,57400
2010-09-27,31.41082315776074,31.425308536072038,31.222518765320693,31.265972137451172,220000
2010-09-28,31.20079289437695,31.396338599679574,30.976273668891377,31.33115577697754,446900
2010-09-29,31.3746099658034,31.49773429562273,31.237003020996685,31.360124588012695,155600
2010-09-30,31.439784295082834,31.671544751547465,31.128355663683006,31.294933319091797,379200
2010-10-01,31.541176712927943,31.606359508948508,31.352872392647615,31.577388763427734,154000
2010-10-04,31.51946121122362,31.51946121122362,31.09939354063366,31.258729934692383,186800
2010-10-05,31.51945587693146,32.004703521728516,31.51945587693146,32.004703521728516,538500
2010-10-06,32.040926635937765,32.17128952308376,31.97574381096298,32.14956283569336,670500
2010-10-07,32.3306243254164,32.3306243254164,31.867103265422447,31.990224838256836,334900
2010-10-08,32.077142259704964,32.32338820771667,31.99022997489809,32.25096130371094,77800
2010-10-11,32.316135558006806,32.35959168887537,32.1712845512481,32.272682189941406,85400
2010-10-12,32.09885852538443,32.29440695848962,31.86709803343821,32.23646545410156,131900
2010-10-13,32.58412157618616,32.75794063107262,32.432026449655424,32.63481903076172,309700
2010-10-14,32.576865970385626,32.757929033424325,32.47547109713245,32.68550491333008,165000
2010-10-15,32.93175384430214,32.93175384430214,32.410291290283205,32.59135437011719,116000
2010-10-18,32.57686973295582,32.73620613092993,32.46098946973921,32.67826461791992,1369100
2010-10-19,32.05541627492543,32.30890632216275,31.859870519965124,32.011962890625,172900
2010-10-20,32.17853573969254,32.569632715618944,32.10611160169303,32.47547912597656,159000
2010-10-21,32.63480983186645,32.72171933481217,32.185771413906416,32.446502685546875,81500
2010-10-22,32.46098220240344,32.52616500854492,32.410284771271485,32.52616500854492,62700
2010-10-25,32.85933554022373,32.89554761309141,32.59136288563807,32.63481903076172,159400
2010-10-26,32.41753469052184,32.57687109515861,32.31613980131791,32.5189323425293,224900
2010-10-27,32.30165100097656,32.316136378300435,32.019193050169065,32.30165100097656,107500
2010-10-28,32.591348934080195,32.591348934080195,32.30889101869996,32.46822738647461,167600
2010-10-29,32.43925663546052,32.51168075019287,32.40304457809433,32.46822738647461,54600
2010-11-01,32.64929795000685,32.75793414710688,32.3306251411183,32.511688232421875,176600
2010-11-02,32.83034892654741,32.91725840471758,32.76516612721916,32.82310485839844,266900
2010-11-03,32.85932228297465,33.047629406399665,32.555137678246034,33.004173278808594,241300
2010-11-04,33.438731469036945,33.750160217285156,33.35182195595481,33.750160217285156,880200
2010-11-05,33.69945623221651,33.82258055109576,33.5473639231331,33.68497085571289,286300
2010-11-08,33.61979126235817,33.61979126235817,33.40251611960321,33.55461120605469,790200
2010-11-09,33.85154831651734,33.85154831651734,33.11281075684874,33.279388427734375,307700
2010-11-10,33.46770119419703,33.46770119419703,33.040392187433234,33.36630630493164,345300
2010-11-11,33.14903146163034,33.2866384179653,33.00418043439148,33.20697021484375,190700
2010-11-12,33.091093641067275,33.19249130542056,32.69275534377858,32.8665771484375,253300
2010-11-15,33.06211992461137,33.105573296158056,32.82311532989113,32.83760070800781,218800
2010-11-16,32.56238363440275,32.576869012334825,32.01919439456496,32.14231872558594,449000
2010-11-17,32.265434370530144,32.38131460991016,32.149554131150126,32.21473693847656,285800
2010-11-18,32.786904004806324,32.967967091139826,32.743447869477045,32.92451095581055,89000
2010-11-19,32.80863061447028,32.982452392578125,32.598596771740965,32.982452392578125,167900
2010-11-22,32.61308628640233,32.873817605230414,32.41753779728127,32.83036422729492,138100
2010-11-23,32.287171776496315,32.30889846336174,31.925045593787136,32.0554084777832,342200
2010-11-24,32.26545186661704,32.5334245474672,32.26545186661704,32.48997116088867,545200
2010-11-26,32.14956372815265,32.301656069714646,32.01195676618755,32.19301986694336,498300
2010-11-29,32.0047188180388,32.12059911418026,31.671563311982634,32.011962890625,337300
2010-11-30,31.664312094157353,32.236469323245394,31.519461078604646,31.75846290588379,459100
2010-12-01,32.28717068589984,32.62756740744216,32.28717068589984,32.57686996459961,243000
2010-12-02,32.634815012483635,33.141789495816155,32.6130855611953,33.13454818725586,268400
2010-12-03,33.08385702497503,33.322858932128206,33.01867418433249,33.30837631225586,240800
2010-12-06,33.18523960315408,33.322846543215235,33.10557140945433,33.25766372680664,115800
2010-12-07,33.656007808022636,33.67773449456718,33.17075729370117,33.17075729370117,482200
2010-12-08,33.21421234004708,33.330092602489145,33.04039056498228,33.235939025878906,139600
2010-12-09,33.48943451125053,33.48943451125053,33.18524704552335,33.37355422973633,269200
2010-12-10,33.33733162390359,33.51115338704775,33.286634185237205,33.41699981689453,163200
2010-12-13,33.72842233972034,33.851546641641356,33.598056731946414,33.65599822998047,334400
2010-12-14,33.764638112949804,33.89500373508035,33.64875786692298,33.70669937133789,725400
2010-12-15,33.48219605785654,33.67774458375032,33.330103680873925,33.38804244995117,173000
2010-12-16,33.293883676040515,33.57634166968604,33.293883676040515,33.54737091064453,350200
2010-12-17,33.53287962452285,33.619789123535156,33.402513994602806,33.619789123535156,1282300
2010-12-20,33.50391278898888,33.72843201406577,33.40976197188225,33.569095611572266,428600
2010-12-21,33.845522634111305,33.90402963184577,33.76507690711,33.86014938354492,488400
2010-12-22,33.91134904691994,33.94791453363756,33.816279339407686,33.92597579956055,1908100
2010-12-23,33.93329559203302,33.99911459377141,33.77971606146463,33.911354064941406,1932800
2010-12-27,33.82360314691127,33.9406144191801,33.73584539015184,33.904048919677734,921600
2010-12-28,33.86748518593157,33.962554931640625,33.86748518593157,33.962554931640625,249800
2010-12-29,34.13073811635529,34.2038718653291,34.042980407353994,34.08686065673828,500500
2010-12-30,34.145374710254536,34.145374710254536,33.962544469761006,34.123435974121094,451900
2010-12-31,34.17463963189374,34.25508541094099,34.05762835048928,34.23314666748047,307000
2011-01-03,34.48910140991211,34.64267816444561,34.474474653799135,34.48910140991211,522000
2011-01-04,34.64999073222991,34.64999073222991,34.21851121854661,34.45253372192383,168500
2011-01-05,34.24044995643563,34.47447245981285,34.14537744263605,34.45253372192383,346800
2011-01-06,34.48910797374991,34.48910797374991,34.12344737063985,34.23314666748047,1656300
2011-01-07,34.29164067175563,34.29164067175563,33.838222440452384,34.10881042480469,165400
2011-01-10,33.88209652041983,34.050299982144715,33.74314377264491,34.028358459472656,158000
2011-01-11,34.21119250114697,34.2185072727787,34.00642353174608,34.1380615234375,378900
2011-01-12,34.47447478146349,34.71581207356854,34.42328252976275,34.693870544433594,329700
2011-01-13,34.85476249008591,34.88401600277066,34.66462023717206,34.671932220458984,1421000
2011-01-14,34.576843717814825,34.9351921081543,34.576843717814825,34.9351921081543,1684600
2011-01-18,34.96445983073992,35.052217574163876,34.8840140701978,35.04490280151367,637500
2011-01-19,35.10340220459822,35.1180289569556,34.65729602188528,34.77430725097656,850500
2011-01-20,34.63536516621244,34.63536516621244,34.27701662636793,34.547607421875,536400
2011-01-21,34.66461543140077,34.78162667614926,34.554916168925494,34.62073516845703,209600
2011-01-24,34.59148440345895,34.86938717794159,34.5476069268032,34.84013366699219,558900
2011-01-25,34.71580782978739,34.825504302978516,34.547604339079804,34.825504302978516,161500
2011-01-26,35.030280080887465,35.088784315326826,34.86207378117419,34.979087829589844,510600
2011-01-27,35.052221997504965,35.132667768198765,34.905957213495206,35.06684875488281,559000
2011-01-28,35.02296308047322,35.02296308047322,34.23313783228067,34.247764587402344,443000
2011-01-31,34.38671688035792,34.642678137716274,34.38671688035792,34.59880065917969,471200
2011-02-01,34.847454463709376,35.344753076744084,34.847454463709376,35.300872802734375,355000
2011-02-02,35.22772979736328,35.34474383077903,35.16191358821908,35.22772979736328,138000
2011-02-03,35.16923296139972,35.31549774413953,34.93521042492352,35.293556213378906,437000
2011-02-04,35.31549555076026,35.31549555076026,35.096099785161165,35.256988525390625,285100
2011-02-07,35.235050737397636,35.52758029260948,35.235050737397636,35.41788101196289,218300
2011-02-08,35.308175482145906,35.60801696777344,35.30086349995562,35.60801696777344,1043400
2011-02-09,35.54951096228534,35.55682294410978,35.28623498031802,35.43981170654297,1269200
2011-02-10,34.876696264295354,35.33011727704959,34.876696264295354,35.271610260009766,389300
2011-02-11,35.17654449606836,35.49101279852531,35.03028250496446,35.425193786621094,110100
2011-02-14,35.43249852136317,35.52025624911587,35.38861826260289,35.454437255859375,486400
2011-02-15,35.483709060960955,35.52758934235069,35.35207100656107,35.4471435546875,523000
2011-02-16,35.491004515774755,35.768907255599885,35.491004515774755,35.73234176635742,203000
2011-02-17,35.732344539384556,35.900548034767816,35.64458680043856,35.842041015625,333100
2011-02-18,35.907870407819864,36.03219646459006,35.83473940249789,36.010257720947266,153000
2011-02-22,35.36668584368214,35.61533510819034,34.971771813621764,35.04490280151367,912600
2011-02-23,35.13997454347807,35.20579354703818,34.71580980146601,34.92789077758789,189900
2011-02-24,35.03027746801637,35.09609647045658,34.68655570085439,34.96445846557617,145200
2011-02-25,35.22042059906212,35.42518959418889,35.139974839614226,35.395938873291016,790400
2011-02-28,35.5495087281193,35.78353118854541,35.54219395698661,35.673831939697266,731100
2011-03-01,35.856667118718754,35.893235399902494,35.17653837727005,35.18385314941406,287100
2011-03-02,35.29355059886814,35.50563436061405,35.02296260719439,35.34474563598633,715900
2011-03-03,35.60070890883262,35.94443069478481,35.564143414315424,35.922489166259766,285300
2011-03-04,35.900545256979164,35.900545256979164,35.432500299124314,35.622642517089844,392600
2011-03-07,35.86398167330199,35.86398167330199,35.13997267268573,35.249671936035156,484300
2011-03-08,35.23504849323191,35.60070901907303,35.118037236553484,35.54220199584961,281700
2011-03-09,35.54951900143298,35.58608449836001,35.37400071050717,35.52758026123047,240300
2011-03-10,35.015652580195976,35.015652580195976,34.68655755044661,34.752376556396484,287100
2011-03-11,34.58416286598359,34.979076785391996,34.554909363116096,34.84743881225586,270500
2011-03-14,34.29163779126475,34.554913771121875,34.19656528970124,34.540287017822266,316800
2011-03-15,33.11421639384413,34.13075221135778,33.09227765497557,33.99180221557617,811000
2011-03-16,33.90403631360363,33.90403631360363,32.83630850242806,33.15808868408203,793400
2011-03-17,33.88942144478646,34.006432714579205,33.50913412051784,33.677337646484375,731900
2011-03-18,34.079562349756884,34.23314190190784,33.933300360689095,34.07225036621094,552400
2011-03-21,34.489104958849964,34.72312750120157,34.372093687674166,34.66462326049805,356100
2011-03-22,34.62073454451499,34.745057769296125,34.57685428236207,34.708492279052734,588400
2011-03-23,34.61342016152768,34.88400811828201,34.4013364271512,34.73774337768555,379000
2011-03-24,34.95713146020171,35.19115387814605,34.752362541942226,35.11802291870117,488100
2011-03-25,35.11802229327771,35.18384127151283,34.913253378665,34.9351921081543,555100
2011-03-28,35.030277902101425,35.13997438101559,34.81819413719177,34.832820892333984,311000
2011-03-29,34.81818152134952,35.11802291870117,34.70117031237736,35.11802291870117,91600
2011-03-30,35.410560607910156,35.51294788879124,35.27892539774221,35.410560607910156,1016800
2011-03-31,35.46906080198251,35.46906080198251,35.27891861074798,35.366676330566406,987900
2011-04-01,35.45443404143563,35.7689022262872,35.447122060522446,35.637264251708984,1044000
2011-04-04,35.76891186678531,35.834730871814074,35.66652736780021,35.73965835571289,1461400
2011-04-05,35.629955670897296,35.87129012080906,35.55682190594836,35.76890563964844,351000
2011-04-06,36.00293251173459,36.11994376019751,35.84204099893499,35.95174026489258,77300
2011-04-07,35.937120802583024,36.002939817560126,35.68847150042163,35.81279754638672,190000
2011-04-08,36.054122352138606,36.200387100396846,35.76159564539016,35.87129211425781,287100
2011-04-11,35.87860692665135,36.03218365710071,35.6372696732869,35.71040344238281,444800
2011-04-12,35.59339309586707,35.59339309586707,35.256986092510715,35.395938873291016,142300
2011-04-13,35.68115440254688,35.739658635381154,35.33743261917719,35.5129508972168,523100
2011-04-14,35.25699360079887,35.56414994866901,35.249681616459334,35.55683517456055,514000
2011-04-15,35.52757081378189,35.61532854102407,35.381306075199696,35.52025604248047,80500
2011-04-18,35.1034056211013,35.12534435688872,34.613421923395414,35.015647888183594,167400
2011-04-19,35.235046961915465,35.322804703168224,35.110720937853124,35.30817794799805,559400
2011-04-20,35.84935237743651,35.980990368216474,35.84203760585543,35.9297981262207,308700
2011-04-21,36.236963410392335,36.236963410392335,36.03950635974815,36.17845916748047,90500
2011-04-25,36.178457579144045,36.20039632055171,35.95905900599237,36.105323791503906,189800
2011-04-26,36.23695449732352,36.50023050009207,36.16382351422922,36.46366500854492,787300
2011-04-27,36.59530870540853,36.87320871623213,36.37591293221199,36.83664321899414,1042300
2011-04-28,36.741557083525805,36.990206259428795,36.72693033320594,36.96095275878906,807300
2011-04-29,37.0194750106628,37.12917429663686,36.924405271905265,37.0706672668457,217000
2011-05-02,37.282742393432756,37.29005716533964,36.95364740182492,37.019466400146484,211100
2011-05-03,36.87321178480695,36.946345575137705,36.55143147665816,36.719635009765625,213200
2011-05-04,36.73426170750237,36.73426170750237,36.25890462509295,36.40516662597656,418000
2011-05-05,36.127252898664,36.23694935774692,35.74696570302074,35.89323043823242,456000
2011-05-06,36.35396604011542,36.492918814801335,35.83472880252121,36.01755905151367,387800
2011-05-09,36.090689592019885,36.32471208467504,35.907859345272534,36.25889587402344,309000
2011-05-10,36.35397391064407,36.54411897303227,36.288154895166436,36.53680419921875,423600
2011-05-11,36.32472327564699,36.39054229634438,35.8274274178733,36.010257720947266,516800
2011-05-12,35.80547306770747,36.222325786320006,35.651896337643485,36.14188003540039,156400
2011-05-13,36.098016722195794,36.1492089856291,35.447141267313086,35.57146453857422,559000
2011-05-16,35.55682294410978,35.84203766131839,35.34474199398541,35.43981170654297,350800
2011-05-17,35.37400071050717,35.542204228186414,35.16923169590089,35.52758026123047,157600
2011-05-18,35.56413766692924,35.87860589054028,35.4910038999453,35.820098876953125,229000
2011-05-19,35.856674946327104,35.988312975974644,35.70309817499458,35.97368621826172,229500
2011-05-20,35.76159690584866,35.81278915107817,35.45444064470348,35.58607864379883,130500
2011-05-23,35.03759004677752,35.04490202949828,34.80356754295673,34.92789077758789,124400
2011-05-24,35.198488414587956,35.23505391484471,34.98640460742238,35.0302848815918,163000
2011-05-25,34.9864011418525,35.30086943449495,34.927894115422006,35.16923141479492,238000
2011-05-26,35.23505070627699,35.542204228186414,35.110724669002764,35.52758026123047,451300
2011-05-27,35.556823922165414,35.827414683168236,35.556823922165414,35.71040344238281,358700
2011-05-31,36.2735268273636,36.34666061401367,35.95905851919003,36.34666061401367,1034000
2011-06-01,36.22964518548912,36.22964518548912,35.47638261320594,35.5129508972168,535700
2011-06-02,35.67382973581013,35.681144506490924,35.308169315263434,35.637264251708984,1343800
2011-06-03,35.20578923140935,35.651895446435304,35.198477249584904,35.43981170654297,217300
2011-06-06,35.28624133737555,35.36668710077708,34.95714630062768,34.979087829589844,231800
2011-06-07,35.322809387589814,35.40325515681015,35.125352351258634,35.154605865478516,190400
2011-06-08,35.05222169419797,35.05222169419797,34.75238014496842,34.818199157714844,622200
2011-06-09,34.87669010801753,35.30085753737971,34.84012462370608,35.191158294677734,648400
2011-06-10,34.90594869825337,34.94982895968241,34.40865022779647,34.52566146850586,568800
2011-06-13,34.63536213617772,34.72311987283778,34.35014739970642,34.55491638183594,148500
2011-06-14,34.854756185731034,35.10340541903995,34.854756185731034,34.97176742553711,340200
2011-06-15,34.4817889053351,34.62073890165455,34.03568261482473,34.196571350097656,463800
2011-06-16,34.04298943110358,34.29163866398923,33.85284721290537,34.11612319946289,232700
2011-06-17,34.52566638324207,34.52566638324207,34.11612837734541,34.196571350097656,595100
2011-06-20,34.17463597072829,34.34283949536681,33.99912046230927,34.32821273803711,616900
2011-06-21,34.576855453243404,34.99370819362376,34.55491671630807,34.913265228271484,217400
2011-06-22,34.8703322549578,35.010940243312525,34.64832305908203,34.64832305908203,453600
2011-06-23,34.15991067074512,34.441123898312576,33.8934984365234,34.411521911621094,205100
2011-06-24,34.58173822362,34.58173822362,34.078515609112664,34.13031768798828,315700
2011-06-27,34.182109330952365,34.51512460991178,34.04150413450315,34.40412139892578,197200
2011-06-28,34.463319559253186,34.833335876464844,34.433717576356145,34.833335876464844,360200
2011-06-29,35.16635202346209,35.31435911872172,34.89254073218213,35.29215621948242,570000
2011-06-30,35.46976327661116,35.74357455228383,35.37355824672603,35.706573486328125,677500
2011-07-01,35.71397966036672,36.21720216166662,35.588175446542216,36.18760299682617,481800
2011-07-05,36.150589804575205,36.202391858476524,35.96558166264187,36.07658767700195,462000
2011-07-06,35.958187136671434,36.039591181119846,35.72877599531687,35.97298812866211,281700
2011-07-07,36.29859924316406,36.39480427366553,36.18759604458582,36.29859924316406,151200
2011-07-08,35.91379320152776,36.02479925790184,35.72138590321414,35.98039627075195,409400
2011-07-11,35.34396989623488,35.417974879688934,34.99615635450596,35.07756042480469,233800
2011-07-12,34.87033701148453,35.24035332941666,34.84813693576875,34.862937927246094,564900
2011-07-13,35.158963897242934,35.60298535706409,35.10716181704738,35.28477096557617,412100
2011-07-14,35.284764711846734,35.4549719198941,34.89254822473765,34.98875045776367,723500
2011-07-15,35.32915567658121,35.32915567658121,34.93693649991837,35.210750579833984,291200
2011-07-18,34.944346530039454,34.944346530039454,34.51512619017326,34.744537353515625,409800
2011-07-19,34.929541800246895,35.31435911872172,34.929541800246895,35.29215621948242,442000
2011-07-20,35.514166115663826,35.53636619055347,35.32175605661897,35.403160095214844,544500
2011-07-21,35.75838466874196,36.0987990792082,35.61777945302793,36.01739501953125,991600
2011-07-22,36.09880062918412,36.12100353377731,35.81759018568171,36.08399963378906,720300
2011-07-25,35.81019603001514,36.03220536300743,35.75099485861805,35.86940002441406,1089300
2011-07-26,36.024796307720116,36.046996387976385,35.80278703615426,35.92119216918945,297500
2011-07-27,35.743582145287064,35.743582145287064,35.07015243903532,35.14415740966797,173400
2011-07-28,35.16635957481374,35.329167696859535,34.91474830574348,34.98875045776367,2530000
2011-07-29,34.788944447595235,35.15896088760498,34.63353822031148,34.89255142211914,296400
2011-08-01,35.34395491653439,35.37355689736991,34.38191312338212,34.581722259521484,1280900
2011-08-02,34.39672702713339,34.50773308544072,33.738098232779926,33.782501220703125,356100
2011-08-03,33.88610216513557,33.88610216513557,33.24227160463802,33.878700256347656,802800
2011-08-04,33.15346450506463,33.168265497873676,31.88061017649478,31.991613388061523,1457500
2011-08-05,32.5392308419265,32.5836309864531,31.13316792325011,32.10261154174805,1991200
2011-08-08,31.155376965576654,31.377389044130133,29.682713406110185,29.882522583007812,1069200
2011-08-09,30.659560607360085,31.52539767004526,29.71231948107178,31.44399642944336,2545300
2011-08-10,30.681755157738007,30.88156432610542,29.941722455488655,29.978723526000977,821100
2011-08-11,30.23033264646387,31.665997795284294,30.09712654352176,31.340381622314453,995100
2011-08-12,31.66600596906196,31.82881127457042,31.26638755708425,31.606801986694336,1083200
2011-08-15,31.93242187563879,32.35424041748047,31.925019965500333,32.35424041748047,340700
2011-08-16,31.917616250174266,32.243229674011694,31.606800998464802,31.85101318359375,881900
2011-08-17,32.1840216871706,32.369029852524996,31.784403372484974,32.05081558227539,761300
2011-08-18,30.962970532455568,31.022171684800128,30.32654191249625,30.600353240966797,679800
2011-08-19,30.259941171038935,30.925971829719636,30.008329902537465,30.015731811523438,825100
2011-08-22,30.837160277186204,30.85936317712341,30.156331569791938,30.178531646728516,986000
2011-08-23,30.467146340710574,31.214580983838037,30.289540065215526,31.192380905151367,667200
2011-08-24,31.01477249118956,31.406988945981933,30.874167284735915,31.318185806274414,1278000
2011-08-25,31.414390305716477,31.517994437399267,30.652154665620067,30.763160705566406,987800
2011-08-26,30.592949499585245,31.26637909014528,30.208132187408015,31.1331729888916,649700
2011-08-29,31.70300442081215,32.050820730911724,31.658601437714005,32.013816833496094,273300
2011-08-30,31.821405793545193,32.19142213998176,31.614197542900932,32.02861404418945,778700
2011-08-31,32.44303586435339,32.62064496642689,32.117422470719696,32.32463073730469,567200
2011-09-01,32.39862285625884,32.57623190336535,32.050809491133656,32.10261154174805,582600
2011-09-02,31.54019077672762,31.606793828198676,31.221976511143744,31.340381622314453,385200
2011-09-06,30.237736328499405,30.807561841639096,30.119331210379514,30.792760848999023,494500
2011-09-07,31.14797315186345,31.665996551513672,31.103570178293285,31.665996551513672,561600
2011-09-08,31.325588456495765,31.6512018584682,31.11837736160333,31.19978141784668,580200
2011-09-09,30.785346777706636,30.785346777706636,30.111917405163037,30.26732635498047,502200
2011-09-12,29.80851359216248,30.252534866333008,29.564304290919086,30.252534866333008,714300
2011-09-13,30.230326793624297,30.57814297541091,30.10452262242487,30.504140853881836,456600
2011-09-14,30.615147155522372,31.12577144429993,30.12672576386575,30.866758346557617,1315600
2011-09-15,31.16278162589793,31.414392890545216,30.94817143661032,31.377391815185547,1145600
2011-09-16,31.451385498046875,31.61419357339687,31.199774301142487,31.451385498046875,308000
2011-09-19,30.62255627991293,31.08137579888478,30.49674924324267,30.933368682861328,362900
2011-09-20,31.044367408523783,31.310779589972896,30.785354310781468,30.866758346557617,289800
2011-09-21,30.88156432610542,30.925967304520643,29.9713244410988,29.978723526000977,1029100
2011-09-22,29.01667778976127,29.090682744125836,28.395050288100723,28.74286651611328,1790800
2011-09-23,28.654067226752783,29.083284727479583,28.520861114078773,29.016681671142578,711000
2011-09-26,29.149888443118588,29.638309926303332,28.77987208243315,29.61610984802246,437300
2011-09-27,30.430142869678708,30.726157069502683,30.015726377525894,30.178531646728516,619300
2011-09-28,30.3117341516861,30.415338262410568,29.542099582018217,29.579103469848633,595300
2011-09-29,30.29694025837644,30.34874232587359,29.482905349420438,29.986127853393555,281000
2011-09-30,29.431101357251137,29.54950647850155,28.942679879218083,28.9500789642334,975900
2011-10-03,28.661464109967998,29.075883409008004,28.09904053977133,28.121240615844727,1040300
2011-10-04,27.736420171093528,28.668862782987926,27.44780792269771,28.661460876464844,925600
2011-10-05,28.74288064175757,29.290506281183685,28.44686632482425,29.246103286743164,935000
2011-10-06,29.29049795053622,29.971326733642716,29.083286858416077,29.926923751831055,845600
2011-10-07,30.252539962250154,30.252539962250154,29.54210636850776,29.653112411499023,1659400
2011-10-10,30.363543819383498,30.81496426328578,30.245138688441997,30.80016326904297,259500
2011-10-11,30.600347418334202,30.8593605266843,30.467141322154237,30.770557403564453,517600
2011-10-12,31.221975394834914,31.606792698131105,31.162774252866498,31.251577377319336,435400
2011-10-13,31.110978244854984,31.295986436858637,30.83716408812887,31.184980392456055,481100
2011-10-14,31.636397141357815,31.78440424229178,31.421786986153595,31.777002334594727,599200
2011-10-17,31.56240328439546,31.56240328439546,31.00737862750458,31.05177879333496,189400
2011-10-18,31.073979876070098,31.873213867139363,30.748363623077875,31.65860366821289,1352200
2011-10-19,31.554996776463366,31.688202900546074,31.081376256614163,31.184980392456055,1828800
2011-10-20,31.12577390459995,31.25157809856148,30.703955524963476,31.1331729888916,229800
2011-10-21,31.629003902659086,31.873213264786866,31.55499892701342,31.85101318359375,379200
2011-10-24,31.791817535485073,32.428246377835414,31.791817535485073,32.33944320678711,680000
2011-10-25,32.21361589286295,32.250619778642125,31.725194524379155,31.762195587158203,653300
2011-10-26,32.339430108366734,32.339430108366734,31.61419838870826,32.228424072265625,409300
2011-10-27,33.44948737717639,33.79730091775466,33.00546594692539,33.545692443847656,1153400
2011-10-28,33.36067498430343,33.48647918642758,33.190464981546185,33.43467712402344,1422300
2011-10-31,32.7390484507298,32.84265257882376,32.228424072265625,32.228424072265625,327800
2011-11-01,31.07397112841366,31.636394680615528,30.637351767269944,31.251577377319336,856500
2011-11-02,31.636397716470306,31.925010015887818,31.50319160550827,31.814006805419922,543100
2011-11-03,32.25801705785938,32.56143027247838,31.71779366709871,32.48002624511719,207400
2011-11-04,32.18403238321907,32.258034544754494,31.814015929538932,32.1544303894043,476200
2011-11-07,32.14701698959721,32.383827209472656,31.947207837264706,32.383827209472656,165300
2011-11-08,32.41343318994256,32.83525162255202,32.16922385564275,32.73164749145508,340500
2011-11-09,31.81400039212173,31.843599548479272,31.155369054914175,31.258975982666016,456500
2011-11-10,31.806613451961944,31.806613451961944,31.266389777989982,31.525400161743164,1037100
2011-11-11,32.03601545522608,32.31722584159673,31.99161247806198,32.25062561035156,272700
2011-11-14,31.90280191839827,32.06560997375729,31.688191813243193,31.865800857543945,234800
2011-11-15,31.732609165211475,32.11002467381697,31.577200122372723,31.954618453979492,404100
2011-11-16,31.614192065789513,31.910203397854836,31.34037798430383,31.414382934570312,218700
2011-11-17,31.310778553218512,31.443984639532385,30.659549111572936,30.822357177734375,472500
2011-11-18,31.06656748264445,31.06656748264445,30.733552255833057,30.866758346557617,1050900
2011-11-21,30.3857468838947,30.3857468838947,29.845523294662655,30.097131729125977,1386600
2011-11-22,30.03053617014442,30.252545473571015,29.838126036973634,30.037935256958008,1481000
2011-11-23,29.80850687827616,29.80850687827616,29.305284574692564,29.33488655090332,368600
2011-11-25,29.194293975830075,29.586510449097165,29.164691986866245,29.194293975830078,236800
2011-11-28,30.356138057354702,30.400541030317328,30.08232678158613,30.282133102416992,586200
2011-11-29,30.393143212249488,30.57075230499416,30.237737020473375,30.400545120239258,458500
2011-11-30,31.547593698700734,31.89540713601275,31.38478560697982,31.85840606689453,435900
2011-12-01,31.78441232556713,31.991620625770622,31.651206183150208,31.754810333251953,715700
2011-12-02,32.132225825171375,32.15442873088799,31.703008229002123,31.740009307861328,401700
2011-12-05,32.33942786854816,32.33942786854816,31.888007493403343,32.05081558227539,472500
2011-12-06,32.02121537367962,32.147019578055406,31.784405134736353,31.991613388061523,1197200
2011-12-07,31.828810357296792,32.27283174325398,31.621602070984142,32.169227600097656,679400
2011-12-08,31.82140633191059,31.865809310514454,31.229380732196123,31.303382873535156,494900
2011-12-09,31.48839171042119,31.95461311503917,31.466191632153933,31.90281105041504,331800
2011-12-12,31.37738908887587,31.37738908887587,30.948168747594618,31.192380905151367,812500
2011-12-13,31.399597128184883,31.540202367182317,30.696565287194574,30.777969360351562,448600
2011-12-14,30.615155397492064,30.755763432777073,30.326543064224353,30.444948196411133,518900
2011-12-15,30.777962921373778,30.85196506894293,30.526351667437286,30.637357711791992,532600
2011-12-16,30.7705632585846,30.888968386274637,30.44494704018629,30.600353240966797,827700
2011-12-19,30.563364508371553,30.711371683494832,30.12674489440901,30.222949981689453,1071000
2011-12-20,30.837285192634866,31.271298351427262,30.80735266005813,31.218917846679688,962600
2011-12-21,31.091705438355458,31.233883538216947,30.874698862952513,31.19646644592285,1118200
2011-12-22,31.301230219547158,31.518233939813424,31.241365155664493,31.480819702148438,1340400
2011-12-23,31.42096327246683,31.72028008336742,31.42096327246683,31.697832107543945,1145000
2011-12-27,31.615514244452722,31.735241521493382,31.615514244452722,31.64544677734375,1558400
2011-12-28,31.54068485517432,31.622995036460576,31.15157050240732,31.19646644592285,1077800
2011-12-29,31.308718913839726,31.60803859101891,31.21892415249557,31.570621490478516,929700
2011-12-30,31.49578468943332,31.690340430106566,31.49578468943332,31.555646896362305,1673300
2012-01-03,32.13931808268176,32.401220576009244,32.13931808268176,32.161766052246094,638000
2012-01-04,32.13183460606414,32.191699666284066,31.914830899074865,32.1542854309082,717100
2012-01-05,31.83252854864227,32.09443113866723,31.675386994627292,32.02708435058594,267200
2012-01-06,32.01211375633094,32.01211375633094,31.697830690754166,31.78014373779297,611800
2012-01-09,31.86244817989094,31.907344117406357,31.70530383501803,31.892377853393555,858800
2012-01-10,32.36380896457406,32.39374149610088,32.176734924316406,32.176734924316406,716000
2012-01-11,32.13184181498294,32.33388215676905,32.01211452220493,32.28898620605469,431600
2012-01-12,32.33388380177603,32.40871514764677,32.08694749671252,32.303951263427734,390200
2012-01-13,32.01960905500574,32.07947129277473,31.75770355800785,32.042057037353516,382100
2012-01-17,32.386260366986754,32.54340474688892,32.281499350067726,32.311431884765625,694900
2012-01-18,32.37878333402075,32.842726270707715,32.371298772004174,32.81279373168945,408100
2012-01-19,33.02979557516302,33.149522859375864,32.92503455829223,33.08966064453125,320700
2012-01-20,33.01482733053545,33.179453406914874,32.99986106408973,33.14952087402344,296200
2012-01-23,33.209382818326425,33.418904819825755,33.13455149313153,33.276729583740234,384900
2012-01-24,32.92503775767381,33.20939115575678,32.917556050537584,33.17945861816406,985700
2012-01-25,33.11210753797819,33.58353495303972,32.962447723963976,33.48625564575195,626100
2012-01-26,33.665851519993986,33.793060519791,33.31415134839829,33.44884490966797,463400
2012-01-27,33.29918159186507,33.5386361524784,33.29918159186507,33.48625564575195,507100
2012-01-30,33.07469409748626,33.29918239667146,32.932515986200876,33.21686935424805,996300
2012-01-31,33.56108280940401,33.56856736979916,33.157005038292084,33.28421401977539,1128600
2012-02-01,33.65088835515079,33.8978246705706,33.63592208534897,33.710750579833984,1871500
2012-02-02,33.79305710956724,33.965164897260514,33.71074406881752,33.86788558959961,1000600
2012-02-03,34.15972768038329,34.3468017578125,34.062448360853416,34.3468017578125,775100
2012-02-06,34.092381440497206,34.20462417602539,34.017550095621154,34.20462417602539,630000
2012-02-07,34.054957432951184,34.384209574571116,34.03250946130377,34.33182907104492,1040500
2012-02-08,34.39918179817388,34.53387536043291,34.25700367438721,34.42911148071289,1253100
2012-02-09,34.47400634183655,34.541353115260335,34.2869322883842,34.43659210205078,920600
2012-02-10,34.04747753555438,34.04747753555438,33.86040348316123,34.00257873535156,546400
2012-02-13,34.35427627202023,34.40665677437137,34.21210103057045,34.37672424316406,425600
2012-02-14,34.2569931051876,34.279443928319985,33.95019183125929,34.21209716796875,541000
2012-02-15,34.42162633062761,34.43659259766202,34.08489245866241,34.129791259765625,1029700
2012-02-16,34.152250976534816,34.5937460150283,34.084904178984125,34.54884719848633,835500
2012-02-17,34.63115189550022,34.73591292091237,34.54135713865035,34.6461181640625,644500
2012-02-21,34.84066702000055,34.89304751800181,34.608694204192794,34.71345520019531,708000
2012-02-22,34.653603811755985,34.71346603335755,34.563806197567736,34.63863754272461,417900
2012-02-23,34.623665852109305,34.79577363723453,34.46652433367195,34.788291931152344,823000
2012-02-24,34.87060963758394,35.005303212304035,34.85564622219202,34.96040725708008,744400
2012-02-27,34.623667364575496,34.908020735019385,34.48897381302437,34.81074142456055,725800
2012-02-28,34.93046972044989,35.139991760253906,34.79577616499768,35.139991760253906,1064400
2012-02-29,35.20733832882479,35.29713308041825,34.855641029032185,34.93046951293945,1768300
2012-03-01,35.05019231068741,35.24474805664189,35.04271060506441,35.19236755371094,810200
2012-03-02,35.02026826812061,35.087615053145846,34.89305926003072,34.975372314453125,624300
2012-03-05,34.84815414338031,34.9005346495261,34.65359838548504,34.788291931152344,423600
2012-03-06,34.15223882616372,34.15223882616372,33.845437491922574,33.875370025634766,566800
2012-03-07,34.12229502269525,34.33181983495616,34.0474665676523,34.256988525390625,556300
2012-03-08,34.60870001869226,34.922983059501526,34.601218312516416,34.81822204589844,345700
2012-03-09,34.87809384559132,34.96040690203145,34.76584824962314,34.870609283447266,426500
2012-03-12,34.82570399972219,34.85563653123205,34.66107793094125,34.803253173828125,667100
2012-03-13,34.997815382101656,35.38692976827439,34.93046860652323,35.37196350097656,475500
2012-03-14,35.36448056191582,35.39441309788422,35.11754427648592,35.22230529785156,1709500
2012-03-15,35.26719810355781,35.484201816111316,35.20733304180287,35.461753845214844,1684300
2012-03-16,35.529109954833984,35.648837255302986,35.51414368545986,35.529109954833984,497700
2012-03-19,35.54407079399627,35.77604365206978,35.424343511818485,35.67876434326172,525100
2012-03-20,35.312094812747844,35.43930664448001,35.169919569775026,35.4168586730957,394700
2012-03-21,35.3944030067324,35.40936927044963,35.102568000553774,35.252227783203125,635200
2012-03-22,34.88556950164112,34.99781507813816,34.77332677966767,34.9454345703125,794100
2012-03-23,34.945434600867486,35.13250865884373,34.7882930772531,35.11005783081055,235000
2012-03-26,35.431819410790645,35.58896376219327,35.37943891183081,35.573997497558594,416300
2012-03-27,35.65631244139514,35.65631244139514,35.43930587431837,35.461753845214844,503400
2012-03-28,35.46175634984348,35.46175634984348,35.07264198452339,35.25971603393555,933000
2012-03-29,35.01279357665895,35.13252090130361,34.78082063630542,35.0651741027832,1833400
2012-03-30,35.319583892822266,35.35699813475855,35.11005899983648,35.319583892822266,2018200
2012-04-02,35.229797975371014,35.78353574573811,35.162451181188594,35.686256408691406,565800
2012-04-03,35.596451615063735,35.65631668394168,35.17740469648888,35.327064514160156,414300
2012-04-04,34.90801640355746,34.90801640355746,34.62366306839675,34.728424072265625,467600
2012-04-05,34.533868140471235,34.78828894326636,34.533868140471235,34.68352508544922,357800
2012-04-09,34.31687103934295,34.51891139621874,34.22707627668394,34.40666580200195,723000
2012-04-10,34.27196541248285,34.3692447178158,33.72570952865289,33.7481575012207,384900
2012-04-11,34.24951330857916,34.256995013691466,34.05495472138181,34.099853515625,913800
2012-04-12,34.26448728960138,34.72094847637005,34.24203646016235,34.70598220825195,534400
2012-04-13,34.54134511835776,34.548826822773364,34.174678802490234,34.174678802490234,527100
2012-04-16,34.44406251752058,34.45902877943369,34.10733161530472,34.256988525390625,171100
2012-04-17,34.52638528261661,34.84067116251543,34.391691741877594,34.75087356567383,708100
2012-04-18,34.59373873563048,34.735914009642634,34.51891024499755,34.63863754272461,717500
2012-04-19,34.66107808758139,34.79577162546117,34.28693000558718,34.45903778076172,317300
2012-04-20,34.69101513975894,34.78829445302028,34.58625411987305,34.58625411987305,357400
2012-04-23,34.05495155018055,34.19712962478277,33.89032836233151,34.174678802490234,546200
2012-04-24,34.29442124449423,34.459044491555694,34.23455616954542,34.3468017578125,878100
2012-04-25,34.66856338368745,34.7658398318141,34.586250347177675,34.75087356567383,579700
2012-04-26,34.631147285089085,35.00529538576472,34.60869931249606,34.91550064086914,713400
2012-04-27,35.09508985164174,35.13250408746399,34.88556499289531,35.04270935058594,650600
2012-04-30,35.00529538576472,35.00529538576472,34.79577336283388,34.91550064086914,363900
2012-05-01,34.8257020231665,35.28216311195358,34.8257020231665,35.08760452270508,516300
2012-05-02,34.76584342291503,34.952917487206896,34.69101493900776,34.93046951293945,524700
2012-05-03,34.915498818231335,34.930465084019914,34.56379870850796,34.63114547729492,901300
2012-05-04,34.44408152023187,34.45156608257893,34.01755281122258,34.0474853515625,558900
2012-05-07,33.91278605483955,34.21958740526832,33.91278605483955,34.159725189208984,460200
2012-05-08,33.800539404159835,33.86788617917075,33.441357555609486,33.77809143066406,330400
2012-05-09,33.30666678692563,33.665851519993986,33.13455898186412,33.44884490966797,593500
2012-05-10,33.71823252347426,33.75564676781122,33.501225909986516,33.531158447265625,756000
2012-05-11,33.351557793491985,33.703257882848554,33.2467967935619,33.40393829345703,318800
2012-05-14,32.91006457321345,33.104623172157964,32.880132041910706,32.91754913330078,246000
2012-05-15,32.77537515529678,32.902587002056706,32.51347260979641,32.565853118896484,1415900
2012-05-16,32.65564483653111,32.73795787304995,32.27401504074413,32.29646301269531,931500
2012-05-17,32.27401806346593,32.30394774402953,31.757691824043608,31.78762435913086,1511600
2012-05-18,31.97469922590994,31.982183787131845,31.570618555639022,31.630483627319336,1259100
2012-05-21,31.720282824671198,32.244090857170185,31.690350284637166,32.19919204711914,1001800
2012-05-22,32.333885012794106,32.46857858588222,31.937288855659162,32.12436294555664,585100
2012-05-23,31.86994141280352,32.034567521970786,31.488311533262333,31.997150421142578,678000
2012-05-24,32.07945602384772,32.086940584084346,31.697826232957002,31.92979621887207,819200
2012-05-25,31.8774208968332,31.959733945675573,31.73524562898426,31.79511070251465,907100
2012-05-29,32.24409103393555,32.34885207010483,32.03456896159698,32.24409103393555,298600
2012-05-30,31.86245156346843,31.877414974547257,31.593064491676902,31.63796043395996,1037000
2012-05-31,31.735237187825216,31.832516479175162,31.338641172009137,31.67537498474121,787700
2012-06-01,31.15157015109984,31.233883185981192,30.874698514767413,30.882183074951172,940500
2012-06-04,31.01687794068978,31.114157245579317,30.725042880544628,30.97197914123535,1200600
2012-06-05,30.97946272504327,31.21891727220398,30.957011898762136,31.19646644592285,691800
2012-06-06,31.57060536925979,32.02706635933494,31.465844392099438,32.01958465576172,1238400
2012-06-07,32.40870847433232,32.45360441808622,32.019594119499374,32.0794563293457,1803300
2012-06-08,31.817555193595826,32.131838231642845,31.697827914169793,32.10939025878906,348000
2012-06-11,32.35633449722014,32.43116298825336,31.682866659825294,31.70531463623047,525700
2012-06-12,31.907345263932356,32.176732316796674,31.705304974284118,32.161766052246094,425200
2012-06-13,31.98966045796219,32.24408126350469,31.85496692240891,31.922313690185547,194700
2012-06-14,31.94476227466615,32.31891035738218,31.877415505596332,32.22163391113281,234600
2012-06-15,32.363814173456454,32.63320129150845,32.33388163711206,32.595787048339844,636100
2012-06-18,32.535918603186815,32.70054468149313,32.43115759136406,32.62571334838867,594900
2012-06-19,32.85020727786213,33.23183711821308,32.83524100997256,33.0746955871582,939300
2012-06-20,33.08965072682454,33.32910522348037,32.895092164214944,33.112098693847656,1376600
2012-06-21,33.22134031528838,33.22134031528838,32.23509422802945,32.265438079833984,720900
2012-06-22,32.56132236962546,32.56132236962546,32.318554110867886,32.48545837402344,475400
2012-06-25,32.151654649424394,32.151654649424394,31.810260860907196,31.893712997436523,1256100
2012-06-26,32.01509216402302,32.18958165239397,31.810255922711292,32.075782775878906,679200
2012-06-27,32.23510913335591,32.40201052454244,32.151656990749494,32.364078521728516,730200
2012-06-28,32.11372596405009,32.3337327446686,31.954406916946922,32.31097412109375,1512900
2012-06-29,33.137904499226735,33.2896354089281,33.0316937306437,33.282047271728516,545600
2012-07-02,33.388257357564456,33.50205626102004,33.16825058172405,33.47929763793945,1440200
2012-07-03,33.49447203831336,33.820692484528614,33.47929865778865,33.805519104003906,428100
2012-07-05,33.46412792921885,33.623444096314124,33.38067577673275,33.50205993652344,292300
2012-07-06,33.18341995334812,33.221351951909156,32.95582217392997,33.12272644042969,230800
2012-07-09,32.97858860540483,33.062040751097435,32.8647896987283,33.04686737060547,253800
2012-07-10,33.259297476214535,33.26688272140108,32.72065535312772,32.826866149902344,617500
2012-07-11,32.940644413053995,32.98616454168652,32.69787618173174,32.86478042602539,2074800
2012-07-12,32.58408885730711,32.720646385456234,32.33373242435825,32.59926223754883,860000
2012-07-13,32.64477828080101,33.10755623202096,32.64477828080101,33.07720947265625,823700
2012-07-16,33.09996744443087,33.115140822488264,32.8496110475227,33.03168869018555,600400
2012-07-17,33.13790181337951,33.266871195055465,32.788922775169816,33.206180572509766,568400
2012-07-18,33.107550344717374,33.502049464228605,33.06961834926982,33.448944091796875,912200
2012-07-19,33.57791513786346,33.73723415716857,33.48687776542188,33.63102340698242,403300
2012-07-20,33.31239614957182,33.319981393227074,33.13790660523518,33.153079986572266,779900
2012-07-23,32.44752957459716,32.69788309998208,32.31097205383222,32.62960433959961,928700
2012-07-24,32.637193712698846,32.65236709269489,32.136483748934694,32.3413200378418,120000
2012-07-25,32.48544871932458,32.58407419951638,32.242680532717884,32.40199661254883,546600
2012-07-26,33.00892755072061,33.19859043755175,32.92547831149673,33.12272644042969,195600
2012-07-27,33.38067005950671,33.93448537457448,33.35032330124997,33.79792785644531,872800
2012-07-30,33.69931227202391,33.91173674840721,33.6765536436363,33.78276443481445,446100
2012-07-31,33.77517018497265,33.88138094783314,33.54757527969643,33.55516052246094,1299900
2012-08-01,33.75240636399761,33.81309697884459,33.5172233581543,33.5172233581543,767600
2012-08-02,33.259286657506834,33.4792963187042,32.95582485626728,33.19859313964844,751000
2012-08-03,33.873800068421794,34.1317417660345,33.78275977936323,34.002769470214844,518900
2012-08-06,34.139327015285026,34.33657518689052,34.10898025226061,34.19243240356445,922900
2012-08-07,34.37451206870098,34.62486564301388,34.37451206870098,34.46554946899414,719400
2012-08-08,34.313818539154354,34.57934838988068,34.313818539154354,34.46554946899414,322700
2012-08-09,34.43519326728238,34.62485615409846,34.42760802518117,34.54899215698242,99900
2012-08-10,34.389665862166574,34.62484592013037,34.283452245961,34.60967254638672,800400
2012-08-13,34.59451172893455,34.609685108185474,34.35933158561067,34.53382110595703,629800
2012-08-14,34.64761477442807,34.67796153088488,34.457951887612,34.54899215698242,232800
2012-08-15,34.51105951049645,34.58692350618818,34.457951240681126,34.50347137451172,305100
2012-08-16,34.66278381079917,34.92072542032033,34.55657307053028,34.88279342651367,317300
2012-08-17,34.9055513413718,34.92831285241812,34.799340603240836,34.890380859375,157800
2012-08-20,34.81452391633102,34.89039081809742,34.67038114401444,34.87521743774414,470600
2012-08-21,35.095224077381516,35.193849602270035,34.82211191419439,34.89797592163086,279700
2012-08-22,34.70071800013384,34.94348622844048,34.6476097370428,34.890380859375,108100
2012-08-23,34.85245539490233,34.85245539490233,34.571755097663356,34.61727523803711,416500
2012-08-24,34.45036129932511,34.80692839729371,34.442776058401016,34.74623489379883,459500
2012-08-27,34.7538324858264,34.83728173480145,34.6248602028171,34.66279220581055,231400
2012-08-28,34.51864943682493,34.73107096880928,34.51864943682493,34.66279220581055,445000
2012-08-29,34.58692304416475,34.69313379432474,34.564164424566435,34.624855041503906,1436900
2012-08-30,34.45036472559065,34.457949967269144,34.200011233839156,34.253116607666016,196300
2012-08-31,34.6324421460214,34.66278600657353,34.291048392084036,34.48829650878906,624600
2012-09-04,34.50347496044248,34.511063097215846,34.24553329664655,34.389678955078125,468600
2012-09-05,34.404851128881056,34.45795651279565,34.26070835740236,34.32898712158203,635200
2012-09-06,34.526230008450206,35.110392036396966,34.526230008450206,35.095218658447266,415600
2012-09-07,35.337995330006244,35.46696472167969,35.29247518904871,35.46696472167969,877100
2012-09-10,35.42144569026222,35.48213921344009,35.18626552301413,35.201438903808594,2111300
2012-09-11,35.2393721202818,35.55041920219577,35.2393721202818,35.4517936706543,451500
2012-09-12,35.64145525924881,35.67180202074282,35.50489772655224,35.60352325439453,708900
2012-09-13,35.588352697959635,36.30907242349349,35.47455378033919,36.22562026977539,818200
2012-09-14,36.4380363257619,36.72632475124026,36.37734570115008,36.47597122192383,1015200
2012-09-17,36.30906146941454,36.46837759079773,36.225609340873106,36.293888092041016,518400
2012-09-18,36.24837274877947,36.25596088548162,36.1118152284027,36.240787506103516,556400
2012-09-19,36.30148180996535,36.369760577076086,36.17251241321536,36.2635498046875,173000
2012-09-20,35.94491065423416,36.126985402565225,35.80835314597288,36.096641540527344,515000
2012-09-21,36.301474119420504,36.34699425252629,36.07387924194336,36.07387924194336,227800
2012-09-24,35.80077973950838,36.05872148412435,35.77802111010987,35.97526931762695,2286800
2012-09-25,36.035943555471455,36.157327670634125,35.633859216624906,35.64903259277344,426600
2012-09-26,35.47454932235114,35.527657599519614,35.26212778978254,35.421443939208984,355400
2012-09-27,35.58835136445864,35.891813204057925,35.512487351572105,35.8083610534668,201800
2012-09-28,35.59593346867981,35.59593346867981,35.33040655296906,35.421443939208984,331400
2012-10-01,35.732487191268454,35.91456483839215,35.54282430194319,35.61110305786133,555100
2012-10-02,35.83111017460978,35.899388925707896,35.55799517021733,35.70214080810547,395400
2012-10-03,35.74765655525785,35.77800330870821,35.535235069156684,35.68696594238281,622000
2012-10-04,35.88422507343756,36.02078261188154,35.793187679150435,35.998023986816406,514800
2012-10-05,36.278720183596626,36.31665218573567,35.9600878927972,36.04353713989258,1013200
2012-10-08,35.815934583111286,35.8993867064084,35.770417347876965,35.85386657714844,879500
2012-10-09,35.747658313949685,35.78559031061595,35.41385269165039,35.41385269165039,1347000
2012-10-10,35.46695689547745,35.512477026390435,35.22418865199304,35.300052642822266,632400
2012-10-11,35.61868881047612,35.67179418441128,35.43661117553711,35.43661117553711,289600
2012-10-12,35.49731877429225,35.58077093617756,35.30006768364936,35.37593460083008,748600
2012-10-15,35.52765381754007,35.641449814719614,35.37592292727466,35.61110305786133,1142000
2012-10-16,35.94491451313633,36.06629865639701,35.84628899235383,36.04353713989258,622400
2012-10-17,36.24078188217287,36.354577868810246,36.08905100596395,36.32423400878906,593000
2012-10-18,36.23320551373763,36.415283203125,36.11182135215495,36.22562026977539,1105500
2012-10-19,36.111815130724814,36.126988510061885,35.611105188706425,35.67179870605469,264400
2012-10-22,35.81594545166493,35.88422421926164,35.56559189982802,35.838706970214844,257100
2012-10-23,35.36832018112984,35.36832018112984,35.04209991472311,35.25452423095703,654300
2012-10-24,35.53524210840776,35.64904100937644,35.19384829952797,35.2393684387207,1079500
2012-10-25,35.53523681739794,35.62627418820214,35.21660167854448,35.41385269165039,305900
2012-10-26,35.27729183393209,35.42143456516777,35.14073434369805,35.29246520996094,440200
2012-10-31,35.64904100937644,35.64904100937644,35.125569537752014,35.2393684387207,848200
2012-11-01,35.429027977684115,35.72490161925586,35.39868122110599,35.7097282409668,1188700
2012-11-02,35.82352520130805,35.82352520130805,35.360747317512455,35.41385269165039,1203300
2012-11-05,35.33798786263427,35.497303981280524,35.262120977070026,35.44419860839844,162700
2012-11-06,35.51247760490057,35.80835122559047,35.51247760490057,35.5579948425293,586000
2012-11-07,35.49730372256977,35.49730372256977,34.86762160009176,35.08763122558594,471000
2012-11-08,35.087640314307045,35.18626584335576,34.69314109213869,34.723487854003906,922000
2012-11-09,34.67796092989589,34.95107594522195,34.57933831415942,34.69313430786133,958700
2012-11-12,34.77658779313864,34.84486654962751,34.6779622795378,34.7310676574707,260900
2012-11-13,34.41244442614549,34.844875699450675,34.41244442614549,34.55658721923828,398500
2012-11-14,34.70073170347482,34.70073170347482,34.048290746991796,34.11656951904297,535200
2012-11-15,34.29864183161393,34.32140335000064,34.025526763185376,34.15449905395508,296400
2012-11-16,34.20001871147191,34.29864134498458,33.89655688551759,34.275882720947266,1030400
2012-11-19,34.62485394033467,34.95107431632327,34.62485394033467,34.94348907470703,504600
2012-11-20,34.83728142028636,34.973838945050964,34.70072678954806,34.951080322265625,412000
2012-11-21,34.973843893715234,35.064884185791016,34.92832664170405,35.064884185791016,868900
2012-11-23,35.37592292727466,35.61110305786133,35.36074954884552,35.61110305786133,276600
2012-11-26,35.45179184211606,35.53524398803711,35.31523431134096,35.53524398803711,585500
2012-11-27,35.48214404736581,35.55800806764705,35.29248110263584,35.3380012512207,400600
2012-11-28,35.14074917671178,35.595939073611866,34.98901824640282,35.58076858520508,743100
2012-11-29,35.74765067582116,35.87662290976023,35.61868133590732,35.8159294128418,371500
2012-11-30,35.83111656603736,35.86904856918564,35.71732055659252,35.8007698059082,720000
2012-12-03,35.95249786418027,35.990429864323374,35.72490296929553,35.74766159057617,1003300
2012-12-04,35.80076626510311,35.914565157319224,35.70972888774584,35.7552490234375,1414800
2012-12-05,35.89180890386309,36.07388367058703,35.702146000343674,35.92974090576172,842700
2012-12-06,35.96767257117618,36.03595133156546,35.8690470519414,36.02836608886719,566200
2012-12-07,36.10422748599357,36.126986106471904,35.92973797626569,36.089054107666016,521000
2012-12-10,36.0890491902156,36.18767468889311,36.03594382031823,36.164913177490234,1984200
2012-12-11,36.18768615125669,36.45321308484856,36.18768615125669,36.35458755493164,481800
2012-12-12,36.42286230274427,36.65046009959062,36.39251843798747,36.430450439453125,754700
2012-12-13,36.33941918739583,36.445629967027344,36.14216811605729,36.22562026977539,1478100
2012-12-14,36.240776763603264,36.31664074397998,36.164909889201205,36.23318862915039,1414700
2012-12-17,36.18009452222304,36.51390308541245,36.18009452222304,36.49872970581055,3527700
2012-12-18,36.610589828254206,36.90942005120254,36.526303781177454,36.87110900878906,943600
2012-12-19,37.00139099716857,37.0243770510339,36.71022164877139,36.73320770263672,3766200
2012-12-20,36.79449500638888,37.03202819824219,36.771508960480624,37.03202819824219,2422200
2012-12-21,36.48033966520266,36.72553389772302,36.48033966520266,36.710208892822266,1111500
2012-12-24,36.733207881554016,36.74087184817768,36.55697464751879,36.6182746887207,165700
2012-12-26,36.73320194798351,36.7408659133692,36.449696610586834,36.51865768432617,794600
2012-12-27,36.70254690397594,36.70254690397594,36.265794505894384,36.56462478637695,1085700
2012-12-28,36.434363369421845,36.52631047264755,36.265794167332345,36.288780212402344,1011100
2012-12-31,36.143209772207314,36.87113171818023,36.143209772207314,36.840484619140625,1015900
2013-01-02,37.48409978229592,37.5990358488126,37.32319162752905,37.5760498046875,2298300
2013-01-03,37.39982086856134,37.60670405788075,37.33085980545488,37.41514587402344,1567500
2013-01-04,37.422802690313794,37.622021892937695,37.353841634992904,37.5760498046875,1400200
2013-01-07,37.38449092431446,37.46111301855664,37.29254090368921,37.42280197143555,1497400
2013-01-08,37.3231967456598,37.35384675732669,37.10865250988351,37.23891067504883,306300
2013-01-09,37.36150717831568,37.44579324752693,37.315535084524775,37.369171142578125,407500
2013-01-10,37.675666229361376,37.79060232115236,37.48410802500722,37.767616271972656,522100
2013-01-11,37.75227737426758,37.79058841645297,37.622016323303065,37.75227737426758,425700
2013-01-14,37.78294151743699,37.79060255956314,37.637355410523774,37.759952545166016,474000
2013-01-15,37.545400512597986,37.752283682502515,37.545400512597986,37.72929763793945,280900
2013-01-16,37.62203050692562,37.72164159251745,37.54540839366807,37.68333053588867,841300
2013-01-17,37.90553279095329,38.03579094758057,37.82124672586701,37.943843841552734,1519400
2013-01-18,37.95917505763367,38.01281112183852,37.790602899877705,37.99748611450195,922300
2013-01-22,37.9591695517272,38.09709167480469,37.82890846973364,38.09709167480469,1289200
2013-01-23,38.012795585012526,38.074092666358794,37.92850954058446,38.0434455871582,663600
2013-01-24,38.04345044685907,38.25799464339468,38.0281254438286,38.11241149902344,479200
2013-01-25,38.25800557624118,38.349952697753906,38.173719496960224,38.349952697753906,594600
2013-01-28,38.342281705347396,38.342281705347396,38.10474853655642,38.21968460083008,1063700
2013-01-29,38.3805958328001,38.495531906298275,38.25033475463911,38.464881896972656,1115500
2013-01-30,38.44954961624956,38.487860659183845,38.31162752332995,38.34227752685547,1856800
2013-01-31,38.39592811733768,38.40358915964874,38.22735595703125,38.22735595703125,858000
2013-02-01,38.510851169916535,38.63344827530198,38.3882540645311,38.57215118408203,1962500
2013-02-04,38.33462474816867,38.33462474816867,38.00514442151048,38.028133392333984,1279800
2013-02-05,38.16604982602154,38.38825507586153,38.15838586257617,38.280982971191406,1055100
2013-02-06,38.12773805753328,38.30397415161133,38.08942700692989,38.30397415161133,824000
2013-02-07,38.280984472583114,38.280984472583114,37.874882082419994,38.150726318359375,1949200
2013-02-08,38.2733227331735,38.39591984435925,38.25799772890707,38.357608795166016,1303300
2013-02-11,38.357606623702885,38.357606623702885,38.227345556285286,38.29630661010742,221500
2013-02-12,38.31163256883259,38.53384073923877,38.30397152841489,38.441890716552734,914100
2013-02-13,38.59514132912535,38.641116344634874,38.449558164430634,38.526180267333984,292100
2013-02-14,38.29631112893091,38.49553327367812,38.28865008780027,38.44955825805664,331500
2013-02-15,38.51085318479775,38.51085318479775,38.26565896119835,38.38825607299805,856800
2013-02-19,38.572157111622765,38.702415277323425,38.51852105245826,38.67176818847656,1050700
2013-02-20,38.725396837663034,38.740721840627074,38.25799447756882,38.265655517578125,441700
2013-02-21,38.02046868230695,38.02046868230695,37.759949427334924,37.9131965637207,679400
2013-02-22,38.173710866521276,38.28864693463677,38.02046375001583,38.280982971191406,426400
2013-02-25,38.495529810353595,38.54916586228025,37.553061074052444,37.56838607788086,1300200
2013-02-26,37.767617587714824,37.8825507605636,37.52242331143516,37.79060363769531,591800
2013-02-27,37.75227223418735,38.3192825963994,37.74460827302665,38.24266052246094,1486900
2013-02-28,38.21968733205405,38.44189259034569,38.166051277678925,38.18903732299805,357600
2013-03-01,38.01281169696584,38.250342006910735,37.85956454422784,38.22735595703125,605300
2013-03-04,38.14306573641021,38.31163787841797,38.035793618022,38.31163787841797,487400
2013-03-05,38.541499731487995,38.763707890085605,38.541499731487995,38.66409683227539,348400
2013-03-06,38.85565329813797,38.85565329813797,38.6564341141115,38.76370620727539,1044000
2013-03-07,38.86332208315067,38.90163313218516,38.802022066338935,38.8709831237793,356300
2013-03-08,38.99357581390585,39.03188685859717,38.82500370972964,39.00123977661133,273800
2013-03-11,38.94760609166704,39.09318923950195,38.89396711831152,39.09318923950195,289900
2013-03-12,39.08553495608269,39.08553495608269,38.84034068692883,38.9093017578125,911500
2013-03-13,38.89396780305496,38.94760677735482,38.733059648992125,38.88630676269531,786100
2013-03-14,39.016570709791516,39.14683179883532,38.95527360896491,39.10085678100586,992300
2013-03-15,39.116179337359476,39.16215435230983,38.985921179418895,39.08552932739258,425800
2013-03-18,38.748382568359375,38.947604682340916,38.61046046573997,38.748382568359375,773100
2013-03-19,38.84799895849881,38.8633239634432,38.38059653800529,38.61812973022461,913000
2013-03-20,38.863320718670785,38.932281773689944,38.779034659986756,38.88630676269531,863200
2013-03-21,38.610465056850686,38.74838717587019,38.464881896972656,38.464881896972656,761200
2013-03-22,38.64876902748499,38.79435508364082,38.610457984318536,38.771366119384766,529300
2013-03-25,38.93228783013806,38.93228783013806,38.38059930416215,38.549171447753906,783600
2013-03-26,38.67176668068663,38.817349846607506,38.61813062361336,38.802024841308594,2136800
2013-03-27,38.549170731165326,38.7867010131426,38.45722069658124,38.75605392456055,905100
2013-03-28,38.77137069668153,38.92461781038472,38.725398608632474,38.88630676269531,631300
2013-04-01,38.82501136350082,38.8556613744742,38.52618106387513,38.602806091308594,495400
2013-04-02,38.84033805566587,38.99358519424177,38.79436596015533,38.86332702636719,826400
2013-04-03,38.94761036234125,38.970596408481555,38.457218968763186,38.533843994140625,735000
2013-04-04,38.60279814664073,38.756045247022634,38.5031870929507,38.68708419799805,1684300
2013-04-05,38.19669482894646,38.55682509466251,38.135397739452834,38.541500091552734,2239700
2013-04-08,38.5414996903546,38.70240783691406,38.441888632650695,38.70240783691406,457700
2013-04-09,38.78671585430485,39.0242491501167,38.641132628260415,38.878665924072266,453300
2013-04-10,39.07020219817969,39.42266849842918,39.07020219817969,39.38435745239258,383700
2013-04-11,39.4992988885616,39.69852104651749,39.430337822030104,39.575923919677734,509300
2013-04-12,39.323068814259805,39.46099095824082,39.17748562803376,39.42267990112305,387900
2013-04-15,39.093195153748226,39.12384516517528,38.503195587034185,38.51085662841797,317000
2013-04-16,38.939946164468545,39.100854332376024,38.77137403259643,39.08552932739258,392100
2013-04-17,38.771378736697756,38.771378736697756,38.22735414703543,38.403587341308594,566100
2013-04-18,38.52616570356696,38.52616570356696,38.143049487985124,38.24266052246094,899400
2013-04-19,38.48786508347098,38.62578719224511,38.365267978221254,38.6104621887207,239600
2013-04-22,38.64877888421245,38.825012066079644,38.411248602235176,38.75605392456055,1141700
2013-04-23,38.94760961031842,39.18513987703749,38.870984586420505,39.13916778564453,910500
2013-04-24,39.261769607904526,39.430338834797595,39.19280853960177,39.32306671142578,224300
2013-04-25,39.50696582323466,39.72151008059691,39.46865184332316,39.53761291503906,1240800
2013-04-26,39.468650579762276,39.5452756141859,39.369042419430855,39.476314544677734,1032200
2013-04-29,39.5989105098085,39.92839084075464,39.5989105098085,39.8441047668457,429800
2013-04-30,39.85176293359207,40.05098507990378,39.744490819245414,39.98968505859375,1774700
2013-05-01,39.97436091216895,39.98968591782573,39.62189455090074,39.667869567871094,621400
2013-05-02,39.72150978770246,39.9667040580074,39.71384874554442,39.9054069519043,444800
2013-05-03,40.31150163323699,40.464748753334845,40.23487661171522,40.3421516418457,882800
2013-05-06,40.3344900792312,40.434101151666255,40.2961790276626,40.395790100097656,691600
2013-05-07,40.510719256167995,40.59500531506693,40.37279714577803,40.54903030395508,628700
2013-05-08,40.625664287854285,40.89384460449219,40.625664287854285,40.89384460449219,459600
2013-05-09,40.847864301624135,40.847864301624135,40.51838402282082,40.62565612792969,460600
2013-05-10,40.602681411875174,40.70995354691386,40.47242030293788,40.70228958129883,695900
2013-05-13,40.633326063389795,40.7099511002025,40.52605393479828,40.68696212768555,598000
2013-05-14,40.69462507019108,40.95514434291493,40.68696110522926,40.9398193359375,600000
2013-05-15,40.855533941490854,41.11605321856645,40.84020893425743,41.09306716918945,446800
2013-05-16,40.993444021304505,41.116041120151344,40.817210874396274,40.86318588256836,667400
2013-05-17,40.978132282499544,41.20800155187393,40.916835174708005,41.19267654418945,608200
2013-05-20,41.200322216101455,41.37655534180388,41.16201117537398,41.307594299316406,626200
2013-05-21,41.253960629893285,41.50681585159034,41.154349579917984,41.39954376220703,1459100
2013-05-22,41.43786654155811,41.78266892421373,40.85552804255434,40.99345016479492,1161800
2013-05-23,40.38046934109116,40.77124678489647,40.219561153815214,40.740596771240234,837600
2013-05-24,40.34215006131572,40.54903030395508,40.25020003909202,40.54903030395508,662000
2013-05-28,40.90150390827204,41.04708707457785,40.602673611517744,40.671634674072266,1637600
2013-05-29,40.46475003136053,40.610333192431405,40.181241827194285,40.40345001220703,761100
2013-05-30,40.34215497999319,40.663971328176515,40.34215497999319,40.54137420654297,3091100
2013-05-31,40.22721844743221,40.35747660891462,39.83644104003906,39.83644104003906,1482500
2013-06-03,39.8977314629648,40.01266752276175,39.66786226631632,39.982017517089844,5054200
2013-06-04,40.0663102751495,40.165918425831606,39.683193908983476,39.83644104003906,1042700
2013-06-05,39.65254491509933,39.67553096231609,39.18514246871858,39.223453521728516,2240500
2013-06-06,39.19280651049428,39.506961822509766,39.031895410821186,39.506961822509766,1590000
2013-06-07,39.62955663658728,39.9360479663561,39.47630951022996,39.92072296142578,814700
2013-06-10,40.035660216769216,40.035660216769216,39.76747992995008,39.874752044677734,507300
2013-06-11,39.39202988625031,39.690860223893736,39.269432749705665,39.42267990112305,1596600
2013-06-12,39.790459065168875,39.798120105056206,39.19279857381315,39.231109619140625,1377900
2013-06-13,39.1621583400309,39.867091103375024,39.1621583400309,39.79813003540039,866300
2013-06-14,39.64487907941494,39.82111224030552,39.39202089882479,39.43799591064453,820500
2013-06-17,39.844103399854404,40.05098659518409,39.65254521043203,39.85942840576172,542600
2013-06-18,39.92838355040709,40.17357776267537,39.91305854677213,40.11994171142578,794400
2013-06-19,40.012670405136014,40.14292855420685,39.4073459027647,39.43799591064453,1477100
2013-06-20,38.87865308553002,38.87865308553002,38.15073134978861,38.25033950805664,2294200
2013-06-21,38.549165830117346,38.58747687818362,37.959166336470815,38.36526870727539,2499300
2013-06-24,37.72163772583008,38.012806987665506,37.39215741129298,37.72163772583008,3674100
2013-06-25,38.150727637940605,38.26566079159357,37.80592233109004,38.17371368408203,1302700
2013-06-26,38.43423292262288,38.602805055507396,38.32696081004031,38.533843994140625,1398400
2013-06-27,38.86986487890837,39.02506556981381,38.82330378357466,38.90090560913086,1849100
2013-06-28,38.86209593994194,39.01729362976039,38.660334206848056,38.80001449584961,2171600
2013-07-01,39.032819480544056,39.288901033132156,39.00177875413218,39.04833984375,1916500
2013-07-02,38.97848193770213,39.21904301752707,38.737920857877185,38.90864181518555,1916600
2013-07-03,38.714651163283996,38.9862530210456,38.590491244372,38.885372161865234,613700
2013-07-05,39.203532586467105,39.203532586467105,38.79225340541635,39.12593078613281,453600
2013-07-08,39.30441323614631,39.43633185569859,39.234573096322755,39.312171936035156,668800
2013-07-09,39.62257095918252,39.630329658629584,39.37425113399502,39.59928894042969,578800
2013-07-10,39.59153096286683,39.83209209299349,39.53721118512949,39.638092041015625,752300
2013-07-11,40.35200954397672,40.53048923096577,40.17352985698767,40.51496887207031,893600
2013-07-12,40.352015917930935,40.452896786583516,40.28993447254281,40.383056640625,817600
2013-07-15,40.49945343846003,40.600334303446076,40.452895316317345,40.5615348815918,1651200
2013-07-16,40.53049278746397,40.56153350797866,40.33649272455621,40.468414306640625,1227200
2013-07-17,40.67016831570811,40.7167293910377,40.52272935080627,40.615848541259766,980500
2013-07-18,40.60809017483161,40.856409991545796,40.60809017483161,40.77104949951172,1262700
2013-07-19,40.68569484624359,40.825375133216426,40.608096002461416,40.794334411621094,622700
2013-07-22,40.87969017046199,40.980571023833164,40.78657097669172,40.941768646240234,1091600
2013-07-23,41.11249458246541,41.11249458246541,40.93401487284174,40.98833465576172,1538100
2013-07-24,41.09696967311439,41.104731332790294,40.72448993422824,40.82537078857422,1985000
2013-07-25,40.724492943057264,40.96505408728456,40.60809468117132,40.93401336669922,1203000
2013-07-26,40.71671970055936,40.864158630371094,40.514958049022255,40.864158630371094,1174700
2013-07-29,40.64689254760742,40.71673268615097,40.54601168966543,40.64689254760742,570300
2013-07-30,40.70897426402678,40.80209642962869,40.47617477043433,40.56929397583008,511900
2013-07-31,40.6158524898455,40.87193102853943,40.491692570435056,40.57705307006836,1044300
2013-08-01,40.918491026271994,41.19009287794122,40.918491026271994,41.143531799316406,1998700
2013-08-02,41.14353264723226,41.26769256591797,41.011611068512835,41.26769256591797,621900
2013-08-05,41.19785729656956,41.21337765826566,41.06593570225592,41.20561599731445,1671900
2013-08-06,41.17457781349423,41.21337723723494,40.887455565359176,40.965057373046875,2080000
2013-08-07,40.848654194309844,40.87193325540327,40.71673556783892,40.794334411621094,903300
2013-08-08,41.04266072251781,41.16682066823101,40.84090192081134,41.128021240234375,1324700
2013-08-09,41.00385204968695,41.19785210613698,40.9572909704648,41.112491607666016,729700
2013-08-12,40.96506456844028,41.112503588634716,40.87970404509363,41.08146286010742,1201400
2013-08-13,41.24441173125805,41.30649020782634,40.95728952648642,41.29096984863281,1433300
2013-08-14,41.29097064143991,41.33753171991451,41.15129036622201,41.18233108520508,1302000
2013-08-15,40.80209838396404,40.83313614711182,40.48393540989408,40.74001693725586,1234500
2013-08-16,40.75553579305638,40.8331346383681,40.60809680288165,40.68569564819336,680400
2013-08-19,40.63913573715763,40.6624177595877,40.34425774830211,40.35201644897461,1441200
2013-08-20,40.313214326387204,40.53825511350578,40.23561252382593,40.39857482910156,819700
2013-08-21,40.173537514673704,40.3520172356837,39.89417692171672,40.01057815551758,730100
2013-08-22,40.24336710600248,40.42184678019248,40.16576531709015,40.36752700805664,982900
2013-08-23,40.57704951992131,40.67792741047472,40.421848894185494,40.62360763549805,706600
2013-08-26,40.608093865733295,40.68569270543235,40.390811786205155,40.42961120605469,796400
2013-08-27,40.01056754636145,40.13472744806398,39.715686669740876,39.754486083984375,729000
2013-08-28,39.72344904838,39.95625147581828,39.61480949435191,39.79328918457031,740700
2013-08-29,39.855377590661945,40.0416160129325,39.73897635658808,39.863136291503906,784700
2013-08-30,39.886419943463,39.89417864462184,39.58377731455185,39.64585876464844,661600
2013-09-03,40.274416992011005,40.32873677651541,39.89417554027392,40.0416145324707,1299700
2013-09-04,40.080421170897914,40.42961897686756,39.995060654698555,40.39081954956055,1333900
2013-09-05,40.37529214509655,40.50721372718097,40.328734024530554,40.468414306640625,761000
2013-09-06,40.62360941158935,40.778810044110635,40.27441168867376,40.6003303527832,904000
2013-09-09,40.78657632748185,41.128015389570095,40.78657632748185,41.104736328125,1314000
2013-09-10,41.438415785596426,41.4927355679205,41.31425586025481,41.4849739074707,839700
2013-09-11,41.345289751144385,41.6401706563045,41.345289751144385,41.63241195678711,565000
2013-09-12,41.50825402396407,41.60137322364587,41.39961150409498,41.42289352416992,792500
2013-09-13,41.44618267524204,41.58586298887672,41.3763425184247,41.562583923339844,536100
2013-09-16,42.051444790199064,42.13680527571874,41.82640700861729,41.857444763183594,1481700
2013-09-17,41.911767171981936,41.98160730451167,41.86520905709923,41.95832824707031,1105300
2013-09-18,42.05920964630872,42.88176792885315,41.872968303725514,42.811927795410156,1204100
2013-09-19,42.804177137301885,42.86625858322731,42.63345612121325,42.69553756713867,1380700
2013-09-20,42.68001261843564,42.72657369787535,42.40841372221889,42.42393112182617,4902300
2013-09-23,42.30752346687608,42.45496241204615,42.1523228634203,42.32304382324219,1546600
2013-09-24,42.24544867122185,42.43944871593573,42.13680911981499,42.23768997192383,815500
2013-09-25,42.21441539042498,42.330813653473236,42.098014167170646,42.16785430908203,1057400
2013-09-26,42.191136241269994,42.42393574341742,42.17561587976599,42.3152961730957,680900
2013-09-27,42.160096138498574,42.214415920644576,42.059215274424815,42.13681411743164,576000
2013-09-30,41.810900254134594,41.97385961939604,41.663458291102046,41.84193801879883,898400
2013-10-01,41.84194185716357,42.2144246693686,41.84194185716357,42.18338394165039,1159200
2013-10-02,41.98937460424318,42.17561300920282,41.841932660093555,42.16785430908203,861100
2013-10-03,42.14457626985879,42.1523349701676,41.71777374772036,41.87297439575195,1012100
2013-10-04,41.872970247504405,42.13681043495831,41.81089177056541,42.0980110168457,566700
2013-10-07,41.55480177770927,41.94280179983579,41.55480177770927,41.74104309082031,858300
2013-10-08,41.77209157054094,41.81089098792727,41.30648968128751,41.3220100402832,981100
2013-10-09,41.47720618827491,41.5315259587875,41.15128460499392,41.391845703125,867000
2013-10-10,41.81864916489245,42.28425104832923,41.756570689891,42.23768997192383,718500
2013-10-11,42.121287069004474,42.50152844385996,42.121287069004474,42.49376678466797,864900
2013-10-14,42.307530502305475,42.672251537046165,42.22992870757034,42.62569046020508,1336100
2013-10-15,42.540330295814144,42.633449490012254,42.33857154835059,42.40065002441406,4980600
2013-10-16,42.62569104989305,42.850731817429505,42.57137127292988,42.827449798583984,1975300
2013-10-17,42.81968679495183,43.24648626827815,42.81968679495183,43.23872756958008,1318800
2013-10-18,43.41721915071067,43.51810002268957,43.26977719315543,43.47929763793945,797300
2013-10-21,43.51033020019531,43.55689127703795,43.43273136566337,43.51033020019531,2871200
2013-10-22,43.68105348245256,43.968172737546595,43.657771462705625,43.83625411987305,691200
2013-10-23,43.58793246126725,43.58793246126725,43.36289463935161,43.5025749206543,647500
2013-10-24,43.67329367325168,43.704334394092406,43.53361338967448,43.66553497314453,502900
2013-10-25,43.688815146642064,43.71209716796875,43.549134859506516,43.71209716796875,1269400
2013-10-28,43.712095784478876,43.81297368627921,43.62673528279702,43.743133544921875,419800
2013-10-29,43.758665627133986,43.906107609610075,43.758665627133986,43.898345947265625,736300
2013-10-30,43.99922232883045,43.99922232883045,43.54138198423691,43.735382080078125,489000
2013-10-31,43.696558398328506,43.78967756378686,43.48703805589353,43.49479675292969,718800
2013-11-01,43.463767085350675,43.57240959288928,43.285287406131445,43.4870491027832,1841400
2013-11-04,43.549131977966134,43.69657391585675,43.50257385880568,43.688812255859375,767800
2013-11-05,43.393937798301806,43.50258033299191,43.223219735630124,43.40945816040039,1185800
2013-11-06,43.61121736178951,43.76641801350957,43.572417938911045,43.65001678466797,572000
2013-11-07,43.67329433964419,43.681056000075834,42.95937551065049,42.9826545715332,1791700
2013-11-08,42.91281841407117,43.40945816040039,42.91281841407117,43.40945816040039,790300
2013-11-11,43.41721383430352,43.47153361405466,43.347373694594054,43.42497253417969,588600
2013-11-12,43.370644264221205,43.424964033338746,43.18440590159118,43.300804138183594,559600
2013-11-13,43.07577052615326,43.56465148925781,42.99817168892658,43.56465148925781,586500
2013-11-14,43.54137464703632,43.81297355136401,43.52585428675959,43.78193283081055,721500
2013-11-15,43.92161498556154,44.10785635661611,43.92161498556154,44.10009765625,523500
2013-11-18,44.23201899755509,44.317379507850056,43.975937466670196,44.05353927612305,783300
2013-11-19,44.06130136291649,44.10010375072791,43.85178090160242,43.93714141845703,1107000
2013-11-20,44.0457734427222,44.08457582387614,43.58017447093557,43.66553497314453,766200
2013-11-21,43.80520539764373,43.97592340343271,43.750885628501045,43.95264434814453,1949000
2013-11-22,43.88282340309538,44.16218402948263,43.88282340309538,44.146663665771484,1686700
2013-11-25,44.1621751608744,44.19321588206312,43.96817509375402,44.01473617553711,825000
2013-11-26,44.04576135722489,44.084563727732046,43.91384277015739,43.968162536621094,1442500
2013-11-27,44.06905568666903,44.16993358960325,44.03801496567108,44.09233474731445,638100
2013-11-29,44.22424842183096,44.37944607865104,44.16216699093848,44.169925689697266,1040900
2013-12-02,44.13112413945164,44.20096426572249,43.898324705283954,43.91384506225586,1374100
2013-12-03,43.789690543156766,43.84401031912506,43.56464977974196,43.696571350097656,987300
2013-12-04,43.47153734460732,43.68881648225791,43.25425820695673,43.572418212890625,1026300
2013-12-05,43.54137606822478,43.572416789791404,43.33961433824782,43.37065505981445,887600
2013-12-06,43.84401308046556,43.93713227938941,43.68881244212183,43.8828125,465300
2013-12-09,43.93712399121728,44.02248447421447,43.89056588064092,43.95264434814453,1096800
2013-12-10,43.789703084512055,43.95266245908845,43.789703084512055,43.86730194091797,3442800
2013-12-11,43.867294365523854,43.867294365523854,43.32409654407344,43.36289596557617,733200
2013-12-12,43.16113868697059,43.28529862470279,42.967138599251115,43.06026077270508,9388300
2013-12-13,43.13010310076883,43.145620503588376,42.9438617046621,43.044742584228516,6322800
2013-12-16,43.285303805835724,43.463783552676404,43.262024739789,43.38618469238281,4815600
2013-12-17,43.37065474807395,43.37065474807395,43.13785525840983,43.2154541015625,1157800
2013-12-18,43.38602331332623,43.933728435100285,43.00262883265855,43.9180793762207,1249200
2013-12-19,43.79288868224114,43.88678004817653,43.63640108251368,43.86330795288086,1389200
2013-12-20,43.91025723385082,44.137164130522606,43.8867851358341,44.058921813964844,1439900
2013-12-23,44.371887469283564,44.40318558515558,44.25452401189243,44.34841537475586,582200
2013-12-24,44.395370248050256,44.497084665145714,44.34842306610019,44.489261627197266,404400
2013-12-26,44.551849707147795,44.70051427366838,44.50490551540679,44.66921615600586,309400
2013-12-27,44.8491835698782,44.864832631401235,44.7552921854933,44.810062408447266,666400
2013-12-30,44.864827673869385,44.92742092829171,44.817880494487916,44.89612579345703,652000
2013-12-31,45.00565434340682,45.13084380394785,44.95870717642186,45.08389663696289,1597400
2014-01-02,44.74745568492116,44.74745568492116,44.332766098295195,44.44230651855469,1530400
2014-01-03,44.45796347489504,44.559680876672694,44.3484230351744,44.41884231567383,834700
2014-01-06,44.48142784669687,44.497076904617614,44.26234700531168,44.27799606323242,1400600
2014-01-07,44.41883827423654,44.559676822421245,44.41883827423654,44.51272964477539,2486000
2014-01-08,44.43448088417385,44.575319411917064,44.387533713341966,44.497074127197266,510500
2014-01-09,44.606623630263634,44.606623630263634,44.231055141338636,44.45796203613281,793600
2014-01-10,44.653571848094,44.75528924894303,44.52055931100558,44.74746322631836,1145500
2014-01-13,44.708333264811216,44.71615928589502,44.23104746028465,44.317115783691406,953200
2014-01-14,44.43448102625369,44.731804154882354,44.32494061204814,44.70833206176758,1177500
2014-01-15,44.723989120477945,44.9352469505651,44.7005170231637,44.89612579345703,670300
2014-01-16,44.87264833251218,44.87264833251218,44.70051465341155,44.85700225830078,1225800
2014-01-17,44.85699952773646,44.85699952773646,44.63791570032663,44.70051193237305,907000
2014-01-21,44.880478779871,44.958721097654404,44.62227375863019,44.8178825378418,2054800
2014-01-22,44.84917597283172,44.92741828244005,44.755284604351175,44.88047409057617,1396200
2014-01-23,44.723989821887024,44.723989821887024,44.278002057404,44.4814338684082,2046500
2014-01-24,44.098042673198506,44.098042673198506,43.40949895009786,43.425148010253906,1650100
2014-01-27,43.51904046677995,43.51904046677995,42.96351224883838,43.1982421875,1306000
2014-01-28,43.323430380276285,43.55033727419769,43.2843092224716,43.519039154052734,985700
2014-01-29,43.127819023487945,43.33125380749302,42.96350837969735,43.05739974975586,2419300
2014-01-30,43.339096075879574,43.503406792581046,43.19825746591998,43.409515380859375,1044400
2014-01-31,42.838320584238055,43.25301022107412,42.697482031208274,42.994808197021484,1262500
2014-02-03,43.0104567915937,43.0104567915937,42.0402359906323,42.0793571472168,1622900
2014-02-04,42.42363477707382,42.52534919752501,42.228025989624754,42.4784049987793,1608700
2014-02-05,42.321919710915864,42.525351547814736,42.16543207535722,42.44710922241211,1216200
2014-02-06,42.58793674561879,43.15129089355469,42.57228768764806,43.15129089355469,1346100
2014-02-07,43.40949409017687,43.69899420876999,43.237357432485055,43.65205001831055,1431600
2014-02-10,43.60509781619725,43.60509781619725,43.46425929154974,43.59727478027344,658200
2014-02-11,43.675521877987755,44.285820228690596,43.675521877987755,44.19192886352539,1189300
2014-02-12,44.2936501091121,44.426662639288196,44.16063459418306,44.262351989746094,794700
2014-02-13,43.98067525189302,44.47361018938488,43.88678387776461,44.450138092041016,527300
2014-02-14,44.348423127659004,44.71616859156217,44.348423127659004,44.63010025024414,3758300
2014-02-18,44.79440398351406,44.88047231152316,44.661391465501936,44.80222702026367,505700
2014-02-19,44.755288242620125,44.911775859310836,44.48926018967183,44.52838134765625,1450100
2014-02-20,44.42666611234355,44.79441158176024,44.39537097528399,44.731815338134766,1185400
2014-02-21,44.78658238031027,44.95871605708552,44.75528426280467,44.76310729980469,1127900
2014-02-24,44.958717684445006,45.31863709452898,44.8961244319209,45.07608413696289,1555400
2014-02-25,45.06824747415943,45.19343693440285,44.89611383179484,44.943058013916016,1284900
2014-02-26,45.036962604581674,45.08390679739413,44.78658362707242,44.88829803466797,1051300
2014-02-27,44.770929472559075,45.16214695348741,44.770929472559075,45.138671875,1176000
2014-02-28,45.1386762945555,45.45165150384276,45.00566377069774,45.23257064819336,1432900
2014-03-03,44.72398515676166,44.81005348562329,44.411009958128936,44.614444732666016,1470900
2014-03-04,45.20127377410697,45.41253159847609,45.20127377410697,45.35776138305664,600000
2014-03-05,45.34993978439096,45.428185088874216,45.279520502732616,45.318641662597656,3054800
2014-03-06,45.54554370803425,45.73332943400116,45.54554370803425,45.615962982177734,862100
2014-03-07,45.756802633918056,45.756802633918056,45.295165822234296,45.459476470947266,743300
2014-03-10,45.2247408568431,45.33428127553755,45.05260719236005,45.30298614501953,960800
2014-03-11,45.404698005781704,45.44382214006035,44.96653635548376,45.05260467529297,645400
2014-03-12,44.802227406668905,44.99783615937568,44.6613918506925,44.990013122558594,516000
2014-03-13,45.05260897986049,45.14650034464488,44.24669889580709,44.356239318847656,847400
2014-03-14,44.16846412716785,44.4970854523728,44.16846412716785,44.21540832519531,3722900
2014-03-17,44.48925123335647,44.786577346737566,44.45013008324769,44.70833206176758,677200
2014-03-18,44.73181455619221,45.060438859974994,44.73181455619221,45.00566864013672,726300
2014-03-19,44.9587174235224,45.05261177889293,44.332769978149784,44.58314895629883,665600
2014-03-20,44.39537150524329,44.723992833940315,44.27800503942109,44.684871673583984,766700
2014-03-21,44.825704897210095,45.02913669767387,44.53620177861356,44.58314895629883,724800
2014-03-24,44.69269200204263,44.81788149844459,44.34059561067679,44.52838134765625,1835200
2014-03-25,44.88047616865924,44.94306942229358,44.637920222038,44.872650146484375,1268500
2014-03-26,45.10738206920065,45.17780134346981,44.7239875793457,44.7239875793457,764200
2014-03-27,44.79440047759584,44.93523900608726,44.645738912967104,44.84917068481445,2952600
2014-03-28,45.052610908939016,45.31863595642676,45.052610908939016,45.16215133666992,1341200
2014-03-31,45.47513081528635,45.56902518382216,45.39688849292644,45.490779876708984,1227500
2014-04-01,45.61595839323088,45.82721619440889,45.61595839323088,45.819393157958984,1410900
2014-04-02,45.881992639997904,45.96806097640782,45.78810126607479,45.92893981933594,1377600
2014-04-03,45.991525649168395,45.991525649168395,45.67072743736151,45.83504104614258,667300
2014-04-04,45.96022910483265,46.101064646270686,45.428173113613774,45.498592376708984,1196300
2014-04-07,45.334283840555194,45.5142435364143,45.06825581520853,45.177799224853516,942400
2014-04-08,45.13085393631423,45.436003128345284,45.060434662403,45.334285736083984,689700
2014-04-09,45.54554734630726,45.87417164681234,45.40470878676982,45.8506965637207,1510500
2014-04-10,45.71767911095183,45.80374744194268,44.93524407976628,44.974365234375,1258900
2014-04-11,44.84135809218299,45.005668752106615,44.59880212890065,44.63010025024414,1910000
2014-04-14,44.84916956539691,45.00565714700956,44.63008874199064,44.935237884521484,764100
2014-04-15,44.85700146815761,45.02913514422615,44.37188960307082,44.92741775512695,772100
2014-04-16,45.15432610739411,45.47512435913086,45.15432610739411,45.47512435913086,1604600
2014-04-17,45.498599515107166,45.70985435278477,45.40470515974728,45.615962982177734,292500
2014-04-21,45.61595687638939,45.72549729156086,45.56118666880366,45.717674255371094,199300
2014-04-22,45.82721623881233,45.96023173660999,45.756796971684764,45.88981246948242,2662800
2014-04-23,45.88199491962366,45.88199491962366,45.702035200349414,45.756805419921875,418900
2014-04-24,45.82722617125785,45.88199639258861,45.55337506460401,45.78810501098633,1221500
2014-04-25,45.58466122784621,45.66290651773853,45.35775734904004,45.4516487121582,661700
2014-04-28,45.52988936785191,45.725498108367304,45.209091152796766,45.584659576416016,833600
2014-04-29,45.86633946701466,45.95240779570614,45.74114998475961,45.881988525390625,601100
2014-04-30,45.86633747907965,46.05412318669958,45.74897402347568,46.0306510925293,721700
2014-05-01,45.99152638805215,46.13236492084003,45.928933142786725,46.00717544555664,3009900
2014-05-02,46.05412670061489,46.171490165173644,45.90546213351988,45.983707427978516,1389500
2014-05-05,45.78809866896112,45.99153046504798,45.62378802772719,45.983707427978516,3007300
2014-05-06,45.921103421197934,45.99934870241514,45.76461882826809,45.77244186401367,501700
2014-05-07,45.8741693379188,45.960237673832346,45.592492233021,45.95241165161133,766800
2014-05-08,46.0150064156723,46.218438215605026,45.842869749361874,45.921112060546875,775800
2014-05-09,45.881998821184474,45.97589020775656,45.7255111870621,45.96806716918945,453800
2014-05-12,46.07760161823053,46.367101763573615,46.07760161823053,46.35145568847656,409400
2014-05-13,46.44534917703296,46.476647298157715,46.38275293478345,46.4140510559082,2999700
2014-05-14,46.476637223954974,46.476637223954974,46.24973037211412,46.304500579833984,660900
2014-05-15,46.32797157135362,46.32797157135362,45.78809254320431,46.01499938964844,2746400
2014-05-16,46.14801437493463,46.19496154785156,45.92110751629832,46.19496154785156,289600
2014-05-19,46.10107221453057,46.26538584522915,46.007180843240576,46.24973678588867,224800
2014-05-20,46.163668266485416,46.24191057812069,45.80374885735859,45.897640228271484,1445600
2014-05-21,46.03065566165455,46.28885767741514,46.03065566165455,46.27320861816406,415000
2014-05-22,46.33580609909553,46.453169569500034,46.26538682295165,46.398399353027344,1150900
2014-05-23,46.33580410084496,46.562707994409514,46.33580410084496,46.547061920166016,324200
2014-05-27,46.672258870668415,46.78179931640625,46.62531168617222,46.78179931640625,952100
2014-05-28,46.76613612099533,46.76613612099533,46.60964853805581,46.695716857910156,367700
2014-05-29,46.88351062143802,46.96175592372866,46.742675046821056,46.95392990112305,747400
2014-05-30,46.94610686327053,46.96957896158118,46.84438946266925,46.95392990112305,1183000
2014-06-02,46.98522597740688,47.05564525402751,46.87568554371989,47.03217315673828,1832000
2014-06-03,46.95392266222995,47.14170837402344,46.860031298709515,47.14170837402344,798400
2014-06-04,46.820917957232695,47.071296958227,46.820917957232695,47.04782485961914,334800
2014-06-05,47.20430093116697,47.399909664377994,46.993043141128766,47.352962493896484,520300
2014-06-06,47.446867778258195,47.611178446048704,47.446867778258195,47.603355407714844,343900
2014-06-09,47.5798733435609,47.69723680250963,47.50162805284243,47.6346435546875,241700
2014-06-10,47.59553066370816,47.66594696044922,47.47033817682672,47.66594696044922,296900
2014-06-11,47.52510508753768,47.52510508753768,47.34514240385816,47.41556167602539,1150600
2014-06-12,47.384273470931355,47.50163695186713,47.14954053955339,47.24343490600586,1449800
2014-06-13,47.196474910377184,47.37643458676104,47.196474910377184,47.352962493896484,637700
2014-06-16,47.180830820416936,47.41556072803041,47.180830820416936,47.337318420410156,245600
2014-06-17,47.15736399030653,47.39991994661557,47.15736399030653,47.368621826171875,420200
2014-06-18,47.360790758286875,47.78330638500652,47.329495625930136,47.75983428955078,619300
2014-06-19,47.94761180634468,47.94761180634468,47.75982909362274,47.86936950683594,975400
2014-06-20,47.838070225608625,47.90848948734882,47.81459813327933,47.88501739501953,1231200
2014-06-23,47.85372452597406,47.93196683214717,47.697236928875185,47.84590148925781,657700
2014-06-24,47.72854223349805,47.90850195260152,47.485986272226526,47.51728439331055,1001500
2014-06-25,47.466505959981056,47.696576972744815,47.3951037763195,47.63311004638672,391900
2014-06-26,47.60929622772085,47.68863365023324,47.36335778396548,47.68069839477539,510100
2014-06-27,47.52996792214443,47.775909423828125,47.52996792214443,47.775909423828125,664600
2014-06-30,47.688642274710695,47.85524635249719,47.688642274710695,47.80764389038086,1314100
2014-07-01,47.9425143292269,48.27572247304988,47.9425143292269,48.17258834838867,3003100
2014-07-02,48.26780319213867,48.26780319213867,48.148798522324654,48.26780319213867,1883900
2014-07-03,48.23607228051747,48.52168109104133,48.23607228051747,48.50581359863281,1063600
2014-07-07,48.34713545308394,48.34713545308394,48.20433106627656,48.283668518066406,1462000
2014-07-08,48.109128402233516,48.15673087256699,47.78385242099047,47.88698959350586,1163800
2014-07-09,47.9742615534979,48.10913068622426,47.89492409917554,48.085330963134766,940700
2014-07-10,47.60931589017041,47.83938997085615,47.35544208610836,47.76005554199219,645300
2014-07-11,47.77591557775508,47.82351501707992,47.61724371837297,47.78384780883789,486100
2014-07-14,48.18845883841932,48.204323299806944,48.06152196242142,48.069454193115234,516400
2014-07-15,48.117055841498285,48.18052276521529,47.78384465613917,47.96631622314453,614400
2014-07-16,48.2598736427446,48.26780587551309,48.11706924159457,48.2202033996582,563800
2014-07-17,48.02185963636479,48.164664023676465,47.56171452001609,47.60931396484375,391000
2014-07-18,47.886991866950524,48.148797900178224,47.78385468953867,48.085330963134766,591400
2014-07-21,47.92664901751968,48.01391868574263,47.76004493804702,47.96631622314453,573900
2014-07-22,48.20432810550805,48.28366555242489,48.148793405873334,48.19639587402344,2210600
2014-07-23,48.25192990074913,48.347131809307534,48.22813018021306,48.307464599609375,433900
2014-07-24,48.331268310546875,48.418537994936585,48.299536356016915,48.331268310546875,1574500
2014-07-25,48.26780057075819,48.26780057075819,48.02979427047053,48.124996185302734,854600
2014-07-28,48.20432810550805,48.23606308427479,47.942522096717845,48.19639587402344,556500
2014-07-29,48.25192277214869,48.29952523260229,47.982181549072266,47.982181549072266,443700
2014-07-30,48.18052843168034,48.18052843168034,47.80764999684251,48.00598907470703,689100
2014-07-31,47.64897423645501,47.64897423645501,47.101556524135766,47.11742401123047,1120300
2014-08-01,46.919090270996094,47.21263124942756,46.75248617727127,46.919090270996094,709700
2014-08-04,47.022226219117975,47.34750216691478,46.84768687225638,47.25230026245117,899300
2014-08-05,47.06188830651062,47.07775579326375,46.55414083606521,46.69694519042969,582000
2014-08-06,46.538271520798595,46.792145246046466,46.42720214430434,46.65727615356445,605100
2014-08-07,46.73662345385162,46.808025647930464,46.22094060479173,46.347877502441406,1773100
2014-08-08,46.347878679564765,46.823894327651466,46.20507731419464,46.80009460449219,1923400
2014-08-11,46.99842885672463,47.13329797594435,46.81595424326457,46.96669387817383,1228900
2014-08-12,46.942885665930625,47.02222310307111,46.82388404984055,46.95082092285156,1475500
2014-08-13,47.1253676974122,47.291971802086884,47.10156494930564,47.2205696105957,275200
2014-08-14,47.29989127321936,47.44269561767578,47.29989127321936,47.44269561767578,264200
2014-08-15,47.56171103041459,47.688647917998914,47.085695432162794,47.45064163208008,826100
2014-08-18,47.71244874575773,47.791786193847656,47.633114324082,47.791786193847656,394900
2014-08-19,47.87904439796296,48.005981266092235,47.83937719412512,47.982181549072266,5075300
2014-08-20,47.84731790207159,48.037721712751726,47.831450413445914,47.99805450439453,1666400
2014-08-21,48.06152925088604,48.17259865592599,48.0218590121595,48.124996185302734,1014500
2014-08-22,48.029783830038774,48.10118600724552,47.83937701534958,47.95838165283203,744100
2014-08-25,48.12500095837355,48.31540783333694,48.12500095837355,48.25193786621094,567000
2014-08-26,48.25986515853723,48.41853399732985,48.25986515853723,48.307464599609375,692800
2014-08-27,48.33920020523585,48.402667136293694,48.29159773713186,48.386802673339844,737200
2014-08-28,48.10912733146532,48.25193171287306,48.07739235194933,48.24399948120117,1099200
2014-08-29,48.267801375072594,48.331268310546875,48.1170647552086,48.331268310546875,2565100
2014-09-02,48.386799702255196,48.386799702255196,48.140858171773935,48.299530029296875,895500
2014-09-03,48.632741030561014,48.64860851987618,48.418534464427566,48.46613693237305,1407100
2014-09-04,48.52960339505034,48.64860805055892,48.20432743326288,48.307464599609375,2042900
2014-09-05,48.307462401546324,48.513736724853516,48.140858312546335,48.513736724853516,600300
2014-09-08,48.36299213731218,48.36299213731218,48.061518967114345,48.17258834838867,555500
2014-09-09,48.093260396581805,48.093260396581805,47.807651630471135,47.918724060058594,528400
2014-09-10,47.95044954781114,48.09325391161051,47.77591323482268,48.069454193115234,823800
2014-09-11,47.85525410029433,47.942523781763065,47.7679844188256,47.918724060058594,2468900
2014-09-12,47.83937021338696,47.84730546884481,47.577564285129114,47.68069839477539,850200
2014-09-15,47.69657931489482,47.70451457258794,47.553774940559265,47.64104461669922,426800
2014-09-16,47.529974513700225,48.02978981644412,47.48237204749137,47.94252014160156,1052700
2014-09-17,47.942517499107076,48.05358688772513,47.68864374614757,47.799713134765625,744500
2014-09-18,47.958388100751954,48.124992194496095,47.958388100751954,48.101192474365234,459000
2014-09-19,48.172588184452266,48.228122874900436,47.89491170579775,47.95838165283203,439300
2014-09-22,47.823518712039196,47.863188949760236,47.48237524725499,47.569644927978516,497000
2014-09-23,47.379242623562476,47.49824426130173,47.252305727458676,47.26817321777344,1246300
2014-09-24,47.347492402894375,47.609298342783056,47.15708560681896,47.56169891357422,648300
2014-09-25,47.37923351318859,47.37923351318859,46.79214859008789,46.79214859008789,817100
2014-09-26,46.86355027054265,47.23642865123388,46.83975055310746,47.11742401123047,550600
2014-09-29,46.625536592360994,46.91114526175827,46.56206665408906,46.84767532348633,754100
2014-09-30,46.76041542101847,46.95082224912049,46.60174659508296,46.72868347167969,1182400
2014-10-01,46.58587814176508,46.61761009044625,46.01466069571073,46.1177978515625,1328100
2014-10-02,45.95912534033002,46.07019472514836,45.48311282641891,45.935325622558594,1546200
2014-10-03,46.02259657484731,46.29233783171149,45.974997134845076,46.19713592529297,1051900
2014-10-06,46.42720647179513,46.570010833859584,46.2367996469046,46.43513870239258,2214500
2014-10-07,46.21299358106364,46.244728551922044,45.72904586791992,45.72904586791992,2276100
2014-10-08,45.80839447423024,46.54621305505957,45.522785719630946,46.48274612426758,1720000
2014-10-09,46.30821097813875,46.32407846888276,45.39585295846633,45.43552017211914,3523800
2014-10-10,45.332382309541565,45.47518669766239,44.74530029296875,44.74530029296875,1409200
2014-10-13,44.96742897330225,45.181635507209734,44.412079036476946,44.43587875366211,1308400
2014-10-14,44.626296029620384,44.93570453119945,44.372422232098366,44.499359130859375,1734500
2014-10-15,44.02333421194999,44.30100765462146,43.27757749206626,44.182003021240234,6117400
2014-10-16,43.412456141465114,44.42001896935932,43.29345149018402,44.05507278442383,2372700
2014-10-17,44.60249459758311,44.88016810722721,44.43588746538238,44.67389678955078,1354800
2014-10-20,44.61836221584639,45.02297262054975,44.578691977428136,44.99123764038086,1408800
2014-10-21,45.26096431958636,45.71317704867707,45.157827180512584,45.65764236450195,710900
2014-10-22,45.65765801558552,45.800462402820415,45.292714815502734,45.3085823059082,1482500
2014-10-23,45.77665893179924,46.03053270466852,45.6417867876045,45.81632614135742,1512400
2014-10-24,45.79252010302055,46.09399327520048,45.74491764226987,46.078128814697266,929000
2014-10-27,45.78459446985536,46.006736306970346,45.65765757425292,45.95119857788086,1492600
2014-10-28,46.276468361465234,46.53827433238808,46.19713092602368,46.53034210205078,951400
2014-10-29,46.609678705012506,46.75248306911544,46.133666175611964,46.32406997680664,3362300
2014-10-30,46.16539857247888,46.792150729183746,46.16539857247888,46.67314910888672,1028700
2014-10-31,47.17296083922624,47.33956492164522,47.053959220247194,47.29196548461914,1484200
2014-11-03,47.1412235496799,47.20469349781773,46.998422219197195,47.093624114990234,1308300
2014-11-04,46.86355522092319,46.958757127134234,46.62554894218854,46.871490478515625,1337600
2014-11-05,47.07776476760995,47.09363225738786,46.84769070545152,47.06189727783203,651100
2014-11-06,46.9666866072166,47.08568821873818,46.80801476544085,47.014286041259766,595000
2014-11-07,47.01429759061654,47.125370025634766,46.879428459144584,47.125370025634766,744300
2014-11-10,47.22849655151367,47.29196650413519,47.117427160839924,47.22849655151367,338800
2014-11-11,47.28403172343479,47.387168884277344,47.20469730827218,47.387168884277344,1422200
2014-11-12,47.03809965974908,47.27610596423215,47.03809965974908,47.2364387512207,3081100
2014-11-13,47.33956657556555,47.45857122511615,47.11742779124596,47.30783462524414,1042200
2014-11-14,47.22057075465311,47.371307373046875,47.16503605174939,47.371307373046875,1108500
2014-11-17,47.19676211228496,47.331631214871315,47.117424675692604,47.299896240234375,367100
2014-11-18,47.466507606085074,47.736245835478705,47.434772628598516,47.64897918701172,796900
2014-11-19,47.60137990758966,47.656914608702046,47.355438355224656,47.569644927978516,724400
2014-11-20,47.33163534641067,47.56964162413558,47.20469846319645,47.537906646728516,578200
2014-11-21,48.10119052236589,48.10119052236589,47.783846810233634,47.9504508972168,669500
2014-11-24,48.10118916871817,48.10118916871817,47.96631703561261,48.069454193115234,969000
2014-11-25,48.17259499717902,48.19639471747588,47.99805564456446,48.045658111572266,1771500
2014-11-26,48.13292773919823,48.25193240087291,48.093260527444755,48.23606491088867,720400
2014-11-28,47.93458488402641,48.045657305180406,47.85525046675901,47.94252014160156,775200
2014-12-01,47.70451457258794,47.81558396897913,47.51410773133585,47.64104461669922,1393200
2014-12-02,47.69657331418199,47.871112644503086,47.63310639269212,47.847312927246094,2527200
2014-12-03,47.85525376234111,47.99805814438796,47.791786829439296,47.97425842285156,908200
2014-12-04,47.91871676099856,47.99805117220528,47.696574962074905,47.863182067871094,2324400
2014-12-05,47.9901231195763,48.005987582067746,47.82351599927563,47.91078567504883,1440100
2014-12-08,47.7759192578054,47.7759192578054,47.36337360220023,47.46651077270508,1268800
2014-12-09,47.07775911559342,47.355432587334725,46.92702252042156,47.315765380859375,4709300
2014-12-10,47.1174291885456,47.22849858399923,46.53034723360096,46.601749420166016,1562300
2014-12-11,46.609691790885535,47.05397249576327,46.56208931401533,46.63349151611328,1327400
2014-12-12,46.41133898446279,46.53827585891929,45.84805679321289,45.84805679321289,2015400
2014-12-15,46.05433417484584,46.14160385503791,45.19751091546256,45.34824752807617,2925100
2014-12-16,45.245103224856294,46.01465970913386,45.118166353611784,45.21337127685547,8379200
2014-12-17,45.299796936530875,46.124010592138774,45.299796936530875,45.97997283935547,4797700
2014-12-18,46.58013183965246,46.99624058832572,46.444097872180976,46.9802360534668,2985200
2014-12-19,47.14027780714254,47.32432537707327,46.90021589212649,47.10826873779297,2189100
2014-12-22,47.29230898845372,47.39633692146334,47.20428864019431,47.388336181640625,2569200
2014-12-23,47.35633662059629,47.48436985131983,47.28431773752973,47.37234115600586,2522900
2014-12-24,47.5163758247185,47.56438637526457,47.39634334324772,47.46036148071289,925200
2014-12-26,47.58839351653729,47.724427476429724,47.49236631273386,47.652408599853516,726900
2014-12-29,47.540384878574535,47.66041736958568,47.44436071729745,47.54838562011719,1271200
2014-12-30,47.42835278346608,47.42835278346608,47.22830068114973,47.23630142211914,1773300
2014-12-31,47.36433756168788,47.41235116811899,46.66815705747845,46.81219482421875,5750200
2015-01-02,46.94022288080977,47.116269699096804,46.53211795507027,46.70016098022461,1424100
2015-01-05,46.43609700789462,46.43609700789462,45.69190287904826,45.77992630004883,2173500
2015-01-06,45.771918792192125,45.95596634864432,45.13175271484697,45.307796478271484,5221500
2015-01-07,45.67589457123741,45.963967016171054,45.56386283689624,45.89995193481445,2697900
2015-01-08,46.30805549869781,46.700158926029886,46.268045692452304,46.62013626098633,1926900
2015-01-09,46.73216591737569,46.73216591737569,46.16401570472332,46.332061767578125,3150200
2015-01-12,46.43609595240804,46.43609595240804,45.89195395545741,46.06800079345703,3101800
2015-01-13,46.41208688901609,46.708163140317446,45.74791245624104,46.100006103515625,7197800
2015-01-14,45.6598881109658,45.939959803618414,45.435827704291206,45.88394546508789,3271000
2015-01-15,46.14002072570886,46.30006303184143,45.74791722831169,45.77992630004883,2808500
2015-01-16,45.78791796431318,46.3560651006472,45.69989456663141,46.31605529785156,2580400
2015-01-20,46.49211242316025,46.58013584617909,46.124017247402556,46.42009353637695,3414900
2015-01-21,46.492108243299114,46.82819736892291,46.32406520676366,46.76417922973633,3439300
2015-01-22,46.8842058420446,47.36432961559546,46.62813942247714,47.30831527709961,2468700
2015-01-23,47.13227633938484,47.30031937204986,47.02024459838867,47.02024459838867,2648400
2015-01-26,47.10826705090745,47.396342559632245,46.97223308987227,47.340328216552734,2029700
2015-01-27,47.08426405889567,47.22830182024169,46.79618853620362,47.012245178222656,1824900
2015-01-28,47.22830654994566,47.22830654994566,46.36407989532109,46.38808822631836,3868100
2015-01-29,46.51611668136042,46.884211824891835,46.26005022911658,46.82819747924805,2817800
2015-01-30,46.34806815719631,46.70016179995066,46.12401078639098,46.19602966308594,4620400
2015-02-02,46.36407885160461,46.84420577754993,46.11601617312502,46.79619216918945,2613100
2015-02-03,47.012243033022855,47.53237970887741,47.012243033022855,47.524375915527344,3016300
2015-02-04,47.38033479404239,47.55638160460121,47.18828650302599,47.244300842285156,1254300
2015-02-05,47.47637506496391,47.77245137579596,47.42836145271275,47.756446838378906,1474700
2015-02-06,47.556382961085994,47.72442598365669,47.2362983968586,47.35633087158203,751500
2015-02-09,47.18028966307041,47.356336499572755,47.100270038780074,47.18829345703125,1836200
2015-02-10,47.38833067056837,47.62038872906834,47.20428315052604,47.588382720947266,450700
2015-02-11,47.4203434882772,47.5723850220317,47.24429973439918,47.46835708618164,880000
2015-02-12,47.77243706064704,48.084517815380245,47.748428735438935,48.06051254272461,592300
2015-02-13,48.16453381253622,48.37258966845125,48.16453381253622,48.364585876464844,629300
2015-02-17,48.22056285367663,48.48463312382987,48.17255229732381,48.40461349487305,1311700
2015-02-18,48.420606757126144,48.55664376631838,48.30857807458704,48.50062942504883,646200
2015-02-19,48.4126065738944,48.612658667174955,48.340587698211294,48.49262619018555,926000
2015-02-20,48.42861263742684,48.86072590517509,48.2365612786878,48.82071304321289,969100
2015-02-23,48.58865165723722,48.71668487026139,48.564643331165286,48.69267654418945,1000400
2015-02-24,48.67667471166734,48.98875547537322,48.60465583907732,48.9167366027832,1046500
2015-02-25,48.83671835920123,49.036770462003204,48.828717618212394,48.94074630737305,1119800
2015-02-26,48.860721588134766,48.94074119988352,48.72468458509886,48.860721588134766,500400
2015-02-27,48.86872153221847,48.98075020786279,48.74068832397461,48.74068832397461,1338200
2015-03-02,48.71669404189655,48.94075144373281,48.71669404189655,48.9327507019043,1381500
2015-03-03,48.75669732163072,48.900735075664855,48.524636156514305,48.67667770385742,1976100
2015-03-04,48.500635066299154,48.500635066299154,48.17254972103722,48.45262145996094,1234800
2015-03-05,48.49262563198023,48.61265810758793,48.38860074250972,48.50062942504883,2542200
2015-03-06,48.21256234213094,48.27658048764478,47.77244827565947,47.84446716308594,1497900
2015-03-09,47.82846577798629,47.98850809976242,47.81246124055334,47.908485412597656,1479900
2015-03-10,47.45235212581773,47.45235212581773,47.02824269875165,47.0362434387207,1199500
2015-03-11,47.07626530825946,47.20429854014145,46.97223735343252,47.06026077270508,993700
2015-03-12,47.38033888507644,47.62040079585125,47.372338144156835,47.61240005493164,626600
2015-03-13,47.43634848688334,47.468357552467396,47.028243584620355,47.30831527709961,729000
2015-03-16,47.58840073782303,47.900481566158966,47.46036749920948,47.8764762878418,672000
2015-03-17,47.73243272448477,47.892471963929395,47.58039117343842,47.82845687866211,1089800
2015-03-18,47.77244255743302,48.75669853274668,47.69241988511921,48.60466003417969,797900
2015-03-19,48.26057173758374,48.388604964879505,48.10853018153988,48.18855285644531,1201400
2015-03-20,48.67668286016892,49.044778025002735,48.604663975522904,48.90874099731445,2492400
2015-03-23,49.02076022582859,49.10878362923184,48.94074061503608,48.95674514770508,846300
2015-03-24,48.97275591756744,49.092785349043204,48.812713623046875,48.812713623046875,585400
2015-03-25,48.956749708844704,48.98875877716488,48.27657379608117,48.30057907104492,1254500
2015-03-26,48.076517075345855,48.21255102379777,47.788441593268296,48.06051254272461,1060900
2015-03-27,48.04451686217716,48.17255009418447,47.964494184326945,48.1085319519043,775200
2015-03-30,48.324575623484066,48.60465034190333,48.20454621777771,48.524627685546875,565100
2015-03-31,48.020503439453364,48.30857894405456,48.00450195813349,48.028507232666016,1373700
2015-04-01,48.108520630109986,48.31657649100393,47.84445348673207,48.17253875732422,4228000
2015-04-02,48.25257258729848,48.54064813957451,48.196558235750715,48.460628509521484,663700
2015-04-06,48.460617424285964,49.07677820291943,48.460617424285964,48.860721588134766,469600
2015-04-07,48.980752772735016,49.13279431411606,48.78070068359375,48.78070068359375,1233000
2015-04-08,49.09278106689453,49.236818814143966,48.90873351264305,49.09278106689453,4484800
2015-04-09,49.09278445499197,49.33284941867732,48.99676030104952,49.28483581542969,1020500
2015-04-10,49.26082693091883,49.50088882446289,49.252823138020894,49.50088882446289,510200
2015-04-13,49.37287253265197,49.54091561047102,49.20482945483291,49.23683547973633,660300
2015-04-14,49.26882942751995,49.4448762469189,49.19681055163426,49.420867919921875,2956400
2015-04-15,49.516895988377215,49.78896696286209,49.50889219505407,49.69293975830078,1974100
2015-04-16,49.62893107885246,49.90100208844677,49.55691219241417,49.76496505737305,483200
2015-04-17,49.29282617901505,49.42085937483513,48.94073565364786,49.14878845214844,1030200
2015-04-20,49.2768307333371,49.5168926233208,49.228817134319335,49.412864685058594,759900
2015-04-21,49.740959052814524,49.78897266058974,49.52490239665572,49.55691146850586,2212200
2015-04-22,49.62892671732093,49.79696975339113,49.42087081809345,49.77296447753906,510700
2015-04-23,49.62892684463137,50.08504540230791,49.540903429544166,49.95701217651367,996000
2015-04-24,50.09304377925351,50.19707172422444,49.95700981875923,50.133056640625,884100
2015-04-27,50.3731204346995,50.397125710380216,50.06904038168142,50.1170539855957,402300
2015-04-28,50.101045050394845,50.22907826370111,49.836974830889844,50.21307373046875,613500
2015-04-29,49.885000864375336,50.05304392637077,49.73296233960138,49.925010681152344,794200
2015-04-30,49.61292575594675,49.7249544547291,49.276839659599695,49.40487289428711,767700
2015-05-01,49.57290985482023,49.86098536062901,49.52489625300119,49.85298156738281,1766300
2015-05-04,49.94900324883405,50.03702665487378,49.86098289534691,49.96500778198242,629900
2015-05-05,49.76495779826043,49.860985001206295,49.29283473437771,49.332847595214844,2304900
2015-05-06,49.5569099063026,49.62092499543181,48.980758841374694,49.196815490722656,1785400
2015-05-07,49.10079457944323,49.268837633647884,48.94875300916484,49.2048225402832,1015500
2015-05-08,49.85297667301965,50.08503781353309,49.780957803637975,49.989013671875,385000
2015-05-11,49.82897677181959,49.9410054579217,49.66093374266643,49.69293975830078,665900
2015-05-12,49.51690932611284,49.7009569389341,49.348863199142485,49.58892822265625,586800
2015-05-13,49.925006137425214,50.00502881624963,49.66893967029324,49.71695327758789,1329000
2015-05-14,50.06104290311596,50.26109502030025,50.005028554508606,50.24509048461914,1947300
2015-05-15,50.19707247355235,50.35711476376915,50.109049061305484,50.34111022949219,595000
2015-05-18,50.19707754223945,50.34911605439356,50.125058656997375,50.30110549926758,356100
2015-05-19,50.197069197236395,50.33310620343513,50.1570593904318,50.21307373046875,780500
2015-05-20,50.17306524299632,50.41312714268907,50.11705090148644,50.205074310302734,452100
2015-05-21,50.229077852743664,50.477143536986716,50.16505972033801,50.40512466430664,1749000
2015-05-22,50.3010984596693,50.34910900807625,50.205074310302734,50.205074310302734,273900
2015-05-26,49.95701180762485,50.05303596312326,49.41286983887912,49.524898529052734,624900
2015-05-27,49.60491897925677,49.941005034715054,49.47688576014608,49.88499069213867,1056900
2015-05-28,49.7089431435306,49.828975620181694,49.5088910508139,49.796966552734375,1529900
2015-05-29,49.70894991882403,49.70894991882403,49.30884567885672,49.40487289428711,1497700
2015-06-01,49.564919754150885,49.5809242925119,49.21282906786915,49.37287139892578,742200
2015-06-02,49.3008461580388,49.66894133531129,49.25283254913463,49.452884674072266,545000
2015-06-03,49.6289176940918,49.812965231451926,49.52488976339178,49.6289176940918,1226200
2015-06-04,49.348840511401825,49.58090163274829,49.04476357917424,49.14878845214844,681400
2015-06-05,48.81270854694024,49.04476969723503,48.65266626906271,48.852718353271484,806100
2015-06-08,48.83671116824185,48.83671116824185,48.58864855092719,48.660667419433594,1050400
2015-06-09,48.58064777661488,48.66067044245581,48.37259495053362,48.5406379699707,550500
2015-06-10,48.924752178114964,49.36486628737182,48.900746897490215,49.260841369628906,1440900
2015-06-11,49.428878171868156,49.49289326293531,49.244830587789565,49.40487289428711,490700
2015-06-12,49.05276433563924,49.17279679225428,48.90872660872207,49.060768127441406,797300
2015-06-15,48.54865607723237,48.828730929035885,48.5166500519993,48.804725646972656,1126100
2015-06-16,48.64467191868283,48.948748928785264,48.61266284839217,48.92474365234375,515900
2015-06-17,48.95674514770508,49.092779096562836,48.60465458664456,48.95674514770508,654500
2015-06-18,49.02077266196538,49.66094192092067,49.01277191987741,49.44488525390625,1182600
2015-06-19,49.41285863558796,49.41285863558796,49.14878845214844,49.14878845214844,852500
2015-06-22,49.684929576284325,49.92499143696498,49.67692883703425,49.740943908691406,1040400
2015-06-23,49.82897629274965,49.93300423708121,49.77296195023714,49.85298156738281,2570700
2015-06-24,49.68493637793176,49.80496885098009,49.49288503156495,49.50088882446289,567100
2015-06-25,49.685476563766784,49.70166904042927,49.353538513183594,49.353538513183594,1604500
2015-06-26,49.41831787221289,49.48308470285184,49.15924437285762,49.30497360229492,1064800
2015-06-29,48.58441878717981,48.77872544244383,48.017697476825376,48.050079345703125,2305000
2015-06-30,48.60061201462575,48.60870979826959,47.952928301099085,48.13104248046875,1727700
2015-07-01,48.535841049808965,48.62489813190171,48.2362879369146,48.4224967956543,2046600
2015-07-02,48.45488357543945,48.59251810401102,48.34153930979205,48.45488357543945,747900
2015-07-06,47.7505139517293,48.17960371608394,47.645264411801264,47.88005065917969,1513900
2015-07-07,47.67766347678188,47.985314406212865,47.06236470631953,47.92864227294922,2057900
2015-07-08,47.418593875847556,47.43478635645142,46.892349065621666,46.95711898803711,1526100
2015-07-09,47.8395819738742,47.8395819738742,47.337627503591186,47.34572219848633,1137700
2015-07-10,48.228194031010005,48.4305953835284,48.074370114919866,48.34963607788086,1506700
2015-07-13,48.57632811112394,48.76253699827528,48.57632811112394,48.7220573425293,973300
2015-07-14,48.72204572872203,49.070176244273675,48.71394794646323,49.02159881591797,1328900
2015-07-15,48.85159111698448,49.02970529749241,48.75443933143451,48.89207077026367,1096400
2015-07-16,49.20781971530201,49.28068433148893,49.18353253937297,49.2483024597168,1050400
2015-07-17,49.34545625216786,49.34545625216786,49.11066991400354,49.215919494628906,731000
2015-07-20,49.264482486454774,49.36163734850183,49.118753281783384,49.224002838134766,538000
2015-07-21,49.15114392832818,49.248298801627406,49.013512490420275,49.102569580078125,880800
2015-07-22,48.77871987372543,48.908256599646656,48.73824022594989,48.835391998291016,1913900
2015-07-23,48.90016493938627,49.0054114124527,48.51155164911251,48.59251403808594,621000
2015-07-24,48.56013336093231,48.56013336093231,47.97721646256259,48.074371337890625,868000
2015-07-27,47.952933517960574,47.952933517960574,47.54813076691745,47.629093170166016,3109600
2015-07-28,48.017697322989264,48.236291151311164,47.69385392805324,48.19580841064453,5566200
2015-07-29,48.17961264979316,48.568225932601685,48.16342326070882,48.495361328125,589300
2015-07-30,48.26866791425197,48.471069242577215,48.139131187659785,48.462974548339844,475000
2015-07-31,48.681582768958066,48.77063987393632,48.45489111399522,48.52775573730469,994300
2015-08-03,48.511551869956186,48.52774434782459,48.17151909991787,48.37392044067383,2243300
2015-08-04,48.40631029793071,48.51965456608715,48.23629389569605,48.325347900390625,1095400
2015-08-05,48.608718145648595,48.76254208890188,48.471083595664,48.52775573730469,492400
2015-08-06,48.52773964432698,48.54393212062594,48.04197770895436,48.20389938354492,1385300
2015-08-07,48.05818467124916,48.147241773538056,47.92864791021075,48.12295150756836,1375700
2015-08-10,48.34154358845394,48.770636602897206,48.17962187102628,48.75444412231445,532400
2015-08-11,48.106746673583984,48.252475878381986,47.90434534340889,48.106746673583984,1025700
2015-08-12,47.61289295069086,47.98531067990315,47.28904956713273,47.93673324584961,813300
2015-08-13,47.96102531519399,48.05817709856427,47.77481335516831,47.888160705566406,567100
2015-08-14,47.839581299507586,48.04198264142657,47.774811387661806,48.001502990722656,507600
2015-08-17,47.72624174011551,48.05008206602352,47.612897471627726,48.0177001953125,3103500
2015-08-18,47.78290567202262,47.920537092018016,47.72623354750698,47.79100036621094,511100
2015-08-19,47.53193106506875,47.669565585481486,47.094743419145104,47.34572219848633,698900
2015-08-20,46.94091955776727,46.98139920908392,46.30133056640625,46.30133056640625,1190800
2015-08-21,45.94511123831346,46.13132012911186,44.98168182373047,44.98168182373047,2641600
2015-08-24,42.25330631710296,44.49591373078674,40.77982468027673,43.2815055847168,5052400
2015-08-25,44.92500272935572,45.03024920237713,43.20054244995117,43.20054244995117,6928800
2015-08-26,44.34208758398013,44.67402567036715,43.42723262846489,44.66592788696289,6846300
2015-08-27,45.175979258589884,45.694126203887066,44.92500356918623,45.62126159667969,3845500
2015-08-28,45.37837869427478,45.661742416345284,45.354091522359894,45.580780029296875,3318000
2015-08-31,45.21646200013713,45.491727969690466,45.05454338496427,45.22455978393555,2232200
2015-09-01,44.05062036455892,44.39065616653808,43.58914563132915,43.74296951293945,3179000
2015-09-02,44.43114473066934,44.51210403442383,43.96157212137476,44.51210403442383,4670400
2015-09-03,44.674030387819705,45.06264064547484,44.479723714792236,44.601165771484375,1280300
2015-09-04,43.90489974890043,44.03443648723282,43.54867449058624,43.75917053222656,1891800
2015-09-08,44.65783856991231,44.933104559216474,44.5121093350807,44.91691207885742,3111400
2015-09-09,45.38648526413106,45.532214500632506,44.42305274632707,44.4797248840332,2794000
2015-09-10,44.54448768903306,45.03024967415777,44.414950953773186,44.779273986816406,3631600
2015-09-11,44.59306902501506,44.86833190917969,44.42304953578444,44.86833190917969,1213000
2015-09-14,44.68212018005192,44.71450513673572,44.47971883337736,44.64973831176758,1518100
2015-09-15,44.64973417573581,45.17597577530274,44.60925143943137,45.09501647949219,1331900
2015-09-16,45.33790646737755,45.75080389952384,45.28123433136531,45.72651672363281,2820800
2015-09-17,45.58888236733538,46.29323821883807,45.516017755910994,45.661746978759766,1704700
2015-09-18,44.949295290273554,45.24884844425859,44.68212400734656,44.7307014465332,3958800
2015-09-21,44.9735660912279,45.10310279349619,44.617340932089746,44.86022186279297,784300
2015-09-22,44.09110159205016,44.1963511403003,43.76726134201744,44.06681442260742,2329800
2015-09-23,44.00205710993451,44.147786345086594,43.73488890442226,43.86442565917969,1225700
2015-09-24,43.43532444421305,43.81583682514851,43.18434569595427,43.71059036254883,1547600
2015-09-25,44.1801655340442,44.261124837040875,43.62963362614837,43.82394027709961,2826200
2015-09-28,43.581067199887435,43.581067199887435,42.730978921934884,42.78765106201172,1339200
2015-09-29,42.787643247287,43.046716722721136,42.55286003344943,42.771453857421875,2053200
2015-09-30,43.37864590277872,43.710583894441406,43.168146831930045,43.670101165771484,6196500
2015-10-01,43.87251178924077,44.80355915555127,43.33007769972715,43.76726531982422,1950500
2015-10-02,43.38673896259852,44.528282070319875,43.297681904314125,44.52018737792969,1821900
2015-10-05,44.95737701185532,45.41075704822563,44.892610200030326,45.370277404785156,3140400
2015-10-06,45.32171712609766,45.49983133069997,45.175987883859406,45.32981491088867,3766700
2015-10-07,45.726507037896646,45.961293316443644,45.443146417856575,45.831756591796875,1450700
2015-10-08,45.71842144914556,46.27704810636701,45.62936435413929,46.236568450927734,1726400
2015-10-09,46.3256217397612,46.44706069610147,46.16370004290803,46.31752395629883,962900
2015-10-12,46.325615910128136,46.34180838661573,46.179886710138845,46.268943786621094,661600
2015-10-13,45.96129913983029,46.228467317090356,45.77509026758247,45.79937744140625,2100600
2015-10-14,45.92081458377962,46.02606105137716,45.70222077750911,45.84794998168945,7485300
2015-10-15,46.09893350740789,46.60089111328125,46.04226137261569,46.60089111328125,1542700
2015-10-16,46.60897820134394,46.69803528102413,46.447056519052616,46.68184280395508,1867900
2015-10-19,46.47944243169668,46.568499513213425,46.35800039537399,46.544212341308594,1040400
2015-10-20,46.438962035029,46.63326558393918,46.38228990923026,46.46324920654297,1246900
2015-10-21,46.64137017091052,46.64946486646298,46.187990009980766,46.2122802734375,1307500
2015-10-22,46.4713456655031,46.97330008902119,46.4713456655031,46.88424301147461,4892900
2015-10-23,47.394301457084374,47.45906828393638,47.11093771045814,47.378108978271484,1442700
2015-10-26,47.37001325854741,47.37001325854741,47.15951720160776,47.19190216064453,1013900
2015-10-27,46.88424574827336,47.03806965312451,46.79518866552821,46.932823181152344,1110900
2015-10-28,47.054260791124186,47.418583806346085,46.80328511605961,47.353816986083984,1936800
2015-10-29,47.029972943654016,47.25666144391221,46.99758798978879,47.199989318847656,1583400
2015-10-30,47.2809614223228,47.337633559036554,47.005695434684625,47.013790130615234,1562800
2015-11-02,47.23238059922283,47.56431869980463,47.12713102926286,47.548126220703125,1580500
2015-11-03,47.41049841534259,47.807203374341476,47.34572849397143,47.6938591003418,1305600
2015-11-04,47.80719403867598,47.815291821465976,47.3619117256023,47.5157356262207,1578000
2015-11-05,47.58050842419788,47.62908585868996,47.24857034283388,47.41858673095703,2031500
2015-11-06,47.15142242508085,47.28095917260581,46.90853832112184,47.264766693115234,1268200
2015-11-09,47.054264279893545,47.062362063276225,46.536117325782584,46.75471115112305,2945000
2015-11-10,46.6332558106274,46.7951774597168,46.50371910903561,46.7951774597168,913300
2015-11-11,47.02998285889075,47.02998285889075,46.714237213134766,46.714237213134766,1803300
2015-11-12,46.46325231829184,46.58469436079338,46.13131423564036,46.14750671386719,1254500
2015-11-13,45.920820559192926,46.01797234515522,45.63745680823679,45.66984176635742,1071800
2015-11-16,45.669842222767805,46.29323877502181,45.60507539427888,46.28514099121094,2262800
2015-11-17,46.5037319113889,46.63326864864181,46.22037126377296,46.30133056640625,1204900
2015-11-18,46.487540719881416,46.91663368323283,46.40658141500731,46.84376907348633,6718300
2015-11-19,46.965213775634766,47.07856114008261,46.92473411824619,46.965213775634766,3249400
2015-11-20,47.21618667755765,47.289051287088434,47.0137853275721,47.070457458496094,4173100
2015-11-23,46.97330008902119,47.14331646157421,46.803283716468165,46.88424301147461,1458400
2015-11-24,46.58469939394857,47.046174263874455,46.53612195401961,46.92473220825195,2757000
2015-11-25,47.013791217540984,47.05427087492956,46.82758232283364,46.965213775634766,1748200
2015-11-27,46.892338618669385,46.96520322095361,46.82757179908296,46.90043640136719,448000
2015-11-30,46.95710876054895,46.97330123762601,46.706129998453335,46.76280212402344,4750000
2015-12-01,47.005691294063425,47.24857229978468,46.93282668350709,47.22428512573242,1331400
2015-12-02,47.07856213193934,47.19190641037525,46.65756689174887,46.74662399291992,2081500
2015-12-03,46.87615667779729,46.908538548535766,46.06655122974138,46.22846984863281,3196900
2015-12-04,46.2446654585568,46.94092668515957,46.17180083976349,46.89234924316406,1658700
2015-12-07,46.657553024859006,46.72231984111619,46.3094225083294,46.48753356933594,2251300
2015-12-08,45.91272917498949,46.2041876619008,45.775097716392494,46.02607345581055,2900100
2015-12-09,45.90462227019862,46.40657670394,45.532204564145324,45.783180236816406,4088800
2015-12-10,45.76699356549076,46.06654979559341,45.71841921669542,45.75080108642578,3692000
2015-12-11,45.200273103753936,45.31361737097458,44.81165977556937,44.86833190917969,3207400
2015-12-14,44.99786868117164,45.07882798413273,44.471623946726204,45.030250549316406,3562800
2015-12-15,45.44315447583125,45.653650532557705,45.36219207832132,45.47553634643555,3852300
2015-12-16,45.83175618665323,46.35799777470423,45.65364203368875,46.268943786621094,3872100
2015-12-17,46.31752354397511,46.325621327365404,45.62936019897461,45.62936019897461,8454900
2015-12-18,45.47553857494371,45.564595672368995,44.98168182373047,44.98168182373047,2607600
2015-12-21,45.33983288119083,45.48735970332125,45.028387020415984,45.33163833618164,2851800
2015-12-22,45.511957649408544,45.766032378071046,45.30705958237321,45.68407440185547,4090600
2015-12-23,46.07747151618879,46.34793529898765,46.01190264369456,46.33974075317383,2376900
2015-12-24,46.31515664954037,46.41350997057036,46.225004128340686,46.28237533569336,1860300
2015-12-28,46.0528726404359,46.15942047420263,45.913543503313896,46.143028259277344,3559200
2015-12-29,46.49157725494066,46.639195852518995,46.43417037015359,46.57358932495117,3612400
2015-12-30,46.45877837366699,46.47517766022332,46.19634599059481,46.23735046386719,2460200
2015-12-31,45.95851486404397,46.16354035526996,45.77809143066406,45.77809143066406,2744300
2016-01-04,44.96619415283203,45.0236010425455,44.51513555016781,44.96619415283203,5145600
2016-01-05,44.97439731505152,45.08101145933539,44.75296938235783,45.0072021484375,3243700
2016-01-06,44.24450243645193,44.53153687800921,44.08868105808588,44.32651138305664,4615000
2016-01-07,43.54741581057405,43.932864759304465,43.21117410905633,43.29318618774414,3396400
2016-01-08,43.55561420769784,43.65402556379732,42.735512273840804,42.79291915893555,2437800
2016-01-11,43.11276077990619,43.194769726418755,42.3992729342364,42.84212875366211,2958400
2016-01-12,43.18656676207242,43.3587874135694,42.65349926541161,43.1209602355957,2414300
2016-01-13,43.33418334925231,43.457199882301765,42.13683535845788,42.243446350097656,4367600
2016-01-14,42.40746512438498,43.1127532028252,42.01381661911513,42.8585205078125,5729200
2016-01-15,41.63657956170896,41.940016430455564,41.24293097101153,41.644779205322266,3601900
2016-01-19,42.186042172515506,42.29265629942829,41.51355883987904,41.89080810546875,4676000
2016-01-20,41.09530933810231,41.52176272879212,40.25880497118468,41.21832275390625,6873500
2016-01-21,41.2265281684332,41.84160467220812,40.88208369952999,41.44795608520508,3640000
2016-01-22,42.26805692478305,42.563294139004995,42.19424762122757,42.497684478759766,3822500
2016-01-25,42.34187164985988,42.391075772903186,41.8170068144567,41.8662109375,4478200
2016-01-26,42.04663210881278,42.587899331910826,42.01382727627568,42.563297271728516,4443600
2016-01-27,42.44848627504345,42.90774460925904,42.00563348782431,42.21065902709961,6113800
2016-01-28,42.66990081559426,42.69450599991054,42.03842197777788,42.44027328491211,2022000
2016-01-29,42.6617077403621,43.366995982816846,42.62890290851747,43.35059356689453,5317300
2016-02-01,43.00614520153309,43.44080136307791,42.850326957018936,43.268577575683594,3367400
2016-02-02,42.76831706177485,42.79291911866642,42.218847139818585,42.35006332397461,2834500
2016-02-03,42.661713426618014,42.76832758010287,41.743199911629084,42.67811584472656,3575900
2016-02-04,42.60429423970636,43.07175207143286,42.4976801169707,42.801116943359375,2635700
2016-02-05,42.678109490511375,42.702711549790585,41.94821919977983,42.0876350402832,2892000
2016-02-08,41.620170559589944,41.620170559589944,40.93128485277636,41.39874267578125,2561100
2016-02-09,40.800074265011574,41.43975282022626,40.57044670743519,41.16912078857422,2900300
2016-02-10,41.390549882013,41.77599570343537,41.11171507053674,41.160919189453125,2798100
2016-02-11,40.60325123755882,40.80007710664767,40.21780540027313,40.611454010009766,3646900
2016-02-12,40.94768221489504,41.349530336044204,40.72625435839977,41.324928283691406,2246700
2016-02-16,41.964617805673605,42.16144366203433,41.69398577267357,42.15324401855469,2141300
2016-02-17,42.341863539431124,42.973342401206,42.341863539431124,42.91593551635742,1509500
2016-02-18,43.05536255948248,43.05536255948248,42.67811632407296,42.73552322387695,2891700
2016-02-19,42.44029228852575,42.67812269662083,42.29267363029031,42.661720275878906,1372000
2016-02-22,42.95695429601513,43.27679365483483,42.95695429601513,43.26039123535156,2283800
2016-02-23,43.03074412275484,43.071748588663574,42.612490436541236,42.62069320678711,1554500
2016-02-24,42.19424230893335,42.74370906632519,41.84159825061544,42.686302185058594,1840400
2016-02-25,42.80931956627975,43.15376086070205,42.62069650574747,43.14556121826172,1272200
2016-02-26,43.37519356308848,43.4161980367231,42.97334534165206,43.0389518737793,1597600
2016-02-29,43.06355195912823,43.27678021776357,42.79291994278727,42.809322357177734,2991000
2016-03-01,43.22756813074545,43.90825417369265,43.178364021528274,43.859046936035156,1813200
2016-03-02,43.85085541036523,44.162491921222745,43.72783885767244,44.13788986206055,1394900
2016-03-03,44.17889715497171,44.474134397514796,44.080485783604374,44.46593475341797,1300600
2016-03-04,44.58895245601288,44.95799904453709,44.49054107522022,44.744773864746094,1472200
2016-03-07,44.46593987986808,44.90879266629784,44.40033020576504,44.7775764465332,1156000
2016-03-08,44.50693324570886,44.5643401319901,44.25270051472005,44.293704986572266,2523900
2016-03-09,44.46592576276491,44.61354435418916,44.35931164041618,44.531532287597656,921300
2016-03-10,44.72836686475857,44.96619721171645,44.07228584594465,44.50693893432617,1474800
2016-03-11,45.02361355879167,45.41726225273312,45.02361355879167,45.40085983276367,1583800
2016-03-14,45.220428557580384,45.40905166209799,45.16302166178986,45.30244064331055,1429600
2016-03-15,44.982596959177464,45.02360456513048,44.826778693255726,45.0072021484375,2216800
2016-03-16,44.785769655047,45.49105785881794,44.785769655047,45.433650970458984,1425700
2016-03-17,45.450053663690085,45.94211676592982,45.3598450669651,45.83550262451172,2308700
2016-03-18,45.90111433889044,46.01592812934022,45.810902609696704,45.925716400146484,1133500
2016-03-21,45.778097775727865,45.99132606808416,45.745292941759025,45.925716400146484,1104400
2016-03-22,45.6878703657437,45.98310751325094,45.6058614374095,45.86829376220703,1479500
2016-03-23,45.6960829574791,45.720685015579264,45.36804091675335,45.392642974853516,2148000
2016-03-24,45.072807303593585,45.29423522949219,44.09688700361766,45.29423522949219,1111000
2016-03-28,45.46645267206354,45.49925750210888,45.277829591964,45.433650970458984,1017700
2016-03-29,45.2368297591928,45.92571561860959,45.163020448239536,45.9093132019043,2960000
2016-03-30,46.122540787827674,46.39317283823842,46.09793559892411,46.19635009765625,1170500
2016-03-31,46.130728961002646,46.21273789444609,45.958508323707235,45.974910736083984,3517600
2016-04-01,45.40085234246306,45.966721660063094,45.31884025614632,45.94211959838867,3811200
2016-04-04,45.96671450717909,46.03232416602295,45.69608248554996,45.77809143066406,1094600
2016-04-05,45.20401822026399,45.29422993454064,45.08100480588364,45.12200927734375,1330800
2016-04-06,45.1876084913936,45.704273507791406,45.11379920333677,45.66326904296875,2503100
2016-04-07,45.35983604568646,45.4582473951857,44.94158233554399,45.08100128173828,2125500
2016-04-08,45.589468342597215,45.7698917759314,45.40904490926303,45.556663513183594,3401200
2016-04-11,45.82730555219307,45.97492417830447,45.53206829997028,45.54026794433594,1322000
2016-04-12,45.67967727802427,46.188139589214394,45.55666073943351,46.11433029174805,1346000
2016-04-13,46.475175044562754,46.72120812723167,46.46697540174607,46.672000885009766,1669700
2016-04-14,46.737613677978516,46.83602504058634,46.63919918692988,46.737613677978516,1444300
2016-04-15,46.68020238687241,46.75401168892443,46.606396213261114,46.66380310058594,2853400
2016-04-18,46.54899096101003,47.00824923504678,46.49158406781056,47.00004959106445,1177600
2016-04-19,47.246082673154284,47.4921126784638,47.213277838195346,47.44290542602539,1316200
2016-04-20,47.36908116172252,47.6151142178243,47.2624701744147,47.401885986328125,1370700
2016-04-21,47.40189547514345,47.44289994988851,47.082056192314674,47.17226791381836,922700
2016-04-22,47.0738615267922,47.254281860438084,46.96724737842789,47.16407012939453,831200
2016-04-25,46.96724593094105,47.02465282557386,46.82782695223199,46.99184799194336,817700
2016-04-26,47.13126265682564,47.221474376832056,47.00004646275471,47.15586471557617,1287000
2016-04-27,47.02464978868054,47.32808665906363,46.94264083834163,47.22967529296875,1078600
2016-04-28,46.90162441744441,47.22966641401155,46.68019653902765,46.795013427734375,1456000
2016-04-29,46.696611170193435,46.75401806534755,46.30296254837618,46.59000015258789,1693200
2016-05-02,46.77862186322655,46.90163529413632,46.61460082690579,46.87703323364258,1692100
2016-05-03,46.31936166420564,46.45057786212641,46.11433615942688,46.20454788208008,2439400
2016-05-04,45.91750460219187,46.048720774895095,45.67147154098804,45.7698860168457,2339900
2016-05-05,45.876502790489134,45.97491727875494,45.638675598281935,45.77809143066406,1676500
2016-05-06,45.54846941971116,45.9093132019043,45.51566458630057,45.9093132019043,1841300
2016-05-09,45.89290795011297,46.00772173151616,45.72888692163373,45.802696228027344,889100
2016-05-10,46.04052083959943,46.46697420925664,46.04052083959943,46.45877456665039,1593000
2016-05-11,46.27016266123538,46.42598407483369,46.09794195736077,46.1225471496582,2019000
2016-05-12,46.37676265419717,46.38496542527151,45.83549551559078,46.11433029174805,1357700
2016-05-13,45.843696949399245,46.02411723804481,45.53205735491626,45.59766387939453,1168400
2016-05-16,45.786292959705804,46.24554804538684,45.71248365972983,46.14713668823242,4366600
2016-05-17,46.17994740691236,46.17994740691236,45.67968465753901,45.794498443603516,1333400
2016-05-18,45.72888829214082,46.12254002366522,45.49106107858113,45.737091064453125,2208100
2016-05-19,45.51565747384843,45.57306435912578,45.23682269031246,45.52385711669922,1652200
2016-05-20,45.76169331559781,45.93391399358326,45.737091255440184,45.83550262451172,969200
2016-05-23,45.78629948766801,45.868308442248974,45.687884988041546,45.72888946533203,965900
2016-05-24,45.95851207905876,46.40956750673482,45.95030930797998,46.335758209228516,2649300
2016-05-25,46.540790844244654,46.827825307326144,46.540790844244654,46.721214294433594,1240200
2016-05-26,46.795021839750156,46.88523043300397,46.70481011805544,46.811424255371094,1229300
2016-05-27,46.76221866662614,46.8852320954837,46.745816250423594,46.86063003540039,1124800
2016-05-31,46.967243198561945,47.03284973356507,46.62279872236245,46.74581527709961,1429900
2016-06-01,46.598195980739796,46.844225958172075,46.49158184342414,46.811424255371094,1188100
2016-06-02,46.62280504085915,46.90163989140332,46.56539814178606,46.89344024658203,1222500
2016-06-03,46.918021209562895,47.09024182933128,46.704796127245835,47.024635314941406,910000
2016-06-06,47.13126334059566,47.40189537610035,47.13126334059566,47.311683654785156,982200
2016-06-07,47.45111249142488,47.63153597157893,47.45111249142488,47.50031661987305,1449800
2016-06-08,47.598716157085086,47.729932339063275,47.54950891567806,47.68072509765625,919100
2016-06-09,47.311683264802916,47.39369534188657,47.18866984183872,47.33628845214844,878200
2016-06-10,46.77041655387905,46.79502174147924,46.40137315272609,46.50798416137695,1338700
2016-06-13,46.13894361597337,46.45058329565441,45.983125340353496,46.01593017578125,1164200
2016-06-14,45.794496389670776,45.950314645420974,45.46645433410722,45.70428466796875,3449400
2016-06-15,45.87649829200308,46.114328589330206,45.76168452872526,45.84369659423828,2752700
2016-06-16,45.38444306100891,45.93390987824124,45.11380790975784,45.876502990722656,1725700
2016-06-17,45.99132351902463,46.09793453085273,45.712488702626175,45.9995231628418,2178700
2016-06-20,46.81142091842,46.95903639160389,46.61459507344036,46.64739990234375,1194200
2016-06-21,46.811420933445206,47.05745089341821,46.696604032246505,46.86882781982422,1247200
2016-06-22,47.01339885911755,47.17127232909067,46.797358142623324,46.82228469848633,1697000
2016-06-23,47.37070457359274,47.70307353814749,47.22944982396546,47.68645477294922,1142900
2016-06-24,45.193690776629154,46.03292086930722,45.06905480949518,45.1189079284668,5380600
2016-06-27,44.720064440939325,44.720064440939325,43.97223600425282,44.27967834472656,3582300
2016-06-28,44.944414149713225,45.25185332853868,44.80315625476868,45.24354553222656,2003600
2016-06-29,45.767033768783534,46.17418242586888,45.73379623808523,46.09939956665039,1732500
2016-06-30,46.25726412549992,46.730890921972595,46.09108284359908,46.72257995605469,3949600
2016-07-01,46.714267509943674,46.93861602182408,46.69764874946685,46.82228469848633,1466300
2016-07-05,46.43176502420932,46.481618146782736,46.099396081762535,46.24065399169922,1358900
2016-07-06,45.90827795441074,46.323737483409936,45.700548189911146,46.3154296875,2042600
2016-07-07,46.40683536443381,46.56471203870563,46.04953986015201,46.20741653442383,2131300
2016-07-08,46.60626465841353,46.971868017121864,46.5896458916942,46.91370391845703,1191200
2016-07-11,47.254375313032035,47.42887075879574,47.20452218827551,47.32085037231445,1674200
2016-07-12,47.678145501032255,47.90249406971422,47.66152673634782,47.777854919433594,1666600
2016-07-13,47.894185051324335,47.94404134740628,47.64490991032538,47.76123809814453,1393100
2016-07-14,48.11022326439022,48.209932681528734,48.03544040911003,48.052059173583984,5097200
2016-07-15,48.10192016617982,48.143465499308405,47.86095279644602,47.952354431152344,1802700
2016-07-18,47.944039940413404,48.1600775443511,47.90249461308369,48.10191345214844,1815400
2016-07-19,47.89418605696936,47.93573138639062,47.76955006870557,47.877567291259766,1353300
2016-07-20,48.04375115455371,48.21824343767961,47.9689682946847,48.151771545410156,516800
2016-07-21,48.08529234439873,48.20162052313614,47.90249227911356,48.0105094909668,872300
2016-07-22,48.101912050849194,48.168387108404424,47.98558386983273,48.16007614135742,974500
2016-07-25,48.168381653249185,48.20161600855775,47.91079558895253,48.03543472290039,1242400
2016-07-26,48.143456834887445,48.25978818429925,47.96065676807923,48.1185302734375,1013000
2016-07-27,48.28471078060783,48.317948306281735,47.91079654103865,48.185001373291016,2361500
2016-07-28,48.193319282992086,48.26810214659875,48.002208224820755,48.209938049316406,1370500
2016-07-29,48.2930274356461,48.542302584515554,48.20993677592479,48.48413848876953,1040900
2016-08-01,48.525677781421805,48.54229337444915,48.25978391711578,48.326255798339844,2180200
2016-08-02,48.3013311536493,48.3013311536493,47.827707490974284,48.02712631225586,922900
2016-08-03,47.85263584588303,48.09360316953182,47.8027795538403,48.07698440551758,1272600
2016-08-04,48.19331981930672,48.30134021676412,48.0769916234475,48.25148391723633,955500
2016-08-05,48.326269225179935,48.58385536453932,48.326269225179935,48.55892562866211,815700
2016-08-08,48.60877857470967,48.71679897017102,48.592159808507496,48.633705139160156,2016800
2016-08-09,48.79158500673192,48.98269607592884,48.733420906093976,48.90791320800781,4096400
2016-08-10,49.02424274727706,49.057480282750376,48.82482070414299,48.88298797607422,1568200
2016-08-11,49.082399724316105,49.24858420785221,49.007616865210125,49.20703887939453,658400
2016-08-12,49.14056209359837,49.223655917303084,49.02423391011703,49.12394332885742,868200
2016-08-15,49.231955636682756,49.414758849132916,49.231955636682756,49.3316650390625,358000
2016-08-16,49.223655917303084,49.273509041820645,49.12394332885742,49.12394332885742,572100
2016-08-17,49.02423950677859,49.23196933519715,48.84974721163636,49.173805236816406,4967000
2016-08-18,49.207038554678306,49.36491206965785,49.15718225903486,49.34829330444336,1321200
2016-08-19,49.04085321440693,49.215345491548696,48.94945159217877,49.165489196777344,768000
2016-08-22,49.02422061730969,49.173786289718514,48.941129985840085,49.1073112487793,1251900
2016-08-23,49.389838958549404,49.44800305233123,49.20703887939453,49.20703887939453,2054700
2016-08-24,49.19872322174231,49.24857951296194,48.94944810505436,49.02423095703125,1656000
2016-08-25,48.93282130617697,49.099005746581895,48.84973067082678,48.916202545166016,1893700
2016-08-26,48.98268694787064,49.34829025085021,48.51737105977422,48.716793060302734,1682800
2016-08-29,48.77495350244567,48.9993020476228,48.725097213615776,48.93282699584961,1090200
2016-08-30,48.99930734423716,49.032541704011315,48.733413447812254,48.8414306640625,1505400
2016-08-31,48.758338528425,48.816502618393905,48.48413367311,48.65031814575195,2641900
2016-09-01,48.78326470267178,48.83312099498014,48.51737081643745,48.82481002807617,5279300
2016-09-02,49.082399724316105,49.25689200566159,49.082399724316105,49.20703887939453,2177300
2016-09-06,49.32335806761969,49.547706604003906,49.28181274674219,49.547706604003906,2453100
2016-09-07,49.55602840443946,49.614192504045626,49.389843904262264,49.53940963745117,1831600
2016-09-08,49.43138572561822,49.556021706626495,49.331673137165275,49.406455993652344,1348200
2016-09-09,49.04915921505957,49.057470182069636,48.24316974886865,48.259788513183594,1894100
2016-09-12,47.99389214857942,48.87466765178973,47.902493698082004,48.79988479614258,1898200
2016-09-13,48.3761193345931,48.3761193345931,47.744618934971726,47.93572998046875,1543800
2016-09-14,47.90249889527817,48.234864713332676,47.7944784988003,47.894187927246094,2454400
2016-09-15,47.9440380165335,48.47582579230717,47.844328601002225,48.40104293823242,1450400
2016-09-16,48.14345762363291,48.1517685907225,47.89418249593402,48.052059173583984,1087800
2016-09-19,48.40935314841504,48.500754771251714,48.118532684575925,48.17669677734375,1073900
2016-09-20,48.5173731389459,48.55891846633905,48.30964333227481,48.35118865966797,3545100
2016-09-21,48.60877746924041,49.15718406261798,48.50906804400053,49.115638732910156,2570400
2016-09-22,49.48123107502161,49.65572332283792,49.398140434072346,49.472923278808594,2545700
2016-09-23,49.27351412922089,49.306751662134495,49.090714037607285,49.132259368896484,1086100
2016-09-26,48.783261811269966,48.86635562685891,48.65031487603262,48.69186019897461,1320500
2016-09-27,48.59215399725454,48.982687032036964,48.52568211010093,48.966068267822266,1667700
2016-09-28,49.01592070806841,49.31504893130748,48.783261197053676,49.28181457519531,1034600
2016-09-29,49.1571765369876,49.31505003359017,48.62538879084735,48.76664352416992,1331000
2016-09-30,48.982675301574886,49.27349568142292,48.86634714963567,49.1073112487793,986600
2016-10-03,48.99931396649669,49.09071560006543,48.8829857673022,49.00762176513672,2640000
2016-10-04,49.16549321729205,49.198730749857624,48.675253875624925,48.80820083618164,1866900
2016-10-05,48.98268991029062,49.182108753174596,48.98268991029062,49.09901809692383,710400
2016-10-06,48.98268563253411,49.0657762815284,48.83311992858032,49.02423095703125,1130600
2016-10-07,48.98268670220009,49.04085079170728,48.55060834464303,48.82481002807617,1093600
2016-10-10,49.03253868387996,49.1904153543303,49.024230886874456,49.05746841430664,636900
2016-10-11,48.833114939088894,48.84973370113076,48.20161466031711,48.3761100769043,1561400
2016-10-12,48.34287255282057,48.48412727561928,48.226544388232284,48.3761100769043,989400
2016-10-13,47.944039796147486,48.30133531557744,47.727999023154574,48.16838836669922,1647300
2016-10-14,48.450904142631494,48.575540132254446,48.18501022778927,48.20162582397461,864300
2016-10-17,48.135146619829946,48.23485603032653,48.018818445966424,48.06036376953125,1208500
2016-10-18,48.53399478642562,48.60046984996707,48.38442906316285,48.48413848876953,1156800
2016-10-19,48.59215405578305,48.733411966925516,48.51737120157943,48.65031814575195,848400
2016-10-20,48.583845787446,48.72510052751368,48.43428008048896,48.57553482055664,1672000
2016-10-21,48.35950675987904,48.592163163361214,48.30965045783039,48.55892562866211,669200
2016-10-24,48.68355808692339,48.816505037684614,48.60877522901362,48.7084846496582,659100
2016-10-25,48.633705139160156,48.72510676841933,48.517376945450486,48.633705139160156,1052000
2016-10-26,48.43427726369278,48.567224198844436,48.293019362135105,48.40934753417969,1111600
2016-10-27,48.54230299137944,48.57554052342875,48.284720042261085,48.30964660644531,798200
2016-10-28,48.24317317077289,48.409354486299215,48.00220582567213,48.151771545410156,4880100
2016-10-31,48.17669616425805,48.27640558349039,48.09360550984864,48.16838836669922,1366400
2016-11-01,48.30964892210588,48.334575487484926,47.60336876558378,47.8692626953125,3575900
2016-11-02,47.786165210685866,47.8775668363675,47.42887284529333,47.52027130126953,2884200
2016-11-03,47.65321536545586,47.678145097123945,47.32084958369862,47.38732147216797,3168000
2016-11-04,47.22944914508189,47.44548675014336,47.1048099927391,47.146358489990234,1873300
2016-11-07,47.76123794544317,48.13515224059882,47.76123794544317,48.110225677490234,1906600
2016-11-08,48.01050365139282,48.48412727561928,47.94403177293012,48.3761100769043,1872400
2016-11-09,47.8360123525607,48.66693145289312,47.77784826911382,48.52567672729492,2258000
2016-11-10,48.525689120200546,48.725107980174926,48.043754397468824,48.39274215698242,1659100
2016-11-11,48.09360813702324,48.32626451784295,47.82771422474201,48.1268424987793,2193100
2016-11-14,48.11022019888572,48.11022019888572,47.81108879682512,47.99388885498047,1586500
2016-11-15,47.877559793573056,48.40934753417969,47.877559793573056,48.40934753417969,2139200
2016-11-16,48.14346298401912,48.27640994490812,48.110228621076054,48.209938049316406,9130700
2016-11-17,48.26809653459309,48.517371661064196,48.26809653459309,48.442588806152344,2361300
2016-11-18,48.293028711232445,48.35950377652973,48.14346298401912,48.209938049316406,1469100
2016-11-21,48.35949847965165,48.60877360780189,48.35949847965165,48.58384704589844,1038200
2016-11-22,48.69186635100991,48.783267974853516,48.55061160121913,48.783267974853516,2149100
2016-11-23,48.509057665349296,48.66693115234375,48.36779977091864,48.66693115234375,1868700
2016-11-25,48.75833745827479,48.84973907470703,48.72509993053486,48.84973907470703,633700
2016-11-28,48.77495152223722,48.824804639338204,48.60876706925607,48.66693115234375,2643800
2016-11-29,48.625384308328115,48.88297036086522,48.55060146531442,48.791568756103516,1739900
2016-11-30,48.89127968841259,48.96606253376886,48.66693115234375,48.66693115234375,1617000
2016-12-01,48.683563187482946,48.716800721081874,48.37612392595706,48.434288024902344,10381000
2016-12-02,48.41766652059134,48.617085371498504,48.39273995665431,48.51737594604492,1726000
2016-12-05,48.7334108973224,48.89959219661182,48.70017336958247,48.84973907470703,1690300
2016-12-06,48.93283547854914,49.115638732910156,48.849744819133484,49.115638732910156,1701600
2016-12-07,49.14887598308498,49.82191856173154,49.14056501536772,49.78868103027344,2294700
2016-12-08,49.772060150846144,49.97147897901514,49.68065853389155,49.88007736206055,2032300
2016-12-09,49.938251719722615,50.11274719238281,49.88839858728179,50.11274719238281,1580800
2016-12-12,49.97979041829147,50.14597172010145,49.888388800472896,49.95486068725586,3016800
2016-12-13,50.187517437855334,50.49495663283612,50.187517437855334,50.35369873046875,1796100
2016-12-14,50.287226236506726,50.3703168818041,49.68896344730983,49.747127532958984,2139400
2016-12-15,49.75543897522159,49.94654999699747,49.67234515942448,49.8219108581543,2508200
2016-12-16,49.87176800231842,49.905005529206875,49.67234601069271,49.72220230102539,4728800
2016-12-19,49.76375385410437,49.89670080859519,49.71390072723621,49.780372619628906,1356200
2016-12-20,49.838532508106816,49.95486068725586,49.80529497986276,49.95486068725586,2128900
2016-12-21,49.89867330448835,49.95737737009251,49.831581115722656,49.831581115722656,1620200
2016-12-22,49.80643051472072,49.80643051472072,49.65547626679175,49.74772644042969,1562300
2016-12-23,49.73933805178842,49.79804212199186,49.69740383095863,49.78126907348633,967900
2016-12-27,49.85673864745169,49.96576184667344,49.772873417615195,49.848350524902344,2609700
2016-12-28,49.898672453139845,49.940603470837175,49.57160603631645,49.60515213012695,1761800
2016-12-29,49.739333356275395,49.772876250988055,49.64708319776952,49.6973991394043,2055200
2016-12-30,49.87351787556854,49.88190280002585,49.496132292353394,49.621925354003906,3025900
2017-01-03,49.99091738453603,50.083167533303495,49.77287099669816,50.0076904296875,2576700
2017-01-04,50.208966763044025,50.43539810180664,50.18380879178095,50.43539810180664,1087300
2017-01-05,50.443779727566714,50.65343799210501,50.443779727566714,50.62827682495117,1717300
2017-01-06,50.6115118024906,50.70376196537133,50.44378772357845,50.63667297363281,1233800
2017-01-09,50.50249117367888,50.594741335431934,50.44378710695088,50.519264221191406,1474600
2017-01-10,50.519264221191406,50.71214946888793,50.49410305035676,50.519264221191406,1393600
2017-01-11,50.52763912560613,50.79600143432617,50.401842893773775,50.79600143432617,1508800
2017-01-12,50.60314287766509,50.80441631478181,50.48573470565232,50.770870208740234,1481400
2017-01-13,50.770844325550286,50.93857157111737,50.76245620374982,50.905025482177734,2432300
2017-01-17,50.65344243487233,50.821166501908905,50.65344243487233,50.745689392089844,2090000
2017-01-18,50.712146226722886,50.72053115037723,50.56957693154709,50.661827087402344,2246200
2017-01-19,50.67860337386287,50.6953764213754,50.401852888603706,50.519264221191406,2137900
2017-01-20,50.6786008428856,50.77085100003152,50.57796576196802,50.728919982910156,1611100
2017-01-23,50.695373670559775,50.77085078070479,50.527646403667354,50.7373046875,1991500
2017-01-24,50.728921754258074,51.089531073398746,50.70376058380145,51.01405715942383,1641100
2017-01-25,51.223703099701844,51.55915436662881,51.223703099701844,51.5172233581543,2840200
2017-01-26,51.5004574876132,51.534003578717254,51.38304936788031,51.416595458984375,2160100
2017-01-27,51.4165943869365,51.42497930997203,51.265640179246994,51.315956115722656,1003400
2017-01-30,51.06437252851858,51.07276065162046,50.7708522025852,50.988895416259766,4898200
2017-01-31,51.03082692189267,51.09791911082218,50.82955675336743,51.06437301635742,2894400
2017-02-01,51.26564251320351,51.31595845196989,50.98050713004552,51.08952713012695,3562900
2017-02-02,51.0308275840228,51.24048587845039,51.0308275840228,51.15662384033203,1657200
2017-02-03,51.374668605204626,51.500464865300096,51.28242164015063,51.45014572143555,1997700
2017-02-06,51.22371266063734,51.282416723284975,51.13984742890394,51.25725555419922,1144100
2017-02-07,51.25724396458374,51.33272105651217,51.16499383010113,51.21531295776367,1062400
2017-02-08,51.165017468062246,51.36629087256887,51.106313391567035,51.349517822265625,1950600
2017-02-09,51.40820792732118,51.65141229192303,51.399823004014486,51.55916213989258,1028000
2017-02-10,51.64302866875311,51.844298824494466,51.634640546103874,51.768821716308594,1650000
2017-02-13,51.95331605580997,52.11265517739214,51.936543011570095,52.012020111083984,2759100
2017-02-14,51.99525553560742,52.146209759221975,51.81075521804929,52.12105178833008,2269600
2017-02-15,52.0623453454168,52.42295464187805,52.028799253005516,52.37263870239258,2227500
2017-02-16,52.40618457575144,52.448115591524555,52.230069190894056,52.38102340698242,2579400
2017-02-17,52.15458792803567,52.34747314453125,52.13781488323633,52.34747314453125,2296100
2017-02-21,52.48165899450291,52.63261000372472,52.41456681339875,52.57390594482422,2893700
2017-02-22,52.50682475839601,52.62423289362828,52.45650561509714,52.5906867980957,2520100
2017-02-23,52.775183871824446,52.775183871824446,52.49843339943461,52.6158447265625,3967300
2017-02-24,52.26362014403113,52.481666564941406,52.25523521974923,52.481666564941406,1936700
2017-02-27,52.39779765325583,52.52359390258789,52.3390935900026,52.52359390258789,1179700
2017-02-28,52.38940735609518,52.4648844581266,52.25522619683168,52.34747314453125,1733000
2017-03-01,52.69132365812934,53.093867196226576,52.69132365812934,52.993228912353516,2769600
2017-03-02,52.83389189880791,52.88421104277994,52.61584867319273,52.657779693603516,1960800
2017-03-03,52.682938061067894,52.81711924686766,52.57391484787689,52.783573150634766,1665100
2017-03-06,52.624233026101074,52.69132521733513,52.49843676710311,52.63261795043945,930800
2017-03-07,52.53198628188982,52.60746340237486,52.448124236520655,52.50682830810547,1061500
2017-03-08,52.52359278221381,52.573908721568145,52.28877333507829,52.33070755004883,1612400
2017-03-09,52.36425018310547,52.43972729089345,52.1713649518987,52.36425018310547,1679700
2017-03-10,52.64938735961914,52.77518360992325,52.47327516849861,52.64938735961914,2343200
2017-03-13,52.77518892818045,52.86743909448215,52.7416428315013,52.85066604614258,1273700
2017-03-14,52.61585165621567,52.64939455496692,52.464897414873136,52.54875946044922,1780800
2017-03-15,52.75841774905011,53.27836946947102,52.68294062841385,53.177734375,3030700
2017-03-16,53.37899712995359,53.41254002200752,53.2028817507966,53.286746978759766,2072300
2017-03-17,53.35383538579325,53.437700612850705,53.23642726704412,53.2615852355957,1595400
2017-03-20,53.32030434639426,53.40416639296167,53.18611995327519,53.26998519897461,1362900
2017-03-21,53.49641334425006,53.563502337640166,52.716484201407674,52.75841522216797,2535600
2017-03-22,52.69132666629856,52.88421192270298,52.5571422801405,52.85905075073242,1795200
2017-03-23,52.783578010628894,53.093874630655705,52.74164698604293,52.88421630859375,3562700
2017-03-24,52.909363011856954,53.068702150991314,52.766793719678695,52.900978088378906,1503500
2017-03-27,52.573908624107226,52.97645213385288,52.540365730977,52.942909240722656,1775400
2017-03-28,52.8925989413888,53.261596420537195,52.86744096755404,53.177734375,4208000
2017-03-29,52.95968729470403,53.22804965991073,52.95968729470403,53.20288848876953,2474400
2017-03-30,53.18611929990093,53.33707354117345,53.15257640116524,53.177734375,1574500
2017-03-31,53.03515962680422,53.22804485945514,53.03515962680422,53.05192947387695,2063400
2017-04-03,53.09386390810736,53.135794924225166,52.69132039493977,53.04354476928711,2034700
2017-04-04,52.90937138301876,53.0770986712999,52.83389426324884,53.060325622558594,1977500
2017-04-05,53.19449795701615,53.38738318672986,52.85904343630361,52.917747497558594,2895800
2017-04-06,52.95130556353953,53.068713712599454,52.842282339784404,52.96807861328125,1652600
2017-04-07,52.89258952820114,53.060316788557415,52.85065851289493,52.917747497558594,952900
2017-04-10,52.917747935335,53.03515925794769,52.800339811853746,52.900978088378906,1817800
2017-04-11,52.94292063823473,52.99323658832777,52.599081116359756,52.96807861328125,1235200
2017-04-12,52.92613512642251,52.934520049752976,52.716476852715644,52.84226989746094,1185600
2017-04-13,52.73325566140106,52.850663795646696,52.49005126953125,52.49005126953125,1809800
2017-04-17,52.691319810981966,52.900978088378906,52.63261255010991,52.900978088378906,2123600
2017-04-18,52.62422579482836,52.758406959726415,52.473271584426634,52.64099884033203,1750800
2017-04-19,52.79196374114538,52.83389476382997,52.43973611250456,52.50682830810547,976500
2017-04-20,52.80033977085265,53.009998048086786,52.741635709157606,52.9261360168457,1681400
2017-04-21,52.89259706742558,52.934528088708575,52.758415879840875,52.85066604614258,2036300
2017-04-24,53.622204179790295,53.731227388545165,53.58866128405407,53.6557502746582,1944400
2017-04-25,53.865410826135175,54.08345084156893,53.857022702999025,54.01636505126953,2231600
2017-04-26,53.95765312965154,54.150541566991556,53.9073371887207,53.9073371887207,1360900
2017-04-27,53.99959195983718,54.0163682070896,53.798321780653566,53.92411804199219,1897300
2017-04-28,53.95765312965154,54.01636359175497,53.848633124880365,53.9073371887207,1511700
2017-05-01,54.04151833078642,54.158926451446625,53.96603802564045,54.04990005493164,1268500
2017-05-02,54.17570911919783,54.21764334289892,54.06668909514493,54.20925521850586,3350200
2017-05-03,54.066676299747506,54.10860411526175,53.93249193427143,54.04990005493164,938800
2017-05-04,54.10861236748439,54.18409268414202,54.00798047629245,54.16731643676758,703200
2017-05-05,54.25955744098127,54.586623828658304,54.20924150388098,54.52791976928711,1007200
2017-05-08,54.46923074591166,54.486006995084495,54.3434408684372,54.418914794921875,869800
2017-05-09,54.43568003494729,54.54470003946492,54.32665363216659,54.40213394165039,1010100
2017-05-10,54.37696555972366,54.553084136099855,54.37696555972366,54.52791976928711,932100
2017-05-11,54.44406167570691,54.46921964607507,54.18408745088523,54.452449798583984,2738800
2017-05-12,54.469224165614236,54.54470448124468,54.41052009712993,54.51954650878906,967700
2017-05-15,54.70404496154075,54.85499918936053,54.66211074337728,54.82145309448242,1258500
2017-05-16,54.99757276103384,55.02273073604232,54.85500663714293,54.92209243774414,676400
2017-05-17,54.56147905460436,54.66211735140469,54.09184646606445,54.09184646606445,1467800
2017-05-18,54.01636943331121,54.33504775744152,53.81509285129479,54.158935546875,1974600
2017-05-19,54.435685342488185,54.821455855621025,54.435685342488185,54.72081756591797,1207000
2017-05-22,54.813061783315725,54.964016002356125,54.813061783315725,54.93885803222656,1498800
2017-05-23,54.955624023787095,55.039486051089426,54.91369620926721,54.964012145996094,1682500
2017-05-24,54.913707857049666,55.09820179694291,54.905319733061454,55.07304382324219,962700
2017-05-25,55.165284311799304,55.316238525777756,55.165284311799304,55.24076461791992,1089500
2017-05-26,55.16529157971736,55.215607524918276,55.123363758137806,55.20722579956055,1248600
2017-05-30,55.064655926774364,55.182064056396484,55.064655926774364,55.182064056396484,1226700
2017-05-31,55.2743165371065,55.28269826224361,55.00594777439577,55.09819793701172,1130400
2017-06-01,55.240765749635855,55.551055908203125,55.09819325698997,55.551055908203125,3266900
2017-06-02,55.718788727467576,55.92005889265475,55.618150445742394,55.86135482788086,3152700
2017-06-05,55.802650451660156,55.82780842238524,55.69363044576373,55.802650451660156,1609400
2017-06-06,55.601379706918785,55.743945805047474,55.592991584010306,55.66008377075195,1270500
2017-06-07,55.65169981378474,55.77749607377634,55.483975732638314,55.693634033203125,2328800
2017-06-08,55.68524161534138,55.74394567904186,55.551057242161406,55.735557556152344,1655500
2017-06-09,55.702014787841335,55.85296901754809,55.27431646889174,55.54267883300781,1555600
2017-06-12,55.40010908367016,55.47558940140917,55.257542970263316,55.44204330444336,3059100
2017-06-13,55.668458543247326,55.77748493265253,55.57620839756398,55.75232696533203,850700
2017-06-14,55.94521169343808,55.95359981570581,55.50073718718781,55.676849365234375,1955100
2017-06-15,55.114972361785995,55.383334717361556,55.06465641957284,55.37494659423828,1871000
2017-06-16,55.483973888586945,55.57621765136719,55.316243414751604,55.57621765136719,1534700
2017-06-19,55.769105417487864,55.96199386048344,55.74394744628481,55.903289794921875,1774600
2017-06-20,55.84562655359522,55.84562655359522,55.464054107666016,55.464054107666016,2155100
2017-06-21,55.5149278091092,55.60820222225667,55.36229753935,55.4894905090332,1116500
2017-06-22,55.50644773763077,55.61667819674778,55.44709187975188,55.48101043701172,2049500
2017-06-23,55.54037266809608,55.65908439747594,55.42166093871623,55.57429122924805,1096900
2017-06-26,55.90499488161648,55.947394704756874,55.65909013987257,55.709964752197266,3644700
2017-06-27,55.73539757204173,55.78627217436627,55.45557432064987,55.472530364990234,1694300
2017-06-28,55.642130378031325,55.98130306329549,55.642130378031325,55.904991149902344,1859100
2017-06-29,55.845626909152564,55.8710642098027,55.11639410043333,55.396217346191406,1690400
2017-06-30,55.625157651863965,55.65059495165918,55.37077818460867,55.531883239746094,3787300
2017-07-03,55.68450551540755,55.76929865898894,55.56579382053319,55.59971237182617,1465500
2017-07-05,55.574296767499135,55.625171379644954,55.37079184961113,55.60821533203125,3957600
2017-07-06,55.387725668136696,55.43012547411145,55.13333977089239,55.19269561767578,2196100
2017-07-07,55.19271126683748,55.45557849366967,55.167273963761055,55.40469741821289,2179200
2017-07-10,55.4216516023859,55.59971916645842,55.362295747695065,55.54036331176758,761900
2017-07-11,55.52341482113107,55.667563849373046,55.30294741544674,55.62516403198242,1039200
2017-07-12,55.90498392670327,56.176325921438455,55.90498392670327,56.11697006225586,1509300
2017-07-13,56.167845139701335,56.26960081457651,56.08305197862377,56.244163513183594,1474700
2017-07-14,56.303525223309975,56.668141676203575,56.303525223309975,56.574867248535156,774200
2017-07-17,56.59180837580627,56.60877088689472,56.4815779309413,56.507015228271484,1197800
2017-07-18,56.49006818790123,56.60877990722656,56.3967937699594,56.60877990722656,2261400
2017-07-19,56.710537330549585,56.922523498535156,56.710537330549585,56.922523498535156,1640300
2017-07-20,57.0242723748467,57.04970967687701,56.86316083624989,56.98187255859375,1669500
2017-07-21,56.82924116589264,56.90555953979492,56.710529445870016,56.90555953979492,881000
2017-07-24,56.854680577998,56.89707392086828,56.72748761078107,56.863155364990234,1580200
2017-07-25,56.9988350728164,57.10058428093761,56.96491651367477,56.98187255859375,1884300
2017-07-26,57.1005776727585,57.210814594537126,57.01578451936927,57.151458740234375,4450300
2017-07-27,57.312552091598455,57.312552091598455,56.735956178531794,57.04121017456055,1594100
2017-07-28,56.837723534219585,57.015791117735375,56.80380497507796,56.98187255859375,1183300
2017-07-31,57.10906518086906,57.10906518086906,56.92251634140868,57.04970932006836,2577700
2017-08-01,57.27016656927601,57.321041164002644,57.15145486871221,57.23624801635742,2403400
2017-08-02,57.48217355871741,57.48217355871741,57.0327638905362,57.27018737792969,1061500
2017-08-03,57.20233333840733,57.2362518936236,57.109058928888295,57.151458740234375,623100
2017-08-04,57.2871217146899,57.32104026707775,57.100572911207934,57.26168441772461,1141400
2017-08-07,57.253208994454035,57.32952736242653,57.21081565162758,57.312564849853516,917600
2017-08-08,57.26168919271008,57.47367531083461,57.1005776727585,57.151458740234375,859400
2017-08-09,56.90556202035824,57.09211086546949,56.80380634048743,57.0836296081543,606600
2017-08-10,56.83771588629774,56.83771588629774,56.21023879986833,56.25263214111328,1778900
2017-08-11,56.252634771465345,56.3798277397533,56.15088557227746,56.26111602783203,1512200
2017-08-14,56.6427094612431,56.84621438111988,56.54943502519442,56.76142120361328,1033000
2017-08-15,56.761403661313686,56.76987844793185,56.59181088940894,56.68508529663086,871800
2017-08-16,56.93099738584913,56.998834503454766,56.88012278229671,56.947959899902344,1123200
2017-08-17,56.769884443021354,56.863158860093364,56.20176315307617,56.20176315307617,1594000
2017-08-18,56.19327628792811,56.49006202315679,56.09152709349797,56.25263214111328,1434600
2017-08-21,56.23567546485125,56.354387169884035,56.10000771737208,56.30351257324219,1029300
2017-08-22,56.49855394324665,56.8038145577142,56.46463537838306,56.76142120361328,1013700
2017-08-23,56.61724790131987,56.786840672366274,56.540936006326035,56.668128967285156,864300
2017-08-24,56.812283884751935,56.854683699252966,56.591816494092726,56.63421630859375,4048500
2017-08-25,56.82075674024366,57.02426158729176,56.81227548473677,56.85467529296875,989200
2017-08-28,56.90556198473876,56.95643658999041,56.75293169967999,56.80380630493164,748900
2017-08-29,56.47311663692515,56.84621438111988,56.41376076574006,56.76142120361328,1259300
2017-08-30,56.786854531962724,56.964922133044205,56.72749866493557,56.93100357055664,781200
2017-08-31,57.066666071238195,57.338008045968685,57.066666071238195,57.27865219116211,1045100
2017-09-01,57.431280596571106,57.49063644945565,57.354962231832246,57.4143180847168,1675700
2017-09-05,57.219300996725956,57.312568945330185,56.76141016407988,56.97339630126953,4411300
2017-09-06,57.15145486871221,57.32952241955791,57.14297361315694,57.23624801635742,1557200
2017-09-07,57.456722259521484,57.49911560377196,57.34648533200307,57.456722259521484,1050200
2017-09-08,57.422795237334824,57.499107127317835,57.354958133370616,57.39735794067383,610400
2017-09-11,57.69414969951186,57.99092900710789,57.69414969951186,57.923091888427734,961400
2017-09-12,58.050272944216715,58.16050338745117,58.007879605727645,58.16050338745117,1144000
2017-09-13,58.04180851624192,58.05028977411957,57.92309678317187,58.007896423339844,1079900
2017-09-14,57.91461728659006,58.05028505508241,57.87221746995285,58.033329010009766,358200
2017-09-15,58.084187398269634,58.15202449822854,58.00787551279231,58.1435432434082,969800
2017-09-18,58.28770273578111,58.38097714771276,58.16899102410502,58.2537841796875,1256600
2017-09-19,58.34706407115769,58.42338244686136,58.29618946689104,58.372501373291016,1515800
2017-09-20,58.40642019193235,58.48273856797492,58.092684838489895,58.397945404052734,2005000
2017-09-21,58.355547206381516,58.355547206381516,58.177479616413734,58.23683547973633,1264200
2017-09-22,58.24530792236328,58.31313856353517,58.194426854855706,58.24530792236328,951800
2017-09-25,58.09268314030271,58.168995044810785,57.77894132672795,57.99940872192383,4745400
2017-09-26,57.97398122125684,58.01637457449366,57.77895109459269,57.880706787109375,1015300
2017-09-27,57.94005494611747,58.067247927509655,57.79590591954809,57.965492248535156,801000
2017-09-28,57.88069872714104,58.08420361453143,57.88069872714104,58.033329010009766,3610400
2017-09-29,58.16050734247102,58.38097471323448,58.084195446419905,58.35553741455078,2570300
2017-10-02,58.31314487164756,58.46577515207545,58.31314487164756,58.42338180541992,3559100
2017-10-03,58.50817184613263,58.68623941891317,58.50817184613263,58.652320861816406,1349500
2017-10-04,58.652317595890736,58.76255451764272,58.60992425385782,58.69471740722656,1151000
2017-10-05,58.72017062001211,58.94063805396187,58.72017062001211,58.923675537109375,846500
2017-10-06,58.686228132228536,58.84733963012695,58.66927209159282,58.84733963012695,1034100
2017-10-09,58.889748049355575,58.89822930649669,58.694724420235794,58.737117767333984,625700
2017-10-10,58.99149169849278,59.093247355526614,58.91517980769419,59.06781005859375,1088800
2017-10-11,59.10174342836627,59.220455169677734,59.05935007464343,59.220455169677734,1111900
2017-10-12,59.12717431000204,59.262842069356864,59.10173054015117,59.21196746826172,1388600
2017-10-13,59.35611343383789,59.41546928849961,59.32219487841648,59.35611343383789,650200
2017-10-16,59.38155156739305,59.457869935489235,59.339158224497886,59.415470123291016,2709700
2017-10-17,59.330676134597574,59.373069476897115,59.23740172451445,59.35611343383789,1315700
2017-10-18,59.47482389538633,59.50026119409297,59.364593444556604,59.44938659667969,2027400
2017-10-19,59.20347991362498,59.39850997924805,59.09324946654396,59.39850997924805,1260300
2017-10-20,59.517230017217926,59.62746047973633,59.415474342298516,59.62746047973633,1314800
2017-10-23,59.56810692468367,59.58506296984117,59.27980887187983,59.33916473388672,876100
2017-10-24,59.37306213378906,59.46633653233625,59.32218754160047,59.37306213378906,677400
2017-10-25,59.39002802321794,59.41546532075956,58.8727814088632,59.16107940673828,920000
2017-10-26,59.24589402140844,59.33068719111203,59.14413833618164,59.14413833618164,1039300
2017-10-27,59.2967559884809,59.54266065671223,59.16956302638845,59.5172233581543,960100
2017-10-30,59.40699149665841,59.53418446958025,59.35611689521101,59.423954010009766,771100
2017-10-31,59.5341819674265,59.661374935002556,59.4833073681173,59.61050033569336,1247400
2017-11-01,59.89031732340531,59.95815443560464,59.6868124561104,59.712249755859375,1493200
2017-11-02,59.70377871288282,59.83096521960368,59.55962322309337,59.79704666137695,1420100
2017-11-03,59.763116357276715,59.88182804023642,59.63592342001945,59.85638427734375,1157600
2017-11-06,59.83945212336318,60.05143828030712,59.81401481961856,60.0260009765625,764100
2017-11-07,59.975116467822836,60.0768656660036,59.77160513285524,59.94967269897461,1731100
2017-11-08,59.95815181265917,60.09382603112259,59.87335866077093,60.068382263183594,536900
2017-11-09,59.68681591467813,59.8055276332542,59.398517875080096,59.78009033203125,1439900
2017-11-10,59.66986230928289,59.720736913808274,59.58506267600229,59.67833709716797,551300
2017-11-13,59.373076604294155,59.6528998681347,59.32220199970632,59.593544006347656,789800
2017-11-14,59.474815368652344,59.50873391849934,59.271310538872285,59.474815368652344,1108100
2017-11-15,59.10172119190668,59.30523250270403,58.95757219873525,59.17803955078125,1198400
2017-11-16,59.5341830186067,59.85639960209269,59.51722697497193,59.7716064453125,998600
2017-11-17,59.6359437498314,59.75465547325977,59.61898123545379,59.67833709716797,591100
2017-11-20,59.76313457245372,59.84792773336879,59.69529745600027,59.79704666137695,889400
2017-11-21,60.110771978541315,60.2888395083921,60.10229072398602,60.254920959472656,872300
2017-11-22,60.33125686645508,60.40756877175201,60.21254514534633,60.33125686645508,1325800
2017-11-24,60.50084686279297,60.560202726949555,60.483890817021376,60.50084686279297,700600
2017-11-27,60.466929101497705,60.48389161679759,60.263424203027625,60.28038024902344,1098100
2017-11-28,60.47540289109761,60.763707391856514,60.38212847637884,60.755226135253906,1015900
2017-11-29,60.76370552722958,60.80609887033512,60.424526435869865,60.526275634765625,1623800
2017-11-30,60.77218682245501,60.95873566614581,60.661956355412165,60.8145866394043,7719200
2017-12-01,60.72129737595918,60.76369718254504,60.03446450052332,60.66194152832031,6765100
2017-12-04,60.95025527858113,61.07744826194009,60.50932693481445,60.50932693481445,2408800
2017-12-05,60.95025277376444,60.95025277376444,60.29733830766635,60.33125686645508,2596600
2017-12-06,60.212547302246094,60.30582172493042,60.11927287956178,60.212547302246094,1169700
2017-12-07,60.15317346817535,60.466908733196526,60.127736173098164,60.373634338378906,1864700
2017-12-08,60.695860921190146,60.729779473068625,60.55171192768334,60.72129821777344,1167700
2017-12-11,60.76369495222488,60.958718529036226,60.76369495222488,60.95023727416992,5803300
2017-12-12,60.873925388279034,61.02655562936276,60.84000683811576,60.95023727416992,1731000
2017-12-13,61.08592105703571,61.23855132206171,61.04352124535511,61.09440231323242,1855700
2017-12-14,61.11136421234679,61.13680151407151,60.772185094308924,60.78066635131836,2458400
2017-12-15,60.95024337422956,61.15375469557711,60.87393148070118,61.02656173706055,1700700
2017-12-18,61.50989644174238,61.69644527179084,61.50989644174238,61.58620834350586,2077200
2017-12-19,61.6452559992893,61.6452559992893,61.35427777294907,61.388511657714844,1458300
2017-12-20,61.60247691912527,61.60247691912527,61.27725823433958,61.345726013183594,2557600
2017-12-21,61.47411464621787,61.705185287549554,61.44844085600859,61.5511360168457,2240200
2017-12-22,61.59390172207431,61.636689176282545,61.48263997635352,61.61957550048828,1107500
2017-12-26,61.628163916921714,61.628163916921714,61.46555453966538,61.5511360168457,4644200
2017-12-27,61.653809381521974,61.70515693834992,61.551107738420896,61.61957550048828,3342100
2017-12-28,61.87633847471,61.87633847471,61.70516903598285,61.75652313232422,1402700
2017-12-29,61.95336422336283,61.99615821844434,61.662385951038665,61.69661331176758,1104400
2018-01-02,62.056076810194185,62.278587341308594,61.90202754202756,62.278587341308594,2086500
2018-01-03,62.35559561930657,62.655133954975604,62.347035515588594,62.5952262878418,3217400
2018-01-04,62.96323236345917,63.15151546848615,62.93755858176385,63.031700134277344,2044200
2018-01-05,63.27135336826004,63.48531033128953,63.15153799131939,63.4425163269043,1595400
2018-01-08,63.43394201586556,63.545197249675134,63.35691413903878,63.502403259277344,1507800
2018-01-09,63.60511485702843,63.70781653236281,63.45962571405681,63.57944107055664,1268200
2018-01-10,63.44250209224491,63.55376386690326,63.314133166788146,63.4339485168457,1193300
2018-01-11,63.562312463333484,63.878971023365,63.562312463333484,63.87041091918945,1258800
2018-01-12,63.99879216561406,64.40103221552553,63.98167848515796,64.35823822021484,1382000
2018-01-16,64.72623244815863,64.80326031962919,64.11004212362283,64.2469711303711,2941000
2018-01-17,64.47803629912514,64.88027624128304,64.31543352528647,64.75190734863281,2516000
2018-01-18,64.72623609827761,64.80326397409202,64.55507319782842,64.66632843017578,4191900
2018-01-19,64.87173114199643,64.99154647708443,64.72623549557869,64.97442626953125,1318800
2018-01-22,64.97442923641077,65.44513702392578,64.97442923641077,65.44513702392578,1120900
2018-01-23,65.47082017633241,65.6591033182831,65.39379881614201,65.65054321289062,1329200
2018-01-24,65.89874000716237,66.00999526956024,65.42803210961777,65.71045684814453,1696000
2018-01-25,65.9244078204242,65.9586417125468,65.51361417384749,65.65054321289062,2584800
2018-01-26,65.94152426271911,66.36087799072266,65.85593627258022,66.36087799072266,1264300
2018-01-29,66.00143250422596,66.06989375569857,65.75324169547771,65.7874755859375,1684500
2018-01-30,65.40235138743364,65.47937927588809,65.05146542509968,65.1456069946289,2366700
2018-01-31,65.44515033454714,65.52217169938027,64.96588887483598,65.21407318115234,2062100
2018-02-01,65.00866294632556,65.39378927945461,64.96587548449767,65.17127227783203,3227600
2018-02-02,64.61498664983945,64.6920080031022,63.724925123049786,63.7505989074707,7605600
2018-02-05,63.1429621948961,63.65645747268478,61.063300769822234,61.217350006103516,11025900
2018-02-06,60.686729638889545,62.6037813626213,60.37863122425197,62.5181999206543,12874700
2018-02-07,62.030393462045325,62.78351947400506,61.790756225585945,61.79075622558594,7564700
2018-02-08,61.92768634994998,61.92768634994998,59.76244354248047,59.76244354248047,6235400
2018-02-09,60.318725139447906,60.81510012761639,58.641297491686636,60.45565414428711,8534600
2018-02-12,60.90923486447315,61.61101307559917,60.60113647622808,61.29436111450195,3611200
2018-02-13,61.071867355979485,61.50834132667358,60.94349189054623,61.4056396484375,1918000
2018-02-14,61.02052574023032,62.47543041201866,61.02052574023032,62.44975662231445,2926300
2018-02-15,62.90334418515348,63.15153503417969,62.31282090542051,63.15153503417969,3154100
2018-02-16,62.97178377992992,63.639328129701354,62.97178377992992,63.219974517822266,2834200
2018-02-20,62.72360690460984,63.117286825342795,62.48397621628948,62.68937301635742,1669700
2018-02-21,62.85198218248832,63.43394522230568,62.40694816586218,62.41550827026367,1340900
2018-02-22,62.612344416527854,63.065931956831136,62.4326148916475,62.54387664794922,1917500
2018-02-23,62.9204376253436,63.33979781952844,62.79206871839511,63.32267761230469,7204000
2018-02-26,63.5965507000094,64.00735084572777,63.40826757194877,63.9987907409668,1966200
2018-02-27,63.75059592042054,63.921765357617616,63.02314376831055,63.02314376831055,1935800
2018-02-28,63.245657739342796,63.262771417518714,62.29568862915039,62.29568862915039,1634100
2018-03-01,62.227214588189916,62.54387310283287,61.106082691407565,61.516876220703125,6922700
2018-03-02,61.11463931312233,61.89343887149918,60.900682457713465,61.79929733276367,2206600
2018-03-05,61.448428627196876,62.3983978525765,61.371400742450135,62.28713607788086,1765600
2018-03-06,62.69792809822199,62.73216198373202,62.29568810528664,62.61234664916992,1507900
2018-03-07,62.17588106293841,62.620908575028785,62.030391927201826,62.56956100463867,1446000
2018-03-08,62.749277282543794,62.817745055332345,62.46685261687567,62.80062484741211,1305800
2018-03-09,63.05738107460084,63.622223924359915,62.98891329600982,63.613670349121094,799300
2018-03-12,63.67358478404383,63.84474771924914,63.50241531939108,63.63935089111328,2316500
2018-03-13,63.89608660318023,63.98166805039719,63.0659328533393,63.211421966552734,1172700
2018-03-14,63.61366522130802,63.61366522130802,62.96323443601716,63.08304977416992,1010500
2018-03-15,63.21143373641941,63.391156767872936,62.93756913666444,63.0573844909668,3228800
2018-03-16,63.06593401968643,63.24565702099964,63.0145799268498,63.031700134277344,1073900
2018-03-19,62.8263063109964,62.8263063109964,61.95335851555538,62.364158630371094,2320600
2018-03-20,62.42408283261024,62.59524578360367,62.33849482766548,62.44975662231445,1032500
2018-03-21,62.44974732190861,62.95468252275478,62.36416585915722,62.5096549987793,1674100
2018-03-22,61.85921413011315,62.004703246218774,60.99482647831303,61.02906036376953,3784500
2018-03-23,61.1231993630465,61.28580867981052,59.95071985000918,59.984947204589844,1654800
2018-03-26,60.91780390399285,61.4569728978005,60.327280818313604,61.388511657714844,3064200
2018-03-27,61.636699748987155,61.73940140970492,60.25026324125199,60.50700759887695,2931100
2018-03-28,60.66962003307713,61.046186278860475,60.267380003162486,60.5498046875,3097300
2018-03-29,60.840790930515226,61.62815741405832,60.73809578051427,61.36284637451172,3126800
2018-04-02,61.09753407514485,61.217349421169146,59.62550950462163,60.13045120239258,3336500
2018-04-03,60.541246485063525,60.83223128306919,60.096218977430354,60.77232360839844,4289400
2018-04-04,59.83946045127743,61.277250989783916,59.76243910626891,61.20022964477539,2327400
2018-04-05,61.43985538381387,61.81642156327853,61.39706139816725,61.63669204711914,1838000
2018-04-06,61.28580756999002,61.576785784776604,60.28449096577179,60.609703063964844,2829000
2018-04-09,61.08895239237766,61.628127788482836,60.89211576319985,60.92634963989258,1103200
2018-04-10,61.653825752356525,62.013271804485626,61.46554262139931,61.8763427734375,2217900
2018-04-11,61.542562730164164,61.97903008283554,61.542562730164164,61.60247039794922,1176700
2018-04-12,61.83354228174139,62.14164073103725,61.78219471667415,61.94479751586914,903000
2018-04-13,62.18443134472305,62.24433901053037,61.60246836426087,61.807865142822266,1387300
2018-04-16,62.013261252054576,62.21865802839906,61.89344592173315,62.10740280151367,1998600
2018-04-17,62.32993402865971,62.73217409928022,62.27857992575356,62.561004638671875,865600
2018-04-18,62.79206825009723,62.9289972596364,62.638019033462,62.766387939453125,1449400
2018-04-19,62.680794894511045,62.73214897685135,62.261441310492444,62.50107192993164,2655800
2018-04-20,62.39839001888255,62.39839001888255,61.84210080358329,62.01326370239258,1393100
2018-04-23,62.02181869996935,62.15019412823031,61.70516018085171,61.927677154541016,1485700
2018-04-24,62.141634315134596,62.21010208111934,61.054729750824826,61.337154388427734,2147300
2018-04-25,61.243024344917565,61.43130747201523,60.84934441073462,61.345726013183594,1268500
2018-04-26,61.60246757592132,62.00470102436821,61.52543970404287,61.842098236083984,2000200
2018-04-27,62.00471686548161,62.056070969669236,61.72229867496318,61.970489501953125,715700
2018-04-30,62.06462587310609,62.18444776580803,61.59392452587758,61.61103820800781,2476500
2018-05-01,61.52543655673331,61.56823054219287,61.07184904042195,61.54255676269531,2009500
2018-05-02,61.68804853797044,61.8078638671121,61.20878069195808,61.28580856323242,1076500
2018-05-03,61.14031192037942,61.43985020632743,60.54122881903847,61.29436111450195,3695400
2018-05-04,60.91780372979506,61.97047446263322,60.892129948655615,61.807865142822266,1295400
2018-05-07,61.85066818579724,62.09030543885266,61.75653314104914,61.91057586669922,1525700
2018-05-08,61.80786952036434,61.95335864342269,61.628146510213504,61.93624496459961,1379300
2018-05-09,62.01326396840215,62.38983018273314,61.944796196806315,62.29568862915039,1380200
2018-05-10,62.543873472923515,62.988900887201304,62.543873472923515,62.928993225097656,1432300
2018-05-11,63.04881683398826,63.177192278063465,62.911887815235346,63.06593704223633,1153400
2018-05-14,63.228541202178654,63.41682432027411,63.08305207617634,63.16007995605469,1010400
2018-05-15,62.70648167251498,62.74071555802501,62.41550343984874,62.61234664916992,1918900
2018-05-16,62.71504094706626,62.98890549807959,62.68080706200885,62.8947639465332,800100
2018-05-17,62.77495121828134,63.03170210214232,62.64657577635084,62.817745208740234,834200
2018-05-18,62.6636941357133,62.70648159546374,62.51820501955895,62.60378646850586,1103900
2018-05-21,62.92899553605161,63.10016495509469,62.87764797506153,63.00602340698242,1113500
2018-05-22,63.13440920200706,63.2542310921202,62.86910469331124,62.93757247924805,1004600
2018-05-23,62.42406902350823,62.80918884277344,62.32992746245289,62.80918884277344,1499400
2018-05-24,62.62946112010031,62.72360267408324,62.16731345403305,62.5781135559082,1613500
2018-05-25,62.38982399127677,62.518199417917685,62.29568244703646,62.39838409423828,1009100
2018-05-29,61.8421013727127,61.944796501164944,61.165996816135575,61.448421478271484,2512500
2018-05-30,61.7736415780949,62.29569697996464,61.71373390227937,62.25290298461914,2082800
2018-05-31,62.10740866708052,62.14164255461203,61.76507632121186,61.90201187133789,2328100
2018-06-01,62.32135966479157,62.56099032537098,62.24433832222496,62.54387664794922,2917200
2018-06-04,62.84340510594178,62.98033409215252,62.774937348114015,62.91187286376953,2303500
2018-06-05,62.877659640892524,62.92900721140923,62.64658251467354,62.84342575073242,3769900
2018-06-06,63.05739640523054,63.4425163269043,62.92046081475647,63.4425163269043,3887300
2018-06-07,63.49385220015246,63.51096587932184,62.98891051712861,63.16007995605469,1508700
2018-06-08,63.03170017248818,63.33979861191074,62.95467229790953,63.28844451904297,1019100
2018-06-11,63.39971676925499,63.630787372332165,63.37404298329609,63.493858337402344,1544500
2018-06-12,63.451050517668136,63.54519206530573,63.26276742239296,63.40825653076172,1069300
2018-06-13,63.42536961571446,63.54518493026441,63.12583132933957,63.27988052368164,2879700
2018-06-14,63.36547326414576,63.46817492184622,63.177190156417986,63.26277160644531,2136900
2018-06-15,62.95467972813243,63.074495076555074,62.71504903128715,63.01458740234375,1418200
2018-06-18,62.50965966601834,62.75785049714132,62.38128419758265,62.74073028564453,3441800
2018-06-19,61.98097199007643,62.34440028298104,61.859831426330096,62.30978775024414,3575900
2018-06-20,62.53478627537233,62.612666158028354,62.34442716573545,62.456912994384766,1678600
2018-06-21,62.309804157796414,62.32710712788832,61.877157287158106,61.98964309692383,2327700
2018-06-22,62.491509807771614,62.552080100512,62.249228636810095,62.31844711303711,1135400
2018-06-25,61.989651032045494,61.989651032045494,61.14166675398002,61.43586349487305,4242400
2018-06-26,61.634888521758555,61.73006477895303,61.34933994516914,61.522396087646484,1539200
2018-06-27,61.617569814098864,61.8771605910093,60.90802917243372,60.92533874511719,2887000
2018-06-28,60.9599387068796,61.37528258885685,60.7522700667245,61.245487213134766,2791200
2018-06-29,61.678139311070495,61.9377300845967,61.539695739746094,61.539695739746094,1957800
2018-07-02,60.86477021527596,61.383951840518236,60.86477021527596,61.357994079589844,3574200
2018-07-03,61.721400854691815,61.721400854691815,61.24548668172921,61.30605697631836,1373600
2018-07-05,61.67814276851023,61.76467083064686,61.40990379538628,61.74736785888672,2242300
2018-07-06,61.80792427898792,62.30114138421295,61.74735398893104,62.197303771972656,6346100
2018-07-09,62.57806126429706,62.846300289398314,62.54344871240186,62.80303955078125,2888800
2018-07-10,62.820323142391146,62.967421491305934,62.76840763140174,62.93281555175781,1961000
2018-07-11,62.353060979382896,62.586693971831465,62.07616726357983,62.18865966796875,2244400
2018-07-12,62.57805621427219,62.78572490721536,62.4309578318403,62.777076721191406,1555900
2018-07-13,62.74245421515415,62.88955257424221,62.61265882703682,62.872249603271484,1245500
2018-07-16,62.86359306717049,62.872247853248794,62.67322738345285,62.78571319580078,776100
2018-07-17,62.57805756264082,63.07127484505116,62.569402774761656,63.02800750732422,1153500
2018-07-18,62.967439205609814,63.097234621265216,62.83765039162349,63.0626220703125,1080500
2018-07-19,62.72514240062201,62.9414658391966,62.6126565891635,62.768409729003906,2698700
2018-07-20,62.8635929832784,63.08857120934152,62.82898044067888,62.98473358154297,1718900
2018-07-23,62.87224776934515,63.01069133807573,62.777064927613345,62.98473358154297,1973300
2018-07-24,63.382762942439165,63.581783396343425,63.157784734040206,63.30488967895508,2234800
2018-07-25,63.41738584346054,63.979828155516344,63.26163268937845,63.92790603637695,2238100
2018-07-26,63.607752450537994,63.82407591197886,63.607752450537994,63.65966796875,977300
2018-07-27,63.81540665245772,63.85867397560062,63.27892221315232,63.46928787231445,2899500
2018-07-30,63.59909123486827,63.59909123486827,63.175099141769365,63.261627197265625,1703700
2018-07-31,63.46929374549896,63.61639209513006,63.30489242600954,63.42603302001953,1961400
2018-08-01,63.400068204895845,63.52121539969824,63.14048404889209,63.28758239746094,2460800
2018-08-02,62.7424515067253,63.28758419128492,62.6818812084409,63.25297164916992,2475500
2018-08-03,63.252984983879315,63.503921015863725,63.20972424836608,63.48661804199219,912700
2018-08-06,63.27893057936782,63.56447910586387,63.21836027995964,63.47795104980469,1036000
2018-08-07,63.27892337769038,63.94520319701955,63.27892337769038,63.77214050292969,1652900
2018-08-08,63.75483829701808,63.858675914714155,63.625042925314695,63.78079605102539,1906800
2018-08-09,63.80674824723815,63.884628104143296,63.60773441607236,63.61638259887695,657100
2018-08-10,62.92417199208646,63.01070005972833,62.681890762021865,62.86360168457031,2170800
2018-08-13,62.751092617989,62.9155005240871,62.404980439185955,62.49150848388672,1455300
2018-08-14,62.69054204760209,62.854950005419326,62.53478887747753,62.777076721191406,1365400
2018-08-15,62.16269434833174,62.171349133535244,61.626216495717244,62.03290557861328,2889300
2018-08-16,62.41363319397406,62.742449030254356,62.404985010037194,62.50016784667969,1599400
2018-08-17,62.45690394316779,62.941466336872715,62.35306631523067,62.78571319580078,1409900
2018-08-20,62.9414606508026,63.07125602358154,62.889545142357775,63.01934051513672,1200100
2018-08-21,63.26162971202279,63.52122049049821,63.26162971202279,63.31354522705078,1486500
2018-08-22,63.36545738729423,63.538513477974156,63.3221900637909,63.40871810913086,1492800
2018-08-23,63.304889747332126,63.44333330534235,63.07991153869016,63.10586929321289,2118200
2018-08-24,63.356801021924504,63.65099768907545,63.356801021924504,63.59042739868164,1384900
2018-08-27,63.945211664394556,64.28267571047202,63.93655687812734,64.20479583740234,3820400
2018-08-28,64.40381068737786,64.41246547288928,64.17883247575024,64.2394027709961,4793400
2018-08-29,64.24805589890215,64.63743541519844,64.19614039050715,64.62013244628906,1853200
2018-08-30,64.23940131113713,64.31728117563598,63.91924687282769,64.06634521484375,1809400
2018-08-31,63.86734390258789,64.10962515067304,63.6596752044676,63.86734390258789,2993500
2018-09-04,63.5125617980957,63.57313209579254,63.27028060730834,63.5125617980957,2286900
2018-09-05,63.24432377751011,63.304900684084565,62.9155144939711,63.16645050048828,1389000
2018-09-06,63.14049541146928,63.235678266299644,62.6905388974224,62.94147491455078,1799900
2018-09-07,62.63860218685259,62.924150654743904,62.526116397228506,62.68186950683594,1790900
2018-09-10,62.976078879518425,63.02799439265324,62.76841022531167,62.78571319580078,1797800
2018-09-11,62.560748309691185,63.00204342220518,62.45691067056943,62.9760856628418,1518600
2018-09-12,62.958754963471144,63.24429679238407,62.820304838948864,63.097198486328125,1767300
2018-09-13,63.529869079589844,63.66831925610269,63.374115931846774,63.529869079589844,2042800
2018-09-14,63.60774868164021,63.737544071147695,63.40872820417304,63.581790924072266,3032400
2018-09-17,63.59909322289114,63.651008737478215,63.33085426196771,63.374114990234375,1796000
2018-09-18,63.59043696324252,63.92790100357512,63.5644792065504,63.82406997680664,2069900
2018-09-19,63.85867177914023,64.0922981517429,63.85867177914023,63.988460540771484,1594500
2018-09-20,64.41247396579182,64.70667069530002,64.36920663419687,64.59418487548828,1827300
2018-09-21,64.72398993025399,64.80186321674788,64.61149749198206,64.6288070678711,1295800
2018-09-24,64.45573074893872,64.50765286400691,64.27401985036886,64.32593536376953,931800
2018-09-25,64.60283921834115,64.60283921834115,64.41247352329987,64.45573425292969,1031100
2018-09-26,64.50765079583758,64.85376300963541,64.33458808727133,64.41246795654297,2505900
2018-09-27,64.40381317069783,64.74127720031785,64.39515838485269,64.41246795654297,2164600
2018-09-28,64.17019343414144,64.44708719495213,64.11827131534268,64.25672149658203,4742900
2018-10-01,64.5768820080052,64.68071965361504,64.31729779648349,64.43843841552734,1648500
2018-10-02,64.13557125475637,64.351894679197,64.0663461745353,64.22209930419922,1416800
2018-10-03,64.46437385371354,64.5076411748188,64.06633958587715,64.17882537841797,1080500
2018-10-04,63.884632998230444,63.89328118169755,63.131825131585266,63.49524688720703,2369900
2018-10-05,63.42603466927442,63.52986569445875,62.75975478322706,63.12317657470703,2577500
2018-10-08,62.78570752380124,63.062601238285104,62.474201269798534,63.01934051513672,2684300
2018-10-09,62.67321897788241,63.07990804734102,62.56073318062078,62.898197174072266,1526800
2018-10-10,62.6818803487836,62.6818803487836,60.99455360257218,61.07243347167969,8818400
2018-10-11,60.8734134390212,61.19357450021222,59.62739493947737,60.04273223876953,14971000
2018-10-12,60.99456011263163,60.99456011263163,59.99947088968399,60.769588470458984,5689200
2018-10-15,60.579219369117915,60.890725657963145,60.36289592417915,60.44076919555664,3722100
2018-10-16,61.02919056947152,61.77334400839676,60.94266248157391,61.660858154296875,8686000
2018-10-17,61.56565835000968,61.660841201028084,61.00321603081043,61.49643325805664,4446300
2018-10-18,61.141665727653546,61.28876409563087,60.23310455759493,60.5099983215332,3787500
2018-10-19,60.77822474139429,61.18491381726852,60.49268285127696,60.631126403808594,3358200
2018-10-22,60.804181522918,60.88206138382631,60.31096440938738,60.475372314453125,2020000
2018-10-23,59.44566788411593,60.28500373527393,59.03898543611462,60.00811004638672,4222700
2018-10-24,59.869682610283036,59.91294334107129,58.15639791070094,58.346763610839844,4995800
2018-10-25,58.64961091332627,59.497601716115504,58.4765547992881,59.17744064331055,4275400
2018-10-26,58.286176278080035,58.969759000839026,57.65450905776705,58.3813591003418,9071100
2018-10-29,58.978427063113024,59.2553208079398,57.30840980790748,58.000640869140625,6536500
2018-10-30,57.99198946138277,58.883247649832235,57.94872873097346,58.83132553100586,5115500
2018-10-31,59.46298267568509,59.86967176107179,59.34184208876142,59.48028564453125,3397900
2018-11-01,59.83506271616462,60.345582847777074,59.575471956643796,60.310970306396484,4500200
2018-11-02,60.73496313594471,60.838794148416326,59.722564552680204,60.19847869873047,4146100
2018-11-05,60.18982994019567,60.48403324221055,60.051386375816584,60.38019561767578,2073300
2018-11-06,60.319628506655505,60.67440212463873,60.29367074956748,60.63978958129883,2304500
2018-11-07,61.16762258073652,61.75602264560077,61.037827186697584,61.74736785888672,1902000
2018-11-08,61.47912020976792,61.591606014504634,61.07243111328336,61.245487213134766,1668200
2018-11-09,60.87340524725126,60.89071481669836,60.354230392168056,60.7263069152832,2925900
2018-11-12,60.440769590176956,60.47538213379326,59.49760253288643,59.61008834838867,3088100
2018-11-13,59.722559618649164,60.28500176251466,59.53220057762235,59.69660186767578,3785800
2018-11-14,60.06003742671381,60.23309352184281,59.142821637862895,59.48028564453125,3351800
2018-11-15,59.229347235443655,60.1898237075139,58.952453533690665,60.0513801574707,6045200
2018-11-16,59.7225577417151,60.336921969885466,59.63602970730118,60.20712661743164,4191300
2018-11-19,60.034063095474266,60.06002744692947,59.11685406069687,59.29856491088867,11799700
2018-11-20,58.459234433174416,58.73612812551135,58.00062987414759,58.21695327758789,5946700
2018-11-21,58.77075145704829,59.09956731573966,58.66692042939213,58.753448486328125,3029500
2018-11-23,58.29484858745506,58.58904532531445,58.208313921808774,58.36406707763672,1215300
2018-11-26,58.969782353151295,59.22936656984404,58.88325428092038,59.22071838378906,4068100
2018-11-27,58.95245300251873,59.2899169921875,58.78805170092788,59.2899169921875,3520700
2018-11-28,59.49760938134526,60.4926986694336,59.24667336249387,60.492698669433594,3695100
2018-11-29,60.21577301466889,60.56189174373011,59.982146668510325,60.241737365722656,2948500
2018-11-30,60.137917199384056,60.484036028778775,60.034079570065366,60.423465728759766,3109800
2018-12-03,61.418559635422596,61.46182036639885,60.91668762408792,61.20223617553711,3838500
2018-12-04,61.03782160407864,61.10704668812369,59.41971992327916,59.48894500732422,4112400
2018-12-06,58.40732843224128,59.22935485839844,57.77566108668485,59.22935485839844,9554700
2018-12-07,59.12553857662369,59.49761524792967,57.93142867250868,58.0958366394043,9034900
2018-12-10,57.94007442583138,58.17370745832206,57.03151985966773,57.92277145385742,7898900
2018-12-11,58.57173793128389,58.71018150286348,57.6977893672469,58.000640869140625,12914300
2018-12-12,58.753444211430285,59.22070360688796,58.59769107961107,58.614994049072266,5630900
2018-12-13,58.80536485228024,58.96111799768901,58.372717959663404,58.56308364868164,5521400
2018-12-14,57.97467330745212,58.190996715315755,57.533371706943704,57.61989974975586,5837000
2018-12-17,57.481470124236374,57.65452625177678,56.41715579502539,56.7459716796875,9241500
2018-12-18,57.04113645108493,57.259450660812355,56.456055967996456,56.7180290222168,8860000
2018-12-19,56.86647898105528,57.617480279727964,55.65264936389248,55.93209457397461,6191300
2018-12-20,55.94082602922669,56.202805722736215,55.023907095573925,55.44307327270508,14400300
2018-12-21,55.39940388192396,55.94082210350924,54.27290526996924,54.39516067504883,13965000
2018-12-24,54.27290230436501,54.465016502759646,53.39091121955367,53.42584228515625,7077900
2018-12-26,53.74895172610658,55.4081408659905,53.277392286618294,55.39940643310547,15493100
2018-12-27,54.76192414613346,55.67011186865759,54.08951612068058,55.661380767822266,13249900
2018-12-28,55.996938720131396,56.33774351568383,55.56000881126712,55.79594802856445,13396000
2018-12-31,56.04937926562934,56.27658472995941,55.726052002479506,56.06686019897461,8905900
2019-01-02,55.29785357701326,56.18919441131376,55.201728454352974,56.049373626708984,6642200
2019-01-03,55.708576924898985,55.75226925970642,54.97453436619515,55.09687423706055,5111900
2019-01-04,55.85712135583269,57.00188232045021,55.79595143154181,56.85332107543945,6289000
2019-01-07,56.897004600274194,57.48248898889814,56.739709590358174,57.20285415649414,3630900
2019-01-08,57.631059696257736,57.76214001911569,57.20287019747576,57.6223258972168,4535800
2019-01-09,57.96312619812331,58.34762000350739,57.78835022565632,58.15537643432617,3461600
2019-01-10,57.86700354427978,58.426273345947266,57.744663691853894,58.426273345947266,3110900
2019-01-11,58.033035338105925,58.25150029872155,57.91942929169203,58.21654510498047,15803900
2019-01-14,57.80583152016902,58.08546641085421,57.69222547059518,57.88447570800781,4467500
2019-01-15,58.05051150805328,58.47870097815718,58.05051150805328,58.408790588378906,4393300
2019-01-16,58.548606744826515,58.77581216015446,58.4961772901436,58.57482147216797,4148500
2019-01-17,58.373847672803876,59.16031629884759,58.3214115419179,59.003021240234375,3570900
2019-01-18,59.43995003777514,59.737065883489244,59.265180717017834,59.62346649169922,5224300
2019-01-22,59.13410336476589,59.2127542299749,58.49618931162287,58.83699417114258,7538200
2019-01-23,59.16031160773192,59.24770292993808,58.51365715894176,58.98554229736328,4049500
2019-01-24,58.98553131419531,59.19525578099113,58.819495833345805,59.090396881103516,4520900
2019-01-25,59.61472351445011,59.85940322001279,59.553553588059444,59.74580383300781,5303400
2019-01-28,59.27391308720015,59.3350830078125,58.93310829135686,59.3350830078125,9778000
2019-01-29,59.49238087006306,59.57976552266046,59.22147977988298,59.34382629394531,3944000
2019-01-30,59.64967657452106,60.39245613038703,59.48364106582545,60.18273162841797,4186000
2019-01-31,60.21768300960265,60.66334671468487,60.12155789665834,60.57596206665039,5528500
2019-02-01,60.56721621004693,60.698296503940526,60.366232204161356,60.506046295166016,4794400
2019-02-04,60.488563751884435,60.85558319091797,60.33126875415295,60.85558319091797,2342900
2019-02-05,61.04784314435057,61.26630808355394,61.00414748970156,61.2138786315918,4445100
2019-02-06,61.1439865868367,61.187675587566325,60.89930684827763,60.97795104980469,4517600
2019-02-07,60.645884145467726,60.689573144398324,60.02544435766368,60.34003448486328,3067000
2019-02-08,60.06912774120918,60.322547912597656,59.798233305286516,60.322547912597656,3991200
2019-02-11,60.40120298834618,60.45363245263184,60.139042332873075,60.2439079284668,2323100
2019-02-12,60.68955946837254,61.05658564541333,60.68955946837254,60.98667526245117,2141700
2019-02-13,61.13523252525676,61.310008490378955,61.01289268318191,61.02163314819336,2355700
2019-02-14,60.8555949611524,61.23135493579764,60.69829993299808,60.98667526245117,5637300
2019-02-15,61.40611361392195,61.6158447265625,61.33620991006169,61.6158447265625,2482800
2019-02-19,61.45856487456307,61.9479242573071,61.4323501457763,61.825584411621094,939000
2019-02-20,61.86053118759506,62.16638076018956,61.83431646237562,61.99161148071289,1790300
2019-02-21,61.93916555490511,61.93916555490511,61.624575568047334,61.843040466308594,2037700
2019-02-22,62.04405696929147,62.279996224276395,61.982887038960385,62.21882629394531,1467400
2019-02-25,62.59457885479759,62.69944443725945,62.36738009332926,62.37611389160156,1959700
2019-02-26,62.297459977761854,62.603309545075966,62.288719513832724,62.4197998046875,1988300
2019-02-27,62.2974749020582,62.41107429226915,62.03531425754413,62.288734436035156,1956700
2019-02-28,62.192606574484074,62.271257431186655,62.00909679820719,62.07026672363281,7012700
2019-03-01,62.472224566942955,62.55087540236288,62.148900763050044,62.402320861816406,4186600
2019-03-04,62.64702247328527,62.6644967389417,61.75568158329249,62.21882629394531,3677900
2019-03-05,62.2712614293569,62.38486082186341,62.08775164129763,62.22756576538086,2561500
2019-03-06,62.29748249261842,62.29748249261842,61.895507677868295,61.921722412109375,2935400
2019-03-07,61.790629041704065,61.790629041704065,61.13523415581367,61.275054931640625,3671300
2019-03-08,60.79443675078228,61.152722532197224,60.733266820665385,61.117767333984375,3024800
2019-03-11,61.31001829424959,61.965413267461656,61.31001829424959,61.930458068847656,1635700
2019-03-12,62.0440610407335,62.23631131068196,62.01784630701741,62.16640090942383,6770500
2019-03-13,62.34990510388492,62.67323568035205,62.31494990640019,62.524681091308594,3341200
2019-03-14,62.49844950132597,62.57710034959661,62.36737586591013,62.4635009765625,1564200
2019-03-15,62.75187575907407,63.08394677989027,62.725661029435265,62.970340728759766,3079900
2019-03-18,63.0577236958343,63.31987762451172,63.02276850527313,63.31987762451172,1392000
2019-03-19,63.54710190192778,63.6869160386737,63.171341825577755,63.3723258972168,4977800
2019-03-20,63.23248870959243,63.64320383716187,62.87420303081213,63.21500778198242,4063800
2019-03-21,62.98782868878275,63.69565313610476,62.952873489689715,63.66069793701172,2173200
2019-03-22,63.12763503563542,63.22376015453514,62.332426022126995,62.34115982055664,4214500
2019-03-25,62.28872088083976,62.53340054006087,62.06151548283987,62.33241653442383,4008400
2019-03-26,62.73438632040335,62.97906596054322,62.48970668026349,62.76060104370117,2033200
2019-03-27,62.76061197383942,62.86547755231383,62.122691372074065,62.47223663330078,2407800
2019-03-28,62.52468424066061,62.70819403643214,62.30621924564366,62.655757904052734,1878100
2019-03-29,63.01404077405516,63.057736437841385,62.71692492775781,63.04899597167969,3205800
2019-04-01,63.582050102759894,63.852944546459014,63.512139708572334,63.817989349365234,2565200
2019-04-02,63.8179856646098,63.844200394161,63.590780230129795,63.791770935058594,1889700
2019-04-03,64.1500590401842,64.35104308547226,63.94906832787416,64.08888244628906,3175500
2019-04-04,64.05393915409644,64.2024937505027,63.96654782254213,64.18501281738281,1991000
2019-04-05,64.28987434138524,64.44716939438463,64.2199639473806,64.42969512939453,1064000
2019-04-08,64.36852480808979,64.50833892822266,64.21122975605151,64.50833892822266,1006600
2019-04-09,64.32482127791704,64.32482127791704,64.08014159734421,64.16752624511719,1170200
2019-04-10,64.27238670988882,64.43841552734375,64.1937358662348,64.43841552734375,1573000
2019-04-11,64.38598894993622,64.40346321207217,64.15004974248521,64.23743438720703,1257600
2019-04-12,64.67435923532022,64.78795859789939,64.57823413351458,64.69183349609375,1460400
2019-04-15,64.74428598666752,64.74428598666752,64.47339151263854,64.66564178466797,1522800
2019-04-16,64.88410452558617,64.90157879196842,64.65689906048108,64.73554992675781,1637000
2019-04-17,65.04139179472783,65.05886605901547,64.64815751154838,64.76175689697266,2266500
2019-04-18,64.75301348170098,64.84039813320233,64.53454851943678,64.77922821044922,2703600
2019-04-22,64.52582140384315,64.7705078125,64.52582140384315,64.7705078125,1286500
2019-04-23,64.7617617789639,65.16373655810051,64.69185138249954,65.12004089355469,685800
2019-04-24,64.96274093787882,64.98022186918831,64.71806123572078,64.76175689697266,3025400
2019-04-25,64.69182562295767,64.81416543454483,64.43840553695006,64.74425506591797,2909700
2019-04-26,64.77922149443359,65.00642689839874,64.63066693558056,64.98895263671875,1497000
2019-04-29,65.02391564563123,65.2598548752955,64.99769424942706,65.14625549316406,1511900
2019-04-30,65.08508812617684,65.25111697319552,64.8054532255422,65.20742797851562,1468800
2019-05-01,65.27733103123113,65.4258922792744,64.73554216703027,64.76175689697266,2759800
2019-05-02,64.74427861112228,64.91031413023741,64.35104431187524,64.61320495605469,2356200
2019-05-03,64.9627364324507,65.32102216220632,64.95400263442353,65.29480743408203,1628500
2019-05-06,64.00148606494234,64.84913108706922,63.97527133923051,64.75300598144531,2460600
2019-05-07,64.20249067842883,64.25492014123465,63.31114980859668,63.651954650878906,2985700
2019-05-08,63.608263928626656,63.992764424164335,63.51213880474223,63.61700439453125,3831500
2019-05-09,62.9616252772253,63.42477008119575,62.60333942236592,63.2936897277832,2799700
2019-05-10,63.215031136816485,63.79178195465975,62.57711705080272,63.68691635131836,2358700
2019-05-13,62.41106571297006,62.54214601720822,61.869276900416786,62.08774185180664,2583300
2019-05-14,62.36738818715424,62.91791756572626,62.34116678786967,62.66449737548828,2538700
2019-05-15,62.27998332989187,63.07519892657769,62.192598685656975,62.917903900146484,1995100
2019-05-16,63.08395137893746,63.73060586958448,63.08395137893746,63.389801025390625,1074000
2019-05-17,62.88294588862109,63.40726039753487,62.86547162736626,62.90916061401367,2023600
2019-05-20,62.585851020151324,62.830530735522245,62.40234123362313,62.524681091308594,956500
2019-05-21,62.95286396187937,63.17132892287964,62.86547931088357,63.09267807006836,742800
2019-05-22,62.86549009320021,63.07521462496515,62.7868392268992,62.83927536010742,1598900
2019-05-23,62.28873808620327,62.28873808620327,61.86928903082729,62.13144302368164,2381100
2019-05-24,62.55088748391192,62.655746395365,62.288726871236555,62.47223663330078,890300
2019-05-28,62.53341108320943,62.716920858565054,61.939186096191406,61.939186096191406,9210400
2019-05-29,61.6508201228026,61.76441951245889,61.29253435485087,61.580909729003906,7753600
2019-05-30,61.72947058725591,61.93919512293783,61.607130719189556,61.851810455322266,4759900
2019-05-31,61.17893279303932,61.476041955601765,61.0478524760763,61.248836517333984,2542200
2019-06-03,61.327490633782745,62.72566519931479,61.07407045205784,61.36244583129883,6591200
2019-06-04,61.755673339919966,62.35863876342774,61.624593030415475,62.358638763427734,4660300
2019-06-05,62.62952066355576,62.638261126981604,62.21007175739753,62.577091217041016,2512200
2019-06-06,62.655740490184186,63.01402618260471,62.50718593494574,62.90916061401367,2228900
2019-06-07,63.171339868897924,63.78303919888231,63.171339868897924,63.57331466674805,1991900
2019-06-10,63.85293678454657,64.17626731809364,63.83546252163491,63.84419631958008,2629300
2019-06-11,64.32482578460748,64.43842516796916,63.86168111864301,64.0277099609375,2006600
2019-06-12,63.80925253289023,63.91411813016933,63.64322367097647,63.66069793701172,853100
2019-06-13,63.896635135992184,63.98401978827696,63.6869039700828,63.879154205322266,1056200
2019-06-14,63.660683925762484,63.68689865255696,63.48591463578528,63.59951400756836,2140700
2019-06-17,63.66677235864608,63.79065435515969,63.57828618271671,63.657928466796875,1088000
2019-06-18,64.10036124547003,64.62243436967904,64.10036124547003,64.4808578491211,7473400
2019-06-19,64.56935529591406,64.82596995724852,64.3835322827539,64.6932373046875,5488500
2019-06-20,65.45421851522408,65.54270468351253,65.02063156486741,65.42767333984375,1740500
2019-06-21,65.21529845736228,65.48076371338183,65.1799093908841,65.25069427490234,1718300
2019-06-24,65.33034355921905,65.38343391569246,65.17991638183594,65.17991638183594,1265800
2019-06-25,65.18876842778792,65.21531360934495,64.61359807348634,64.65784454345703,3736200
2019-06-26,64.87905977022257,64.98524724158771,64.66669157855537,64.70208740234375,2500700
2019-06-27,64.8701868376373,65.01177008414398,64.80824585505584,64.9498291015625,1761300
2019-06-28,65.13568067768952,65.28610787992292,65.03834384069998,65.22416687011719,2653100
2019-07-01,65.92319631677607,66.0470782932596,65.51615457246429,65.73737335205078,2812100
2019-07-02,65.73736681677501,65.89664459228516,65.6134848526072,65.89664459228516,3807100
2019-07-03,66.06478181500398,66.31254577636719,65.9939901828826,66.31254577636719,863400
2019-07-05,65.93205324935046,66.08248041356798,65.58695246035167,66.00283813476562,2026200
2019-07-08,65.68429729154509,65.78162736475583,65.59580435961426,65.65774536132812,2741600
2019-07-09,65.3126484512664,65.69314512779843,65.30380455839266,65.62236022949219,1650600
2019-07-10,65.94090924676786,66.15328419518957,65.77278751809642,65.95861053466797,3731800
2019-07-11,66.10902252919624,66.12672381302714,65.82586274745738,66.0382308959961,2890000
2019-07-12,66.10018513455846,66.23291778564453,65.99400441454006,66.23291778564453,792200
2019-07-15,66.35678799653384,66.35678799653384,66.1975101937586,66.28600311279297,1982800
2019-07-16,66.24175515368108,66.30369614496578,65.9939911885423,66.0382308959961,1942500
2019-07-17,66.05593605368774,66.11787704860498,65.74623107910156,65.74623107910156,1337900
2019-07-18,65.62234415946068,66.0559310913086,65.52500735317989,66.0559310913086,1258100
2019-07-19,66.16212291885745,66.19751874082894,65.67544555664062,65.67544555664062,2375600
2019-07-22,65.82586615450145,65.90550843373921,65.69313352314657,65.834716796875,1644700
2019-07-23,66.13556115108295,66.22404730828497,65.93204366462447,66.19750213623047,1554300
2019-07-24,66.03822890423628,66.41872548238386,66.03822890423628,66.40988159179688,1270300
2019-07-25,66.32138652642763,66.32138652642763,65.83470926852847,65.91434478759766,2079000
2019-07-26,66.17097623649667,66.32140342265814,66.11788587692509,66.24176788330078,1554300
2019-07-29,66.29483893447097,66.31254021654802,66.07362016593545,66.19750213623047,1187600
2019-07-30,65.76392068758237,65.92319848416375,65.64888934879755,65.87895202636719,1605000
2019-07-31,65.89665503117938,65.9408947390699,64.71091879208753,65.26839447021484,3977300
2019-08-01,65.24185112550123,65.89665687978173,64.5074030930847,64.73747253417969,4611300
2019-08-02,64.4808557093751,64.49855024220943,63.83489386840341,64.16230010986328,3615500
2019-08-05,63.10930171898839,63.10930171898839,61.87047503528402,62.268672943115234,6066100
2019-08-06,62.790747136410786,63.02966723529161,62.38370533019939,62.97657012939453,13946200
2019-08-07,62.41909291963259,63.29511741420083,62.07399215658869,63.19778060913086,4399700
2019-08-08,63.48980367284752,64.19770662328351,63.40131749180874,64.12691497802734,4058700
2019-08-09,63.949925270512296,64.05611272080483,63.419001521173136,63.69331741333008,2800800
2019-08-12,63.36591740101518,63.48094875351109,62.85268813407204,62.97657012939453,2750800
2019-08-13,62.87922752965915,64.12690476204749,62.8084426467425,63.89683532714844,2796600
2019-08-14,62.79960262023103,62.88808880213069,61.97666830154462,62.074005126953125,4146700
2019-08-15,62.233276155250486,62.357158146587366,61.78198790048773,62.189029693603516,3528000
2019-08-16,62.542992755559915,63.109312464353316,62.542992755559915,63.03852081298828,2233300
2019-08-19,63.67560729640217,63.764093450507026,63.507478877860365,63.569419860839844,1769200
2019-08-20,63.51635228913219,63.63139040666428,63.233192443847656,63.233192443847656,1591000
2019-08-21,63.81719764270169,63.905683806649556,63.64906920545766,63.75525665283203,1109900
2019-08-22,63.83490081865561,63.94993217225755,63.32167154677781,63.657928466796875,1921100
2019-08-23,63.357071674484814,63.79950933527181,62.16249134057252,62.33061981201172,3962000
2019-08-26,62.8792318007595,62.9500234395465,62.54298164311464,62.90577697753906,2992200
2019-08-27,63.21549292140175,63.330524278798265,62.64917327549741,62.7376594543457,2974100
2019-08-28,62.58723989568596,63.07391731413974,62.45450723572092,62.99428176879883,10657100
2019-08-29,63.604826884297935,63.82604568408467,63.374764193284385,63.70216369628906,3962800
2019-08-30,64.1269070696944,64.1269070696944,63.595983297874035,63.826045989990234,3108500
2019-09-03,63.40131386879013,63.58713686367173,63.21549087390854,63.48094940185547,2548800
2019-09-04,64.12691915201322,64.33043670654297,64.00303714028294,64.33043670654297,1090700
2019-09-05,64.88789583878477,65.21529532092626,64.88789583878477,65.02947235107422,1436300
2019-09-06,65.17991344608785,65.26839961991227,65.04718080982003,65.11796569824219,1332700
2019-09-09,65.35687911539284,65.35687911539284,65.02062898879403,65.19760131835938,3275500
2019-09-10,65.03832297858841,65.23299659012275,64.83479872533118,65.20645141601562,2504900
2019-09-11,65.34802863558812,65.71083068847656,65.2683931124048,65.71083068847656,1433500
2019-09-12,65.88782344373539,66.15328877209747,65.69314976974502,65.99401092529297,1732400
2019-09-13,66.19751470382987,66.29485152054977,66.01169171310885,66.06478881835938,2169800
2019-09-16,65.75507811761831,65.88781075624009,65.67544258508272,65.79047393798828,1620300
2019-09-17,65.64888066394953,65.9497349337683,65.59578357140568,65.89664459228516,1054000
2019-09-18,65.8170282498695,65.91436508163012,65.34804537923924,65.86127471923828,1051100
2019-09-19,66.04708395717216,66.22405629559319,65.86126097651149,65.93205261230469,1109300
2019-09-20,66.04707566906309,66.13556182716965,65.54269714168841,65.68428039550781,1625400
2019-09-23,65.48962159383488,65.74623623606652,65.42768059405915,65.5958023071289,928500
2019-09-24,65.80816678300285,65.87010777294,65.0117778044813,65.20645141601562,4060600
2019-09-25,65.00294903039745,65.4630880399215,64.73749044896174,65.3834457397461,6669400
2019-09-26,65.49846031375506,65.49846031375506,65.09141852579089,65.31263732910156,6084300
2019-09-27,65.45420760288614,65.4719021331691,64.6843638898929,64.9498291015625,1993900
2019-09-30,65.10027418126178,65.36573946610156,65.07372900299033,65.25955200195312,1487900
2019-10-01,65.32149949097636,65.36574595986622,64.48087059057579,64.50741577148438,2298600
2019-10-02,64.0295641670318,64.03841480852121,63.16238357972663,63.42784881591797,2518000
2019-10-03,63.436709037371614,63.95878219604492,62.9323304132879,63.95878219604492,7861100
2019-10-04,64.0472581772599,64.65782416488985,64.0295636454866,64.63127899169922,2933400
2019-10-07,64.45429982609816,64.77285540605098,64.34811913348811,64.37466430664062,2268500
2019-10-08,64.02071253006757,64.10919869040166,63.525184631347656,63.525184631347656,2588000
2019-10-09,64.0472700922928,64.28619019757869,63.887992272456415,64.07382202148438,1536500
2019-10-10,64.10036025679653,64.71091954081984,64.08265897258609,64.57819366455078,2962500
2019-10-11,65.3745584890486,65.87893693752372,65.34801332087517,65.4542007446289,4277500
2019-10-14,65.25954240591835,65.42767084499874,65.23299723155021,65.27723693847656,1201900
2019-10-15,65.52501083308675,66.10017430848607,65.50730954860747,65.93205261230469,2847400
2019-10-16,65.84357209587357,66.04708962742387,65.76392981100331,65.94975280761719,2983200
2019-10-17,66.25059967177017,66.33023518846299,65.98513444733857,66.10901641845703,1954200
2019-10-18,66.03822163077787,66.13555842500621,65.6842770165593,65.8877944946289,1509800
2019-10-21,66.29486234051951,66.36565399169922,66.1886816148134,66.36565399169922,860600
2019-10-22,66.42756837690246,66.54259970067142,66.15325927734375,66.15325927734375,1683500
2019-10-23,66.14444023752706,66.39220428466797,66.09134987058657,66.39220428466797,2133100
2019-10-24,66.63994697736614,66.6753427943387,66.34794330170061,66.54261016845703,1295200
2019-10-25,66.3921824481897,66.8346200300127,66.38333180625595,66.72843933105469,1268100
2019-10-28,66.97621314015105,67.17088678493408,66.96736249691652,67.12664031982422,1142600
2019-10-29,66.94080873996148,67.17972206817545,66.87001710528257,67.04698944091797,1343600
2019-10-30,66.9850571162404,67.2859182270264,66.71074793519122,67.2062759399414,2386700
2019-10-31,67.12663171769721,67.18857271027578,66.7195899448863,67.04698944091797,3823800
2019-11-01,67.4363449421867,67.72835540771484,67.41865040688015,67.72835540771484,1985900
2019-11-04,68.13539420604724,68.18848456067303,67.95842185658636,68.0203628540039,1415500
2019-11-05,68.12652631345836,68.16192212460071,67.90530755711417,68.03804016113281,3875100
2019-11-06,68.0026626586914,68.08230494296936,67.79914512865469,68.0026626586914,1388600
2019-11-07,68.32121582671829,68.47164299584638,68.16193801497612,68.28582000732422,1212000
2019-11-08,68.08230248463616,68.28582000732422,67.88762885349992,68.28582000732422,1846200
2019-11-11,67.86108262295531,68.12654113769531,67.78144034278981,68.12654113769531,1012200
2019-11-12,68.10884345394874,68.30351707305888,67.96726018511887,68.0822982788086,1860600
2019-11-13,67.75489757875019,68.08230385142146,67.657560761228,68.0203628540039,936400
2019-11-14,67.83453844235689,68.02920532226562,67.7372016268714,68.02920532226562,1583300
2019-11-15,68.3035116877667,68.48048400878906,68.206174885886,68.48048400878906,2037800
2019-11-18,68.44509787673269,68.5778305118067,68.33006652690175,68.54243469238281,1281100
2019-11-19,68.71057071385091,68.79905689662432,68.35661923169425,68.46280670166016,2816200
2019-11-20,68.27697908878253,68.41855562146125,67.87878116655709,68.17079162597656,1767200
2019-11-21,68.19733168489445,68.19733168489445,67.90532124739383,68.14424133300781,955200
2019-11-22,68.26813301962267,68.30352884292944,68.02036900753825,68.20619201660156,905500
2019-11-25,68.48049224592795,68.75480140182614,68.47164160349384,68.72825622558594,1427800
2019-11-26,68.68401999300649,68.86099234427597,68.6132283520737,68.78135681152344,1372300
2019-11-27,68.90522275140518,69.07334442061693,68.85212565754699,69.03794860839844,639400
2019-11-29,68.76365501681022,68.82559601440234,68.61322784423828,68.61322784423828,4851300
2019-12-02,68.70171543788126,68.70171543788126,68.0115138072989,68.17079162597656,3269300
2019-12-03,67.56020314144583,67.82566833496094,67.26819277879126,67.82566833496094,3252100
2019-12-04,68.11769015086011,68.36545410590085,68.07344369414793,68.29466247558594,2282800
2019-12-05,68.40085907673124,68.42740425388712,68.10884862589178,68.36546325683594,1986600
2019-12-06,68.86099645393261,68.99372910083751,68.80790609559581,68.90524291992188,1684300
2019-12-09,68.82557459360208,68.98485235941821,68.68399810791016,68.68399810791016,2160500
2019-12-10,68.68401696921316,68.84329477876852,68.51588851716524,68.6397705078125,2081800
2019-12-11,68.7901992461436,69.07335905281401,68.75480342642702,68.96717834472656,1249100
2019-12-12,68.99372176805551,69.73701371002386,68.96717659170837,69.5777359008789,3291200
2019-12-13,69.7281729349718,70.10866956543124,69.51579801257878,69.79895782470703,3235600
2019-12-16,70.32107705772466,70.46437341959104,70.27630206920138,70.31212615966797,1588000
2019-12-17,70.40168379223608,70.41959242130538,70.285260621419,70.30316925048828,1671200
2019-12-18,70.38377105591226,70.42855287943961,70.29421424160451,70.34795379638672,2486200
2019-12-19,70.31213380022864,70.50916290283203,70.24944334328642,70.50916290283203,2847200
2019-12-20,70.75993293036692,70.8226233945738,70.63455200195312,70.63455200195312,2071800
2019-12-23,70.8226045787732,70.85842866776645,70.75991413122159,70.79573822021484,1385500
2019-12-24,70.85842622706534,70.86737712444558,70.7061721459018,70.81364440917969,1295900
2019-12-26,70.91217505189432,71.19876098632812,70.90321731973299,71.19876098632812,764600
2019-12-27,71.57489880973307,71.57489880973307,71.11815699220777,71.24353790283203,1247200
2019-12-30,71.31516797231765,71.31516797231765,70.72408760615448,70.81364440917969,1798500
2019-12-31,70.71514159030052,71.0285938691865,70.65245113452332,70.97486114501953,2046800
2020-01-02,71.44055886558003,71.73610250641407,71.33309342000186,71.70923614501953,2341600
2020-01-03,70.86738263482657,71.36891306970774,70.78678355566063,71.09127807617188,1686700
2020-01-06,70.68825795966613,71.270387382672,70.67034933356781,71.25247192382812,2298000
2020-01-07,71.16291342225422,71.25247021609047,71.01066618945805,71.07335662841797,2312900
2020-01-08,71.08233455188287,71.67341502532246,71.03755272586967,71.42265319824219,2932900
2020-01-09,71.7450692406634,71.82566833496094,71.59282195182502,71.82566833496094,1694600
2020-01-10,71.897304776942,71.97791069081134,71.54802842658403,71.6644515991211,3321300
2020-01-13,71.81670467842913,72.2018051147461,71.7002746747947,72.2018051147461,2383400
2020-01-14,72.04061507641437,72.28241919929762,71.96896687972745,72.13912963867188,1863000
2020-01-15,72.0406047399474,72.29136655962395,71.98686518376876,72.0943374633789,1618600
2020-01-16,72.40777350335883,72.63166891111983,72.3719494181876,72.62271118164062,1401800
2020-01-17,72.84660665112494,72.89138846581332,72.66749305786261,72.81974029541016,1912400
2020-01-21,72.44361358622226,72.64064268180108,72.36301450134752,72.42570495605469,2564500
2020-01-22,72.68541796083028,72.80184112830305,72.4615225237889,72.47943115234375,2105700
2020-01-23,72.2555501062437,72.50631195243416,71.9600064306273,72.4884033203125,2980400
2020-01-24,72.65854465992224,72.66750239055948,71.67340610496677,71.88834381103516,2580200
2020-01-27,70.50916482472667,70.86739211259098,70.34795981208872,70.55393981933594,1887200
2020-01-28,70.822608212249,71.37786453826534,70.75096003058667,71.21665954589844,1828200
2020-01-29,71.4942885064291,71.59280303971198,71.17187854891169,71.20770263671875,1050700
2020-01-30,70.6613972549668,71.29725943986334,70.42854410059398,71.20770263671875,4115400
2020-01-31,70.8494773768393,70.85843510808837,69.76582420909905,69.95389556884766,5488400
2020-02-03,70.26733811437289,70.78677713100858,70.24942948709918,70.42854309082031,3539600
2020-02-04,71.43160089943903,71.79878585674656,71.38681907971419,71.63758087158203,2279400
2020-02-05,72.38092012739821,72.38987785848376,71.96895332317136,72.31822967529297,2399200
2020-02-06,72.54212404370904,72.57794813477135,72.32718633008196,72.4615249633789,3090100
2020-02-07,72.14805953245863,72.22866543844968,71.84356503431631,71.98685455322266,2062200
2020-02-10,71.78087116003982,72.36300060351687,71.78087116003982,72.34508514404297,1832600
2020-02-11,72.73915426336136,72.98095834087215,72.57794926743856,72.71228790283203,2964000
2020-02-12,73.06155371796578,73.2138009608388,72.971996918202,73.19589233398438,2056700
2020-02-13,72.69436213840919,73.07946252782911,72.6227139653204,72.8645248413086,3010300
2020-02-14,72.99887056411525,73.00782146206332,72.67646058657489,72.9361801147461,1032800
2020-02-18,72.60480772073788,72.73018861138434,72.3898700271648,72.64958953857422,2040300
2020-02-19,72.90035358683328,73.08842492865139,72.86452949799941,72.95408630371094,2220900
2020-02-20,72.72124397726037,72.9182730788285,71.995824860348,72.53317260742188,2419300
2020-02-21,72.32718242278139,72.32718242278139,71.80774337955953,71.96894836425781,2489600
2020-02-24,69.38071581512976,70.05240209422384,69.34489172698187,69.49713897705078,8362400
2020-02-25,69.8195510063725,69.9807559914414,67.71493530273438,67.71493530273438,7897800
2020-02-26,68.29707277207793,68.97771004831391,67.66121048802351,67.77763366699219,7015500
2020-02-27,66.61336126436737,67.37461113988819,65.23416469107406,65.40432739257812,10056300
2020-02-28,63.41613186977139,64.81324383319337,62.84296018371203,64.71472930908203,7472500
2020-03-02,65.03715640032267,66.90891918691787,64.47293546192051,66.85518646240234,7880100
2020-03-03,67.03431115090228,68.00154134812794,65.07299122251229,65.26106262207031,6983500
2020-03-04,66.73875199227291,67.93883514404297,66.25514383843299,67.93883514404297,3885200
2020-03-05,66.26408537046484,66.9805534343769,65.48493369616227,65.86107635498047,3210100
2020-03-06,64.03411125057315,65.01925005710925,63.64901072778425,64.6878890991211,4586200
2020-03-09,60.263693561061636,61.70558064822558,59.60096501460152,59.81590270996094,15532800
2020-03-10,61.983204883769126,62.56533432006836,59.833807567373476,62.56533432006836,6150500
2020-03-11,60.82791052479297,61.00703097357116,58.777027507321385,59.33229064941406,7040200
2020-03-12,54.90812313392515,56.42165519415972,53.28711879448418,53.50205993652344,10362200
2020-03-13,56.681373152873945,58.06952084839192,53.600569562929486,57.33514404296875,10082700
2020-03-16,48.1822996180958,54.03940534454889,48.1822996180958,50.904869079589844,6968800
2020-03-17,52.024338005260546,54.12895350893387,50.689919848170746,54.08417510986328,8580800
2020-03-18,50.242137584541915,51.94374437011221,48.513664438226584,50.833221435546875,9230200
2020-03-19,50.322740662621506,52.257197235128956,49.38238044560893,51.15563201904297,9173800
2020-03-20,52.03330040868836,52.61542993623435,49.52567209074676,49.534629821777344,6484800
2020-03-23,49.41820655117937,49.72270451557037,47.74346945521567,48.65696334838867,8156700
2020-03-24,51.62133261442997,52.9378389079946,51.209365820652366,52.61542892456055,5105700
2020-03-25,53.21546678170303,55.64249595880028,52.41839955829263,54.057315826416016,14629400
2020-03-26,54.621536666679795,57.1022952999305,54.53197643491852,56.905269622802734,13227500
2020-03-27,54.80064631681866,56.29626962304367,54.4871940693567,55.23948287963867,5637900
2020-03-30,55.3469508931865,56.529118517626294,54.899160022826784,56.45747375488281,6088900
2020-03-31,56.072368886522185,56.77092149564866,55.42754899109901,56.03654479980469,9648300
2020-04-01,53.84237884451057,54.55884362765096,53.10800201474497,53.46623611450195,4057600
2020-04-02,53.367710876123624,54.818552198410494,53.278154077310354,54.540924072265625,4061900
2020-04-03,54.26329984651793,54.60362187736799,53.1617346739917,53.7259521484375,3180200
2020-04-06,55.6335447408123,57.29932756362588,55.499209510298314,57.039608001708984,4577700
2020-04-07,59.00092346825335,59.09943800777053,57.09333679284584,57.102291107177734,3946300
2020-04-08,57.62172659486285,58.69642879599502,57.08438232704327,58.48149108886719,6039200
2020-04-09,59.260642469902784,59.94128650976697,58.85763341745819,59.33229064941406,5729500
2020-04-13,59.09944340188114,59.26064840555485,58.141171111361594,58.85763931274414,5530800
2020-04-14,59.932333846590694,60.568196119837665,59.81591066960081,60.37117385864258,3172500
2020-04-15,58.87553949001977,59.269597627478205,58.544178631471695,58.8665885925293,4626000
2020-04-16,59.16213033613443,59.31438443197147,58.5083594615718,59.11735534667969,2940900
2020-04-17,60.532371542400995,60.7920910884501,59.91442473686747,60.729400634765625,5653600
2020-04-20,59.83381189252872,60.67566088688458,59.70843099967737,59.842769622802734,5004300
2020-04-21,58.75016281798237,59.04570644230645,57.91727149754424,58.00682830810547,6007700
2020-04-22,59.18004312562645,59.60096763742385,58.974056318647094,59.36811447143555,4314200
2020-04-23,59.62784137948754,60.335351862894335,59.206916815571724,59.3054313659668,3718600
2020-04-24,59.66365928210382,60.05771061004537,59.13526249093141,59.91442108154297,4069900
2020-04-27,60.469685166907084,61.03390612086648,60.326395619999,60.89060974121094,10858600
2020-04-28,61.768282150260774,61.87574760080315,60.801052098895205,60.899566650390625,2974300
2020-04-29,62.06381725421855,62.75341218693368,61.90261226786682,62.5116081237793,5434000
2020-04-30,62.0279951626205,62.09068561306838,61.23092793574887,61.54438018798828,20850300
2020-05-01,60.50550066026232,60.60401519908366,59.708433451796196,59.923377990722656,3467500
2020-05-04,59.6099143766045,60.201001564550246,59.32332851259182,60.12039566040039,2017200
2020-05-05,60.73836134690719,61.14137044997897,60.48759951986276,60.54133224487305,2558800
2020-05-06,61.04285828910715,61.0607669185581,60.21891784667969,60.21891784667969,2618000
2020-05-07,60.9801671156984,61.37422533058095,60.84583529948619,61.0159912109375,3227300
2020-05-08,61.74139497834213,62.09962213640987,61.55332367053305,62.02798080444336,3530900
2020-05-11,61.580213020590286,62.30563216914611,61.535431192735984,62.090694427490234,9407000
2020-05-12,62.35039892523889,62.42204026664148,61.042850494384766,61.042850494384766,3864600
2020-05-13,61.14136433168492,61.30256932333163,59.79799167887783,60.23683166503906,13590400
2020-05-14,59.43975862916517,60.61296844482422,58.902404154355665,60.61296844482422,3847900
2020-05-15,60.084576578724516,60.66670608520508,59.923378422487914,60.66670608520508,2617100
2020-05-18,62.072773325452346,62.98627060182919,62.072773325452346,62.7265510559082,2832900
2020-05-19,62.51161901142921,62.8429799396596,62.05487033175632,62.090694427490234,3166400
2020-05-20,62.97731510404967,63.37137330256005,62.89671601767105,63.12956237792969,5505300
2020-05-21,62.94149149449874,63.17434468929593,62.33249556154654,62.57430648803711,6890400
2020-05-22,62.32353837230371,62.50265884399414,62.04591018211772,62.50265884399414,4058400
2020-05-26,64.0520040555567,64.14156769717613,63.55943819038246,63.67586135864258,6089400
2020-05-27,64.24007696140953,64.4729232788086,63.29075573362405,64.4729232788086,6271700
2020-05-28,64.79532748522551,65.26998464065855,64.38336076857145,64.52665710449219,4204600
2020-05-29,64.38337330532649,64.80429783312452,63.81020151552606,64.67891693115234,7392600
2020-06-01,64.89384236920338,65.52075359322812,64.76846149094752,65.50283813476562,2545000
2020-06-02,65.78944750284171,66.21932983398438,65.64615794762607,66.21932983398438,4202900
2020-06-03,66.83726454292318,67.49999996741842,66.74770773313227,67.30297088623047,4526100
2020-06-04,66.98054230688146,67.35668490321099,66.60439971055193,66.93576049804688,4406400
2020-06-05,68.21646231676391,68.91501500961037,68.21646231676391,68.46722412109375,4274700
2020-06-08,68.74485762941474,69.30011394619211,68.45827174028064,69.26428985595703,1745700
2020-06-09,68.44035179834444,68.88814264784851,68.30601317694399,68.6552963256836,5235700
2020-06-10,68.78963410744545,69.05831137365412,68.24332867683543,68.46722412109375,3593800
2020-06-11,66.75665820196336,66.86413046166929,64.51770403701724,64.61621856689453,3414800
2020-06-12,66.23723295913791,66.47008615384524,64.4908510807011,65.54763793945312,4234400
2020-06-15,64.22359988388361,66.21957929221819,64.00684377864631,65.99378967285156,3099900
2020-06-16,67.68270447123994,67.68270447123994,66.11120362075307,67.08661651611328,2931700
2020-06-17,67.41173313314009,67.48398744891342,66.87887305805106,67.05046844482422,3125200
2020-06-18,66.7072833581287,67.12273541633105,66.57180821314809,66.96920013427734,884300
2020-06-19,67.76399162345889,67.76399162345889,66.44538083657237,66.58988952636719,1516600
2020-06-22,66.78855541117584,67.31238889367201,66.51761204787006,67.2582015991211,1953200
2020-06-23,67.88139540175233,68.052990829241,67.50206359921134,67.5743179321289,1623700
2020-06-24,67.05046824854664,67.18594336758736,65.60541639006411,65.9847412109375,2167300
2020-06-25,65.894432120217,66.71630952282756,65.48801362059616,66.689208984375,1579100
2020-06-26,66.50859384483354,66.51762735952185,65.28933120291823,65.39771270751953,1669500
2020-06-29,65.65059816237694,66.14733123779297,65.18095185081476,66.14733123779297,1806700
2020-06-30,65.93056588745836,66.90597865295051,65.87637858622614,66.58084106445312,2966800
2020-07-01,66.78857284900698,67.294346328889,66.7343855403083,67.07758331298828,2135500
2020-07-02,67.9717101921336,68.30587442498135,67.57431824977144,67.70075988769531,1674500
2020-07-06,68.82970232178683,69.03743179011032,68.64003988056203,69.00130462646484,2516900
2020-07-07,68.51360624179634,68.92905833633331,68.15234145376989,68.19750213623047,2450200
2020-07-08,68.39620330239741,68.92003004969054,68.17041365407259,68.90196990966797,1859800
2020-07-09,69.08258487915866,69.1006519060749,67.80010159017847,68.47747039794922,7607400
2020-07-10,68.51358902292253,69.06451613582921,68.18845148446775,69.02838897705078,4924700
2020-07-13,69.52513310264311,70.00380592763636,68.32393083843839,68.42327880859375,3757400
2020-07-14,68.21554611511033,69.37158765049486,68.01685018423778,69.2722396850586,2962200
2020-07-15,70.09413910778763,70.24767441520176,69.49805112763403,69.95866394042969,4154700
2020-07-16,69.36257662603458,69.61545990744652,69.24516160927001,69.53417205810547,4876700
2020-07-17,69.79609816574725,69.88641265107887,69.39870616162385,69.77803802490234,4161900
2020-07-20,69.84124654593433,70.50958188827538,69.66061071655004,70.39217376708984,2587600
2020-07-21,70.9521302478696,71.03341809675068,70.48249085512668,70.60893249511719,2770400
2020-07-22,70.52763934387558,70.95212491359568,70.46441852863335,70.834716796875,2292700
2020-07-23,70.74441407488202,70.98826386256765,69.8412554840337,70.1031723022461,1694200
2020-07-24,69.59738464050821,69.8954285685595,69.36256841587856,69.68770599365234,1128700
2020-07-27,70.05800555878209,70.49152467674763,69.92253040375832,70.46442413330078,1298500
2020-07-28,70.20251128619044,70.46442118022678,69.92252747339438,69.98574829101562,1605600
2020-07-29,70.29282446049334,70.97019330419205,70.2747574326188,70.81665802001953,911500
2020-07-30,69.85027513800699,70.41926940341249,69.3625756113059,70.35604858398438,1933100
2020-07-31,70.464434837851,70.47346835370561,69.31742638424842,70.14833068847656,4089200
2020-08-03,70.61796497189748,70.98825637198497,70.50958347183278,70.88890838623047,5849300
2020-08-04,70.70827385978063,71.26823456340152,70.70827385978063,71.25920104980469,1868800
2020-08-05,71.72884306734895,71.91850551662758,71.60240143449654,71.74691009521484,2652800
2020-08-06,71.53918883995534,72.03592880507381,71.41274719257119,71.99980163574219,4961400
2020-08-07,71.5211244364132,71.76497420167182,71.23211398954433,71.6746597290039,4791100
2020-08-10,71.79207244995611,71.90948747343766,71.3585601971792,71.85529327392578,1113700
2020-08-11,72.39718558956251,72.47846654364172,71.45789996262911,71.60240173339844,3092900
2020-08-12,72.37912249185823,72.91198959622622,72.37912249185823,72.73135375976562,1063700
2020-08-13,72.65910078423188,72.85779676277873,72.34299667770404,72.57781982421875,2716000
2020-08-14,72.3520394855155,72.53266845800276,72.21656431087325,72.4152603149414,976100
2020-08-17,72.7584358475252,72.95713179077251,72.71328206350178,72.93907165527344,3984200
2020-08-18,73.08357603695502,73.21905117499621,72.65909048668347,73.02035522460938,930600
2020-08-19,73.0926099193433,73.20099140843382,72.55071625499434,72.62297058105469,1854600
2020-08-20,71.97269077562369,72.80359479995631,71.96365726281208,72.6952133178711,2487300
2020-08-21,72.40621188886816,72.86682463157848,72.35202458639125,72.81263732910156,8077800
2020-08-24,73.58032195465837,73.62547574401187,73.27324449051386,73.58935546875,4682900
2020-08-25,73.7248147748901,73.87835693359375,73.45387140001303,73.87835693359375,1400200
2020-08-26,73.89642795959453,74.50154249893936,73.86933430716901,74.48348236083984,4648200
2020-08-27,74.60087283802568,74.65506702060958,73.93253763759857,74.25767517089844,2263500
2020-08-28,74.6008781985481,74.85376143360789,74.38412212428992,74.82666778564453,2744400
2020-08-31,74.56475398652971,74.7453897976812,74.28477709243444,74.37509155273438,2273800
2020-09-01,74.60992359778479,75.04343581536568,74.43832127927644,75.01634216308594,3436600
2020-09-02,75.45889939649962,75.97369949292967,75.0524739158109,75.87435150146484,1787800
2020-09-03,75.45887853843242,75.49499880666004,73.11969496401223,73.56224060058594,3526500
2020-09-04,73.760942549933,74.04092633068544,71.64755526799433,73.20098876953125,3416800
2020-09-08,71.92753869386894,72.36105778344236,71.46692595317572,71.48499298095703,2485700
2020-09-09,72.52362221864617,73.30033899327368,72.32492626831562,72.88488006591797,3072700
2020-09-10,73.26420506879678,73.42677384128612,71.665610990893,71.81011962890625,2213000
2020-09-11,72.40621624138443,72.61394573095336,71.54821841134675,72.07205200195312,3274900
2020-09-14,72.81263629345625,73.25518200201162,72.68619466244044,72.95713806152344,2086900
2020-09-15,73.6706290734354,73.77901056006424,73.24614353066202,73.44483947753906,2183600
2020-09-16,73.75192824325279,74.00481152702471,73.20100099336995,73.24615478515625,1910300
2020-09-17,72.26170815265499,73.05648509308494,72.22558098846926,72.84876251220703,1413500
2020-09-18,72.95714580956907,72.95714580956907,71.72884964306861,72.16236877441406,2222700
2020-09-21,70.85278851768811,71.16889953613281,70.058011440339,71.16889953613281,2157800
2020-09-22,71.24112738293587,71.61142560982303,70.69923375701316,71.50304412841797,2444500
2020-09-23,71.68370281466267,71.6927294397479,70.09414169936903,70.17542266845703,10125100
2020-09-24,69.76899448424399,70.83472179535357,69.48901755277917,70.21154022216797,3658200
2020-09-25,69.87738505742615,71.07858078773982,69.65159540194979,70.97923278808594,6358600
2020-09-28,71.97270129644426,72.1894574017483,71.75593830058786,72.10816955566406,2842900
2020-09-29,72.00883546689758,72.1984979388066,71.66563080201676,71.85529327392578,2188400
2020-09-30,71.91851835427343,72.72232897398278,71.82820387047923,72.18043518066406,11550500
2020-10-01,72.73136170148273,72.8487767306411,72.31590956808803,72.72232818603516,3440100
2020-10-02,71.67466960299967,72.53266754737261,71.58435511788991,72.1714096069336,2635700
2020-10-05,72.60492196151732,73.38163893720463,72.60492196151732,73.36357879638672,3072500
2020-10-06,73.4538846984193,73.76998880494713,72.4062174990096,72.57781982421875,3956000
2020-10-07,73.2009976682408,73.74289137892998,73.17389712573683,73.5712890625,3935300
2020-10-08,74.01383148543346,74.18543379420406,73.84223606721491,74.16737365722656,4290700
2020-10-09,74.54670777216714,74.86281188752463,74.4292996409066,74.79959106445312,1629200
2020-10-12,75.19697864772807,75.89240766096239,75.13375782834314,75.67565155029297,1542600
2020-10-13,75.4227670013041,75.44082713915854,74.96215424466293,75.16988372802734,4126700
2020-10-14,75.32343204678388,75.50406101878468,74.67315672269525,74.80863189697266,2160300
2020-10-15,73.6977280530099,74.50153852129633,73.65257426489563,74.42025756835938,7075900
2020-10-16,74.7092649551837,75.06149618467639,74.46540832519531,74.46540832519531,3083400
2020-10-19,74.80863245589026,74.94410763117983,73.58033614355779,73.73387145996094,1936400
2020-10-20,74.13125076876746,74.68217800081297,73.96868196438432,74.08609008789062,3062900
2020-10-21,74.0589918235045,74.50153752821721,73.89642302924545,73.90545654296875,1718100
2020-10-22,73.97771214135446,74.25768905661346,73.47193872244999,74.14027404785156,3429900
2020-10-23,74.44736449479934,74.4654246351551,73.9596580185534,74.4563980102539,1409500
2020-10-26,73.61644079357343,73.83319687338857,72.50555296473664,73.20098876953125,4996000
2020-10-27,73.22808835115853,73.29130916666644,72.87585710896417,72.95713806152344,3414200
2020-10-28,71.57531044417323,71.68369194374121,70.55474382947979,70.62699127197266,6290500
2020-10-29,70.72635309230733,71.7288597651196,70.3650951375187,71.18696594238281,7900400
2020-10-30,70.79858929176059,71.01534538718369,69.85027017713749,70.57279968261719,11588400
2020-11-02,71.29533814363583,71.62047577288762,70.77150453089094,71.34952545166016,6132900
2020-11-03,72.20750894961344,73.01131934794022,72.08106732901496,72.65908813476562,3304100
2020-11-04,73.4719210342459,74.89891269918296,73.29129214347813,74.19445037841797,7627400
2020-11-05,75.54920062845997,75.9646526605915,75.3324445444243,75.7027359008789,3062400
2020-11-06,75.77499222656395,76.07303615657756,75.35050666997823,75.80208587646484,2643200
2020-11-09,78.97217966818475,79.00830683423823,76.84975172849516,76.90394592285156,9397600
2020-11-10,76.92200208187296,77.15682520379835,76.26270028451783,76.8407211303711,14894200
2020-11-11,77.26518518892347,77.56322215202114,77.12971008357901,77.48194122314453,4449400
2020-11-12,77.1929483458458,77.3826107800198,76.34397725811796,76.64202117919922,4812400
2020-11-13,77.22005161019258,77.78903898356351,77.04844929052646,77.671630859375,1692600
2020-11-16,78.4212599324936,78.62898254394531,78.12321595200756,78.62898254394531,3428400
2020-11-17,78.16836477218358,78.6470376369796,77.95160178806493,78.4393081665039,2094300
2020-11-18,78.56574212572895,78.70121725494005,77.77999877929688,77.77999877929688,3746700
2020-11-19,77.68066563381369,78.23159287799733,77.42778235265779,78.17739868164062,1777900
2020-11-20,78.22255506342368,78.3128695316499,77.98773193359375,77.98773193359375,5055600
2020-11-23,78.49349636600954,78.66509176881476,77.8974085410136,78.2767333984375,4984800
2020-11-24,78.99927251611996,79.55019973436214,78.72832221875248,79.44181823730469,3358800
2020-11-25,79.2431196607199,79.49600292163733,78.99023639980248,79.36053466796875,1404000
2020-11-27,79.71276856464422,79.89339750258893,79.62245409567187,79.8482437133789,1755400
2020-11-30,79.61342294438943,79.61342294438943,78.66510376565462,78.87283325195312,10556400
2020-12-01,79.83919393198649,80.25464591705231,79.73081245697114,79.99272918701172,4099800
2020-12-02,79.68566464262057,80.15530395507812,79.56824964659262,80.15530395507812,2767100
2020-12-03,80.29982025692416,80.60689081924677,80.11015092072248,80.29078674316406,1967200
2020-12-04,80.64301565679955,81.00428040070646,80.58882835690667,80.99524688720703,1982500
2020-12-07,80.78751311312446,80.95911540770604,80.57075703455666,80.80558013916016,915600
2020-12-08,80.55271106666575,81.15782562481034,80.55271106666575,81.0855712890625,898100
2020-12-09,81.37458417204748,81.37458417204748,80.17338164393398,80.51658630371094,1321200
2020-12-10,80.12823043599572,80.85075316670898,80.05597609575845,80.73334503173828,2972900
2020-12-11,80.29982226166646,80.55270552884605,79.95661763573511,80.5256118774414,1448100
2020-12-14,81.03164835352625,81.14997375050193,80.28531646728516,80.28531646728516,1317200
2020-12-15,80.8496221526532,81.30470275878906,80.62208184958526,81.30470275878906,1538100
2020-12-16,81.42301810142227,81.66876550796192,81.2136849192368,81.50493621826172,2613900
2020-12-17,82.03283372137464,82.09654473325803,81.87810797022634,82.08744812011719,3016300
2020-12-18,82.1056411397462,82.1056411397462,81.40482007006389,81.71427154541016,3019900
2020-12-21,80.37633387255758,81.38661336664502,80.03957867051437,81.19548034667969,5624100
2020-12-22,81.18637434100901,81.2318851775235,80.77680458829367,81.05895233154297,2627300
2020-12-23,81.52314195237894,81.73248209283562,81.39571993435457,81.44123077392578,4822800
2020-12-24,81.51403233544917,81.57774333972472,81.28649204246815,81.54133605957031,584200
2020-12-28,82.21486419405373,82.21486419405373,81.96911677744559,82.07833862304688,2035300
2020-12-29,82.61534241200663,82.72456427347964,82.1056542797592,82.24217987060547,2479800
2020-12-30,82.64263501789998,82.8155609141186,82.49700590110695,82.51521301269531,946400
2020-12-31,82.48791372265508,82.66084658670437,82.20576594992578,82.56983184814453,4451900
2021-01-04,83.3707660731477,83.39806979861606,81.40482145565655,82.11474609375,5006200
2021-01-05,82.20576141745795,83.10681908428492,82.16025057869759,82.96119689941406,1805800
2021-01-06,82.66995656856167,84.11710977287494,82.5698382651712,83.4253921508789,9674400
2021-01-07,83.81674961496043,84.44476312527549,83.74394198940035,84.29914093017578,4807800
2021-01-08,84.91806440520074,85.09099035541871,84.18993248181977,85.04548645019531,3654600
2021-01-11,84.07160060834912,84.67230344710215,84.02608976639196,84.29914093017578,3317200
2021-01-12,84.34464326001643,84.68140542989144,84.01698464715949,84.5994873046875,9483200
2021-01-13,84.53578072463758,84.90895019816597,84.34464768111563,84.65410614013672,2172700
2021-01-14,85.00905732843289,85.21839051545908,84.7087024663739,84.7815170288086,4452800
2021-01-15,84.15350446839444,84.35374104521485,83.48909067510377,83.88955688476562,6946900
2021-01-19,84.66319106046127,84.76330934714213,84.35373958815963,84.67229461669922,4114200
2021-01-20,85.27300017552595,85.82819903130687,85.15467478214342,85.72808074951172,2434800
2021-01-21,85.85551396610934,85.90101786306293,85.49144807058366,85.74629211425781,4978200
2021-01-22,85.11826203475373,85.57334257950407,85.10916542352291,85.3458023071289,4028400
2021-01-25,85.51874599003831,85.68257528470036,84.45385904672438,85.62796783447266,5147600
2021-01-26,85.75539856637053,85.81910957943998,85.30031791759461,85.36402893066406,1123200
2021-01-27,84.25363101366591,84.31734202671801,82.95210008076211,83.26155853271484,5122000
2021-01-28,83.61651306536533,84.71780729885933,83.50729122006796,83.96237182617188,5900200
2021-01-29,83.22515616307251,83.50730395982775,81.88721786597634,82.31499481201172,5009100
2021-02-01,83.27064504706442,83.8440510389709,82.84286817817507,83.71662902832031,5182200
2021-02-02,84.45385844183129,85.00905732843289,84.426554716913,84.7815170288086,2432600
2021-02-03,84.98176894469024,85.24571657318054,84.65411029856298,84.92715454101562,2321800
2021-02-04,85.07277005918064,85.55515439312651,84.94534804432621,85.5096435546875,2253100
2021-02-05,85.96472949557139,86.1285588025436,85.67347816584076,86.00113677978516,3502100
2021-02-08,86.41981379797349,86.64735412597656,86.24688787059738,86.64735412597656,4352900
2021-02-09,86.55633438390689,87.00231145671806,86.5017269304139,86.82028198242188,4538000
2021-02-10,87.35727733771114,87.35727733771114,86.31968715385666,86.83848571777344,1697500
2021-02-11,87.24806569788164,87.36638417101474,86.74747418851105,87.26626586914062,3749900
2021-02-12,87.00231554676726,87.70314363811065,87.00231554676726,87.6849365234375,3231800
2021-02-16,88.16732451111874,88.2310355221052,87.61212558224554,87.84876251220703,2324400
2021-02-17,87.38458333426264,87.68493126857348,86.9750066064182,87.67583465576172,3662600
2021-02-18,86.81118141530514,87.2116546053243,86.39250805482128,87.06603240966797,2689800
2021-02-19,87.49380074650138,87.64853344046458,87.10243112102637,87.22075653076172,2532400
2021-02-22,86.38340484135539,86.8930929031786,86.28328655150024,86.31968688964844,1454900
2021-02-23,85.82820867461265,86.66555535827247,84.79062540486478,86.38340759277344,8551800
2021-02-24,85.85552451789148,86.97501912504484,85.59157688479527,86.8749008178711,5469700
2021-02-25,86.75656715500752,87.0387149109468,84.6905042423308,84.9544448852539,3548400
2021-02-26,85.02725581977285,85.10007038077119,83.82584333921523,84.19901275634766,6675200
2021-03-01,85.40953297801946,86.40161240494952,85.4004363646934,86.13766479492188,2072400
2021-03-02,86.18316823503913,86.20136840410761,85.57335493957,85.58245849609375,2412900
2021-03-03,85.50964705698988,85.74629092740298,84.6449966430664,84.6449966430664,4099000
2021-03-04,84.60858758638831,85.10007548664751,82.68814682470071,83.43447875976562,6803700
2021-03-05,84.2536192421323,84.8270182794884,82.59712619023603,84.60858154296875,4522900
2021-03-08,84.43565033017455,85.0272564909935,83.86225128173828,83.86225128173828,5031100
2021-03-09,84.88163659197507,85.74628696595197,84.84522931021048,85.29120635986328,4650400
2021-03-10,85.8191063080187,85.96472849920647,85.32761839279866,85.67347717285156,2851400
2021-03-11,86.42891217682072,87.04782210966485,86.24688270291688,86.78387451171875,1440300
2021-03-12,86.15585608651382,86.6655440983506,85.96471613809668,86.62003326416016,2681700
2021-03-15,86.59273302192696,87.10242105425121,86.16495616166398,87.08422088623047,866800
2021-03-16,87.21165222663927,87.40278525921359,86.84758633145893,87.07512664794922,2422400
2021-03-17,86.64735035914305,87.5848223027038,86.39250631389524,87.32997131347656,1891400
2021-03-18,86.74747547810813,87.22985987941104,86.02844718304118,86.15587615966797,1612700
2021-03-19,86.11944806604107,86.54721796144551,85.60975311461695,86.21956634521484,5386000
2021-03-22,86.2377826315682,86.92040360226662,86.22867907431126,86.65645599365234,6435500
2021-03-23,86.21957948574897,86.4926236982183,85.55515870851279,85.67347717285156,3479600
2021-03-24,85.71898991379659,85.99204107629826,84.96355438232422,84.96355438232422,5616000
2021-03-25,84.71779587727849,85.54603885785554,84.37193021912229,85.3458023071289,4317700
2021-03-26,85.73718415353511,86.85668550957894,85.60066552570699,86.76567077636719,2965100
2021-03-29,86.41071918621789,86.72927426400555,86.00114241993671,86.56544494628906,8201800
2021-03-30,86.26508000310241,86.51992403568212,86.02843613971594,86.42890930175781,2982400
2021-03-31,86.34700074727685,87.0114145746876,86.34700074727685,86.60184478759766,2264700
2021-04-01,87.23895793376387,87.73954941899687,87.2298543765834,87.7304458618164,2815600
2021-04-05,88.23103438772941,88.83173720588155,88.16732337756207,88.70431518554688,2846500
2021-04-06,88.42217278583098,88.81354242746794,88.34935821436835,88.60420227050781,2061800
2021-04-07,88.38576544567206,88.59509865852354,88.24013630283648,88.45858001708984,4297700
2021-04-08,88.9591430985185,89.07746848450574,88.73160282574678,89.00465393066406,1939800
2021-04-09,88.88635209669852,89.40514373779297,88.83173769912375,89.40514373779297,1636300
2021-04-12,89.11389704090803,89.19580822555592,88.91366044201799,89.1594009399414,2863600
2021-04-13,89.23220520741206,89.66907869638062,89.17759775728572,89.57806396484375,1240400
2021-04-14,89.65999360441505,89.90573410553766,89.3505351446527,89.52346801757812,2972900
2021-04-15,90.06046796503628,90.3881266253283,90.0058605029811,90.36992645263672,1906100
2021-04-16,90.61566217090387,90.7612913206362,90.33351437327256,90.72488403320312,2934300
2021-04-19,90.47914406666212,90.60656610145351,89.98765609933241,90.35171508789062,2254100
2021-04-20,89.86021242517307,89.95122715039524,89.05016262195407,89.38692474365234,2495400
2021-04-21,89.15028538836152,90.25158653408891,89.10478149545018,90.17877197265625,6945000
2021-04-22,90.26979289659911,90.40631847265878,89.38693537458971,89.63268280029297,2419400
2021-04-23,89.86930924745184,90.87958867093508,89.86930924745184,90.6065444946289,1241100
2021-04-26,90.67025408400603,90.90689097765508,90.62474325000827,90.79767608642578,2320700
2021-04-27,90.76128387451172,90.82499488629769,90.52463999760116,90.76128387451172,3614200
2021-04-28,90.77947648557358,91.17994963715505,90.64295091626363,90.90689849853516,1898300
2021-04-29,91.44390601519342,91.46210618566188,90.44272998391794,91.12535095214844,4661200
2021-04-30,90.46092962602415,90.69757350460948,90.04225626789903,90.27890014648438,2139000
2021-05-03,90.86140568505017,90.88870941344601,90.50644332794496,90.63386535644531,1676400
2021-05-04,90.05134855342806,90.10595600165891,89.01376537316966,89.7782974243164,2401100
2021-05-05,90.33351262410483,90.45183109798624,89.88753551365032,90.10597229003906,1640800
2021-05-06,90.22427920349283,90.79768521601522,89.76010198113921,90.7521743774414,3563700
2021-05-07,90.97972856701604,91.72606060326484,90.92512110757689,91.57133483886719,3491400
2021-05-10,91.60774558015189,91.64415286914392,90.61566605106474,90.67028045654297,2500000
2021-05-11,89.2777219081538,90.0422610394909,88.99557411672149,89.92394256591797,2581000
2021-05-12,89.1411902014089,89.44153812015792,87.85785957555998,88.06719970703125,4579500
2021-05-13,88.2947305943483,89.12297358765997,88.22191603951396,88.77711486816406,5864100
2021-05-14,89.55075853226239,90.34260126389034,89.54165497608861,90.17877197265625,16310500
2021-05-17,89.80561532997442,90.0422592163086,89.57807500110918,90.0422592163086,1907800
2021-05-18,90.33348522266913,90.49731449126028,89.78738997535787,89.79649353027344,1210400
2021-05-19,88.71340911972568,89.43243726732408,88.37664699166713,89.37782287597656,4550700
2021-05-20,89.714594169965,90.61565186350458,89.67818688667319,90.40631866455078,1548000
2021-05-21,90.68846416918218,90.83409329871881,90.10596153899388,90.30619812011719,2376100
2021-05-24,90.66115859461132,91.2709649381577,90.64295148180099,91.01612091064453,1764200
2021-05-25,91.48030507160291,91.48940168402913,90.9160026221245,91.01612091064453,2236800
2021-05-26,91.11623964753511,91.33467639448145,91.00701780207245,91.23455810546875,1606700
2021-05-27,91.44390813658022,91.57133016475424,91.28918238008029,91.33468627929688,2723700
2021-05-28,91.65323094483202,91.86257107819823,91.56221621275152,91.60772705078125,1943200
2021-06-01,92.44508817765565,92.45419173548343,91.77157072197983,91.90809631347656,3465900
2021-06-02,91.92627517081421,92.18111917906309,91.8352604455794,92.00818634033203,1081700
2021-06-03,91.5076177004915,91.78066192340314,91.12535162202741,91.52581787109375,1478000
2021-06-04,92.05372121265789,92.42689071073728,92.03552104044974,92.37227630615234,1121600
2021-06-07,92.40866257701977,92.42686968906712,92.1720187282549,92.3995590209961,2279500
2021-06-08,92.5451979743392,92.55430153133013,91.98999904554279,92.35406494140625,1453300
2021-06-09,92.39956413838813,92.48148225918075,92.09011265623141,92.11741638183594,1382300
2021-06-10,92.43277349000778,92.7261232745106,92.19442460447094,92.5794448852539,2076400
2021-06-11,92.71695436499391,92.75362396240234,92.42360457973709,92.75362396240234,3325000
2021-06-14,92.76279413612389,92.99197387695312,92.61611574486807,92.99197387695312,1013900
2021-06-15,92.92780220689546,92.96447180406922,92.60694498012772,92.80862426757812,3848000
2021-06-16,92.85446842220348,92.85446842220348,91.74523927061367,92.21276092529297,3501000
2021-06-17,92.01107377220792,92.27692307879771,91.56187649865458,92.03857421875,3225800
2021-06-18,91.1493552821042,91.28686450802424,90.78266634432067,90.8193359375,3506400
2021-06-21,91.17685949735746,91.96523829827692,90.93851062884436,91.89189910888672,2354700
2021-06-22,91.77273217152431,92.40527046806615,91.58939118406802,92.26776123046875,1620100
2021-06-23,92.26776863057516,92.4969483802815,92.02941973255751,92.09358978271484,2294700
2021-06-24,92.68029100828727,92.80863111085336,92.61612095700423,92.74446105957031,2866200
2021-06-25,93.05613787886058,93.17530881850553,92.91862864449475,93.12030792236328,3247400
2021-06-28,93.0744656610505,93.13863570212735,92.79945419672536,93.09280395507812,3817400
2021-06-29,93.16614042092198,93.16614042092198,92.94612984057218,93.12947082519531,1806900
2021-06-30,92.75362534663732,92.9278041884241,92.67111700273439,92.7627944946289,2264300
2021-07-01,92.8453005660325,93.14781951904297,92.72612961212431,93.14781951904297,3398100
2021-07-02,93.28532452520166,93.63367521662877,93.1203148305234,93.57867431640625,2150500
2021-07-06,93.56034519695747,93.56034519695747,92.64362613527767,93.18449401855469,1564800
2021-07-07,93.48700144805794,93.55117149469434,92.89113273271386,93.38616180419922,4506600
2021-07-08,91.94692289243768,92.5336225209596,91.72690528623353,92.35944366455078,4030900
2021-07-09,92.91863553769322,93.63367521662877,92.86363463747071,93.57867431640625,3636800
2021-07-12,93.56032608224051,93.91784588373211,93.48699388773682,93.85367584228516,3517100
2021-07-13,93.70701575928396,93.99119640653092,93.47783601304975,93.5328369140625,3193800
2021-07-14,94.02785992855186,94.05536037728099,93.49616127308754,93.66117095947266,2846100
2021-07-15,93.34949137374292,93.56033281337608,92.8819627558448,93.26698303222656,9559900
2021-07-16,93.45948438120514,93.47782267493328,92.46943333418949,92.56110382080078,2193400
2021-07-19,91.31437936846378,91.40604986887749,90.59017052537698,91.15853881835938,5313800
2021-07-20,91.13103363346711,92.45110415767208,90.99352439298458,92.16692352294922,2012700
2021-07-21,92.50611005526038,93.14781050499244,92.43277086271662,93.13864135742188,2447700
2021-07-22,93.23947084930701,93.3861492184282,92.95529025164666,93.29447174072266,1328600
2021-07-23,93.64284617277512,93.98202772271068,93.39532812897318,93.88119506835938,2398300
2021-07-26,93.54200648525696,93.82618713378906,93.51450603462622,93.82618713378906,4286300
2021-07-27,93.34032832453921,93.34032832453921,92.51527982552224,93.19365692138672,2535900
2021-07-28,93.43199394863564,93.87202212314564,93.15698245932612,93.62450408935547,3241300
2021-07-29,94.10120881788114,94.33038857292031,94.06453921779355,94.13787841796875,3545800
2021-07-30,93.53283146121491,93.94535917679312,93.39532222268885,93.60617065429688,3702800
2021-08-02,94.14702244810353,94.21119248740058,93.57866124118954,93.6520004272461,3627300
2021-08-03,93.87202243869847,94.36705151393231,93.41366296096459,94.32121276855469,2426300
2021-08-04,94.25704798715661,94.44038899088838,94.02786823548642,94.12870788574219,2425600
2021-08-05,94.34871073314957,94.5778904659802,94.29370983535355,94.53205871582031,2043200
2021-08-06,94.4862295038256,94.60540045907626,94.28455019954671,94.376220703125,3360000
2021-08-09,94.47705137419054,94.55955971537544,94.22954033865668,94.42205047607422,805700
2021-08-10,94.54121398925781,94.66955407078224,94.37620431386783,94.54121398925781,1176000
2021-08-11,94.87124143537345,94.90791103236799,94.56872949968681,94.8345718383789,4213500
2021-08-12,94.69707586700636,94.89874817282389,94.45872696775353,94.88041687011719,2602800
2021-08-13,95.00875798522067,95.12792893911364,94.85291743151194,95.11876678466797,1848500
2021-08-16,94.66956026166542,94.99041748046875,94.24787039565031,94.99041748046875,2426100
2021-08-17,94.20203731364634,94.34870870261592,93.55116772569636,94.11036682128906,3818900
2021-08-18,94.11952034615152,94.3670383462358,93.40448077970287,93.4686508178711,3195200
2021-08-19,92.48777289545153,93.28532088763194,92.4419341510464,92.9736328125,3991600
2021-08-20,92.89112746972327,93.61533623730821,92.78111868428918,93.5236587524414,2399900
2021-08-23,94.04619101881576,94.65122886554127,94.04619101881576,94.46788787841797,3127300
2021-08-24,94.78874087789103,95.03625191715457,94.69707038164567,94.89874267578125,3243200
2021-08-25,94.85291175546274,95.10959194480219,94.77957256021986,95.0179214477539,10848000
2021-08-26,94.79792252806314,94.90792434046085,94.37622560050033,94.41289520263672,3598100
2021-08-27,94.57790264319785,95.37545073397912,94.57790264319785,95.32044982910156,2517600
2021-08-30,95.47627827776364,95.75128976127758,95.3112685900511,95.57711791992188,1856600
2021-08-31,95.79712929867343,95.79712929867343,95.5404491143311,95.64128875732422,5907800
2021-09-01,95.98047641808573,96.3379962682508,95.97131426378165,96.03548431396484,2981600
2021-09-02,96.39300106457584,96.4938407107656,96.12715172407654,96.30133056640625,1206700
2021-09-03,96.23715877911062,96.63134820872577,96.19132003384885,96.5213394165039,1299600
2021-09-07,96.55801994382574,96.56718209870675,96.28300142914554,96.37467193603516,3807200
2021-09-08,96.08132348467872,96.17300098688413,95.54963173954921,95.86131286621094,2538000
2021-09-09,95.76047007483189,96.16382869049743,95.47628941052821,95.60462951660156,2336800
2021-09-10,96.13632325411581,96.163823704847,95.04542541503906,95.04542541503906,1700500
2021-09-13,95.7237876803455,95.751288128827,94.96290930030922,95.39376831054688,2490400
2021-09-14,95.60461863199656,95.65961953004864,94.70623099775345,94.82540893554688,1780800
2021-09-15,94.85290750638322,95.49460795098591,94.65122822550514,95.39376831054688,3472100
2021-09-16,95.15542464048912,95.3479347702542,94.62372599979881,95.14625549316406,1936500
2021-09-17,94.90791982941458,95.05459823098843,94.110378751393,94.2020492553711,3500400
2021-09-20,92.44192312589144,92.90945168582398,91.50687300003594,92.54276275634766,3431700
2021-09-21,93.25782357601449,93.47783416973786,92.63445439878939,92.7627944946289,2911300
2021-09-22,93.32199140386732,94.19287160406222,93.25782135747411,93.61534118652344,4614000
2021-09-23,94.10119852059002,94.94457824828224,94.10119852059002,94.64205932617188,1882600
2021-09-24,94.01870084336191,94.47706035526444,94.01870084336191,94.376220703125,1413700
2021-09-27,94.16535832516962,94.47703936689709,93.96367906569441,94.27536010742188,6260400
2021-09-28,93.41367135789217,93.5145110115789,92.19443335896058,92.41444396972656,6237800
2021-09-29,92.6436109625281,92.87279069041404,92.19442065419453,92.25859069824219,2917400
2021-09-30,92.59779153134122,92.81780214105615,91.59856414794922,91.59856414794922,2935600
2021-10-01,92.02941042488382,92.65277956079917,91.16769241505695,92.36859893798828,3101500
2021-10-04,92.07524396118257,92.16691444780783,90.76433571981293,91.23185729980469,6345700
2021-10-05,91.50688802393964,92.45110745140975,91.3693787785581,92.02024841308594,3388900
2021-10-06,91.0393615352635,92.13025938194917,90.70017998186509,92.09358978271484,6572800
2021-10-07,92.8361175444478,93.55116414307584,92.81778624428246,93.10196685791016,5346200
2021-10-08,93.3311638252254,93.34950212278976,92.85447299872118,93.00114440917969,2709600
2021-10-11,93.00113317273342,93.48700008332838,92.45110321044922,92.45110321044922,1972800
2021-10-12,92.64361314802372,92.79029153445583,92.2127541303924,92.3319320678711,2454200
2021-10-13,92.73528336183409,93.14780405179557,92.27692393120583,93.02863311767578,3185600
2021-10-14,93.83535614875558,94.29371564264594,93.67951559939544,94.22954559326172,3027500
2021-10-15,94.74290781022253,95.04542676057015,94.61456770898614,94.99958801269531,2024600
2021-10-18,94.50456653383645,95.10043533422112,94.37622642224733,95.05460357666016,4443100
2021-10-19,95.47629253538948,95.86131286621094,95.41212248025256,95.86131286621094,2740100
2021-10-20,95.94380500857464,96.21881648669012,95.89796626521692,96.14547729492188,1264700
2021-10-21,95.83379898092369,96.17298750711267,95.76962893478097,96.163818359375,1157100
2021-10-22,96.20048934119998,96.52133957653253,95.75129201772384,96.17298889160156,3291500
2021-10-25,96.264664077309,96.58551432827014,95.93464467803159,96.50300598144531,1513400
2021-10-26,96.86969557928603,97.0255361315726,96.36550432294521,96.44800567626953,6043500
2021-10-27,96.46634257134842,96.6130139731308,95.92547472937439,95.9713134765625,4294300
2021-10-28,96.13631819141638,96.8055191040039,96.13631819141638,96.8055191040039,2209200
2021-10-29,96.08131336485826,96.62218119605484,96.04464376664063,96.5396728515625,2908600
2021-11-01,96.84219458113708,97.05304302845978,96.56717608358764,97.0255355834961,1700000
2021-11-02,96.92468773230352,97.15386744632731,96.82384809861227,97.08052825927734,2185600
2021-11-03,96.9430323936441,97.78641217893166,96.85136189420169,97.70391082763672,1696500
2021-11-04,97.73140815248647,97.96975703862267,97.55722931330878,97.91474914550781,2515300
2021-11-05,98.2997787972543,98.41894974619758,97.77724926110186,98.10726165771484,1733500
2021-11-08,98.41894372686514,98.44644417540006,98.18059484954533,98.29060363769531,2516600
2021-11-09,98.437280256274,98.437280256274,97.76807932634607,98.0430908203125,2839400
2021-11-10,97.76806959772576,98.06141935850596,96.89718246846483,97.15386962890625,2624400
2021-11-11,97.58472560944463,97.71306569789927,97.45638552099001,97.47472381591797,3283100
2021-11-12,97.7222400285324,98.18976865784919,97.56639948343035,98.1530990600586,3337800
2021-11-15,98.35477129760454,98.36394044489731,97.94224359755185,98.09809112548828,2585500
2021-11-16,98.04308699395607,98.5106156076665,98.024755692678,98.29977416992188,2595900
2021-11-17,98.18978236012225,98.18978236012225,97.87809423241178,98.02477264404297,3437700
2021-11-18,98.05225372314453,98.15309336271272,97.47472332798964,98.05225372314453,1730900
2021-11-19,97.93309057324817,98.14393202256467,97.6672412290576,97.70391082763672,1969900
2021-11-22,97.8780818215044,98.23560865601823,97.0805407899255,97.1172103881836,5876700
2021-11-23,96.99803655375928,97.3830638547721,96.4388373961567,97.08971405029297,2681400
2021-11-24,96.44800320303776,97.16304288955642,96.28299350660954,97.12637329101562,2439700
2021-11-26,95.49462442096271,95.72380418984896,94.57790534541768,94.7612533569336,4094700
2021-11-29,95.7971334178443,96.02631316286306,95.11876333091176,95.6137924194336,4160000
2021-11-30,95.21960672741889,95.6504587900495,93.96369915742204,94.31204986572266,7431500
2021-12-01,95.47627903557947,96.01713985325712,93.26698303222656,93.26698303222656,5985000
2021-12-02,93.59700438352647,94.95375152120305,93.5236651881903,94.61456298828125,8715500
2021-12-03,94.91709053062974,95.11876983908718,93.0286515405486,93.807861328125,7075400
2021-12-06,94.24786936531929,95.05458648627717,93.73450901126266,94.75206756591797,6256200
2021-12-07,95.971308501708,96.84218870105138,95.971308501708,96.8055191040039,6047800
2021-12-08,96.89718029165242,97.15386744632731,96.59466838458849,97.08052825927734,4336700
2021-12-09,96.68635926603858,96.87886942714472,96.28300064619069,96.31050109863281,6138700
2021-12-10,96.76886827130453,96.93387799300977,96.22800734650014,96.83303833007812,3963500
2021-12-13,96.66362730269141,96.66362730269141,95.86758422851562,95.86758422851562,3633400
2021-12-14,95.28445690627282,95.7565236291846,94.80312483404381,95.34925079345703,5586700
2021-12-15,95.28444965180479,96.6173533812572,94.80311761622193,96.53404998779297,3676900
2021-12-16,97.0894205632801,97.1727310131129,95.69171598411124,96.07122802734375,4886500
2021-12-17,95.3492316742584,95.91386703307462,94.79385460089892,95.1270751953125,4335900
2021-12-20,94.02557001205942,94.28474548313153,93.5164702924521,94.22920989990234,4003800
2021-12-21,94.91419880567405,95.83982975904087,94.61799718307681,95.76577758789062,3683100
2021-12-22,95.67321802374438,96.7006689696959,95.65470144954489,96.66364288330078,5294100
2021-12-23,96.87653305471356,97.5614979410261,96.83024868506944,97.28380584716797,3693300
2021-12-27,97.45966949475765,98.34827423095703,97.42264341466567,98.34827423095703,2712200
2021-12-28,98.45009988222503,98.61671372127819,98.1538982863531,98.2464599609375,7115000
2021-12-29,98.23719021715029,98.41306232175027,97.91322086288896,98.25570678710938,7856400
2021-12-30,98.29369077130842,98.55303974149527,98.07138559680875,98.13622283935547,2156000
2021-12-31,98.13622826895491,98.37705535462244,97.92319463168465,97.97876739501953,5529600
2022-01-03,98.29369026946424,98.51598837609951,97.76572784949958,98.4974594116211,12987500
2022-01-04,98.85871925639152,98.90502754148534,98.08066515947199,98.41411590576172,9016100
2022-01-05,98.46968039246701,98.59009747039002,96.76538300298078,96.81169128417969,6835700
2022-01-06,96.6264396839458,97.20997488128596,96.14479259408675,96.60791778564453,6908700
2022-01-07,96.7375970764088,96.99694606587961,96.117003918198,96.58939361572266,4589400
2022-01-10,95.9132278695365,96.31151580810547,94.76467233191981,96.31151580810547,12844900
2022-01-11,96.41340782681925,97.46007537841797,95.94102517616186,97.46007537841797,7804600
2022-01-12,97.98804208061108,98.25665557591486,97.53418131041602,98.0528793334961,4580800
2022-01-13,98.2196015861099,98.29370332040365,96.59866324876853,96.73760223388672,5320100
2022-01-14,96.23742599940742,96.8024393558671,95.87618887861915,96.76538848876953,6341200
2022-01-18,95.64461600089558,95.74650410780322,94.89434838941845,95.0888671875,8446000
2022-01-19,95.50568271238339,95.78356066897659,94.47754416641052,94.51459503173828,6159500
2022-01-20,95.07034208295532,95.94101973489146,93.72728180715286,93.77359008789062,10613600
2022-01-21,93.48645935267572,93.84769646728681,92.10634814386083,92.1804428100586,8781100
2022-01-24,90.65212316631575,92.0692850534393,88.5495309407078,92.03223419189453,11927600
2022-01-25,90.8003232287326,92.05075982298847,89.77218474603276,91.10598754882812,17991900
2022-01-26,92.33791336094146,92.78250963757586,89.99450075822523,90.65213775634766,5429500
2022-01-27,91.33754376873271,91.91182150579954,89.87406658076598,90.18899536132812,6188700
2022-01-28,90.1890009656256,91.66173566017599,89.32758783986213,91.63394927978516,10745600
2022-01-31,91.6987917040064,93.59760789426616,91.58763910943333,93.52350616455078,3866600
2022-02-01,93.72728134033153,94.32008103796919,93.06964439660007,94.24597930908203,3796400
2022-02-02,94.82951638317111,95.04255709121617,94.18114390952088,94.8480453491211,2463300
2022-02-03,93.65317884766425,94.09777508390172,92.87512483415404,93.0325927734375,21242100
2022-02-04,92.95849027643168,94.07925240720473,92.55093784097613,93.44940185546875,5877900
2022-02-07,93.48645063818729,93.94031134328587,93.08816269423927,93.26415252685547,3938700
2022-02-08,93.13448459178517,94.14409417960508,92.9399657806145,93.98663330078125,2720600
2022-02-09,94.95919497442968,95.46863555908203,94.94067307441061,95.46863555908203,5696300
2022-02-10,94.32932859958747,95.65386683147122,93.69948517003486,94.08850860595703,3485200
2022-02-11,94.07924891218663,94.48680133250171,92.06928732423165,92.30084991455078,3832900
2022-02-14,92.18044327477594,92.40274847468056,91.2541928086974,91.95814514160156,5372100
2022-02-15,93.01406015313664,93.60685982264648,92.93995842776555,93.56980895996094,2600300
2022-02-16,93.16227368524896,93.98663603570311,92.92144658509699,93.7828598022461,2676200
2022-02-17,93.12522027896651,93.18079304412828,91.8562546295089,91.9674072265625,3720400
2022-02-18,91.99519214141581,92.18043940015293,90.91148083767084,91.281982421875,4274300
2022-02-22,90.63359668526589,91.29123359556202,89.54062097330328,90.2260513305664,6770900
2022-02-23,91.03188591900785,91.03188591900785,88.79036170272911,88.94782257080078,3629200
2022-02-24,86.22464139489715,89.39242295178924,85.99307880818824,89.31832122802734,5552400
2022-02-25,89.71661167295353,91.31902086049698,89.42021183633264,91.30049896240234,5519800
2022-02-28,89.80924348725642,91.12451744054063,89.65178260553863,90.66139221191406,5390800
2022-03-01,90.40204049234384,90.6799184478443,88.64216326321086,89.12381744384766,4681800
2022-03-02,89.64250595563172,90.6984307682474,89.29979785566911,90.40203094482422,5907300
2022-03-03,90.64286704595976,90.71696877588512,89.17012519729548,89.48505401611328,5472700
2022-03-04,88.21607996091663,88.38280530395043,87.39171772778536,88.16050720214844,3623000
2022-03-07,87.81780082961838,87.87338066068253,85.39102923062588,85.41881561279297,5164500
2022-03-08,85.74300705301305,87.1786981304377,84.77970570128811,85.31693267822266,5333100
2022-03-09,87.16943768807435,88.23462720779756,86.789671579857,87.90117645263672,3841700
2022-03-10,86.8359803374745,87.36394281525713,86.33580424272303,87.20648193359375,5228600
2022-03-11,87.73443289525254,87.84557841278811,85.91898308596942,86.0023422241211,2969100
2022-03-14,86.30801504722237,86.8637638899263,85.2243037439402,85.44660186767578,1827000
2022-03-15,85.74300767261727,86.97492252171166,85.42808589769533,86.78041076660156,5022900
2022-03-16,88.1049475542524,89.71662139892578,87.40099521594036,89.71662139892578,2966000
2022-03-17,89.28127361997913,90.63359832763672,89.11454826880328,90.63359832763672,3482600
2022-03-18,89.97596027141334,91.72657290333112,89.97596027141334,91.63394927978516,3076400
2022-03-21,91.45796507019497,91.75436492379924,90.66138913862166,91.30976867675781,4104200
2022-03-22,91.80068095257855,92.59725689005928,91.80068095257855,92.41200256347656,2323700
2022-03-23,91.82847165558408,92.22675964306464,91.34682451726658,91.3746109008789,2655100
2022-03-24,91.74511100025144,92.46758522924524,91.49501941838115,92.43053436279297,4969100
2022-03-25,92.36569451464587,92.69914523660509,91.84699653236707,92.60652160644531,3842000
2022-03-28,92.47684710399399,93.01407409335562,91.9674135658591,92.96776580810547,3846100
2022-03-29,94.2552386825495,94.50532317057498,93.66243901704594,94.45901489257812,4242600
2022-03-30,94.22745299655638,94.42196472572678,93.54202263655081,93.9310531616211,3106600
2022-03-31,93.65317165692136,93.81989699939157,92.42125701904297,92.42125701904297,5912300
2022-04-01,93.07890345275624,93.11595431785267,92.31012096887756,93.02333068847656,3450700
2022-04-04,93.20858188955965,93.92179870605469,93.05112100628733,93.92179870605469,5179000
2022-04-05,93.52350711885478,93.8754797384995,92.32864321523908,92.57872772216797,4349400
2022-04-06,91.68026752964988,91.99518927302978,90.92999990167887,91.51354217529297,3269700
2022-04-07,91.37461048297837,92.10634920392071,90.81886161308286,91.70806121826172,4303700
2022-04-08,91.5783789152043,92.11559877251933,91.23566372571446,91.62468719482422,2272700
2022-04-11,91.05042617553389,91.0874699764851,90.15196206776265,90.31868743896484,3761400
2022-04-12,90.8188564828375,91.20787996311586,89.57767724567763,89.8185043334961,2964600
2022-04-13,89.85556117972348,91.02263169824715,89.81851031245967,90.9022216796875,2449700
2022-04-14,90.98557647591554,91.08745751468854,89.93890904061368,89.94817352294922,2237300
2022-04-18,89.77218615314085,90.20752496736178,89.42021354876609,89.79997253417969,1674800
2022-04-19,89.51282638375663,90.8836799058311,89.49430448754009,90.7540054321289,5598500
2022-04-20,91.28198277166108,91.30050467091378,90.56876598265733,90.8373794555664,1896400
2022-04-21,91.55984543614495,91.76362164326967,89.26274853173555,89.42947387695312,8192900
2022-04-22,89.29054743889459,89.31833382254105,87.32689388269156,87.41951751708984,2339700
2022-04-25,86.71556460595598,87.59549965534652,85.91898870016404,87.5584487915039,3617900
2022-04-26,86.98418124839291,86.99343866464469,85.11315142296054,85.14093780517578,3346500
2022-04-27,85.40028878867169,86.3358037232294,84.9556925293879,85.46512603759766,5464900
2022-04-28,86.28948298793446,87.57697036418381,85.40027646423144,87.25277709960938,4315300
2022-04-29,87.05828696933975,87.52141224302856,84.89086408050687,84.9649658203125,3367900
2022-05-02,84.92790660600498,85.51144184949581,83.64967645350578,85.24282836914062,4936500
2022-05-03,85.52070797988776,86.11350771804418,85.21504362738297,85.76152801513672,3695000
2022-05-04,85.6503822445878,87.96600842372457,84.9649588742478,87.78075408935547,4135800
2022-05-05,86.75262453575469,86.75262453575469,83.96460857412536,84.78897094726562,4187400
2022-05-06,84.16837298510566,84.6685490288674,83.08465469025717,83.9460678100586,4590200
2022-05-09,82.66784606705852,82.85309331558699,81.00985704582929,81.28773498535156,5784400
2022-05-10,82.58449924255659,82.82531928821554,80.7505201149802,81.57488250732422,6017700
2022-05-11,81.65824774529626,82.66785740164424,80.41706839644286,80.5560073852539,6309300
2022-05-12,79.94467103496572,81.12101301905585,79.21293235931253,80.4448471069336,5135400
2022-05-13,81.40815821627957,82.73269675196637,81.30627009301669,82.56597137451172,2751700
2022-05-16,82.22324629318899,82.93646307065418,81.78791453385851,82.29734802246094,2073300
2022-05-17,83.67745718192745,83.9831215078895,82.9827693865935,83.964599609375,2507700
2022-05-18,83.14949858113042,83.22360031207087,80.90797422065693,81.15806579589844,3497500
2022-05-19,80.74125844599051,81.96390888475581,80.54674667922454,81.23217010498047,5937500
2022-05-20,82.10282959574555,82.17693131898177,79.84277650414573,81.46371459960938,2268400
2022-05-23,82.0750319293454,82.91791594837478,81.67674405513442,82.77898406982422,1945400
2022-05-24,81.89907038949858,82.30662288516169,80.9728198569775,82.09358215332031,1764600
2022-05-25,81.65823198576003,83.01055661128753,81.63043853997736,82.65857696533203,2054600
2022-05-26,82.78827243816498,84.33511624276117,82.78827243816498,84.02018737792969,1657800
2022-05-27,84.64075838424452,85.74299861347542,84.56666372350513,85.73373413085938,1606100
2022-05-31,85.72447735979928,86.07644996783038,85.04831145833481,85.34471130371094,4431600
2022-06-01,85.93751696869799,86.03940508513504,84.24247692258729,84.7148666381836,3117700
2022-06-02,84.92789533338906,86.4284163508361,84.56665826869038,86.41915893554688,2553600
2022-06-03,85.39103483733003,85.65964832713216,84.81675699016026,84.98348236083984,2106100
2022-06-06,86.04866384164431,86.2246466128168,85.10388447332984,85.28913879394531,3043500
2022-06-07,84.59445493863129,86.01161699049254,84.4740378579306,85.93751525878906,3557800
2022-06-08,85.61332280790155,85.90972264649251,84.97420778508092,85.13167572021484,3324900
2022-06-09,84.68948009198682,85.02603231360027,83.14695739746094,83.14695739746094,3580400
2022-06-10,81.73531459778054,81.98772521752603,80.88458332306912,80.98741912841797,3574600
2022-06-13,78.85592136900907,79.22986908024546,77.7060405375969,77.98649597167969,4217100
2022-06-14,78.20152343890558,78.55676986541869,77.09838154004295,77.7527847290039,6172000
2022-06-15,78.47262303354421,79.78142920572378,77.50971257867265,78.94005584716797,3660600
2022-06-16,77.01424219765815,77.22926447039103,76.15416737164671,76.63095092773438,3653500
2022-06-17,76.75246945716678,77.3040439068659,75.96718572432476,76.59354400634766,4877700
2022-06-21,77.91170279810143,78.60350854067198,77.82756830999534,78.30435180664062,4832300
2022-06-22,77.37883020836547,78.65959877441864,77.18250926889031,77.8556137084961,3650800
2022-06-23,78.17347118128062,78.44458308594326,77.37882964271874,78.30435180664062,3691000
2022-06-24,79.09900145048324,80.71631540361895,79.09900145048324,80.68827056884766,3355000
2022-06-27,80.90328276513391,80.96872308225807,80.2862679472836,80.45454406738281,4133600
2022-06-28,80.94066023497707,81.37069752785395,79.2392052360042,79.26725006103516,3202000
2022-06-29,79.34205932836142,79.49163414053467,78.77179064625277,79.05224609375,3589900
2022-06-30,78.02388790900515,78.93070874947914,77.38817896854107,78.4258804321289,5459500
2022-07-01,78.06128364196648,79.04289545092692,77.52841049402028,78.97745513916016,3230800
2022-07-05,77.54711192886991,78.5941641476184,77.03294004041301,78.57546997070312,5108900
2022-07-06,78.519368845698,79.0802868442052,77.98649567724725,78.6876449584961,3530200
2022-07-07,79.18311502200672,80.07124163892276,79.18311502200672,79.94036102294922,3197700
2022-07-08,79.58512058208579,80.30497122051706,79.2953144752279,79.88427734375,2727300
2022-07-11,79.16444079227641,79.24857529554505,78.61286622960486,78.75309753417969,4357500
2022-07-12,78.55675858063442,79.02419140059055,77.93975096717091,78.26695251464844,2987400
2022-07-13,77.12642500999425,78.48197750567088,77.07033534691955,77.94910430908203,2961000
2022-07-14,76.66834093937688,77.50037087309222,76.16351258648336,77.41622924804688,2258200
2022-07-15,78.24825610145409,78.73439025878906,77.73408424682043,78.73439025878906,4734000
2022-07-18,79.53837066365081,79.76273642101046,78.29499764596066,78.51936340332031,2886400
2022-07-19,79.37944123059519,80.59476222669565,79.37944123059519,80.51062774658203,2193700
2022-07-20,80.46389713073985,81.06221065734609,80.2021358544071,80.76305389404297,1837500
2022-07-21,80.62282845681158,81.61379110235232,80.35171650592989,81.58573913574219,3553400
2022-07-22,81.66986877683816,81.99707034796745,80.50128664247687,80.89392852783203,1732700
2022-07-25,81.2117797252084,81.29591420820329,80.76304108519281,81.1463394165039,7341200
2022-07-26,80.73501021877806,80.81914471632206,80.04321153106306,80.16474151611328,3320400
2022-07-27,80.88457944872096,82.38971383768427,80.82848978756637,82.1279525756836,2584100
2022-07-28,82.20273861935314,83.02541784097721,81.51094002088611,82.91323852539062,2597300
2022-07-29,82.98802319374684,84.03507532200294,82.84779904785195,83.96963500976562,1623700
2022-08-01,83.41806904626438,84.19400215191641,83.24979293598074,83.69852447509766,3610700
2022-08-02,83.27783721060727,83.99768065218704,82.85714337147228,83.04412078857422,3810700
2022-08-03,83.4274082216361,84.26878872922212,83.27783342720905,84.10986328125,2494100
2022-08-04,84.11922319420007,84.40902929386829,83.89485027917344,84.24075317382812,2889600
2022-08-05,83.29653353920176,84.12856345254966,83.23109322463932,83.97898864746094,1493400
2022-08-08,84.35293252177308,84.88580566824454,83.84810420420135,84.0163803100586,2580300
2022-08-09,83.95093972281644,84.0350742092393,83.43676075314679,83.61438751220703,3657200
2022-08-10,85.14756424258007,85.45607161571364,84.82970621595372,85.36257934570312,12379800
2022-08-11,85.94220627644765,86.40028848403281,85.28780312275455,85.4373779296875,2771500
2022-08-12,85.78328830211588,86.62466895348282,85.54022119561874,86.61531829833984,1186400
2022-08-15,86.05439431382719,86.69010330301883,86.01699882829126,86.59661102294922,7124300
2022-08-16,86.26005579982136,86.99860056555826,86.21331679386394,86.66204833984375,7095000
2022-08-17,85.91416033278006,86.56856347799437,85.62434711207713,86.03569030761719,2873100
2022-08-18,86.04504013732557,86.17592076511431,85.70848791373757,86.00764465332031,2668600
2022-08-19,85.39063073907936,85.43737687767874,84.67078727888054,84.85775756835938,3602900
2022-08-22,83.9415951389719,83.9415951389719,83.12825938244276,83.25914001464844,3564400
2022-08-23,83.19368958963882,83.848099803609,83.13759993478315,83.24978637695312,2482700
2022-08-24,83.04413408776924,83.76397764462915,82.96934310895097,83.4648208618164,2083000
2022-08-25,83.80135944900054,84.6988296508789,83.67982947761234,84.6988296508789,3801500
2022-08-26,84.80166038267595,84.82970521036313,82.1559889398181,82.17469024658203,4202100
2022-08-29,81.64182363931273,82.24948777338376,81.47354752730013,81.66986846923828,7073600
2022-08-30,82.01578243911547,82.05317079576638,80.46390173707356,80.82849884033203,5699500
2022-08-31,81.26787265325721,81.4267981047312,80.30496215820312,80.30496215820312,2580900
2022-09-01,79.6599039124541,80.1460380613025,78.97745595872726,80.108642578125,3659900
2022-09-02,80.80044399545285,81.07155590857285,79.08028737176797,79.41683959960938,5335900
2022-09-06,79.54771663743675,79.71599274375971,78.66894775549156,78.97745513916016,16409700
2022-09-07,78.74373822797185,80.27691735044282,78.71568626671115,80.15538024902344,4054700
2022-09-08,79.65055893581247,80.59477533908291,79.35140218152853,80.52933502197266,4237600
2022-09-09,81.36135969732506,82.15599410574923,81.32396421390449,82.0157699584961,6148900
2022-09-12,82.57668959746941,83.19369725510872,82.56733894331235,83.02542114257812,5561400
2022-09-13,81.3146237731372,81.48289988867556,79.53837747188992,79.74404907226562,4328300
2022-09-14,80.02450179426367,80.35170335991278,79.45423315164987,80.06189727783203,2181200
2022-09-15,79.61316437850869,80.23952266953441,78.98679895502389,79.22986602783203,6209600
2022-09-16,78.38848278382228,78.69699015797858,77.95844544369176,78.51936340332031,4167400
2022-09-19,77.81823321947023,79.0429123623557,77.80888969611809,79.03356170654297,5578300
2022-09-20,78.32304052937174,78.4539211456201,77.54710035271452,78.061279296875,2801600
2022-09-21,78.2763084080824,78.87462188708164,76.76182340235721,76.780517578125,4704500
2022-09-22,76.82726565730765,76.90205662718701,76.00458638601316,76.21025085449219,2728200
2022-09-23,75.163200116924,75.17255077056603,73.7795958087187,74.61162567138672,9135300
2022-09-26,74.15355578842906,74.85470514616098,73.44305577550521,73.72351837158203,7065600
2022-09-27,74.3685725957946,74.78925932652247,73.02236364553013,73.4804458618164,4203500
2022-09-28,73.54588634318014,75.22864753478032,73.26543089955318,74.98558044433594,7182400
2022-09-29,73.98527202952233,74.11615265887525,72.94757051646751,73.57392883300781,5311400
2022-09-30,73.30282103253228,74.16289574211993,72.7045004384071,72.7605972290039,4633100
2022-10-03,73.53655226199902,74.83601524194123,73.16260449002806,74.4901123046875,2645600
2022-10-04,75.9110929623027,77.04228675040014,75.9110929623027,77.0329360961914,3585800
2022-10-05,76.03263144963225,77.11707198636867,75.56519858514288,76.6870346069336,2050400
2022-10-06,76.26635257096294,76.78052447403842,75.68673321567395,75.79891967773438,2955500
2022-10-07,75.09775619222508,75.11645036615056,73.56457716182695,73.87307739257812,7158700
2022-10-10,74.05073133726899,74.05073133726899,72.83540987692606,73.28414154052734,2846600
2022-10-11,72.89148002952214,73.7328605890074,72.31186072577468,72.6671142578125,13744800
2022-10-12,72.71385413119371,72.9756153900551,72.33990641890915,72.47078704833984,2764200
2022-10-13,70.91890813595931,74.37790815658298,70.77867686324022,74.10679626464844,9384300
2022-10-14,74.60227593871221,74.83599233309106,72.45208225744345,72.53621673583984,4166700
2022-10-17,73.91984358335675,74.64903781610452,73.91984358335675,74.41532135009766,5449900
2022-10-18,75.85499210812796,75.92978306584224,74.4433430942184,75.11644744873047,3955700
2022-10-19,74.51814488751087,74.99492839669504,73.84504043512364,74.34986877441406,2844000
2022-10-20,74.4059573330897,75.33147950764999,73.83569582029999,73.99462127685547,6200900
2022-10-21,73.78894699185975,75.64932766227481,73.45239478292068,75.56519317626953,4754500
2022-10-24,75.39691654710106,76.01392417088952,74.80794661932693,75.78955841064453,2362600
2022-10-25,75.96718761424647,77.21055355551229,75.92979213092475,77.12641906738281,5343900
2022-10-26,76.7431236812414,78.00519811167611,76.71507885078007,77.13577270507812,6723700
2022-10-27,77.17317095409638,77.62190252246933,76.5655067866508,76.66834259033203,3342300
2022-10-28,76.51875922451191,77.98649814779112,76.44396825368582,77.89301300048828,5587800
2022-10-31,77.26665063812564,77.66864316977613,77.14511353375694,77.37882995605469,6739400
2022-11-01,78.51002370403596,78.51936722555577,77.21055383440502,77.45362091064453,2923000
2022-11-02,77.44426747285146,78.37913312828884,75.80825257583606,75.86434936523438,10681700
2022-11-03,75.01362986016602,75.69608503304211,74.64903276844566,75.20060729980469,7749200
2022-11-04,76.91140198431906,77.28534971017942,75.78956593919763,76.96749877929688,6669600
2022-11-07,77.28534480131859,77.63124767394946,76.81791195679754,77.45362091064453,7741200
2022-11-08,77.73408834123447,78.59416311725612,77.28534964409384,77.995849609375,5007300
2022-11-09,77.54711544110981,77.81822737964863,76.48136899717657,76.55615997314453,8720600
2022-11-10,79.45423207376471,80.72564996800376,78.99614988807038,80.66020965576172,6217200
2022-11-11,81.12764871949314,82.01577546229748,80.83784261910985,81.8848876953125,8577000
2022-11-14,81.45483965327723,82.0157647364114,81.09959328208983,81.1463394165039,5329600
2022-11-15,82.53929715393252,82.70757327266217,81.20243885859684,81.93163299560547,5437000
2022-11-16,81.66052437455276,81.7820614906051,81.17439730772298,81.31462860107422,4502500
2022-11-17,80.0151519493925,81.19308473010004,80.00580842775032,81.11829376220703,4756300
2022-11-18,81.62312506636772,81.70726669142337,80.8191399634158,81.27722930908203,4623400
2022-11-21,80.77240917289542,81.00612563049496,80.43585690335526,80.82849884033203,5248600
2022-11-22,81.20243344800532,81.87553787807437,80.95936637437836,81.83814239501953,4189400
2022-11-23,81.81010026683674,82.58603338535049,81.81010026683674,82.4738540649414,1666700
2022-11-25,82.4458138614903,82.64213481568257,82.3429780570382,82.53929901123047,1664600
2022-11-28,81.98770372968212,82.31491236955875,81.21177076422002,81.3426513671875,10513600
2022-11-29,81.62312750796949,81.91294074465316,81.21179142220707,81.51094818115234,3482400
2022-11-30,81.93163048286891,83.82940673828125,81.39875731197748,83.82940673828125,6897400
2022-12-01,84.22204777050472,84.48381615864412,83.49285366326455,83.95094299316406,5332300
2022-12-02,83.00672664923478,84.09116715614911,82.97868181933016,83.87615203857422,4086400
2022-12-05,83.39002534956222,83.56765213148397,82.18405476086592,82.44581604003906,16178500
2022-12-06,82.50189755502608,82.59538269800169,81.18373350195459,81.56703186035156,4401400
2022-12-07,81.3800539740463,81.83813612456642,81.22112140012587,81.41744232177734,4579300
2022-12-08,81.7727037046126,82.23078589931634,81.4828976207636,82.04381561279297,2221000
2022-12-09,82.0438255136546,82.45516162013698,81.62313161951975,81.65117645263672,7892800
2022-12-12,81.80074419494609,82.38970698546451,81.53898295471568,82.38036346435547,7170700
2022-12-13,84.71298755215423,84.71298755215423,82.71575530537962,83.13969421386719,9199600
2022-12-14,83.18678966857564,83.84625169450486,82.19758944208482,82.81937408447266,6056000
2022-12-15,81.83960855577709,81.99033967438955,80.47356960923702,80.78446197509766,3598200
2022-12-16,80.21920985367996,80.56777961784466,79.64453262413471,80.00252532958984,4681100
2022-12-19,80.18151930720497,80.20978094137409,79.23000356045695,79.51263427734375,5020400
2022-12-20,79.51264236801904,80.04021209311883,79.23001162237364,79.69163513183594,9583300
2022-12-21,80.19094209987708,80.96345791199863,80.05904968226591,80.73735046386719,3799300
2022-12-22,80.21920601252526,80.25689058828422,78.74953630831736,79.76699829101562,5524900
2022-12-23,79.61627550345737,80.14384524407095,79.29596016980011,80.1344223022461,4502300
2022-12-27,80.21920148701231,80.40761716757987,79.78583967162892,80.10614776611328,4102300
2022-12-28,80.12499360532013,80.44530169963895,79.0698471069336,79.0698471069336,3474700
2022-12-29,79.85179655799737,80.62431245179695,79.71048118487339,80.4453125,5039100
2022-12-30,79.90831285133318,80.13441311602014,79.44668938121461,79.96483612060547,4201900
2023-01-03,80.55835791218348,81.03882006852261,79.51263432175503,79.98368072509766,13272000
2023-01-04,80.85040610684774,81.2837679446553,80.18152106234493,81.00114440917969,5696300
2023-01-05,80.47357332056225,80.56778117248953,80.0025268733275,80.17210388183594,8268000
2023-01-06,80.83156051140392,82.19759211856467,80.20035290877915,82.02801513671875,5254100
2023-01-09,82.58386219591135,83.21506267667986,82.16933904431508,82.20702362060547,6658500
2023-01-10,82.14107806900479,82.68748646061084,81.8867089739003,82.66864776611328,4361200
2023-01-11,82.97011561011713,83.55421575478336,82.81938449421489,83.53536987304688,13190300
2023-01-12,83.95930701985515,84.34556130314452,83.00779134623454,84.11946105957031,5230700
2023-01-13,83.59189158012012,84.58108463979733,83.58246864023829,84.49629974365234,8269400
2023-01-17,84.49631164862342,84.85430435100295,84.28905006760436,84.43978118896484,3795100
2023-01-18,84.95793381374806,85.08040329716431,83.47884832129851,83.51653289794922,3426900
2023-01-19,83.18680572509766,83.5447984386157,82.79112124556902,83.18680572509766,3860000
2023-01-20,83.32810836012298,84.48688570942977,83.08316939815401,84.47746276855469,5019800
2023-01-23,84.47746362494986,85.52318725715043,84.36441708369445,85.22171783447266,7665800
2023-01-24,84.844880615698,85.27824246850085,84.5810957650874,85.1086654663086,5137400
2023-01-25,84.43978003581358,85.38187289114494,84.0723643972422,85.30651092529297,6457200
2023-01-26,85.83408274472346,86.06960596437474,85.16519766342559,86.03192138671875,5496300
2023-01-27,85.68334840800892,86.49354889619352,85.65508677035574,86.07903289794922,5553300
2023-01-30,85.52318633794587,85.9000249091423,85.00503959169895,85.04271697998047,7535100
2023-01-31,84.93909513990153,85.97539584145511,84.87314174004818,85.96597290039062,8372000
2023-02-01,85.74928617731898,87.3414253591825,85.19345485796892,86.84211730957031,3807600
2023-02-02,87.56752185974038,87.84072963105345,86.87979814884677,87.5486831665039,3485900
2023-02-03,86.4841185189188,87.41678834176672,86.32395728663391,86.54064178466797,2997800
2023-02-06,85.94713029095358,86.00365355956973,85.41955342934449,85.82465362548828,4259400
2023-02-07,85.64566328992336,86.92690293607522,85.3630325636911,86.73848724365234,3044800
2023-02-08,86.55007836243556,86.6631249117465,85.87177031617588,85.9942398071289,2544300
2023-02-09,86.93633263533347,87.00227885156788,85.36303919974232,85.61740112304688,3025700
2023-02-10,85.32533821477207,85.62680760067802,85.061553400554,85.54202270507812,1991800
2023-02-13,85.67393336459564,86.50297255556042,85.57971832150533,86.44644927978516,6341100
2023-02-14,86.11672172419713,86.94576094916836,85.70219851791204,86.4935531616211,3575700
2023-02-15,85.75870999390766,86.5500717163086,85.69276378267408,86.5500717163086,1640700
2023-02-16,85.58914283370613,86.47471250429308,85.5137736728905,85.67393493652344,2273900
2023-02-17,85.18402946844316,85.50434475881167,84.83545973161579,85.45723724365234,4542000
2023-02-21,84.67531015088305,84.91083338391158,83.94047881384981,83.99700927734375,6718300
2023-02-22,84.01584307220897,84.25136629149777,83.49768911473429,83.7708969116211,3636800
2023-02-23,84.33614893283361,84.4586256036336,83.34695575097615,84.17599487304688,2342100
2023-02-24,82.86650109485694,83.17739351617377,82.58387750169564,83.05492401123047,2460100
2023-02-27,83.79915407600772,84.0723618583149,83.38463811974673,83.54479217529297,2749900
2023-02-28,83.44116600665826,83.66726628509382,83.11143493652344,83.11143493652344,5007600
2023-03-01,83.40347469791632,83.66725953273546,83.02663613920429,83.2904281616211,3307700
2023-03-02,82.84764470295156,83.92162994030818,82.74401391797875,83.74263000488281,5607400
2023-03-03,84.24194291565885,85.08040499699418,84.00641969758492,85.00504302978516,3629400
2023-03-06,85.05213236447605,85.48549416719108,84.8637166894164,84.94850158691406,4315600
2023-03-07,84.8166183628378,84.89198751606335,83.46942529622268,83.6107406616211,1492600
2023-03-08,83.70494179923776,84.00641120037496,83.39404945780322,83.78973388671875,1800000
2023-03-09,83.84626705007476,84.1665751820166,82.29181234702,82.44255065917969,2954900
2023-03-10,82.32947752617416,82.71573896937176,81.13302300261414,81.35912322998047,5485100
2023-03-13,80.55835486928119,82.00917859928676,80.36993200250275,81.15187072753906,5470000
2023-03-14,82.01860300684007,82.54617990189418,81.48161035815153,82.2729721069336,2071200
2023-03-15,80.53009494117958,81.1424495052816,80.03077972434308,81.1330337524414,3277200
2023-03-16,80.71851042151432,82.48022652387904,80.54893343204822,82.45195770263672,4573200
2023-03-17,82.11281482774186,82.263545943569,81.236668204978,81.55697631835938,2466800
2023-03-20,81.74539683382577,82.50849696164916,81.70771944334408,82.34834289550781,2152700
2023-03-21,83.24332347653454,83.54479289623399,82.87590784588829,83.441162109375,2800100
2023-03-22,83.51652752230714,84.39267410714723,82.5179042743361,82.54617309570312,3106200
2023-03-23,83.23390962814213,83.99700979542838,82.28239374831037,82.76286315917969,2834300
2023-03-24,82.30123124507074,83.00780087651015,81.90555397648818,82.960693359375,5883400
2023-03-27,83.35637736909516,83.52595436723627,82.96069291503393,83.25274658203125,1570500
2023-03-28,83.27158647021942,83.41290183529625,82.96069410456997,83.32810974121094,6464300
2023-03-29,84.11946554028077,84.41151200327015,83.91220397779894,84.34556579589844,5193800
2023-03-30,85.08982557786727,85.16519473058378,84.7129870018828,85.0333023071289,1973900
2023-03-31,85.31593355949384,85.918872460525,85.21230276204173,85.88119506835938,3182400
2023-04-03,85.85292387888258,86.41818537218367,85.77756190902777,86.38050079345703,7711200
2023-04-04,86.43702562088716,86.56891805500106,85.75871756681646,86.07903289794922,2146600
2023-04-05,85.84350731478037,85.92829222541633,85.32535334667709,85.63624572753906,1678700
2023-04-06,85.46665661865526,86.06959541203294,85.27823375347639,85.97538757324219,1758100
2023-04-10,85.48550579210418,86.03192138671875,85.32535172776488,86.03192138671875,1310600
2023-04-11,86.19206936892168,86.43701551260192,86.06017695023179,86.20149230957031,2008000
2023-04-12,86.71964997356832,86.80443488027159,85.96597281630397,86.0601806640625,2390200
2023-04-13,86.46527948717106,87.28490284343972,86.46527948717106,87.20953369140625,2465600
2023-04-14,87.06820857613029,87.47330873843937,86.5123773142349,86.95516204833984,1095600
2023-04-17,86.87980271810498,87.11532592773438,86.59717199151054,87.11532592773438,3195200
2023-04-18,87.50157480297148,87.53925937667633,87.01168972000336,87.27547454833984,1634700
2023-04-19,86.80443483905002,87.2472196296627,86.76675026244489,87.09648132324219,4394400
2023-04-20,86.61602238676686,87.10590752578007,86.49354571131481,86.77617645263672,1860500
2023-04-21,86.71964846701714,86.91748710015247,86.37107153000842,86.83269500732422,3061900
2023-04-24,86.76675342376825,86.96459206745483,86.54065314349764,86.8703842163086,2106400
2023-04-25,86.35222072120233,86.41816692299565,85.45722833961081,85.47607421875,3988400
2023-04-26,85.8435072262073,85.9094534413889,85.16519919142593,85.25940704345703,8732000
2023-04-27,85.81522725189562,86.76674296525682,85.72101941210482,86.71964263916016,5115500
2023-04-28,86.42759320782444,87.2283706665039,86.3899086325504,87.2283706665039,1619600
2023-05-01,87.20011083315394,87.47331861883578,87.07764135168192,87.11532592773438,923000
2023-05-02,86.79501358706472,86.79501358706472,85.57971292139182,86.13555145263672,1313600
2023-05-03,86.25801545594014,86.80443101122205,85.78696905054493,85.82465362548828,3964000
2023-05-04,85.74928663636685,85.83407872902545,85.2594015249544,85.51376342773438,2789300
2023-05-05,86.16381446464551,87.14359192829708,86.1355528280899,86.96459197998047,3620000
2023-05-08,87.13416598401663,87.13416598401663,86.75732740519939,87.00227355957031,1866500
2023-05-09,86.49354181344187,86.81385711834476,86.43701854276406,86.63485717773438,1514800
2023-05-10,87.01169366662809,87.11532445211749,86.14496999489658,86.8515396118164,6397000
2023-05-11,86.52180344878077,86.66311881307328,86.1355491198191,86.63485717773438,3497500
2023-05-12,86.74790770492146,86.78559227984843,85.9753918879128,86.38990783691406,1265300
2023-05-15,86.61602853662069,87.03054454903281,86.3899210524699,86.98344421386719,2903900
2023-05-16,86.64427764198342,86.80443169605786,86.27686201788428,86.2862777709961,3550100
2023-05-17,86.5689116259665,87.19069635855404,86.24860350622,87.09648132324219,2749100
2023-05-18,86.9928463910587,87.605208153429,86.8421152794155,87.52984619140625,4237500
2023-05-19,87.74652643306487,87.88784179640807,87.36968786001566,87.58637237548828,1909600
2023-05-22,87.7088387781651,87.97262361376056,87.50157721088362,87.71826171875,1831400
2023-05-23,87.26605939112825,87.37911312232589,86.58775856673684,86.61602020263672,3814000
2023-05-24,86.12613133517364,86.12613133517364,85.64566913045124,85.81523895263672,1917200
2023-05-25,86.28627257204064,86.4087492310927,85.79638749862447,86.16380310058594,1838200
2023-05-26,86.42759589912967,87.41679626498248,86.42759589912967,87.29432678222656,2216500
2023-05-30,87.4921635796674,87.53926390853871,86.6725402312497,86.93632507324219,4063500
2023-05-31,86.3710603111515,86.55947597892171,85.89059101446138,86.31453704833984,2274600
2023-06-01,86.45585349848797,87.5298459081093,86.33338402144938,87.34142303466797,5391900
2023-06-02,88.21757870858636,88.80167889496661,88.07626333586228,88.64151763916016,5408800
2023-06-05,88.66976733485264,88.82049842900192,88.2835058785758,88.40597534179688,4295300
2023-06-06,88.387148389562,88.90530231738718,88.29294054475683,88.8299331665039,5434000
2023-06-07,88.83278189633322,89.06119797159194,88.28079453358785,88.35692596435547,8882900
2023-06-08,88.46161952046077,89.08975286910564,88.35693062901996,88.99458312988281,3750500
2023-06-09,89.16588989081235,89.489468450292,88.9374738077832,89.11830139160156,3250700
2023-06-12,89.34670163562308,89.77497630444566,89.18491237141636,89.76545715332031,3086600
2023-06-13,90.31746209760617,90.61249046745299,90.14615366263382,90.46022033691406,4370100
2023-06-14,90.68862681798616,91.04076283104123,90.0033930958171,90.67910766601562,1349400
2023-06-15,90.64103506418182,91.89729442271742,90.56490363410786,91.70695495605469,2295700
2023-06-16,92.13522104193386,92.13522104193386,91.36433677391915,91.44047546386719,2292300
2023-06-20,90.77427473409973,90.88848277143215,90.26986860927246,90.60296630859375,4809700
2023-06-21,90.34601030217986,90.6410386655247,90.11760148091241,90.28890991210938,2768500
2023-06-22,89.95580922031142,90.31746440392463,89.84160843473744,90.30794525146484,1609700
2023-06-23,89.27057051962615,89.66076858530256,89.23250117597738,89.37525939941406,1995200
2023-06-26,89.4133314217776,89.70836705260724,89.20396089991182,89.22299194335938,1824500
2023-06-27,89.52753878604948,90.24132271617988,89.34671120023438,90.1651840209961,2984900
2023-06-28,89.93676562650633,90.33648284220999,89.8035265546051,90.1556625366211,1317500
2023-06-29,89.95580922031142,90.30794525146484,89.87015863113093,90.30794525146484,1937300
2023-06-30,91.04076517302175,91.44999432547083,90.97413836849952,91.30724334716797,2247800
2023-07-03,91.38338005813311,91.57372680850308,91.33579881628019,91.52613830566406,1508900
2023-07-05,91.05979586092602,91.221585143028,90.9170376221949,91.07882690429688,3163500
2023-07-06,90.05097991343793,90.08904925962385,89.44188489643398,89.95580291748047,2127100
2023-07-07,89.91773754094051,90.81234173011481,89.87966819614807,90.13662719726562,949000
2023-07-10,90.0033881266689,90.38407431363214,90.0033881266689,90.36503601074219,1066400
2023-07-11,90.66007860126739,91.1454464475733,90.43166251490332,91.07882690429688,725200
2023-07-12,92.09715537439457,92.35412164798353,91.95440440127338,92.17329406738281,3326100
2023-07-13,92.82998619515129,93.35342342076292,92.7728858006083,93.22018432617188,1997500
2023-07-14,93.305827896355,93.36292828215745,92.85852217827583,92.96321105957031,3898500
2023-07-17,92.82997431840766,93.36293062858496,92.75383562810087,93.20114135742188,4090700
2023-07-18,93.12500337234121,93.81023706832131,93.02983363922958,93.7245864868164,3427400
2023-07-19,93.83879089355469,94.07671886603377,93.68652076688052,93.83879089355469,6198500
2023-07-20,93.63893027876712,93.7721693596461,93.06790460914502,93.21066284179688,6185600
2023-07-21,93.51521365554278,93.57231404622796,93.2106661369125,93.25824737548828,2109400
2023-07-24,93.36293791296646,93.74362413321727,93.22969882502652,93.59134674072266,3472400
2023-07-25,93.63893063966032,94.09575553370983,93.62941148785075,93.8958969116211,4697300
2023-07-26,93.55328598829148,94.27658183000287,93.55328598829148,94.01962280273438,3511300
2023-07-27,94.72388659731102,94.72388659731102,93.25824936359982,93.42955780029297,3035900
2023-07-28,94.20994669616093,94.6001520096888,94.08622677920519,94.40980529785156,4202600
2023-07-31,94.50499425099196,94.70485287798977,94.36223601428337,94.59064483642578,2951900
2023-08-01,94.05767951333185,94.2289879288216,93.77216306718735,93.93395233154297,3209200
2023-08-02,93.03935871485604,93.10597825837452,92.23991693164865,92.38267517089844,5789100
2023-08-03,91.88779014118258,92.49688519812395,91.82117059623542,92.16378021240234,5379100
2023-08-04,92.51591759757967,93.06791227007908,91.86875318247353,91.97344207763672,2931100
2023-08-07,92.39219002376426,92.63011799111368,92.06860421245668,92.59204864501953,1602700
2023-08-08,91.80212339718315,92.15425939263629,91.34530577922865,92.05908966064453,2672500
2023-08-09,92.21136741107036,92.22088656335288,91.49758347058153,91.66889190673828,1622300
2023-08-10,92.32556311821335,92.98223931824238,91.62129116313184,91.81163787841797,3729100
2023-08-11,91.28820470110986,91.73551046074664,91.17400391889495,91.46903228759766,912800
2023-08-14,91.01221166839792,91.64986419677734,90.88849172816793,91.64986419677734,3811000
2023-08-15,91.23109730711309,91.25012834902621,90.39359350421934,90.5268325805664,4823700
2023-08-16,90.30794060044146,90.66958850444328,89.81305361280813,89.83208465576172,1946600
2023-08-17,90.17470819822692,90.25084689765363,89.13734564723565,89.24202728271484,2662700
2023-08-18,88.55679224316829,89.4038152250139,88.52823478789372,89.2039566040039,2441400
2023-08-21,89.45140639589052,89.81306159301215,88.99458871456,89.67030334472656,1641600
2023-08-22,90.08905795408494,90.08905795408494,89.37527398142902,89.47044372558594,1550800
2023-08-23,89.79401039967243,90.66007165691349,89.75594105486111,90.5268325805664,3203100
2023-08-24,90.62199954472571,90.77426965833594,89.35622109709725,89.37525939941406,1937400
2023-08-25,89.70835448525007,90.19372226551647,88.97553234793196,89.91773223876953,2030800
2023-08-28,90.43166021111693,90.73620772419156,90.30794027989413,90.61248779296875,2006900
2023-08-29,90.51732133988037,91.94488922063427,90.50780218759934,91.89730072021484,2711500
2023-08-30,91.96392061762957,92.28750644755657,91.77358113719185,92.12571716308594,1707600
2023-08-31,92.12571116520208,92.3065314815498,91.78309431393183,91.84019470214844,3860900
2023-09-01,92.5444661085439,92.68722435034661,91.84020131289925,92.09716033935547,2337800
2023-09-05,91.92584926431839,91.96391861177273,91.56420135498047,91.56420135498047,2095100
2023-09-06,91.43095961579681,91.50709830849574,90.64103701626246,91.03124237060547,1371400
2023-09-07,90.47925136756673,90.80283719401793,90.31746208483398,90.68862915039062,1748700
2023-09-08,90.71718067674657,91.03124735558931,90.59346074007478,90.72669982910156,1110400
2023-09-11,91.44048342205237,91.52613400995934,91.15496694039095,91.5071029663086,1015800
2023-09-12,91.14544448214379,91.52613069022259,91.03124370240998,91.0693130493164,1073700
2023-09-13,91.0788163121154,91.32626341307301,90.85992666437143,91.09785461425781,2860200
2023-09-14,91.6974358057069,92.05909095775046,91.4404767996101,91.93536376953125,1336300
2023-09-15,91.8116531613606,91.84972251075483,91.09786919743708,91.19303894042969,4235400
2023-09-18,90.98364658435781,91.288194069773,90.86944581544262,91.09785461425781,616000
2023-09-19,90.95511064731306,91.09786889181602,90.46973552039736,90.89801025390625,1716600
2023-09-20,91.19303764459244,91.38337712787298,90.26987590261156,90.30794525146484,1121300
2023-09-21,89.51802365975624,89.60368151093665,88.74713930406219,88.81375885009766,2613600
2023-09-22,89.18492027783574,89.4323674021376,88.70906433317053,88.75665283203125,1521300
2023-09-25,88.32836656450272,88.88036113070382,88.27126618213174,88.87084197998047,1647100
2023-09-26,88.22368718730038,88.39499561384018,87.46232205011212,87.57652282714844,4868200
2023-09-27,87.91914101756421,87.99527971073677,86.91032874647671,87.61459350585938,2563100
2023-09-28,87.54797134006463,88.4521019571676,87.38618206766213,88.15706634521484,2619000
2023-09-29,88.93747314379266,88.93747314379266,87.7097711963581,87.90962982177734,2476000
2023-10-02,87.70025202089644,87.83349110447358,87.0721186889024,87.51942443847656,1748700
2023-10-03,86.9483840633453,87.21486218546578,86.0728110160968,86.34880828857422,1968800
2023-10-04,86.41544606444388,86.85323268050028,85.98717133976847,86.7199935913086,1850900
2023-10-05,86.84371118227054,87.08163915811237,86.31075483990021,86.93888092041016,8876300
2023-10-06,86.5962644038839,88.28079854579602,86.26316668855782,88.01432037353516,5040300
2023-10-09,87.4147342415986,88.43306565711848,87.34811470080703,88.32837677001953,3179700
2023-10-10,88.7376115306985,89.51801496314943,88.63292264552952,89.07070922851562,4807300
2023-10-11,89.45140738279152,89.56561543487726,88.89941995017601,89.4799575805664,1612800
2023-10-12,89.57512698125888,89.57512698125888,88.35692964541656,88.79472351074219,2831800
2023-10-13,88.94699728461659,89.1658942262497,87.95721599298828,88.29031372070312,5099400
2023-10-16,88.59485267228477,89.25153617260436,88.53775228477357,89.0992660522461,4269600
2023-10-17,88.41403368072633,89.54656586222242,88.39499537728102,89.13733673095703,5424200
2023-10-18,88.65196793442895,88.75665682784722,87.65266750124941,87.86204528808594,5959300
2023-10-19,87.7954237516258,88.21417931579937,86.92936242771877,87.0721206665039,2798500
2023-10-20,86.8722634020093,86.97695229469812,86.02524036915291,86.03475952148438,3277000
2023-10-23,85.64454621859943,86.63432740086043,85.33999872105643,85.96813201904297,3015100
2023-10-24,86.3297819118739,86.79611868999595,86.08233479530524,86.59626007080078,1578300
2023-10-25,86.23462084546081,86.23462084546081,85.38759778617329,85.4922866821289,2571200
2023-10-26,85.19725209734506,85.38759884735087,84.4073366830257,84.61671447753906,2376400
2023-10-27,85.1020793244418,85.14966782549631,84.07422869394516,84.3121566772461,2660100
2023-10-30,85.03545316546362,85.47323974936782,84.74042481263335,85.29241943359375,2524900
2023-10-31,85.43518296214526,85.71118031319543,84.98788442180845,85.67311096191406,3220000
2023-11-01,85.87297152613279,86.65337502635793,85.7397251744489,86.52964782714844,6827900
2023-11-02,87.62410741929736,88.29030279226642,87.53845684033777,88.24272155761719,2577500
2023-11-03,88.88989555093092,89.52754080022314,88.88989555093092,89.26106262207031,3144100
2023-11-06,89.45139712810523,89.5275358207672,88.99457949410419,89.33719635009766,2623400
2023-11-07,89.09927233728561,89.43237005623958,88.83278690113674,89.28961181640625,3239700
2023-11-08,89.32768450011662,89.51802398634493,88.86134767616704,89.27058410644531,2046600
2023-11-09,89.59415197084851,89.67029066062895,88.67099032496964,88.73760986328125,12563900
2023-11-10,88.96602797196232,89.80353179578975,88.59485366602061,89.75594329833984,2003700
2023-11-13,89.42284264675382,89.98435640198565,89.32767291598141,89.77497863769531,3011000
2023-11-14,91.1359283020494,91.95440106955432,90.95510072800047,91.73550415039062,3893200
2023-11-15,92.03053880554435,92.33508632634774,91.7926108280109,91.92584991455078,4183700
2023-11-16,91.71647906428484,92.0019882797086,91.46903193546241,91.8592300415039,2122600
2023-11-17,92.13522405349404,92.35412097900327,91.94488458338759,92.26846313476562,4134900
2023-11-20,92.21136935224143,93.09646174751936,92.21136935224143,92.91563415527344,3102200
2023-11-21,92.82046013021211,92.82046013021211,92.51591261368516,92.6681900024414,3352300
2023-11-22,92.89659018836817,93.10596794795022,92.62059289264498,92.92514038085938,3275500
2023-11-24,93.00128669762405,93.17259512760968,92.93466715601772,93.15355682373047,774500
2023-11-27,92.99176325144329,93.05838278997322,92.82045482936847,92.90611267089844,8016600
2023-11-28,92.87756017312233,93.29631572965025,92.7157708939131,93.05838775634766,6387600
2023-11-29,93.41051377031016,93.58182218318726,92.98223910762508,93.04885864257812,4086800
2023-11-30,93.16307663767203,93.38197356792568,92.86804827431692,93.28679656982422,3946800
2023-12-01,93.10597890003619,94.07672186385062,93.05839039962974,93.98155212402344,5299500
2023-12-04,93.20114997116941,93.56279789207285,93.02032238022477,93.40100860595703,3605500
2023-12-05,93.07743333981439,93.43908127356349,92.94419424522336,93.22018432617188,2374800
2023-12-06,93.83878688509992,93.83878688509992,92.9822447685665,93.03935241699219,3211000
2023-12-07,93.4010109144685,93.7531469526468,93.19163312209146,93.6389389038086,2923200
2023-12-08,93.39147921218748,94.04816269803875,93.39147921218748,93.94347381591797,2459800
2023-12-11,93.77217465289158,94.33368846342243,93.71507426100177,94.27658081054688,4661300
2023-12-12,94.17188695610339,94.60968080747672,93.92444709696153,94.58112335205078,3356200
2023-12-13,94.66678911017684,95.93256775008298,94.3907917725366,95.88497924804688,6968900
2023-12-14,96.43696627445463,96.77958313117927,96.01821072490556,96.50358581542969,3648600
2023-12-15,96.36082324468012,96.50358147205444,96.01820640337579,96.09434509277344,2759200
2023-12-18,96.44648245857144,96.6558602426663,96.27518128356917,96.52262115478516,2490300
2023-12-19,96.82717132595997,97.23640775306527,96.76055178019797,97.21737670898438,8803800
2023-12-20,97.0655662032087,97.37300906115449,95.84540442230333,95.86461639404297,8277200
2023-12-21,96.65244758250856,97.10400592283408,96.33539504610768,97.0655746459961,4268500
2023-12-22,97.18085702817332,97.48829987664243,96.84459255797518,97.20967864990234,3520000
2023-12-26,97.42105611894348,97.84378549397312,97.32498159416477,97.68045806884766,3021300
2023-12-27,97.72848799881496,98.02632119111858,97.61319418404473,97.95906829833984,3906000
2023-12-28,98.12239570508599,98.26651114104489,97.91103470636392,97.95906829833984,3909100
2023-12-29,97.96867612977326,98.14161318370994,97.49790588906279,97.77651977539062,3341500
2024-01-02,97.04635036412677,97.25771869491935,96.64282567351562,96.94066619873047,4067100
2024-01-03,96.33539316071575,96.59480244179103,96.01834796053637,96.17206573486328,3666800
2024-01-04,96.05676578286311,96.6716514540824,95.99911521180071,96.06636810302734,2677000
2024-01-05,96.0471707414293,96.77735033581808,95.94148656342502,96.1528549194336,3524100
2024-01-08,96.18166835941051,97.31536526605787,96.15284673695594,97.30575561523438,7516600
2024-01-09,96.53716045165218,97.06557401218672,96.46990755012901,96.86381530761719,4043600
2024-01-10,96.9598772581387,97.45947645895433,96.87341239454497,97.31536102294922,7878600
2024-01-11,97.48831199512615,97.64202977346106,96.46990880735547,97.267333984375,5916000
2024-01-12,97.7285026122728,97.96869259811498,97.29615623974686,97.4690933227539,3336100
2024-01-16,96.83499167516514,97.01753840266497,96.29696847413365,96.614013671875,5238500
2024-01-17,95.68207305688941,95.91266070600493,95.36502786688386,95.87422943115234,13827200
2024-01-18,96.22010105817243,96.76773388297016,95.97030144317222,96.71009063720703,5332200
2024-01-19,96.85420396172121,97.69967737181322,96.61401398476623,97.68045806884766,3887700
2024-01-22,97.87261401500238,98.14162561519805,97.69006728771974,97.83418273925781,17480900
2024-01-23,97.8245737246737,98.0647637021287,97.60359572020788,98.03594207763672,12402400
2024-01-24,98.91021977507856,99.02551359139609,98.30494373194672,98.36258697509766,5796800
2024-01-25,98.72769387741832,98.76612515477237,98.28574518287175,98.75651550292969,4227600
2024-01-26,98.86218347289729,99.08315411893008,98.67002711763456,98.84296417236328,4609900
2024-01-29,98.86219439686367,99.54433304088573,98.73729091963759,99.49629211425781,5161200
2024-01-30,99.24650478928717,99.43865384538755,99.11199898401358,99.33296966552734,2354400
2024-01-31,99.05434865688187,99.25610736530903,98.02633581107685,98.0455551147461,7041000
2024-02-01,98.37220195600658,99.26570892333984,98.22808651030455,99.26570892333984,11843600
2024-02-02,99.07356116749315,99.90941756937784,98.92944571992182,99.66922760009766,5939800
2024-02-05,99.40982321093034,99.55393865495343,98.78532784017423,99.28491973876953,3258400
2024-02-06,99.56354099172897,99.86138153076172,99.4290351986236,99.86138153076172,5034200
2024-02-07,100.03432570331175,100.4570550845208,99.97667512358868,100.37059020996094,2348400
2024-02-08,100.33215216380844,100.40901471157542,100.12078382245726,100.35136413574219,4335400
2024-02-09,100.47627722560442,100.94704754820965,100.39941467048043,100.889404296875,3663800
2024-02-12,100.83175075479637,101.41781489287897,100.83175075479637,101.01429748535156,3071700
2024-02-13,99.62119653717846,99.85177686114555,98.8621953353531,99.40982818603516,3387200
2024-02-14,100.07274980431983,100.57234170265998,99.76529961455239,100.50508880615234,2691600
2024-02-15,100.72606204793787,101.33134546202878,100.69724042441281,101.31212615966797,3224900
2024-02-16,101.33134374167527,101.60996498104748,100.84135416001958,101.06233215332031,2704600
2024-02-20,101.03350287562967,101.119967738186,100.38018592625833,100.77409362792969,3328500
2024-02-21,100.54352316680269,100.8221444123218,100.19764902271112,100.80292510986328,4057800
2024-02-22,101.91741285760297,102.68601638642872,101.86937193016918,102.54190826416016,4529700
2024-02-23,102.7532669678553,102.90699206816096,102.40739282218377,102.58032989501953,1867900
2024-02-26,102.57073127074207,102.66680579688784,102.22485711260414,102.30171966552734,2002300
2024-02-27,102.34974627915564,102.53229299738699,102.17680921188804,102.50347137451172,5568300
2024-02-28,102.04230722126549,102.21524429497791,101.92701339545178,102.07112884521484,4609100
2024-02-29,102.5419046634463,102.65719115721292,101.93662125110706,102.46504211425781,4878200
2024-03-01,102.72443325146989,103.52186562289634,102.55149619899204,103.4546127319336,3603700
2024-03-04,103.31049771170368,103.59872857698754,103.22403285012774,103.30088806152344,3548200
2024-03-05,102.99345564739244,103.15679039692202,102.07112704717886,102.46504211425781,3913600
2024-03-06,103.41619182766101,103.67560109738825,103.02228409254172,103.2624740600586,2515400
2024-03-07,103.89657518954009,104.48263931601282,103.75245973827336,104.3385238647461,2188000
2024-03-08,104.54990042724658,104.93420588413564,103.6660030074136,103.82933044433594,3063100
2024-03-11,103.47382737426959,103.72362697430283,103.13756291077226,103.6179428100586,1490700
2024-03-12,104.05990060337213,104.72282726838267,103.54108938684426,104.6651840209961,2195700
2024-03-13,104.60752537993464,104.78046243877976,104.30008253421171,104.53067016601562,2082800
2024-03-14,104.67478888592035,104.67478888592035,103.56992085740829,104.1175537109375,3938900
2024-03-15,103.73325731023033,103.95422800315728,103.32973987356779,103.58914184570312,2241000
2024-03-18,104.28087529445675,104.39616911558959,103.94461081200593,104.0118637084961,1913200
2024-03-19,103.82931269540823,104.4634176903817,103.60833471321624,104.37694549560547,3858000
2024-03-20,104.41538138368962,105.47221575868328,104.30969721318866,105.43378448486328,2954100
2024-03-21,105.93338689998905,106.039071073668,105.62594403020015,105.66437530517578,4229400
2024-03-22,105.58751073851278,105.65476363593157,105.33771112095039,105.4145736694336,1712000
2024-03-25,105.15516037048057,105.42417927986101,105.13594839910415,105.20320129394531,871600
2024-03-26,105.50104597996409,105.57790853386842,105.03988531657127,105.05909729003906,1940300
2024-03-27,105.54907652093628,105.82769775390625,105.20320239242294,105.82769775390625,1268500
2024-03-28,105.77965768647518,106.01984764822014,105.74122641299408,105.80847930908203,986300
2024-04-01,105.91415409401482,106.0486598742727,105.32809005288469,105.55867767333984,1857200
2024-04-02,104.77086143237554,104.97262011522278,104.59792437136137,104.93418884277344,1836400
2024-04-03,104.76126140216252,105.45300970974361,104.74204209916505,105.18399810791016,2473600
2024-04-04,106.11591634071917,106.11591634071917,104.0598909674678,104.12714385986328,2584200
2024-04-05,104.29049246909172,105.27046436436191,104.14637701478291,104.94380950927734,4344700
2024-04-08,105.24163458069957,105.3857500238359,105.03026624143507,105.1647720336914,1934900
2024-04-09,105.61632991004038,105.65476118338988,104.50184497295236,105.31849670410156,1983600
2024-04-10,104.03108150774005,104.5306807639519,103.7044266579231,104.1175537109375,7321600
2024-04-11,104.4345889772803,104.9534001570755,103.66598552315143,104.73242950439453,1702100
2024-04-12,103.84853467739852,104.15598488400477,102.83013152307264,103.11836242675781,3319500
2024-04-15,104.01186932749913,104.04069095183537,101.91741244220809,102.11917114257812,5107700
2024-04-16,101.75407567098848,102.11916176240643,101.2929077339202,101.58113861083984,2512400
2024-04-17,102.1095604332205,102.13838205725813,100.87017928948822,101.2064437866211,2289800
2024-04-18,101.37937733672949,101.87897656940245,100.87017578305532,101.06233215332031,1116500
2024-04-19,100.95664689245076,101.25448010062665,100.19764573063277,100.43783569335938,4029600
2024-04-22,100.92782427817113,101.8981864404419,100.668415016166,101.45623779296875,2442700
2024-04-23,101.78290054956072,102.70522912319458,101.74446927607399,102.58993530273438,2936800
2024-04-24,102.84935539859163,102.92621062364373,102.0999564816958,102.53230285644531,2191900
2024-04-25,101.24487097169282,102.36896557386085,100.98546903581772,102.21524047851562,2621100
2024-04-26,102.83012498575458,103.38736745477773,102.72444081645654,103.16638946533203,2381300
2024-04-29,103.51225864581436,103.69480535314814,103.15678221155243,103.6179428100586,1799800
2024-04-30,103.23364860520654,103.43541463517249,102.05191802978516,102.05191802978516,2361000
2024-05-01,102.05191717629626,103.24325739318498,101.6483997797718,101.78290557861328,2208200
2024-05-02,102.76287080281898,103.20481944615943,101.92700710975276,103.05110168457031,2099800
2024-05-03,104.13676251192797,104.39617178360248,103.61795129859507,104.1751937866211,3358900
2024-05-06,104.65557701432255,105.11674499511719,104.57871446252071,105.11674499511719,1740500
2024-05-07,105.26084007226612,105.39534585624186,105.01104780489145,105.14555358886719,2224000
2024-05-08,104.62676046941105,105.15517404616568,104.62676046941105,105.08792114257812,564100
2024-05-09,105.15516325449514,105.73162503181904,105.0302671120835,105.72201538085938,925400
2024-05-10,106.13514284528523,106.23121736522616,105.69319418954414,105.85652160644531,856100
2024-05-13,106.25042955370624,106.25042955370624,105.76044730200431,105.92377471923828,787900
2024-05-14,106.03906402989905,106.56747753317713,106.0198447286798,106.50983428955078,1106900
2024-05-15,106.99022147006797,107.77804428323053,106.85571567245603,107.7300033569336,2645100
2024-05-16,107.77803715115283,107.95097421235516,107.48020395186605,107.50902557373047,2796900
2024-05-17,107.50902759858322,107.7684295302645,107.42255540134555,107.75882720947266,1785100
2024-05-20,107.77803939814618,108.0758726036423,107.68196487992316,107.82608032226562,3488600
2024-05-21,107.52824624090918,107.86451073988125,107.49942461671391,107.84529876708984,1540800
2024-05-22,107.60510931777698,107.67236221789993,106.95179228943267,107.33609771728516,2051000
2024-05-23,108.07586403955776,108.07586403955776,106.39453444883029,106.6251220703125,1731900
2024-05-24,106.99982646535769,107.47059673651442,106.8749229944272,107.3168716430664,927600
2024-05-28,107.58590073812582,107.61472236337092,106.87493310866927,107.34571075439453,2290800
2024-05-29,106.32730081520623,106.47141627222936,106.17358303639377,106.26004791259766,5467500
2024-05-30,106.18318451592137,106.42337449904915,105.76045513002775,105.99103546142578,4292300
2024-05-31,106.15436212672323,106.74042626773824,105.27046475437865,106.7212142944336,1879700
2024-06-03,107.20159063780906,107.27845318846563,106.09671529467374,106.93257904052734,3648700
2024-06-04,106.55788707703206,106.91336355899514,106.16397198835061,106.78846740722656,1941400
2024-06-05,107.43217013619454,108.01823425292969,106.97100216580668,108.01823425292969,2322800
2024-06-06,108.33528497013334,108.33528497013334,107.78765213755263,108.12391662597656,2458000
2024-06-07,107.99902641292708,108.1335322156836,107.5090368000189,107.58589935302734,2217600
2024-06-10,107.43216855805476,107.98941104283301,107.2304098646039,107.90293884277344,8037900
2024-06-11,107.58807833668519,107.71402299494663,106.8808324457039,107.6849594116211,8451800
2024-06-12,108.90567496932918,109.28351631248009,108.48907972027155,108.72159576416016,3698100
2024-06-13,108.78941224514729,108.83784908341877,107.90777752491708,108.38250732421875,4186700
2024-06-14,107.82059378370998,108.17906188964844,107.59776066022344,108.17906188964844,1931500
2024-06-17,108.01434932898484,109.06068260811924,107.91746826052092,108.8669204711914,999300
2024-06-18,108.8669174780228,109.31257629394531,108.8669174780228,109.31257629394531,2895100
2024-06-20,109.45790297073366,109.55478403775741,108.71190323239227,109.0897445678711,3286100
2024-06-21,108.77972272647246,108.9153577011198,108.44063528985413,108.65377807617188,1650500
2024-06-24,108.7700370152876,109.53541005700247,108.75066375732422,108.75066375732422,3223300
2024-06-25,108.8572295197882,109.14788011505732,108.66346738397658,109.0800552368164,2770300
2024-06-26,108.70222011708084,109.07037854435873,108.55690220268389,108.95411682128906,2970100
2024-06-27,109.08006751272961,109.30290064638723,108.83786111993125,109.10913848876953,3234100
2024-06-28,109.35132997399374,109.7872984649754,108.58595699010584,108.89598083496094,3997400
2024-07-01,109.2931980211402,109.35133257512503,108.66346738397658,109.0800552368164,2068200
2024-07-02,108.84754442342617,109.67104462750541,108.79910758292272,109.66136169433594,1170400
2024-07-03,109.83575515740897,110.51393008512706,109.83575515740897,110.45580291748047,692700
2024-07-05,110.47517594625604,111.14366793900999,110.37829486986257,111.08554077148438,1694400
2024-07-08,111.22117575674571,111.34712041690199,110.88208090204004,111.08554077148438,1788900
2024-07-09,111.22117110261,111.28898859240279,110.94021081873929,111.05646514892578,2000600
2024-07-10,111.41493146260761,112.27718555825494,111.41493146260761,112.18999481201172,1685800
2024-07-11,112.47095717439674,112.75191747743507,111.63777398219494,111.7540283203125,3787400
2024-07-12,112.08342781168751,113.16850767353908,112.08342781168751,112.56784057617188,1776500
2024-07-15,112.79066368184193,113.04256038314212,112.16092562436748,112.45157623291016,2661300
2024-07-16,112.6065948652974,113.11038088978262,112.5000234654261,113.05225372314453,12654900
2024-07-17,112.02528925508803,112.31593986002511,111.56994748162944,111.6280746459961,2736900
2024-07-18,112.13185758663538,112.13185758663538,110.31046836791725,110.67861938476562,3432400
2024-07-19,110.55267794752412,110.74644009011672,109.7969952432402,109.9520034790039,3837400
2024-07-22,110.736762983226,111.14366793900999,110.44611236249324,111.08554077148438,1556400
2024-07-23,110.92082252792952,111.18240953593225,110.63986226341436,110.70767974853516,1374100
2024-07-24,109.9616893299829,110.01013355943616,108.40187975344932,108.52782440185547,2834000
2024-07-25,108.13060918701302,109.49664922943721,107.65588678561542,107.97559356689453,3338200
2024-07-26,108.83785267804915,109.66136026293121,108.70221769992662,109.25444793701172,1745200
2024-07-29,109.39009333265486,109.52572831452933,108.79910917239371,109.1575698852539,1641400
2024-07-30,109.38039758309988,109.62260395179959,108.20811964557949,108.78941345214844,2305300
2024-07-31,110.24265487886163,111.11459930991558,110.08763925042892,110.57205200195312,2361800
2024-08-01,110.4267279967235,110.84332323570992,107.99497404861435,108.60533142089844,2101500
2024-08-02,107.07458816983349,107.35554844437321,105.83449274534905,106.69674682617188,3615000
2024-08-05,102.02700198247678,104.86566074114306,102.02700198247678,103.89683532714844,6906000
2024-08-06,103.93560346647014,105.8345006510002,103.6255795871908,104.60409545898438,4126700
2024-08-07,106.14451492593348,106.56111016897806,104.29406214279473,104.41031646728516,10883700
2024-08-08,105.35977987283371,106.75489104748112,105.03038272968222,106.60956573486328,2609100
2024-08-09,106.5029880964996,107.29742471520746,106.2220278129679,107.08428192138672,1569500
2024-08-12,107.3361778257567,107.60744778258719,106.75488400518397,107.16178894042969,3017000
2024-08-13,107.78183942525543,108.89599025492805,107.71402193431287,108.80879211425781,4334700
2024-08-14,109.01224338860872,109.28352074094873,108.53752095722982,109.09944152832031,1621100
2024-08-15,110.1360854946569,110.85301431037817,110.12639516981478,110.8336410522461,859700
2024-08-16,110.69800186972843,111.31804958815451,110.64955763890846,111.2211685180664,2234700
2024-08-19,111.61839068197654,112.34500984417359,111.45369211251777,112.33531951904297,2268800
2024-08-20,112.2578119014309,112.48063762429449,111.7733991576643,112.05435943603516,1776200
2024-08-21,112.37407123161275,112.7906665054586,112.06404735746365,112.63565826416016,2689000
2024-08-22,112.90692641287474,113.0231881356415,111.55056921347075,111.74433135986328,2864100
2024-08-23,112.48063582347632,113.33320696944905,112.39344507893915,113.25569915771484,2086800
2024-08-26,113.2556912890237,113.35257235118456,112.58719939447673,112.83909606933594,2118100
2024-08-27,112.79065785029005,113.19756276797021,112.51938790516994,113.06192779541016,1466500
2024-08-28,112.98442655028542,113.0134901311141,111.87996612948614,112.44187927246094,1113400
2024-08-29,112.81004253784072,113.47852710037841,112.37406663195763,112.53877258300781,2105900
2024-08-30,112.96504776937125,113.4397701777073,112.29656322460669,113.33320617675781,1105300
2024-09-03,112.75191345213788,112.75191345213788,110.7076909756218,111.16304016113281,1730100
2024-09-04,110.69800706332313,111.48275337687194,110.57205501390267,110.8239517211914,1663000
2024-09-05,110.8433319773195,111.34711799855523,110.24265749024225,110.68831634521484,1311900
2024-09-06,110.68831599402637,110.99833986569985,108.62472029115777,108.80879211425781,1865700
2024-09-09,109.70979171147113,110.24264866473258,109.37070428282819,109.93262481689453,1101500
2024-09-10,110.13608308657967,110.1651466689184,109.12850368004247,110.08763885498047,1075800
2024-09-11,110.06826638458054,111.24054436045708,108.57627421758713,111.05646514892578,2528100
2024-09-12,111.24054514238809,112.10279925790825,110.83364020077113,112.0252914428711,1991300
2024-09-13,112.29656839087274,112.76160049631592,112.16092601927043,112.58721160888672,1015100
2024-09-16,112.70347673580595,113.03287387114997,112.33531830035994,112.97474670410156,3171800
2024-09-17,113.31382387612041,113.47852242883859,112.46126014009255,112.85847473144531,1563900
2024-09-18,112.91661393317534,113.93387626379875,112.41282053858403,112.53877258300781,1133600
2024-09-19,114.50548895164957,114.87363998307441,113.8854412189593,114.54424285888672,2830700
2024-09-20,114.17608845576746,114.32141376513529,113.62385819341152,114.08889770507812,2584000
2024-09-23,114.48611028886772,114.67018950355038,114.26328455782759,114.52486419677734,1127100
2024-09-24,115.02864795652312,115.34835473473608,114.57329881623153,115.30960083007812,1765900
2024-09-25,115.29992513067751,115.39680620262426,114.72831424055325,114.8251953125,2631200
2024-09-26,116.17186693275795,116.44313688469182,115.69713712532185,116.10404205322266,1331600
2024-09-27,116.24936655073407,116.49157291922388,115.6293188387243,115.83277130126953,1619200
2024-09-30,115.70682025880356,115.91027271010978,114.93175696583107,115.82308197021484,3410500
2024-10-01,115.72619769035252,115.85214973014695,114.48610229009475,115.08677673339844,2631100
2024-10-02,114.99958700907537,115.4743168388547,114.62174564516263,115.3580551147461,5192700
2024-10-03,114.7670725969984,115.16429461639743,114.44735839478244,114.78645324707031,1287800
2024-10-04,115.5227484738832,115.85215298156929,114.93176433818178,115.7552719116211,907200
2024-10-07,115.62932309121163,115.658386673851,114.7089418137223,115.02865600585938,2220200
2024-10-08,115.01897086958492,115.42587582799538,114.8445819743301,115.32899475097656,1346100
2024-10-09,114.9995839977974,115.91028233392093,114.91239325066317,115.8037109375,1163000
2024-10-10,115.6002560867438,115.87152603875083,115.24178799784774,115.68745422363281,653800
2024-10-11,115.6002529042263,116.54001477748712,115.6002529042263,116.41407012939453,1093800
2024-10-14,116.50127126572148,117.16007292904006,116.39469986492347,117.0147476196289,634100
2024-10-15,116.82098936950361,116.91787044849575,115.54213990877078,115.79402923583984,925500
2024-10-16,115.84246844670851,116.34625447054859,115.78434128014487,116.25906372070312,1476600
2024-10-17,116.72410845816992,116.84036279650647,116.19125143561898,116.21062469482422,2363200
2024-10-18,116.85973799147978,116.99537297424176,116.54002379287559,116.88880157470703,996400
2024-10-21,116.25906391706853,116.68534951672783,115.85215896733133,116.3268814086914,2487700
2024-10-22,115.78433847213141,116.29781480846327,115.6680767502715,116.07498168945312,5334000
2024-10-23,115.77465383429276,115.77465383429276,114.41829657884412,115.04803466796875,3230000
2024-10-24,115.54213090724632,115.56150416491442,114.84457536636322,115.31929779052734,3242300
2024-10-25,115.79401961471162,116.19124161459318,115.04802723774759,115.1158447265625,3116100
2024-10-28,115.77464938257094,115.92966501337128,115.63901440139671,115.71652221679688,1559300
2024-10-29,115.53243518418209,115.89090326248363,115.2514749160352,115.64869689941406,1370800
2024-10-30,115.19335031396096,115.7746441199348,115.00927110864107,115.13521575927734,1196100
2024-10-31,114.4957939814567,114.52485756281733,113.3428893104731,113.4010238647461,2210200
2024-11-01,114.05982346219169,114.63142692965376,113.75948254648556,113.83699035644531,1897000
2024-11-04,114.13733376167127,114.40860372846312,113.54634959478092,113.817626953125,1935700
2024-11-05,114.1663968651528,115.16429336958865,114.15671393177396,115.14491271972656,1754700
2024-11-06,115.99748585143327,116.66597045178267,115.44525558598691,116.52064514160156,3767200
2024-11-07,117.37321070820892,118.06107592566534,117.29570289429924,117.82855987548828,1079800
2024-11-08,117.49915115075764,117.70260361131444,117.23757152762796,117.5185317993164,1200400
2024-11-11,117.8285624624098,117.92544353614794,117.32476905248814,117.66385650634766,1885300
2024-11-12,117.31507515411505,117.34414612774788,116.2687492414424,116.79191589355469,1440800
2024-11-13,116.69502217833804,116.8984820268498,116.14279196900279,116.55938720703125,2627600
2024-11-14,116.65628170885248,116.85973417635333,115.91997226107416,116.01685333251953,1081900
2024-11-15,115.61962689200195,115.61962689200195,114.63142817471248,114.94145202636719,2126900
2024-11-18,115.0770932371053,115.71652162355035,114.8542675084123,115.51306915283203,2145700
2024-11-19,114.77675508259881,115.98778692504786,114.5733026200536,115.83277130126953,2115400
2024-11-20,115.79401739532494,115.83277130126953,114.82519192136571,115.83277130126953,1851000
2024-11-21,116.21061086855909,116.5206347198254,115.39680103081693,116.26874542236328,3615000
2024-11-22,116.26874563747982,116.77253162488778,116.21061108356807,116.68534088134766,2370400
2024-11-25,117.54759616326798,117.65416755639565,116.68534208545445,117.09224700927734,1392500
2024-11-26,117.26663970947266,117.41196501315791,116.85004444773598,117.26663970947266,1691500
2024-11-27,117.39258615582672,117.63479253514873,116.86941948950489,117.179443359375,1367900
2024-11-29,117.31507532265404,118.11920225529028,117.22788457628602,117.973876953125,1756600
2024-12-02,118.09982439482852,118.36140401528952,117.83823738281588,118.22576904296875,2306100
2024-12-03,118.30328408676887,118.52610981568374,118.07076803308098,118.43891906738281,1195800
2024-12-04,118.83613325360967,119.12677645369992,118.66174437693489,119.06864929199219,2090600
2024-12-05,119.15584786736723,119.42711782857093,118.85551432339916,119.136474609375,2185900
2024-12-06,119.35929973953849,119.5336886268021,119.12678368703769,119.28179931640625,1442500
2024-12-09,119.70808539155937,119.72746604228182,118.91364871764699,119.00084686279297,4113700
2024-12-10,119.05895972838812,119.05895972838812,118.1676420826019,118.29358673095703,2371900
2024-12-11,118.88457790616354,119.29148284796908,118.80707009109047,119.136474609375,3039700
2024-12-12,118.88456782245613,119.0686470197532,118.37109152636584,118.39046478271484,2622700
2024-12-13,118.68112261736117,118.79738433721033,117.99325740591208,118.25483703613281,2132600
2024-12-16,118.39047602539794,118.75863445495341,118.30328527622038,118.4970474243164,8437000
2024-12-17,118.10220207517824,118.24880511273048,117.81877898086155,118.04356384277344,5852200
2024-12-18,118.01424548030485,118.29767603297199,114.36875039287196,114.53490447998047,6811200
2024-12-19,115.54155708441678,115.73702281418693,114.5055752948636,114.54466247558594,4804800
2024-12-20,113.8507575064777,116.3429867485623,113.72370551878083,115.44383239746094,4712000
2024-12-23,115.22881414245558,116.25502046822369,114.88674536719952,116.15728759765625,3194700
2024-12-24,116.25501756964273,117.15417934344849,116.20615486384735,117.13462829589844,825400
2024-12-26,116.79256680697459,117.46693631521656,116.71437752498183,117.23236846923828,1489200
2024-12-27,116.69483136523267,116.7143749570307,115.67839309131149,116.34298706054688,3466700
2024-12-30,115.23858430583275,115.73702415950235,114.57399037773355,115.15061950683594,2461700
2024-12-31,115.59042667283954,115.69793506757792,114.62285857673417,114.83787536621094,5077300
2025-01-02,115.33632253229958,115.67839130754155,113.99735909030663,114.61308288574219,4057000
2025-01-03,115.14084126823609,115.95203820450868,114.90628090400843,115.80543518066406,2191900
2025-01-06,116.82188171866977,117.37896728387072,116.3332099086149,116.60686492919922,3330900
2025-01-07,117.10531194257725,117.1835012215415,115.14084918370543,115.48292541503906,15707400
2025-01-08,115.13108628692848,115.6979399435274,114.76946644788298,115.4926986694336,2782700
2025-01-10,114.78900012755717,114.78900012755717,113.4109495614896,113.73347473144531,4178300
2025-01-13,112.66817085186808,113.73347927063736,112.4433859958656,113.71392822265625,2217500
2025-01-14,114.34920290547326,114.3980730688181,113.38163481487354,114.03645324707031,1798300
2025-01-15,115.68816846096801,116.12797011296777,115.37541879683613,115.8934097290039,2160000
2025-01-16,116.18660589623464,116.29411429006491,115.70770961424343,115.9031753540039,4808300
2025-01-17,116.72414268955754,117.15417624580992,116.5482205489579,116.89028930664062,1391100
2025-01-21,117.67217238520549,118.22925794582696,117.34964720365095,118.219482421875,2330400
2025-01-22,118.93294378034007,118.9427118475254,118.56154844418208,118.6495132446289,2224100
2025-01-23,118.5420097099324,119.30433654785156,118.48337147825866,119.30433654785156,2041900
2025-01-24,119.52912349329907,119.7050456369566,119.1088654532583,119.2945556640625,1253100
2025-01-27,117.06622375149334,118.00447278112622,117.06622375149334,117.86764526367188,5934800
2025-01-28,117.96536825812407,118.79611627434707,117.52556662550941,118.6495132446289,1527600
2025-01-29,118.49313419147126,118.72770202064703,117.85785936973154,118.29766845703125,1495600
2025-01-30,118.90362986403889,119.63663758813617,118.66906202361885,119.20660400390625,2623100
2025-01-31,119.57798191414552,120.00801546246457,118.35630247600236,118.44426727294922,2871000
2025-02-03,116.67526853043698,117.94581810862343,116.22569139909669,117.48646545410156,3330800
2025-02-04,117.81877300663123,118.68860820705018,117.74058372969608,118.5517807006836,2030500
2025-02-05,118.67884078050895,119.17728813430375,118.20971254343027,119.12841796875,2394500
2025-02-06,119.50957553804211,119.56821376859853,118.96226550207562,119.53889465332031,1145200
2025-02-07,119.79300443682996,119.97870210643147,118.48336759543372,118.58110046386719,2692700
2025-02-10,119.39229907692929,119.54867017725971,119.05022284791023,119.53889465332031,1794500
2025-02-11,119.18704583191231,119.71481225650311,119.00135562335349,119.55844116210938,2912800
2025-02-12,118.67883302900053,119.71481485351951,118.40517801547023,119.45093536376953,1542000
2025-02-13,119.92983811474649,120.8387680053711,119.49980452366465,120.8387680053711,1946800
2025-02-14,121.21015298099314,121.21015298099314,120.73125669301146,120.81922149658203,1850600
2025-02-18,121.04401006999382,121.3372161488424,120.85831984616068,121.31766510009766,1465600
2025-02-19,120.88762812571719,121.24924047313452,120.70193046199066,121.17105865478516,1712200
2025-02-20,121.17106741536504,121.23948117170428,120.40873311489031,121.00491333007812,1265200
2025-02-21,121.08310296852744,121.08310296852744,119.19682944498092,119.36297607421875,1722500
2025-02-24,119.62686125508947,119.78323235777198,118.56155282587062,118.72770690917969,3654200
2025-02-25,119.25546410649605,119.27501515437405,117.76990509898808,118.54200744628906,3115400
2025-02-26,119.15772357846312,119.70504103577103,118.34652664408172,118.76678466796875,1515300
2025-02-27,118.92317248924243,119.04045640849922,116.90007148543853,116.95870971679688,2304900
2025-02-28,116.74369870383168,118.16085150295771,116.20616415785184,118.09243774414062,3213100
2025-03-03,119.04044599675176,119.19681708554387,116.10841538064004,116.84142303466797,2080500
2025-03-04,116.1768399486881,117.48647683336819,114.73036809583084,115.99114227294922,2477100
2025-03-05,116.58732149832713,118.1119751617064,116.08887416355311,117.82854461669922,3238500
2025-03-06,116.65573150089378,117.46692847017704,115.60019863410638,116.01068115234375,2601800
2025-03-07,115.8836345132036,116.98803013648981,114.94538551831138,116.79256439208984,3069400
2025-03-10,114.96492834175288,115.35586728448013,112.78545622575321,113.77257537841797,3143300
2025-03-11,113.57709859923747,114.26124359158337,112.32609998716943,113.1763916015625,3854200
2025-03-12,114.16349578731281,114.4176071939101,112.84408350810364,113.85074615478516,6023800
2025-03-13,113.43049130117318,113.71392182864194,112.238130963732,112.55088806152344,3381500
2025-03-14,113.50868375024537,114.96492360900183,113.48914015935662,114.78900146484375,1630700
2025-03-17,114.96492719525976,116.35276080092825,114.89651344020525,115.93250274658203,1420900
2025-03-18,115.51225087308946,115.66862198306399,114.65218367033788,115.10176086425781,2009500
2025-03-19,115.2874497996199,116.74368967122128,115.03333837658573,116.04000854492188,5359100
2025-03-20,114.96492606505282,116.16706198523816,114.87696871936461,115.55133819580078,2272500
2025-03-21,114.5251213575045,115.45359477876536,114.3687428050809,115.30699920654297,1582900
2025-03-24,116.37230342009157,116.997802734375,116.20615679585315,116.997802734375,3691600
2025-03-25,117.18350170371693,117.30077816610584,116.8609765190673,117.05644226074219,2414000
2025-03-26,116.82187500168338,117.03689177879096,115.48291909130555,115.76634216308594,1724100
2025-03-27,115.51224711937238,116.20616020851706,115.15062728846308,115.60020446777344,1785600
2025-03-28,115.16039495280754,115.27767140933797,113.44026817714395,113.60641479492188,2029600
2025-03-31,112.37497063881541,114.00713266458551,111.67128205232916,113.75302124023438,2622600
2025-04-01,113.49890643897734,114.46648194487787,112.84408803468972,114.15373229980469,2637400
2025-04-02,113.04932755676622,115.18971233473643,113.03955948989537,114.7401351928711,2394300
2025-04-03,111.51490918038405,112.14040852102019,110.205272266096,110.35187530517578,3714800
2025-04-04,107.0875433483529,107.34165478498512,103.59842681884766,103.59842681884766,6192600
2025-04-07,100.4611493850267,106.27634081351044,98.95603934854552,102.59175872802734,10798000
2025-04-08,105.87563309823724,106.36430489417866,99.87474404059981,101.2430191040039,7824500
2025-04-09,100.75434902914576,110.60597439317952,100.58820240525712,110.14662170410156,10941700
2025-04-10,108.11375131420589,108.25057882117373,104.02845478314028,106.77478790283203,10438700
2025-04-11,106.55000152955516,109.30611032655516,106.4034059471671,108.58287811279297,5281600
2025-04-14,110.95781509547032,111.07509900905586,109.11063633160157,110.0977554321289,2556900
2025-04-15,110.41050410496798,111.04577891567709,110.00002159584753,110.16616821289062,2828800
2025-04-16,109.32565499918864,109.97069789369708,107.5566654805002,108.4167251586914,4677800
2025-04-17,109.24746361876888,109.78500556762648,108.485136823327,108.8760757446289,2470700
2025-04-21,108.25058161623022,108.47536647353573,106.09065310727937,107.11685943603516,6984800
2025-04-22,108.27011734338706,110.0195631937614,108.27011734338706,109.53089141845703,5349000
2025-04-23,111.86674495599223,112.57043352465068,110.60597084656915,110.86985778808594,2144700
2025-04-24,111.34875494080852,113.00046798560312,111.00668617735573,112.89295959472656,2877600
2025-04-25,112.66817214222634,113.59665306192166,112.34564695570458,113.54778289794922,2710400
2025-04-28,113.75302659971169,114.06577626882525,112.81477759237103,113.76280212402344,3091000
2025-04-29,113.55756131499867,114.58376767570182,113.37186363502082,114.33943176269531,3759800
2025-04-30,113.2350361202604,114.72059519046225,112.24791694388281,114.33943176269531,4055100
2025-05-01,115.29723131994183,115.73703297882018,114.69127557397272,114.75968933105469,1376200
2025-05-02,116.30389063968327,116.94894100724427,116.08887385049627,116.70460510253906,1844000
2025-05-05,116.10841938866332,116.95870352450198,116.10841938866332,116.47003173828125,2752200
2025-05-06,115.67839326447437,116.47981474711611,115.32654895926188,115.7956771850586,3736600
2025-05-07,115.60020365664396,116.30389226507572,115.15062648048814,115.8934097290039,3436800
2025-05-08,116.33320487896917,117.17372095244718,115.85430861365163,116.27456665039062,2864500
2025-05-09,116.72414477913134,116.96848067564157,116.16705923334959,116.43093872070312,1836500
2025-05-12,118.99158089146441,119.27501142451221,118.23902961557452,119.2652359008789,3858000
2025-05-13,119.16750499806936,120.29145162515016,119.13818588322601,119.9005126953125,2243100
2025-05-14,120.20349186789763,120.37941402087938,119.68550093315694,120.00802612304688,1840900
2025-05-15,119.88097363396587,120.68239511497181,119.7050514817187,120.65306854248047,2173000
2025-05-16,120.80944774774336,121.25902492665453,120.3598705688322,121.22970581054688,1662200
2025-05-19,120.2914503818411,121.65973289386064,120.21326110537375,121.6108627319336,2018900
2025-05-20,121.34698518652228,121.57177003928854,120.9071760917597,121.47403717041016,1078900
2025-05-21,120.94627675602246,121.64996537746758,119.78323542577064,119.96893310546875,6068200
2025-05-22,119.59753856654477,120.51623647664238,119.51934928926926,119.9005126953125,2633500
2025-05-23,118.54200987339044,119.93961156368277,118.502915233374,119.52912902832031,2805900
2025-05-27,120.78989346360682,121.57177133605369,120.53578949312059,121.53267669677734,4211100
2025-05-28,121.1612967892,121.46427094287317,120.54556550071516,120.66284942626953,2161800
2025-05-29,121.71837730968005,121.71837730968005,120.44782760039492,121.10265350341797,5597500
2025-05-30,120.98536877135066,121.17106644701897,119.78323282637916,120.84854125976562,8231700
2025-06-02,120.85831709525756,121.75747144700144,120.2816804750578,121.74769592285156,2623000
2025-06-03,121.38607221418849,122.2265883072435,121.26879575429983,122.02134704589844,1475700
2025-06-04,122.23636594547358,122.69571863875629,122.20704682999427,122.33409881591797,2672900
2025-06-05,122.86186723211205,122.94983203649903,121.64018769063865,121.97248840332031,3730000
2025-06-06,122.85209039617253,123.14529646561145,122.5393407351564,122.91073608398438,1264300
2025-06-09,122.9400485451772,123.39940121604917,122.82276463244192,123.06710052490234,1256000
2025-06-10,123.2332605975779,123.71216436779861,122.96938108578608,123.65351867675781,2072900
2025-06-11,123.98581306002545,124.11286504712186,123.16484053632676,123.48736572265625,2503800
2025-06-12,123.27233988983897,124.02489860274152,123.27233988983897,123.97602844238281,1639300
2025-06-13,122.71525703096776,123.39940200817244,122.23636076650229,122.54911041259766,3165900
2025-06-16,123.4365023595186,124.13577469962358,123.38725475937409,123.62362670898438,3243100
2025-06-17,123.00314820503677,123.24937117886607,122.18568612853257,122.37281799316406,2058600
2025-06-18,122.57964600754653,123.07209196170547,122.1856877413936,122.41221618652344,4647800
2025-06-20,122.70767815719535,122.87511549085549,121.70309172587889,121.87052154541016,2794800
2025-06-23,121.64400120162817,123.02285137044652,121.33867960169358,122.96375274658203,6718500
2025-06-24,124.03728436909086,124.7562512254486,123.84030148684113,124.58882141113281,6680100
2025-06-25,124.60852193264768,124.62822397888412,124.1850181081123,124.50019073486328,2421400
2025-06-26,125.06157165761856,125.62295971711248,124.88429082229793,125.5441665649414,3802200
2025-06-27,125.83963516569246,126.49951845157466,125.43583339272735,126.10555267333984,3147800
2025-06-30,126.4699726264581,126.8639233755932,126.15480000454382,126.6571044921875,4963400
2025-07-01,126.25329800678938,126.76544601463283,126.15480280319167,126.5881576538086,3796500
2025-07-02,126.47980934707691,127.11013952881767,126.25328842989457,127.10029602050781,2118900
2025-07-03,127.42531494667946,127.98669549787262,127.29727419454011,127.82910919189453,1570200
2025-07-07,127.32682998164627,127.4154666502862,126.2533013638734,126.71620178222656,2434800
2025-07-08,126.86391931308707,127.18893543343168,126.65710043630422,126.93286895751953,1526800
2025-07-09,127.43515970329183,127.66168062769304,127.02150691724106,127.6222915649414,1904300
2025-07-10,127.47455390972269,128.0457930263448,127.30712408682176,127.88822174072266,1262000
2025-07-11,127.13969290510845,127.45486552950038,127.00180863900145,127.24803161621094,879300
2025-07-14,127.14955494651397,127.52380366297129,126.9427210275242,127.42532348632812,3144900
2025-07-15,128.0162392496037,128.07533035644934,126.88361962637705,126.89346313476562,1498800
2025-07-16,126.99196690583352,127.44500877440952,126.30254556565826,127.38591766357422,3145200
2025-07-17,127.30713009823675,127.98670795920874,127.24803898480593,127.8980712890625,7461500
2025-07-18,128.36096377565536,128.40035283941995,127.68138595671792,127.79956817626953,1766400
2025-07-21,128.26246637790902,128.7746143676274,128.07533451465093,128.1639862060547,2426000
2025-07-22,128.35111545696145,128.48899971735722,127.69122468050608,128.3806610107422,1964900
2025-07-23,129.27691157622638,129.91710035884626,128.93220841166968,129.90724182128906,3900200
2025-07-24,129.8087567255826,129.9564845007589,129.6117813492616,129.64132690429688,1664300
2025-07-25,129.444329366987,129.96633587644766,129.3655512434058,129.88754272460938,1487900
2025-07-28,129.63147366646368,129.64133220405037,129.0602345319999,129.30645751953125,1965300
2025-07-29,129.46403435806297,129.58223160263856,128.90265380229417,129.07008361816406,2139600
2025-07-30,129.0503715030944,129.3556855569315,128.13442934158314,128.63671875,4468000
2025-07-31,129.10946908561132,129.22766632689556,127.77987410428395,127.99655151367188,5994500
2025-08-01,127.17909241032565,127.17909241032565,125.83963134735704,126.38133239746094,8378900
2025-08-04,127.25789653533805,128.22308644649107,127.25789653533805,128.20338439941406,5921700
2025-08-05,128.42989853574792,128.60718689352842,127.58289089542693,127.84881591796875,2230900
2025-08-06,128.2329143726371,128.93219419043558,128.0260955023669,128.8041534423828,2940400
2025-08-07,129.71025117093157,129.83829191803719,128.48899491825685,129.10946655273438,2779500
2025-08-08,129.42466049521818,129.97619760715304,129.32616528454733,129.86785888671875,2377500
2025-08-11,129.80875939978765,130.03528033581048,129.31631343471125,129.52313232421875,3282500
2025-08-12,130.06482253831425,130.98077982443672,129.85800365413866,130.94137573242188,2548200
2025-08-13,131.44367986092868,131.71944839124396,127.85867393857238,131.5421600341797,2269500
2025-08-14,131.11866498444022,131.45352462756168,130.88228551551205,131.33534240722656,2425700
2025-08-15,131.65051074684231,131.67021279459183,131.14822124117347,131.36489868164062,1600100
2025-08-18,131.1876057736932,131.423985253739,131.07926705720456,131.39443969726562,4721000
2025-08-19,131.41411149130928,131.54215224003246,130.52771484328215,130.6951446533203,3362800
2025-08-20,130.66560653533276,130.8034908001663,129.73980574505438,130.54742431640625,5557200
2025-08-21,130.03527673040216,130.47847508103098,129.76935170872176,130.0451202392578,3152500
2025-08-22,130.45878021370504,132.35961425826082,130.45878021370504,132.1921844482422,3234000
2025-08-25,131.91642502821816,131.98535964732767,131.30579685214278,131.33534240722656,2025400
2025-08-26,131.05957742111914,131.68990766039488,131.05957742111914,131.61111450195312,2083100
2025-08-27,131.23684306046945,131.77853660032926,131.2072975063187,131.66033935546875,1565400
2025-08-28,132.0148961017033,132.2512755543362,131.60124333078844,132.1921844482422,2764300
2025-08-29,131.83763351748462,131.86717907293718,131.1088080837191,131.42398071289062,2163200
2025-09-02,129.93678857547073,130.53757326991806,129.53299429488175,130.49818420410156,3197200
2025-09-03,130.99062202559108,131.1383497985274,130.49817607812648,131.04971313476562,2546400
2025-09-04,130.99061006337382,131.96565836048399,130.93151895959556,131.92625427246094,2397900
2025-09-05,132.72402689789564,132.9308608091172,131.28609314119265,132.04446411132812,3009900
2025-09-08,132.58615139873135,132.7535812292381,132.29069583210693,132.6846466064453,1909200
2025-09-09,132.5172018789529,132.9604002073259,132.34977206726785,132.88160705566406,2261000
2025-09-10,133.31496250606628,133.68922622116557,132.93085528255912,133.1770782470703,1989200
2025-09-11,133.7680325922095,134.55593413390034,133.63013329132912,134.48699951171875,2543600
2025-09-12,134.24076094721565,134.62486816411334,132.95055503989926,134.29000854492188,2009600
2025-09-15,135.0286959246818,135.1665802001953,134.76277088324187,135.1665802001953,4916300
2025-09-16,135.32414207306783,135.34384411912913,134.75291799161062,135.0286865234375,1915900
2025-09-17,135.13702949983724,135.53098026395085,134.02409680024167,134.90065002441406,3275000
2025-09-18,135.20595439858837,135.7771934852579,134.90064032411578,135.46202087402344,2778100
2025-09-19,135.47189204181925,136.33858674700778,135.2158105142506,135.6787109375,1461600
2025-09-22,135.59991151500347,136.41737360706898,135.4915878315839,136.3188934326172,2233900
2025-09-23,136.51587082739175,136.57496193858776,135.28475591661456,135.80674743652344,1646100
2025-09-24,135.76735578752798,135.8855380076704,134.98928276290255,135.2256622314453,3344000
2025-09-25,134.54607995331415,134.7824594140287,133.88620419894235,134.55592346191406,4678400
2025-09-26,134.8316903407865,135.2749037027527,134.53623480381867,135.26504516601562,2429600
2025-09-29,135.94463273972488,137.07725245495408,135.5014343741247,135.59991455078125,2861500
2025-09-30,135.67871502385447,137.18559856509015,135.4423505645291,136.15147399902344,6330300
2025-10-01,136.02343444471538,136.9984829329073,136.0135909349087,136.8408966064453,2748900
2025-10-02,137.2939206375936,137.46136548032453,136.5454082267249,137.15603637695312,2031400
2025-10-03,137.43181460224906,137.9242605719161,137.11665699635648,137.39242553710938,2133200
2025-10-06,137.92425401181833,138.12124441292238,137.55984882063962,137.93411254882812,3492300
2025-10-07,138.11137509623438,138.11137509623438,135.80673185446926,137.10679626464844,1473400
2025-10-08,137.39240673919141,137.93410023736277,137.2939115474307,137.91439819335938,2837100
2025-10-09,137.8651616086351,138.06213697963247,136.90981527962745,137.24468994140625,2724000
2025-10-10,137.24468905835178,137.5500031356719,133.64982469068525,133.65968322753906,2873300
2025-10-13,135.15671058782027,136.01357675597004,135.06807392402268,135.73780822753906,1550300
2025-10-14,134.43774927972925,136.2991944378567,133.93545980248348,135.59991455078125,3189600
2025-10-15,136.73253877974545,137.26437377191675,135.36353969494957,136.46661376953125,4040800
2025-10-16,137.02800539605465,137.33331945945548,135.40292485629053,135.99386596679688,6639600
2025-10-17,135.59990891428126,136.72270010190937,135.40293354089758,136.5355682373047,3000200
2025-10-20,137.30378685788034,138.2689767363756,137.18558960767612,137.90457153320312,1959800
2025-10-21,137.52046498596414,137.91441574663514,136.31889562918192,137.50076293945312,1417400
2025-10-22,137.70760344839823,137.71744695799578,136.20070489747297,136.95907592773438,1787400
2025-10-23,137.30378205700998,138.0719965293149,137.07724610185673,137.8356170654297,2042500
2025-10-24,138.55458420327545,139.4902435236211,138.51519514001453,138.73187255859375,3129500
2025-10-27,139.6872094802964,140.26829205083536,139.6872094802964,140.1894989013672,2008600
2025-10-28,140.21904344501743,140.74103490676376,140.05161363919848,140.39633178710938,2245000
2025-10-29,140.83954381186308,140.88879141325307,139.4902466976731,140.40618896484375,4621100
2025-10-30,139.38190384016417,139.9629864458119,139.0371856689453,139.0371856689453,4218600
2025-10-31,139.47055021426,139.74631875913352,138.69249218299365,139.27357482910156,3685900
2025-11-03,139.9728387069733,139.9728387069733,138.88946658216355,139.57888793945312,3650500
2025-11-04,137.94394663454935,138.72201959228983,137.64847608133468,137.7962188720703,3652000
2025-11-05,137.70759098818166,138.93870584813214,137.6780304055459,138.4364013671875,2888000
2025-11-06,138.26897225697215,138.46594762992038,136.8999731268341,137.23483276367188,4713000
2025-11-07,136.80147825975402,137.46136905453875,135.55067637294158,137.4318084716797,5357700
2025-11-10,138.5447390445421,139.58872203348653,138.27881402886047,139.4409942626953,2521400
2025-11-11,139.23416582664578,140.03192587678183,139.20462027132652,139.90390014648438,1579100
2025-11-12,140.2190613065508,140.32740002155847,139.80540849331928,140.17967224121094,3119200
2025-11-13,139.57888025879598,139.77585563171704,137.76668278271,138.0325927734375,3793400
2025-11-14,136.7325387393437,138.62352930732092,136.38782057701022,137.96365356445312,4763800
2025-11-17,137.2742446900202,138.00305511435062,135.64916395686757,136.486328125,4779900
2025-11-18,135.5211344531242,136.47648081954594,134.43774732782384,135.31430053710938,5636400
2025-11-19,135.31430245385488,136.67345813425555,134.7824674209745,135.50143432617188,3049000
2025-11-20,137.38257437089038,137.64848435934414,133.39375923325161,133.45285034179688,6041300
2025-11-21,133.94529271251187,135.70824252622137,133.18692177380112,134.77259826660156,7666300
2025-11-24,135.36353935563733,136.5158610260009,135.068068792613,136.26963806152344,3684600
2025-11-25,136.50602592182696,137.6583476631352,135.64915973347615,137.51060485839844,4441000
2025-11-26,138.03259106768556,138.96825037694896,137.98335849625693,138.6432342529297,2508000
2025-11-28,138.79096331527862,139.39174796922177,138.72202869768256,139.33265686035156,2465800
2025-12-01,138.42656141949155,139.24402351091868,138.42656141949155,138.71217346191406,3559800
2025-12-02,139.12582528309622,139.30311364093617,138.5250406190826,139.01748657226562,3396100
2025-12-03,138.95839188429318,139.6675152408778,138.72202745093662,139.5394744873047,3339500
2025-12-04,139.87435136024618,139.93344246951978,139.26370816515117,139.82510375976562,3013600
2025-12-05,140.16983295412018,140.62287484633805,139.81527124234762,139.95315551757812,9197200
2025-12-08,140.16982296389395,140.16982296389395,139.25386567865598,139.61827087402344,1880300
2025-12-09,139.58872662811433,139.92360130002606,139.4015947601143,139.5099334716797,2184300
2025-12-10,139.4607107514976,140.9085031682222,139.32282647506,140.642578125,3293500
2025-12-11,140.2683027508857,141.0660627862533,139.81526089220532,141.01681518554688,3394900
2025-12-12,140.97742513779943,141.0759203385247,139.13568210464683,139.6281280517578,9587300
2025-12-15,140.43574236989605,140.59332869184942,139.40160279593294,139.65768432617188,2818900
2025-12-16,139.11618514420164,139.59308253359762,138.43063661927917,139.0863800048828,2664000
2025-12-17,139.16586640867058,139.3347672527635,137.61592335171628,137.6656036376953,3601000
2025-12-18,139.04663815050517,139.6228961461314,138.5399355910404,138.80819702148438,4226900
2025-12-19,139.42418453248214,140.228953631083,139.29501881927138,140.0004425048828,2607100
2025-12-22,140.34817593563622,140.93437906883017,140.34817593563622,140.82508850097656,3352800
2025-12-23,140.85490245946758,141.5702561919675,140.75554187872743,141.5404510498047,2152300
2025-12-24,141.5801824682071,141.93785932506492,141.44108675500104,141.78883361816406,1780800
2025-12-26,141.8782394277641,142.11668054264726,141.75900371002783,141.9775848388672,2068500
2025-12-29,141.33179757016566,141.749084713879,141.1330915722492,141.4907684326172,2902500
2025-12-30,141.57025386384294,141.82857014510475,141.41128300139144,141.4907684326172,2691400
2025-12-31,141.62986134500372,141.9775930444036,140.56676077872584,140.5767059326172,4232700
2026-01-02,141.84844288927184,142.02727373627746,140.5767063318019,141.57025146484375,5218800
2026-01-05,142.166360265613,143.7659684328996,142.06701485490316,142.75254821777344,7924000
2026-01-06,142.90159570354265,143.5374639707035,142.8817205563608,143.41824340820312,3321300
2026-01-07,143.29900097669832,143.55733239708215,142.80222844247666,142.8817138671875,2909500
2026-01-08,142.683009129661,142.98107568485187,142.38494257447013,142.84197998046875,7426100
2026-01-09,143.15991514049702,144.03423971228224,142.94133399755071,143.81565856933594,2359000
2026-01-12,143.69643054147693,144.54093476782407,143.49770939617653,144.44158935546875,2887000
2026-01-13,144.37204483858096,144.46146026454994,143.59708082625772,143.9547576904297,4752400
2026-01-14,143.78585467636617,143.85539495320063,143.02082066941225,143.7759246826172,3001800
2026-01-15,144.53100855282733,144.68997940910532,143.94482057563448,144.0640411376953,3457900
2026-01-16,144.32235740892557,144.3621077031427,143.58714372915665,144.0640411376953,2625100
2026-01-20,141.91798323464027,142.73269752107495,141.29206010951876,141.4410858154297,4322400
2026-01-21,141.95773338639674,143.69643736831463,141.64973682096144,143.08042907714844,5535100
2026-01-22,144.0143551030327,144.23293623161842,143.4480422955477,143.87525939941406,2681400
2026-01-23,143.6964295234816,144.31242262072325,143.44804325391067,144.22300720214844,3350300
2026-01-26,144.3819764649104,145.18674554382048,144.3819764649104,144.77938842773438,3018900
2026-01-27,145.50468513913145,146.21010887078523,145.49475514527288,146.11074829101562,3690800
2026-01-28,146.2995232875272,146.35913357085948,145.4450738524072,145.8921661376953,4428900
2026-01-29,146.43861557949202,146.47835071401957,143.91501762886597,145.75306701660156,4339000
2026-01-30,145.16688469037274,145.4848112598753,143.78585751718902,144.56082153320312,6876200
2026-02-02,144.19320935244448,145.62391676315107,144.11372392292793,145.36558532714844,4847400
2026-02-03,145.53449029276604,145.69346115629187,143.42817941208494,144.60055541992188,4628000
2026-02-04,145.20660844546495,145.3059690183134,143.2393934174842,144.05410766601562,6793500
2026-02-05,142.8817167116394,143.60700038115928,141.9974621895331,142.2855987548828,4062200
2026-02-06,143.52754060276862,145.52456091831277,143.48779030657,145.33578491210938,4312200
2026-02-09,145.33578520843812,146.72674237230552,145.09732891164825,146.45849609375,3577700
2026-02-10,146.8658485789037,147.05460941919367,146.28959058354093,146.359130859375,6799600
2026-02-11,147.29306899160287,147.45203985461794,145.93191698273907,146.75656127929688,7414900
2026-02-12,147.34274249867505,147.41228277285802,144.59061830556226,144.7098388671875,10575900
2026-02-13,144.67009888727304,145.6636439616557,143.83552466326233,144.9979705810547,11700300
2026-02-17,144.3422329748904,145.4152635174376,143.4579784296842,145.05758666992188,6739500
2026-02-18,145.39538089798597,146.33924567588767,145.10725950021182,145.6835174560547,4213700
2026-02-19,144.85887806075917,145.45499602231342,144.69990720689336,145.3953857421875,4351100
2026-02-20,145.0575796789277,146.71679812040338,144.92841396901522,146.67706298828125,9126700
2026-02-23,146.1306169792279,146.77641523829442,144.89861558190785,145.31590270996094,7129000
2026-02-24,145.34570243437815,146.5876337788387,144.97809560771213,146.37899780273438,4873400
2026-02-25,147.2135780529582,147.7898360396086,147.01487206177075,147.6904754638672,4710400
2026-02-26,147.5215728095285,147.6408085310193,145.94183973250557,146.9949951171875,5766700
2026-02-27,146.06105842710807,146.667121539266,145.74313188121758,146.42868041992188,7754000
2026-03-02,144.20313222334855,146.11073695663583,144.02430138599104,145.60403442382812,8736500
2026-03-03,141.37152117846102,143.3486813232111,140.07992471717048,142.75254821777344,17311900
2026-03-04,143.1400514611332,144.41178799076647,142.7525543138449,144.0640411376953,7875000
2026-03-05,142.7227540177332,143.59707859664377,141.15296602966487,142.3948974609375,13123200
2026-03-06,140.32831006054454,141.52056110327612,139.7321769590315,140.7654571533203,9653400
2026-03-09,139.42418874659754,142.56379496962245,138.35115819593224,142.1266326904297,9087300
2026-03-10,142.47436438684542,143.87526664690532,141.70934555855354,142.1266326904297,8145900
2026-03-11,141.93784855995776,142.72274249059925,141.27217518579485,142.017333984375,5533900
2026-03-12,140.8747580980388,140.8747580980388,139.5036761199912,139.5434112548828,14277100
2026-03-13,140.21903052168793,140.92443908163523,138.400841095446,138.6392822265625,5931900
2026-03-16,140.1494700773087,141.15296033588788,139.98056922870418,140.56675720214844,3359400
2026-03-17,141.63979103221703,141.7689567501609,140.84495189770078,140.9641876220703,3908000
2026-03-18,140.33824985378496,140.64624641896722,138.77837672006117,138.80819702148438,3895500
2026-03-19,137.26818996866308,139.13604438390107,137.02973369509684,138.48031616210938,5816000
2026-03-20,137.9040673304135,138.13257846585222,134.97311222356666,135.6586456298828,4892800
2026-03-23,137.8245860387651,139.37451406531258,137.20859288982854,137.91400146484375,7483100
2026-03-24,136.5826434860605,137.96367054211905,136.29450692283035,137.14895629882812,6268600
2026-03-25,138.56973272755684,139.12611554352617,137.78482362908284,138.44056701660156,4464700
2026-03-26,136.99994256976126,137.774906587755,135.4301393855366,135.49969482421875,6633100
2026-03-27,135.1122107410919,135.2413613019108,133.3933667119186,133.68150329589844,3699300
2026-03-30,134.8836799758643,134.99297054542944,132.78729916714818,133.32382202148438,4458600
2026-03-31,134.8538785761704,137.62587802645132,134.57568714779538,137.47683715820312,9946300
2026-04-01,138.63928215648994,139.5831621676681,138.34123074274495,138.76844787597656,7240300
2026-04-02,136.42367632016436,139.066509945263,136.18523519689217,138.53993225097656,3515800
2026-04-06,138.8181289337386,139.493732355696,138.6194229367097,139.24534606933594,2980600
2026-04-07,138.7386458214261,139.3745141187225,137.45697923291948,139.29502868652344,3498400
2026-04-08,144.14353035365733,144.49126205557099,142.80223835404507,143.68649291992188,3983600
2026-04-09,143.23939103834326,144.45151723754572,142.74261850294207,144.1335906982422,1766300
2026-04-10,144.48132701473276,144.74958843734316,143.87526389567674,144.10377502441406,3870300
2026-04-13,143.39837480881377,145.49475570350947,143.3188893767523,145.46495056152344,8912500
2026-04-14,145.89215469564988,147.23344660661508,145.89215469564988,147.15396118164062,1635600
2026-04-15,147.0446841528147,147.899133599574,146.93539357845145,147.8395233154297,2763500
2026-04-16,148.10777403880917,148.376020298051,147.4917657731952,147.93885803222656,4669300
2026-04-17,149.4192465548365,150.4425967920833,149.2404157142901,149.9259490966797,3021500
2026-04-20,149.3198817143883,149.6278934203534,148.7933040407656,149.43911743164062,3310000
2026-04-21,149.3894454764213,149.6775668919002,147.57125607995707,147.7799072265625,3359400
2026-04-22,148.8926717744738,150.4922800185513,148.69396578322036,149.20066833496094,2079600
2026-04-23,148.74364325044274,149.30002607951968,146.92545390237666,148.28660583496094,6046500
2026-04-24,148.83306714056783,149.87629258460254,148.58468085200224,149.51861572265625,4702700
2026-04-27,149.44905198677876,149.71731340841728,149.11125029155693,149.53846740722656,2850000
2026-04-28,148.73370601233796,148.98209229998727,148.09783772236761,148.6542205810547,3572700
2026-04-29,148.57473438176154,148.57473438176154,147.50171896572357,148.1773223876953,3350300
2026-04-30,149.25034174442433,150.69097906498703,148.61447350554107,150.5618133544922,5417200
2026-05-01,150.72079592640728,151.59512050798176,150.28363363562002,150.68106079101562,2440000
2026-05-04,150.36311742691046,150.8896951368082,149.21060142927575,149.7272491455078,5229500
2026-05-05,150.87976509124368,151.6149939502327,150.72079423087376,151.36660766601562,4058900
2026-05-06,153.29407588835898,154.4664670591553,153.12517503059007,154.39691162109375,3434200
2026-05-07,154.46645401356935,154.60554971764898,152.69794499300173,152.93638610839844,5164000
2026-05-08,153.9200072547256,154.4664600995311,153.91007726129106,154.37704467773438,1953100
2026-05-11,154.23795584510694,154.82414385008195,154.19820554900585,154.5260772705078,2474900
2026-05-12,153.58220838131422,153.82066467078994,152.3502069594664,153.65174865722656,3420900
2026-05-13,153.68154360643948,155.07251579569052,153.43315733981908,154.87380981445312,2295600
2026-05-14,154.9831114527695,155.96671143628265,154.89368086857183,155.6388397216797,3028700
2026-05-15,153.74117737785082,153.9001330752794,152.78736739180232,153.08543395996094,2253700
2026-05-18,153.9299415717634,153.9696918672087,152.230987868724,153.35369873046875,2684900
2026-05-19,152.26078330147402,153.1748429545868,151.68452533662787,152.1614227294922,4022900
2026-05-20,152.8767750839203,154.36709268905983,152.37007255587892,154.09884643554688,5289400
2026-05-21,153.43316677165026,155.1917458923085,153.2543359256319,154.68504333496094,2182900
2026-05-22,155.37059051038096,155.75807250025412,154.82413766304822,154.9831085205078,2320300
2026-05-26,156.54296032392017,156.9801225846131,156.24489376796637,156.82115173339844,3247000
2026-05-27,156.87083806170614,156.98012863108897,156.1753595112224,156.62245178222656,1877600
2026-05-28,156.2051653617178,157.44709676475887,155.88722364559746,157.228515625,2948400
2026-05-29,157.74515836645455,158.0233497791524,157.26824580729112,157.51663208007812,4155600
2026-06-01,157.57625602359727,158.6393413776755,156.92051263119677,158.07302856445312,3016300
2026-06-02,158.00347364179487,158.99701872671358,158.00347364179487,158.93740844726562,4033000
2026-06-03,158.6592262240501,158.66915621776815,157.43716994371508,157.6259307861328,2164400
2026-06-04,157.17883936737073,158.32142538364522,156.7913573660975,158.10284423828125,1715200
2026-06-05,156.61252430874626,156.6323842960115,151.8335746403103,153.3934326171875,3763300
2026-06-08,154.73472773089975,155.06259945093242,153.66169714541888,153.92001342773438,3645300
2026-06-09,155.21161953860883,155.82761266044187,150.6512510856999,153.60208129882812,3305900
2026-06-10,152.56878058674278,153.8703222203964,151.22750382028144,151.25730895996094,2994800
2026-06-11,152.20118386795195,155.11226387886134,151.505705295405,154.8241424560547,5605300
2026-06-12,155.04271958116018,155.97665442305964,154.1087847392607,155.4600067138672,4850300
2026-06-15,157.92999267578125,158.47000122070312,157.77000427246094,158.0399932861328,2738900
2026-06-16,158.2899932861328,158.42999267578125,157.2100067138672,157.33999633789062,2667500
2026-06-17,157.9199981689453,158.22999572753906,155.6199951171875,155.80999755859375,8198300
2026-06-18,157.8300018310547,158.0399932861328,157.05999755859375,157.74000549316406,5935000
2026-06-22,158.4600067138672,158.52999877929688,157.27999877929688,157.58999633789062,2909700
2026-06-23,154.42999267578125,155.61000061035156,153.42999267578125,154.44000244140625,2946300
2026-06-24,154.33999633789062,155.3300018310547,153.6999969482422,154.22999572753906,3260800
2026-06-25,155.88999938964844,156.00999450683594,153.9499969482422,154.6999969482422,3331000
2026-06-26,153.5399932861328,155.02999877929688,153.0500030517578,154.27999877929688,2769700
2026-06-29,154.97000122070312,155.8800048828125,153.77000427246094,155.82000732421875,1214900
2026-06-30,155.72999572753906,157.1199951171875,155.61000061035156,156.97000122070312,3191000
2026-07-01,156.1699981689453,156.8800048828125,155.64999389648438,156.1199951171875,4128900
2026-07-02,156.88999938964844,157.77000427246094,155.02999877929688,156.14999389648438,3202400
2026-07-06,157.25,158.1199951171875,157.1199951171875,157.97000122070312,3335200
2026-07-07,157.41000366210938,157.5500030517578,156.05999755859375,156.4600067138672,1342200
2026-07-08,155.6300048828125,155.9600067138672,154.4199981689453,155.89999389648438,8363900
2026-07-09,156.50999450683594,157.25999450683594,156.08999633789062,157.02000427246094,1709000
2026-07-10,157.22000122070312,157.7899932861328,156.2899932861328,157.67999267578125,2306200
2026-07-13,156.8300018310547,156.99000549316406,155.67999267578125,155.94000244140625,2143500
2026-07-14,156.75,157.39999389648438,156.4600067138672,156.94000244140625,1987300
2026-07-15,157.58999633789062,157.66000366210938,156.36000061035156,157.52000427246094,2590100
2026-07-16,156.4499969482422,157.05999755859375,155.7899932861328,156.36000061035156,3653200
2026-07-17,154.3699951171875,155.58999633789062,153.89999389648438,155.0,5062900
2026-07-20,155.7100067138672,155.85000610351562,154.36000061035156,154.47999572753906,6395100
2026-07-21,155.77999877929688,156.5,155.27000427246094,156.2899932861328,2328100
2026-07-22,156.19000244140625,156.6300048828125,156.00999450683594,156.19000244140625,1124000
2026-07-23,154.3699951171875,155.19000244140625,153.67999267578125,154.33999633789062,1243800
2026-07-24,154.25999450683594,155.3800048828125,154.02000427246094,154.3000030517578,2232400
2026-07-27,155.69000244140625,155.7899932861328,153.85000610351562,154.61000061035156,2723700
2026-07-28,153.9600067138672,154.97000122070312,153.35000610351562,154.5399932861328,2029200
2026-07-29,154.16000366210938,155.33999633789062,151.4199981689453,152.47000122070312,2624900
2026-07-30,154.33999633789062,155.77999877929688,153.97000122070312,155.66000366210938,3333100
2026-07-31,156.25,156.58999633789062,154.49000549316406,156.42999267578125,3181400
2026-08-03,156.63999938964844,158.0399932861328,156.50999450683594,157.94000244140625,2049100
2026-08-04,158.82000732421875,160.9600067138672,158.61000061035156,160.6300048828125,4807000
2026-08-05,161.4499969482422,161.72000122070312,160.4199981689453,160.5,2383300
2026-08-06,160.3000030517578,160.80999755859375,159.16000366210938,160.10000610351562,1807100
2026-08-07,161.25,161.55999755859375,160.66000366210938,161.44000244140625,2164900
2026-08-10,161.17999267578125,161.52000427246094,160.94000244140625,161.10000610351562,1535400
2026-08-11,161.5,161.61000061035156,160.6199951171875,160.88999938964844,1518500
2026-08-12,162.14999389648438,162.14999389648438,161.3800048828125,161.64999389648438,1853500
2026-08-13,162.0500030517578,162.8000030517578,161.86000061035156,162.47999572753906,1106100
2026-08-14,162.67999267578125,162.74000549316406,161.00999450683594,162.2899932861328,2839800
2026-08-17,162.5800018310547,162.5800018310547,161.8300018310547,161.8300018310547,2259300
2026-08-18,160.80999755859375,160.97999572753906,160.05999755859375,160.0800018310547,2352200
2026-08-19,161.0,161.25,160.5,160.6999969482422,1532800
2026-08-20,160.1999969482422,160.89999389648438,159.83999633789062,159.97000122070312,2669300
2026-08-21,160.8000030517578,161.1999969482422,160.49000549316406,160.80999755859375,1721500
2026-08-24,160.5,160.5,159.8300018310547,160.1999969482422,929600
2026-08-25,160.89999389648438,161.13999938964844,160.33999633789062,161.0800018310547,1688100
2026-08-26,160.99000549316406,161.27000427246094,160.52000427246094,160.89999389648438,1792900
2026-08-27,161.44000244140625,161.7899932861328,160.94000244140625,161.52999877929688,2863100
2026-08-28,161.9600067138672,162.30999755859375,160.88999938964844,161.08999633789062,1535300
2026-08-31,161.11000061035156,161.1300048828125,160.25999450683594,160.67999267578125,2622400
2026-09-01,159.8800048828125,160.2100067138672,159.02000427246094,159.4199981689453,2485500
2026-09-02,159.52999877929688,160.3000030517578,159.42999267578125,160.16000366210938,1817200
2026-09-03,161.0,162.1300048828125,160.72000122070312,161.94000244140625,1755700
2026-09-04,161.61000061035156,162.0800018310547,161.5500030517578,161.88999938964844,1659900
2026-09-08,161.97000122070312,161.99000549316406,161.00999450683594,161.1300048828125,1536000
2026-09-09,160.8000030517578,160.80999755859375,159.92999267578125,160.14999389648438,899200
2026-09-10,159.14999389648438,159.4499969482422,158.6999969482422,158.7899932861328,1233700
2026-09-11,160.3699951171875,160.69000244140625,160.02999877929688,160.25,2206000
2026-09-14,158.74000549316406,159.66000366210938,158.35000610351562,158.9600067138672,1470700
2026-09-15,158.91000366210938,158.91000366210938,157.9199981689453,158.1999969482422,2049300
2026-09-16,158.9600067138672,159.25,156.67999267578125,157.61000061035156,1766200
2026-09-17,159.77000427246094,159.77000427246094,159.19000244140625,159.57000732421875,1369300
2026-09-18,159.36000061035156,159.41000366210938,158.63999938964844,159.2899932861328,1597100
2026-09-21,160.66000366210938,162.0800018310547,160.5,161.85000610351562,1277600
2026-09-22,162.0399932861328,162.4600067138672,161.58999633789062,162.1999969482422,2788600
2026-09-23,161.61000061035156,161.6699981689453,159.97999572753906,160.22000122070312,3010500
2026-09-24,159.42999267578125,160.4499969482422,159.1699981689453,160.0800018310547,1568400
2026-09-25,160.52000427246094,161.2100067138672,160.00999450683594,161.0500030517578,1205100
2026-09-28,160.17999267578125,160.61000061035156,159.24000549316406,159.67999267578125,3096300
2026-09-29,159.8800048828125,159.88999938964844,158.83999633789062,159.4600067138672,2326200
2026-09-30,159.94000244140625,160.1199951171875,158.7100067138672,158.77000427246094,5036100
2026-10-01,158.9199981689453,158.97999572753906,157.63999938964844,158.74000549316406,2861700
