Date,Open,High,Low,Close,Volume
2000-01-03,35.62360228674022,36.00298037286099,33.992276516420915,35.37700653076172,53228400
2000-01-04,34.46650997250776,35.547737858271624,34.06816285670002,34.181976318359375,54119000
2000-01-05,33.726710797665476,35.320098709366206,33.19558149376523,34.54237365722656,64059600
2000-01-06,34.04920022054152,34.56136089238254,32.89209648045627,33.38528823852539,54976600
2000-01-07,32.96794053108186,34.06813647515708,32.56959372374427,33.82154083251953,62013600
2000-01-10,34.428574141521494,34.50444978701245,33.8026000662211,34.06816482543945,44963600
2000-01-11,33.84052999441965,34.67516190011161,32.986929181780134,33.195587158203125,46743600
2000-01-12,32.930023842286026,33.043837288745536,31.697044838974623,32.11436080932617,66532400
2000-01-13,31.67806584454965,32.96795116037562,30.805496366196785,32.72135543823242,83144000
2000-01-14,32.53168300424758,34.58032543250341,32.09539804267458,34.06816482543945,73416400
2000-01-18,33.93537974990803,35.35804798984269,33.91641084004224,34.99763870239258,81483600
2000-01-19,33.53704810810981,33.840550805920756,32.171285967960536,32.474788665771484,97568200
2000-01-20,32.49375146290041,33.290445894565224,32.13334207714728,32.17127990722656,56349800
2000-01-21,32.47476736781109,32.55064299250224,31.33663299744388,31.488384246826172,68416200
2000-01-24,31.50262225792732,32.07643187605304,30.596856662373487,30.729639053344727,63597600
2000-01-25,30.653768392174438,31.52633853205069,30.217483322236312,31.203866958618164,59823200
2000-01-26,31.090035037874422,31.41250642020747,30.084683081189038,30.160558700561523,49365000
2000-01-27,30.317053500308266,30.71065829313254,29.515617235401006,29.970870971679688,63654800
2000-01-28,29.781182594881717,30.426125402668962,29.51561790932226,29.819120407104492,58225400
2000-01-31,29.62942377239047,29.800143883755077,28.794792116830177,29.705299377441406,73194200
2000-02-01,29.895003809231152,31.336641048762605,29.64840796562709,31.241796493530273,70196600
2000-02-02,31.090027496375733,31.545281102179892,30.501991588878692,30.59683609008789,49915600
2000-02-03,30.976222539839615,31.621165323890164,30.38818647202882,31.4504451751709,49186000
2000-02-04,31.67809452269434,32.778291817494505,31.606961076909847,32.34200668334961,55365400
2000-02-07,32.41786482521406,32.43683373383033,31.64013957194678,32.360958099365234,40005800
2000-02-08,32.304040161705345,33.38526757756982,32.304040161705345,33.36629867553711,56229000
2000-02-09,33.21457140835432,33.21457140835432,31.526337910156983,31.56427574157715,55090000
2000-02-10,31.531079024638768,32.3420001425833,31.109020665006817,32.17127990722656,54527800
2000-02-11,31.829827285394437,31.829827285394437,30.084687767959224,30.331283569335938,115559000
2000-02-14,30.724888122515516,30.881381610406088,30.065718582612806,30.236438751220703,81028600
2000-02-15,30.274378305458164,30.350253940308935,29.781186678928144,29.913969039916992,71027600
2000-02-16,30.122622320197152,30.40715590634511,29.477679524928448,29.629430770874023,65202600
2000-02-17,29.89499841400491,30.2554076588438,29.482424673202495,30.236438751220703,80343400
2000-02-18,30.350251106899247,30.36922001384106,28.79480073767066,28.851707458496094,79063000
2000-02-22,28.870675215953035,29.477680213923136,28.168825687050102,28.472328186035156,66296200
2000-02-23,28.377466267552865,29.060346471852267,27.941181692583804,28.605093002319336,75847200
2000-02-24,28.605117078192315,29.09830875195425,27.922236299137325,28.756868362426758,69733200
2000-02-25,28.737896423809826,28.742638650942467,27.466979552261797,27.71357536315918,65301400
2000-02-28,27.391102631344324,27.960169860527376,26.74615977160353,27.78944969177246,76131800
2000-02-29,27.846360277295947,27.846360277295947,26.97379040484662,27.12554168701172,58437400
2000-03-01,27.201419292116526,28.5576964743943,26.992761264073792,27.56182861328125,106889800
2000-03-02,27.86533479550118,28.94656289852607,27.656676740531463,28.339557647705078,106932600
2000-03-03,28.756868761754625,30.00881687407376,28.491304010656627,29.174184799194336,101435200
2000-03-06,29.136237203663793,29.5535531011121,27.353160187293742,27.504911422729492,93609400
2000-03-07,29.174188667800514,29.591504760577894,27.90327147616031,28.18780517578125,135061000
2000-03-08,28.472332386193983,29.193150927616617,27.61873148187771,29.003461837768555,94290000
2000-03-09,28.927589535713196,30.350257873535156,28.8327449798584,30.350257873535156,88198800
2000-03-10,30.217462785173172,31.109001235206527,30.198493881980973,30.65374755859375,85589000
2000-03-13,29.629426936714015,30.426120874833085,29.591489130136914,29.743240356445312,61831800
2000-03-14,29.93294470507588,30.122633835019325,28.870685577392578,28.870685577392578,73489200
2000-03-15,28.699950810653664,29.32592462212199,28.434386163364074,28.94654655456543,53208000
2000-03-16,29.11726668496588,29.344893525499813,28.301603839719277,28.94654655456543,77300800
2000-03-17,28.908610980915572,30.19849651024776,28.680984122798126,30.160558700561523,81161600
2000-03-20,29.97087818973331,30.274380753679974,29.28799742085331,29.55356216430664,47773000
2000-03-21,29.363873433022604,31.298702302640372,29.28799779107681,31.18488883972168,81648800
2000-03-22,31.203855134673034,32.05745603501364,30.691694594468675,31.336637496948242,93975800
2000-03-23,32.41786777986494,34.2578520833447,32.36096104882949,33.954349517822266,148224000
2000-03-24,34.181979358162906,34.902798012774554,33.252502671953145,33.89744567871094,112196800
2000-03-27,32.707138741123785,32.85414777417798,31.545293157308308,31.58323097229004,111434000
2000-03-28,31.450449221858445,32.60755260094974,31.071071064779332,31.659107208251953,81114400
2000-03-29,31.92467967664535,33.062814424475846,31.90571076418151,32.53168487548828,64363800
2000-03-30,32.22817162533337,32.96795896693902,31.109006159827384,31.374570846557617,64178400
2000-03-31,32.1712595502068,32.854140059527225,31.602192459106444,32.247135162353516,64281400
2000-04-03,28.662011271165852,29.28798504479158,27.315219212758983,27.58078384399414,260118200
2000-04-04,27.789444152788956,27.92222647979887,25.7787403437817,26.878936767578125,181244400
2000-04-05,26.78409011112108,26.859965720501027,26.06327182201159,26.215023040771484,82887600
2000-04-06,26.67027671115343,26.708214515863464,25.878325037831484,26.10120964050293,66421400
2000-04-07,26.40471352025082,27.125531849108242,25.797708611739306,27.03068733215332,82613600
2000-04-10,26.897914994516142,26.897914994516142,26.101220756314678,26.120189666748047,60685400
2000-04-11,25.83564637776814,26.120179928184086,25.342454890380495,25.456268310546875,71961800
2000-04-12,24.925151104063502,24.96308892918384,23.900829825814316,24.090518951416016,153003800
2000-04-13,24.545765741390387,24.963081696808153,23.97669852945707,24.052574157714844,94316200
2000-04-14,24.014644423383487,24.12845790406303,22.231566559403987,22.49713134765625,151217800
2000-04-17,22.53506756300196,23.06619710152389,22.15568932120058,23.02825927734375,119772200
2000-04-18,23.217935767813742,24.86823022189854,23.028246750102845,24.45091438293457,91794600
2000-04-19,24.716490905373885,24.735459816275934,23.711138627565123,23.881858825683594,53715400
2000-04-20,23.86289050479022,24.242268732211368,23.521450100111185,23.957735061645508,52387400
2000-04-24,20.410546716113924,20.638173631163518,19.72766597096513,20.220857620239258,313645800
2000-04-25,20.86579382956565,21.093420671342727,20.52435356690003,21.055482864379883,159517400
2000-04-26,21.24518113977769,21.586621550952685,20.448486847036026,20.63817596435547,107091200
2000-04-27,20.46744652614064,21.226202653152345,20.44847762296535,21.188264846801758,77669800
2000-04-28,21.472802589443848,21.548678216968387,20.714046314198484,21.169300079345703,78082600
2000-05-01,22.11774155312396,22.459181817237365,21.7573323854487,22.288461685180664,107811000
2000-05-02,22.098785777424656,22.307443840559138,21.093433291413064,21.207246780395508,97716200
2000-05-03,21.358994449314764,21.49177683043839,20.884771659587525,21.41590118408203,55354800
2000-05-04,21.340018579572728,21.624552160633698,21.036516093107693,21.37795639038086,43317200
2000-05-05,21.321048046038317,21.79527064492707,21.207234622305016,21.586612701416016,36402200
2000-05-08,21.529705103957024,21.66248742618407,21.150327040451174,21.188264846801758,36187600
2000-05-09,21.30208889833793,21.37796454891082,20.4864256546794,20.581270217895508,60778400
2000-05-10,20.562306196088493,20.60024403039862,19.955300847126473,20.088083267211914,67740000
2000-05-11,20.22085680882575,20.676110620656726,19.955292085257682,20.600234985351562,58390800
2000-05-12,20.770957879214585,21.16930501662418,20.714051145298928,20.8847713470459,37886000
2000-05-15,20.941669443491342,21.074451767861305,20.63816698778857,21.055482864379883,33899600
2000-05-16,21.11240420410101,21.434875786733283,20.96065287109759,21.093435287475586,48410600
2000-05-17,20.903742405406216,20.979618058420396,20.410550660814057,20.543333053588867,53242000
2000-05-18,20.65715078186381,20.65715078186381,19.993238681436598,20.088083267211914,53640400
2000-05-19,19.841481904131534,20.012202111719667,19.575917136772222,19.74663734436035,66578000
2000-05-22,19.76560707055141,19.803544896022718,18.94994382291829,19.4810733795166,69955000
2000-05-23,19.38622259409798,19.898383073589805,19.13962680767599,19.17756462097168,57963200
2000-05-24,19.15860220633653,20.20189242549347,19.120664380185367,19.89838981628418,85482400
2000-05-25,19.59488776253491,19.6517945033748,18.55159751380362,18.6654109954834,94348800
2000-05-26,18.83612191907508,19.006842057314433,18.323961504357026,18.646432876586914,55822000
2000-05-30,18.94994429864827,19.462104955368495,18.81716190616525,19.234477996826172,68536400
2000-05-31,19.31508667438061,19.33405557855383,18.836121844006822,18.987873077392578,54968200
2000-06-01,19.53796863094304,20.031160072112478,19.367248516692083,19.59487533569336,94507200
2000-06-02,20.031166357099732,20.258793247521318,19.727663836537612,20.12601089477539,80463200
2000-06-05,20.03591510737054,20.75199159996532,20.03117287894276,20.296737670898438,64400000
2000-06-06,20.695079911333014,21.20724045909286,20.58126645627527,21.131364822387695,99019000
2000-06-07,21.01755249077547,21.472806335341,20.37260954430763,21.396930694580078,76310600
2000-06-08,21.719403444475525,21.890123646222495,20.714051145298928,20.8847713470459,94765600
2000-06-09,21.13136719401374,21.15033610531896,20.733020056604147,20.8847713470459,35710200
2000-06-12,20.941680737076517,20.941680737076517,20.144986361209476,20.296737670898438,49260600
2000-06-13,20.258794626478334,20.638172803004146,20.069105538215428,20.600234985351562,44289200
2000-06-14,21.188272682487543,21.54868197610192,21.09342813153639,21.396930694580078,79992400
2000-06-15,21.491771215396017,22.060838414391498,21.43486449549647,21.965993881225586,65592600
2000-06-16,22.041876169446212,22.193627468375272,21.700435746855824,22.022907257080078,68710600
2000-06-19,22.022903282223766,22.402281461073443,21.852183101741414,22.364343643188477,46604800
2000-06-20,22.42124956781612,22.8385655496198,22.38331175128851,22.74372100830078,62275000
2000-06-21,23.369699113226787,24.944118777510734,23.350730201608908,24.48886489868164,160399600
2000-06-22,24.697517574113302,24.887206649183295,24.07154362638232,24.242263793945312,87315200
2000-06-23,24.261234605686376,24.299172423678066,23.36969588288164,23.578353881835938,49811600
2000-06-26,23.521454649151494,24.318149080816305,23.521454649151494,24.128459930419922,48287000
2000-06-27,24.05257644471812,24.318141168871158,23.78701172056508,23.9197940826416,31071200
2000-06-28,23.976703973016566,24.29917546632454,23.86289050479022,23.957735061645508,37459200
2000-06-29,23.749082514342025,23.9577405875511,23.388673115162714,23.426610946655273,38449000
2000-06-30,23.38866600394249,24.28020477294922,23.27485254406929,24.28020477294922,52356400
2000-07-03,24.185360223054886,24.299173682928085,24.090515673160553,24.28020477294922,15734800
2000-07-05,24.242263314070975,24.242263314070975,23.74907172865169,23.824947357177734,34824400
2000-07-06,23.938763318743025,24.792364229474746,23.824949863978794,24.56473731994629,47873200
2000-07-07,24.66432425488786,25.15277366812636,24.450924025803076,24.887208938598633,54153200
2000-07-10,24.488859967487617,24.678549045469705,24.09051290372523,24.109481811523438,52689800
2000-07-11,23.919801954597848,24.431962662586855,23.824957379044324,24.014646530151367,37164800
2000-07-12,23.749071838141415,24.58370375577578,23.42660041541905,24.375045776367188,58370200
2000-07-13,23.91979392605708,24.280203192191166,23.48350902494739,24.261234283447266,80843200
2000-07-14,24.128455263985025,24.204330909469252,23.80598377067705,23.957735061645508,51180600
2000-07-17,23.749073354841517,24.147420431879596,23.5214464536769,23.730104446411133,53992800
2000-07-18,23.55938265733658,24.12844987128191,23.502475935942048,23.824947357177734,70617200
2000-07-19,23.085153338440463,23.52143807696481,22.098770451341938,22.193614959716797,139924600
2000-07-20,22.288460361031362,22.83855853164405,22.19361584885676,22.70577621459961,54690600
2000-07-21,22.686818583627765,22.762694231064646,21.81424863810362,21.947031021118164,56100600
2000-07-24,21.87115506222018,21.890123973809267,21.245180979780226,21.41590118408203,56165600
2000-07-25,21.49176962306534,21.548676338748656,20.751982319182247,20.94167137145996,64188600
2000-07-26,20.960648470759942,21.093430859262494,20.410550004106515,20.581270217895508,85404600
2000-07-27,20.60022918082572,21.28310970615696,20.48641575993718,21.055482864379883,74337600
2000-07-28,21.529707699078614,21.79527237554302,21.131360684382006,21.15032958984375,75645600
2000-07-31,21.302078265853513,21.586611813482904,21.017544718224126,21.188264846801758,70283800
2000-08-01,21.226206594645923,21.26414440804118,20.695077207112334,20.84682846069336,47163600
2000-08-02,20.80888711912138,21.37795422356408,20.789918215639954,21.055482864379883,48269200
2000-08-03,20.69507673711539,21.358988456454565,20.676107830848558,21.3210506439209,54543400
2000-08-04,21.074454974955717,21.207237319532396,20.69507684759378,20.979610443115234,38107400
2000-08-07,21.302084950038363,21.586618586948937,21.169302586146763,21.24517822265625,52741800
2000-08-08,21.264151973627875,22.667851568675566,21.245183060181283,22.49713134765625,138038800
2000-08-09,22.383311525338428,22.7247518706402,22.19362244461522,22.535062789916992,63945600
2000-08-10,22.402273537575073,22.478149146508432,21.77629976387484,22.0418643951416,48986000
2000-08-11,21.984966278076172,22.06084191665452,21.738370452696543,21.984966278076172,35629600
2000-08-14,21.9470240390662,22.26949543808446,21.662490451697145,21.909086227416992,53427000
2000-08-15,21.85218243823626,22.15568497210065,21.70043117130406,21.73836898803711,40714200
2000-08-16,21.814245992982894,21.928059450337585,21.415898892241465,21.548681259155273,44976200
2000-08-17,21.58661425394783,21.852178928425218,21.41589410606951,21.719396591186523,36112800
2000-08-18,21.586619078273504,21.681463626069082,21.245178706209426,21.548681259155273,54438800
2000-08-21,21.453832950423248,21.49177076289084,21.26414388808529,21.434864044189453,34119600
2000-08-22,21.491769437622604,21.984960969289144,21.311564839513675,21.62455177307129,54428200
2000-08-23,21.491770114157312,21.58661464246339,21.358987774528803,21.472801208496094,36726800
2000-08-24,21.434861469771615,21.60558160537157,21.226203526260566,21.586612701416016,42405400
2000-08-25,21.453832950423248,21.757335450163986,21.41589513795566,21.434864044189453,52729400
2000-08-28,21.302083823682967,21.890119975538862,21.28311491555858,21.643524169921875,56421600
2000-08-29,21.605586402321702,22.07980910649909,21.510741861486228,21.52971076965332,59400200
2000-08-30,21.453836223057337,21.529711859566824,21.15033367701939,21.24517822265625,53498800
2000-08-31,21.510736200781732,21.852176457937,21.150327040451174,21.188264846801758,72575400
2000-09-01,21.245177244354547,21.434866326893427,21.15033270308511,21.30208396911621,37629800
2000-09-05,21.245175665925103,21.45383364121544,21.188268945391375,21.283113479614258,50755200
2000-09-06,21.264146252004654,21.45383533543021,21.03651935189399,21.0744571685791,62960800
2000-09-07,21.245177895973878,21.871151887551683,21.07445771645266,21.26414680480957,111711200
2000-09-08,21.35900113902939,21.51075247927116,20.99859170595518,21.036529541015625,56709600
2000-09-11,20.979615903571993,21.15033610531896,20.65714441138327,20.8847713470459,48495200
2000-09-12,20.865802239934236,21.036522440079153,20.524361839644403,20.67611312866211,46781200
2000-09-13,20.505392277197085,20.865801577166323,20.391578814048906,20.71405029296875,40744800
2000-09-14,20.846824135196172,20.865793037957953,19.936316802630735,19.974254608154297,78503000
2000-09-15,19.86045163422968,19.91735837243664,19.215508601217447,19.4810733795166,99915200
2000-09-18,19.50003119120522,19.613844602827044,18.87405742728521,19.12065315246582,69037800
2000-09-19,19.310350825236394,19.955293780106764,19.23447518348694,19.7276668548584,79311200
2000-09-20,19.689727234005463,19.727665051412025,19.177566699016882,19.500038146972656,67791400
2000-09-21,19.42416664130964,19.76560707055141,19.29138425216006,19.4810733795166,48952200
2000-09-22,18.55159407453575,19.272412658208918,18.513656254342422,19.196537017822266,84476600
2000-09-25,19.19653603690011,19.272411673409596,18.342935126168385,18.58953094482422,53484200
2000-09-26,18.49468650513608,19.993230334783004,18.342935231247782,19.025815963745117,155704800
2000-09-27,19.25344618571173,19.29138401070821,18.15324926081392,18.399845123291016,106155600
2000-09-28,18.456746364830707,18.779217781276877,18.399839644281386,18.608497619628906,52360400
2000-09-29,18.51364676519997,18.608491267070868,17.792828550981117,18.304988861083984,74053600
2000-10-02,18.361907604128813,18.456752168199728,17.679026742818237,17.944591522216797,58562400
2000-10-03,18.077374128478667,18.15324978064437,17.147897389448808,17.166866302490234,85374000
2000-10-04,17.109957861658415,17.166864595122913,16.54089052701346,16.825424194335938,136453400
2000-10-05,16.84439152358079,17.375520986036037,16.76851588608718,16.806453704833984,81099400
2000-10-06,16.939235084370633,17.223768708408215,16.61676364379471,16.863359451293945,61794000
2000-10-09,16.882323976756517,16.920261783445856,16.085630036280367,16.4460391998291,58323600
2000-10-10,16.370167337878602,16.863358937861037,16.332229522495336,16.559856414794922,62066200
2000-10-11,16.389137644404254,17.28067638200495,16.389137644404254,16.92026710510254,101205800
2000-10-12,17.090986841574484,17.261707020902087,16.332230489007358,16.50295066833496,90219600
2000-10-13,16.351195024889567,16.654697484748308,15.820065720136775,16.313257217407227,104521200
2000-10-16,16.23739498128962,16.332239578142946,15.042353060937696,15.288949012756348,119759000
2000-10-17,15.744201749969443,15.91492200990887,15.251009887922208,15.307916641235352,81276600
2000-10-18,15.061316695190284,16.16151363262232,14.700907353617719,15.706259727478027,110536400
2000-10-19,17.735930548773872,18.874065129443853,17.60314818102904,18.779220581054688,256993200
2000-10-20,18.608496624808524,20.06910237415639,18.551589907301466,19.784568786621094,160378600
2000-10-23,19.61385124406105,20.10704286141655,18.41881001739195,18.85509490966797,185170400
2000-10-24,19.00685144052273,19.101696008589208,18.267063809604178,18.6654109954834,94427400
2000-10-25,18.798188945225306,19.253442764282227,18.342935126168385,18.58953094482422,167603800
2000-10-26,18.51365216141413,19.746631045114867,18.456745443704865,19.556941986083984,114826600
2000-10-27,19.632825217418723,20.99858697167394,19.61385630416518,20.543333053588867,124292400
2000-10-30,20.486421058620266,21.28311521089994,20.448483241845043,20.960643768310547,110057600
2000-10-31,20.94166628635081,21.093417491324367,20.6381638764037,20.903728485107422,104474000
2000-11-01,20.789924457214468,21.26414718662173,20.770955548038177,21.131364822387695,81309400
2000-11-02,21.358990041097005,21.501256848653156,21.13136314900716,21.34002113342285,77985200
2000-11-03,21.017552861363896,21.131366324512076,20.65714356139466,20.71405029296875,68711000
2000-11-06,20.846839371345023,21.28312445372986,20.71405695496703,21.093435287475586,74851400
2000-11-07,21.16930377229731,21.81424671876515,21.09342813153639,21.396930694580078,104331200
2000-11-08,21.586617693828096,21.965995860679207,20.638172276700324,21.0744571685791,206149400
2000-11-09,20.789921822791797,21.643522627559708,20.770952916019176,21.510740280151367,91058600
2000-11-10,21.226205749724038,21.340019185379393,20.277760452596066,20.4484806060791,93744400
2000-11-13,20.239816028670333,20.676100722821612,19.547451187951992,20.1639404296875,83364800
2000-11-14,20.638175500078056,21.188273927929398,20.429517475720647,20.8847713470459,84218600
2000-11-15,20.960644263438514,21.510742619673554,20.84683081042437,21.26414680480957,60422200
2000-11-16,21.07445403347206,21.700427915654394,20.92270278930664,20.92270278930664,92128600
2000-11-17,21.074457218636216,21.245177394124717,20.57652337346142,20.960643768310547,106525600
2000-11-20,20.6761103962743,20.78992384799691,19.89838514283646,20.391576766967773,80157200
2000-11-21,20.44848246767952,21.017549697763364,20.44848246767952,20.56229591369629,59487600
2000-11-22,20.050138424604366,21.093428503462682,20.031169514079668,20.71405029296875,76343200
2000-11-24,20.94167223564741,21.377957073890062,20.789920987563008,21.226205825805664,34439200
2000-11-27,21.68146142529556,21.92805722453339,21.434865626057725,21.453834533691406,85307600
2000-11-28,21.055483657922316,21.169297083100275,20.277758585872935,20.334665298461914,127446200
2000-11-29,20.27776687907898,20.37261143885016,19.19653889768749,19.74663734436035,98280400
2000-11-30,18.81715914990128,18.836128060334648,17.299646315231822,17.41345977783203,197200800
2000-12-01,17.62211596465795,18.39984121175265,17.01511089375477,17.18583106994629,109809800
2000-12-04,17.375513408403197,17.906642639227748,16.74953967207426,17.128917694091797,80407200
2000-12-05,17.96356028355736,18.361907449296222,17.679026593743885,18.172218322753906,101734400
2000-12-06,18.21014976291173,18.22911866891476,17.015108684720644,17.204797744750977,90560800
2000-12-07,16.21841209636015,16.389132223690257,15.858002938663258,16.123567581176758,145308400
2000-12-08,16.5788221479694,16.95820022915863,16.21841297083963,16.521915435791016,120939800
2000-12-11,16.844385366778585,17.830768293662015,16.692634147258055,17.62211036682129,95576200
2000-12-12,17.546246393844964,18.210158419558017,17.223774838498624,17.71696662902832,63106000
2000-12-13,18.361903977706444,18.361903977706444,17.242738342701607,17.375520706176758,98360400
2000-12-14,17.584184279312957,17.82603794658506,16.806458761026192,16.844396591186523,71201400
2000-12-15,15.492851750823414,15.782127525785222,14.492242103004699,14.928526878356934,116899800
2000-12-18,14.871623499253218,15.17512601964614,14.264618458467371,14.511214256286621,107187400
2000-12-19,14.39740623889109,14.568126470972803,13.505867249131036,13.600711822509766,120271800
2000-12-20,12.993704073400384,13.354113383465503,12.557419119111028,12.595356941223145,149037800
2000-12-21,12.367724916746289,13.695548144004327,12.234942594020486,13.183387756347656,163173000
2000-12-22,13.581741928572931,14.302560634279315,13.581741928572931,14.093902587890625,109551800
2000-12-26,14.226679801940918,14.73884027481079,13.923177299499512,14.226679801940918,66941600
2000-12-27,13.999058021350312,14.207716067739002,13.657617581805182,14.093902587890625,69003800
2000-12-28,13.695548085644736,14.03698834262757,13.316170022330478,13.52482795715332,77619200
2000-12-29,13.335145103828365,13.904212462455463,13.050611424514814,13.164424896240234,99977600
2001-01-02,13.392051839691074,13.657616607050388,13.012673600606341,13.164424896240234,82413200
2001-01-03,13.107517090738984,14.8336879377104,13.088548180332705,14.549154281616211,135962200
2001-01-04,14.511211044557632,15.326873887585055,14.226677494664346,14.700900077819824,112397000
2001-01-05,14.71987114243835,15.137187076888923,14.435337550767507,14.909560203552246,93414600
2001-01-08,14.852649688720703,15.099245405136246,14.16976924326228,14.852649688720703,79817600
2001-01-09,15.17512433060116,15.97181835795772,15.099248708948153,15.72522258758545,114965400
2001-01-10,15.478631635084222,16.332232644371953,15.402755989814201,16.047698974609375,90230200
2001-01-11,16.085638878562236,16.92027108452537,15.876980827071451,16.692644119262695,101854800
2001-01-12,16.654710542375796,16.692648379602165,15.933891635074794,16.237394332885742,73712000
2001-01-16,16.199452904827105,16.23739073364403,15.51657198612245,15.95285701751709,68462400
2001-01-17,16.27532944121918,16.65470774987231,15.952857878864023,16.06667137145996,72844200
2001-01-18,16.294298053861738,17.053054657068337,15.971826497498933,16.844396591186523,109788800
2001-01-19,18.210152172651448,18.646437068454553,17.86871181941423,18.513654708862305,209348800
2001-01-22,18.437785618518344,18.5136612794999,17.906655991647444,18.248096466064453,76673000
2001-01-23,18.134273147189333,18.49468234153724,17.887677382635502,18.380868911743164,70295200
2001-01-24,18.513655994949417,19.253443478354157,18.437780355625854,19.10169219970703,110455000
2001-01-25,19.044785649036374,19.42416384921638,18.684376358865368,18.760251998901367,85657400
2001-01-26,18.51365977525711,19.519012201577425,18.51365977525711,19.42416763305664,93080000
2001-01-29,19.291384502898815,19.613856023596238,19.272415589916612,19.575918197631836,84983800
2001-01-30,19.575918434639654,19.651794087487094,19.082726691131292,19.234477996826172,57276800
2001-01-31,19.12065354096365,19.348280368832263,18.51364866664734,18.532617568969727,81898800
2001-02-01,18.456748421540958,19.00684678148411,18.32396605879606,18.930971145629883,71792800
2001-02-02,18.968905598874695,19.23447027725894,18.437776242106203,18.456745147705078,71100000
2001-02-05,18.437778014828773,18.836125070704703,18.286026755447466,18.798187255859375,51399200
2001-02-06,18.836121844006822,19.367251160856963,18.722308418967504,18.987873077392578,96442000
2001-02-07,18.817153414666365,19.746629742608555,18.76024670071072,19.632816314697266,126061800
2001-02-08,19.348289765507342,19.575916703925078,18.81716024253263,18.893035888671875,88041200
2001-02-09,18.608503470713188,18.68437912196992,17.75490239407497,17.944591522216797,100575200
2001-02-12,17.84974130671075,18.03943037479482,17.356549729692176,17.830772399902344,71289400
2001-02-13,18.096338134831182,18.53262301648854,17.641084345275683,17.660053253173828,76070600
2001-02-14,17.489339648783847,17.90665577923205,17.109961348376387,17.71696662902832,61728400
2001-02-15,17.90664387458696,18.26705302036784,17.5652036312156,17.8497371673584,65627800
2001-02-16,17.29965043561929,17.67902873464603,17.034085626300573,17.394495010375977,66958400
2001-02-20,17.413456116746737,17.679020806980347,16.806451110498486,16.958202362060547,60730800
2001-02-21,16.768507639567055,17.622108141581215,16.749538739522297,17.072010040283203,63947200
2001-02-22,17.090990293336482,17.24274159449818,16.351202700173193,16.749549865722656,100816400
2001-02-23,16.52191315873604,17.451389329548974,16.483975355845715,17.22376251220703,92620600
2001-02-26,17.48933168473299,18.191181220888218,17.413456059202694,18.077367782592773,87936800
2001-02-27,18.02046775817871,18.5705662476389,17.807067482095015,18.02046775817871,99148600
2001-02-28,18.07736495187727,18.23385840502836,17.660049076807702,17.906644821166992,84608400
2001-03-01,17.77386867224966,18.058402322285673,17.072019002160825,18.015722274780273,81781600
2001-03-02,17.451393522790408,17.641082582820736,17.128922120738846,17.204797744750977,79800800
2001-03-05,17.37552162975689,17.792837651432276,17.166863618919198,17.43242835998535,49383600
2001-03-06,17.792834826448363,18.21015078186613,17.716959198190587,18.039430618286133,66781800
2001-03-07,18.172210320139765,18.551588406155208,18.001490181432814,18.418806076049805,59743600
2001-03-08,18.30500407560968,18.390364198242057,17.735936591393838,17.982532501220703,54626000
2001-03-09,17.584175864811638,17.66005148882377,16.65469947066302,17.204797744750977,103794400
2001-03-12,16.59779256001276,16.69263708892712,15.668316176652047,15.763160705566406,114376000
2001-03-13,15.839034292799653,16.61675932993113,15.782127582765641,16.4460391998291,91035600
2001-03-14,15.933881600697834,16.768513494067722,15.839037067360348,16.389135360717773,90686200
2001-03-15,16.78748407241768,17.01985320223363,16.23738572428196,16.294292449951172,71638400
2001-03-16,15.93388246097106,16.730576584019612,15.929140234048152,16.559856414794922,112848800
2001-03-19,16.54089264161842,16.844395258895823,16.12357654286199,16.483985900878906,61036400
2001-03-20,16.55985961520375,17.034082399144292,15.971823363117474,15.990792274475098,91822800
2001-03-21,15.858003423455056,16.161505881320224,15.099247278792136,15.194091796875,124988600
2001-03-22,15.345845494005415,16.40810426738527,15.326876587337917,16.389135360717773,126363200
2001-03-23,16.673674563413165,17.299648693780213,16.502954346040333,17.166866302490234,99519600
2001-03-26,17.33758144314871,17.45139488807091,16.86335875597287,17.01511001586914,63118600
2001-03-27,17.01510639968348,17.773862537907938,16.958199689316647,17.679018020629883,95135600
2001-03-28,17.413457791099933,17.584177965522482,16.80645272648643,16.863359451293945,78681600
2001-03-29,16.806453704833984,17.356552076662634,16.55985788297976,16.806453704833984,86985000
2001-03-30,16.920264997209824,17.053047345842636,16.351197788783484,16.597793579101562,91201600
2001-04-02,16.635729397798304,17.28067215666392,16.57882268378075,16.939231872558594,75924000
2001-04-03,16.787479833920052,16.787479833920052,16.009754779467258,16.199443817138672,94187600
2001-04-04,16.199445538572455,16.69263708892712,15.497596024606201,15.763160705566406,104046600
2001-04-05,16.313255242839258,17.41345152665865,16.23737963705861,17.22376251220703,113364000
2001-04-06,17.109951986752044,17.35654774709326,16.711604989277774,17.05304527282715,92622000
2001-04-09,17.169138942243304,17.42711564335004,16.892951671571137,17.345170974731445,56295600
2001-04-10,17.58797214054029,18.237467380408873,17.536376107532913,18.1130313873291,109199400
2001-04-11,18.407428672590637,18.6654053566888,18.119101041217814,18.222291946411133,109879600
2001-04-12,18.076611694485308,18.911243679267745,18.012875281196486,18.871788024902344,87520000
2001-04-16,18.635055472183932,18.68968601922955,18.2465714534406,18.449918746948242,65857400
2001-04-17,18.367973928462533,18.850543015179046,18.222292847649854,18.65933609008789,85149200
2001-04-18,19.239025997992115,20.125252867014645,19.120660191573243,19.858171463012695,156696400
2001-04-19,19.973497073145108,20.94167070618657,19.955287665677783,20.65030860900879,159375600
2001-04-20,21.33622552641369,21.579026124005054,20.78992012963779,20.94167137145996,192919600
2001-04-23,20.671560118636695,20.780821228502216,20.304322288743467,20.71405029296875,92171200
2001-04-24,20.69887123924644,21.223931625331332,20.37715930433391,20.501596450805664,89176600
2001-04-25,20.507668167051026,21.181444229952433,20.410547439144388,21.151094436645508,76744000
2001-04-26,21.266427606584415,21.548685124070648,20.714052953772136,20.98113441467285,118737600
2001-04-27,21.102527827127147,21.14805366388171,20.09489964970594,20.3710880279541,121572400
2001-04-30,20.79902751092469,20.959883477475245,20.54105082972811,20.56229591369629,74368200
2001-05-01,20.53498231903271,21.33622881407314,20.51677059264051,21.296772003173828,83702800
2001-05-02,21.54867711596209,21.594202953258797,21.047897536778862,21.172334671020508,92864400
2001-05-03,21.017535173646937,21.299792417336967,20.680647420999524,20.799013137817383,66273400
2001-05-04,20.638169359402607,21.563852881886028,20.6260289819146,21.472801208496094,119538400
2001-05-07,21.49708409717551,21.897707331882824,21.45762728753812,21.66400909423828,109356200
2001-05-08,21.776308700336937,21.882534133327987,21.472806140053496,21.870393753051758,75084000
2001-05-09,21.62151621504867,21.6397279385745,21.202683622597487,21.366575241088867,76676600
2001-05-10,21.58813526608449,21.621520731391914,21.23303784294985,21.24517822265625,64334600
2001-05-11,21.233040540384334,21.24518092163304,20.835452895538307,21.063079833984375,51128800
2001-05-14,20.981133851472872,21.00237894079763,20.72922845391961,20.856698989868164,44968000
2001-05-15,20.8627679754686,21.032731005220395,20.638176700898555,20.720121383666992,61385600
2001-05-16,20.547114945483123,21.208750379320435,20.434820520892067,20.990230560302734,91893800
2001-05-17,20.972027229009434,21.287670181256427,20.50159963247603,20.689769744873047,106984800
2001-05-18,20.544080538628503,21.002367547676506,20.41053872643448,20.66547966003418,90605400
2001-05-21,20.65335366187952,21.24214715427973,20.56230195211127,20.877944946289062,103491600
2001-05-22,21.078242113195678,21.351394753920182,20.996297478748176,21.33925437927246,83455600
2001-05-23,21.363548476996503,21.73078635627477,21.096467014487168,21.154130935668945,93637400
2001-05-24,21.226968230625655,21.785411788610844,21.023619770527876,21.767202377319336,80781600
2001-05-25,21.749000733379347,21.82184072009976,21.354446367189354,21.521373748779297,52747600
2001-05-29,21.487992416957567,21.776319060178725,21.26036538845396,21.348379135131836,71210800
2001-05-30,21.11163834269686,21.421212265411018,20.835452203964152,20.999343872070312,86501800
2001-05-31,21.090382847001152,21.360499819778745,20.759566315490964,20.99629783630371,70682600
2001-06-01,21.123787782026668,21.457640294056922,20.85063488471396,21.348379135131836,57587600
2001-06-04,21.412098809258367,21.5547430159416,21.184471971380525,21.481903076171875,43736600
2001-06-05,21.475831717999604,22.17995723421895,21.39692044107149,22.03427505493164,89454200
2001-06-06,22.122302758178378,22.30137048354678,21.715610414511318,21.96144676208496,80022800
2001-06-07,21.888603068050394,22.377242321478242,21.87646268911262,22.3620662689209,66960000
2001-06-08,22.368129152923768,22.3833052013101,21.867351973733143,22.21334457397461,51867000
2001-06-11,22.11015875976848,22.11015875976848,21.70346648263968,21.88860321044922,47345600
2001-06-12,21.55473928326884,21.976609746709787,21.49100405756498,21.876453399658203,66714600
2001-06-13,21.867359210676426,21.94323484663916,21.43941951238709,21.4545955657959,55302400
2001-06-14,21.31194093905452,21.412097296373748,20.759566610787562,20.911317825317383,71972400
2001-06-15,20.489452921842503,20.729220157136712,20.15256498628711,20.644237518310547,108354400
2001-06-18,20.623003655641153,20.626039330421275,20.03421010307459,20.298255920410156,56846800
2001-06-19,20.70190065599941,20.89614202767857,20.289137162296246,20.43178367614746,63457400
2001-06-20,20.3771549174486,21.12073501598081,20.36501454122056,21.06610679626465,64108400
2001-06-21,20.987198163081448,21.412102122645944,20.917391569825874,21.196613311767578,69603800
2001-06-22,21.245176899306845,21.430313626101192,20.814203866507775,20.890079498291016,51092000
2001-06-25,20.97202048542575,21.18750696405094,20.568361639369787,20.89614486694336,49215600
2001-06-26,20.583538730924438,21.308909495080734,20.547117598615333,21.28766441345215,63077000
2001-06-27,21.20268649733288,21.709535156335335,21.05093523543702,21.591169357299805,69199800
2001-06-28,21.715600636605213,23.111711405751475,21.4060268492726,22.076766967773438,128975600
2001-06-29,22.034283945670236,22.28012257769117,21.6700818238075,22.155685424804688,94283800
2001-07-02,21.867354690927915,22.201206957052122,21.29069951369146,21.427274703979492,72810200
2001-07-03,21.336230134573768,21.487981409170906,21.223933357777238,21.38782501220703,28037400
2001-07-05,21.311944357636165,21.46369559650792,20.771710317739128,20.79295539855957,49242600
2001-07-06,20.729220867370657,20.75957065307836,19.931007841570793,20.049373626708984,67467800
2001-07-09,20.091864994351745,20.307353811537883,19.739803291063264,19.93708038330078,66476600
2001-07-10,20.000810462086836,20.10703584874584,19.530380772617253,19.56983757019043,66562600
2001-07-11,19.48790114989882,20.258798011263508,19.484865475628048,20.18292236328125,73822600
2001-07-12,21.45762692075479,21.86735716913354,21.3453324719598,21.73077964782715,128078000
2001-07-13,21.670086272946993,21.85218737126599,21.530475353717726,21.651874542236328,58934600
2001-07-16,21.685260037286692,21.900748922885704,21.29070804309065,21.603315353393555,55990800
2001-07-17,21.445484740395273,21.85521259456811,21.287662165925447,21.79754638671875,63241000
2001-07-18,21.427292806732027,21.70044573362029,21.205737105036416,21.418188095092773,57590800
2001-07-19,21.615452821338852,22.15568701084274,21.615452821338852,22.02518081665039,76549400
2001-07-20,20.647269584741956,21.06306874023341,20.61995547797421,20.99629783630371,124203600
2001-07-23,21.014515175621007,21.014515175621007,20.137393022168702,20.361984252929688,79999400
2001-07-24,20.334666234119567,20.63513304206352,19.940112082465358,20.128284454345703,67530200
2001-07-25,20.11007518701203,20.492486648689873,19.912798109806054,20.480348587036133,74065400
2001-07-26,20.371095829930773,20.431795425157514,19.879420772646093,20.210237503051758,77974000
2001-07-27,20.046345690880926,20.107045278713535,19.742843120636195,19.87031364440918,65396000
2001-07-30,19.924944578955312,20.298251450759526,19.891559110349615,19.970470428466797,42196400
2001-07-31,20.034206112468528,20.453038842583553,19.985644587825135,20.088836669921875,59031600
2001-08-01,20.273975003951563,20.277008362821498,19.958332015894346,20.173818588256836,55679000
2001-08-02,20.398402952281824,20.498559334018772,20.11007650059825,20.471242904663086,54198400
2001-08-03,20.425723862396094,20.443933275600894,20.031169595659193,20.301286697387695,43260400
2001-08-06,20.19202104679276,20.37108872669208,19.934044383721847,20.070619583129883,27831600
2001-08-07,20.043299408665696,20.349837490725285,20.02812336196923,20.13738441467285,31347800
2001-08-08,20.18595850818049,20.40751410875121,19.572881961487198,19.685178756713867,54996400
2001-08-09,19.72159102110378,19.89458733201083,19.515209254097122,19.730695724487305,45536200
2001-08-10,19.65785968403754,19.988678676695763,19.090311381911103,19.885486602783203,51756400
2001-08-13,19.800498926892182,20.028125761371527,19.651783376716846,19.97956657409668,32675400
2001-08-14,19.95529119247821,20.058480940417127,19.56073698032707,19.63357925415039,36481200
2001-08-15,19.63964855843217,19.74284062334375,19.181360244750977,19.181360244750977,39503000
2001-08-16,19.072099890074703,19.63964932254826,19.02960971920518,19.612335205078125,43905600
2001-08-17,19.357394968690755,19.46362041290008,18.665409428651692,18.78074073791504,52234200
2001-08-20,18.713966757549077,19.04478457577373,18.54400491664924,19.02960968017578,48371200
2001-08-21,19.029603735878823,19.181354959996245,18.425633354472698,18.44687843322754,47111800
2001-08-22,18.553115658397278,18.559185849786555,17.93093551312899,18.41046905517578,78107200
2001-08-23,18.413504025488006,18.674516472802306,17.906655188591678,17.94307518005371,51813200
2001-08-24,18.08874381907269,18.90213039955072,17.976448247536723,18.832324981689453,63399000
2001-08-27,18.78681502443986,19.22992862798916,18.686658591403926,18.911251068115234,44562800
2001-08-28,18.92034550061304,19.105482206984338,18.386181621203345,18.434741973876953,47422800
2001-08-29,18.528831639763546,18.604707282152233,18.070543269154857,18.286029815673828,48170000
2001-08-30,17.918787115671652,18.106958333491963,17.153960709271875,17.281431198120117,97632000
2001-08-31,17.254120498235675,17.621359484794244,17.087194317674737,17.314821243286133,57900800
2001-09-04,17.357312852066432,17.930933724543873,17.017390272567976,17.0264949798584,67189200
2001-09-05,17.05077231311693,17.72151262989953,16.811005035355457,17.52423667907715,89470600
2001-09-06,17.166109951994777,17.721519188168493,16.96579825337579,17.00221824645996,112356800
2001-09-07,17.02952379911378,17.408901887107685,16.786722054351685,16.814037322998047,89863800
2001-09-10,16.66835595242988,17.587969271026797,16.601586192885527,17.47567367553711,84471800
2001-09-17,16.395214880578145,16.722997172298456,16.024941241213142,16.058326721191406,127502000
2001-09-18,16.210072168886427,16.69264130005333,16.13723104288539,16.48625946044922,83182600
2001-09-19,16.528742618261653,16.60158371334091,15.357223013645566,16.34967613220215,126950200
2001-09-20,15.88835947365622,15.967270792180715,15.378475050685697,15.405790328979492,117983200
2001-09-21,14.543840711728974,15.357227586420489,14.416370204597005,15.08711051940918,184976600
2001-09-24,15.372403326030788,15.918707638470043,15.135670569683253,15.785165786743164,85580200
2001-09-25,15.86407902263452,16.085635753514634,15.223688432864543,15.569681167602539,84940600
2001-09-26,15.633411031910871,15.721427022200162,15.038546494768756,15.257068634033203,58524400
2001-09-27,15.205478838799147,15.381510891437278,14.568123882066907,15.162988662719727,81191200
2001-09-28,15.059803481322142,15.65770416411901,14.86556194073883,15.530232429504395,116641200
2001-10-01,15.460421157698091,15.933885603867525,15.299565159231314,15.718399047851562,69999600
2001-10-02,15.669843482589894,16.252568064651005,15.648598387896259,16.10081672668457,80860800
2001-10-03,15.927815688051922,17.278402436947495,15.90353608303925,17.065950393676758,97199200
2001-10-04,17.27536169419018,17.724546411725765,17.059875197679702,17.129680633544922,101778000
2001-10-05,17.0446993909751,17.60314400574399,16.67442599140233,17.518163681030273,80844400
2001-10-08,17.238942253407025,17.800422588864524,17.220732843867665,17.615285873413086,60605800
2001-10-09,17.451390228488194,17.472635306579544,16.446796739407617,16.559093475341797,99477600
2001-10-10,16.267730131431623,16.920260832939963,16.085629132660415,16.84741973876953,86349200
2001-10-11,16.923299891896466,17.251083167020376,16.56820250161579,17.09326171875,83742600
2001-10-12,16.905089384708166,17.190381316276532,16.556061048599616,17.11147117614746,63307000
2001-10-15,16.965791558438013,17.754897657903395,16.950615506018476,17.621356964111328,68437000
2001-10-16,17.563685516223106,17.879328325175056,17.363373956267043,17.739717483520508,66169000
2001-10-17,17.943074045469842,17.99770460809379,16.990076031784053,17.005250930786133,73710600
2001-10-18,17.09932656503756,17.475670079128317,16.84438448330379,17.22376251220703,78348000
2001-10-19,17.421042721387668,17.606178260664823,16.883843195745243,17.57279396057129,91219600
2001-10-22,17.572803044344486,18.26478868223816,17.442296818563392,18.258718490600586,72323600
2001-10-23,18.352800475679505,18.647197176439903,18.028052823757456,18.340660095214844,80325000
2001-10-24,18.361899248942592,18.701821687722614,18.09481675387327,18.61077117919922,79141400
2001-10-25,18.39528947904805,18.99925889660446,18.079646553673566,18.987119674682617,75318200
2001-10-26,18.914281008981963,19.311869812221904,18.841441036916475,18.87786102294922,64509400
2001-10-29,18.84751104814386,18.87786200288872,18.070545131004202,18.100894927978516,55129400
2001-10-30,17.88236512536778,18.07053749192692,17.660808459357874,17.87022590637207,57395600
2001-10-31,17.99769930925219,18.431708008001177,17.633496051577275,17.648672103881836,64700000
2001-11-01,18.234438260779907,18.893038401121213,18.088755981981294,18.76860237121582,109671200
2001-11-02,18.795919205385225,19.126737140165492,18.36494484038426,18.63506317138672,83360000
2001-11-05,18.774660198769165,19.433259905395776,18.741274746770603,19.202598571777344,66401600
2001-11-06,19.029607859488323,19.70945400027201,18.865716224062314,19.660892486572266,68612000
2001-11-07,19.49093344128158,19.742841104590894,19.43326721785061,19.500038146972656,58899000
2001-11-08,19.563774214777997,20.049377834639582,19.320972404847204,19.551633834838867,74227800
2001-11-09,19.527350976737832,19.924940851515764,19.396845958611266,19.791399002075195,48013600
2001-11-12,19.636609303921688,20.164705280236394,19.317933092911233,19.96742820739746,57752800
2001-11-13,20.273970095597655,20.62299615551234,20.213268199778163,20.60782241821289,60159600
2001-11-14,20.707969067752952,20.74135220032313,19.9674224959236,20.015981674194336,88625600
2001-11-15,20.061513645098053,20.34984239301211,19.864236568217944,20.067584991455078,77922000
2001-11-16,20.140434255438834,20.216309911218655,19.712494445380848,19.955297470092773,59249000
2001-11-19,20.10705420441663,20.325576522483406,19.9401267904651,20.195070266723633,56005000
2001-11-20,20.167743983466956,20.577474287789283,19.736770908320132,19.84906768798828,65921800
2001-11-21,19.533423730852018,19.606263692366184,19.266341170502688,19.43933868408203,50785200
2001-11-23,19.5394882516316,19.669994406798207,19.308826883063908,19.639644622802734,15754600
2001-11-26,19.72462720666912,19.943149381365682,19.545561839678545,19.770153045654297,41983600
2001-11-27,19.663936252057166,19.748916620461948,19.044790590840574,19.345258712768555,90819000
2001-11-28,19.172258865190578,19.460587727205983,19.038718136741736,19.05996322631836,54536600
2001-11-29,19.15708397616731,19.69731939676261,19.105489089389913,19.679107666015625,54034400
2001-11-30,19.62447540565138,19.75194591709702,19.402917531961048,19.487897872924805,48234200
2001-12-03,19.372563331267454,19.7974672549074,19.363457469829566,19.657854080200195,47211800
2001-12-04,19.72766919569536,20.055452562676777,19.45451638987751,20.031171798706055,51005800
2001-12-05,20.179877034582606,20.689761237706968,19.78835860043891,20.668516159057617,74243000
2001-12-06,20.63210496741904,20.941676558577466,20.501598774504824,20.835451126098633,56026200
2001-12-07,20.714050802621728,20.89311621092103,20.198097349871684,20.586580276489258,42334800
2001-12-10,20.49249521538545,20.774752735403837,20.2921846967982,20.35288429260254,38367400
2001-12-11,20.53497570734315,20.677619905654566,20.35590806797467,20.43178367614746,54334000
2001-12-12,20.383232307836224,20.632104305462196,20.10704387671167,20.622997283935547,47884200
2001-12-13,20.374123855090524,20.71101184614995,20.052411916635425,20.11311149597168,53227800
2001-12-14,20.037234892010527,20.62299483479781,20.009920777296397,20.468210220336914,43000600
2001-12-17,20.386261122148664,20.975056677102224,20.383227764523255,20.93560218811035,57079800
2001-12-18,20.917393278437174,21.06307550795984,20.820272563935557,21.023618698120117,47255200
2001-12-19,20.82634919435087,21.211796476564388,20.774751992666605,21.090394973754883,56996200
2001-12-20,20.9871982557835,21.017548042556385,20.219337304281968,20.26182746887207,78585000
2001-12-21,20.641204582380603,20.64423794003125,20.334666425231088,20.498558044433594,84307600
2001-12-24,20.55318630236759,20.647271320976664,20.39536373152792,20.416608810424805,11701600
2001-12-26,20.462136756349455,20.962916314161294,20.453032052386725,20.541048049926758,29328000
2001-12-27,20.632100543926168,20.853656067660726,20.413578377940112,20.59264373779297,32406600
2001-12-28,20.70797399266127,20.896144037078994,20.547115742813183,20.598712921142578,28787200
2001-12-31,20.589614122915346,20.783857906367498,20.107046127319336,20.107046127319336,43006200
2002-01-02,20.22845117368098,20.368062108522146,19.882458353522143,20.346817016601562,48124000
2002-01-03,20.36805231098771,21.01754745504107,20.36198096447867,21.011478424072266,67590800
2002-01-04,21.017543212380303,21.217855927018757,20.841511247796163,20.911317825317383,52731400
2002-01-07,21.169302854312832,21.251247523943235,20.744398821369025,20.808134078979492,58508800
2002-01-08,20.847595420300525,21.202692925057068,20.638177874425086,21.057010650634766,47736400
2002-01-09,21.160202687686194,21.433355504286684,20.805105183876158,20.85366439819336,76304000
2002-01-10,20.783854559128063,21.18447781161717,20.67762681973442,21.026655197143555,50296600
2002-01-11,21.09949117996472,21.342294087755025,20.66851821840006,20.823305130004883,72993200
2002-01-14,20.72922025876941,20.953811445060765,20.559257295823922,20.78081512451172,50997800
2002-01-15,20.838481683324893,21.12984379038566,20.789920174378004,21.108598709106445,60717400
2002-01-16,20.896144037078994,21.196610825985378,20.59264157520264,20.598712921142578,61955400
2002-01-17,20.799025529975406,21.24517456635531,20.759571039375242,21.20268440246582,78958000
2002-01-18,20.365024132167395,20.592651083679417,19.85513966815882,20.061521530151367,107140400
2002-01-22,20.21630899688637,20.22237803023612,19.50004265347647,19.563777923583984,76837200
2002-01-23,19.43934494762434,19.639655485215407,19.193507393319624,19.345258712768555,80403000
2002-01-24,19.45451662573206,19.78229999668732,19.36346607527912,19.60626792907715,83886000
2002-01-25,19.48182749607602,19.682137955156964,19.27544453212333,19.363460540771484,48981200
2002-01-28,19.493963023089787,19.545557882909378,19.09333873132439,19.369525909423828,41622000
2002-01-29,19.393806727903552,19.57590773207065,18.814117103388693,18.91427230834961,58666000
2002-01-30,18.953735850569913,19.09031223950682,18.613813294148393,19.075136184692383,66100000
2002-01-31,19.138873232118236,19.366500168551642,18.8535800641486,19.336149215698242,69566200
2002-02-01,19.46969261259395,19.575918061447066,18.95980814255787,19.017473220825195,63462200
2002-02-04,18.938549845806612,19.026564660148118,18.43777043267543,18.550065994262695,70308400
2002-02-05,18.452952730828112,18.886961421084706,18.36190220763356,18.559179306030273,66772600
2002-02-06,18.69879027351053,18.783770607856308,18.28602666479637,18.331552505493164,66103000
2002-02-07,18.301201560766817,18.698790275208214,18.13427540781379,18.149450302124023,63314000
2002-02-08,18.246567833361514,18.410459441982642,17.85505053423774,18.407424926757812,61283000
2002-02-11,18.213182708122574,18.586491764913482,18.085712226502295,18.5531063079834,50899600
2002-02-12,18.35887017477347,18.46813012272127,18.21622360255581,18.252643585205078,44973800
2002-02-13,18.289063073106306,18.780738035537507,18.194978023993315,18.762527465820312,54168600
2002-02-14,18.81715818413979,19.117626219402265,18.610776356595338,18.72003746032715,57267000
2002-02-15,18.726109804632912,18.835370920934672,18.270855925222566,18.27996063232422,50179800
2002-02-19,18.182842751135546,18.252648218001976,17.78525388391823,17.88541030883789,52262600
2002-02-20,18.028050676495514,18.31941282632176,17.845948464526412,18.17980194091797,50492000
2002-02-21,18.125170258573558,18.292096407435594,17.60618008682915,17.61832046508789,59398400
2002-02-22,17.618331873190986,17.830783999203774,17.34518013212107,17.600122451782227,71347800
2002-02-25,17.58492786134365,18.17675774671835,17.56975297356886,17.93092155456543,51832200
2002-02-26,17.936995246774586,18.210147928814816,17.572793214414308,17.770069122314453,63276200
2002-02-27,17.927889786559838,18.25567299117238,17.600107739717274,17.721508026123047,65750000
2002-02-28,17.839871901235174,18.119094730053035,17.645630537415713,17.706331253051758,68068000
2002-03-01,17.921825920996394,18.641126663400613,17.861125177494646,18.625951766967773,62115600
2002-03-04,18.586501039288365,19.272416454061073,18.474204235803715,19.211715698242188,74464200
2002-03-05,19.120660570327463,19.38774313739027,18.92034893447294,19.144941329956055,55926400
2002-03-06,19.093344563050827,19.33311184522973,18.874822365847745,19.311866760253906,49835400
2002-03-07,19.324007274191654,19.38774369115201,18.774668386263205,19.035680770874023,58079200
2002-03-08,19.311864430404018,19.63661085553738,19.17225240027294,19.408985137939453,57701800
2002-03-11,19.275439237037258,19.727658376942863,19.12065350380616,19.527345657348633,43718200
2002-03-12,18.974976487687726,19.05995681741963,18.71699866736277,18.981046676635742,66407200
2002-03-13,18.841444164981564,19.12673622551493,18.801988498196195,18.84751319885254,44387400
2002-03-14,18.859652842437367,18.8900037994552,18.528834936452068,18.58043098449707,51819600
2002-03-15,18.5136525746703,18.971940842099823,18.504547870120028,18.965871810913086,69086800
2002-03-18,19.04174997048705,19.11762560589137,18.57435577853156,18.859647750854492,52296800
2002-03-19,18.871789901023053,19.120661915877925,18.665408060737974,18.886964797973633,36376400
2002-03-20,18.635059512211416,18.823230794068966,18.24050521850586,18.24050521850586,55235200
2002-03-21,18.27388876990064,18.69272262481736,18.15855863126228,18.62291717529297,46123400
2002-03-22,18.528826491898734,18.556141761880475,18.276920031196095,18.346725463867188,41341400
2002-03-25,18.355837766767156,18.446888318475438,17.952179896344557,17.976459503173828,47752400
2002-03-26,17.93699058345957,18.48936483440403,17.69722457797051,17.93092155456543,69357200
2002-03-27,17.845948311490194,18.173731595561545,17.78221305884418,18.040189743041992,47318400
2002-03-28,18.194976273472072,18.407428268651515,18.106960264962407,18.304237365722656,43901200
2002-04-01,18.158559050017384,18.331555419734777,17.96735210957222,18.325485229492188,47010000
2002-04-02,17.876295488923812,17.93396053995182,17.33302580365306,17.384620666503906,76509400
2002-04-03,17.433185056445915,17.48478108903053,16.8443905599756,17.096298217773438,76931400
2002-04-04,16.990072472088933,17.290540503567744,16.82011062867189,17.132719039916992,61763800
2002-04-05,17.266256797131128,17.390692774071745,16.947579408163218,16.956684112548828,50166000
2002-04-08,16.48018703994412,17.393730297636342,16.468046660958446,17.36641502380371,73389600
2002-04-09,17.399800064080786,17.430149853036795,16.63193789957518,16.653182983398438,63413000
2002-04-10,16.729061317877342,17.333031941006155,16.710851904668207,17.087194442749023,75636400
2002-04-11,16.962766399707984,17.132728335338467,16.540897814991016,16.62891387939453,58165800
2002-04-12,16.73816012847861,17.07504686635189,16.650144142491296,16.974891662597656,52297600
2002-04-15,16.996136189011168,17.223763012971137,16.81403519295115,16.902050018310547,47388800
2002-04-16,17.11753850862502,17.633491743355492,17.105398132855612,17.54547691345215,51921600
2002-04-17,17.58796867963644,17.688123894470333,17.123609105026375,17.187345504760742,55158600
2002-04-18,17.23591208696195,17.39373357015802,15.988516276865903,17.108440399169922,74794800
2002-04-19,17.433185803049152,17.597077455543506,17.257154928635842,17.3603458404541,104268600
2002-04-22,17.15396733830032,17.20859789970976,16.692643240715356,16.8717098236084,51465200
2002-04-23,16.90509174295205,16.941511723648315,16.176685182404874,16.3861026763916,68281400
2002-04-24,16.343613773655573,16.519645829057144,16.085637038968983,16.091707229614258,61220400
2002-04-25,16.0552778231244,16.525706323291146,16.049207636040787,16.30718421936035,57290400
2002-04-26,16.410383057979065,16.52571435306707,15.618241204101299,15.63038158416748,62776600
2002-04-29,15.621279508394235,16.05832284443513,15.612173642926122,15.854976654052734,70246000
2002-04-30,15.812477860235408,16.176681047413442,15.757847324270202,15.861038208007812,77384000
2002-05-01,15.830693347776123,16.143300611413636,15.375439511673163,16.0097599029541,76413000
2002-05-02,15.976372826454718,16.410381532426037,15.524154709847288,15.542364120483398,79009200
2002-05-03,15.557538314707635,15.685009972271615,15.026408916693171,15.041584968566895,71628000
2002-05-06,15.00515947056963,15.339012832628468,14.680411968541495,14.756287574768066,66299400
2002-05-07,14.926254769423391,15.263142768640813,14.6743471095508,15.014270782470703,88385400
2002-05-08,15.560576796649812,16.683536529541016,15.545401899807448,16.683536529541016,101242000
2002-05-09,16.510536603010554,16.69263764144553,15.751780346581212,15.818550109863281,83288200
2002-05-10,15.94298004795969,15.985470196974717,15.17208486346619,15.19029426574707,64408800
2002-05-13,15.311702578624613,16.05831851034932,15.099250580114184,15.991547584533691,64819000
2002-05-14,16.510536513560492,16.72298733799357,16.38306486113049,16.656217575073242,64832400
2002-05-15,16.53786340906015,17.129692775636542,16.346656374904946,16.61677360534668,70412000
2002-05-16,16.604622229998085,17.00524545505841,16.586412820167293,16.9172306060791,53406400
2002-05-17,17.059881493410085,17.1175477304968,16.774589455751016,17.005250930786133,54646200
2002-05-20,16.844385278926705,16.85956016924563,16.237380404010427,16.392166137695312,52115800
2002-05-21,16.373955233620652,16.571231105248724,15.821580940630348,15.839790344238281,63120000
2002-05-22,15.742673338163339,16.30415362170773,15.73660314962139,16.295047760009766,54169400
2002-05-23,16.298089354907162,16.644082123120537,16.088671826315537,16.638011932373047,51412800
2002-05-24,16.43161599016248,16.546947199942935,16.097763889676894,16.164533615112305,35982000
2002-05-28,16.26469883596831,16.2950486225144,15.706254196021195,15.879250526428223,49602000
2002-05-29,15.675907639173106,16.000655284758437,15.645556688603685,15.797307968139648,45393200
2002-05-30,15.672868322923161,16.19489297369709,15.609133078194748,15.976370811462402,63213000
2002-05-31,16.055284525054123,16.21310482402746,15.44220926693207,15.451313972473145,66468000
2002-06-03,15.475596983710782,15.67287296502987,14.923221225814148,14.999096870422363,88439000
2002-06-04,15.023373922307941,15.548433114397596,14.944463780821765,15.169054985046387,88008400
2002-06-05,15.305629073325775,15.7062522258862,15.275279290586651,15.678936958312988,66969400
2002-06-06,15.630378098228672,15.824619504885773,15.175124367212304,15.751779556274414,78703400
2002-06-07,15.141739821266269,15.964231333692881,15.132635116583447,15.776060104370117,97834400
2002-06-10,15.675910268772443,16.176688880583395,15.618244031902348,16.031007766723633,71825400
2002-06-11,16.15847501073994,16.44376696868423,15.909601874008224,15.955127716064453,74368200
2002-06-12,15.958162107950166,16.929369187955135,15.933881352064958,16.856529235839844,136198600
2002-06-13,16.644084856696036,16.83832636143534,16.449843351956734,16.455913543701172,79771600
2002-06-14,16.131159788962375,16.859565159813865,16.085633946759668,16.76851463317871,109433600
2002-06-17,16.892952865746025,17.129684497979657,16.80493684328004,16.899023056030273,94486600
2002-06-18,16.853500476016425,17.08416312046635,16.798869910634636,16.993112564086914,77518400
2002-06-19,16.835287769256002,16.977933188523803,16.48625935394692,16.49839973449707,81247000
2002-06-20,16.501427073883512,16.722983712596573,16.358781716655596,16.41948127746582,86401200
2002-06-21,16.207033884322446,16.55606106296366,15.86711025238037,15.867110252380371,116820000
2002-06-24,15.809442663466413,16.583373679248698,15.736601566063037,16.437692642211914,104523200
2002-06-25,16.601588798989365,16.69263932740296,16.024933522752786,16.070459365844727,84025200
2002-06-26,15.493800712853107,16.50749899920935,15.493800712853107,16.4285888671875,112131400
2002-06-27,16.57123523906995,16.67442613041263,16.043141562846305,16.66835594177246,95812400
2002-06-28,16.556067162917724,16.932410909168034,16.389140958780555,16.601593017578125,89555600
2002-07-01,16.425557242800828,16.507503068043015,15.958164208198806,15.982443809509277,66473800
2002-07-02,15.897461405400596,16.061351876848104,15.578784009324117,15.612168312072754,82814200
2002-07-03,15.551469056746994,15.939951897435005,15.311701796985403,15.733570098876953,80936600
2002-07-05,16.112951687006245,16.6622917623016,16.10081130619111,16.64711570739746,35673600
2002-07-08,16.51357885564453,16.6714003698576,15.958169617755535,16.061359405517578,63199400
2002-07-09,16.17971923180789,16.610692240462274,16.07652833205301,16.149368286132812,85277200
2002-07-10,16.295054506735955,16.4498414842177,15.821591182134297,15.854976654052734,90673400
2002-07-11,15.794279714281872,16.10688710358593,15.554512319684177,16.058326721191406,129550600
2002-07-12,16.197926550263325,16.307187625047437,15.624307065416792,15.739638328552246,95733800
2002-07-15,15.596994787862036,15.739641347049815,14.568121399281054,15.721430778503418,136965600
2002-07-16,15.572720691559853,16.024938971475592,15.36937332311702,15.554510116577148,97154600
2002-07-17,15.939959388428946,16.17669108600414,15.530230114428726,15.782137870788574,98034800
2002-07-18,15.800343964950903,16.006725801958712,15.375439910459432,15.512016296386719,91053600
2002-07-19,15.135670006670809,15.445242709017379,14.813958083703552,15.041584968566895,112543400
2002-07-22,14.856449376563226,15.172092292034012,13.930766872830707,14.419404983520508,180069800
2002-07-23,14.109830981773461,14.203916010781885,13.04150209982775,13.053641319274902,168061600
2002-07-24,12.6712315908674,14.070378545784878,12.568040676511199,14.030922889709473,202307800
2002-07-25,13.79419627634652,13.873106459372833,12.880652611607093,12.999019622802734,163411400
2002-07-26,13.275205284225754,13.782054110615814,13.256994709986891,13.763843536376953,123538000
2002-07-29,14.21909503580205,14.659173996778119,14.128044495751588,14.643999099731445,112148600
2002-07-30,14.43154076303993,14.820024672785733,14.364771013650278,14.598466873168945,122690600
2002-07-31,14.449752371836759,14.568118146534147,14.070374295104099,14.562047958374023,93875600
2002-08-01,14.440650732731674,14.595436511464738,13.809364923362523,13.88524055480957,92002800
2002-08-02,13.812401365417543,13.915592284886882,13.293412251808691,13.478549003601074,85947600
2002-08-05,13.442131449811187,13.709212924441957,13.296450329711506,13.351080894470215,78941600
2002-08-06,13.627265952350008,14.34049653377899,13.609055381224044,13.8609619140625,88715800
2002-08-07,14.26461778783041,14.35566830811359,13.706173130251349,14.291933059692383,86349400
2002-08-08,14.29800636207348,14.871626038307797,14.085554329972139,14.844310760498047,88748000
2002-08-09,14.61364287062752,14.917145308997606,14.464926166407414,14.604537010192871,69049400
2002-08-12,14.449759136441608,14.79575191915392,14.446723462055402,14.710771560668945,56866600
2002-08-13,14.5650779736696,15.084066703178717,14.240329400983606,14.282820701599121,100122800
2002-08-14,14.340494571941232,15.093180708954074,14.328354192851442,15.08711051940918,96706000
2002-08-15,15.162989823160546,15.39972264164548,14.79575195005989,15.105324745178223,98745600
2002-08-16,15.002132559510065,15.244934390944255,14.84734559600358,15.175128936767578,69334000
2002-08-19,15.187272951985365,15.797312771802492,15.129606707253444,15.782137870788574,79848200
2002-08-20,15.59396029265061,15.69108100948621,15.402753374856033,15.490769386291504,70317600
2002-08-21,15.64858924072635,15.897461196894922,15.524153262642065,15.867110252380371,81203400
2002-08-22,16.040106198637663,16.222208388040464,15.964230575829026,16.155437469482422,72517600
2002-08-23,15.982448209097102,16.040113291132325,15.73357614886204,15.848907470703125,57929200
2002-08-26,15.933878554386382,15.979404384792614,15.533255414783408,15.812477111816406,55652400
2002-08-27,15.88228825758549,15.9187082377137,15.372403904709373,15.430068969726562,65470200
2002-08-28,15.320808946134298,15.375439499043408,14.962675836072517,14.986956596374512,68875000
2002-08-29,14.838243669006602,15.478634415355806,14.725948018012163,15.351163864135742,94275600
2002-08-30,15.217616477801483,15.320807383016067,14.871623783190895,14.895904541015625,58138400
2002-09-03,14.725944770979265,14.725944770979265,14.264620727662825,14.27069091796875,74452600
2002-09-04,14.401187992286246,14.75021503049782,14.310137510916691,14.63184928894043,80232000
2002-09-05,14.416374685698775,14.422444877130493,13.924700757435984,13.933805465698242,90438800
2002-09-06,14.492248449551306,14.65006993285584,14.407268096145204,14.513493537902832,69918400
2002-09-09,14.340494007596337,14.856448520905172,14.152322770190843,14.780572891235352,81653200
2002-09-10,14.732016628427868,15.120499589806156,14.674350392881024,15.111394882202148,83950000
2002-09-11,15.244928529450904,15.508975347252077,14.728974112425039,14.744150161743164,77443200
2002-09-12,14.613640130173414,14.659164792729865,14.270682114953576,14.310137748718262,63726800
2002-09-13,14.23426504385475,14.647027393925349,14.219088995484483,14.540802001953125,59549200
2002-09-16,14.446718905143552,14.60757602152756,14.279792757442582,14.501349449157715,50166200
2002-09-17,14.771466091886362,14.84127268559469,14.328352720572662,14.352633476257324,73343400
2002-09-18,14.179634709184848,14.640958568040652,14.161424145548583,14.492241859436035,83951800
2002-09-19,14.167498782733809,14.51349149609227,14.140183507586018,14.32532024383545,77777600
2002-09-20,14.480103834597523,14.568119836474391,14.35566785730511,14.404228210449219,130619200
2002-09-23,14.14321408186136,14.176599537489682,13.59994556186323,13.727416038513184,89783800
2002-09-24,13.606016159546721,14.10679453573677,13.5453154345561,13.851852416992188,104142200
2002-09-25,14.082518593173155,14.252479277907824,13.672789461537082,14.1159029006958,107116600
2002-09-26,14.298004465094056,14.416370267308714,13.945941574350591,14.021817207336426,100852200
2002-09-27,13.973252424042967,14.29496426506303,13.715274658915087,13.733485221862793,81011600
2002-09-30,13.618158838959648,13.669754873532712,13.083994870395124,13.275201797485352,115577000
2002-10-01,13.45123305964767,14.036993079703407,13.108274850497594,14.030922889709473,110636600
2002-10-02,13.991466140351065,14.206953816101501,13.706174179550713,13.842750549316406,103488600
2002-10-03,13.748660747949586,14.140179186157857,13.536208801480527,13.596909523010254,105221400
2002-10-04,13.775983291548627,13.830613854005536,13.260028622661482,13.284309387207031,107120400
2002-10-07,13.296446576566185,13.6758247482099,13.260025438493773,13.36928653717041,89790000
2002-10-08,13.581739944067502,13.955047964491543,13.39356867572206,13.654581069946289,115667600
2002-10-09,13.423920875634742,13.794194446161406,13.296450329711506,13.351080894470215,123142600
2002-10-10,13.354112055207995,14.149288403410596,13.12648514517604,14.076448440551758,118515000
2002-10-11,14.373880260119659,14.841274442446304,14.267653678079807,14.832168579101562,108828800
2002-10-14,14.643998516416355,14.971781836865926,14.519562513157622,14.959641456604004,76216200
2002-10-15,15.557533699930735,15.89442157484184,15.372398194351621,15.870141983032227,133374200
2002-10-16,15.293490358113905,15.557537201485813,15.26010489881295,15.299560546875,95437400
2002-10-17,15.867115235276762,15.933886176407318,15.190304589954208,15.40882682800293,182602400
2002-10-18,15.964231522442152,16.14633372264286,15.521118136829747,16.13115882873535,152817200
2002-10-21,15.773029650668194,16.082602425078527,15.587892889305795,15.936920166015625,112378600
2002-10-22,15.609129709461184,15.760880920980139,15.487728277138077,15.68196964263916,87159000
2002-10-23,15.609134115124457,16.16454310400716,15.609134115124457,16.146333694458008,110866600
2002-10-24,16.19489694827565,16.19793146448693,15.4482809210982,15.548436164855957,95833400
2002-10-25,15.554504292656794,16.024932971417243,15.527189019295466,15.988512992858887,75425800
2002-10-28,16.207035220029645,16.237385009275332,15.633414478016089,15.766956329345703,79906600
2002-10-29,15.82766173095625,15.930852665686407,15.433107407842321,15.803380966186523,90517200
2002-10-30,15.842840689151206,16.204008474356378,15.669844248040496,16.119028091430664,94451200
2002-10-31,16.143305215570468,16.410387866433307,16.040114270312372,16.228286743164062,105973800
2002-11-01,15.912643541073434,16.158481096784598,15.751787512023924,16.08563995361328,105097800
2002-11-04,17.223772128134666,17.37552342441779,16.85046407821064,17.0264949798584,139964200
2002-11-05,16.929363925831915,17.238936520523428,16.868664370526357,17.202516555786133,76658200
2002-11-06,17.296605212392794,17.329989509515556,16.853490753502847,17.308744430541992,115407000
2002-11-07,17.056840332666322,17.18431082395565,16.84438835608065,16.999174118041992,73699600
2002-11-08,16.996140855519617,17.163067007368,16.69567285597636,16.72298812866211,64522200
2002-11-11,16.713885064239914,16.722989770105432,16.334506882905668,16.346647262573242,58341200
2002-11-12,16.41947886114131,16.823137596191515,16.35877930926376,16.543914794921875,81398600
2002-11-13,16.461974604206883,16.974893365510546,16.422518958638893,16.801897048950195,107370200
2002-11-14,16.993112966945528,17.299650117503248,16.9566918173138,17.296615600585938,78337000
2002-11-15,17.1782377886638,17.275358477677667,16.895980424414155,17.20555305480957,77533600
2002-11-18,17.28446838897393,17.30874798803252,16.917230625214934,16.95061492919922,58086400
2002-11-19,16.859562781875997,16.935438402998543,16.483220349459415,16.650146484375,76403400
2002-11-20,16.695673564848295,17.269294315604096,16.67139396463576,17.18431282043457,76435400
2002-11-21,17.29357592803686,17.60314868171674,17.232875183787204,17.554588317871094,82922200
2002-11-22,17.436224732314955,17.694201481141402,17.3148232282963,17.669921875,70002000
2002-11-25,17.62135016911695,17.797380963155632,17.472633480252203,17.672945022583008,61583000
2002-11-26,17.493891763224894,17.67902855652798,17.232879310880914,17.26930046081543,68650400
2002-11-27,17.48174770855635,17.78828595505677,17.42104812028775,17.627429962158203,55191800
2002-11-29,17.73365220261611,17.794352937712837,17.506025314331055,17.506025314331055,28393000
2002-12-02,17.800415447826285,17.89450044675584,17.30267056097852,17.509052276611328,63735000
2002-12-03,17.384614674690745,17.405859747103435,17.12056794772615,17.211618423461914,58457400
2002-12-04,17.035592501941284,17.433179962516235,16.941506327525946,17.1600284576416,83892000
2002-12-05,17.284470986081754,17.326961159146375,16.783691300059278,16.79583168029785,68435800
2002-12-06,16.653175432890922,16.917223339724547,16.455899578580755,16.835277557373047,71670200
2002-12-09,16.692637619856896,16.759408540822776,16.240418382190988,16.246488571166992,63862800
2002-12-10,16.255590967055085,16.534812653787014,16.231310216328875,16.392166137695312,63730200
2002-12-11,16.34361896891492,16.695682033860297,16.261674263581565,16.58945655822754,69186200
2002-12-12,16.69264257053,16.710853142858873,16.295053757961814,16.44073486328125,55242000
2002-12-13,16.292023589703604,16.313268684205553,15.930855825399616,15.933890342712402,65245400
2002-12-16,16.085631306845414,16.556059915397256,15.985474933544854,16.534814834594727,60140400
2002-12-17,16.51660914755188,16.68960667596546,16.322367689831157,16.49839973449707,49549800
2002-12-18,16.34057476363981,16.51053658165743,16.021897367905666,16.246488571166992,62709400
2002-12-19,16.16151828289352,16.616772319031366,16.0492226114887,16.119028091430664,82686600
2002-12-20,16.234352799510305,16.30415825090728,16.07046113565458,16.097776412963867,98294600
2002-12-23,16.100807747817775,16.4741156921017,16.05528306647789,16.389135360717773,48798400
2002-12-24,16.24952095356661,16.458937220860474,16.243450765819983,16.334501266479492,18386000
2002-12-26,16.39823998373809,16.59855159083813,16.137227644050423,16.203998565673828,37228000
2002-12-27,16.170613587632378,16.389135768363694,16.055283465819926,16.076528549194336,40891600
2002-12-30,16.088670058459652,16.158476665500036,15.8640788143336,16.0097599029541,48019600
2002-12-31,16.006727847848722,16.08260349886517,15.557542974993268,15.691084861755371,58208800
2003-01-02,15.873186750529014,16.313265779865556,15.69412015891362,16.304161071777344,67025200
2003-01-03,16.26470626959323,16.32844154513169,16.04921967642758,16.325407028198242,55546800
2003-01-06,16.395213885605255,16.762451827538012,16.328442929700838,16.622840881347656,59456200
2003-01-07,16.66835940403133,16.999177228130556,16.595519440759585,16.935441970825195,80517400
2003-01-08,16.80493985632326,16.859570420906078,16.42252706201416,16.46198272705078,64566000
2003-01-09,16.607658759535973,16.971860868167337,16.54999253804547,16.9384765625,61808000
2003-01-10,16.72298702479365,17.087190250639548,16.662287451961117,16.971858978271484,67730200
2003-01-13,17.15396332869316,17.223768772450835,16.926336428616718,17.1145076751709,60817800
2003-01-14,17.09629924785846,17.29964540123088,17.053807918205536,17.29054069519043,54206400
2003-01-15,17.2996416204823,17.396762322923053,17.053804191183477,17.07808494567871,59622600
2003-01-16,17.093264126344067,17.193420527106856,16.72602630575462,16.798866271972656,81371000
2003-01-17,16.067423974582038,16.08563454369296,15.572715670323458,15.618240356445312,155876000
2003-01-21,15.742679278721194,15.82766079260648,15.566648375659103,15.578788757324219,86159200
2003-01-22,15.657689863963776,15.903527240487591,15.451308126139551,15.478623390197754,86948000
2003-01-23,15.766955029907725,15.946021550348055,15.618238296211798,15.867110252380371,71374800
2003-01-24,15.791234136370758,15.79730432508478,15.084073938853708,15.129598617553711,103027000
2003-01-27,14.968741699611218,15.357224489993783,14.69255449874173,14.923215866088867,114838600
2003-01-28,15.081042536834769,15.084078210936596,14.738085460636688,14.816995620727539,86151200
2003-01-29,14.789679727063222,15.187268500611115,14.5468779086933,15.147812843322754,106884000
2003-01-30,15.223687895964531,15.22672241205241,14.625787500631878,14.640963554382324,87877400
2003-01-31,14.401193694902151,14.67434524717396,14.273722044292525,14.404228210449219,106858400
2003-02-03,14.54687314879341,14.901970474885648,14.404226620652075,14.738080024719238,80129800
2003-02-04,14.507422156043353,14.54991232925749,14.22820035619595,14.361741065979004,81854800
2003-02-05,14.516528578199154,14.728979452437095,14.182675054251586,14.252480506896973,101072000
2003-02-06,14.22212727805766,14.452788667711328,14.131076759977796,14.392087936401367,83312000
2003-02-07,14.531707808975174,14.552952902734798,14.085558524481527,14.137154579162598,75208000
2003-02-10,14.20391661223412,14.422438780317309,14.125006472520829,14.379948616027832,74081400
2003-02-11,14.355668331536368,14.467963934809838,13.961115304485382,14.094655990600586,84292000
2003-02-12,14.128041451571931,14.29496759865848,14.040025446787507,14.094655990600586,71315200
2003-02-13,14.085546608758351,14.301033039040531,14.000566305609278,14.261578559875488,73558200
2003-02-14,14.340495564130945,14.719873753658218,14.194814478284915,14.659173011779785,90446400
2003-02-18,14.94447146010103,15.16906277973284,14.810929548975423,15.15085220336914,57415500
2003-02-19,15.114315350110049,15.150852451650806,14.718493459186881,14.937718391418457,46902700
2003-02-20,15.083859715061694,15.144755625342924,14.675858626118197,14.700216293334961,50897200
2003-02-21,14.791562421709548,15.10212939262733,14.432277787831943,14.99860668182373,56853200
2003-02-24,14.882904438276325,14.919441520864508,14.517530127915755,14.65758991241455,62403700
2003-02-25,14.334843522171827,14.779381704084656,14.237409366327965,14.73066520690918,68113000
2003-02-26,14.65758374557745,14.90116612950524,14.35919518007935,14.377464294433594,57096000
2003-02-27,14.554069356483325,14.742845666098834,14.18869499224876,14.359203338623047,75434300
2003-02-28,14.456634393963474,14.65759009291248,14.340932275934373,14.432276725769043,56585400
2003-03-03,14.627144567164997,14.688040487591866,14.249590789712867,14.334845542907715,50653500
2003-03-04,14.35920656512008,14.407923080531695,14.042548634197916,14.048638343811035,56605700
2003-03-05,14.04863131148432,14.34093025763785,14.03645189835473,14.273945808410645,55415900
2003-03-06,14.109531400172317,14.31048713043789,14.085172566688922,14.170427322387695,54607600
2003-03-07,13.975565696772158,14.487089745901955,13.945117145339745,14.347028732299805,66167600
2003-03-10,14.194772241125955,14.286115461635417,13.939010526804223,13.97554874420166,48413600
2003-03-11,14.042549093935616,14.164340967198656,13.859862445534437,13.884220123291016,53990700
2003-03-12,13.89030763412594,14.273951161124462,13.731978688546429,14.243502616882324,72379500
2003-03-13,14.444454129249978,15.06559031181666,14.273946977442318,15.022963523864746,80701300
2003-03-14,15.029053745046463,15.19956090268688,14.773291847092938,15.138666152954102,75451400
2003-03-17,14.931617232255409,15.802425421499652,14.815915144347242,15.79024600982666,100983800
2003-03-18,15.76589430224909,15.85723876953125,15.528401474899029,15.85723876953125,78108800
2003-03-19,15.820696986167508,16.094728003852293,15.674547497233252,16.027742385864258,73652100
2003-03-20,15.845059055613818,16.14953751020366,15.631923905102303,15.985118865966797,71798500
2003-03-21,16.289599397200295,16.320046781943546,15.851150784833793,16.17998695373535,85586800
2003-03-24,15.558851948104305,15.790256274345946,15.333538493151181,15.400524139404297,61105200
2003-03-25,15.589301630125602,15.680644960704802,15.242196277028567,15.522315979003906,63595100
2003-03-26,15.504036195920825,15.601470331287087,15.3700661472178,15.376155853271484,51673600
2003-03-27,15.187382706405584,15.382248693861829,14.974247597065478,15.248278617858887,60043300
2003-03-28,15.022963523864744,15.284815120132633,14.98033673591283,15.022963523864746,39584600
2003-03-31,14.767201502291183,15.047321055745911,14.621052018554865,14.742842674255371,71384000
2003-04-01,14.895082755235384,15.04123340919954,14.767202384882896,14.82809829711914,49803200
2003-04-02,15.284817132386829,15.83287806383641,15.284817132386829,15.662369728088379,68282500
2003-04-03,15.826785926968128,15.887681834781691,15.589293164137354,15.66845703125,57394300
2003-04-04,15.686724752751427,15.711082416808393,15.181290737522511,15.27872371673584,55740600
2003-04-07,15.972940004861425,16.094731855532803,15.327445983886719,15.327445983886719,65627100
2003-04-08,15.412696442437461,15.729354260475924,15.345711983558775,15.577115058898926,54132100
2003-04-09,15.595376242016966,15.631913306577337,14.943792976810713,14.962060928344727,76875800
2003-04-10,15.04732114029208,15.096038796637432,14.785470706392955,14.974246978759766,51608900
2003-04-11,15.156934736698277,15.333532770367123,14.584516167514241,14.73675537109375,71565500
2003-04-14,14.779384350363728,15.150847272278085,14.614965707397161,15.077773094177246,51599600
2003-04-15,15.029060336713322,15.09604598459041,14.675865290486382,14.98034381866455,63399000
2003-04-16,15.589298047106261,15.674551647853168,14.98034110121534,15.175207138061523,86178700
2003-04-17,15.083855693429275,15.552752567637501,15.065586576767922,15.528393745422363,58356600
2003-04-21,15.595380701245722,15.595380701245722,15.272633247783444,15.351797103881836,41557800
2003-04-22,15.260458221084662,15.71108614731859,15.242190259077493,15.686728477478027,58844000
2003-04-23,15.680638851684137,15.826788355971159,15.510130515936106,15.662369728088379,55559300
2003-04-24,15.516226268766165,15.662375829991575,15.418793227949223,15.522315979003906,51703600
2003-04-25,15.424876706824426,15.613653001958463,15.327443705368601,15.357891082763672,53657400
2003-04-28,15.461415855442807,15.79634285895218,15.41878905680363,15.674551010131836,56287600
2003-04-29,15.802426893057103,15.98511343919365,15.638008304638568,15.711082458496094,65877300
2003-04-30,15.668456928304447,15.759800208678225,15.376157966511226,15.571023941040039,55566800
2003-05-01,15.552758470992874,15.802430686003161,15.430966636673851,15.662369728088379,42085800
2003-05-02,15.619739236305362,16.009472316954984,15.564933039987332,15.893770217895508,52695400
2003-05-05,15.985116227302846,16.070369808837388,15.735444028672026,15.747623443603516,50391500
2003-05-06,15.747623192593473,16.13735517224544,15.723264363118766,16.058191299438477,54299500
2003-05-07,15.899863279617541,16.04601278014285,15.735444655966704,15.826787948608398,49120000
2003-05-08,15.680640718722168,15.918133546279375,15.656281884360839,15.674551010131836,46401400
2003-05-09,15.771978537667108,16.137352795524706,15.765888831195326,16.052099227905273,58913600
2003-05-12,15.924222364817092,16.119088382843476,15.869416152060536,15.954670906066895,53900800
2003-05-13,15.857236487150951,15.954669487501155,15.765892033016275,15.826787948608398,44501900
2003-05-14,15.88159532182494,15.942491241885383,15.552759211887468,15.601475715637207,45021000
2003-05-15,15.741528411580104,15.838961375089523,15.57102014469235,15.704991340637207,45450200
2003-05-16,15.759800208678225,15.863322902833263,15.473590953775632,15.571023941040039,60620900
2003-05-19,15.467505141363372,15.552759897805176,15.0655936773294,15.077773094177246,55336300
2003-05-20,15.138667639847197,15.223921227040863,14.919442802500045,14.99860668182373,52677600
2003-05-21,14.998603307402657,15.047319797909116,14.547975479844718,14.633230209350586,108960900
2003-05-22,14.73676118344675,14.77938799142266,14.639328147646557,14.71240234375,93157100
2003-05-23,14.736754585537394,14.943799984288217,14.633231886161983,14.748932838439941,76968000
2003-05-27,14.767207203914719,15.156939311020592,14.748938075834145,15.096044540405273,68486800
2003-05-28,15.089950963814221,15.14475717251699,14.797650796901783,14.864636421203613,91467000
2003-05-29,14.9011720924032,15.022963913849892,14.755022603562907,14.858545303344727,75451300
2003-05-30,15.059506264741556,15.169118710096456,14.925536143470731,14.986432075500488,85096700
2003-06-02,15.21174130707826,15.242189845418874,14.9620691001501,15.004695892333984,66310800
2003-06-03,15.071688291079198,15.175211044992816,14.962075826759662,15.15085220336914,61058200
2003-06-04,15.217836233274832,15.35789607319231,15.065596973844519,15.14476203918457,83484600
2003-06-05,14.901175264347277,14.931623806936836,14.621055641482169,14.669772148132324,115877900
2003-06-06,14.88290419138225,14.955978355346382,14.401827772397997,14.414007186889648,119629400
2003-06-09,14.44445365772607,14.602782551731032,14.371379498334749,14.462722778320312,73610000
2003-06-10,14.578425805076934,15.071680477297761,14.523619601330966,15.029053688049316,80655300
2003-06-11,15.022971769325348,15.19956872512299,14.870732493657881,15.15085220336914,75768600
2003-06-12,15.205650289997237,15.309172988454664,15.065590510170384,15.217829704284668,66177700
2003-06-13,15.345709119681054,15.37615648971707,14.913349263914778,15.010782241821289,55157500
2003-06-16,15.102132490601715,15.47968632553872,15.022968595038751,15.461417198181152,69658600
2003-06-17,15.61365900758443,15.918137544621526,15.546674519251809,15.808525085449219,122213900
2003-06-18,15.820693533764686,16.094724491650243,15.65627495903335,15.875499725341797,89957700
2003-06-19,15.887679137135075,16.07036566806369,15.838962651454603,15.875499725341797,63626900
2003-06-20,16.03992607359402,16.06428374749254,15.838970327585162,16.033836364746094,86048900
2003-06-23,15.918137328087829,15.979033266965573,15.522315467622638,15.69891357421875,52584500
2003-06-24,15.619742768066095,15.857236726307933,15.540578889647483,15.650191307067871,51820300
2003-06-25,15.613646142861786,15.826781175475759,15.30916785669682,15.382243156433105,60483500
2003-06-26,15.461419125691675,16.14345153265479,15.351806670867836,15.680644035339355,51758100
2003-06-27,15.802435973253324,16.039928851994542,15.54667396480378,15.607568740844727,76040300
2003-06-30,15.796345758114876,15.905958209872143,15.528404338429713,15.61365795135498,48073100
2003-07-01,15.583209268674237,15.954673399524042,15.461417407627108,15.924224853515625,60926000
2003-07-02,16.137352309087557,16.399203872017246,16.106904939139195,16.368755340576172,94069300
2003-07-03,16.253063689067137,16.41139265851756,16.082555300083598,16.137361526489258,39440900
2003-07-07,16.454018745816324,16.77676521887587,16.411391940807952,16.697601318359375,88960800
2003-07-08,16.600163599841064,16.92899968950555,16.594073892061147,16.868104934692383,61896800
2003-07-09,16.78285454734953,16.868109316924023,16.594078203101184,16.72804832458496,62300700
2003-07-10,16.594067355419643,16.697590023913154,16.19215609220778,16.387022018432617,55350800
2003-07-11,16.411387741233657,16.715866169371623,16.37484949358212,16.630611419677734,50377300
2003-07-14,16.825476969664066,16.935089386647707,16.472282049101775,16.68541717529297,60464400
2003-07-15,16.728041415396024,16.764579656476535,16.502728069530317,16.606250762939453,53567600
2003-07-16,16.782849184284277,16.819387428780164,16.563625524773606,16.75849151611328,49838900
2003-07-17,16.527083466690957,16.606248483338632,16.161710397984525,16.253053665161133,72805000
2003-07-18,16.508816723862342,16.5818908783789,16.289591937327174,16.374845504760742,63388400
2003-07-21,16.362672967156474,16.387030640003406,15.832879935191167,15.85723876953125,48480800
2003-07-22,16.003382906550684,16.17389004358937,15.912038470002518,16.06427764892578,51791000
2003-07-23,16.088643485346477,16.22870331222564,15.918135112519717,16.10691261291504,49828200
2003-07-24,16.307867821167957,16.39312142396452,15.820701555846917,15.832880973815918,53556600
2003-07-25,16.003382702733955,16.411383743511767,15.87550119009086,16.374845504760742,54173000
2003-07-28,16.40529566821963,16.441832749110766,16.131264657803975,16.2043399810791,52658300
2003-07-29,16.368767179565836,16.38094660095124,15.97903498718132,16.119094848632812,62391100
2003-07-30,16.11300026403207,16.179985899896227,15.936403353335477,15.972940444946289,41240300
2003-07-31,16.198257936838893,16.43575081722005,16.021659832919177,16.082555770874023,64504800
2003-08-01,16.033831495153905,16.143443898140138,15.905951132665198,15.93639850616455,42649700
2003-08-04,15.924215738504039,16.082544602640652,15.68063331732948,15.942484855651855,51825600
2003-08-05,16.0216503635014,16.16171128646413,15.589291666400243,15.625828742980957,58825800
2003-08-06,15.55276268020475,15.948584506627588,15.485777037050939,15.619747161865234,56294900
2003-08-07,15.662366409455789,15.717172607137394,15.497948977903738,15.65627670288086,44258500
2003-08-08,15.759801636194153,15.820697549123539,15.528398560854002,15.577115058898926,33241400
2003-08-11,15.595386505126955,15.826789614948968,15.552759708172355,15.595386505126953,36433900
2003-08-12,15.65627761738872,15.69281585897256,15.497949883163429,15.66845703125,38208400
2003-08-13,15.704997512464395,15.765892267469095,15.528399470770367,15.589295387268066,39636900
2003-08-14,15.625837870553053,15.656285258573526,15.540584254901004,15.607568740844727,37338300
2003-08-15,15.595381184572597,15.62582855444036,15.485768794660311,15.552754402160645,27607900
2003-08-18,15.564936559355901,15.729355185486483,15.504040642845354,15.650191307067871,45817400
2003-08-19,15.74153128937162,16.228696195979875,15.692814798710796,16.21042823791504,72952900
2003-08-20,16.015568136565506,16.15562912493793,15.832881506852969,16.10691261291504,56739300
2003-08-21,16.22870287165687,16.277419382357234,15.912044971357899,15.97903060913086,63802700
2003-08-22,16.30786797175774,16.411390702463756,15.960761525395302,15.966851234436035,65846300
2003-08-25,16.02165936391138,16.161720365555496,15.972942847272279,16.137361526489258,36132900
2003-08-26,16.02165799778524,16.240882884715127,15.808522820102654,16.17998695373535,47546000
2003-08-27,16.1434483369239,16.18607513614075,16.01556677778018,16.088642120361328,30633900
2003-08-28,16.137358167477583,16.18607467397628,15.979029230983532,16.143447875976562,46211200
2003-08-29,16.113003594202805,16.167809823692757,16.046019105987764,16.1495418548584,34503000
2003-09-02,16.259145155181578,16.62451826397801,16.11908422455064,16.600160598754883,74168900
2003-09-03,16.697597024356718,17.2943744639915,16.673238192619937,17.233478546142578,109437800
2003-09-04,17.111683571101896,17.336996900571915,17.044697962154885,17.312639236450195,59840800
2003-09-05,17.19085084635899,17.507508673295163,17.154313762171885,17.282194137573242,64024500
2003-09-08,17.28828019520433,17.611027661613896,17.257832825058756,17.56231117248535,46105300
2003-09-09,17.44661305079422,17.48315013559313,17.239567634445407,17.276105880737305,44315200
2003-09-10,17.06906414186098,17.160407454284364,16.734137114317598,16.776763916015625,54763500
2003-09-11,16.843747179825517,17.117778239966317,16.801120384135405,16.953359603881836,37813300
2003-09-12,16.734132181152052,17.294372470083292,16.71586422094865,17.257835388183594,55777200
2003-09-15,17.276103516085893,17.422252996770446,17.251744688558723,17.2700138092041,41432300
2003-09-16,17.300455950184833,17.629293053399085,17.245649766315793,17.598844528198242,52060600
2003-09-17,17.513593533340707,17.62929562298329,17.33699554591294,17.35526466369629,47221600
2003-09-18,17.349179255876244,17.970315476479424,17.306552465313995,17.96422576904297,67268100
2003-09-19,18.1225559458808,18.250436326514873,17.976406441659144,18.244346618652344,92433800
2003-09-22,17.897241417799762,18.268705467312888,17.544046491891432,17.702375411987305,65678700
2003-09-23,17.732822700738197,18.09210614768366,17.58667204519298,18.025121688842773,57827800
2003-09-24,18.031220890541118,18.08602712485532,17.306561584659395,17.33091926574707,66336500
2003-09-25,17.337005018819177,17.635393803363723,17.18476577191931,17.196945190429688,56224500
2003-09-26,17.215208959542235,17.52577706592527,17.136043925360113,17.166492462158203,49864700
2003-09-29,17.300457277110795,17.604935583517523,17.11168105235654,17.55621910095215,47380300
2003-09-30,17.410071464123362,17.422250876404657,16.89854776323573,16.92899513244629,63333700
2003-10-01,17.069058229392034,17.43443135252573,16.935087000183035,17.367446899414062,58375900
2003-10-02,17.32481729555002,17.507503827412926,17.166488425905605,17.35526466369629,38143600
2003-10-03,17.757180166284524,17.9398667413911,17.617120381269952,17.708463668823242,57303000
2003-10-06,17.751085208489485,17.842428469025215,17.604935759333806,17.77544403076172,34047600
2003-10-07,17.66584646022538,17.885071398449494,17.611040225669353,17.745010375976562,52356800
2003-10-08,17.878971885869014,17.878971885869014,17.46488107912926,17.550134658813477,46989100
2003-10-09,17.793712297860502,17.87287731014029,17.537950466981936,17.623205184936523,62653300
2003-10-10,17.604944229125977,17.781542291083813,17.45879470965732,17.604944229125977,37604700
2003-10-13,17.647568484703886,17.720643814657116,17.355269487876903,17.52577781677246,39320300
2003-10-14,17.452704387753684,17.51969001738242,17.34309196163143,17.46488380432129,34851300
2003-10-15,17.8812983198716,17.918040385676967,17.575111712805366,17.80168914794922,57242100
2003-10-16,17.70370096362068,17.948649897186872,17.636339568886736,17.899660110473633,42232500
2003-10-17,17.930282713352252,17.936406583804594,17.636342771684056,17.715951919555664,49960000
2003-10-20,17.72820125323917,17.98539799530098,17.636344356210053,17.9731502532959,38794500
2003-10-21,17.9731502532959,18.022140053307247,17.86292291126813,17.9731502532959,44166800
2003-10-22,17.77719460627188,17.887420802320936,17.636347881081228,17.69146156311035,48798500
2003-10-23,17.587355521913896,17.807810218074522,17.20768484298063,17.703706741333008,67357900
2003-10-24,16.69941026163996,16.779018229475263,16.17889303192087,16.295244216918945,210558300
2003-10-27,16.478954315185547,16.595305490895324,16.42384066184979,16.478954315185547,65619100
2003-10-28,16.58919183554702,16.668799846040564,16.460592842584457,16.656553268432617,71752600
2003-10-29,16.632055641084296,16.687169321274194,16.325869048033397,16.374858856201172,73551500
2003-10-30,16.5402054254883,16.558577047695536,15.866594462013754,15.995193481445312,98729400
2003-10-31,16.14828349077148,16.191149432383707,15.989066301919415,16.007436752319336,69623700
2003-11-03,16.136042019835358,16.380991187162945,16.09929993673866,16.338125228881836,57772300
2003-11-04,16.283000517125263,16.301372130264024,15.92782417250538,15.964566230773926,84026100
2003-11-05,16.01355886647163,16.117662356672398,15.921703120531935,15.982940673828125,61514400
2003-11-06,16.080926937093754,16.105421267728627,15.921709699933261,16.06255531311035,68189800
2003-11-07,16.15440442144644,16.221765846873165,15.940074736923547,15.982940673828125,57822100
2003-11-10,15.995189595262813,16.06254985763777,15.921704292297363,15.921704292297363,54579100
2003-11-11,15.927825729387676,15.970691662892452,15.719618765499543,15.799226760864258,64990700
2003-11-12,15.829845400278973,16.007432997878933,15.676752120137026,15.909453392028809,75877300
2003-11-13,15.835973200616195,15.878839142809712,15.58490025233189,15.7318696975708,78949500
2003-11-14,15.737986964521577,15.933946142587313,15.578769840340955,15.615511894226074,83146400
2003-11-17,15.548147717337674,15.578767063458132,15.211343086073017,15.401178359985352,103900200
2003-11-18,15.51140567000175,15.823715992378666,15.382807920321703,15.401178359985352,106868300
2003-11-19,15.48692144954269,15.640014775846547,15.41343613899271,15.523663520812988,78853300
2003-11-20,15.41342560757772,15.69511657486345,15.358311954324671,15.370559692382812,106845700
2003-11-21,15.51141350519263,15.542031698770455,15.35832020128508,15.376691818237305,70712900
2003-11-24,15.511416673381207,15.805355596598172,15.480798473549653,15.756365776062012,99463800
2003-11-25,15.842095484117973,15.891085294282627,15.542031582849113,15.554279327392578,85663800
2003-11-26,15.682883368982331,15.695129949467807,15.50529451983271,15.584903717041016,69758400
2003-11-28,15.615509493566648,15.768602723895732,15.554271967833284,15.744107246398926,33402600
2003-12-01,15.860460123146249,16.05029542199537,15.615511162049195,15.823718070983887,101914600
2003-12-02,15.891077281098699,15.97680911365368,15.682870400886356,15.713488578796387,85121700
2003-12-03,15.811479332377472,15.964572666220025,15.689005366109095,15.719623565673828,93121600
2003-12-04,15.750237990808904,16.06254845716592,15.713495926534303,16.044178009033203,87202400
2003-12-05,15.897205649295286,16.2156399523127,15.872711331837271,15.909453392028809,96610900
2003-12-08,15.995189950934227,16.1299116466891,15.805353400722776,16.068674087524414,90504000
2003-12-09,16.191146917635074,16.295250403099793,16.074795688466477,16.154403686523438,103547100
2003-12-10,16.197270982463234,16.307497173084013,16.154403878988933,16.283002853393555,82853700
2003-12-11,16.28299647786469,16.393223793335636,16.09316119455844,16.295244216918945,79309000
2003-12-12,16.344245327230528,16.417729476443174,16.227894061632767,16.31974983215332,69154100
2003-12-15,16.564694216850167,16.595313576960756,16.338116792077628,16.374858856201172,88860600
2003-12-16,16.429974287245948,16.6320574134741,16.393232219206997,16.570819854736328,73978000
2003-12-17,16.558568954467773,16.583063270762608,16.442217740042626,16.558568954467773,53712300
2003-12-18,16.595306986430447,16.809637750050268,16.56468763847979,16.77901840209961,61177800
2003-12-19,16.834132200272794,16.87087425011017,16.650420783077216,16.75452423095703,76856400
2003-12-22,16.632058436758374,16.797399505120154,16.515707184799048,16.644306182861328,43894800
2003-12-23,16.638178529452954,16.742282011656005,16.54019891890998,16.625930786132812,39609000
2003-12-24,16.619805329209346,16.632053071361252,16.53407347016396,16.558568954467773,19924200
2003-12-26,16.56469622930479,16.687171348608388,16.53407803348354,16.662675857543945,12076900
2003-12-29,16.662670210271894,16.8586305683451,16.632052024827686,16.815763473510742,40426700
2003-12-30,16.785149027674933,16.870880900426272,16.779025155619955,16.852510452270508,34406600
2003-12-31,16.791278373756164,16.870886400405073,16.67492710279895,16.76066017150879,42198900
2004-01-02,16.889246951515993,17.005598146204026,16.736153704613926,16.80963897705078,44487700
2004-01-05,16.981104870305533,17.256673217703206,16.97498099947348,17.232177734375,67333700
2004-01-06,17.262798787763547,17.317912462668083,17.18931349855448,17.29341697692871,46950800
2004-01-07,17.250552981765576,17.33628485546115,17.15257336382515,17.275047302246094,54298200
2004-01-08,17.385272262625072,17.440385936103656,17.146447122890553,17.244426727294922,58810800
2004-01-09,17.164818614851587,17.18318906054134,16.895374120648093,16.93824005126953,67079900
2004-01-12,16.944364759870897,16.981106821075162,16.7484055427694,16.883127212524414,55845200
2004-01-13,16.870875998770842,16.92598966324377,16.693288432809386,16.797391891479492,51555900
2004-01-14,16.852508779729106,16.981106576093318,16.821889422493065,16.962736129760742,43907000
2004-01-15,16.870882149689617,16.974985646314593,16.791274143098402,16.86475944519043,58504100
2004-01-16,16.968858508784873,17.07296198537903,16.85863232886961,17.03009605407715,63983400
2004-01-20,17.13420397825097,17.268926846466226,17.103585781661685,17.20768928527832,63068500
2004-01-21,17.226056655988405,17.33016014099121,17.054592916931394,17.33016014099121,53570600
2004-01-22,17.366905406119454,17.415895218446636,17.109708599399447,17.15257453918457,78425200
2004-01-23,17.31791189780649,17.611850709037196,17.281168670395893,17.440385818481445,127259100
2004-01-26,17.446507687849593,17.654714613916617,17.342404224816082,17.636343002319336,58299600
2004-01-27,17.538364694250824,17.587354494089162,17.281167953097302,17.29953956604004,63196200
2004-01-28,17.330160903719552,17.41589394503043,16.82189119998528,16.968860626220703,71336000
2004-01-29,17.030095844742686,17.11582887430165,16.883126438653193,17.091333389282227,63748400
2004-01-30,17.048464847465507,17.085206901358433,16.870876112300174,16.932113647460938,40528700
2004-02-02,16.90761732747498,17.023967345661394,16.681038824674896,16.77901840209961,62891800
2004-02-03,16.779028283670495,16.87088404560113,16.644306577372856,16.711668014526367,47993800
2004-02-04,16.66879131689113,16.797390244051712,16.540193557739258,16.540193557739258,60648000
2004-02-05,16.570820079098155,16.63818151142268,16.429974509700788,16.50958251953125,55527500
2004-02-06,16.55244684233456,16.650426453943638,16.49120929307661,16.583065032958984,47209600
2004-02-09,16.650426221690108,16.674920540246156,16.442219257922783,16.472837448120117,48108500
2004-02-10,16.454468031890308,16.625931776550175,16.42384867176593,16.546323776245117,37790600
2004-02-11,16.515703432269692,16.674920591404298,16.442219308367005,16.625930786132812,51515300
2004-02-12,16.5891956481225,16.625937725409127,16.49121599668512,16.503463745117188,44537000
2004-02-13,16.521828018418955,16.570817825809016,16.227889174078594,16.283002853393555,67541100
2004-02-17,16.362605488425014,16.59530787325038,16.282997515516605,16.52794647216797,43477000
2004-02-18,16.472834605114336,16.60143355136856,16.374855011782014,16.393226623535156,50334700
2004-02-19,16.485090090014165,16.521832162770842,16.185027298480872,16.203397750854492,61840600
2004-02-20,16.325867535557634,16.41159939990651,16.227887928299197,16.270753860473633,57821900
2004-02-23,16.36872831522712,16.387099923808506,16.21563508107496,16.295244216918945,50256800
2004-02-24,16.295250493664053,16.503457465750646,16.258507262348207,16.460590362548828,55426500
2004-02-25,16.472838622589084,16.527952303281012,16.295251004366662,16.350364685058594,64275700
2004-02-26,16.283001782991736,16.31974384411667,16.172774431607873,16.227888107299805,66602700
2004-02-27,16.209512654200857,16.3013695372744,16.136028549352567,16.24625587463379,58266500
2004-03-01,16.307497580513292,16.362611261205224,16.227889579518934,16.350364685058594,51912300
2004-03-02,16.295252956164198,16.344242770646087,16.13603576709574,16.16053009033203,66331000
2004-03-03,16.136035259523208,16.258509207870745,16.056426083488496,16.148283004760742,54998700
2004-03-04,16.12378751428567,16.17890119984531,16.050302210869727,16.148283004760742,44023200
2004-03-05,16.06254681544461,16.289125385999686,16.044176369189497,16.136032104492188,59849800
2004-03-08,16.11153425899234,16.13602974109009,15.80534774082368,15.817595481872559,69367800
2004-03-09,15.799229184919477,15.903332682836009,15.640013169761739,15.750239372253418,81111700
2004-03-10,15.707368591827105,15.799224316268768,15.523657142943781,15.535904884338379,75155800
2004-03-11,15.41955554659189,15.786979656914362,15.352194128763541,15.364441871643066,90536300
2004-03-12,15.542030334472656,15.621639499601557,15.450174593793175,15.542030334472656,64137100
2004-03-15,15.493048118788213,15.572657322920236,15.346078628094114,15.407316207885742,68835300
2004-03-16,15.468540684423498,15.53590208193406,15.370561106958336,15.419550895690918,65453800
2004-03-17,15.462427080723504,15.5910249235226,15.376695185524108,15.388941764831543,56241400
2004-03-18,15.284836959915634,15.327704071910462,15.052135620561998,15.241971015930176,123231000
2004-03-19,15.168482397437405,15.272585874109707,15.039883435426194,15.082749366760254,86281600
2004-03-22,14.990896519193482,15.211351257655204,14.703081519097877,15.003144264221191,127605200
2004-03-23,15.095000212630856,15.101124085224516,14.764319268638042,14.788813591003418,91696300
2004-03-24,14.929656949388253,15.052132047135881,14.807183019649722,14.948028564453125,97584700
2004-03-25,15.064380835586492,15.456299306753237,15.052133091360238,15.425681114196777,85677900
2004-03-26,15.376688507562875,15.621637507474425,15.30932709458384,15.327698707580566,61584900
2004-03-29,15.462422518199128,15.554278259952941,15.309329225939731,15.499164581298828,51881600
2004-03-30,15.437924498797626,15.511409780953727,15.327698327576874,15.431801795959473,59010400
2004-03-31,15.431803351561525,15.431803351561525,15.229720265272439,15.266462326049805,70533200
2004-04-01,15.278710334455054,15.376689943569849,15.21747278675604,15.358318328857422,69051900
2004-04-02,15.603270619625338,15.86046743942177,15.578776296221035,15.829849243164062,98043800
2004-04-05,15.805352579117189,15.90945607388278,15.756362767933926,15.891085624694824,53800300
2004-04-06,15.780856313938832,15.860464309303548,15.713494893854705,15.799226760864258,48992000
2004-04-07,15.762490998754801,15.786986495124198,15.523665749200951,15.670635223388672,63268900
2004-04-08,15.811478500892557,15.829850120470947,15.529787342080203,15.603271484375,45294600
2004-04-12,15.60326837296607,15.762485540201538,15.572650181116968,15.682877540588379,38786800
2004-04-13,15.725749320705457,15.780863020923645,15.560408220050896,15.584903717041016,56971500
2004-04-14,15.54814921358521,15.725737934147912,15.5420253437718,15.621634483337402,61079600
2004-04-15,15.633884414658908,15.756358324070376,15.370563815811344,15.444047927856445,73756900
2004-04-16,15.511419743128608,15.554285698579841,15.376698001994772,15.407316207885742,51768600
2004-04-19,15.35831515260654,15.676749400378817,15.346067411997875,15.633883476257324,44592100
2004-04-20,15.707367022877147,15.848212530819762,15.480789669753602,15.511407852172852,59902600
2004-04-21,15.52979001682283,15.609398046021553,15.431810364881516,15.584903717041016,49252000
2004-04-22,15.621641079182256,15.915579946281841,15.597145589586008,15.891085624694824,99207700
2004-04-23,16.779026398081523,16.974985646314593,16.742284331040135,16.86475944519043,258269000
2004-04-26,16.809642587259447,16.870878964764994,16.59531176196294,16.68104362487793,89391000
2004-04-27,16.632050671464278,16.76064960948534,16.61367906088732,16.668792724609375,80716800
2004-04-28,16.54020548750219,16.564699815860795,16.209523294589406,16.264636993408203,72842200
2004-04-29,16.23401454654998,16.497335223614304,16.111539432749606,16.21564292907715,77787300
2004-04-30,16.283004553775296,16.380984178787116,15.897208758283162,16.001312255859375,66172200
2004-05-03,16.038052497768113,16.24013558263765,16.038052497768113,16.136032104492188,65916200
2004-05-04,16.13603085346547,16.25238206543299,15.933947784263436,16.123783111572266,55496400
2004-05-05,16.117666906654133,16.289131870685807,16.07480095764859,16.105419158935547,51841700
2004-05-06,16.01968780971208,16.129915206936403,15.940079782833152,15.995193481445312,62693900
2004-05-07,15.940073920360652,16.15440359390407,15.768609013516798,15.786980628967285,68290200
2004-05-10,15.695114551864734,15.952311177891788,15.688991851633428,15.878827095031738,64621400
2004-05-11,15.976809201081695,15.989056939516177,15.79309779659897,15.884953498840332,57917200
2004-05-12,15.84208758232827,15.921695546135153,15.5726431768128,15.884953498840332,64145600
2004-05-13,15.811475758200631,16.03805435499378,15.7931053098182,15.982940673828125,63861500
2004-05-14,15.921702750417316,16.0258062381981,15.701248030879377,15.835970878601074,43775300
2004-05-17,15.597140878870754,15.793101232428258,15.56652269413211,15.640007972717285,55149600
2004-05-18,15.73798750107261,15.903327333196943,15.701244277925982,15.817595481872559,58158600
2004-05-19,15.940073019961874,16.087042431236625,15.689000129699707,15.689000129699707,60052800
2004-05-20,15.768613523198415,15.842098838007383,15.670633882126094,15.756365776062012,52089900
2004-05-21,15.90332844554826,16.044175141444047,15.786978401472505,15.854338645935059,57809300
2004-05-24,15.952321161455844,16.025806458314204,15.762485799251408,15.774733543395996,56250500
2004-05-25,15.744114332773904,16.03805435499378,15.676754075356357,15.982940673828125,66615000
2004-05-26,15.915580996291805,16.013560625122413,15.829849113067349,16.007436752319336,50306900
2004-05-27,16.019679991982866,16.03805160522461,15.872710590075835,16.03805160522461,49071900
2004-05-28,16.00744160916981,16.136040641034295,15.93395744925553,16.06255531311035,37393000
2004-06-01,16.001313655827712,16.087046711220854,15.842097627260511,15.989067077636719,48369500
2004-06-02,15.995189551304241,16.09316917631606,15.927828121105144,16.001312255859375,54020000
2004-06-03,15.95231824516146,16.00130804477466,15.835968201085706,15.854338645935059,45933100
2004-06-04,15.94007543587809,16.068673252230695,15.884961752295762,15.891085624694824,48815300
2004-06-07,15.933941947929279,16.185014724731445,15.90332260441162,16.185014724731445,65218600
2004-06-08,16.093168112780077,16.319745542642796,16.068672624141307,16.289127349853516,58447700
2004-06-09,16.166656299449244,16.31974963783041,16.166656299449244,16.209522247314453,50385500
2004-06-10,16.154400342779848,16.40547436470392,16.154400342779848,16.393226623535156,48109200
2004-06-14,16.25850661271151,16.472837448120117,16.246260037438027,16.472837448120117,67377500
2004-06-15,16.5279499624572,16.901497930239984,16.515702220036026,16.785146713256836,114183400
2004-06-16,16.742281617543554,16.840261225780093,16.625930394759262,16.73003387451172,67431100
2004-06-17,16.7239040121104,17.097451864704478,16.71165744147463,17.005596160888672,105427500
2004-06-18,17.005600564641554,17.45263262884779,16.962734636294236,17.360776901245117,134218700
2004-06-21,17.281167747449572,17.5506122273585,17.219931374387087,17.360776901245117,116881700
2004-06-22,17.23830641168417,17.360781526456513,17.030099417376743,17.324039459228516,98932000
2004-06-23,17.268923758761776,17.37914994758023,17.14644865828467,17.33016014099121,58558400
2004-06-24,17.440382828697878,17.544486285830217,17.366898722492,17.385269165039062,65503800
2004-06-25,17.44038308540788,17.532238803521686,17.299537573099453,17.49549674987793,71136500
2004-06-28,17.51386841814381,17.605724136558877,17.250547835480823,17.317909240722656,77024100
2004-06-29,17.256671818008485,17.501620791378002,17.256671818008485,17.4526309967041,55371700
2004-06-30,17.49549612347414,17.636341630739775,17.385268798480592,17.48937225341797,83544400
2004-07-01,17.575112744620018,17.660844625868837,17.305668187540377,17.532245635986328,78441400
2004-07-02,17.526116101255084,17.56285815489884,17.391393291213262,17.49549674987793,36690100
2004-07-06,17.342410546549186,17.348534419313914,17.109709221536,17.15869903564453,69158900
2004-07-07,16.944368589776868,17.342410985484243,16.870883282749517,17.20768928527832,66255700
2004-07-08,17.07296045305493,17.238301460101756,16.870877389334,16.92599105834961,59125100
2004-07-09,17.01172492102627,17.146446580820918,16.92599189387606,17.060714721679688,50249300
2004-07-12,16.944368419555676,17.146451551839125,16.895378604699367,17.079090118408203,45757300
2004-07-13,17.091337997299153,17.115833488922835,16.90150260925293,16.90150260925293,43274100
2004-07-14,16.779017479788926,17.366896080031335,16.74227543227647,17.226049423217773,87656300
2004-07-15,17.177059638640365,17.268916509442157,17.023966411315552,17.06683349609375,46759700
2004-07-16,17.25667997038771,17.26892771684446,16.687172608252098,16.828018188476562,66406300
2004-07-19,16.913750151050177,17.30566866822712,16.901502405386072,17.115833282470703,60354500
2004-07-20,17.146442350252254,17.440381081648777,17.054586642691927,17.3424015045166,89010700
2004-07-21,18.303833595837936,18.303833595837936,17.642470621910295,17.6730899810791,201518000
2004-07-22,17.801685509424463,17.942531039564997,17.65471610823317,17.758819580078125,124640700
2004-07-23,17.379153246611303,17.391400992585787,17.158699659117246,17.164823532104492,97372700
2004-07-26,17.366900048422146,17.581229681226972,17.26892045399454,17.55061149597168,72387600
2004-07-27,17.5751068719715,17.611848927656748,17.22605325493052,17.415889739990234,72968400
2004-07-28,17.354655641159116,17.630224033432395,17.31791357819239,17.501625061035156,62718800
2004-07-29,17.624098451507393,17.636345025968584,17.29954028410119,17.440385818481445,60148400
2004-07-30,17.422015997132224,17.642469529451073,17.348530707686574,17.446510314941406,59552900
2004-08-02,17.31178861491927,17.483252343293273,17.244427197052882,17.464881896972656,52267000
2004-08-03,17.37915116371378,17.40364665272696,17.146449858134574,17.189315795898438,53990900
2004-08-04,17.152565491493505,17.268916672400728,17.140317752869873,17.183183670043945,46217900
2004-08-05,17.24442760741302,17.27504579734869,16.852509169792885,16.858633041381836,55591700
2004-08-06,16.766781472608304,17.060721562396857,16.570822191422234,16.61981201171875,75628000
2004-08-09,16.69329599926378,16.70554374536673,16.595316366458878,16.644306182861328,51877500
2004-08-10,16.7177902037557,16.99335864905218,16.687172006726914,16.974987030029297,57632700
2004-08-11,16.772898970835662,16.846384257353705,16.65654892186152,16.785146713256836,53097300
2004-08-12,16.674921206521393,16.723911013600055,16.448343786786012,16.460590362548828,50279700
2004-08-13,16.54019990422024,16.687169328789768,16.521828288145617,16.546323776245117,43333200
2004-08-16,16.552447465684146,16.656550952940368,16.509580361982877,16.589189529418945,54347200
2004-08-17,16.668796934471843,16.766776546276994,16.52182751676412,16.564693450927734,56879700
2004-08-18,16.491206502970083,16.84025895627323,16.466711020207594,16.815763473510742,58844000
2004-08-19,16.74840858567871,16.80964614415105,16.54020158767833,16.607563018798828,46293000
2004-08-20,16.61368615877222,16.76065677016067,16.55857363951319,16.656553268432617,46494800
2004-08-23,16.74867712104209,16.78552756715999,16.656550420020057,16.73025131225586,39572200
2004-08-24,16.828519949539967,16.865370395657866,16.638124611233827,16.73025131225586,40835300
2004-08-25,16.71182363636965,16.99434681558796,16.69339900109644,16.920644760131836,53512700
2004-08-26,16.86536344551967,16.951349346299793,16.822371080856648,16.85308074951172,35465500
2004-08-27,16.88993563080175,16.98206231813343,16.85922712550932,16.865367889404297,33248700
2004-08-30,16.767107009887695,16.82238328210454,16.490726820258402,16.767107009887695,36679600
2004-08-31,16.76096624315687,16.7793908862592,16.61356206960867,16.767107009887695,52106700
2004-09-01,16.7241171052636,16.902229824817272,16.66884082481281,16.822385787963867,48507500
2004-09-02,16.82852563455566,17.000496393625323,16.797817114325877,16.963645935058594,42161700
2004-09-03,16.865377421988008,16.96364727166714,16.644273481711338,16.650415420532227,46174400
2004-09-07,16.760956983983828,16.816232054210406,16.68111300313179,16.8039493560791,44893400
2004-09-08,16.7670993000945,16.87150985833271,16.668830677217876,16.74253273010254,53278100
2004-09-09,16.76709684541984,16.87150738837252,16.69339597477925,16.75481414794922,56904700
2004-09-10,16.7916624004481,16.896072929828005,16.6933938047322,16.8837890625,52664500
2004-09-13,16.90836559996314,16.932932175954893,16.423163130988208,16.73639488220215,48239200
2004-09-14,16.810088384848697,16.89607311417474,16.748670218992633,16.85308074951172,55920000
2004-09-15,16.803953574044638,16.828520147927996,16.668833317595166,16.699542999267578,52605700
2004-09-16,16.71796498865619,16.797808976902438,16.687256483302637,16.74253273010254,35951500
2004-09-17,16.82237035754618,16.908356254629172,16.742527565384147,16.896072387695312,65283000
2004-09-20,16.853080024880832,16.982057113324277,16.785519928198628,16.896072387695312,51513600
2004-09-21,16.859227159063924,16.908361470502236,16.73639079474095,16.74253273010254,73874400
2004-09-22,16.754821922521504,17.037344010163356,16.625843581870615,16.656553268432617,68409000
2004-09-23,16.699544766684383,16.822379992010735,16.68726089271534,16.797813415527344,52155800
2004-09-24,16.82238238295499,16.865374776502406,16.69954714017022,16.76096534729004,49859800
2004-09-27,16.687259126598615,16.779385828706708,16.662691381260682,16.699542999267578,47813600
2004-09-28,16.711818974826922,16.803946811312834,16.60740961352388,16.74867057800293,62055100
2004-09-29,16.742538160471444,17.006635609406615,16.724112348410348,16.939075469970703,61529300
2004-09-30,16.945210947489063,17.068047304825942,16.902218573857454,16.9820613861084,71218000
2004-10-01,17.08646955263319,17.393559231642282,17.061902987468624,17.350566864013672,66302800
2004-10-04,17.46727018710433,17.479552890229865,17.24002319318794,17.270732879638672,62016200
2004-10-05,17.28915319188332,17.47340775009711,17.258444684574922,17.4304141998291,58017700
2004-10-06,17.436560816025967,17.534829471536167,17.338292160515767,17.522546768188477,56999600
2004-10-07,17.528686251489223,17.559394762741277,17.295297348736987,17.30143928527832,38401500
2004-10-08,17.25844375465818,17.39970475499256,17.178599765631343,17.19088363647461,49556600
2004-10-11,17.31985352796268,17.332136221387827,17.154024866457984,17.233867645263672,44691000
2004-10-12,17.092621504084992,17.295300764154977,17.080337628576544,17.215457916259766,56412900
2004-10-13,17.313726577417647,17.362860907996588,17.160181647926603,17.215457916259766,49500700
2004-10-14,17.221596178854156,17.29529707326707,17.07419204711914,17.07419204711914,41548700
2004-10-15,17.178599765631343,17.344428507652257,17.086473077215636,17.19088363647461,49828500
2004-10-18,17.240021836703907,17.473410749546876,17.18474557689661,17.448843002319336,50350700
2004-10-19,17.522540175525332,17.55939061461339,17.301435198088313,17.30757713317871,57026500
2004-10-20,17.33214043151661,17.657655901157074,17.27072343511066,17.6269474029541,69078100
2004-10-21,17.694510907551994,17.74364522025108,17.485689785717273,17.540966033935547,94988500
2004-10-22,17.381280375855216,17.40584811955894,16.93907153227867,17.03734016418457,101912800
2004-10-25,16.994349621970894,17.05576781641763,16.92064755434389,16.96978187561035,61529500
2004-10-26,17.018919917328063,17.1356143951416,16.9697855853205,17.1356143951416,76966600
2004-10-27,17.111050143656335,17.411998114593125,16.93907937249744,17.289161682128906,72392600
2004-10-28,17.264587056641993,17.528684443404625,17.135608745487325,17.203168869018555,63059600
2004-10-29,17.270728174075682,17.28915280947141,17.074189748703905,17.178600311279297,80010100
2004-11-01,17.295300559244858,17.369002639967487,17.172464148525417,17.246166229248047,72930900
2004-11-02,17.356714796016135,17.485691943471757,17.215453776006292,17.344430923461914,89417100
2004-11-03,17.59624165570877,17.59624165570877,17.387420541308305,17.485689163208008,79666700
2004-11-04,17.430414984017013,17.811206817626953,17.430414984017013,17.811206817626953,87867700
2004-11-05,17.940182083093628,18.03230994243478,17.829630760502155,18.00160026550293,95337700
2004-11-08,17.921758997341,18.106012389039275,17.89104931775496,17.983177185058594,112802100
2004-11-09,18.075301360788448,18.357823344862904,18.026167051755746,18.284122467041016,100401000
2004-11-10,18.37625024686354,18.425384558828906,18.234989246394907,18.25955581665039,84097700
2004-11-11,18.357824947370258,18.474519380804892,18.314832569645507,18.413101196289062,87358900
2004-11-12,18.523659727178675,18.548227477568357,18.302554659490777,18.406965255737305,162269000
2004-11-15,18.715007346665505,18.82453179081587,18.61917378444253,18.74923324584961,104468000
2004-11-16,18.708155737221084,18.715001175927686,18.516487370337945,18.56440544128418,64522600
2004-11-17,18.653395020886418,18.721848107777944,18.523334286355915,18.5986328125,58830700
2004-11-18,18.571253219432606,18.598634979633385,18.482265110048452,18.530181884765625,63249900
2004-11-19,18.502800604749872,18.53018105809496,18.372739860866837,18.386430740356445,85808600
2004-11-22,18.31113460406412,18.359051382911584,17.866191407522134,18.2426815032959,92410800
2004-11-23,18.153682746355262,18.276897994394655,18.071538812451152,18.1605281829834,70459700
2004-11-24,18.222144547514965,18.29744177527479,18.071547480726984,18.2358341217041,60069200
2004-11-26,18.18107046725476,18.359047973951043,18.174225027885587,18.208452224731445,24398700
2004-11-29,18.235826374709493,18.4480310049188,18.215291369332444,18.32481575012207,67079900
2004-11-30,18.311126327451714,18.48910378674972,18.27690044535482,18.352197647094727,75960400
2004-12-01,18.448032974898055,18.673927197603046,18.352198152248175,18.653390884399414,99889000
2004-12-02,18.667084303297337,18.75607239470374,18.427499172479287,18.543869018554688,96088300
2004-12-03,18.591781275147277,18.783449594449582,18.57809040113277,18.639698028564453,76498400
2004-12-06,18.550721079094004,18.78346085432368,18.5301847557616,18.708162307739258,55297400
2004-12-07,18.66024263445095,18.742385303784907,18.482265110048452,18.530181884765625,111656000
2004-12-08,18.48910221516248,18.728687286376953,18.420649151153544,18.728687286376953,95655000
2004-12-09,18.571244964125512,18.728687404025152,18.4411855778885,18.639698028564453,83006000
2004-12-10,18.537017822265625,18.605470882042592,18.50963738173495,18.537017822265625,70949200
2004-12-13,18.550711929648735,18.673927197603046,18.420651223959876,18.653390884399414,93812500
2004-12-14,18.516482773701085,18.70815109300339,18.509638642327438,18.639698028564453,127843200
2004-12-15,18.632861011576995,18.756076322120236,18.530182021335694,18.55756378173828,106303900
2004-12-16,18.584938085724456,18.673927471947163,18.489104567300405,18.59178352355957,88997500
2004-12-17,18.482259605439168,18.701308399268893,18.34535345647869,18.454877853393555,126184400
2004-12-20,18.48911134497763,18.58494489853203,18.40696736647797,18.448040008544922,85552800
2004-12-21,18.482265110048452,18.598634979633385,18.44119377538147,18.530181884765625,94646100
2004-12-22,18.372735244581428,18.5849386008162,18.331663922066202,18.46172332763672,63651900
2004-12-23,18.393271702778332,18.584938746440418,18.365889950464425,18.489105224609375,65801900
2004-12-27,18.48910009698346,18.550707716970148,18.35903942083007,18.379575729370117,55958500
2004-12-28,18.379586910734247,18.502802225666613,18.345359709011788,18.448040008544922,55075900
2004-12-29,18.379582933949067,18.482261905631336,18.359046617359027,18.413808822631836,47594900
2004-12-30,18.4069621787059,18.441189370781853,18.31112865216098,18.317974090576172,48355400
2004-12-31,18.311126599198015,18.41380555264621,18.263209841297773,18.290590286254883,54959500
2005-01-03,18.345360201671408,18.448040503961995,18.242681205015103,18.304288864135742,65002900
2005-01-04,18.393278020508003,18.550719233489485,18.24952638275176,18.37274169921875,109442100
2005-01-05,18.37273827570228,18.550715776809263,18.317976068102745,18.331666946411133,72463500
2005-01-06,18.37958743815391,18.523337772610557,18.235835798062975,18.311134338378906,76890500
2005-01-07,18.35904761434319,18.406964383354765,18.22214274654356,18.25636863708496,68723300
2005-01-10,18.20844544598937,18.386422886427212,18.167374130698658,18.34535026550293,70376600
2005-01-11,18.270057219980632,18.35904530758762,18.21529501861467,18.29743766784668,64712000
2005-01-12,18.32482150725694,18.379583714856473,18.222142531212068,18.331666946411133,72940600
2005-01-13,18.26321183543632,18.345354484910445,17.907256872691455,17.982555389404297,89861600
2005-01-14,18.071544150119184,18.10577134336932,17.825114886887807,17.8798770904541,92180800
2005-01-18,17.818268367002368,18.037317167975395,17.688207651811943,18.016780853271484,69146400
2005-01-19,17.94147775865993,17.975704941096435,17.742965323062243,17.78403663635254,58114100
2005-01-20,17.68820960419729,17.8661871010411,17.61975651992906,17.701900482177734,58380100
2005-01-21,17.763506666332958,17.886720641120128,17.551301991992766,17.558147430419922,76501000
2005-01-24,17.633449847439678,17.79773648912473,17.55130587378007,17.571842193603516,69010900
2005-01-25,17.633437323467245,17.927784503708637,17.626591888388,17.81141471862793,67580700
2005-01-26,17.845650107879038,17.914103189553504,17.72928026072262,17.80457878112793,64974500
2005-01-27,17.763507209296453,17.907257503758995,17.695054128566422,17.873031616210938,93204100
2005-01-28,18.167374724939144,18.242671921162767,17.770347210152718,17.920944213867188,110466500
2005-01-31,18.037313802017028,18.15368361902231,17.90725311109734,17.989397048950195,71442100
2005-02-01,17.968869435153035,18.092084748752704,17.948333114341683,18.0647029876709,57981700
2005-02-02,18.085235136196278,18.139997340091952,17.98940160578733,18.11261558532715,79329500
2005-02-03,18.05100490644779,18.071539911948044,17.86618202314382,17.920944213867188,62545400
2005-02-04,17.91410189101961,18.05100804444467,17.893565576315694,18.016780853271484,61246500
2005-02-07,17.982547936187512,18.003082937227976,17.838796400737607,17.907249450683594,57763400
2005-02-08,17.927796887966338,18.03047587381768,17.907260568542412,17.96202278137207,61343700
2005-02-09,17.968863081924248,18.009934403391192,17.825112803973063,17.84564781188965,77874800
2005-02-10,17.866184088991098,17.88671909686579,17.79773101626333,17.838802337646484,71796400
2005-02-11,17.81826569270134,17.879873321932692,17.667668685409748,17.777193069458008,83835900
2005-02-14,17.749816576915144,17.879877301533238,17.736125699453464,17.80457878112793,58694000
2005-02-15,17.852637643190906,17.90756878355272,17.75650847497316,17.80457305908203,76551600
2005-02-16,17.763375737883983,17.804573767378848,17.62604722668544,17.708444595336914,57506600
2005-02-17,17.653516077617216,17.756513138802244,17.57798655832011,17.61231803894043,67024800
2005-02-18,17.605448687411183,17.61231524437813,17.44065524918992,17.495586395263672,77091100
2005-02-22,17.337656222288448,17.502449629222095,17.303324753633696,17.323923110961914,96419200
2005-02-23,17.330800119375784,17.40633096756516,17.282735510405224,17.303335189819336,83689400
2005-02-24,17.289601009835444,17.468127624821577,17.269001331684713,17.420063018798828,85236300
2005-02-25,17.39259480969219,17.42692629305607,17.268999374122792,17.337663650512695,62467700
2005-02-28,17.31706359587743,17.420060663040243,17.255265879444586,17.27586555480957,82728000
2005-03-01,17.29646339850986,17.447523739536393,17.25526405214283,17.358261108398438,56394800
2005-03-02,17.29646550530342,17.49559046501724,17.275865829610765,17.34453010559082,67739000
2005-03-03,17.371992732744687,17.378859290400808,17.262130429570707,17.282730102539062,52183600
2005-03-04,17.310195023501578,17.371992732744687,17.25526387191459,17.282730102539062,63058200
2005-03-07,17.282734123272913,17.708451629359413,17.275867564019325,17.488725662231445,80407400
2005-03-08,17.440650939941406,17.591712536566195,17.399452917980785,17.440650939941406,52871800
2005-03-09,17.433789715582378,17.557385128918806,17.358260203836046,17.37885856628418,62991800
2005-03-10,17.461254119873047,17.495585593472608,17.337658719455796,17.461254119873047,59132900
2005-03-11,17.474993161301555,17.495591528584264,17.207202599666406,17.227802276611328,60617900
2005-03-14,17.220941225280303,17.26900584386174,17.138543800810243,17.241540908813477,65550500
2005-03-15,17.23466615892149,17.330795350410458,17.09047106202602,17.104204177856445,71469400
2005-03-16,17.04241309688672,17.145408886362954,16.863886450618736,16.911951065063477,74841400
2005-03-17,16.918808288615065,16.9462745158042,16.843278783168536,16.85014533996582,60573200
2005-03-18,16.843278500853607,17.104201106468004,16.671618512784146,16.692216873168945,135904000
2005-03-21,16.71968734642402,16.726553904850206,16.582358797224547,16.61669158935547,71446200
2005-03-22,16.60981880842128,16.664749945589893,16.45189064310761,16.472490310668945,102113300
2005-03-23,16.472492902079452,16.747148631130646,16.45189323127743,16.602954864501953,79293300
2005-03-24,16.644153187067584,16.802080070321853,16.616688268513812,16.671619415283203,78820900
2005-03-28,16.754018828892836,16.802083428214022,16.602958472503097,16.61669158935547,49802000
2005-03-29,16.575493118927373,16.64415739717306,16.355768476270914,16.4244327545166,74231700
2005-03-30,16.506827787324585,16.60982353511777,16.47936155609334,16.589223861694336,59585700
2005-03-31,16.651019555571196,16.69221758776627,16.561756934204908,16.596088409423828,62382300
2005-04-01,16.64415027760458,16.719681082332603,16.548021114977363,16.56175422668457,64619600
2005-04-04,16.554887276239242,16.657882992265122,16.438158448833487,16.637283325195312,62196400
2005-04-05,16.630420156197683,16.822679825683764,16.56175720463866,16.802080154418945,73549600
2005-04-06,16.802078836959062,17.12480044649385,16.788347033521088,16.939407348632812,78020200
2005-04-07,16.93253919097773,17.255259460335022,16.911939523276008,17.234661102294922,77451500
2005-04-08,17.214070009637755,17.337665458092896,17.104207679824803,17.124807357788086,47956300
2005-04-11,17.186600345548975,17.241531495316938,17.06987148858431,17.145401000976562,47791800
2005-04-12,17.11107115370406,17.40632660295972,17.028673766370975,17.385726928710938,67517800
2005-04-13,17.323922999604896,17.47498460390258,17.15912959373053,17.193462371826172,60929300
2005-04-14,17.17287745551845,17.262140135915672,17.04928196753561,17.056148529052734,66754400
2005-04-15,16.8776110752387,17.097335664750577,16.760882223352787,16.79521369934082,100251600
2005-04-18,16.788352910437798,17.056142161315766,16.754020115669977,16.92568016052246,75766400
2005-04-19,16.96688224009497,17.028679975713217,16.788356903489507,16.911951065063477,65956200
2005-04-20,16.93254488340179,16.960011116237755,16.685354026526355,16.699087142944336,91923500
2005-04-21,16.808948277129097,17.433790624080718,16.802081719401258,17.358261108398438,93562300
2005-04-22,17.20032822272018,17.33765672060946,17.01493645312976,17.152263641357422,80087500
2005-04-25,17.214059319881716,17.358254356756486,17.06986559266841,17.159128189086914,75457900
2005-04-26,17.131671246471864,17.337662755343793,16.987476142531854,17.001209259033203,60464300
2005-04-27,16.932537110850674,17.26899045067652,16.911937445679573,17.159128189086914,47732800
2005-04-28,17.042407163912607,17.111071436213507,16.781484500763664,16.78835105895996,83623100
2005-04-29,17.0836032482769,17.371992111206055,17.021806850906717,17.371992111206055,98641200
2005-05-02,17.323923110961914,17.413187024922795,17.13166479103678,17.323923110961914,54376700
2005-05-03,17.255262646126972,17.440655760686255,17.227797727115522,17.413190841674805,67867800
2005-05-04,17.399456032988233,17.440654062324498,17.241529162481104,17.310192108154297,86864200
2005-05-05,17.303324753633696,17.392587357932996,17.220927395336084,17.323923110961914,59362300
2005-05-06,17.392585543289048,17.495581248168893,17.296456393356053,17.317054748535156,64322600
2005-05-09,17.323937023620903,17.392601325735516,17.20034154174713,17.241540908813477,61872400
2005-05-10,17.193464388361946,17.220929304398112,17.042402766347,17.097333908081055,62235100
2005-05-11,17.09047106202602,17.145402215685717,16.918811043131704,17.104204177856445,59463300
2005-05-12,17.056138068640138,17.24153118691407,17.049271511334226,17.166000366210938,74540700
2005-05-13,17.186600299771673,17.42692326082771,17.15913407012989,17.371992111206055,77204300
2005-05-16,17.378877215615713,17.564858384413586,17.351325179765674,17.55797004699707,50577300
2005-05-17,17.43398339359694,17.56485918282769,17.39265468103526,17.53730583190918,39983200
2005-05-18,17.564861132406953,17.799059385944343,17.509755738269696,17.702625274658203,71182400
2005-05-19,17.737057421716475,17.943702225375272,17.702617059045217,17.854156494140625,52120800
2005-05-20,17.826612952551354,17.854166308887418,17.723290493923795,17.730178833007812,64444500
2005-05-23,17.730177845558348,17.957487767405905,17.730177845558348,17.80594825744629,75421100
2005-05-24,17.7715028266666,17.82660821086495,17.716397442468256,17.737062454223633,61287700
2005-05-25,17.68885091354824,17.75084465429609,17.564863432052537,17.709514617919922,35749000
2005-05-26,17.737068691578703,17.90927324198238,17.72329201223046,17.840391159057617,50579200
2005-05-27,17.792169035259143,17.97126187440492,17.778392359828835,17.95748519897461,54978000
2005-05-31,17.90238499740282,17.929938356245668,17.73706878579513,17.771509170532227,46131100
2005-06-01,17.7232893039408,17.909270505272996,17.640631868115104,17.77839469909668,54621000
2005-06-02,17.709513116773405,17.812836885139184,17.66129605890473,17.764619827270508,27212500
2005-06-03,17.702628571396563,17.77839768131053,17.45465359469073,17.516647338867188,79659500
2005-06-06,17.482205934768054,17.564864699669283,17.43398886933254,17.475318908691406,40756900
2005-06-07,17.447761273460635,17.792170300819762,17.43398459705039,17.571748733520508,54511400
2005-06-08,17.59929600448832,17.647514358860768,17.45464488281842,17.495973587036133,45369700
2005-06-09,17.495978327080326,17.64063080175557,17.461537949870884,17.571748733520508,52767900
2005-06-10,17.55797606371267,17.578641083043646,17.45465359469073,17.516647338867188,39459800
2005-06-13,17.468428358926978,17.557974138576725,17.39954628252607,17.43398666381836,49104100
2005-06-14,17.43398406076626,17.523531140862147,17.385767008629767,17.468425750732422,44243300
2005-06-15,17.49597786691005,17.502866204933998,17.29622131948006,17.39954376220703,50764800
2005-06-16,17.371985297779485,17.378873633776294,17.18600548112865,17.24799919128418,65918800
2005-06-17,17.40642697776353,17.42020364975715,17.165340473138222,17.24799919128418,90821300
2005-06-20,17.206681291614927,17.41332757558465,17.17224090119498,17.296228408813477,50538900
2005-06-21,17.275555380649468,17.351325781040796,17.248003343844665,17.323772430419922,81084000
2005-06-22,17.29622248236628,17.39954493203998,17.24111708828589,17.26866912841797,60492700
2005-06-23,17.337552545146888,17.647521232042802,17.32377586710344,17.43398666381836,105159800
2005-06-24,17.371985297779485,17.49597271809054,17.24799919128418,17.24799919128418,57970700
2005-06-27,17.268674752750222,17.392662258267347,17.24112270364456,17.254898071289062,61636200
2005-06-28,17.282445805392125,17.358216214933748,17.24111708828589,17.26866912841797,53058100
2005-06-29,17.37198976359065,17.44087182745048,17.220450274151908,17.28244400024414,55859900
2005-06-30,17.26179198390896,17.31689741372428,17.096475694462992,17.110252380371094,82018200
2005-07-01,17.11713016069733,17.213564274912372,16.99314269166869,17.020694732666016,69718400
2005-07-05,16.98624924415898,17.351323202741376,16.95869721144824,17.2066707611084,61883500
2005-07-06,17.199791038382802,17.27556146546205,17.00692277136876,17.013811111450195,64214600
2005-07-07,16.931151146496468,17.020696933587146,16.876045743559953,16.979368209838867,80082900
2005-07-08,16.97247536978297,17.303109013546916,16.965587032015378,17.28244400024414,56104000
2005-07-11,17.32378015035826,17.482208045579757,17.29622810127553,17.420215606689453,61525400
2005-07-12,17.385767464872632,17.647519060219896,17.35821542599281,17.6406307220459,63384800
2005-07-13,17.585527842237628,17.737067362261705,17.551086146448277,17.675073623657227,44749200
2005-07-14,17.764613284248618,17.97814645351169,17.764613284248618,17.888599395751953,69506800
2005-07-15,17.93682435612509,17.97815307518163,17.737066472021954,17.764619827270508,56472800
2005-07-18,17.709518842912864,17.764625571228002,17.599308013916016,17.599308013916016,39668000
2005-07-19,17.764617813509883,18.081473480052384,17.737064461384723,18.019479751586914,113290100
2005-07-20,17.909270071020515,18.067697914025185,17.82661132338282,18.040145874023438,71424800
2005-07-21,18.115915418400046,18.23990288602155,17.909270514908375,18.212350845336914,112932100
2005-07-22,17.902383662678115,18.143470279312787,17.654408706846297,17.68885040283203,97558900
2005-07-25,17.695737838745117,17.84038901305234,17.668184483363003,17.695737838745117,45174600
2005-07-26,17.716404851590454,17.730181531855543,17.585530330521753,17.592418670654297,51476400
2005-07-27,17.6406329519735,17.77150745237462,17.585527553431884,17.716402053833008,57977300
2005-07-28,17.737062454223633,17.805944512925564,17.675068732773497,17.737062454223633,44738700
2005-07-29,17.757729843371532,17.90926934175099,17.6268540456979,17.6406307220459,59524400
2005-08-01,17.77838611968511,17.943702225375272,17.74394575701385,17.854156494140625,61346800
2005-08-02,17.84039016105159,18.529208324133247,17.819726457001625,18.467214584350586,137510100
2005-08-03,18.432769714665884,18.89427782413913,18.412104701829985,18.77029037475586,139422400
2005-08-04,18.708304954506993,18.94250328200806,18.632534520957634,18.81851577758789,91461400
2005-08-05,18.797836267475304,19.2455675240947,18.770282927958768,19.121580123901367,82212400
2005-08-08,19.149155351402545,19.176708724303733,18.653206463535376,18.687646865844727,77207200
2005-08-09,18.749632881622635,18.94939081103612,18.60498167520591,18.83917999267578,64761800
2005-08-10,18.880507797404324,18.94250154392613,18.494769952014817,18.56365203857422,62818800
2005-08-11,18.584313077656503,18.804734671958535,18.522319340032013,18.78407096862793,48646800
2005-08-12,18.65318950124059,18.69451820919294,18.529202063567602,18.632524490356445,52006500
2005-08-15,18.63944923543026,18.86052477910074,18.439100018121703,18.743078231811523,45976600
2005-08-16,18.673979385548876,18.74997322425154,18.44599523401446,18.473628997802734,46894600
2005-08-17,18.528898769898614,18.75688293283668,18.418361073790052,18.618711471557617,52413100
2005-08-18,18.57725640275702,18.70852039375614,18.51507879216339,18.52889633178711,40861900
2005-08-19,18.549632531428173,18.591083854687046,18.44600356442409,18.459819793701172,36043500
2005-08-22,18.508180881556562,18.7707076811817,18.494363334809506,18.591083526611328,41691700
2005-08-23,18.54272163415804,18.701619453212665,18.473635224830133,18.563447952270508,48296700
2005-08-24,18.542718043835677,18.76379345670846,18.50126673335038,18.521991729736328,63645000
2005-08-25,18.58417180569058,18.715435843540877,18.549629262015355,18.67398452758789,39306300
2005-08-26,18.694700184723125,18.708517722373845,18.56343753018006,18.632522583007812,36774600
2005-08-29,18.521994445861928,18.812156297236086,18.521994445861928,18.756887435913086,52307700
2005-08-30,18.69471063895392,18.812157139236202,18.62562422977958,18.77761459350586,55163200
2005-08-31,18.770698893983745,18.957231734605326,18.68088751759919,18.91577911376953,65210200
2005-09-01,18.915787297519124,18.922696070647444,18.756889468708987,18.791433334350586,75974500
2005-09-02,18.7983349919552,18.83978761794024,18.632528441155046,18.667072296142578,52047500
2005-09-06,18.694708684079764,18.853607803879033,18.639439826062393,18.653257369995117,46089000
2005-09-07,18.611799189074514,18.72924563374367,18.528895273779153,18.54962158203125,44656100
2005-09-08,18.515084199044864,18.570353055966564,18.32164385867566,18.383821487426758,52552300
2005-09-09,18.390725595446177,18.528897043853988,18.328547982463057,18.36309051513672,41515800
2005-09-12,18.390730259256156,18.48054165761136,18.32164385867566,18.383821487426758,40550500
2005-09-13,18.335460884811265,18.487449907627635,18.218014402453424,18.294008255004883,63422900
2005-09-14,18.321639076011998,18.404541680896983,18.169648770867614,18.176557540893555,54969600
2005-09-15,18.21802174446608,18.259473073264235,18.114391445899717,18.148935317993164,60357200
2005-09-16,18.197290350473715,18.23874166772132,17.94167103906731,18.010757446289062,187384300
2005-09-19,18.02457233993762,18.14892759110192,17.865674549100312,17.96239471435547,61832300
2005-09-20,18.010748242656074,18.114377141676723,17.74822161062291,17.851850509643555,61043400
2005-09-21,17.82422257628685,17.893308975889124,17.56860461078594,17.610055923461914,68281800
2005-09-22,17.610056710068157,17.686051884796562,17.375163731556295,17.506427764892578,71314900
2005-09-23,17.48569688885119,17.644595968910465,17.354434207459125,17.45806312561035,66396800
2005-09-26,17.54787450328456,17.610052117717935,17.41661050417931,17.45806312561035,56203700
2005-09-27,17.527154081013105,17.582422939620983,17.478792676731874,17.506427764892578,48797900
2005-09-28,17.540971470165136,17.872585961508545,17.534062697666982,17.734413146972656,71019400
2005-09-29,17.692956249489498,17.962391703371853,17.616961093691625,17.920940399169922,66807100
2005-09-30,17.90021314921066,17.927848229037746,17.692955321360046,17.77585792541504,57644500
2005-10-03,17.762038821340813,17.775856360037555,17.57550731978685,17.616958618164062,55341300
2005-10-04,17.52023938848078,17.540964379884326,17.098813660434214,17.25771141052246,151666300
2005-10-05,17.299167848681872,17.306075302199602,17.043548583984375,17.043548583984375,73684700
2005-10-06,17.03663520195918,17.236985560298372,16.94682383568807,17.08499526977539,81724600
2005-10-07,17.112638429156696,17.160998519812352,16.939923066692973,16.988283157348633,50768700
2005-10-10,17.043547662814643,17.050456433672345,16.82247226622137,16.898466110229492,48880900
2005-10-11,16.933000843395796,16.960634594228118,16.75337685099161,16.863914489746094,76567300
2005-10-12,16.919193554562373,17.06427511685233,16.76720453866597,16.78792953491211,71294400
2005-10-13,16.794841477012355,17.085003338659952,16.767207704229254,16.988283157348633,70192000
2005-10-14,17.071182351195432,17.08499989365765,16.92610210848229,17.043548583984375,53846700
2005-10-17,17.050459696783122,17.057368468963023,16.884653117606167,16.94683074951172,46924400
2005-10-18,16.9191860514254,17.15407890127882,16.89155229611413,16.974454879760742,69328200
2005-10-19,16.967554629046216,17.333711624145508,16.926103316414768,17.333711624145508,66574500
2005-10-20,17.306081972087338,17.361350845523845,17.091915252235104,17.1264591217041,58830600
2005-10-21,17.20935254524713,17.271530159237436,16.974459629664445,17.11954116821289,69431200
2005-10-24,17.19552901612991,17.34061050415039,17.05044884582215,17.34061050415039,51868000
2005-10-25,17.236990363729294,17.36134429374768,17.154086426003648,17.292259216308594,41310500
2005-10-26,17.250808871889454,17.49951940027209,17.22317510079892,17.347530364990234,58178100
2005-10-27,17.423517976668943,17.45806182528856,17.16790008544922,17.16790008544922,61566100
2005-10-28,17.340622768926153,17.686053496125027,17.340622768926153,17.637693405151367,106559300
2005-10-31,17.692958865515276,17.82422156784835,17.616963698480994,17.755136489868164,75122100
2005-11-01,17.692966259995238,18.031488290888703,17.692966259995238,17.93476676940918,71370400
2005-11-02,17.914039472951206,18.307830329583513,17.914039472951206,18.280195236206055,75067100
2005-11-03,18.37691421824319,18.404547990106856,18.135112455296518,18.266376495361328,73421600
2005-11-04,18.32855407309163,18.452908022667874,18.273285211819882,18.418365478515625,57464000
2005-11-07,18.45980780919389,18.708518222706548,18.445991588886596,18.660158157348633,77104800
2005-11-08,18.61180180021159,18.777608336351054,18.49435533906532,18.687795639038086,60091700
2005-11-09,18.63943743046251,18.75688390336902,18.611803663862162,18.625619888305664,59562100
2005-11-10,18.611815567789627,18.75689590008838,18.404556256016015,18.715444564819336,73314800
2005-11-11,18.756891739206097,18.922698361215225,18.74307419127686,18.846704483032227,51945600
2005-11-14,18.901967647189746,18.95723650449735,18.791429932574534,18.908876419067383,67152200
2005-11-15,18.93658585758729,19.082092693405205,18.881154996698555,19.05437660217285,65081000
2005-11-16,19.040518168117416,19.31767246690697,19.01280339902643,19.22066879272461,86277000
2005-11-17,19.296885960120683,19.400818652874474,19.23452608015323,19.38003158569336,91351000
2005-11-18,19.48396686103695,19.574041514833016,19.33153100166148,19.449321746826172,75431200
2005-11-21,19.44932452481419,19.567115286803183,19.28996094141031,19.51168441772461,65794400
2005-11-22,19.44239554414589,19.45625359184034,19.303819031929883,19.338462829589844,104253300
2005-11-23,19.345386505126953,19.46317723481251,19.2206667535098,19.345386505126953,70541300
2005-11-25,19.26223853786822,19.359243518169567,19.03358611260375,19.23452377319336,44082500
2005-11-28,19.25531237141695,19.296885182528058,19.075161761167692,19.227596282958984,57517200
2005-11-29,19.255319895435466,19.255319895435466,19.123671066970015,19.179101943969727,62220400
2005-11-30,19.179101943969727,19.24146184579145,19.144456819859688,19.179101943969727,55904700
2005-12-01,19.21375178234127,19.470120494986233,19.21375178234127,19.324613571166992,61006100
2005-12-02,19.276104172337664,19.470112887769428,19.255318421039576,19.407752990722656,42319600
2005-12-05,19.352323041538405,19.414682941561242,19.199887143004215,19.296892166137695,47517300
2005-12-06,19.33154074454051,19.345398797209125,19.17910612991569,19.18603515625,65980000
2005-12-07,19.172165427618893,19.227596282958984,19.089018483820837,19.227596282958984,55583200
2005-12-08,19.19989188734197,19.269180829108393,19.12367524081788,19.18603515625,63931600
2005-12-09,19.199886322021484,19.283033292355363,19.15138447331683,19.199886322021484,48467000
2005-12-12,19.192958889508645,19.227602690049395,18.936590272147757,19.019737243652344,63757200
2005-12-13,18.90888443815436,19.005888182803126,18.707946599579735,18.79802131652832,104285500
2005-12-14,18.707945708789477,18.87423840094505,18.604012941389346,18.770305633544922,65076200
2005-12-15,18.76336953497322,18.78415660925012,18.57628983121012,18.652507781982422,79018100
2005-12-16,18.624792843783364,18.763370704447247,18.576290989023935,18.63865089416504,88542500
2005-12-19,18.583216087357332,18.617861205990586,18.46542532715657,18.590145111083984,68680100
2005-12-20,18.541648184462087,18.624793848082714,18.479288275958368,18.610937118530273,62960600
2005-12-21,18.61786187136357,18.645576645684507,18.50699880935124,18.520856857299805,75800900
2005-12-22,18.506998563968814,18.555501731145693,18.30606215768358,18.423852920532227,91276900
2005-12-23,18.375352351884032,18.479285074190418,18.319921478548874,18.458498001098633,30689200
2005-12-27,18.486216198869204,18.60400698328627,18.326852585121536,18.33378028869629,37819000
2005-12-28,18.368429132075683,18.472361887225563,18.25756735037225,18.285282135009766,35444400
2005-12-29,18.299144559876495,18.361504492179872,18.19521177989654,18.20214080810547,34495500
2005-12-30,18.118980407714844,18.22984213401648,18.08433661383659,18.118980407714844,49044600
2006-01-03,18.188271351609483,18.707936247369755,18.084338636772664,18.597074508666992,79973000
2006-01-04,18.54857064300531,18.763365073151036,18.54857064300531,18.68714714050293,57975600
2006-01-05,18.680218865502603,18.798009619959714,18.645575070134782,18.701005935668945,48245500
2006-01-06,18.631720335158576,18.707938284406875,18.354565958223365,18.645578384399414,100963000
2006-01-09,18.659438975905054,18.75644269065462,18.541648184462087,18.610937118530273,55625000
2006-01-10,18.465430443969428,18.72179910659125,18.423857611665746,18.70794105529785,64921900
2006-01-11,18.714875241585798,18.978171680882,18.63865726003145,18.908884048461914,70120700
2006-01-12,18.881153378101445,18.88808240031554,18.68714472083438,18.804935455322266,45994800
2006-01-13,18.72872640829366,18.881160993760187,18.71486835827587,18.839588165283203,41418000
2006-01-17,18.638646046746,18.8395837602924,18.638646046746,18.701005935668945,58566600
2006-01-18,18.527785219120275,18.694077823831446,18.50007044578982,18.590145111083984,52376200
2006-01-19,18.617863311266603,18.874230610261513,18.604005262246258,18.7217960357666,60367600
2006-01-20,18.71486743716736,18.71486743716736,18.195202481264594,18.299135208129883,79165900
2006-01-23,18.29913355265032,18.382280519566237,18.22291560977542,18.25756072998047,47925600
2006-01-24,18.250635407395286,18.32685336572814,18.16748842361613,18.209062576293945,63040700
2006-01-25,18.29912720278896,18.409988905823308,18.17440745648138,18.292198181152344,59072100
2006-01-26,18.403072623398984,18.513934403175504,18.229850927301086,18.361499786376953,69509300
2006-01-27,18.867298402983305,19.366177510948297,18.839583631194177,19.25531578063965,134520700
2006-01-30,19.276103801445842,19.52554338483346,19.248389026389564,19.40082359313965,103999200
2006-01-31,19.338466198266506,19.664122446356995,19.31075141962598,19.504758834838867,94841300
2006-02-01,19.373107084038235,19.449325026578652,19.23453056855481,19.428539276123047,68448800
2006-02-02,19.380038377502554,19.393896427146572,19.089025942859973,19.179101943969727,55073400
2006-02-03,19.040521955583362,19.19295784142152,18.94351826210541,19.082096099853516,75022700
2006-02-06,19.061310924789424,19.08209799899333,18.770298493816444,18.825729370117188,60170500
2006-02-07,18.67329751024084,18.81187406038665,18.576292471404592,18.66636848449707,72159500
2006-02-08,18.714867309027294,18.763369159793918,18.50700053514365,18.645578384399414,51795200
2006-02-09,18.680222249276927,18.728725421784358,18.465427771620732,18.47235679626465,52861700
2006-02-10,18.444639330455765,18.63171768226451,18.368421392059822,18.493141174316406,52127000
2006-02-13,18.451574807564914,18.500077993439767,18.2506383238187,18.285282135009766,46707000
2006-02-14,18.299129104799775,18.486208743706193,18.257556292234753,18.465421676635742,58432900
2006-02-15,18.493233867670995,18.722661148794682,18.423710167864424,18.687898635864258,62808900
2006-02-16,18.667038825739528,18.701800005858942,18.47237276933036,18.63922882080078,48868500
2006-02-17,18.54190760521389,18.639240028919243,18.465431371699786,18.56276512145996,41513200
2006-02-21,18.57666199321608,18.57666199321608,18.312473514598164,18.451520919799805,50216100
2006-02-22,18.444572274388364,18.673999612714926,18.40285724847109,18.5766658782959,43043100
2006-02-23,18.583618367839804,18.694855784754868,18.451524764037295,18.53495216369629,47359100
2006-02-24,18.486280900759002,18.590565784822363,18.43761470993305,18.514089584350586,44753800
2006-02-27,18.597519618191807,18.952089310225908,18.541900920973966,18.806089401245117,51301500
2006-02-28,18.7365746065664,18.979905676581517,18.68095588684082,18.68095588684082,65036100
2006-03-01,18.75741499799591,18.910367342948103,18.73655882445062,18.86865234375,53061200
2006-03-02,18.785229808650012,18.840848495771866,18.70180111494018,18.75046730041504,41850300
2006-03-03,18.639237061097596,18.882569407671348,18.590570856993768,18.722665786743164,45218800
2006-03-06,18.715709903565863,18.875613495625608,18.653138702141725,18.708757400512695,53054100
2006-03-07,18.70180808600175,18.840855518663087,18.63923687390961,18.813045501708984,51613900
2006-03-08,18.764379702687613,19.118949470170048,18.750474693910743,18.945140838623047,57547400
2006-03-09,18.959045423233572,19.063330334617707,18.771331787109375,18.771331787109375,45360700
2006-03-10,18.813044428933306,18.92428183829745,18.687902011885015,18.8895206451416,41297200
2006-03-13,18.896473131336542,18.972949347473413,18.72961701744615,18.847806930541992,40342600
2006-03-14,18.799136976702513,19.035515429649273,18.76437446446457,18.931230545043945,39821800
2006-03-15,18.91037667406408,19.084185278325496,18.778281763530163,19.02161407470703,57152000
2006-03-16,19.007711613698305,19.105044020782415,18.92428288901579,18.95904541015625,73793700
2006-03-17,19.01466497412872,19.230187310685867,18.959046263854145,19.11894989013672,120615000
2006-03-20,19.25800112293788,19.45961849013408,19.23714360520521,19.390094757080078,67094100
2006-03-21,19.285797119140625,19.61950922675529,19.244083437202303,19.285797119140625,73199600
2006-03-22,18.826944164350902,19.118942613674644,18.632278089450356,18.8756103515625,145696100
2006-03-23,18.82694920146866,18.840854208979138,18.534950674021218,18.66704559326172,73682900
2006-03-24,18.56970349566145,18.917320570393148,18.507133642179337,18.778274536132812,69157600
2006-03-27,18.778274536132812,18.979891749929166,18.77132203551171,18.778274536132812,59908600
2006-03-28,18.778287068609835,18.91733319566843,18.639239615496447,18.701810836791992,58520500
2006-03-29,18.736560644162218,18.910369179540144,18.715703142537464,18.785226821899414,53150300
2006-03-30,18.792184474254924,19.042467932096862,18.771326966912156,18.931230545043945,54612000
2006-03-31,18.979900998232992,19.146758442335987,18.917329788208008,18.917329788208008,62190500
2006-04-03,19.237137913726418,19.278851610795485,19.077234303249565,19.160661697387695,57605300
2006-04-04,19.188467485588284,19.327513553871526,19.09808628145266,19.216276168823242,45470000
2006-04-05,19.38312948568139,19.424844493673756,19.216273431874058,19.285797119140625,41539300
2006-04-06,19.230185409872487,19.271899106941554,19.028568102326567,19.160661697387695,51885500
2006-04-07,19.19542569238821,19.271900588551745,18.931235829846177,18.945140838623047,47249400
2006-04-10,18.93123686043657,19.07723680843249,18.910380672190506,18.972951889038086,39432000
2006-04-11,18.972955998430553,18.9938121911939,18.77133729468495,18.861717224121094,42953400
2006-04-12,18.84084999180785,18.91037368774414,18.75046878927441,18.91037368774414,32183000
2006-04-13,18.826948383580156,18.91037709896415,18.771329682008975,18.819995880126953,28160000
2006-04-17,18.79218438657723,18.806088065353283,18.58361329228544,18.66008949279785,35796200
2006-04-18,18.72962293137634,19.11895398671961,18.646194185061027,18.924287796020508,56272700
2006-04-19,18.84780543728417,18.903424137507788,18.74351921406727,18.792186737060547,45111100
2006-04-20,18.806090417575643,18.903424137507788,18.562759432881315,18.792186737060547,45648300
2006-04-21,18.80608665866558,19.04246641888262,18.771325475244197,18.8756103515625,58528000
2006-04-24,18.819996915199667,18.94513933213109,18.757425706733954,18.847806930541992,42318400
2006-04-25,18.83390192287083,18.917329316788766,18.78523572207628,18.847806930541992,49222500
2006-04-26,18.826951542884252,18.931236460073205,18.77133283197983,18.840856552124023,39190000
2006-04-27,18.750474693910743,19.209329375110453,18.729618506800062,18.945140838623047,96509600
2006-04-28,16.845535712668777,17.033249391563672,16.685632057041964,16.7899169921875,591052200
2006-05-01,16.908097543332023,17.380857067743307,16.748193976561783,16.88724136352539,174800900
2006-05-02,17.026293431951725,17.38086320036574,16.616104954338724,16.692581176757812,190533500
2006-05-03,16.67867552929089,16.69953304171233,16.094678442036425,16.108583450317383,211527100
2006-05-04,16.23371636206924,16.456191060007473,16.087716512763652,16.296287536621094,171257400
2006-05-05,16.449241274021905,16.650859831078584,16.35190890912779,16.546573638916016,131604300
2006-05-08,16.581343995965636,17.380863449428414,16.344964146969037,16.497915267944336,80693500
2006-05-09,16.511810440399678,16.685618971351253,16.331049409083576,16.421430587768555,75345900
2006-05-10,16.456194997709797,16.539623692426677,16.400576309916584,16.525718688964844,76563300
2006-05-11,16.484007683049853,16.539627710408993,16.094676773916948,16.143342971801758,92916700
2006-05-12,16.087725937895947,16.24763088101781,16.025154726686214,16.108583450317383,83115900
2006-05-15,16.122539631985298,16.213271951767666,16.073683665085156,16.15743637084961,67314800
2006-05-16,16.16441635797394,16.750690636758513,15.989929997174373,16.059724807739258,82095100
2006-05-17,15.975971900166012,16.108581916507635,15.86430072784424,15.864300727844238,98598300
2006-05-18,15.941075951385391,16.150459077103015,15.885240362445662,15.934096336364746,95476400
2006-05-19,15.906177806654846,15.982950902669684,15.717732211370068,15.745649337768555,100071200
2006-05-22,15.689816177388215,16.066707426177025,15.668878662161415,15.968994140625,87322300
2006-05-23,16.12952081989182,16.317965091862515,15.892219245028326,15.90617847442627,79986300
2006-05-24,16.045765798998392,16.429636596746622,16.038786184723843,16.401718139648438,107356700
2006-05-25,16.450576421725845,16.69485763078608,16.42963890718315,16.56922721862793,83052700
2006-05-26,16.590163497516524,16.66693659100367,16.443594262267816,16.555265426635742,46861600
2006-05-30,16.436614275439887,16.58318350736557,16.150456756831694,16.15743637084961,52497500
2006-05-31,16.23421609418414,16.297031309628856,15.80846881866455,15.80846881866455,120202000
2006-06-01,15.871287458567844,15.941082305368514,15.787534707387822,15.927123069763184,80230800
2006-06-02,15.962011156606994,16.045763855305616,15.822421550475765,15.885236740112305,73935600
2006-06-05,15.857315248840639,15.86429486093273,15.696788164397166,15.703767776489258,63914100
2006-06-06,15.738673839043502,15.745653455274633,15.340845032448735,15.445536613464355,126601300
2006-06-07,15.459493096026172,15.626999862100568,15.361781148622468,15.382719993591309,73827500
2006-06-08,15.37574208759759,15.501371177697834,15.333864393005253,15.431577682495117,104126900
2006-06-09,15.459495491078867,15.487413955362571,15.278029466911732,15.298968315124512,52573800
2006-06-12,15.326885471471691,15.424598765387483,15.14542077825447,15.152399063110352,74309700
2006-06-13,15.166356340065441,15.375740801841125,14.977910723834967,15.012808799743652,113175300
2006-06-14,15.068639375774232,15.31292050094683,15.040720924337348,15.271042823791504,86081500
2006-06-15,15.361784406637339,15.445537141824573,15.21521512322109,15.403660774230957,121577300
2006-06-16,15.333861224176536,15.550225274513995,15.208232160038245,15.42459487915039,147506500
2006-06-19,15.452507185217458,15.773562687804736,15.43854929215054,15.738664627075195,129640900
2006-06-20,15.731691440181978,15.885238963436983,15.70377298255816,15.745649337768555,90598500
2006-06-21,15.78054764828343,16.15743751332344,15.724712063417305,16.10858154296875,91660300
2006-06-22,16.094624556887936,16.171398995987627,15.899200648234954,15.968994140625,76590600
2006-06-23,15.948048874812958,15.962008098997144,15.70376777648926,15.703767776489258,60532600
2006-06-26,15.808472229569837,15.97597906315586,15.794512993964508,15.927123069763184,53644100
2006-06-27,15.975980362935752,16.164426065261406,15.941083602309261,15.955042839050293,84759100
2006-06-28,16.02482385611225,16.22722863724222,15.989927122715727,16.164413452148438,71906500
2006-06-29,16.27608581972602,16.49244851174043,16.206291016462455,16.38077735900879,121395500
2006-06-30,16.429642694308043,16.50641581737039,16.262134552001953,16.262134552001953,73048800
2006-07-03,16.422662352373454,16.55527107327448,16.366826751145194,16.54131317138672,25711400
2006-07-05,16.38775224470549,16.415670690446696,16.262121901319585,16.297019958496094,53093500
2006-07-06,16.366832173715263,16.47850341317009,16.345893317107667,16.38776969909668,44775200
2006-07-07,16.324949772560288,16.43662097994715,16.262134552001953,16.262134552001953,63168800
2006-07-10,16.352862170951916,16.51338930559057,16.317964099579182,16.401718139648438,50565100
2006-07-11,16.310990892692807,16.310990892692807,15.871284375131921,16.12254524230957,88676300
2006-07-12,15.906176987443207,15.96899085141105,15.787526211103483,15.801484107971191,77379300
2006-07-13,15.613044588168977,15.780551382404157,15.529290525438556,15.536270141601562,73099500
2006-07-14,15.5502303519649,15.73867467531571,15.515332268954937,15.557209968566895,67499400
2006-07-17,15.557207771878376,15.780550146703051,15.536268925028978,15.68981647491455,37053500
2006-07-18,15.76659479465789,15.885245626879355,15.689820335212858,15.871286392211914,65047300
2006-07-19,15.92711424153607,16.373798883506332,15.857319433421907,16.33192253112793,82188200
2006-07-20,16.359840292355614,16.366819905993253,15.899196442072729,15.948052406311035,76605200
2006-07-21,16.806514241277767,16.855370174486893,16.052733753077867,16.65994644165039,175483800
2006-07-24,16.757671982453907,16.827466800230468,16.60412444832582,16.75069236755371,59586700
2006-07-25,16.750688342610854,16.953093132405453,16.680893541604956,16.90423583984375,60075800
2006-07-26,16.834457068490185,17.120614804360564,16.820497829855956,17.008943557739258,54942100
2006-07-27,17.155486714170763,17.169445932580324,16.590151680826924,16.65994644165039,85386800
2006-07-28,16.806525844534093,16.946115462553955,16.792566616487054,16.9251766204834,51705800
2006-07-31,16.79954591333022,17.04382707464025,16.757669561205002,16.792566299438477,40254400
2006-08-01,16.764640765986805,16.890271090571773,16.645990051792616,16.743701934814453,49168700
2006-08-02,16.834446304714668,17.02987019573675,16.771631102250307,16.96007537841797,46462000
2006-08-03,16.88329133236696,17.08569470702936,16.85537289104825,16.897249221801758,43155300
2006-08-04,17.029865655553223,17.092680841270976,16.855379324387258,16.953092575073242,45690400
2006-08-07,16.94611351918235,17.085701789969047,16.88329833139955,16.90423583984375,36862400
2006-08-08,17.022888070909076,17.113621719412713,16.8902794019041,16.987991333007812,58171300
2006-08-09,17.092685592319953,17.197377153874378,16.987994030765527,17.057788848876953,44405700
2006-08-10,17.008938654922343,17.16946585926531,16.98799980300661,17.071752548217773,31753400
2006-08-11,17.05080223083496,17.064761454969,16.89027514696819,17.05080223083496,30255500
2006-08-14,17.11362775980982,17.169463358894614,16.99497694535143,17.120607376098633,47831900
2006-08-15,17.197661154593597,17.267712996927273,17.120605330541537,17.2466983795166,48994500
2006-08-16,17.23969357069683,17.323754715077058,17.14162045408283,17.3027400970459,52373600
2006-08-17,17.3027400970459,17.337765351183027,17.23969357069683,17.3027400970459,45674800
2006-08-18,17.54791297117439,18.07329960307934,17.498877099310295,18.066295623779297,128414800
2006-08-21,17.975230312427826,18.304472165680682,17.905178484721745,18.297468185424805,88398300
2006-08-22,18.220412905503494,18.388536507522673,17.94721221923828,17.94721221923828,89312400
2006-08-23,17.968226228454938,18.178381725987393,17.877159781480174,17.982236862182617,44648500
2006-08-24,18.087325567074576,18.115346852538387,17.863160627877836,18.03128433227539,35933300
2006-08-25,18.01025098258,18.213401097703102,17.996241689499932,18.10832405090332,33115900
2006-08-28,18.101320021505643,18.213402390866953,17.99624296724532,18.178377151489258,34190900
2006-08-29,18.157357625656015,18.199388171846508,17.95420753616919,18.101316452026367,42711200
2006-08-30,18.108333628898063,18.136353566005855,17.961224616666662,18.073307037353516,30283100
2006-08-31,18.12233589873665,18.19939169230359,17.989237584572333,18.00324821472168,26380500
2006-09-01,18.136341684497282,18.19238285812693,17.961212849888767,18.101316452026367,31594600
2006-09-05,17.99624390059986,18.185382073626982,17.90517613569115,17.940202713012695,44222400
2006-09-06,17.87015089449691,18.01725851086548,17.87015089449691,17.940202713012695,50160400
2006-09-07,17.84913504362778,18.003249312412745,17.786088540238893,17.814109802246094,51266900
2006-09-08,17.884168758922808,18.06630302627963,17.835131530838865,17.933204650878906,36866800
2006-09-11,17.814118537268868,18.178387105215002,17.80711321833206,18.150365829467773,55608200
2006-09-12,18.143346013716993,18.199387184305717,18.01725304586064,18.16436195373535,52248800
2006-09-13,18.08731563273365,18.28346051486371,18.08731563273365,18.199398040771484,37706700
2006-09-14,18.20639707975371,18.56366013321885,18.19939176465119,18.44457244873047,74324500
2006-09-15,18.619698420668932,18.871884380610357,18.556651930683575,18.808837890625,126057700
2006-09-18,18.731792408423896,18.941947950961783,18.682756516003412,18.76681900024414,49135000
2006-09-19,18.731788743753032,18.871892411368535,18.717778109765963,18.81585121154785,43039100
2006-09-20,18.9209303520779,19.07504333431454,18.906919716567003,19.04001808166504,71676400
2006-09-21,19.082053309667177,19.089058629132502,18.80885253115984,18.8438777923584,58495100
2006-09-22,18.794842308410534,18.808852947651427,18.549661466207297,18.67575454711914,47712500
2006-09-25,18.780819821867798,19.047016455010425,18.766810527592334,18.87889289855957,67903900
2006-09-26,18.850881137239583,19.138092524592874,18.82986518104498,19.054031372070312,54766500
2006-09-27,19.040016563872868,19.24316541807571,18.99798599681842,19.222150802612305,66233900
2006-09-28,19.243162004703812,19.278188584475828,19.096054378043544,19.19412612915039,44179700
2006-09-29,19.159107208251953,19.208143099987836,19.061034088652345,19.159107208251953,34283500
2006-10-02,19.138085912489426,19.257173617525517,19.01899820745334,19.166107177734375,52908100
2006-10-03,19.17311668395996,19.250172507967694,19.061032934613902,19.17311668395996,39386200
2006-10-04,19.18712798608277,19.586421791863348,19.17311868506415,19.572412490844727,82191200
2006-10-05,19.558387756347656,19.691486041048854,19.460316039266214,19.558387756347656,81967200
2006-10-06,19.446309798084812,19.614433352196944,19.369252668069034,19.523366928100586,36452200
2006-10-09,19.474336109701035,19.56540389979368,19.348244404855933,19.41829490661621,33366300
2006-10-10,19.39728355407715,19.439314129430375,19.222154597956155,19.39728355407715,34598500
2006-10-11,19.236163263756055,19.383272276826244,19.208143326488504,19.292205810546875,37219600
2006-10-12,19.320223155014112,19.81759000201247,19.29220322150687,19.768552780151367,120174900
2006-10-13,19.852612666844443,20.097793399700997,19.831596717355882,19.873628616333008,129751900
2006-10-16,19.950684947773453,20.034747411800655,19.845607869835103,19.929670333862305,49744800
2006-10-17,19.782562877569347,19.97170243408397,19.733526993167995,19.922666549682617,40122600
2006-10-18,19.964695726402212,20.104799388757808,19.796572133252027,19.97870635986328,40630800
2006-10-19,19.859615549153027,19.929667369401166,19.69849729787144,19.817584991455078,44730800
2006-10-20,19.9506899288666,19.957695247295177,19.73353040209207,19.915664672851562,48887800
2006-10-23,19.82459191979642,20.09779392578917,19.740530791896756,19.929670333862305,48525000
2006-10-24,19.915658277706918,19.915658277706918,19.70550280071642,19.81058120727539,61409600
2006-10-25,19.81058747749647,19.936679200246953,19.71251435607561,19.831602096557617,40717100
2006-10-26,19.84561041281921,19.90165161730919,19.642461547590912,19.859621047973633,69964200
2006-10-27,19.957686693536917,20.167842147939226,19.78956313169145,19.852609634399414,89060100
2006-10-30,19.859613334187813,20.202865745380294,19.8385973896191,19.985706329345703,47296800
2006-10-31,20.076779711859178,20.209878068025247,20.006727875133475,20.111804962158203,61861700
2006-11-01,20.16083391888687,20.307941513194052,20.10479273970407,20.181848526000977,75895900
2006-11-02,20.11180529956233,20.216883724477555,20.020738845580507,20.153837203979492,58674400
2006-11-03,20.209882650268206,20.26592386512962,20.041759005683968,20.12582015991211,41124500
2006-11-06,20.153837343947572,20.34998088807916,20.14683202649606,20.20287322998047,60446200
2006-11-07,20.216879791814808,20.36398742027591,20.17484789557385,20.279926300048828,56511200
2006-11-08,20.160842939403327,20.476074212302066,20.07678046495371,20.300945281982422,77403300
2006-11-09,20.39200850387192,20.59515732272807,20.3149513642399,20.497085571289062,89407500
2006-11-10,20.43404021709353,20.51810267744892,20.42002958434638,20.483076095581055,37855100
2006-11-13,20.44805628289007,20.637194530720652,20.427040328185413,20.560138702392578,47271800
2006-11-14,20.58122215415079,20.679629205797962,20.433610235984503,20.54607582092285,63012500
2006-11-15,20.475781739701567,20.637452169402764,20.46172454899762,20.468753814697266,63943200
2006-11-16,20.482820296964555,20.834275697204557,20.47579102807624,20.714780807495117,64328500
2006-11-17,20.602312955019528,20.763983440546614,20.581226491334636,20.66557502746582,49356700
2006-11-20,20.749920255238806,21.087317005560855,20.735861722134842,21.00999641418457,85703800
2006-11-21,21.02405288745702,21.087314939531247,20.939704378488308,21.031082153320312,66446600
2006-11-22,21.06622714194138,21.087314939531247,20.9607908353828,21.031082153320312,43907200
2006-11-24,20.848335433051766,20.974859598920357,20.83427689446725,20.91862678527832,20456700
2006-11-27,20.869421347560376,20.904566350137124,20.61637303878088,20.72180938720703,72722100
2006-11-28,20.623403350747846,20.67963616213294,20.475791382926996,20.65854835510254,52602300
2006-11-29,20.693688814862345,20.932678530454236,20.686659547851338,20.785066604614258,58775100
2006-11-30,20.679633068324808,20.785069406310893,20.616370997394004,20.63745880126953,53297400
2006-12-01,20.546073056002694,20.595276575204878,20.314112650695716,20.468753814697266,72257000
2006-12-04,20.54607601366813,20.749920726215883,20.50390175409449,20.61636734008789,55123400
2006-12-05,20.63746051891361,20.665576252391926,20.405500019759973,20.47579002380371,45606000
2006-12-06,20.45469523085037,20.475781687199895,20.293026142259052,20.37737464904785,48564100
2006-12-07,20.356297629822866,20.433618252563463,20.250861270164993,20.27897834777832,46831100
2006-12-08,20.257886860976278,20.66557502746582,20.243828324722475,20.66557502746582,108854900
2006-12-11,20.5179543353318,20.911583772118206,20.461721558648026,20.763973236083984,107712000
2006-12-12,20.778038561736977,20.827242093017254,20.53904883206506,20.686660766601562,68529400
2006-12-13,20.80615769314744,20.80615769314744,20.609342207827954,20.771011352539062,46002500
2006-12-14,20.763984267103183,21.1435553761948,20.749925730289753,21.136526107788086,85866500
2006-12-15,21.185720829574866,21.248982878213162,21.10840159066885,21.220867156982422,102783700
2006-12-18,21.220870388657485,21.270073913825847,20.932677163503794,21.00999641418457,56986800
2006-12-19,20.88347060062547,21.20681013226413,20.756947835057716,21.080286026000977,53822100
2006-12-20,21.08028812639861,21.25601577134094,21.066229593036297,21.15057945251465,31202100
2006-12-21,21.17869567493523,21.185724941781142,21.009997292720062,21.073259353637695,32270500
2006-12-22,20.96782771047046,20.988915515713092,20.820217095859633,20.834274291992188,37971700
2006-12-26,20.756947835057716,21.087315291981753,20.665568718003037,21.080286026000977,37098300
2006-12-27,21.08029349646443,21.178700573678118,21.024060689385767,21.101381301879883,31248400
2006-12-28,20.988910832877895,21.10840568786725,20.95376449864834,21.073259353637695,26690600
2006-12-29,20.98891258239746,21.192755975137878,20.967824780101967,20.98891258239746,41739800
2007-01-03,21.024057578860944,21.263047308760516,20.665572984011582,20.98891258239746,76935100
2007-01-04,20.876448510480152,21.066233382225928,20.69369156598412,20.953767776489258,45774500
2007-01-05,20.82724502357798,20.911594903852638,20.700722214209783,20.834274291992188,44607200
2007-01-08,20.841295317365336,21.1576055674201,20.756946811147625,21.038110733032227,50220200
2007-01-09,21.087319263432356,21.213843393524254,20.89753306829451,21.059202194213867,44636600
2007-01-10,20.946730855915337,21.00999290361718,20.686654740425787,20.848323822021484,55017400
2007-01-11,20.918624469252194,21.61450596378821,20.841303856294008,21.579360961914062,99464300
2007-01-12,21.544208068484174,22.06436171409668,21.53717880210753,21.937837600708008,103972500
2007-01-16,21.972986031935196,22.10653942446048,21.811316911912574,21.902694702148438,62379600
2007-01-17,21.972992663899554,22.099516827564557,21.797264956741717,21.86052703857422,58519600
2007-01-18,21.895662291862415,22.05030346333285,21.649643343273876,21.790225982666016,56364300
2007-01-19,21.60044310888551,21.867549896240234,21.57232738114563,21.867549896240234,75826900
2007-01-22,21.8324098160807,21.874585430818023,21.445809399193884,21.593420028686523,56143900
2007-01-23,21.530152772341914,21.762113234859754,21.452833511966418,21.607473373413086,49171200
2007-01-24,21.63559269384607,22.00110525353394,21.544213548402244,21.85349464416504,58527800
2007-01-25,21.846452677638997,22.12761653731552,21.40361976623535,21.40361976623535,97378700
2007-01-26,21.944875307504443,21.95190457658468,21.509071350097656,21.509071350097656,96103700
2007-01-29,21.54421027915497,21.635589410732386,21.326308361901745,21.459861755371094,57605900
2007-01-30,21.487977104184516,21.537180632306807,21.185725327781196,21.424715042114258,61900400
2007-01-31,21.375507979259627,21.860516594696932,21.333333725085406,21.691818237304688,73968400
2007-02-01,21.677762944551628,21.74805427247445,21.3473954462186,21.480947494506836,55355800
2007-02-02,21.6637001567552,21.67775868771822,21.178691564093356,21.220867156982422,60401700
2007-02-05,21.066237451646455,21.101383798163337,20.672607755529622,20.813190460205078,99102100
2007-02-06,20.799118366683334,20.911583920850784,20.539040934736633,20.74288558959961,79281100
2007-02-07,20.83427417163393,20.876449781875547,20.5601394085427,20.644489288330078,65145500
2007-02-08,20.553103028176064,20.946732536019155,20.524987305106396,20.567161560058594,48749000
2007-02-09,20.630437067437075,20.665582079368615,20.335214408844827,20.370359420776367,69823100
2007-02-12,20.307089226577038,20.447671899619607,20.26491496094256,20.342235565185547,52774400
2007-02-13,20.483294319265177,20.59614982416385,20.426865221472102,20.462133407592773,50348100
2007-02-14,20.57499869628756,20.941779934291446,20.560891415131017,20.737228393554688,55588600
2007-02-15,20.864194815845543,20.913568963027057,20.610269092803915,20.779552459716797,63858100
2007-02-16,20.391603354721287,20.41276427155537,20.208212778191424,20.27169418334961,109340300
2007-02-20,20.194112055939883,20.356343113644986,20.08125648687647,20.335182189941406,53978200
2007-02-21,20.27875250043005,20.73017473427725,20.271698859858137,20.701961517333984,68604900
2007-02-22,20.673752944776925,20.835984034244714,20.567950996233424,20.730180740356445,57754400
2007-02-23,20.610266949057216,20.65258879539185,20.377502175594618,20.38455581665039,63787100
2007-02-26,20.426874496449305,20.51857047665457,20.328126221161497,20.50446319580078,63481900
2007-02-27,20.250529866097644,20.43392041183303,19.601611336279294,19.658039093017578,87143300
2007-02-28,19.714470052484142,19.926073838292993,19.69330913576563,19.869646072387695,86333300
2007-03-01,19.622776737672318,19.982504298322574,19.55929532430202,19.813220977783203,80175700
2007-03-02,19.763842525512917,19.86259077124726,19.58045196533203,19.58045196533203,63254700
2007-03-05,19.390004884897976,19.68625092341389,19.33357713210179,19.43232536315918,56454300
2007-03-06,19.608666582920765,19.707416181098175,19.502864691264442,19.62982749938965,49361800
2007-03-07,19.580457062962164,19.679205334404905,19.432333310453757,19.474655151367188,52044700
2007-03-08,19.552248137316308,19.64394414037792,18.76225904741073,19.270109176635742,72175200
2007-03-09,19.34063412385378,19.382954609455144,19.06554894942893,19.248939514160156,80125000
2007-03-12,19.171357147115287,19.38296099012388,19.136088943050908,19.354747772216797,36516400
2007-03-13,19.220730085534452,19.326532000422656,18.839841577523714,18.846895217895508,75169500
2007-03-14,18.917432499018275,19.326534271240234,18.85395107355758,19.326534271240234,75730300
2007-03-15,19.270101258066845,19.37590315667731,19.185460277316125,19.24188804626465,51757100
2007-03-16,19.291262201076908,19.382956821233755,19.185460302328504,19.27715492248535,65055300
2007-03-19,19.284207269128828,19.62982749938965,19.18545901629546,19.62982749938965,49412000
2007-03-20,19.700368018388225,19.862597720379203,19.580458815754806,19.636886596679688,47902400
2007-03-21,19.679203692438033,20.116519927978516,19.439385328648765,20.116519927978516,72808200
2007-03-22,20.116514825816143,20.137674393796363,19.75678737137011,19.94017791748047,47934900
2007-03-23,19.90492379965435,19.940192013459345,19.608677530416358,19.76385498046875,50519800
2007-03-26,19.70741266349581,19.904909133911133,19.538129397992474,19.904909133911133,47491500
2007-03-27,19.777958584048065,19.862599590733364,19.502871948959488,19.55224609375,58979800
2007-03-28,19.453492877126962,19.74973901618348,19.32653005391071,19.495813369750977,46947000
2007-03-29,19.636881903974654,19.64393554307268,19.39000991692015,19.573400497436523,42629900
2007-03-30,19.57339678523823,19.714466849755862,19.39705987726311,19.658039093017578,47061000
2007-04-02,19.672147101739004,19.700361655761196,19.43938241243185,19.56634521484375,41977600
2007-04-03,19.650985455257313,19.792054174431104,19.57339678523823,19.658039093017578,39821300
2007-04-04,19.756789152733592,20.299907202260023,19.679200475560112,20.10240936279297,63244200
2007-04-05,19.975456051277167,20.20822084802679,19.961348767754256,20.137685775756836,30131200
2007-04-09,20.15883662773873,20.25758487236574,20.02482019192784,20.151782989501953,31384600
2007-04-10,20.10241256770836,20.20116083051328,19.90491469675434,20.031877517700195,38643100
2007-04-11,19.96135244715098,20.151796773780315,19.74269489361999,19.82733726501465,44050200
2007-04-12,19.79206246556036,20.18705827354061,19.777956529474526,20.130630493164062,43762100
2007-04-13,20.053043176265476,20.24348745269978,19.820278397960596,20.18000602722168,36002900
2007-04-16,20.17295188747382,20.27875381220775,19.897865268752245,20.264646530151367,30740100
2007-04-17,20.194111528015835,20.377502159285726,20.144737386009414,20.349288940429688,33170200
2007-04-18,20.17999866121083,20.22231914763377,20.003661731547247,20.172945022583008,41778400
2007-04-19,19.989557209848456,20.377497970448307,19.933129438391312,20.23642921447754,43648800
2007-04-20,20.440972234301487,20.525614534564045,20.24347577592839,20.469186782836914,60311500
2007-04-23,20.426867223423702,20.44802813717,20.222317105251662,20.29990577697754,41739100
2007-04-24,20.306962966918945,20.426870796423554,20.165892874622543,20.306962966918945,34236700
2007-04-25,20.356333960324196,20.45508220251595,20.23642480394397,20.448028564453125,39475000
2007-04-26,20.518573494766045,20.701964136807458,20.391610639095482,20.52562713623047,68760300
2007-04-27,21.280353538951896,21.6824017654113,21.16044430076709,21.245086669921875,128298800
2007-04-30,21.252127671444644,21.421412319775435,21.118112564086914,21.118112564086914,67788800
2007-05-01,21.118112316102888,21.45667891810057,21.089897759931038,21.44257164001465,73539300
2007-05-02,21.435522746921944,21.64712792902919,21.37204132682421,21.590700149536133,80686700
2007-05-03,21.583647485562324,21.865786395794004,21.534273344439836,21.84462547302246,82036800
2007-05-04,21.64007179076065,21.65417907034177,21.364986565649968,21.555429458618164,104385900
2007-05-07,21.527218766292346,21.696502105061317,21.499004203825322,21.66123390197754,59889100
2007-05-08,21.64006946038415,21.82346003915704,21.569534415418563,21.689443588256836,60551700
2007-05-09,21.654174046751155,21.816403688265396,21.562478096090818,21.710601806640625,51735000
2007-05-10,21.64007317352351,21.81641014352244,21.534271260593016,21.569538116455078,55398600
2007-05-11,21.562481672033414,21.8516741575949,21.5483743933855,21.788192749023438,43425300
2007-05-14,21.75293083170133,21.858732754870154,21.731769908929788,21.84462547302246,70188500
2007-05-15,21.86585235595703,22.000302960375986,21.823394767609827,21.86585235595703,75013900
2007-05-16,21.936622370995824,22.00030944714591,21.80217172693423,21.986156463623047,45833600
2007-05-17,21.957846821437762,22.035685513595272,21.90831139044345,21.92246437072754,41045600
2007-05-18,21.91538092104012,21.929533896829728,21.639404641653087,21.816312789916992,58453000
2007-05-21,21.7455540437402,22.049836341635224,21.7455540437402,21.971996307373047,41836400
2007-05-22,21.865849222045433,21.887078688027533,21.696017543295245,21.717247009277344,39999500
2007-05-23,21.82339277723326,21.82339277723326,21.632331622542733,21.639408111572266,46322500
2007-05-24,21.611102175512436,21.795085480151403,21.200673935265257,21.34927749633789,64046400
2007-05-25,21.42712731919737,21.696027260224295,21.356363750599925,21.568653106689453,47726500
2007-05-29,21.575722819163925,21.81631806697559,21.50495927280125,21.788013458251953,42373100
2007-05-30,21.61817860129109,22.028605516267966,21.58987399493179,22.014453887939453,57376800
2007-05-31,22.021529273176426,22.04983387811702,21.660636449693946,21.717247009277344,85290500
2007-06-01,21.788013374530156,21.86585206049785,21.618180324031375,21.646486282348633,39469400
2007-06-04,21.526192198133,21.766787484577627,21.512039216647413,21.738481521606445,41434500
2007-06-05,21.66771406769039,21.674789207017646,21.462499934940805,21.639408111572266,44265000
2007-06-06,21.49080703772246,21.604028168831437,21.40589051453955,21.43419647216797,38217500
2007-06-07,21.24313004340078,21.434191160942103,20.938847822805783,20.9600772857666,71971400
2007-06-08,20.93177732585941,21.27144073223262,20.811479700722767,21.26436424255371,61346200
2007-06-11,21.186524886329643,21.4058906606377,21.17944839687424,21.243135452270508,48467400
2007-06-12,21.200677662815995,21.398815329182447,21.06622840499467,21.122838973999023,56981800
2007-06-13,21.20775893674837,21.51911781136057,21.12284373893769,21.50496482849121,64435600
2007-06-14,21.47666050378449,21.731407450374885,21.441278046131135,21.59695816040039,59065700
2007-06-15,21.83755030525599,21.85170193656134,21.533267962098755,21.575725555419922,100933000
2007-06-18,21.717250290660633,21.738478410148005,21.526189117059822,21.589876174926758,45412600
2007-06-19,21.568638294985785,21.696012361049785,21.497874774983355,21.554485321044922,46802600
2007-06-20,21.540339555473754,21.589873628037456,21.200674837018457,21.23605728149414,46861600
2007-06-21,21.214834703349535,21.441277022711613,21.165300614701913,21.384666442871094,56564800
2007-06-22,21.22898448140005,21.299748032945214,20.83978697245538,20.868091583251953,86219900
2007-06-25,20.853938603002423,21.066229257637914,20.790251541582023,20.868091583251953,53905800
2007-06-26,20.910544674942013,21.08745284088806,20.87516358163368,20.88931655883789,48340300
2007-06-27,20.776094875479643,21.193598243732016,20.776094875479643,21.136987686157227,53468600
2007-06-28,21.129910189313325,21.207748858699926,21.0025361034235,21.108680725097656,46055200
2007-06-29,21.136995201968553,21.17945279782101,20.54965995214941,20.853940963745117,71193900
2007-07-02,20.995464091583514,21.087455756726513,20.86808997853753,21.044998168945312,47316000
2007-07-03,21.080380243903313,21.38466119227149,21.073303754447913,21.243135452270508,35202600
2007-07-05,21.264366161538536,21.384663797531342,21.108687423660655,21.221908569335938,47838500
2007-07-06,21.165290835248804,21.257283828548335,20.98838268627501,21.207748413085938,57541000
2007-07-09,21.12991119774761,21.193598243732016,21.094528755699518,21.136987686157227,33831400
2007-07-10,21.016690321688117,21.221903089092958,20.64872101841482,20.754865646362305,66013500
2007-07-11,20.691183379240286,20.98131272584322,20.669953908865992,20.868091583251953,48017000
2007-07-12,20.917633276669747,21.306832276952377,20.832718063675593,21.278526306152344,54302400
2007-07-13,21.18652479978278,21.24313536549239,20.988387144947964,21.101608276367188,42173000
2007-07-16,21.059148661342043,21.398812022887345,21.030842706362158,21.25020980834961,48023200
2007-07-17,21.243134266212973,21.85169747867407,21.236057777152666,21.780935287475586,77539600
2007-07-18,21.589881206823723,21.915391712051807,21.582804715444496,21.8800106048584,64414400
2007-07-19,21.971988953055664,22.531019285273924,21.887073807466752,22.297500610351562,121159300
2007-07-20,22.042764436201075,22.078146890815823,21.788017511488082,22.049840927124023,98292600
2007-07-23,22.191361606738504,22.30458272924617,22.021529922977006,22.071063995361328,48910600
2007-07-24,21.943695232025313,22.27628219156704,21.73140456341569,21.79509162902832,59729300
2007-07-25,21.929544876680755,22.148910712445176,21.490813205151913,21.731407165527344,54950100
2007-07-26,21.39880931146374,21.604023409958756,20.882237845855116,21.214824676513672,87025300
2007-07-27,21.179455219137633,21.22898931157887,20.776104638170082,20.797332763671875,69214600
2007-07-30,20.811481702762002,20.86809227593674,20.4859712444329,20.804405212402344,67499600
2007-07-31,21.02376386031253,21.030840348264046,20.507192387170555,20.51426887512207,66554000
2007-08-01,20.485964614805656,20.91054310136367,20.39397161960322,20.73363494873047,80006300
2007-08-02,20.655797833777193,21.080377701988148,20.535500226945793,20.88931655883789,47938300
2007-08-03,20.839787076212172,21.07330585268211,20.450588215627274,20.493045806884766,61535500
2007-08-06,20.556731651591523,20.903472900390625,20.344442358169843,20.903472900390625,59530500
2007-08-07,20.754872323407458,21.08038415016253,20.55673463104774,20.910551071166992,49163000
2007-08-08,21.030841486458304,21.236055599052268,20.669948679611842,21.228979110717773,52898600
2007-08-09,20.97423014428779,21.29974184697797,20.46473515059692,20.73363494873047,72964500
2007-08-10,20.45058600559947,20.55673064712374,19.99770148192133,20.31613540649414,76576200
2007-08-13,20.478896282180223,20.514277386916074,20.125079836011192,20.25952911376953,55492300
2007-08-14,20.42994849470416,20.51516128437458,20.025184357687493,20.074892044067383,42944100
2007-08-15,20.05358750385962,20.586172162138435,19.918665677854463,19.954172134399414,48117700
2007-08-16,19.79795294032249,20.13170696935664,19.535211847713978,19.748245239257812,81447400
2007-08-17,19.947073864209695,20.060691833496094,19.755343033126515,20.060691833496094,76747700
2007-08-20,20.010978202626024,20.23111278348546,19.939966654287698,20.067787170410156,49952000
2007-08-21,19.95417474157866,20.11039910748998,19.790849083430512,19.932870864868164,50786200
2007-08-22,20.074900851964035,20.110405970832495,19.89027125409442,20.03939437866211,44763500
2007-08-23,20.081990179825166,20.117495277536243,19.954169660973037,20.09619140625,33886600
2007-08-24,20.032290618498543,20.479662646007586,19.932875214355775,20.458358764648438,45158900
2007-08-27,20.316337142381958,20.429955135160956,20.167212680338704,20.231122970581055,32789500
2007-08-28,20.09620095263739,20.2311228260108,19.819257266521763,19.833459854125977,43924400
2007-08-29,19.975473324476265,20.316328512458895,19.755338726279383,20.302125930786133,45753700
2007-08-30,20.181414853620133,20.54357270607879,20.11040327098315,20.20271873474121,33690700
2007-08-31,20.380242049424417,20.536466409622395,20.138803539933843,20.40154457092285,42511900
2007-09-04,20.238224075003757,20.66429222115365,20.22402148743099,20.458358764648438,45689600
2007-09-05,20.344748874590223,20.401557893070397,20.181423115763952,20.224029541015625,47669800
2007-09-06,20.2808295014897,20.600380934240896,20.27372820804709,20.529369354248047,45430800
2007-09-07,20.323434416285945,20.47255749439954,20.110399706138328,20.195613861083984,52160900
2007-09-10,20.358951467818727,20.4157604862989,20.174321819149704,20.224029541015625,37247600
2007-09-11,20.330534849482923,20.557772150061712,20.29502974081006,20.543569564819336,34380800
2007-09-12,20.458355407798155,20.71399652442862,20.45125411517697,20.543569564819336,42364700
2007-09-13,20.67848629718033,20.777901660402385,20.56486699779875,20.706890106201172,35288600
2007-09-14,20.579077266979382,20.671392728255846,20.508065686251314,20.621685028076172,33496600
2007-09-17,20.444152322785627,20.50806124171388,20.323433068040337,20.40154457092285,39536500
2007-09-18,20.380243897831242,20.57197338087101,20.07489508728554,20.543569564819336,77462400
2007-09-19,20.50096518945284,20.529369008311413,20.096199596644208,20.35894203186035,94242200
2007-09-20,20.224018144406234,20.295029716098572,20.124602756696806,20.181411743164062,67168900
2007-09-21,20.373146997898303,20.458359818859286,20.19561870739066,20.344741821289062,135636100
2007-09-24,20.45835839841581,21.02644970125716,20.45125710475655,20.650089263916016,104459800
2007-09-25,20.692696337567803,20.990943908691406,20.671393810337538,20.990943908691406,75621000
2007-09-26,21.076152379422794,21.196871633993013,20.934129248952082,20.948331832885742,60337000
2007-09-27,21.090360960815698,21.104562194354806,20.9057313804739,20.94123649597168,43407100
2007-09-28,20.94123338318651,21.08325653293344,20.756603830288757,20.91992950439453,45819100
2007-10-01,20.919928235305257,21.154266824501686,20.88442312723898,21.140064239501953,43875100
2007-10-02,21.09035301208496,21.196869672866637,20.998037579490102,21.09035301208496,33700900
2007-10-03,21.09745855819482,21.196875308531677,20.799212370483815,20.912830352783203,37633900
2007-10-04,20.990941200035735,21.140065643571287,20.905728393243827,21.097457885742188,37868000
2007-10-05,21.22527867036276,21.29629024638081,21.11166069050714,21.189773559570312,45012300
2007-10-08,21.061952993624452,21.19687485261543,21.01934658978688,21.189773559570312,30265400
2007-10-09,21.324695303263997,21.58033507934038,21.30339142424382,21.37440299987793,63603100
2007-10-10,21.331796264626682,21.56613351247281,21.32469497173036,21.466716766357422,32251500
2007-10-11,21.51643428627242,21.750771641113392,21.154277664236712,21.239490509033203,50788400
2007-10-12,21.324698817682894,21.587439930067074,21.267889818699825,21.424114227294922,31121100
2007-10-15,21.374404960983146,21.53773065182355,21.30339337883371,21.331798553466797,47150500
2007-10-16,21.473815407925077,21.715253918857602,21.466714115905535,21.530624389648438,56286200
2007-10-17,21.83597714581478,22.176831098148895,21.76496556713687,22.070314407348633,86092400
2007-10-18,22.16972546141721,22.17682675333706,21.750758719176677,22.127119064331055,49208600
2007-10-19,22.07741839281691,22.07741839281691,21.381507816665962,21.424114227294922,75200200
2007-10-22,21.388614096040563,21.800479773272645,21.388614096040563,21.665557861328125,58785100
2007-10-23,21.80756778588147,22.098715338008752,21.80756778588147,21.942489624023438,49956200
2007-10-24,21.906994997449218,22.22654516135156,21.658455078124998,22.1910400390625,77979200
2007-10-25,22.418265192494523,22.87983968484615,22.361456211741963,22.71651268005371,169588700
2007-10-26,25.571163984714243,25.585366567582412,24.541502460996142,24.875253677368164,288121200
2007-10-29,24.747435728425994,25.059887166469462,24.463392167955373,24.54860496520996,114655600
2007-10-30,24.40658237253354,25.27292107526941,24.392379787864716,25.258718490600586,107297300
2007-10-31,25.223220321165375,26.274187495938918,25.216117672444316,26.139266967773438,185635800
2007-11-01,25.940422242363496,26.622132655463055,25.819704354867444,26.316783905029297,152078800
2007-11-02,26.430401855734956,26.629232592253448,25.862309393341054,26.316783905029297,96389800
2007-11-05,26.10375339043522,26.345191925285906,26.0114406483351,26.08245086669922,75485400
2007-11-06,25.983035633548152,26.03274332847492,25.47175338988289,25.855215072631836,100966700
2007-11-07,25.592468397303104,25.677681182928975,25.17350169708296,25.223209381103516,74897800
2007-11-08,25.280031458871875,25.493067608064642,24.42789769756947,24.669336318969727,133742400
2007-11-09,24.27165780504471,24.527298868416416,23.895298855561695,23.952106475830078,125136900
2007-11-12,23.66096737470714,23.937911039747473,23.447933994588915,23.703575134277344,84865200
2007-11-13,23.895932867562575,24.70101151309431,23.78193926266646,24.551395416259766,104311500
2007-11-14,24.66539657688387,24.758017258553725,24.045556330250022,24.173799514770508,84063100
2007-11-15,24.05267715454102,24.29491395280161,23.903061027980126,24.052677154541016,64014100
2007-11-16,24.12392652484066,24.408909254335953,24.017056302640768,24.287792205810547,71113800
2007-11-19,24.19517707824707,24.394668024262856,24.131055473781863,24.19517707824707,63026200
2007-11-20,24.38752566686303,24.914747699246142,24.29490502918327,24.63688850402832,100009400
2007-11-21,24.508658689236967,24.74376939831484,24.351916404636427,24.38753890991211,89518700
2007-11-23,24.480159155779553,24.537154619626733,24.017058442090352,24.302043914794922,33467200
2007-11-26,24.287791152053966,24.487279325827892,23.461336652075886,23.489835739135742,80335000
2007-11-27,23.703576952568785,23.93868766093362,23.28322486881548,23.5539608001709,84178400
2007-11-28,23.781936749239435,24.145290477124913,23.4399559706938,24.009923934936523,88585000
2007-11-29,23.92443710356353,24.173797318687445,23.73207234425829,23.931560516357422,53633600
2007-11-30,24.166673653023583,24.309166383838015,23.64657749570028,23.93868637084961,71027800
2007-12-03,23.867435004136837,23.96717907378021,23.283217409521043,23.454206466674805,61770600
2007-12-04,23.325978110463538,23.682208668108945,23.247606952929793,23.34735107421875,54801500
2007-12-05,23.6109527054763,24.59414946325757,23.532581575228317,24.33053970336914,84894700
2007-12-06,24.408908081159773,24.658271015033396,24.13104877818211,24.615522384643555,49209700
2007-12-07,24.65827266803051,24.722394259002478,24.38041334642621,24.601274490356445,40771000
2007-12-10,24.679647884283547,24.900511766248652,24.558530822376294,24.7651424407959,36083500
2007-12-11,24.743765348520185,24.929006694152132,24.173797203926693,24.29491424560547,55070700
2007-12-12,24.65826916438368,25.000250028368534,24.173795594282893,24.55852508544922,63345400
2007-12-13,24.565648514635303,25.256736373188524,24.42315580842134,25.092870712280273,73913200
2007-12-14,24.971741161144053,25.53458563501087,24.94324208752064,25.156982421875,71126200
2007-12-17,24.95750228776585,25.028750002265944,24.48015483081606,24.501527786254883,58121200
2007-12-18,24.67964491910758,24.936131275651615,24.37328651743805,24.750892639160156,52791800
2007-12-19,24.715266564640405,25.035874499221787,24.494405434679642,24.786514282226562,58469100
2007-12-20,25.14274443553988,25.498974866019655,24.993128307015773,25.306610107421875,59345000
2007-12-21,25.577349662113395,25.691343307495117,25.470479430520516,25.691343307495117,83240500
2007-12-24,25.74121115196232,26.161563160223338,25.68421297967221,26.061819076538086,29622600
2007-12-26,25.940700108081938,26.104565781664817,25.83382989069972,26.083192825317383,30252400
2007-12-27,25.89795720148541,26.040449950214356,25.605848289611487,25.62722396850586,33311100
2007-12-28,25.719841258778708,25.812461950654704,25.413482808423765,25.73409080505371,33447200
2007-12-31,25.577349778120023,25.641471373802,25.306613849926922,25.363609313964844,35229700
2008-01-02,25.49897315840557,25.620090192102932,24.936128463662683,25.092870712280273,63004200
2008-01-03,25.09287006031105,25.39922841947338,24.836383739354467,25.199737548828125,49599600
2008-01-04,25.071505127373623,25.07863126035382,24.28779900460333,24.494413375854492,72090800
2008-01-07,24.615532678028067,24.793647969067088,24.40179487234597,24.658281326293945,80164300
2008-01-08,24.729513205907395,24.729513205907395,23.796191316554694,23.83181381225586,79148300
2008-01-09,23.767695011833894,24.608399054224897,23.76056888116713,24.537151336669922,74305500
2008-01-10,24.473034746688207,24.57990498593018,24.066932186085644,24.45878791809082,72446000
2008-01-11,24.32341731904872,24.394665047439904,24.02418501327455,24.1595516204834,55187900
2008-01-14,24.551399827493743,24.629770954532642,24.280666665860615,24.501527786254883,52792200
2008-01-15,24.245047735149615,24.49441072381288,24.223674774169922,24.223674774169922,61606200
2008-01-16,23.810449797465182,23.97431824999564,23.162110274136275,23.67508316040039,120778500
2008-01-17,23.895940868564246,24.08117951936008,23.489838345283946,23.589582443237305,94247800
2008-01-18,23.625199826618683,24.223667002450952,23.48983325413864,23.518329620361328,117062000
2008-01-22,22.471012392139755,23.176347002767653,22.442513310262132,22.770244598388672,108521400
2008-01-23,22.4282648647312,22.83436728894443,22.114783102232863,22.748872756958008,137597400
2008-01-24,23.04811128019968,23.767698381500516,22.884245583324965,23.689327239990234,155640400
2008-01-25,24.864887474808672,24.936132480480946,23.418589942821306,23.468461990356445,196992300
2008-01-28,23.525457605961186,23.582453060724575,23.097979465034715,23.31171989440918,81019000
2008-01-29,23.40433628529813,23.432835369688018,23.048105883891324,23.226221084594727,68023000
2008-01-30,23.197722798614098,23.368711855161006,22.834366297263323,22.94123649597168,106432600
2008-01-31,22.734624109069355,23.325967879959343,22.59925617603965,23.226221084594727,103642200
2008-02-01,22.129035347996105,23.689325111794428,21.551942394940795,21.694435119628906,291138900
2008-02-04,21.722934984235238,21.886800682493995,21.452200411412573,21.509197235107422,119998600
2008-02-05,21.3097061464721,21.331080463418594,20.582995677227764,20.711238861083984,137534100
2008-02-06,20.860863817248017,20.910735882368662,20.15552741287347,20.319393157958984,138315600
2008-02-07,20.191147614247605,20.504630877679904,19.877664350815305,20.034406661987305,164964900
2008-02-08,20.15551414346329,20.718357397877202,20.11989029260737,20.347877502441406,124872000
2008-02-11,20.319382196414075,20.383503776667105,19.88478067667935,20.09851837158203,156814100
2008-02-12,20.255268455656264,20.390636439572692,20.027281130478055,20.191146850585938,84365900
2008-02-13,20.39063234790026,20.696989405313765,20.326510755696848,20.63286781311035,88986200
2008-02-14,20.57587027203344,20.689865266663745,20.2766366385433,20.30513572692871,69113500
2008-02-15,20.16976539548268,20.404877411280694,20.127018126858818,20.248136520385742,68166100
2008-02-19,20.59859633094367,20.62720614808407,20.076479445851888,20.14800262451172,68261200
2008-02-20,20.133707201379817,20.212382871390613,19.96920476789526,20.183773040771484,93056200
2008-02-21,20.469865777848753,20.713042515817644,19.99781312456662,20.097946166992188,98776500
2008-02-22,20.198076341372833,20.30536046923426,19.454238539234144,19.797548294067383,125705400
2008-02-25,19.776095226271025,20.198080736653203,19.65450615778477,19.911989212036133,109974300
2008-02-26,19.84044884150185,20.641505782258765,19.790383038490322,20.298194885253906,108923500
2008-02-27,20.16230411151494,20.512766126864005,20.097933398063994,20.212369918823242,75199500
2008-02-28,20.040727258731366,20.219534601087943,19.88337592437485,19.976356506347656,83002900
2008-02-29,19.80469140132088,19.904823024827003,19.325487916527067,19.4542293548584,117411400
2008-03-03,19.48284247975082,19.590126582702485,19.2182084500828,19.304035186767578,76544300
2008-03-04,19.325489216322417,19.761778008222368,19.28257449119824,19.733169555664062,86925600
2008-03-05,19.847615804105807,20.319667097878924,19.811854879865223,20.11225128173828,106489800
2008-03-06,20.06932844853185,20.148004087188365,19.66880052882746,19.7188663482666,91127700
2008-03-07,19.554369142554446,20.076486203385322,19.540064229169364,19.933441162109375,77597600
2008-03-10,19.904833409072825,20.21238225793515,19.84761511376298,20.062183380126953,72175100
2008-03-11,20.312511080543416,20.984826979143072,20.298206167677307,20.941913604736328,98740700
2008-03-12,21.049192926109487,21.092106290737032,20.412639454734393,20.477008819580078,75993800
2008-03-13,20.4126475021588,20.734499910038465,20.14085956925583,20.469865798950195,84552200
2008-03-14,20.541376953005752,20.748794023513618,19.768929666360176,19.997802734375,105214900
2008-03-17,19.525760348283494,20.548538518142557,19.511456798333683,20.240989685058594,84490100
2008-03-18,20.50561991272497,21.084955145858036,20.50561991272497,21.042041778564453,83695300
2008-03-19,21.013438936372534,21.16363781806982,20.469865798950195,20.469865798950195,61442100
2008-03-20,20.555684926112377,20.898994579329685,20.44840083000588,20.870386123657227,60170200
2008-03-24,20.97766628117371,21.027732092344056,20.784554125924352,20.863229751586914,48294700
2008-03-25,20.97766980746441,21.00627962676586,20.698730890231577,20.84177589416504,49149000
2008-03-26,20.7630994384941,20.791707890599223,20.29819947301786,20.42694091796875,45868100
2008-03-27,20.369732228989278,20.37688468642698,20.026422457130213,20.062183380126953,47894400
2008-03-28,20.190922640037602,20.33396904449883,19.904831195306762,19.96204948425293,49244000
2008-03-31,19.94058044752491,20.44839365847931,19.911972001885815,20.298194885253906,46780600
2008-04-01,20.620051143842137,21.127864421756694,20.477004804212147,21.099254608154297,65796200
2008-04-02,21.14932677284503,21.15647922839484,20.741646355845585,20.856082916259766,49499400
2008-04-03,20.74163818359375,20.970511214245626,20.598591857340896,20.74163818359375,38961400
2008-04-04,20.83462554961033,20.92760610756648,20.55568660412469,20.856082916259766,43860800
2008-04-07,21.135021861745404,21.16363168394465,20.76310372249502,20.856082916259766,44428600
2008-04-08,20.69872767822222,20.741641036323877,20.412636350559414,20.562833786010742,44733500
2008-04-09,20.5413729953583,20.770247383467648,20.412632942547262,20.662961959838867,45839300
2008-04-10,20.620055484592815,21.027735864911232,20.598598119874005,20.82032012939453,65591600
2008-04-11,20.64866606121655,20.74879770519268,20.176613569435833,20.226680755615234,54373700
2008-04-14,20.198079363220124,20.248145206099725,19.976358617242504,20.069337844848633,43418100
2008-04-15,20.112241997527896,20.369723534423485,20.047871272256202,20.20522117614746,34310000
2008-04-16,20.434095203710672,20.777404844892487,20.298201292504487,20.705883026123047,54107400
2008-04-17,20.827470724159763,20.984820625470636,20.670119458657727,20.89899253845215,48743300
2008-04-18,21.464029210715307,21.528399950114906,21.177937793490127,21.456876754760742,73658900
2008-04-21,21.59277032870516,21.88601419698488,21.542704502051276,21.757272720336914,54411700
2008-04-22,21.914616212235334,21.95753093462674,21.43541272572643,21.635677337646484,67387500
2008-04-23,21.77873205637313,22.501112426518475,21.67144657334155,22.493961334228516,98351500
2008-04-24,22.62270226937976,22.95885955091457,22.286544987844955,22.744291305541992,115416700
2008-04-25,21.49263702783835,21.735815066258024,21.170784704653325,21.33528709411621,145194900
2008-04-28,21.313822613299568,21.342432426713895,20.612898554940426,20.734487533569336,97473000
2008-04-29,20.59859984399797,20.670123034855955,20.348270722282127,20.484163284301758,84428900
2008-04-30,20.555692104191987,20.891849419830017,20.39118967510477,20.39834213256836,74733600
2008-05-01,20.384030703901832,21.092107396229146,20.369725793545804,21.02773666381836,71699400
2008-05-02,21.163631958622283,21.185089325550212,20.64151497443223,20.913301467895508,66024200
2008-05-05,21.406811399610106,21.621379626215553,20.734495531152717,20.798866271972656,119687700
2008-05-06,20.74164481778527,21.35674230754357,20.691578996840537,21.242305755615234,93582000
2008-05-07,21.235147085884243,21.556999282417184,20.798857006723228,20.891836166381836,88775000
2008-05-08,20.94190968776127,21.020583965426468,20.741645037668015,20.934757232666016,69589900
2008-05-09,20.891844537916633,21.13502257808679,20.70588614408435,21.020586013793945,51621200
2008-05-12,21.027733237929205,21.499784289239713,20.991972332056726,21.449718475341797,64278800
2008-05-13,21.535860747412926,21.62918220819793,21.19846608862019,21.377931594848633,70934700
2008-05-14,21.45689963284357,21.7225092358417,21.342041796199354,21.485614776611328,66730400
2008-05-15,21.52150590675875,21.916330892044368,21.49279213411276,21.858901977539062,53355800
2008-05-16,21.87326003977848,21.88043882585393,21.478436390122784,21.5286865234375,81538200
2008-05-19,21.442544828211513,21.456901031817992,21.04054100453299,21.14822006225586,59615000
2008-05-20,21.033354735189647,21.04053351904568,20.55238717053969,20.645709991455078,75767600
2008-05-21,20.6816063434777,20.853893080055332,20.236532616288795,20.279603958129883,60125100
2008-05-22,20.30114719737417,20.602649430921787,20.22936069048879,20.43754005432129,52203100
2008-05-23,20.286785784705284,20.337035919255616,20.064248887748047,20.13603401184082,48890700
2008-05-27,20.179111562061625,20.45907744687038,20.136038834234277,20.416006088256836,47334500
2008-05-28,20.502141862862356,20.509320648402632,20.128854599261206,20.229354858398438,52318500
2008-05-29,20.250893022203993,20.588289149451768,20.20064288475353,20.32267951965332,47699200
2008-05-30,20.37292439752599,20.602641403901636,20.24371037853201,20.329853057861328,63399200
2008-06-02,20.27242362716605,20.35856767349295,19.777098441515985,19.95656394958496,77028400
2008-06-03,20.03553598289843,20.32268061901537,19.57610456511133,19.60481834411621,86616700
2008-06-04,19.583287398865195,19.841716940165618,19.525858459774664,19.76993179321289,79567400
2008-06-05,19.899143963471815,20.31550407409668,19.81300124773634,20.31550407409668,76063400
2008-06-06,20.092962776583157,20.222178191418656,19.734031677246094,19.734031677246094,78500800
2008-06-09,19.84888308741378,20.035527362892097,19.597631125454,19.89195442199707,66787100
2008-06-10,19.640709312592367,20.308321346477662,19.61199416871138,20.021175384521484,77433900
2008-06-11,19.99246293091852,20.057070639706474,19.46124505693918,19.46842384338379,59330800
2008-06-12,19.669429702451122,20.494971197686375,19.51867925401606,20.27243423461914,113996300
2008-06-13,20.55239208146322,21.227182863825917,20.459070607462003,20.86825180053711,131969100
2008-06-16,20.83235939512987,20.89696709653416,20.559571018264357,20.767751693725586,74718900
2008-06-17,20.846718980366283,20.90414790169456,20.667253430063738,20.67443084716797,44256700
2008-06-18,20.494968511848192,20.71750681496596,20.430360794067383,20.430360794067383,49677800
2008-06-19,20.494963316860073,20.954396012314263,20.337034140768125,20.767751693725586,62037800
2008-06-20,20.74622087860664,20.76057845369022,20.171931567400797,20.2652530670166,97480400
2008-06-23,20.315492408524545,20.394457660283415,19.949384023055057,20.078598022460938,57145300
2008-06-24,20.042720548882606,20.107328281789005,19.74839704084857,19.906326293945312,65218300
2008-06-25,19.963742775815298,20.581104563007298,19.927850221811973,20.351388931274414,64280200
2008-06-26,20.12168103202232,20.24371767942904,19.920679092407227,19.920679092407227,67049100
2008-06-27,19.8704238044244,20.035531764275284,19.71249326090326,19.834529876708984,73450200
2008-06-30,19.906319396125962,20.085784954408844,19.734032624480022,19.748390197753906,57830500
2008-07-01,19.576108004436463,19.65507193748327,18.98028226635812,19.288963317871094,100327800
2008-07-02,19.310493571014817,19.382280067329113,18.57827377319336,18.57827377319336,84669000
2008-07-03,18.642879960371406,18.736202808722275,18.377271725678604,18.65005874633789,37074500
2008-07-07,18.74338014699293,18.944380661675975,18.26959126350673,18.685951232910156,71527600
2008-07-08,18.61416299375352,18.807986073971453,18.312660880930025,18.556734085083008,65553200
2008-07-09,18.513661805807555,18.556733142820093,18.07576554367188,18.111658096313477,54255800
2008-07-10,18.090124858847673,18.4275195415756,17.93219432586644,18.269590377807617,57830600
2008-07-11,18.06141652550409,18.405990123157483,17.853237157043658,18.12602424621582,69532600
2008-07-14,18.29112608325341,18.52802052283006,17.99680273011918,18.054231643676758,51216200
2008-07-15,17.896301588477517,19.12384506850666,17.896301588477517,18.772092819213867,92719300
2008-07-16,18.757740716853302,19.590462218795306,18.606990295734686,19.568925857543945,82060400
2008-07-17,19.798642721155556,20.03553723187123,19.46124792383738,19.755571365356445,96526100
2008-07-18,18.922850208705984,19.001814128731805,18.025522355398056,18.563919067382812,150277000
2008-07-21,18.420346267660896,18.786456200180524,18.32702477233487,18.405988693237305,77575600
2008-07-22,18.33420243401393,18.621347058789716,18.291129713387377,18.520845413208008,88657200
2008-07-23,18.563921239664943,19.267426030368643,18.55674245169281,18.973102569580078,79408800
2008-07-24,18.72902313694763,18.786452052749922,18.262413024902344,18.262413024902344,81092600
2008-07-25,18.405985335188987,18.822345333015445,18.305485070986762,18.779273986816406,58682300
2008-07-28,18.707487191178885,18.743381120102462,18.190626937599838,18.305484771728516,59707800
2008-07-29,18.319855764591455,18.80082381082189,18.233711641278283,18.74339485168457,66368200
2008-07-30,18.807993814737436,19.016173180893045,18.592634291678056,18.82952880859375,51977700
2008-07-31,18.55673799789962,18.865418960546094,18.456236359624864,18.463415145874023,60461000
2008-08-01,18.60698651971609,18.62852287659696,17.996803433558398,18.262413024902344,82720200
2008-08-04,18.226525960182148,18.341383835037828,18.025525363791647,18.14756202697754,60588300
2008-08-05,18.405985263067613,18.86541797450629,18.305484999259182,18.815166473388672,84297600
2008-08-06,19.188454380895084,19.497135315460717,18.937202361884918,19.396635055541992,95550000
2008-08-07,19.310496237081022,19.920679486176006,19.188459587262027,19.662248611450195,82565800
2008-08-08,19.633534460779593,20.265252691397027,19.51867660066733,20.193466186523438,80814100
2008-08-11,19.999638964813716,20.38728379497639,19.856065994108533,20.028352737426758,68743800
2008-08-12,19.942223074933953,20.358583318854002,19.798650010459088,20.186296463012695,62813000
2008-08-13,20.150395584130063,20.459076608169628,19.927858642999997,20.035537719726562,51165200
2008-08-14,19.970929999847872,20.301147386918252,19.784285627888746,20.035537719726562,49732300
2008-08-15,20.085785570026015,20.207822208167265,19.798640941815307,19.963748931884766,47267400
2008-08-18,19.942211234616433,20.13603297660096,19.777101897736674,19.87760353088379,38078200
2008-08-19,19.848774596301336,20.000126243162658,19.65417844347304,19.690214157104492,40332900
2008-08-20,19.848783387051903,19.87761169578985,19.58211431418232,19.668601989746094,41497200
2008-08-21,19.53165744088153,19.62535113239275,19.358683520239996,19.58931541442871,43614200
2008-08-22,19.62534629095388,20.093817382290407,19.61813887420419,20.06498908996582,47930400
2008-08-25,19.899223155328574,20.06498962093554,19.791113275896517,19.935258865356445,51381300
2008-08-26,19.87761271533787,19.978513863108482,19.582115318573905,19.65418815612793,44774400
2008-08-27,19.704628727526107,20.028955644546482,19.55327570802515,19.863187789916992,33975300
2008-08-28,19.899230355750706,20.187520264312393,19.892022936202324,20.137069702148438,48372600
2008-08-29,19.949684529647165,20.02175736350448,19.668601989746094,19.668601989746094,50735500
2008-09-02,19.942471421355922,20.007336815860903,19.502828497416505,19.531658172607422,66079200
2008-09-03,19.45958501907384,19.589315805815595,19.344269069675516,19.38751220703125,57127700
2008-09-04,19.272196115470404,19.380304645399544,18.991113662719727,18.991113662719727,66141900
2008-09-05,18.760479153882063,18.897415964547186,18.47218794797279,18.486602783203125,82305200
2008-09-08,18.890211921164656,18.97669957332102,18.501020923147504,18.825347900390625,62110800
2008-09-09,18.88301262894067,19.171302614754822,18.77490268141966,18.81093978881836,85735700
2008-09-10,19.11363674844928,19.358683479173596,18.91904057263741,19.055978775024414,75064900
2008-09-11,18.81092886628604,19.791114248911267,18.760478319896972,19.704627990722656,72913300
2008-09-12,19.560485795877156,19.992921286046542,19.416341548937048,19.906435012817383,75628500
2008-09-15,19.401922036604166,19.812735172136303,19.26498386653539,19.329849243164062,82349400
2008-09-16,18.80372028526801,19.092010085845537,18.39290714761076,18.731647491455078,111729700
2008-09-17,18.544258727616622,18.645161188553466,17.657767077718287,17.70821762084961,106972100
2008-09-18,17.873982542987513,18.270382186383554,17.30461040929557,18.205516815185547,132291300
2008-09-19,19.005525936887757,19.02714681515309,16.93704381125254,18.133447647094727,134926100
2008-09-22,18.897421678345644,18.969494501614804,18.248769018272753,18.306427001953125,105207700
2008-09-23,18.49380799171414,18.861377998134934,18.263176154275406,18.335248947143555,92181300
2008-09-24,18.436149166719108,18.803719155881335,18.349661544403357,18.537050247192383,80250300
2008-09-25,18.60912746876133,19.373095920027225,18.55146949837663,19.17850112915039,96203500
2008-09-26,18.861377857527792,19.86318540943686,18.83975560742628,19.74786949157715,100744300
2008-09-29,19.416335005390977,19.935256593906505,18.02533531188965,18.02533531188965,134383100
2008-09-30,18.573091049323864,19.23615837097168,18.40732456258051,19.23615837097168,107192700
2008-10-01,19.01273363419827,19.452376526172326,18.94066220081027,19.084806442260742,88957000
2008-10-02,18.868584417945904,19.120838492319205,18.522636680066352,18.919034957885742,93819800
2008-10-03,19.005530963731193,19.798327869101836,18.911835884218483,18.969493865966797,114289400
2008-10-06,18.472185874422777,18.731647380746168,17.39830551444703,17.953264236450195,146374600
2008-10-07,18.00371606219227,18.169482536521294,16.677581518211525,16.742446899414062,145941200
2008-10-08,16.504606887925952,17.51362189805683,16.216317081413447,16.583887100219727,171598600
2008-10-09,17.13164117154333,17.232542276360462,15.906407578730493,16.072174072265625,131948700
2008-10-10,15.704615654425526,16.108221712699795,14.882987317451576,15.495604515075684,228467500
2008-10-13,16.47577829257124,18.37849235534668,16.31001045402552,18.37849235534668,144935400
2008-10-14,18.47939232995513,18.544257703161765,17.009113744844342,17.369476318359375,165674900
2008-10-15,17.13885143264019,17.47759189405444,16.201907537226276,16.33163833618164,113280200
2008-10-16,16.533440436721893,17.43434715270996,15.358657309255703,17.43434715270996,161147800
2008-10-17,16.98749245672617,18.097409905796685,16.80010374293475,17.2469539642334,133673100
2008-10-20,17.441563159169387,17.837961759510645,16.583899158348498,17.81633949279785,93484300
2008-10-21,17.513622303628285,18.02533792487798,16.771276206501998,16.83614158630371,100385600
2008-10-22,16.60551310451805,16.619926567095842,15.063159885381593,15.517217636108398,150054800
2008-10-23,15.531630956180209,16.281185990329877,15.055952328613891,16.086589813232422,154774100
2008-10-24,15.178475854529053,16.4757823408242,15.099196998883329,15.827128410339355,153919700
2008-10-27,15.618116455483353,15.827126066270784,15.149645310929406,15.264961242675781,117683900
2008-10-28,15.596496290817823,16.728034881739607,15.380279233515077,16.64875602722168,134088800
2008-10-29,16.67037098065766,17.27578017544922,16.360460341965297,16.576677322387695,111701800
2008-10-30,17.073976629609653,17.21091339782219,16.13703325022061,16.310007095336914,95323000
2008-10-31,16.23794330961523,16.511818349214625,15.942446013728553,16.09379768371582,93055200
2008-11-03,16.201898691065416,16.5118106805428,16.007302598880926,16.30280113220215,61923500
2008-11-04,16.67037089444343,17.05235569086646,16.482983578872616,16.958662033081055,72123000
2008-11-05,16.814523904309436,16.821731323432115,15.891994876726205,15.913617134094238,81179700
2008-11-06,15.762260487421337,15.91361211725941,15.034327881610395,15.048741340637207,95509700
2008-11-07,15.365873652675832,15.524434206575808,15.13524161937625,15.495604515075684,71256300
2008-11-10,15.74784681332979,15.834333072555996,15.272168263562744,15.351447105407715,67106800
2008-11-11,15.344242370929718,15.351448414251026,14.983879719189794,15.279376983642578,78014500
2008-11-12,15.055952998151847,15.135233231163333,14.616311443834872,14.630724906921387,90162300
2008-11-13,14.522618943330341,15.315417289733887,13.506396070785517,15.315417289733887,148413700
2008-11-14,14.818112022584508,15.380278260553142,14.16225209895832,14.457749366760254,96624500
2008-11-17,14.227112539600293,14.587475070110962,13.801884643623788,13.924407958984375,97289000
2008-11-18,14.149352804166925,14.265449947225735,13.605146927083581,14.23642635345459,108966500
2008-11-19,14.243686374502303,14.475882128733316,13.242347806830749,13.27137279510498,103010500
2008-11-20,13.14801162957717,13.670448655340184,12.698134263846693,12.719902992248535,139532800
2008-11-21,13.07545625340829,14.294477892587796,13.046431269624302,14.2799654006958,157231900
2008-11-24,14.432337054297514,15.194225987858676,14.417825951781472,15.012824058532715,125289900
2008-11-25,15.136179383285004,15.186971708626968,14.18563215421911,14.504899978637695,92948100
2008-11-26,14.316236760310348,15.00556449271105,14.316236760310348,14.867698669433594,79678300
2008-11-28,14.679043505074054,14.73709206597649,14.52666655170023,14.67178726196289,28650800
2008-12-01,14.42507877815255,14.475872473754563,13.496301916645654,13.503558158874512,79639900
2008-12-02,13.77929052431705,14.011484774755214,13.467278981295678,13.895387649536133,79689800
2008-12-03,13.532586098878435,14.439595909580571,13.496306260045206,14.417828559875488,80961500
2008-12-04,14.076790974032004,14.454107360334836,13.634171159318143,13.866365432739258,78719200
2008-12-05,13.721244305582935,14.497644482106022,13.401976464699386,14.417828559875488,91996200
2008-12-08,14.766117955849174,15.419164652572501,14.613739609021126,15.24501895904541,107225000
2008-12-09,14.962029879718306,15.419162075835995,14.845931386114822,14.947517395019531,80484900
2008-12-10,15.107157586715887,15.20874225878429,14.729841113337018,14.954780578613281,61499000
2008-12-11,14.591973437075753,14.599229681221928,14.011486361265321,14.113072395324707,83564300
2008-12-12,13.895394939422504,14.403321166717504,13.568872122436542,14.047773361206055,78112600
2008-12-15,14.033254518156657,14.10581557265539,13.70673046490586,13.815572738647461,59925900
2008-12-16,13.938925177385581,14.642765629324089,13.786548203658922,14.591973304748535,97688700
2008-12-17,14.374285614562623,14.548431265773424,14.149347654746999,14.2654447555542,78922700
2008-12-18,14.410565990544683,14.526663084640818,13.779286830408735,14.00422477722168,80759200
2008-12-19,14.091305667363496,14.36703606420527,13.866367602783058,13.873623847961426,113530400
2008-12-22,13.96069325159988,13.996974470291647,13.706730256705423,13.917157173156738,58575400
2008-12-23,13.989716529846191,14.200142036789602,13.793802124632563,13.989716529846191,47511400
2008-12-24,13.97521218076301,14.113078107365215,13.859114995409874,13.909907341003418,16880400
2008-12-26,13.931671206617013,14.025999617709179,13.851853900624858,13.880877494812012,23101000
2008-12-29,13.895390372566279,13.938926457058322,13.525330194415991,13.757524490356445,58512800
2008-12-30,13.793806922767264,14.142098397196879,13.7865506773849,14.033257484436035,43224100
2008-12-31,14.011487046598399,14.279962557190355,13.98246345258115,14.105816841125488,46419000
2009-01-02,14.1711175736027,14.802395439408317,14.055020463018066,14.751603126525879,50084000
2009-01-05,14.657282433132718,14.99831770140133,14.55569637008386,14.889476776123047,61475200
2009-01-06,15.056354789902704,15.23775665484129,14.954770188412741,15.063611030578613,58083400
2009-01-07,14.650016193775748,14.722577222461407,14.134834135695419,14.15660285949707,72709900
2009-01-08,14.243681696643272,14.650023095107644,14.185633123146529,14.599230766296387,70255400
2009-01-09,14.635509899310618,14.729838307694603,14.084047785715912,14.163865089416504,49815300
2009-01-12,14.301724384171004,14.359774317764078,14.004225394439468,14.127578735351562,52163500
2009-01-13,14.163863300222339,14.50489843697633,14.163863300222339,14.381545066833496,65843500
2009-01-14,14.171121198433118,14.279962094448281,13.793804800525946,13.851853370666504,80257500
2009-01-15,13.837342818588303,14.004232308099214,13.438259016020943,13.96069622039795,96169800
2009-01-16,14.243675884090607,14.446846500413022,13.895384585240693,14.301724433898926,79634100
2009-01-20,14.120324456067086,14.236422955401778,13.329413376754506,13.409229278564453,89873000
2009-01-21,13.692217196667965,14.113069585445961,13.394716781854674,14.062275886535645,68340900
2009-01-22,13.097221018662335,13.191550813329112,12.386125664347665,12.41515064239502,222436600
2009-01-23,12.313560779883487,12.690877073420479,12.153927602150159,12.480451583862305,117020600
2009-01-26,12.545757019501146,12.923071948278343,12.502219563729847,12.792462348937988,92476500
2009-01-27,12.901302525057707,13.039166960820031,12.647339609937118,12.814229011535645,61695000
2009-01-28,12.915816842523473,13.285876945232253,12.886793253441333,13.089963912963867,64145500
2009-01-29,12.901305024929783,13.031913244540872,12.741670449871542,12.763439178466797,49192800
2009-01-30,12.872282701525343,12.908563923314457,12.407894134521484,12.407894134521484,62370900
2009-02-02,12.357095643160976,13.15526274850376,12.335326920947725,12.937581062316895,88871700
2009-02-03,12.952097571579026,13.503559583261596,12.770695648682924,13.423742294311523,86865100
2009-02-04,13.452772498619291,13.786551502254675,13.423747515353234,13.518075942993164,75618000
2009-02-05,13.431000118595078,13.888132409159192,13.242341930493174,13.815572738647461,75195200
2009-02-06,13.902640969535046,14.461359132161329,13.830079935533892,14.2654447555542,86746000
2009-02-09,14.250937579185981,14.345267373713071,13.975207208080056,14.105816841125488,52196400
2009-02-10,13.967948197017758,14.367031877623525,13.568864516411992,13.641424179077148,83953200
2009-02-11,13.743007979578348,14.142091595763747,13.728495495793192,13.938920974731445,58599000
2009-02-12,13.764774752520271,14.018737672320453,13.452764667951183,13.975201606750488,75323200
2009-02-13,13.982462999479532,14.127583732837389,13.81557353332381,13.851853370666504,47416000
2009-02-17,13.508481476265707,13.515787474550233,13.070131333530902,13.216248512268066,75853300
2009-02-18,13.31121921195365,13.479254328851185,13.1504914843519,13.23816204071045,54946900
2009-02-19,13.369661699193763,13.428108254412477,13.011676374294673,13.084734916687012,49195600
2009-02-20,12.98245987109274,13.289304778007741,12.90209529749134,13.150493621826172,69413800
2009-02-23,13.165105022500248,13.260080192358906,12.536803242973116,12.573331832885742,70803400
2009-02-24,12.441823447599583,12.675609680468662,11.952332999976502,12.54410457611084,122674500
2009-02-25,12.427213148907027,12.595246852438011,12.025391787252351,12.3906831741333,105894600
2009-02-26,12.456436610631272,12.478354597035803,11.996170043945312,11.996170043945312,83219500
2009-02-27,11.901192664948384,12.069226348875029,11.762381563955294,11.798910140991211,93428000
2009-03-02,11.66010307905357,11.871972091587764,11.484763350764199,11.535903930664062,80602100
2009-03-03,11.71124477037216,11.864666515504224,11.42631717925939,11.601656913757324,80476600
2009-03-04,11.776995658874512,11.981557956429967,11.608961248151276,11.776995658874512,69285100
2009-03-05,11.58704342133617,11.601655412355772,11.156000137329102,11.156000137329102,89708500
2009-03-06,11.214445595676768,11.41170257771079,10.863765510105827,11.163304328918457,92821400
2009-03-09,11.104858135832576,11.499372809844454,11.03180027574921,11.068328857421875,66479100
2009-03-10,11.22905803798167,12.142287274211474,11.141388181799034,12.04000473022461,95184200
2009-03-11,12.14959378490628,12.56602723485401,12.003478031719279,12.500274658203125,84522200
2009-03-12,12.427213668823242,12.449131654604459,12.040004280878412,12.427213668823242,93694100
2009-03-13,12.405300780934988,12.456441375297674,11.820834854680461,12.16420841217041,82965800
2009-03-16,12.288403125526383,12.390684277044896,11.864665134766032,11.871971130371094,67028900
2009-03-17,11.92311422236589,12.34685230255127,11.87927963296091,12.34685230255127,62481000
2009-03-18,12.441825138816519,12.58063486252852,12.127674323142733,12.3906831741333,70710700
2009-03-19,12.690226181595182,12.74867276059863,12.36146330377807,12.522191047668457,58994600
2009-03-20,12.653693952575578,12.894786222351863,12.33223712838183,12.46374225616455,81725500
2009-03-23,12.690230005361933,13.581540952099653,12.6463940127936,13.391589164733887,71600000
2009-03-24,13.179713570885024,13.303911301515164,13.033596462474478,13.099349021911621,50044100
2009-03-25,13.13588091454626,13.376973228782932,12.799813431327538,13.062822341918945,73927100
2009-03-26,13.274689547382517,13.79340266712526,13.238160964729913,13.756874084472656,63775100
2009-03-27,13.545010378672961,13.603456966773399,13.187023458896634,13.24547004699707,47670400
2009-03-30,12.960537694199814,12.975149683494726,12.617164306625357,12.770586013793945,49633000
2009-03-31,13.026290571330087,13.727650746413582,12.989761990674875,13.420805931091309,92423300
2009-04-01,13.318525914229632,14.144085370439782,13.28199732667044,14.107555389404297,96438900
2009-04-02,14.246366842154599,14.531293733085267,13.881075384663456,14.092945098876953,99082300
2009-04-03,13.976051937122634,13.990663931306335,13.464644681981298,13.698431015014648,81858400
2009-04-06,13.545005587204821,13.705733299255371,13.347747899590905,13.705733299255371,47476100
2009-04-07,13.705733299255371,13.98335414615652,13.610756756266708,13.705733299255371,65815200
2009-04-08,13.859156889592649,14.334036881775283,13.851850893492394,14.019886016845703,56408900
2009-04-09,14.209839567275923,14.392485312904268,14.04180442225574,14.370567321777344,55759600
2009-04-13,14.385178054488193,14.502071209962367,14.151391743539849,14.312119483947754,44444700
2009-04-14,14.20253523378516,14.282898423710634,13.881078293653418,14.1367826461792,63796300
2009-04-15,14.034494935670331,14.063718916573299,13.523087811153328,13.756874084472656,72725500
2009-04-16,13.997970224424696,14.450932299363316,13.87377105818963,14.436320304870605,67688700
2009-04-17,14.385183434540233,14.385183434540233,13.881080642100944,14.02719783782959,61398500
2009-04-20,13.800706943141714,13.844542909035345,13.566920698946074,13.596144676208496,62937200
2009-04-21,13.581540402635872,13.939525966600337,13.566928405704246,13.859161376953125,60928300
2009-04-22,13.705734459343523,14.01988530839856,13.6618998784333,13.720346450805664,59401000
2009-04-23,13.822628021240234,13.83724001314335,13.493865170801348,13.822628021240234,86116300
2009-04-24,14.480151928918016,15.488357046781665,14.246365638826795,15.276487350463867,168478500
2009-04-27,15.013478724735776,15.21073645119804,14.816222391749873,14.903891563415527,68219600
2009-04-28,14.794304583378793,14.808916576660904,14.458237098748478,14.560518264770508,76685200
2009-04-29,14.692020838624613,15.26187454184293,14.655490861831046,14.794301986694336,79301600
2009-04-30,15.050001507268652,15.41529279922432,14.618957671282908,14.801603317260742,87439900
2009-05-01,14.750465402057912,14.867358524948413,14.509373161911762,14.786993980407715,63224500
2009-05-04,14.881978202020065,14.903894802962144,14.59704984848307,14.750473022460938,54313400
2009-05-05,14.713941543320004,14.787000123848639,14.348650034153358,14.45823860168457,66835500
2009-05-06,14.655494957592403,14.662800954992917,14.326733435428334,14.45823860168457,59639100
2009-05-07,14.582428189593342,14.604346169488789,13.983350673875183,14.114855766296387,68727200
2009-05-08,14.217139340440413,14.348644455569005,13.98335308842335,14.18791675567627,67597600
2009-05-11,14.027186633666076,14.414394524155467,13.88837554794639,14.114855766296387,63762600
2009-05-12,14.253672971857856,14.65549302146642,14.224448986116553,14.531293869018555,71966800
2009-05-13,14.553211447526039,14.611658023882516,14.370565722227507,14.429012298583984,49281700
2009-05-14,14.487459990488002,14.779692894772591,14.465542000113006,14.65549373626709,54539500
2009-05-15,14.706631126511192,14.97694737519294,14.597043985387927,14.772383689880371,61289900
2009-05-18,14.874667151096379,15.050006866455078,14.786996596678934,15.050006866455078,46073800
2009-05-19,15.079416225638179,15.248517093038652,14.888258174623171,14.932371139526367,51368300
2009-05-20,15.005899087616529,15.21176200185847,14.866206345726413,14.983841896057129,47450700
2009-05-21,14.807386973417113,14.873557138631737,14.34419721924096,14.572115898132324,58232800
2009-05-22,14.652988310058563,14.829441585861971,14.314785146357545,14.520648002624512,37318700
2009-05-26,14.36624470608757,15.035296900452419,14.300074585561353,14.954421997070312,44991700
2009-05-27,14.888266673880418,15.145595020314055,14.75592630129588,14.800039291381836,42892900
2009-05-28,14.939722442483568,15.167641047210566,14.741212011434683,15.03530216217041,45480800
2009-05-29,15.116172773792378,15.395558082598964,14.925014773641951,15.358796119689941,46134900
2009-06-01,15.439671185567825,15.80728240427182,15.336740493074869,15.733759880065918,57317100
2009-06-02,15.704351711778864,16.160188837669534,15.586716233979628,15.733759880065918,48935700
2009-06-03,15.667588794551511,15.998439432170615,15.652885412465993,15.9763822555542,56039600
2009-06-04,16.005800431742234,16.101378777161244,15.866107709367203,16.04991340637207,42330000
2009-06-05,16.145484138047618,16.40281227297116,16.035201052316246,16.27782440185547,59579200
2009-06-08,16.160196920492627,16.410172786427466,15.902868658227211,16.21166229248047,49000600
2009-06-09,16.21901217434024,16.410170242320984,16.086671865559264,16.23371696472168,50887700
2009-06-10,16.29988355726459,16.63073425691959,16.263122991669892,16.579267501831055,61297200
2009-06-11,16.60867254155752,17.101271558592494,16.593967758404165,16.785125732421875,65124600
2009-06-12,16.836596458532785,17.18950295318504,16.718960960315368,17.152742385864258,50963500
2009-06-15,17.07922133978297,17.30714136450994,16.924825260767165,17.218914031982422,69089600
2009-06-16,17.25568163377442,17.726225261779568,17.23362584339976,17.240978240966797,105295600
2009-06-17,17.27773202718616,17.513003047439533,17.035108612259137,17.410072326660156,86483100
2009-06-18,17.36595635289949,17.417421704374608,17.130683971072937,17.277729034423828,58852200
2009-06-19,17.67475589063036,17.895322158537436,17.461540616304212,17.69681167602539,115459000
2009-06-22,17.608589086115057,17.608589086115057,17.093932493133178,17.115989685058594,71291600
2009-06-23,17.189503388980796,17.39536621724328,17.064515493665322,17.16009521484375,56752700
2009-06-24,17.240969069847644,17.461535270225475,17.174798929269155,17.255672454833984,54287700
2009-06-25,17.22626711751541,17.586526051995165,17.057166242574574,17.490947723388672,57724300
2009-06-26,17.32919458616936,17.417421905664654,17.145388956019367,17.16744613647461,65126400
2009-06-29,17.351255645182864,17.667401624081656,17.31449366953999,17.54241371154785,62854900
2009-06-30,17.623285748467246,17.821796193010112,17.373309944744943,17.476242065429688,66452400
2009-07-01,17.682107997828066,17.865913700102066,17.61593783282333,17.67475700378418,54908400
2009-07-02,17.468890082436996,17.67475292633005,17.06451678932484,17.182153701782227,65422200
2009-07-06,17.064521862453365,17.11598864047166,16.81454738085321,17.057170867919922,49207700
2009-07-07,16.96893752704658,17.013050490330723,16.513098898691048,16.564565658569336,52842500
2009-07-08,16.402807148511904,16.682192374228197,16.17488865556183,16.586612701416016,73023400
2009-07-09,16.652793921467083,16.77042944161253,16.446932462375557,16.498397827148438,46981200
2009-07-10,16.31459756384631,16.571925875403007,16.285187972890583,16.461641311645508,43229200
2009-07-13,16.48368993417215,17.123334181611575,16.277827111499814,17.079219818115234,67584000
2009-07-14,17.057167470685673,17.071870859150433,16.80719163654628,16.990997314453125,45448700
2009-07-15,17.46153899226994,17.733572006225586,17.3218462876805,17.733572006225586,67238700
2009-07-16,17.593877841425712,17.968841552734375,17.542412481460463,17.968841552734375,64555100
2009-07-17,17.939432191857456,17.976194165368412,17.718865960095325,17.858558654785156,52860100
2009-07-20,17.968837343117244,18.03500747680664,17.75562215626795,18.03500747680664,47798000
2009-07-21,18.152652062011583,18.255582809448242,17.91738098082707,18.255582809448242,52028400
2009-07-22,18.160001266957057,18.30704496569122,18.020308561182492,18.233522415161133,66192500
2009-07-23,18.329100101312328,18.909925240646114,18.262929953469435,18.79228973388672,106060500
2009-07-24,17.35861379738647,17.56447531995768,16.770434612961648,17.240978240966797,215135700
2009-07-27,17.23362075319712,17.240973148592516,16.836599815801836,16.990997314453125,80950000
2009-07-28,16.902765973299175,17.314490201756453,16.836595832720686,17.255672454833984,70288400
2009-07-29,17.446831381753018,17.57917166972801,17.16009502602439,17.4982967376709,73626900
2009-07-30,17.792385393238586,17.96148623483873,17.432125127463454,17.505647659301758,67820000
2009-07-31,17.476242257290686,17.69680848543142,17.277731810568493,17.292436599731445,54258200
2009-08-03,17.513004736575212,17.542414318106395,17.277733693629862,17.520357131958008,46902900
2009-08-04,17.410071917248732,17.4909468544312,17.299788804389095,17.476242065429688,49218300
2009-08-05,17.527704839550946,17.82914595799491,17.49094427479462,17.505647659301758,53310300
2009-08-06,17.593875107337645,17.630635672364264,17.108628356892805,17.248319625854492,59686000
2009-08-07,17.461544478828714,17.51300985923619,17.277738747472622,17.32185173034668,46169700
2009-08-10,17.24832220794101,17.314492356755178,17.130686699454905,17.218914031982422,35261900
2009-08-11,17.14539569891528,17.204213467601946,16.94688520372544,17.00570297241211,33615800
2009-08-12,17.005699247370842,17.57182102342684,16.932178104361732,17.299789428710938,61972300
2009-08-13,17.373312067902347,17.535061962034415,17.204211180697033,17.3659610748291,38954500
2009-08-14,17.365963597392184,17.498302526824528,17.285088638578333,17.417428970336914,46330200
2009-08-17,17.145392746871753,17.351255602993337,17.079222593201457,17.09392738342285,42474400
2009-08-18,17.21961594413505,17.48578336201455,17.20482847363874,17.43402862548828,38878900
2009-08-19,17.190038401824086,17.537535444636763,17.190038401824086,17.485780715942383,41821300
2009-08-20,17.448815562297902,17.648442177259888,17.404454562376607,17.50057029724121,39505900
2009-08-21,17.692804317252108,18.05508889541055,17.574507369698775,18.04769515991211,69011400
2009-08-24,18.047696939369544,18.284290857803775,17.95158118883476,18.217748641967773,54180900
2009-08-25,18.18817510726899,18.350833073639777,18.08466421029577,18.217748641967773,43980300
2009-08-26,18.18078764738033,18.299084647435723,18.05509690854504,18.151212692260742,41079000
2009-08-27,18.047696494536066,18.321259087364837,17.966366808249763,18.254716873168945,45495600
2009-08-28,18.535670720562646,18.846200565459412,18.195567343405216,18.24732208251953,55808000
2009-08-31,18.165993048428113,18.373013422475122,17.95897408459203,18.225141525268555,49592800
2009-09-01,18.003337295763686,18.291685979418162,17.6706261913846,17.74456214904785,62608500
2009-09-02,17.611477299628607,17.848071230505496,17.581903763374527,17.64105224609375,40771300
2009-09-03,17.6780139077379,17.848065565302722,17.56711071411782,17.825885772705078,34120000
2009-09-04,17.81110331021328,18.336045898988683,17.803709573865753,18.20296287536621,44999700
2009-09-08,18.202961500326143,18.365619457051654,18.04769586917874,18.350831985473633,53737100
2009-09-09,18.291687410156108,18.446953074414605,18.23993265880701,18.32126235961914,49900300
2009-09-10,18.336045334353113,18.520884506716396,18.225142112977338,18.483917236328125,46256000
2009-09-11,18.432165900264373,18.609611369302616,18.343442460639633,18.38041114807129,54303500
2009-09-14,18.225142112977338,18.550459451195785,18.21774837685749,18.483917236328125,42806800
2009-09-15,18.46173893140303,18.683546819248757,18.380410641716335,18.631792068481445,44716600
2009-09-16,18.66875934468347,18.74269530729871,18.446952867048935,18.631792068481445,50055800
2009-09-17,18.52827738084971,18.76487128483395,18.52827738084971,18.70572280883789,42428800
2009-09-18,18.824023698802506,18.838811173447777,18.55785620624363,18.6761531829834,68016500
2009-09-21,18.565246059729063,18.757478959268987,18.557852323953192,18.70572280883789,28878700
2009-09-22,18.77966193444043,19.090191838522998,18.698333647564596,19.053224563598633,61376700
2009-09-23,19.164125271068627,19.408112919939427,18.95710489224666,19.008859634399414,60599900
2009-09-24,19.164123738185335,19.30460189151419,18.971890846843447,19.178911209106445,56302900
2009-09-25,18.99407486641153,19.090190621212624,18.86838416538791,18.89056396484375,50158900
2009-09-28,18.927528285102763,19.34156756531071,18.927528285102763,19.097579956054688,44358000
2009-09-29,19.156733860417713,19.193701134953937,18.994075878162743,19.038436889648438,39050300
2009-09-30,19.045823639951735,19.21587529677553,18.76486737978053,19.01624870300293,63533400
2009-10-01,18.78706042978852,18.831421452975594,18.33605222838352,18.395200729370117,75958100
2009-10-02,18.084661682641997,18.550457128390793,18.06248188727068,18.4543399810791,51219700
2009-10-05,18.469130032856892,18.52827851246545,18.129026627660433,18.217748641967773,60804900
2009-10-06,18.247324860465014,18.63918303639266,18.23253738697802,18.565248489379883,48795300
2009-10-07,18.476531605340593,18.617009832819587,18.39520188255619,18.557861328125,38472700
2009-10-08,18.809226933411985,19.149330195494265,18.646567625276635,18.979278564453125,60521300
2009-10-09,18.905351437955012,19.068010821756786,18.824021746054125,18.89056396484375,39520000
2009-10-12,18.971887707790334,19.141939364614128,18.890558041391728,19.01624870300293,29145800
2009-10-13,18.9201286744727,19.1789036730673,18.86837395679584,19.082786560058594,37749000
2009-10-14,19.32678331211075,19.371145728602762,19.09018939833054,19.19369888305664,45365500
2009-10-15,19.149336251961767,19.748214721679688,19.149336251961767,19.748214721679688,65620100
2009-10-16,19.555985457019524,19.689068479653184,19.297210327622796,19.592952728271484,56500900
2009-10-19,19.58555665789598,19.652098866388233,19.408111238653593,19.48944091796875,48143200
2009-10-20,19.533806799395578,19.600349024508795,19.178915872265875,19.49683952331543,54604700
2009-10-21,19.563381887506576,19.777796054342932,19.511627132811263,19.6521053314209,61672700
2009-10-22,19.6373150969578,19.755612065416916,19.31939146539476,19.659496307373047,61600000
2009-10-23,21.58921904807588,21.70012228564319,20.613266890934494,20.716777801513672,281761000
2009-10-26,20.798103036056737,21.456131448051355,20.78331697404064,21.204750061035156,124149700
2009-10-27,21.2417197937975,21.352623027934783,21.027307062493577,21.13821029663086,69685800
2009-10-28,20.879435789264978,21.271295399561396,20.665023051329673,20.716777801513672,73542400
2009-10-29,20.753745578722924,21.005127008728323,20.59108758704169,20.864648818969727,65225500
2009-10-30,20.72417108545065,20.997732304786158,20.450608455903993,20.502363204956055,73371800
2009-11-02,20.480190538203413,20.738964373606,20.26577632005654,20.61327362060547,62428900
2009-11-03,20.43581281258571,20.50974874319459,20.28054862749659,20.35448455810547,50294800
2009-11-04,20.472788135841142,20.990336997865022,20.421033390659858,20.746349334716797,63898400
2009-11-05,21.08645675459545,21.249114746623196,20.909011287780306,21.049488067626953,52681700
2009-11-06,20.98294348977917,21.167782673273464,20.849860462240567,21.086454391479492,38908500
2009-11-09,21.160387353688783,21.441342252364926,21.09384514422664,21.433948516845703,57518000
2009-11-10,21.367410309758544,21.648366671272075,21.30086808783224,21.448740005493164,65881100
2009-11-11,21.50049249933189,21.663150463535683,21.456131492769217,21.530067443847656,49693400
2009-11-12,21.44873113601713,21.80362189939563,21.44133740217043,21.70750617980957,55352400
2009-11-13,21.788838068892264,22.02543336084976,21.71490353850449,21.907135009765625,53037600
2009-11-16,21.892351895028362,22.032828649832314,21.714906459846294,21.84059715270996,54129500
2009-11-17,21.9074275970459,22.27873992919922,21.88514834719681,22.27873992919922,75648900
2009-11-18,22.27875009691941,22.382717144109368,22.137650949701047,22.36043930053711,59431200
2009-11-19,22.271328027395796,22.278754448852155,22.05596747094166,22.11537742614746,51967700
2009-11-20,22.02625577494703,22.107944972231873,21.855452377392048,21.996551513671875,42647100
2009-11-23,22.159919609699053,22.28616585651718,22.05595261224087,22.234182357788086,41832700
2009-11-24,22.241614013264545,22.271318269630545,22.093088482101212,22.2119083404541,37341400
2009-11-25,22.137646525579047,22.174778618186746,21.966843148917132,22.12279510498047,32033500
2009-11-27,21.617803753523635,21.82573774648664,21.35045842949223,21.699491500854492,29357900
2009-11-30,21.647505065523845,21.87029327747059,21.536111667772424,21.840587615966797,44172000
2009-12-01,21.92227371137044,22.315863756298185,21.840584570071307,22.28615951538086,49904200
2009-12-02,22.204491650733637,22.271328027395796,22.018835363659868,22.11537742614746,36308600
2009-12-03,22.15992275539815,22.427268119891888,22.100512831782243,22.152496337890625,43095200
2009-12-04,22.315876641394578,22.553517788164754,22.15249968090682,22.263893127441406,58810700
2009-12-07,22.11536868645893,22.33815557632712,22.04110591768803,22.12279510498047,38082700
2009-12-08,21.922284761816833,22.085661710325414,21.818316325089175,21.959415435791016,37402200
2009-12-09,21.885157096401596,22.137649696522374,21.7217801148595,22.063386917114258,44713300
2009-12-10,22.063382022287716,22.249038221397285,22.02625134904356,22.18220329284668,45940200
2009-12-11,22.256463037644952,22.27874228985475,22.122791773719026,22.167348861694336,43744200
2009-12-14,22.211913733313068,22.39756998412073,22.204487313307386,22.36043930053711,34651200
2009-12-15,22.197052353863217,22.434692036843387,22.18962593671456,22.293594360351562,49473200
2009-12-16,22.330725203946532,22.583217723194775,22.308447368770906,22.353004455566406,55737800
2009-12-17,22.24161221815798,22.24903721931688,21.959414015012577,21.981693267822266,43691200
2009-12-18,22.159925814674526,22.612927430062403,22.13022014054342,22.546091079711914,94118000
2009-12-21,22.575791863209517,22.902547146144812,22.553514027484024,22.664907455444336,40129100
2009-12-22,22.724310797173803,22.96937683429324,22.679753722182237,22.88768768310547,36321000
2009-12-23,22.806005993359452,22.98423718452538,22.791154574465907,22.961957931518555,28362700
2009-12-24,22.932248630560583,23.021364212036133,22.843134465529147,23.021364212036133,11083900
2009-12-28,23.02136536422557,23.15503803490698,22.939676195154888,23.147611618041992,25384000
2009-12-29,23.281283222878308,23.392676637865033,23.192167641022458,23.31098747253418,29716200
2009-12-30,23.13276208681612,23.236730521324617,22.872843125211453,22.991662979125977,42006200
2009-12-31,23.006512850232948,23.013939267201145,22.63520050048828,22.63520050048828,31929700
2010-01-04,22.739180983473844,23.095640688364227,22.716901720751334,22.9842472076416,38409100
2010-01-05,22.909975214837484,23.095631413634475,22.75402327129693,22.991662979125977,49749600
2010-01-06,22.932248891435172,23.08077439010266,22.66490497685548,22.850561141967773,58182400
2010-01-07,22.74659392456634,22.798578843349308,22.419840076595758,22.61292266845703,50559700
2010-01-08,22.486680219052445,22.932253981058032,22.456974546148366,22.768877029418945,51197400
2010-01-11,22.806011541882235,22.84314363926089,22.367864124371565,22.479257583618164,68754700
2010-01-12,22.39014037336676,22.575796597717137,22.211910567963745,22.330730438232422,65912100
2010-01-13,22.471821811071116,22.66490438774254,22.286165650784454,22.538658142089844,51863500
2010-01-14,22.50895714554268,23.095631413634475,22.471826472361037,22.991662979125977,63228100
2010-01-15,23.080773454164063,23.19959328170219,22.8060017177046,22.917396545410156,79913200
2010-01-19,22.835711692789065,23.199597660359373,22.783728185485355,23.095630645751953,46575700
2010-01-20,22.880265342762907,22.97680734162296,22.508953013334683,22.716888427734375,54849500
2010-01-21,22.73173446069041,22.813422185545843,22.2787331010406,22.28615951538086,73086700
2010-01-22,22.27874886882894,22.427274427865683,21.417304025883134,21.506418228149414,102004600
2010-01-25,21.714351814176663,22.026254327515122,21.610384781878704,21.773761749267578,63373000
2010-01-26,21.68464189710271,22.16734767082898,21.602952726499545,21.907428741455078,66639900
2010-01-27,21.796036456698797,22.145069575450155,21.550970348544805,22.033676147460938,63949500
2010-01-28,22.159924756037626,22.18220401057162,21.454430610016622,21.654939651489258,117513700
2010-01-29,22.204482087476396,22.219334923992136,20.54100264171347,20.927167892456055,193888500
2010-02-01,21.083123844237857,21.14996020928909,20.734090595094056,21.097976684570312,85931100
2010-02-02,21.06826829020367,21.164808900549527,20.897463492754017,21.135103225708008,54413700
2010-02-03,20.98657832446858,21.380170002891163,20.882611299258443,21.261348724365234,61397900
2010-02-04,21.075697484858058,21.164813110664998,20.652401449275928,20.674680709838867,77850000
2010-02-05,20.79349867772139,21.001434174418694,20.474169721396663,20.808351516723633,80960100
2010-02-08,20.8009197989651,20.8529033057874,20.47416450636796,20.58555793762207,52820600
2010-02-09,20.77121862427985,21.045990469526714,20.60784165084189,20.80092430114746,59195800
2010-02-10,20.815777454661003,20.971728011242615,20.67467832029336,20.78607177734375,48591300
2010-02-11,20.741513104727204,21.090546288065497,20.570709722441094,20.882612228393555,65993700
2010-02-12,20.652400491606677,20.83805673835435,20.481597084545555,20.74151611328125,81117200
2010-02-16,20.987724532652734,21.166789206144113,20.90565476562642,21.151866912841797,51935600
2010-02-17,21.286159541815564,21.37569043377037,21.159322925656365,21.33092498779297,45882900
2010-02-18,21.330926417698,21.659209697363572,21.271238678037708,21.614442825317383,42856500
2010-02-19,21.480149419800668,21.57714147637991,21.40553937924147,21.465227127075195,44451800
2010-02-22,21.51745211644204,21.592062151411398,21.37569319230707,21.435380935668945,36707100
2010-02-23,21.39807824774318,21.50999259712564,20.95788057351311,21.136943817138672,52266200
2010-02-24,21.278705220465056,21.480151926563543,21.17425058226492,21.360774993896484,43165900
2010-02-25,21.092176328857658,21.375692748168717,20.90565195684385,21.338388442993164,48735300
2010-02-26,21.375689359627668,21.524909402811097,21.271236183239946,21.39061164855957,40370600
2010-03-01,21.465220510163746,21.67412685164982,21.286157321860944,21.651744842529297,43805400
2010-03-02,21.696521330447585,21.860662314195952,21.06979914076335,21.23394012451172,93123900
2010-03-03,21.271245863819377,21.345855919366254,21.15187034417176,21.23394012451172,48442100
2010-03-04,21.233938337064288,21.375697288363405,21.092180808833493,21.360774993896484,42890600
2010-03-05,21.383151578611248,21.398073868293007,21.20408837163377,21.33092498779297,56001800
2010-03-08,21.278705220465056,21.584605141695356,21.263782925998136,21.360774993896484,39414500
2010-03-09,21.308539047962228,21.71889342755676,21.30107790399858,21.48760223388672,50271600
2010-03-10,21.53237307270196,21.718897437023863,21.487606200655772,21.614442825317383,44891400
2010-03-11,21.55475871865125,21.77858884740425,21.524915555325105,21.771127700805664,35349700
2010-03-12,21.875582128780604,21.92034758780403,21.66667570462575,21.83827781677246,31700200
2010-03-15,21.77112401480863,21.912882930044645,21.64428739024335,21.853195190429688,37512000
2010-03-16,21.950184242372842,22.00241082953521,21.786043336567143,21.912879943847656,36723500
2010-03-17,22.009876693093823,22.285933399801223,21.935266656978193,22.106868743896484,50385700
2010-03-18,22.1068646068211,22.17401348445213,22.009872574169513,22.091943740844727,43845200
2010-03-19,22.203863006167275,22.308316206597166,21.897963127992778,22.0770263671875,81332100
2010-03-22,22.009881676726966,22.159101782745694,21.927810476109826,22.084491729736328,37718200
2010-03-23,22.077020873497464,22.308310655352518,21.942723121753314,22.29338836669922,42026600
2010-03-24,22.17401461615469,22.271008076824376,22.084483723455776,22.121788024902344,33987700
2010-03-25,22.25608500930029,22.80819690521016,22.23370157537379,22.390382766723633,73168700
2010-03-26,22.450071694080567,22.532142866438896,22.07702298055057,22.129249572753906,55595500
2010-03-29,22.166557275250796,22.248628460198923,22.047181782454317,22.0770263671875,33336000
2010-03-30,22.10686816735885,22.278471672869873,22.009876119085696,22.211322784423828,34954800
2010-03-31,22.114328161827654,22.174015901442612,21.763662869473265,21.853195190429688,63760000
2010-04-01,21.897961619333802,22.039720540913695,21.353310793090035,21.756202697753906,74768100
2010-04-05,21.73382318162675,21.957653322880457,21.659214557610465,21.83827781677246,34331200
2010-04-06,21.748745090456183,22.069567291089815,21.621908439579357,21.875581741333008,47366800
2010-04-07,21.75620743245745,22.054646208835596,21.74128513787146,21.897966384887695,58318800
2010-04-08,21.87557956581184,22.36800382658139,21.860657273529583,22.323238372802734,63713800
2010-04-09,22.345622896094522,22.68882709684012,22.308317163577705,22.636600494384766,54752500
2010-04-12,22.56945270102461,22.748515956644713,22.539608113553797,22.621679306030273,37068800
2010-04-13,22.494834117440504,22.755968466422836,22.479911829368895,22.718664169311523,41374600
2010-04-14,22.972342259881867,23.12902204875238,22.875348789856105,22.99472427368164,68941200
2010-04-15,22.99472056879123,23.091714023189486,22.912649403233903,23.032026290893555,52745400
2010-04-16,22.97233909000299,23.114096568067648,22.83058018887051,22.8828067779541,88703100
2010-04-19,22.957422108291713,23.31554859314608,22.949960961973726,23.15886878967285,64970300
2010-04-20,23.29316842209574,23.45731081798338,23.2260195188814,23.39762306213379,52199500
2010-04-21,23.37523651123047,23.50207315342565,23.300626470574215,23.37523651123047,55343100
2010-04-22,23.15885388710207,23.52444128302133,23.054399328934256,23.419986724853516,84847600
2010-04-23,23.218564811513946,23.561769126039554,22.867897924942774,23.09918785095215,126766600
2010-04-26,23.129028423233972,23.337936289038776,23.024575201865773,23.21109962463379,63649300
2010-04-27,23.091717040774466,23.315545710366795,22.94249697900093,23.017107009887695,68730900
2010-04-28,23.069333627702758,23.129021367858382,22.845504957886156,23.061872482299805,64557900
2010-04-29,23.076792194652125,23.449840884709694,22.88280670505405,23.129018783569336,52665200
2010-04-30,23.181250800616045,23.18871194693244,22.77089771469143,22.78582000732422,63214800
2010-05-03,22.88281343009406,23.1737910384728,22.815664532303856,23.024572372436523,43989500
2010-05-04,22.770898457148032,22.79328047375884,22.196402979667337,22.47991943359375,82085600
2010-05-05,22.211321705367883,22.450072664658066,22.151633965545336,22.27100944519043,66833800
2010-05-06,22.077026233465038,22.293393779197554,20.823582143626084,21.621906280517578,128613000
2010-05-07,21.58459623757957,21.599518525890726,20.383379066818677,21.047405242919922,173718100
2010-05-10,21.6442905056054,21.99495584843266,21.420460382531438,21.592063903808594,86653300
2010-05-11,21.39807597439841,22.121790018380757,21.31600479613876,21.54729461669922,63789400
2010-05-12,21.621901434027755,22.069560140495643,21.577135990301304,21.965106964111328,47146800
2010-05-13,21.830821192385653,22.18148663634071,21.771133426966312,21.815898895263672,45188800
2010-05-14,21.786045185757125,21.793504907641125,21.368229606858627,21.584598541259766,63334000
2010-05-17,21.726361693039337,21.808431457405106,21.22647626816277,21.592063903808594,46053300
2010-05-18,21.637028957170237,21.734458660119614,21.284779919184796,21.434673309326172,52690600
2010-05-19,21.37471980376791,21.50212877778891,20.827611268644,21.16486930847168,61746700
2010-05-20,20.722683998731707,20.8650825911797,20.26551182743466,20.317974090576172,87991100
2010-05-21,19.9582276459757,20.31797148762512,19.815830501259775,20.115615844726562,117596300
2010-05-24,20.12311814595593,20.13061296101801,19.680934063722106,19.68842887878418,73711700
2010-05-25,19.22376097638493,19.733396981257396,19.021405251599123,19.538536071777344,98373600
2010-05-26,19.658438415436216,19.94323550753355,18.406833603139702,18.74409294128418,176684100
2010-05-27,19.28371871605962,19.75588208972812,19.28371871605962,19.486074447631836,136433600
2010-05-28,19.366157083242037,19.576007595973145,19.231253284307012,19.336177825927734,67496900
2010-06-01,19.13381749799058,19.71839853560601,19.126322686035355,19.403623580932617,76152400
2010-06-02,19.531034719179335,19.84580970921245,19.283711614831127,19.830820083618164,65718800
2010-06-03,19.898274573676787,20.18307177928622,19.793350039762554,20.1306095123291,67837000
2010-06-04,19.5610077209333,19.91325523292521,19.201265398538723,19.32867431640625,89832200
2010-06-07,19.351169899834957,19.358664715110592,18.916480620277103,18.953954696655273,80456200
2010-06-08,18.923972466272364,18.931467280372022,18.474293626720446,18.819047927856445,87355000
2010-06-09,18.901490191772023,19.126330352079556,18.549242465626946,18.579221725463867,87794000
2010-06-10,18.83402673690012,18.849016357626386,18.57171552163505,18.736597061157227,78930900
2010-06-11,18.76658749393285,19.27622203714263,18.5642317819216,19.23125457763672,68057700
2010-06-14,19.381145239110314,19.45609051772158,19.088853220466046,19.111337661743164,50972400
2010-06-15,19.29869470760984,19.97321190663823,19.29119989734977,19.92074966430664,81641500
2010-06-16,19.83832001199164,19.920761544529487,19.658448746946128,19.725900650024414,48698000
2010-06-17,19.905771517163437,19.98821304805332,19.516051165433353,19.76337432861328,47995500
2010-06-18,19.76337368190546,19.883287852281548,19.613480254190517,19.81583595275879,52075600
2010-06-21,20.070652195721667,20.153092287332765,19.4036280722056,19.448596954345703,54625300
2010-06-22,19.605986535532885,19.823331874916892,19.306201092839213,19.313695907592773,55985400
2010-06-23,19.321185979669764,19.321185979669764,18.901485033430806,18.968936920166016,61466200
2010-06-24,19.081349760927843,19.276210541902547,18.684134818104212,18.736597061157227,85243400
2010-06-25,18.774073856787012,18.819042728961968,18.21947063203226,18.384353637695312,156256700
2010-06-28,18.36936820831362,18.444314916230198,18.077077619877485,18.21947479248047,73784800
2010-06-29,18.084567246903543,18.13703093218805,17.320114987546773,17.470006942749023,119882100
2010-06-30,17.46252025175091,17.747317529215817,17.20020885078313,17.245176315307617,81050500
2010-07-01,17.305125557945352,17.477501951638164,17.035318034259713,17.357587814331055,92239400
2010-07-02,17.50748868343208,17.597423610106077,17.275153692296172,17.44003677368164,62485100
2010-07-06,17.762295203513943,18.054585670396893,17.67235890551744,17.852230072021484,73592000
2010-07-07,17.85224205982375,18.226974265712546,17.69485521950562,18.211984634399414,79965300
2010-07-08,18.43681114582993,18.451800766029155,17.964648115976445,18.29441261291504,50758100
2010-07-09,18.234464447039453,18.294421527563838,18.0995606584872,18.189496994018555,53806100
2010-07-12,18.309414073519182,18.654166984114323,18.30191925857279,18.60919952392578,49854200
2010-07-13,18.841528779304358,18.96144293216392,18.66165755001502,18.834033966064453,61928700
2010-07-14,19.111333639278843,19.193775143786805,18.826537923825647,19.06636619567871,72808100
2010-07-15,19.11133872769305,19.17879062579702,18.721616967423365,19.118833541870117,56934700
2010-07-16,19.118829835722746,19.21625954215879,18.64666664052286,18.65416145324707,65064800
2010-07-19,18.706627534168458,18.961445500887805,18.66915489238194,18.90898323059082,38181800
2010-07-20,18.63167893624071,19.096345901489258,18.511764788467577,19.096345901489258,45530700
2010-07-21,19.186284384404267,19.223757023738337,18.721615937418157,18.826541900634766,73297300
2010-07-22,19.118826839165926,19.47856921660837,19.08884759296782,19.36614990234375,73016400
2010-07-23,19.366150512016578,19.50105426517673,18.923966623097925,19.343666076660156,108520100
2010-07-26,19.38114106505644,19.635958960026205,19.33617219218701,19.561012268066406,67249900
2010-07-27,19.590984577313623,19.665931248195132,19.45608085562467,19.605974197387695,60672100
2010-07-28,19.538531859646817,19.628468194437477,19.358660619555042,19.448596954345703,69704800
2010-07-29,19.583505482197104,19.793356043163612,19.186290237907997,19.508560180664062,69446200
2010-07-30,19.298698635436498,19.366150512016578,18.998913311463475,19.343666076660156,83534800
2010-08-02,19.478574768102327,19.77086535439249,19.298703528116874,19.7333927154541,55044600
2010-08-03,19.63595343753584,19.74837272911368,19.463575665661708,19.605974197387695,56877700
2010-08-04,19.598481574274935,19.66593344264612,19.0663628676678,19.283706665039062,78531900
2010-08-05,19.10384329446169,19.1712951903799,18.893992792772856,19.01390838623047,64922100
2010-08-06,18.871508483917545,19.156304246402676,18.751594328188066,19.1488094329834,55982100
2010-08-09,19.14880630383474,19.283710064357855,19.013903972800886,19.193775177001953,57096500
2010-08-10,18.983929095507214,18.991423909427603,18.646669616537707,18.7890682220459,87257700
2010-08-11,18.496771969883543,18.661653537238937,18.406835659832957,18.631675720214844,76746900
2010-08-12,18.301909776581237,18.49677057576302,18.256942339689765,18.354372024536133,70240500
2010-08-13,18.249457438052872,18.489285804352555,18.167015901078674,18.286930084228516,45263500
2010-08-16,18.256947195543482,18.44431323349614,18.21197831720246,18.36187171936035,40909700
2010-08-17,18.618043899536133,18.80640938506174,18.535164063142798,18.618043899536133,52912600
2010-08-18,18.59544350790992,18.798878605048117,18.392008410771723,18.700927734375,46818900
2010-08-19,18.55023712872785,18.640651773966578,18.241316352336717,18.414613723754883,54064600
2010-08-20,18.316662711972086,18.384474413954553,18.23378286063841,18.256385803222656,49560100
2010-08-23,18.414607811058673,18.56529931710972,18.263914867893213,18.29405403137207,51643000
2010-08-24,18.150900370795085,18.34680067054295,18.083088673301024,18.11322784423828,66522500
2010-08-25,18.083091228008804,18.248852380237498,17.985141782854345,18.158437728881836,47404800
2010-08-26,18.150904854033985,18.226251362872805,17.924866764632654,17.94746971130371,49105300
2010-08-27,17.99267576114975,18.098161440862306,17.71389556653769,18.030349731445312,60939400
2010-08-30,17.887184624460424,17.94746151658634,17.78170042251869,17.811838150024414,45453100
2010-08-31,17.78171442908492,17.879663917025923,17.57074442190698,17.68376350402832,66074600
2010-09-01,17.83444412001593,18.045413979899738,17.736494700460884,18.007740020751953,65235900
2010-09-02,17.992674996112495,18.04541855228366,17.86458637678387,18.037883758544922,48837100
2010-09-03,18.263925526229386,18.422153352602066,18.233787782277364,18.301599502563477,64189100
2010-09-07,18.158439405903128,18.309130984451325,18.022815979229176,18.052953720092773,51928700
2010-09-08,18.135833974042846,18.23378485969629,17.887191518552218,18.030349731445312,65512400
2010-09-09,18.226243410203768,18.241311555704737,18.075550458278087,18.090620040893555,46028900
2010-09-10,18.068028906542313,18.10570289068706,17.924872078138925,17.97007942199707,58284300
2010-09-13,18.233788719539067,19.055062763339503,18.150907404459012,18.9194393157959,114680400
2010-09-14,18.86669044787141,19.100263281301846,18.753669990523473,18.859155654907227,87160400
2010-09-15,18.911903752199176,19.002318422146626,18.77628031016274,18.926973342895508,56201900
2010-09-16,18.881760423016136,19.11533471615377,18.874225629323153,19.085195541381836,44548300
2010-09-17,19.137933179686996,19.235884037649303,18.896825586417652,19.002309799194336,70341600
2010-09-20,19.047524402346276,19.228355152851186,18.919435774432582,19.16054344177246,49838700
2010-09-21,19.15300865010928,19.15300865010928,18.89683139424738,18.949573516845703,52675700
2010-09-22,18.753668248787083,18.813945149787553,18.354334318576964,18.542699813842773,94299400
2010-09-23,18.467356608361726,18.52763352006818,18.354337578551494,18.407079696655273,46201800
2010-09-24,18.565305953209513,18.685859775987634,18.52009862894645,18.670791625976562,51948800
2010-09-27,18.72353759471566,18.82902185206297,18.527637233131205,18.633121490478516,43603300
2010-09-28,18.685864117163465,18.76121063318333,18.346806950746963,18.595449447631836,56041200
2010-09-29,18.557774977989723,18.58037936332967,18.38447900172914,18.45982551574707,44318900
2010-09-30,18.54269609648751,18.70845718172911,18.354330638984354,18.452280044555664,61262700
2010-10-01,18.663251135209354,18.700923654409383,18.309123131425324,18.369400024414062,62672300
2010-10-04,18.052948479622764,18.075552856545116,17.917326529432707,18.015275955200195,98143400
2010-10-05,18.128298951545354,18.422150167687782,18.015279916312885,18.346803665161133,78152900
2010-10-06,18.3241984041408,18.48996098916975,18.181040199919877,18.407079696655273,50489700
2010-10-07,18.5502354788037,18.6481849086195,18.29405827822116,18.482423782348633,50096100
2010-10-08,18.550231939304354,18.57283487573343,18.361866471118184,18.512557983398438,41327800
2010-10-11,18.64064502176463,18.64064502176463,18.459814359674603,18.527626037597656,27587800
2010-10-12,18.572836475412373,18.78380633531293,18.407075366492744,18.708459854125977,50141500
2010-10-13,18.851620045184337,19.243420639657984,18.75366917800855,19.092727661132812,75336500
2010-10-14,19.055056399818294,19.092728928392688,18.836551710165253,19.00984764099121,51949100
2010-10-15,19.107801942679778,19.25095872663721,19.009851051429848,19.243425369262695,68954800
2010-10-18,19.28109553883939,19.55234235872372,19.175611303157673,19.454391479492188,48330500
2010-10-19,19.039984344456442,19.115330828949215,18.798876743771295,18.911895751953125,66150900
2010-10-20,19.032458759965312,19.13794302701839,18.911904901300264,19.070131301879883,56283600
2010-10-21,19.137934108037964,19.243419763046205,18.874222126189384,19.153003692626953,50032400
2010-10-22,19.22835709186057,19.24342668186771,19.039991528116907,19.12287139892578,25837900
2010-10-25,19.01738215326215,19.10026343943956,18.964640039191007,18.97970962524414,50912400
2010-10-26,18.92696616064875,19.56740771394545,18.8817574057152,19.514665603637695,69304200
2010-10-27,19.431788569650294,19.6728962156928,19.30369995305085,19.627687454223633,64805500
2010-10-28,19.7482379753777,19.876326570560984,19.529734746603097,19.800981521606445,80730300
2010-10-29,20.456496762766164,20.494170731941576,19.95167707273546,20.09483528137207,114193200
2010-11-01,20.253057844641425,20.509235038560394,20.117435892373773,20.305801391601562,61912100
2010-11-02,20.38868851857902,20.659935394255953,20.358550775234484,20.637331008911133,54402100
2010-11-03,20.6900687361209,20.712673116657,20.313337683208736,20.36608123779297,110255300
2010-11-04,20.652394446739798,20.66746403248041,20.351009917501553,20.448959350585938,93599300
2010-11-05,20.471563013521163,20.48663259873495,19.989347783597978,20.23045539855957,110953700
2010-11-08,20.102366049453366,21.752448203897124,20.02701956330661,20.200315475463867,71670800
2010-11-09,20.200315734795996,20.42635519613817,20.12496924768194,20.305801391601562,58538600
2010-11-10,20.35101521324977,20.40375733995169,20.20032219085986,20.29827308654785,52277300
2010-11-11,20.102365493774414,20.132503225131224,19.800980994633086,20.102365493774414,62073100
2010-11-12,19.9441428790957,19.98181684940487,19.66536268438298,19.7934513092041,64962200
2010-11-15,19.838654920338477,19.9667435211664,19.718101112160994,19.740705490112305,51794600
2010-11-16,19.74070547010342,19.74070547010342,19.44504877016887,19.566343307495117,65339200
2010-11-17,19.63457727895855,19.642158370451973,19.369244860470186,19.38440704345703,58299700
2010-11-18,19.49053381751534,19.771028338183875,19.414725816311083,19.589086532592773,59514000
2010-11-19,19.55876331718363,19.581506586439605,19.407145859978847,19.475374221801758,52423200
2010-11-22,19.445049977936176,19.513278340163094,19.28585143003672,19.50569725036621,53350500
2010-11-23,19.38440673244519,19.407150006560553,19.020523022271355,19.04326629638672,69742500
2010-11-24,19.10391811596345,19.301020754633324,19.073593743278437,19.2327938079834,56825900
2010-11-26,19.111479397910408,19.263098223745192,19.081156500310023,19.141803741455078,21356500
2010-11-29,19.096335232802833,19.27069602156097,18.899231166662776,19.187305450439453,56603600
2010-11-30,18.99019877579634,19.308597385680194,18.952294764645185,19.149398803710938,75282100
2010-12-01,19.384403394076,19.89990595101542,19.37682230400982,19.740707397460938,74123500
2010-12-02,19.89232486537125,20.45331251688736,19.86200195104488,20.38508415222168,91759200
2010-12-03,20.32443496418337,20.513957860202094,20.30169314206589,20.48363494873047,52622000
2010-12-06,20.415409688787292,20.453313695365477,20.28653404209824,20.34718132019043,36264200
2010-12-07,20.529125029943167,20.567029039984142,20.35476427024221,20.36992645263672,57860500
2010-12-08,20.339603000000032,20.650420523299932,20.31685972538832,20.642839431762695,41666800
2010-12-09,20.68073646129229,20.726221546033514,20.476051411039624,20.529117584228516,47148300
2010-12-10,20.612517136721216,20.771715725995477,20.551869848529297,20.72623062133789,37625800
2010-12-13,20.673149767388654,20.809606430557324,20.59734034941224,20.657987594604492,47943900
2010-12-14,20.703478598935998,21.0370392660368,20.665574602059795,20.938488006591797,64070500
2010-12-15,20.870255465589548,21.21897679386538,20.870255465589548,21.112844467163086,69634200
2010-12-16,21.044621983891858,21.218982696533203,20.968812538325434,21.218982696533203,57680200
2010-12-17,21.165920924744867,21.29479657525367,21.03704527423606,21.150758743286133,87456500
2010-12-20,21.18866288569108,21.21898580078683,20.983977786500585,21.082529067993164,52811000
2010-12-21,21.11285670925533,21.332702577177727,21.044628332258124,21.27963638305664,38153000
2010-12-22,21.23414683596798,21.529802110443622,21.21140356641407,21.370603561401367,42252300
2010-12-23,21.203822660149054,21.469155023461813,21.19624157023211,21.45399284362793,24902500
2010-12-27,21.317541840246946,21.37818912580609,21.13559853762417,21.27963638305664,21652800
2010-12-28,21.2038236644087,21.35544257803844,21.1962425741327,21.234148025512695,23042200
2010-12-29,21.181075549424428,21.3175322419789,21.135589021276473,21.20381736755371,19502500
2010-12-30,21.165910630514233,21.226557880907617,21.059778303811935,21.112844467163086,20786100
2010-12-31,21.074949899579824,21.16592154505311,20.94607424529407,21.158340454101562,24752000
2011-01-03,21.26446525015514,21.36301795142463,21.165913994830387,21.21139907836914,53443800
2011-01-04,21.18108252406545,21.355443268213133,21.112854155321543,21.294795989990234,54405600
2011-01-05,21.150753059025323,21.23414358869195,21.052201797919615,21.2265625,58998700
2011-01-06,21.256889317334366,21.87094311307096,21.120432596960683,21.84819984436035,88026300
2011-01-07,21.71174419373708,21.787553647229302,21.416088915656978,21.681421279907227,73762000
2011-01-10,21.423676878047512,21.52980927941553,21.256897183619838,21.393352508544922,57573600
2011-01-11,21.37818587088159,21.4160898763555,21.26447096256962,21.30995750427246,50298900
2011-01-12,21.317538337918805,21.6738409012975,21.279632886956108,21.643516540527344,52631100
2011-01-13,21.476735927429537,21.52222102059232,21.23414683596798,21.370603561401367,67077600
2011-01-14,21.287213203290364,21.514640117018413,21.158337566592454,21.45399284362793,62688400
2011-01-18,21.347856262701924,21.7875492694756,21.332694085860993,21.72690200805664,53322700
2011-01-19,21.575291299456573,21.742072415956876,21.431254902773077,21.58287239074707,50005900
2011-01-20,21.60561103611415,21.64351503850126,21.325116502236515,21.491897583007812,58613600
2011-01-21,21.529805878721607,21.552549152256184,21.241731643676758,21.241731643676758,58080300
2011-01-24,21.241726908900397,21.65109561965754,21.21898364043529,21.514638900756836,52047800
2011-01-25,21.332699506203415,21.56770896911621,21.31753877145512,21.56770896911621,42436600
2011-01-26,21.61319551523534,21.977079200619094,21.605614424380022,21.817880630493164,74628800
2011-01-27,21.795132957787608,22.333377286343747,21.5980289731777,21.886104583740234,146938600
2011-01-28,21.908843725571657,21.931586990763776,20.809611934958486,21.037038803100586,141249400
2011-01-31,21.05220164336353,21.15075290374572,20.78686932487252,21.02187728881836,65029000
2011-02-01,21.074944894551482,21.272048874646227,20.930908538514675,21.218982696533203,62810700
2011-02-02,21.173498774932852,21.309955495286722,21.13559332708734,21.181079864501953,45824000
2011-02-03,21.203818368806278,21.203818368806278,20.877840244021296,20.96122932434082,60340100
2011-02-04,20.99914746400149,21.105279873644996,20.855109589524133,21.052213668823242,40412200
2011-02-07,21.074947453136776,21.484317641327756,21.06736780901035,21.378185272216797,68980900
2011-02-08,21.302374607698003,21.4843164212466,21.264469159493085,21.438831329345703,34904200
2011-02-09,21.370598412206817,21.423664582434736,21.15833228535045,21.20381736755371,52905100
2011-02-10,21.173500476185424,21.181081566363652,20.688322272339562,20.84752082824707,76672400
2011-02-11,21.04461432493427,21.082518310950288,20.521530931435823,20.657987594604492,83939700
2011-02-14,20.627677248688222,20.673163797911645,20.430574652501512,20.642839431762695,56766200
2011-02-15,20.619959523195163,20.84110477496836,20.551327887077946,20.55895233154297,44116500
2011-02-16,20.627583960265376,20.642835758172957,20.284427234293812,20.604707717895508,70817900
2011-02-17,20.56658031936804,20.87161049064375,20.520826375473344,20.749597549438477,57207300
2011-02-18,20.688586051311713,20.749591777699077,20.581826393756643,20.63520622253418,68667800
2011-02-22,20.421683555415903,20.66570642091152,20.22341461357796,20.27679443359375,60889000
2011-02-23,20.231040509936076,20.482689271789805,20.154783000845942,20.27679443359375,60234100
2011-02-24,20.314932972585208,20.635213512895866,20.20817327731224,20.4140682220459,64494200
2011-02-25,20.520818582353325,20.551322169693314,20.208164084573923,20.246292114257812,53006300
2011-02-28,20.3530637519708,20.482701156295146,20.215800446863632,20.269180297851562,51379900
2011-03-01,20.284428714067825,20.421691996266578,19.941270508570945,19.948896408081055,60055000
2011-03-02,19.910763740580073,20.109032718318456,19.857383910898832,19.88788604736328,48658200
2011-03-03,20.025152667057736,20.131912344383306,19.964146929372905,19.979398727416992,68271500
2011-03-04,19.99465079762799,20.00990259698916,19.67437028350161,19.78875732421875,70437200
2011-03-07,19.9260197978729,20.032780942353916,19.483727783570647,19.613365173339844,64980400
2011-03-08,19.651491517339668,19.84213462141671,19.559982187406444,19.758251190185547,50549800
2011-03-09,19.68199619487692,19.81163358054062,19.567610608583454,19.74300193786621,39789100
2011-03-10,19.537111298775088,19.605741496914707,19.331216340880662,19.376970291137695,66549500
2011-03-11,19.376969808585596,19.712502162595598,19.338841760069563,19.58286476135254,49905800
2011-03-14,19.437971455636742,19.643866364940184,19.33121177873489,19.590486526489258,54473400
2011-03-15,19.125316364881247,19.422719145257123,19.064310629047952,19.361713409423828,76067300
2011-03-16,19.232077849250814,19.27783324630127,18.820289457237973,18.904172897338867,100725400
2011-03-17,19.110062831585033,19.232074292169653,18.87366580851375,18.896543502807617,62497000
2011-03-18,19.11006365812386,19.20157298476591,18.911794662475586,18.911794662475586,85486700
2011-03-21,19.20157814693167,19.50660689359031,19.17870044549785,19.315963745117188,46878100
2011-03-22,19.293087005615234,19.41509851036205,19.23970715409999,19.293087005615234,30895600
2011-03-23,19.239704300909352,19.52948267257867,19.2015762567647,19.476102828979492,43969000
2011-03-24,19.52185208480735,19.727746964524147,19.44559456033913,19.681991577148438,38696700
2011-03-25,19.773512249573095,19.788764054121206,19.51423739022373,19.5371150970459,57029800
2011-03-28,19.56761344744916,19.613367397706188,19.35409258876325,19.376970291137695,48973200
2011-03-29,19.323583645097976,19.460846902093348,19.29308005265841,19.437969207763672,40763500
2011-03-30,19.521854081792707,19.61336195692231,19.445596549523735,19.52947998046875,41999300
2011-03-31,19.521854375043397,19.58286011087669,19.32358536996232,19.361713409423828,63233700
2011-04-01,19.468475030195275,19.468475030195275,19.300708161543692,19.43034553527832,63114200
2011-04-04,19.407474215967124,19.567613771766847,19.376970612295626,19.48373031616211,35433700
2011-04-05,19.689624615194674,19.964151221036737,19.628618864395527,19.659122467041016,73651100
2011-04-06,19.81163154853119,20.06328039436273,19.720123670678717,19.941268920898438,65581400
2011-04-07,19.97177282839495,20.025152667057736,19.804005958893033,19.979398727416992,46134700
2011-04-08,19.956516076981845,20.04039949091226,19.79637514625025,19.880258560180664,39887600
2011-04-11,19.971771206498353,20.017525142423445,19.674366986756766,19.811630249023438,34286300
2011-04-12,19.697245889522684,19.712497687263205,19.483725084629842,19.552356719970703,36920400
2011-04-13,19.559984846963243,19.72775173223671,19.491353203804394,19.54473304748535,38144700
2011-04-14,19.38458824157715,19.399840036904774,19.132939436636374,19.38458824157715,55239900
2011-04-15,19.41509434110634,19.491351878820293,19.20157498089714,19.346464157104492,65080400
2011-04-18,19.140570326527268,19.277833611294263,18.850791957687687,19.12531852722168,58045100
2011-04-19,19.064315796873966,19.193953202472382,18.965181994706644,19.178701400756836,38892400
2011-04-20,19.47610206869997,19.826884715510733,19.453224370411252,19.64386749267578,61608600
2011-04-21,19.66674660524153,19.743002696037802,19.33884017864745,19.460851669311523,46892300
2011-04-25,19.49135048708854,19.537105879144793,19.323585079689963,19.52947998046875,33525100
2011-04-26,19.628614958564306,20.162416262706387,19.575235119048404,19.971773147583008,69200000
2011-04-27,20.055653430934658,20.124285062926894,19.926016065448376,20.11665916442871,52689000
2011-04-28,20.177664022934213,20.490320029835985,20.131910088420614,20.36830711364746,80200000
2011-04-29,20.246296744567186,20.314928377287057,19.33883663103368,19.76587677001953,319317900
2011-05-02,19.78112289308431,19.826876816942846,19.430338931526144,19.567602157592773,89825600
2011-05-03,19.52185208480735,19.712495168732243,19.43796866244318,19.681991577148438,71892900
2011-05-04,19.712493501549382,20.017522119133176,19.666739572534606,19.87263298034668,73292300
2011-05-05,19.865011789714362,19.887889486887754,19.58286079703349,19.666744232177734,55600000
2011-05-06,19.8802605579382,19.994646117388942,19.6362376432456,19.727746963500977,55993000
2011-05-09,19.674363138734076,19.796374580331566,19.575229387870284,19.697240829467773,38696400
2011-05-10,19.35408488072147,19.712494802719917,19.254951118897367,19.575231552124023,120798700
2011-05-11,19.559979982033095,19.567605879875337,19.2244477494309,19.338834762573242,78600000
2011-05-12,19.331212047879788,19.36171418978006,19.140568933905612,19.308334350585938,77400000
2011-05-13,19.277829904542443,19.30833204279701,19.026181082354004,19.087186813354492,66812300
2011-05-16,19.033799451451305,19.117682850240023,18.68301697377283,18.73639678955078,91350900
2011-05-17,18.728725979490633,18.958998082565017,18.628942426309248,18.82083511352539,82882100
2011-05-18,18.828505665572656,18.989694774462944,18.61358538969434,18.951316833496094,53931100
2011-05-19,19.074133083778488,19.09715926888415,18.805483033354143,18.974348068237305,37783600
2011-05-20,18.97434861650939,19.0894854014646,18.759429741179733,18.797807693481445,45451500
2011-05-23,18.582889037760395,18.613592573603576,18.444727518541594,18.552186965942383,52692500
2011-05-24,18.575216046902188,18.644297543838935,18.45240482213137,18.536836624145508,47691800
2011-05-25,18.552193164083292,18.659652647385446,18.544517277558047,18.56754493713379,34904200
2011-05-26,18.690347902646675,19.212296242627527,18.66732025328575,18.935970306396484,78016600
2011-05-27,18.94364886426932,19.112513924684002,18.920621211657004,19.005054473876953,50251000
2011-05-31,19.158567676935977,19.235325054595457,18.959000544656618,19.19694709777832,60196300
2011-06-01,19.181599849331853,19.26603313105539,18.7057066309505,18.751760482788086,74033500
2011-06-02,18.79780727187574,18.9206184733168,18.559860752086806,18.59056282043457,51487800
2011-06-03,18.460074786171447,18.529156266431084,18.298885641582245,18.352615356445312,60697700
2011-06-06,18.33726365878087,18.613589580840085,18.24515599411109,18.429372787475586,54778700
2011-06-07,18.49078392644297,18.55218954263271,18.344945038982825,18.467756271362305,41112600
2011-06-08,18.344950671047233,18.437059855622877,18.314248585539236,18.375654220581055,42205000
2011-06-09,18.42937444271501,18.45240209296316,18.283535585860207,18.390995025634766,42878700
2011-06-10,18.43705426103676,18.43705426103676,18.18375591034751,18.199106216430664,49327200
2011-06-13,18.26050753380086,18.56753551894575,18.19142605414014,18.45240020751953,47572500
2011-06-14,18.6519684211551,18.767105203527976,18.567536635179998,18.59056282043457,42894500
2011-06-15,18.421704181472254,18.429380067230927,18.16840580753803,18.222135543823242,49410200
2011-06-16,18.229804933071136,18.49845498278455,18.153047566863734,18.42169761657715,57184100
2011-06-17,18.59056378476017,18.651969388665922,18.406346973042925,18.621267318725586,83320400
2011-06-20,18.552177272533307,18.928286605946216,18.544501392583115,18.782447814941406,54338400
2011-06-21,18.82083764505406,19.081811851892795,18.728728498630005,19.005054473876953,49708700
2011-06-22,18.88224772057328,19.04343693490732,18.87457183455372,18.920625686645508,44287300
2011-06-23,18.759435998885525,18.92062520915169,18.57521913114183,18.9052734375,59470400
2011-06-24,18.81315861560677,18.836186264369253,18.567536218240175,18.651968002319336,101387200
2011-06-27,18.598245765173772,19.542357783735167,18.598245765173772,19.342790603637695,92044200
2011-06-28,19.419551483160635,19.895446288701137,19.31209197972688,19.80333709716797,81032100
2011-06-29,19.734246888086354,19.734246888086354,19.465598247685175,19.6651668548584,66051000
2011-06-30,19.75727759912773,19.956846237182617,19.69587197695896,19.956846237182617,52535400
2011-07-01,19.903113175230445,20.087330010956464,19.834031678830026,19.97219467163086,52906200
2011-07-05,20.033597655549375,20.071975608948435,19.88008291390299,19.979867935180664,37805300
2011-07-06,19.933818018971646,20.24084758520197,19.92614213341334,20.21014404296875,48744200
2011-07-07,20.33295406006296,20.632306258692275,20.233170481861652,20.547874450683594,51946500
2011-07-08,20.37132393009327,20.70905393176184,20.348296285605763,20.663000106811523,58320700
2011-07-11,20.432734287402553,20.570895794502874,20.332949268689777,20.44040870666504,43999800
2011-07-12,20.379008497221076,20.563226816820684,20.217819297603203,20.371334075927734,47319300
2011-07-13,20.417382520827505,20.693706999053187,20.348301035264825,20.44040870666504,40861800
2011-07-14,20.432737051105207,20.73208921968341,20.23316845071133,20.31760025024414,46382300
2011-07-15,20.31760346920935,20.670686884007655,20.31760346920935,20.555551528930664,49132400
2011-07-18,20.440406273844918,20.647650705866695,20.156405946133468,20.409704208374023,44501900
2011-07-19,20.578571097498916,21.215654752148044,20.555544912310694,21.138898849487305,86730600
2011-07-20,20.939341981440013,20.99307172893369,20.70906975271964,20.770475387573242,49795400
2011-07-21,20.755120314252476,20.962363369311692,20.45576663201053,20.80117416381836,81737400
2011-07-22,20.616951207694715,21.14657398122336,20.478788235808963,21.131223678588867,76380600
2011-07-25,20.923976694861235,21.561060294074192,20.87024698206404,21.422897338867188,108482400
2011-07-26,21.353818116745774,21.607116406704783,21.32311604791515,21.553386688232422,74636500
2011-07-27,21.399876040470296,21.48430930792936,20.877929058431032,20.977712631225586,71488700
2011-07-28,20.947012890566437,21.545717322095477,20.885605806280928,21.277067184448242,83761400
2011-07-29,21.123547964183423,21.269385356540152,20.923979388088625,21.03143882751465,104394800
2011-08-01,21.115876546760337,21.254039548972187,20.532522461879957,20.931659698486328,61838400
2011-08-02,20.70906296250423,21.06982223000376,20.5401978880318,20.570899963378906,63883100
2011-08-03,20.593918637373704,20.72440569475351,20.325268641118257,20.663000106811523,64581200
2011-08-04,20.363654485631947,20.624628682886573,19.90311169847525,19.91078758239746,92949500
2011-08-05,19.93380685866841,20.033591851034473,19.365804821589307,19.711212158203125,112071700
2011-08-08,19.204623399898264,19.649814443181725,18.721052934937205,18.79013442993164,134257200
2011-08-09,18.96667691292097,19.66516780374354,18.444729912081304,19.634464263916016,126268900
2011-08-10,19.15088463379165,19.258344035714437,18.498449413493574,18.575206756591797,127819900
2011-08-11,18.805489135722734,19.480950958467282,18.728731744404485,19.335113525390625,90690100
2011-08-12,19.289053637678382,19.450244267621997,18.920620003557435,19.266027450561523,64787100
2011-08-15,19.37348786697579,19.634462070250894,19.304406374107366,19.580732345581055,56529400
2011-08-16,19.48031940760203,19.7661138059203,19.349008706742126,19.580734252929688,54251500
2011-08-17,19.503488540649414,19.85107605444241,19.256315852292364,19.503488540649414,50923700
2011-08-18,18.978250548536398,19.379907003374345,18.561146901793755,19.055492401123047,105714200
2011-08-19,18.854665404554794,19.01687345290244,18.468457589675317,18.576595306396484,77397900
2011-08-22,18.862389064839277,18.916457921271274,18.375767883685487,18.522525787353516,54721000
2011-08-23,18.56114485857108,19.11728348409644,18.56114485857108,19.0941104888916,59670600
2011-08-24,19.040042782318483,19.256319664075566,18.862387561553234,19.23314666748047,45329700
2011-08-25,19.372186518737806,19.433979718428112,18.92418545266655,18.978254318237305,48192000
2011-08-26,18.931901330507383,19.57300604340801,18.862383827748783,19.503488540649414,71957000
2011-08-29,19.71976867384487,19.974665735452625,19.59618230902085,19.959217071533203,38863200
2011-08-30,19.874250246725698,20.414941680191166,19.851078724866024,20.26045799255371,57341400
2011-08-31,20.306802919634485,20.631215994810248,20.28362992572241,20.54625129699707,59300800
2011-09-01,20.438108482250943,20.74707578617562,20.245004653930664,20.245004653930664,60510800
2011-09-02,19.912878457841845,20.082809391548377,19.8201879201053,19.928325653076172,43894400
2011-09-06,19.464868730655148,19.76611026615965,19.395351226574807,19.704317092895508,54929300
2011-09-07,19.843359094266606,20.082807540893555,19.750668565071607,20.082807540893555,41961000
2011-09-08,20.08279857372219,20.592592573501605,20.044178396540392,20.252729415893555,65811900
2011-09-09,20.082805311202755,20.22184035292592,19.696597516756547,19.881977081298828,64529200
2011-09-12,19.650254719777802,20.028738214784592,19.518943999202715,19.997840881347656,55046100
2011-09-13,20.021010355975996,20.229562900153983,19.936044177251848,20.11370086669922,48792300
2011-09-14,20.21411424376005,20.700735373759397,19.997837367501628,20.469011306762695,66739200
2011-09-15,20.64666591898704,20.87839145247023,20.32225135072309,20.84749412536621,67808300
2011-09-16,20.89383998293766,21.063772346378332,20.72390909276273,20.94791030883789,89681500
2011-09-19,20.700737171206942,21.094669297919058,20.546254937550664,21.017427444458008,52324900
2011-09-20,21.094674136398933,21.24143354431051,20.80115679384193,20.83977699279785,49211900
2011-09-21,20.893833038373426,20.90155736807752,20.059624582779307,20.0750732421875,72750700
2011-09-22,19.542107101000425,19.812452758958123,19.00141725835034,19.356727600097656,96278300
2011-09-23,19.233141266162477,19.42624509709436,19.070934755347043,19.356727600097656,64768100
2011-09-26,19.457147507102917,19.71204457168218,19.10183559914248,19.650251388549805,51057600
2011-09-27,19.820177510016762,20.021005675243845,19.657970995755665,19.82790184020996,55620700
2011-09-28,20.028734240147283,20.368597474179097,19.704319669768203,19.75838851928711,60736200
2011-09-29,20.06735933938175,20.21411873348451,19.379909844439677,19.65797996520996,63407300
2011-09-30,19.464869847412718,19.696593892131578,19.217695666909577,19.225419998168945,54060500
2011-10-03,19.09410932994786,19.573007555587637,18.939627124422373,18.947351455688477,64592500
2011-10-04,18.769700297181675,19.611633500074724,18.738804436306342,19.573013305664062,83485400
2011-10-05,19.634806053059332,20.206393462249135,19.433977805517088,19.997840881347656,94061300
2011-10-06,20.00555953968418,20.391767258493783,19.85107733611966,20.345422744750977,55111400
2011-10-07,20.34542694542823,20.47673765586556,20.237289233279547,20.275909423828125,52741600
2011-10-10,20.5308078405511,20.8320494714686,20.44584164792681,20.80887794494629,41815300
2011-10-11,20.747081186765744,20.90928773761078,20.63894201293671,20.8552188873291,38826200
2011-10-12,20.99425987313955,21.094673270261712,20.77798293737462,20.82432746887207,52489800
2011-10-13,20.669838595312157,21.00970182188292,20.561700898648308,20.994253158569336,43823500
2011-10-14,21.09466423685317,21.24142357589184,20.870664536150894,21.06376838684082,50947700
2011-10-17,20.940191867309093,21.179640342021344,20.739363591552763,20.83977699279785,39453300
2011-10-18,20.808874517375266,21.164184949340477,20.700735342775072,21.094667434692383,52487900
2011-10-19,21.141018039840336,21.218258430067877,20.862947920569958,20.955636978149414,42880000
2011-10-20,21.056044986222066,21.117838162242084,20.39176723905773,20.8861141204834,76300200
2011-10-21,20.97107358336458,21.00197090029689,20.70072795326749,20.978797912597656,76620600
2011-10-24,20.901568774889764,21.16419023509094,20.886121580316676,21.001983642578125,56897800
2011-10-25,20.91701047331926,21.032872496976243,20.63894043793004,20.708457946777344,53554600
2011-10-26,20.878387800046514,20.901559318055302,20.160041276466337,20.538524627685547,63029900
2011-10-27,20.955628370144325,21.164180873929382,20.58486934559227,21.04831886291504,74512400
2011-10-28,20.963363397376185,21.00198506959826,20.693019058152426,20.83977699279785,57712100
2011-10-31,20.66983659675208,20.855216118793948,20.561698910544028,20.569421768188477,46799000
2011-11-01,20.22955688973892,20.329970229361667,19.97465990256475,20.0750732421875,61182600
2011-11-02,20.16004026317631,20.237282090275823,19.851074428043574,20.09052276611328,53533100
2011-11-03,20.26818814328978,20.5385339376392,20.06735988100924,20.492189407348633,65836100
2011-11-04,20.376322803213927,20.39177146873969,20.08280552455357,20.275909423828125,36549200
2011-11-07,20.245011688463787,20.716185664728958,20.183218500860637,20.70073699951172,42589700
2011-11-08,20.862935920631806,21.009695229529967,20.61576327823395,20.978797912597656,47822500
2011-11-09,20.53852717156243,20.662113527134508,20.129146447938925,20.237285614013672,62950900
2011-11-10,20.445837779446435,20.4690107748502,20.175493532730744,20.29907989501953,32514400
2011-11-11,20.530808454180875,20.917016289265742,20.523084120687262,20.78570556640625,37903000
2011-11-14,20.762534645730877,20.855225183673184,20.58487937737975,20.669845581054688,34199200
2011-11-15,20.669841176720094,20.965570163273643,20.545324177442723,20.80992317199707,43874200
2011-11-16,20.59979801976224,20.630928008498323,20.265159547006718,20.28850555419922,53262800
2011-11-17,20.241813718595246,20.265161212065625,19.798221733175875,19.87604522705078,70977500
2011-11-18,19.82934434056299,19.844909331579075,19.572527926234574,19.68926239013672,47626200
2011-11-21,19.64258037302425,19.65036287307739,19.377981308657763,19.4558048248291,61882500
2011-11-22,19.370188016283855,19.424664001943842,19.183412572152772,19.29236602783203,49204500
2011-11-23,19.15228268668071,19.292364630724435,19.0433292388916,19.0433292388916,49099700
2011-11-25,18.973290206254728,19.198978135696265,18.91103172302246,18.91103172302246,26164600
2011-11-28,19.409103603638375,19.432449610169556,19.21454563262777,19.35462760925293,46766700
2011-11-29,19.315709043565725,19.486920954145123,19.26123306633012,19.331274032592773,40917100
2011-11-30,19.743747051953854,19.914957562430363,19.56475255877411,19.907175064086914,81350900
2011-12-01,19.89160235700634,19.946078339934687,19.61143994703783,19.67369842529297,48545400
2011-12-02,19.914952965564982,19.938300455206146,19.58031303583883,19.62700653076172,52293800
2011-12-05,20.06281542760013,20.078378934780496,19.84490999912277,20.00055694580078,56818400
2011-12-06,20.086169251440605,20.13286424424107,19.93052372851866,19.96943473815918,46175300
2011-12-07,19.97721120502555,20.047252188718154,19.720394759605817,19.9227352142334,62667000
2011-12-08,19.82935024935565,20.016125744126697,19.743745741977055,19.767091751098633,60522200
2011-12-09,19.86047499066243,20.132856405169306,19.84490999912277,20.00055694580078,53788500
2011-12-12,19.774877679720795,19.899394697837607,19.681490658313155,19.85270118713379,38945900
2011-12-13,20.039473971614417,20.311855468100543,19.961650474852703,20.047256469726562,54581100
2011-12-14,20.016118885480687,20.12507233336666,19.89938442679352,19.914949417114258,47926400
2011-12-15,20.016126191189667,20.140643190484802,19.876045680252428,19.89160919189453,46213900
2011-12-16,19.97720764815704,20.36632349523111,19.94607766789872,20.234024047851562,101408100
2011-12-19,20.249590909842762,20.327414383323372,19.813780052095076,19.868257522583008,52258300
2011-12-20,20.125078137349238,20.31185362198575,20.08616565032521,20.25737762451172,60767600
2011-12-21,20.241814469450976,20.38189646675011,19.798222467576874,20.047256469726562,64132500
2011-12-22,20.09394506334888,20.12507504818971,19.829346129639333,20.086162567138672,35794100
2011-12-23,20.16398914001366,20.265160121916523,20.02390715544637,20.25737762451172,23205800
2011-12-27,20.202893924811068,20.34297586626518,20.17954792414148,20.265153884887695,21287200
2011-12-28,20.319630552036465,20.350759048767216,20.047249154936186,20.093942642211914,29822500
2011-12-29,20.19511393657809,20.27293592189547,20.125072962305072,20.249589920043945,22616900
2011-12-30,20.23402992215725,20.327418405685425,20.163988930601015,20.202899932861328,27395700
2012-01-03,20.662055253024228,20.981130196315956,20.537538274391334,20.833267211914062,64731500
2012-01-04,20.872173056126826,21.378023342433817,20.841044561336403,21.32354736328125,80516100
2012-01-05,21.30798390783207,21.580365307564854,21.23794441842116,21.541454315185547,56081400
2012-01-06,21.424726069553437,21.938359036646343,21.424726069553437,21.876100540161133,99455500
2012-01-09,21.829403396245304,21.868315880426042,21.5725869380904,21.588151931762695,59706800
2012-01-10,21.736010817801425,21.907221251125193,21.5959288794642,21.665969848632812,60014400
2012-01-11,21.34690337273979,21.77493036646887,21.30020986972709,21.572589874267578,65582400
2012-01-12,21.6893235184681,21.806058005586237,21.51811155195927,21.79049301147461,49370800
2012-01-13,21.73601812768503,21.98505210876465,21.627066132052597,21.98505210876465,60196100
2012-01-17,22.101780333874718,22.296338261962273,21.92278739628037,21.992828369140625,72395300
2012-01-18,22.03174281660227,22.101783800448167,21.767143874153206,21.969484329223633,64860600
2012-01-19,21.915014848036417,22.132920360768892,21.813845332629118,21.883886337280273,74053500
2012-01-20,22.428641454178898,23.144614808360433,22.374165462723692,23.121267318725586,165902900
2012-01-23,22.996749320704637,23.308043231230357,22.841103849801154,23.136831283569336,76078100
2012-01-24,22.934492012084025,23.012315493708048,22.708805548169757,22.833322525024414,51703300
2012-01-25,22.62319657630109,23.074570928760334,22.62319657630109,23.00452995300293,59231700
2012-01-26,23.04344403131182,23.113485011933875,22.880014581740582,22.95783805847168,49102800
2012-01-27,22.91893270622617,22.981191206070747,22.701027214590283,22.74772071838379,44187700
2012-01-30,22.545378059188675,23.05122999178551,22.43642606600638,23.043447494506836,51114800
2012-01-31,23.082353479652006,23.113483462000687,22.74771359119996,22.981184005737305,50572400
2012-02-01,23.18352863048717,23.38586761490801,23.160181139503447,23.261350631713867,67409900
2012-02-02,23.269133854755356,23.479256827086584,23.121269375963802,23.308046340942383,52223300
2012-02-03,23.455911779145975,23.65825227532079,23.417000773264547,23.533735275268555,41838500
2012-02-06,23.37808654797883,23.518167040477266,23.323609069143327,23.50260353088379,28039700
2012-02-07,23.46369201203862,23.728290982695498,23.38586852342902,23.619338989257812,39242400
2012-02-08,23.549293752423555,23.868368662275707,23.51816376884807,23.860586166381836,49659100
2012-02-09,23.87614890828563,23.969535881493464,23.720501973793663,23.946189880371094,50481600
2012-02-10,23.845026445511124,23.969543438618782,23.627122449752544,23.736074447631836,44605300
2012-02-13,23.837241306406245,23.94619477657165,23.681595824449133,23.798330307006836,33319800
2012-02-14,23.759155763493087,23.860991250388786,23.38314574308143,23.696487426757812,59644000
2012-02-15,23.759171229921062,23.806172139535793,23.524165187715433,23.539831161499023,43311300
2012-02-16,23.743497315744747,24.714857650810092,23.73566358391379,24.511186599731445,94705100
2012-02-17,24.44068550976203,24.534687307325658,24.244846688350897,24.4798526763916,70036500
2012-02-21,24.425020056619303,24.761863096243246,24.401518858227487,24.628692626953125,50829900
2012-02-22,24.636519988989367,24.81669131434084,24.4250137405517,24.495515823364258,49253200
2012-02-23,24.44067830529552,24.746186298519078,24.284006696696615,24.573848724365234,35034700
2012-02-24,24.660018920898438,24.675686381954687,24.4720138706174,24.660018920898438,35575400
2012-02-27,24.47202173008608,24.67569430683514,24.362352455733436,24.558191299438477,34568400
2012-02-28,24.605182473935717,25.012527466357277,24.581681284096746,24.965526580810547,45230600
2012-02-29,24.981200048219563,25.067369609373916,24.761861520381803,24.863697052001953,59323600
2012-03-01,25.012528279861368,25.372870904324717,24.949859932383774,25.294536590576172,77344100
2012-03-02,25.310208652728605,25.412042681464065,25.067367454736146,25.130037307739258,47314200
2012-03-05,25.07519991284901,25.10653483962626,24.7696933415601,24.910696029663086,45240000
2012-03-06,24.707024613252212,25.051699837866558,24.66785595536545,24.72269058227539,51932900
2012-03-07,24.80885761065534,25.004696397763727,24.699188367996687,24.942028045654297,34340400
2012-03-08,25.098701815675366,25.231870767911612,24.98903106952272,25.075199127197266,36747400
2012-03-09,25.145704047601985,25.192706441587827,25.00470134803946,25.05953598022461,34628400
2012-03-12,25.043865357648542,25.22403819027865,24.926362375763848,25.09870147705078,34073600
2012-03-13,25.25537457603665,25.60788204794291,25.184872484002774,25.592214584350586,48951700
2012-03-14,25.48254851637408,25.75672468115562,25.451216573531664,25.670555114746094,41986900
2012-03-15,25.68621593579367,25.803717414650354,25.521712072436678,25.73321533203125,49068300
2012-03-16,25.78022142428923,25.81155635179608,25.459045888001885,25.53738021850586,65626400
2012-03-19,25.490374193806755,25.545208808567637,25.184866200635458,25.22403335571289,44789200
2012-03-20,25.145704047601985,25.18487420338852,24.863697154345267,25.05953598022461,41566800
2012-03-21,25.03602957086784,25.18486896003713,24.926360329330073,24.996862411499023,37928600
2012-03-22,24.918533432551385,25.137873469912392,24.902867460986272,25.067371368408203,31749500
2012-03-23,25.14570121610557,25.153536441685937,24.848026891706105,25.075199127197266,35912200
2012-03-26,25.216199686509437,25.545210383623097,25.184867753473075,25.529542922973633,36758300
2012-03-27,25.57654555822773,25.615712716108018,25.380706780563695,25.474708557128906,36274900
2012-03-28,25.474712348935725,25.61571652890273,25.09870219844472,25.216203689575195,41344800
2012-03-29,25.114368018310106,25.216202039640756,24.918527730178873,25.161367416381836,37038500
2012-03-30,25.3807083806177,25.388540617382482,25.098700044881074,25.27103614807129,31749400
2012-04-02,25.239701973299685,25.427705521601204,25.02819574026358,25.294536590576172,35853600
2012-04-03,25.192704282819946,25.21620398366751,24.8010266646242,25.020366668701172,42752100
2012-04-04,24.8010273088892,24.8245285044788,24.323180124155094,24.448516845703125,49455900
2012-04-05,24.401512687906155,24.777522802304404,24.323176873873678,24.691354751586914,50368600
2012-04-09,24.45634460561376,24.597348756456633,24.260505839250047,24.362342834472656,31056400
2012-04-10,24.331007418548996,24.432844411695093,23.73565740164706,23.86882781982422,54131300
2012-04-11,23.837503955877068,23.915839791071534,23.680832285488133,23.77483558654785,43014000
2012-04-12,23.87666726072331,24.315347269136346,23.82966636486889,24.26834487915039,38304000
2012-04-13,24.19784597975308,24.409352280190806,24.06467551215878,24.135177612304688,39749200
2012-04-16,24.27617759958937,24.432849238086654,24.10383999254754,24.3466796875,38124800
2012-04-17,24.495522157663004,24.761863096243246,24.44068752221385,24.628692626953125,34361500
2012-04-18,24.50335514891814,24.526854852467032,24.315350049868442,24.39368438720703,40552900
2012-04-19,24.385845195722748,24.81669142529593,24.237008792792015,24.29184341430664,54781200
2012-04-20,25.184872369253096,25.76455357821211,25.10653505164842,25.39637565612793,106045000
2012-04-23,25.310206812309914,25.459043219975143,25.090865331011393,25.161367416381836,61398200
2012-04-24,25.231871953193963,25.474713157121965,24.934197614811065,25.00469970703125,40871100
2012-04-25,25.00469340253818,25.3180351255512,24.965526247460748,25.22403335571289,62495500
2012-04-26,25.161368080026428,25.247537629781167,25.004697937173177,25.153535842895508,40308100
2012-04-27,25.161369849162458,25.239707167294302,24.973364768040742,25.051700592041016,41419100
2012-04-30,25.051705304279906,25.153542342875333,25.004704398691473,25.083040237426758,35697200
2012-05-01,25.106534052992732,25.333707782615388,25.02819972676706,25.075199127197266,43832300
2012-05-02,24.949864688134646,25.0125330475576,24.785359310817178,24.910696029663086,37385300
2012-05-03,24.97337346931379,24.989040938399047,24.761868613191137,24.879371643066406,31501300
2012-05-04,24.63652279671603,24.730524588424867,24.22134398329597,24.26834487915039,57927200
2012-05-07,24.049004852751406,24.17434156321489,23.94716784166767,24.009836196899414,48641400
2012-05-08,23.87666652153139,24.111673981791025,23.633826823981448,23.892333984375,46328300
2012-05-09,23.649496035640528,24.150842930657255,23.578993941762352,24.09600830078125,50309300
2012-05-10,24.174346545748158,24.299683282044583,23.8531709722221,24.08034324645996,43839200
2012-05-11,24.04116737661433,24.707019481061913,24.04116737661433,24.409343719482422,43459300
2012-05-14,24.14300396804771,24.315343046470964,24.00199981084006,24.033334732055664,40528900
2012-05-15,24.15949348353841,24.28565260063767,23.773130999430002,23.8204402923584,61822800
2012-05-16,23.89929077751746,23.90717591054616,23.449848722429103,23.576007843017578,60083700
2012-05-17,23.64697999304894,23.82044846257485,23.426200710432113,23.434085845947266,48484000
2012-05-18,23.489277826342313,23.505046590772867,23.000410034541478,23.079259872436523,56205300
2012-05-21,22.945219016935727,23.489281325121684,22.91367847550545,23.457740783691406,38787900
2012-05-22,23.41042941687717,23.56024246368975,23.260614866128932,23.46562385559082,39504900
2012-05-23,23.14233313947212,23.18175729571524,22.582500796421872,22.953094482421875,65171000
2012-05-24,22.99252307821503,23.102911940158503,22.677125255565496,22.921558380126953,52575000
2012-05-25,23.024063767501243,23.150222897410664,22.874249236758008,22.913673400878906,29507200
2012-05-29,23.165987270997444,23.434075747239007,23.03982816499379,23.30791664123535,37758800
2012-05-30,23.142336045501395,23.24483976696619,22.960982497713875,23.134450912475586,41585500
2012-05-31,23.102917334670575,23.19753745552688,22.81905997997326,23.016183853149414,39134000
2012-06-01,22.67712662072157,22.834824789571993,22.42480834741246,22.432693481445312,56634300
2012-06-04,22.566743039786072,22.692902206001204,22.33019347518078,22.511547088623047,47926300
2012-06-05,22.480005264282227,22.669243990162602,22.385385149374184,22.480005264282227,45715400
2012-06-06,22.771745915259945,23.158109974967232,22.716551479283357,23.1423397064209,46860500
2012-06-07,23.37100488006731,23.41831569035312,23.000412556442896,23.04772186279297,37792800
2012-06-08,23.031948796220746,23.402542578784402,22.905789658647965,23.378887176513672,42551100
2012-06-11,23.44197065421962,23.505050233524454,22.72443987565122,22.787519454956055,46361900
2012-06-12,22.945211501383866,23.1029096450749,22.740202561043755,23.09502601623535,35337900
2012-06-13,23.039834868730917,23.213304817910643,22.905790591608223,22.968870162963867,32984600
2012-06-14,23.12656577944978,23.229069500914576,22.7717423129652,23.134450912475586,39458900
2012-06-15,23.331570638271142,23.71793306522707,23.252720825764097,23.670623779296875,62314400
2012-06-18,23.646979619913186,23.678520161476108,23.42620034078013,23.528705596923828,58679900
2012-06-19,23.804675277190324,24.530091066648883,23.694284904403112,24.20680809020996,75725800
2012-06-20,24.388153076171875,24.482771643611496,24.1594887809786,24.388153076171875,36257100
2012-06-21,24.41181323630881,24.553742627858227,23.702167782497117,23.765247344970703,48456600
2012-06-22,23.89140874388712,24.230461988429294,23.678516140235406,24.20680809020996,45098100
2012-06-25,23.89140458688655,23.90717485224584,23.355229100088117,23.552352905273438,42217200
2012-06-26,23.65485351600845,23.867747558596946,23.607544230078258,23.670623779296875,38421300
2012-06-27,23.80467636623684,24.049109517277692,23.678517223510234,23.78890609741211,33781700
2012-06-28,23.639087249171265,23.694281676076905,23.197530329990812,23.583892822265625,45328400
2012-06-29,24.009680651480693,24.198919328544665,23.76524604432966,24.12006950378418,55227200
2012-07-02,24.143733008536433,24.143733008536433,23.82044846808367,24.09642219543457,30589100
2012-07-03,23.836214874666034,24.254117965698242,23.788905573170023,24.254117965698242,20938100
2012-07-05,24.120073119577622,24.26988765868742,23.954488312364578,24.20680809020996,28801900
2012-07-06,24.135838375581802,24.20680306337421,23.615431667727627,23.804670333862305,38294800
2012-07-09,23.74947772777159,23.83621118309238,23.481389220921116,23.654857635498047,30680800
2012-07-10,23.717932817716807,23.82832165171365,23.268490846232446,23.449844360351562,37534100
2012-07-11,23.426193938472103,23.449849338179344,22.95309797581036,23.1029109954834,39184900
2012-07-12,22.984637201365597,23.008292601275123,22.503656101355112,22.57461929321289,63523600
2012-07-13,22.67712444381642,23.24484050426365,22.645583910712766,23.17387580871582,39085000
2012-07-16,23.244839733077953,23.28426539814951,22.89790290406032,23.213300704956055,27900600
2012-07-17,23.37100379374811,23.544473748861456,23.02406689139274,23.38677406311035,33771300
2012-07-18,23.33946227188936,24.00968360900879,23.2290719020526,24.00968360900879,41090400
2012-07-19,24.056994013088154,24.285656889234332,23.954488772384067,24.18315315246582,46663200
2012-07-20,24.443360391044454,24.482784564294395,23.69428906780909,23.74948501586914,64021700
2012-07-23,23.315798094518264,23.32368322539125,22.874241293175583,23.087135314941406,55151900
2012-07-24,23.055606739506423,23.1502268550821,22.787518166633674,22.984642028808594,47723300
2012-07-25,23.055599888411965,23.126564578022258,22.6928928116796,22.732316970825195,45579500
2012-07-26,23.047713800752927,23.26060786076198,22.937324956571292,22.99251937866211,45301400
2012-07-27,23.244844596800558,23.536588563632847,23.008296572617578,23.46562385559082,44242600
2012-07-30,23.457733340042946,23.51292776609575,23.229068999040972,23.37099838256836,28905000
2012-07-31,23.244838868072446,23.4261924088469,23.12656488512977,23.236953735351562,37620900
2012-08-01,23.331578994466806,23.378888297340808,23.031949900415015,23.18964958190918,31721800
2012-08-02,23.031952620012298,23.28427244098384,22.84271388223549,23.016183853149414,39520500
2012-08-03,23.284272317632254,23.60755534761364,23.244846640844408,23.457740783691406,35859400
2012-08-06,23.654858809715137,23.741593773276758,23.505044282818357,23.615434646606445,27471800
2012-08-07,23.710050677888564,23.93082987767523,23.55235253855688,23.859865188598633,28002900
2012-08-08,23.82043805508119,24.02544697709635,23.741589742251268,23.915058135986328,26257600
2012-08-09,23.962371633828955,24.16738059185708,23.891406936667856,24.04910659790039,24920800
2012-08-10,24.049110151640484,24.143730263149116,23.851986297938513,23.98603057861328,27810300
2012-08-13,23.930838510548064,24.01757199209161,23.7810239457935,23.962377548217773,23049100
2012-08-14,24.04968908786365,24.121123930837236,23.819511326870302,23.914756774902344,34551400
2012-08-15,23.898875392569558,24.033807659514764,23.82744057395747,23.97031021118164,24351000
2012-08-16,24.09730212158836,24.557658943428397,24.017929942533513,24.4306640625,35787200
2012-08-17,24.541791796724084,24.541791796724084,24.27986458454603,24.525917053222656,32589900
2012-08-20,24.46241751391392,24.48622962714213,24.27192514978446,24.3989200592041,23737700
2012-08-21,24.414790959760808,24.57353381460827,24.295733440150585,24.4465389251709,28822700
2012-08-22,24.279868227395834,24.414800539604897,24.184621265995695,24.240182876586914,33437400
2012-08-23,24.121115677558585,24.129053047828588,23.875063254782802,24.017932891845703,28355600
2012-08-24,24.01000144112175,24.311614016250054,23.954441349432244,24.256053924560547,22943300
2012-08-27,24.549720446800386,24.573531039694572,24.279855958745227,24.359228134155273,34691100
2012-08-28,24.367168951218073,24.44653962396132,24.22429931804256,24.311607360839844,23947900
2012-08-29,24.327478408813477,24.406850583409103,24.160798204671142,24.327478408813477,23346800
2012-08-30,24.232243081872948,24.295740545160733,23.986189086971194,24.065561294555664,23982100
2012-08-31,24.287796192461922,24.573533938183672,24.113177083183544,24.462413787841797,36590100
2012-09-04,24.168744683929177,24.335424950901643,23.930628070384234,24.12112045288086,48556700
2012-09-05,23.986188159375057,24.232242144761386,23.97825078753367,24.12112045288086,33650000
2012-09-06,24.20842766394087,24.89102643661762,24.176678179677424,24.883089065551758,48371700
2012-09-07,24.63703426038616,24.660844857406378,24.390980322587563,24.56559944152832,42649100
2012-09-10,24.470350935682944,24.52591101034977,24.21636115783546,24.383041381835938,40524000
2012-09-11,24.359234067463873,24.533851684779858,24.29573661444909,24.43860626220703,25191800
2012-09-12,24.557658943428397,24.74815126482099,24.390977216023376,24.4306640625,32775800
2012-09-13,24.517972302360807,24.74815147215844,24.129050287021947,24.557659149169922,45047300
2012-09-14,24.6132221623428,24.803714508097155,24.45447778393154,24.77196502685547,51422800
2012-09-17,24.756091800133216,24.811651878407577,24.637034273274065,24.77196502685547,36488500
2012-09-18,24.684660044755496,24.771968101208422,24.629099959585787,24.748157501220703,34542700
2012-09-19,24.676719421183105,24.756091609778426,24.637034083834735,24.644969940185547,48871900
2012-09-20,24.56560387535543,24.986273980224027,24.533854388399906,24.96246337890625,45543000
2012-09-21,24.94658441937592,25.089454058732606,24.67671988145742,24.756092071533203,102348900
2012-09-24,24.605281645301943,24.66084171647082,24.319542406263853,24.4306640625,46825900
2012-09-25,24.565604192605196,24.605289537913247,24.097309851255584,24.12112045288086,54266400
2012-09-26,24.033808432828902,24.28779823433379,23.843316081700234,23.94649887084961,54672000
2012-09-27,23.94649785603783,24.12905282889577,23.724256032189967,23.938560485839844,47129900
2012-09-28,23.954434741238078,24.017932187637776,23.60519802909048,23.62107276916504,54229300
2012-10-01,23.6607566615788,23.79568891618137,23.351206818507574,23.406766891479492,54042700
2012-10-02,23.55757892035531,23.724259174897096,23.414709265663056,23.541704177856445,43338900
2012-10-03,23.613135617850638,23.80362795881421,23.549638170862778,23.7004451751709,46655900
2012-10-04,23.78775823084827,23.83538246154785,23.470270929012067,23.83538246154785,43634900
2012-10-05,23.994119271958862,24.00999401150045,23.60519723658089,23.692506790161133,41133900
2012-10-08,23.52582596463622,23.748067785137113,23.454391147828737,23.636947631835938,29752000
2012-10-09,23.557572799802966,23.60519550102782,23.160713423832966,23.24008560180664,45121100
2012-10-10,23.136902546699172,23.26389743265133,22.978159696208202,23.001970291137695,47227100
2012-10-11,23.192465717986053,23.216277829994695,22.914665314045216,22.97816276550293,41488500
2012-10-12,22.994033488104716,23.271835375682063,22.859101229218492,23.176589965820312,46464700
2012-10-15,23.31152730252009,23.589327736710587,23.21628035801276,23.42264747619629,42440200
2012-10-16,23.375018927166302,23.605196588606884,23.271834636876925,23.406766891479492,47739400
2012-10-17,23.255962008602697,23.52582654230213,23.08928177455818,23.486141204833984,44206100
2012-10-18,23.533758963055348,23.597256397989025,23.224209156990966,23.414701461791992,59238500
2012-10-19,23.057525962795474,23.081338067077667,22.620981314909127,22.732101440429688,90470800
2012-10-22,22.803545101452464,22.882917299341116,22.089198348252076,22.224130630493164,83374000
2012-10-23,22.04157648749167,22.382875891882822,22.03363911600597,22.263816833496094,64414800
2012-10-24,22.351117631005966,22.382867104484095,22.120940003882396,22.144750595092773,53320400
2012-10-25,22.37494503723602,22.38288241103353,22.11301775751517,22.128890991210938,54084300
2012-10-26,22.113009601858316,22.493994320229636,22.09713486011817,22.390810012817383,57790000
2012-10-31,22.66067633610662,22.922603539675002,22.620990992556397,22.652740478515625,69464100
2012-11-01,22.890856684749448,23.462333834815855,22.874981940995102,23.430585861206055,72047900
2012-11-02,23.48613626532966,23.629005872404996,23.27976922332065,23.414701461791992,57131600
2012-11-05,23.509949353092694,23.605194752522234,23.279770195657708,23.517885208129883,38070800
2012-11-06,23.668695694727692,23.970309703343933,23.502015464096523,23.7004451751709,43401500
2012-11-07,23.43852063726202,23.676635711610338,23.0575343988465,23.08134651184082,57871800
2012-11-08,23.113096506182046,23.31152624381998,22.859105170330537,22.867042541503906,49841800
2012-11-09,22.922598925038553,23.16865284999208,22.867038849693728,22.88291358947754,43291200
2012-11-12,22.97023288319484,23.02579298209576,22.390816746615894,22.398754119873047,61112300
2012-11-13,21.62251311119801,21.846579623925496,21.406447665634815,21.678529739379883,131689200
2012-11-14,21.798565962538337,21.838578930738198,21.446459474072924,21.478469848632812,76086100
2012-11-15,21.510475520250008,21.582497326035117,21.31041528781103,21.334423065185547,50955600
2012-11-16,21.34243080639101,21.36643858955728,21.07835129691733,21.222394943237305,64083300
2012-11-19,21.44645278415289,21.44645278415289,21.18237338176436,21.39043617248535,57179300
2012-11-20,21.414448388824653,21.446457233702116,21.174375183720382,21.374435424804688,47070400
2012-11-21,21.374434818862955,21.742546445718542,21.342425974892908,21.56649398803711,66360300
2012-11-23,21.79056508334679,22.222696015872653,21.766558826876768,22.16667938232422,57845700
2012-11-26,22.038645122349678,22.070653979183067,21.742555183360643,21.918607711791992,85198700
2012-11-27,21.894590682810897,21.910594340187323,21.638513848728156,21.670522689819336,45018600
2012-11-28,21.614517069748743,21.91860808334663,21.422459346475478,21.894601821899414,53018400
2012-11-29,21.694532416594235,21.894592652007052,21.49447218118142,21.56649398803711,69551400
2012-11-30,21.646518191715593,21.710537409929337,21.19838366421939,21.30241584777832,83690200
2012-12-03,21.430456228993094,21.46246507783545,21.12636377012788,21.150371551513672,53173800
2012-12-04,21.20639044951439,21.31042112730027,21.078351987775374,21.102359771728516,49777500
2012-12-05,21.110361350618085,21.55049490903757,21.014333265160708,21.342432022094727,68283800
2012-12-06,21.454455375296565,21.590496372062667,21.294408131437628,21.39043617248535,39182300
2012-12-07,21.46246857431084,21.46246857431084,21.10236095289063,21.174381256103516,46162100
2012-12-10,21.254402110545755,21.58250082279662,21.222393261865488,21.558494567871094,47031100
2012-12-11,21.64651395415216,21.998620348568,21.64651395415216,21.862579345703125,52282800
2012-12-12,22.03063939154491,22.10266121709501,21.670530263794387,21.798568725585938,43966300
2012-12-13,21.862589947834866,22.022638802821778,21.566501550349784,21.69454002380371,45080100
2012-12-14,21.694535281392113,21.71053894232121,21.366436574096213,21.4544620513916,42077500
2012-12-17,21.438462444730888,21.782564878029756,21.350435424449877,21.68653678894043,42046100
2012-12-18,21.806559895281296,22.110650701131334,21.71853292654189,22.05463409423828,50486900
2012-12-19,22.15867427529187,22.190683122401733,21.806567799051635,21.854581832885742,53519900
2012-12-20,21.894596016136894,22.150672912597656,21.72654459887283,22.150672912597656,52607300
2012-12-21,21.966611862182617,21.99862070236889,21.606502870472756,21.966611862182617,98776500
2012-12-24,21.766556724754487,21.80656816589958,21.60650790749683,21.654521942138672,20842400
2012-12-26,21.630511607416917,21.766552618520357,21.366432177197105,21.494470596313477,31631100
2012-12-27,21.518482497964616,21.678531327067564,21.262405592470905,21.574499130249023,39394000
2012-12-28,21.374429694246057,21.52647586408081,21.24639129638672,21.24639129638672,28239900
2012-12-31,21.278407363833786,21.422450981628646,21.10235490116146,21.374435424804688,42749500
2013-01-02,21.80656935528925,22.19068470605195,21.72654494229567,22.102659225463867,52899300
2013-01-03,22.110657132707708,22.126662318286492,21.734544429637292,21.80656623840332,48294400
2013-01-04,21.82257148299969,21.878588106338427,21.390440629234863,21.3984432220459,52521100
2013-01-07,21.422451988878912,21.51047746118464,21.318419803874075,21.35843276977539,37110400
2013-01-08,21.40644005687994,21.438450419513824,21.17436950679858,21.24639129638672,44703100
2013-01-09,21.382435847586734,21.406443623562257,21.254397428393993,21.366432189941406,49047900
2013-01-10,21.326427510306154,21.59050704321655,21.038341718437778,21.174381256103516,71431300
2013-01-11,21.198384543490995,21.55049102144062,21.030334661086467,21.47046661376953,55512100
2013-01-14,21.52648289417527,21.670526520393153,21.41444964104518,21.51848030090332,48324400
2013-01-15,21.47046808264825,21.838579772583778,21.47046808264825,21.774559020996094,48244500
2013-01-16,21.726548597202644,21.790567833099274,21.614515315968287,21.63852310180664,41077400
2013-01-17,21.75855220800547,21.98261870075444,21.654520028081873,21.80656623840332,51685900
2013-01-18,21.686530399239444,21.83857660956089,21.638516368841593,21.80656623840332,52167700
2013-01-22,21.84657352080088,21.9666108634722,21.60650188813467,21.726537704467773,58650600
2013-01-23,21.766553522499173,22.11865842652316,21.766553522499173,22.09465217590332,50387700
2013-01-24,22.166676798988675,22.462765120763518,21.98262020491558,22.110658645629883,101739300
2013-01-25,22.070658166484506,22.59081478100995,21.918611870246817,22.31072998046875,81847700
2013-01-28,22.414748825225423,22.59080128185762,22.214688591004922,22.33472442626953,56056500
2013-01-29,22.26271241000536,22.510786782156217,22.086659875953,22.414758682250977,49242600
2013-01-30,22.414753005505816,22.55879664522241,22.214692733974708,22.286714553833008,43580500
2013-01-31,22.238693872288227,22.382735942633886,21.926598904026918,21.966611862182617,50530000
2013-02-01,22.14266049891466,22.446751297018274,22.046630942159922,22.350723266601562,55565900
2013-02-04,22.30271436292497,22.422750191625735,21.9426053504843,21.95861053466797,50540000
2013-02-05,22.10265379908577,22.13466264062154,21.894590986919038,22.006624221801758,35410400
2013-02-06,21.910592746844543,22.038632680913153,21.806562112940433,21.878583908081055,41889600
2013-02-07,21.886594483365872,21.918603333805866,21.68653420751488,21.830577850341797,38028300
2013-02-08,21.886594994849013,22.174680760896546,21.85458461732217,22.046642303466797,33318500
2013-02-11,22.126662576140397,22.342728004956406,22.006626735577676,22.294713973999023,32247700
2013-02-12,22.31072998046875,22.40675962186607,22.20669926809941,22.31072998046875,35990900
2013-02-13,22.35073311109657,22.494776746504417,22.310720142184003,22.430757522583008,41715600
2013-02-14,22.342733054837122,22.45476632783883,22.302721607719047,22.438762664794922,32663200
2013-02-15,22.43876647039685,22.53479457030209,22.31072645995798,22.414758682250977,49650900
2013-02-19,22.495444816264904,22.6648876378244,22.430895536379435,22.632612228393555,38781400
2013-02-20,22.697147693012276,22.75362962513692,22.455088425522106,22.487363815307617,44110200
2013-02-21,22.38247027657038,22.38247027657038,21.970968291776686,22.180753707885742,49078500
2013-02-22,22.334061819379567,22.398611068725586,22.17268792652677,22.398611068725586,31425900
2013-02-25,22.568061205594873,22.632610480495256,22.083942413330078,22.083942413330078,48011800
2013-02-26,22.09200972608853,22.269521386296656,22.059735858126395,22.083942413330078,49923300
2013-02-27,22.124281648497817,22.592264202563307,22.05166353330008,22.4389591217041,36394700
2013-02-28,22.495440303924894,22.568058421601673,22.382479471528093,22.430891036987305,35840200
2013-03-01,22.366339467191818,22.576124947883265,22.204967085950845,22.55191993713379,34849700
2013-03-04,22.471229952099314,22.713289260864258,22.350200297716846,22.713289260864258,38157500
2013-03-05,22.82625465356661,23.027971284132697,22.721361143845822,22.874666213989258,41432200
2013-03-06,22.761709619980273,22.777847323867473,22.414758220262378,22.664886474609375,51448500
2013-03-07,22.681018073157016,22.818185441322818,22.600331114416708,22.705223083496094,29196700
2013-03-08,22.793975046702794,22.858524295010543,22.55998305972753,22.59225845336914,37667800
2013-03-11,22.54384420845697,22.568049211820814,22.325989944330644,22.487363815307617,36627500
2013-03-12,22.463161472512198,22.55191727204018,22.301787571365974,22.519641876220703,39255200
2013-03-13,22.48736344864144,22.608393080413084,22.390538819838966,22.527706146240234,29093400
2013-03-14,22.592262264645104,22.7213607830393,22.535781855219607,22.705223083496094,55914800
2013-03-15,22.616469571588954,22.72136154418212,22.576125321379443,22.62453842163086,92710300
2013-03-18,22.495439115694925,22.81818697231095,22.43895870247987,22.672950744628906,44809400
2013-03-19,22.68908577251266,22.769771188186198,22.616467667225947,22.737497329711914,51901600
2013-03-20,22.866597752563862,22.9876274251645,22.73749922992641,22.850460052490234,35447800
2013-03-21,22.681018829345703,22.882735463433868,22.63260572910198,22.681018829345703,34233200
2013-03-22,22.74556618022505,22.866595842717143,22.672948074934666,22.793977737426758,28720900
2013-03-25,22.83432006417363,22.874664310314778,22.55998534631637,22.721359252929688,44154000
2013-03-26,22.78590850777989,22.866595461086547,22.681016545764173,22.721359252929688,27824300
2013-03-27,22.705220034202103,22.955349726602403,22.65680848104985,22.89080047607422,36047400
2013-03-28,22.85045964544301,23.12479438590468,22.802048085060292,23.08445167541504,55453800
2013-04-01,23.10865668611852,23.12479438590468,22.882735045015327,23.08445167541504,29201100
2013-04-02,23.068323060959603,23.27810862387527,23.0118426284393,23.237764358520508,28456500
2013-04-03,23.197408667149958,23.358782560424682,23.027967464289453,23.044103622436523,35062800
2013-04-04,22.90693702858952,23.084448624827765,22.810113920619163,23.076379776000977,45263200
2013-04-05,22.769773053660742,23.221619421124707,22.681018781353284,23.15707015991211,50927300
2013-04-08,23.18126866727275,23.18126866727275,22.971483242445238,23.068307876586914,34759500
2013-04-09,23.181277692697147,24.060762434250172,23.14093497716666,23.891321182250977,77733800
2013-04-10,23.85904119834487,24.46419104898524,23.818698490559107,24.431917190551758,71116700
2013-04-11,23.479814146881207,23.560501100171475,23.18127288139991,23.35071563720703,130923200
2013-04-12,23.278104028999813,23.41527142617774,23.124798928865413,23.229692459106445,62886300
2013-04-15,23.116728578723414,23.38299450433894,23.003767743303484,23.149003982543945,56332900
2013-04-16,23.31844139031008,23.512089164371584,23.15706901474668,23.374921798706055,52797300
2013-04-17,23.278092956510864,23.431397983723993,23.076376382431874,23.26195526123047,52840700
2013-04-18,23.358791004806136,23.382996020264788,22.995700383165726,23.229692459106445,56906600
2013-04-19,23.89938089841185,24.39963715127784,23.891312050594607,24.020410537719727,99790700
2013-04-22,24.448054473439214,25.15809785930344,24.423849463246025,24.875694274902344,137904000
2013-04-23,24.770807672755343,24.932180085247005,24.512609042611782,24.690120697021484,59126900
2013-04-24,24.70625962122425,25.755185740685956,24.690121917484557,25.626087188720703,90946600
2013-04-25,25.585732275841895,26.497492150800987,25.448566468096793,25.771312713623047,110700200
2013-04-26,25.73903998567856,25.803589241469936,25.375950998967927,25.650285720825195,47799300
2013-04-29,25.658351535824128,26.368394847123543,25.634146528172813,26.311914443969727,59116400
2013-04-30,26.27157739866929,26.71535340960945,26.045652659428356,26.70728302001953,75165200
2013-05-01,26.57011413919515,26.691145345594187,26.303846716297855,26.400672912597656,54330900
2013-05-02,26.328057045783233,26.76376265442032,26.134407714648763,26.755695343017578,46059500
2013-05-03,26.812176085046037,27.046168131963185,26.691147944812563,27.021963119506836,46784600
2013-05-06,26.965475451294335,27.36084136858117,26.828309631347658,27.23174285888672,40978300
2013-05-07,27.151064756938972,27.26402559860055,26.82024954437917,26.87672996520996,43078300
2013-05-08,26.683074176433948,26.820243078204026,26.34419173315143,26.618526458740234,51595700
2013-05-09,26.505564121323232,26.6265953312824,26.295780179072406,26.35226058959961,46417800
2013-05-10,26.360329050536624,26.400674840917475,26.07792698558066,26.376466751098633,36394900
2013-05-13,26.311916354083355,26.683074195452956,26.26350325731505,26.650798797607422,36027600
2013-05-14,26.6995523981091,27.243942260742188,26.65079981806084,27.243942260742188,56870100
2013-05-15,27.178938444170214,27.54457499893262,27.162687586232526,27.50394630432129,46303900
2013-05-16,27.333325078170613,27.747714330045522,27.26019774545946,27.690837860107422,59382900
2013-05-17,27.731459192656345,28.332725524902344,27.707081352486874,28.332725524902344,60666700
2013-05-20,28.218967762286262,28.519600876843,28.178342168351698,28.503353118896484,54020800
2013-05-21,28.519613704517475,28.657744505465022,28.210856572113368,28.316482543945312,48702400
2013-05-22,28.267724135135367,28.30834973453177,27.918338401164085,28.121469497680664,66047500
2013-05-23,27.8127096140057,28.0727171719297,27.544578175942956,27.747709274291992,51102700
2013-05-24,27.560818083279102,27.8533272774822,27.544570327631106,27.845203399658203,33174400
2013-05-28,27.967090473331666,28.584610799729003,27.958966592513075,28.454607009887695,48212100
2013-05-29,28.22709791445808,28.45460374569817,28.08896716010911,28.340850830078125,38412200
2013-05-30,28.31647575918335,28.641486778038843,28.283977136925635,28.462730407714844,51131000
2013-05-31,28.29210751865115,28.665868106544433,28.267732771473263,28.35711097717285,56165700
2013-06-03,28.373360077245575,28.950254950394562,28.300235832271387,28.917753219604492,51252600
2013-06-04,28.942113427170835,29.039618570553653,28.251469042313378,28.430225372314453,65529500
2013-06-05,28.113341240165106,28.34897404530174,27.975213588589124,28.25959587097168,46025100
2013-06-06,28.308351207951212,28.527733175551862,28.023968897840028,28.405853271484375,37618500
2013-06-07,28.64148733738609,29.072124311175067,28.487108805158964,28.982746124267578,40757300
2013-06-10,28.8527310014852,28.96648698530013,28.55209793595125,28.820232391357422,35994500
2013-06-11,28.478977066961015,28.584606097435273,28.178343933571252,28.308347702026367,39435900
2013-06-12,28.552103584274718,28.657732611803556,28.316470791915865,28.438350677490234,37372700
2013-06-13,28.43022981218473,28.454604552069927,28.105218815887454,28.210847854614258,45654900
2013-06-14,28.072714878320298,28.186467788176333,27.82895820012389,27.950838088989258,53192600
2013-06-17,28.18646702708585,28.56835444232025,28.137717552483497,28.438350677490234,49670100
2013-06-18,28.413981908222596,28.576484323741212,28.3571054428841,28.42210578918457,28616500
2013-06-19,28.405855900472748,28.511484953804988,28.105222702026367,28.105222702026367,30816200
2013-06-20,27.83708399463654,27.893963553011886,27.113937789773853,27.211442947387695,54493700
2013-06-21,27.34957603185637,27.406452501983534,26.853935564003795,27.032691955566406,85338500
2013-06-24,26.764553798836836,27.788336323662005,26.46392062546711,27.398324966430664,56109000
2013-06-25,27.690832600118352,27.93458929634121,27.187065248451947,27.357694625854492,44073400
2013-06-26,27.723337009043906,28.015846345405908,27.536456732931562,27.91021728515625,48665900
2013-06-27,28.04834740362593,28.259602419559243,28.032096540933345,28.12959861755371,28993100
2013-06-28,27.934594282337454,28.267729216527417,27.902092557164014,28.064598083496094,65545500
2013-07-01,28.23523051051662,28.430237782874055,27.89397165831041,27.918346405029297,31055400
2013-07-02,27.958955668351205,27.98333040081808,27.32518782794334,27.577068328857422,37630000
2013-07-03,27.349563247385674,27.92645466017229,27.300810681693704,27.63394546508789,15994400
2013-07-05,27.698955236445258,27.820835128851268,27.28456918142677,27.796457290649414,26085900
2013-07-08,27.910212528231213,28.10521975241456,27.609579361335953,27.893964767456055,32396900
2013-07-09,28.0971006608038,28.113348424348175,27.739587872123487,27.91021728515625,25318500
2013-07-10,27.902082302232813,28.28396968382679,27.885831445618816,28.194591522216797,29658800
2013-07-11,28.43835223455868,29.063996355663097,28.357101039416563,28.998992919921875,53638300
2013-07-12,28.909621898108558,29.03149870790844,28.665862079439094,28.982746124267578,35501200
2013-07-15,28.97462334734477,29.429638180057413,28.909622999548663,29.389009475708008,34142600
2013-07-16,29.25899496380967,29.600256738233018,29.218369373875273,29.470252990722656,36378500
2013-07-17,29.52712502179623,29.567750605656503,28.836480797571532,29.03961181640625,37285100
2013-07-18,29.023374971158574,29.161502642857826,28.61711273740567,28.795866012573242,49547100
2013-07-19,26.325791551855463,26.545170410198715,25.20450702254697,25.51326560974121,248428500
2013-07-22,25.75702671227081,26.008907318115234,25.675773954076423,26.008907318115234,79040700
2013-07-23,25.927650015287455,26.033279041041858,25.76514453709626,25.854522705078125,65810400
2013-07-24,26.03327849992946,26.15515528138895,25.91139861893584,25.96827507019043,52803100
2013-07-25,25.69201440824543,25.716389140992714,25.391379789638705,25.5051326751709,63213000
2013-07-26,25.39951304238824,25.6920223236084,25.358885892348045,25.6920223236084,38633600
2013-07-29,25.57014187336904,25.675770911434682,25.513265414303206,25.62701988220215,28870700
2013-07-30,25.822029781611054,26.09828669239057,25.635147964346263,25.87890625,45799500
2013-07-31,25.976406535815176,26.041408430893558,25.76514998936857,25.870779037475586,43898400
2013-08-01,26.04952863961976,26.073903375333234,25.675766677753938,25.732643127441406,42557900
2013-08-02,25.74889780398272,25.91952717835604,25.65139419736422,25.911401748657227,29199900
2013-08-05,25.919530638732816,26.00078339680131,25.70827408766171,25.75702667236328,30984000
2013-08-06,25.63514100133346,25.732644599064546,25.497011808578563,25.659517288208008,36331500
2013-08-07,25.627022652933668,26.082034374655098,25.391389811593704,26.049535751342773,38078600
2013-08-08,26.19579316227741,26.870186934909295,26.041411512268684,26.72393226623535,59034400
2013-08-09,26.626426022854577,26.732055066940916,26.38266931303088,26.569549560546875,26800700
2013-08-12,26.374539173084347,26.78892831971872,26.374539173084347,26.707674026489258,25493700
2013-08-13,26.6013032666893,26.634034012300667,26.35582891735545,26.372194290161133,39464100
2013-08-14,26.298545277774792,27.29681092652696,25.93851652773095,26.47037696838379,48519600
2013-08-15,26.183996799446287,26.331282031153226,25.234827040321385,26.012165069580078,33338000
2013-08-16,26.012164562431174,26.175813602824416,25.90579120352216,26.02034568786621,32866300
2013-08-19,25.987611406551643,26.159443099362658,25.67667563762577,25.684858322143555,27902500
2013-08-20,25.72577880079517,26.102173027725694,25.668501554148172,25.873064041137695,22979600
2013-08-21,25.86488151550293,26.192179623899595,25.807604268499116,25.86488151550293,37409100
2013-08-22,26.339458403532177,26.584935826328685,26.265815800968245,26.503108978271484,31169900
2013-08-23,28.77785815194621,28.802407780581568,27.82050691234122,28.434194564819336,225493800
2013-08-26,28.14779787280584,28.368722599499588,27.84504316172424,27.943235397338867,72786800
2013-08-27,27.427739262538363,27.902322620181376,27.124987648798378,27.21499252319336,58522300
2013-08-28,27.321361566408296,27.493193283101018,27.00224462930027,27.01861000061035,44257400
2013-08-29,26.944969788982167,27.493195730482302,26.83859642668524,27.45228385925293,45284700
2013-08-30,27.305005885109598,27.395013898569413,27.075896848213,27.32955551147461,42790200
2013-09-03,25.979426495310815,26.241266134687432,25.60303240387876,26.085798263549805,154507000
2013-09-04,25.684860486657172,25.750320407628397,25.45575154360169,25.529394149780273,142320600
2013-09-05,25.447575634087436,25.725780762462186,25.324838444672228,25.55394744873047,71644900
2013-09-06,25.619401367647065,25.684861290667378,25.472116150679447,25.488481521606445,75434900
2013-09-09,25.54576183600891,26.012165599478006,25.529398023798656,25.905792236328125,49628500
2013-09-10,26.102166786916484,26.511293223764753,26.012160375428657,26.503108978271484,56881200
2013-09-11,26.650395196539048,26.94496561799315,26.61766445607188,26.789499282836914,39087500
2013-09-12,26.773142000162853,26.82223500431828,26.666768622199168,26.748592376708984,32860200
2013-09-13,26.814047038604652,27.05952136090303,26.601300336937463,27.026790618896484,40899000
2013-09-16,27.31318667079709,27.411375799676286,26.781322906730534,26.838600158691406,52839700
2013-09-17,27.345915683307155,27.38683068367205,26.920428396174085,26.944974899291992,84716500
2013-09-18,26.99407248602645,27.329554906069074,26.86315259336046,27.26409339904785,64099900
2013-09-19,27.39499913555712,27.558649697168544,27.264079310542954,27.52591896057129,42026600
2013-09-20,27.337731747422524,27.395008996397255,26.748590762109906,26.83041763305664,102904900
2013-09-23,26.625848701876276,26.97769635846032,26.593117961409106,26.789499282836914,39826100
2013-09-24,26.895875245575475,26.895875245575475,26.306737398348865,26.55221176147461,40685000
2013-09-25,26.584950380135314,26.838605944537452,26.51130773725606,26.6013126373291,28907500
2013-09-26,26.707683008527365,27.002253546638194,26.666771127428962,26.814056396484375,28504000
2013-09-27,26.90406185135271,27.61593850322839,26.895877603084816,27.22317886352539,55348000
2013-09-30,27.002254259210524,27.255912922916842,26.756779844765735,27.23136329650879,39839500
2013-10-01,27.288636906871993,27.501383659952356,27.247725030164574,27.476837158203125,36718700
2013-10-02,27.296809945834493,27.845035735617074,27.239532717689293,27.755027770996094,46946800
2013-10-03,27.722303709569136,27.820492810208336,27.345906434597612,27.7059383392334,38703800
2013-10-04,27.5668472113546,27.812324760415443,27.509569948940854,27.72231674194336,33008100
2013-10-07,27.493196985691554,27.583204979330933,27.165898879537988,27.247722625732422,35069300
2013-10-08,27.255903014206506,27.272268385403503,26.83859385212158,27.010425567626953,41017600
2013-10-09,27.059528350830078,27.288637361307856,26.96952034774919,27.059528350830078,35878600
2013-10-10,27.25590691773034,27.73049026491032,27.214991923190407,27.624116897583008,42875100
2013-10-11,27.558657261716906,27.935051471776855,27.558657261716906,27.926870346069336,30033300
2013-10-14,27.73867619881263,28.229624949381904,27.64048395159795,28.18871307373047,27757900
2013-10-15,28.368721466359947,28.630564296164422,28.205073989623514,28.221439361572266,47097800
2013-10-16,28.311450309859094,28.556927820472286,28.278722680303385,28.344181060791016,35111600
2013-10-17,28.188716356996512,28.6305721567994,28.123254851228797,28.573291778564453,31359200
2013-10-18,28.49146357056967,28.630567687925453,28.09052283514164,28.60601806640625,41811700
2013-10-21,28.622379489459906,28.80239545599833,28.56510224944777,28.630563735961914,27433500
2013-10-22,28.655114775763582,28.720573151280167,28.245989784313004,28.295085906982422,40438500
2013-10-23,28.106884492221308,28.221442107006943,27.550474277337305,27.624116897583008,58600500
2013-10-24,27.6732143600369,27.90232335796563,27.468651862921682,27.59139060974121,53209700
2013-10-25,29.358813205931288,29.694295607723333,29.023330804139242,29.236074447631836,113494000
2013-10-28,29.137879060134917,29.236068172874983,28.859673972891713,29.105148315429688,38383600
2013-10-29,29.154251325181797,29.227893957491457,28.851496547144098,29.06424331665039,31702200
2013-10-30,29.07242030558864,29.285167044810247,28.990596557503967,29.080604553222656,36997700
2013-10-31,29.17878653208585,29.203333026226968,28.916946856663472,28.974224090576172,41682300
2013-11-01,29.186972700513643,29.20333807322774,28.957863725267607,29.072418212890625,40264600
2013-11-04,29.12150420039321,29.44062105386622,29.08877346635121,29.40789031982422,28060700
2013-11-05,29.285174781161377,30.037963450809695,29.268809402945973,29.98068618774414,51681900
2013-11-06,30.471629853467352,31.273514438903877,30.32434461110392,31.24078369140625,88948800
2013-11-07,31.060771953913306,31.10168383319843,30.627100415013654,30.684377670288086,60437400
2013-11-08,30.823457554326275,30.91346549987793,30.553436839045478,30.91346549987793,36737800
2013-11-11,30.839825035609373,30.91346762144438,30.561620058163168,30.75800132751465,26872500
2013-11-12,30.58617241997876,30.76618521826043,30.43888723505533,30.569807052612305,31651600
2013-11-13,30.258881580247348,31.224416732788086,30.193423209950474,31.224416732788086,44957600
2013-11-14,30.987122641134896,31.19986936174669,30.864387029744066,31.109861373901367,46183700
2013-11-15,31.052597289903364,31.109874557099506,30.86440010891934,30.962589263916016,50601300
2013-11-18,30.561639448607924,30.749839715107115,30.33253042348037,30.43890380859375,53277500
2013-11-19,30.381180464328047,30.694474399337405,30.232778239589283,30.29049301147461,44275000
2013-11-20,30.438900120984773,30.842884760466998,30.389434796388027,30.570816040039062,32229900
2013-11-21,30.727458494275467,30.94181555183833,30.719212177610565,30.834638595581055,23064700
2013-11-22,30.941819222039808,31.06548882629611,30.776930609762978,30.97479820251465,27982000
2013-11-25,31.27159212307567,31.288081607716542,30.97478768963526,31.032499313354492,30646800
2013-11-26,30.974779038786963,31.04073695892926,30.793397903442383,30.793397903442383,34465300
2013-11-27,30.97479431780912,31.131439737845888,30.90883951017985,30.999526977539062,26002100
2013-11-29,31.180902984245808,31.568398028758644,31.180902984245808,31.436485290527344,22090400
2013-12-02,31.403510984096894,31.97238416251811,31.37877832483239,31.700315475463867,42950400
2013-12-03,31.444729400602426,31.733290686328925,31.395264087942007,31.584888458251953,52109800
2013-12-04,31.502445470347446,32.137276614394764,31.428244345847155,32.10429763793945,51983600
2013-12-05,32.030089540810685,32.05482534029158,30.65325059653275,31.329303741455078,116305000
2013-12-06,31.67558303007321,31.782763139998636,31.32107001117875,31.626117706298828,36457300
2013-12-09,31.791000709062676,32.04657986502941,31.634352173420933,31.9146671295166,30286000
2013-12-10,31.832229764808083,32.07132263269569,31.345800857230852,31.420001983642578,37828600
2013-12-11,31.378787707566946,31.57665533094487,30.82640070678447,31.007781982421875,39853400
2013-12-12,31.03250909400448,31.03250909400448,30.653260262877843,30.68623924255371,36012800
2013-12-13,30.85111964439738,30.875855445098825,30.191555951567906,30.249267578125,40066100
2013-12-16,30.282245135025295,30.50484846065743,30.125599748120145,30.41415786743164,31734200
2013-12-17,30.455391192991854,30.595550291743844,29.952475878190224,30.109121322631836,45687700
2013-12-18,29.977222331701427,30.175090021486458,29.292922303990146,30.15860366821289,63192100
2013-12-19,30.100867887818985,30.133846861498373,29.74635492843367,29.886510848999023,34160100
2013-12-20,29.845286207307826,30.44713827388435,29.83703989205392,30.33995819091797,62649100
2013-12-23,30.348216978358064,30.414171802255865,30.133856724329814,30.19156837463379,25128700
2013-12-24,30.274011512264142,30.645014026934177,30.208053552736995,30.570816040039062,14243000
2013-12-26,30.669754755256132,30.908847679331668,30.645018943940276,30.86762237548828,17612800
2013-12-27,30.983035078753424,31.01601090413092,30.645005349466537,30.743942260742188,14563000
2013-12-30,30.68623063502192,30.818143371675063,30.422405161715634,30.743942260742188,16290500
2013-12-31,30.834642798329202,30.98304506804154,30.68624052861686,30.842885971069336,17503500
2014-01-02,30.79340417901283,30.834629460026676,30.5872903541331,30.63675880432129,30632200
2014-01-03,30.669733936091493,30.68622341742567,30.17505893120714,30.430641174316406,31134800
2014-01-06,30.381180523122428,30.414159494249926,29.771085282502657,29.787574768066406,43603700
2014-01-07,29.952477795061768,30.084390584362207,29.853540844299705,30.0184326171875,35802800
2014-01-08,29.680393639226697,29.795816889060507,29.334123889725273,29.48252296447754,59971700
2014-01-09,29.581461369667693,29.606194025868653,29.185723145213178,29.29290008544922,36516300
2014-01-10,29.5979480321972,29.804061867671976,29.474278472893317,29.71337127685547,40548800
2014-01-13,29.67215651440921,29.696889174398795,28.715788205882664,28.839454650878906,45901900
2014-01-14,28.633341893492716,29.58146706776701,28.550897593576885,29.499019622802734,41623300
2014-01-15,29.59795855810612,30.331723570137253,29.5567332603122,30.306987762451172,44812600
2014-01-16,30.249266165661805,30.50484846065743,29.935975391851503,30.41415786743164,38018700
2014-01-17,30.36469800736834,30.36469800736834,29.804068007774617,29.99369239807129,46267500
2014-01-21,30.35644625593889,30.35644625593889,29.729861563015344,29.82054901123047,31567300
2014-01-22,29.894751216129265,29.944219672008806,29.474280348820248,29.622682571411133,21904300
2014-01-23,29.754604412861394,29.787583393538487,29.284664945883303,29.72987174987793,43954000
2014-01-24,30.875856539370307,30.958300824502984,30.117355906948564,30.34820556640625,76395500
2014-01-27,30.397676248713893,30.4141657376626,29.663911288262803,29.70513343811035,44420800
2014-01-28,29.77932650212891,30.00192982508668,29.474278901800524,29.902996063232422,36205500
2014-01-29,29.663906933982904,30.405918102514875,29.597952132917825,30.224536895751953,52745900
2014-01-30,30.3317117499982,30.405912854043283,29.870015642045743,30.389423370361328,35036300
2014-01-31,30.46363045457895,31.23861746948033,30.14209332227995,31.19739532470703,93162300
2014-02-03,31.114943412028857,31.321057230445707,30.03490587130753,30.076128005981445,64063100
2014-02-04,30.480114845486817,30.661492881174105,29.886505995843816,29.968950271606445,54697900
2014-02-05,29.919494729677247,30.067896990525433,29.515510098468614,29.531999588012695,55814400
2014-02-06,29.515510005855862,29.886515656812207,29.424819386172253,29.82880401611328,35351800
2014-02-07,29.94421727377839,30.166820589836433,29.68863498977527,30.142087936401367,33260500
2014-02-10,30.19980228207928,30.33995819091797,29.919487319354122,30.33995819091797,26767000
2014-02-11,30.40591650036779,30.719207292752966,30.389427014708392,30.64500617980957,32141400
2014-02-12,30.793404711681724,30.99951854012684,30.752182575002184,30.89234161376953,27051800
2014-02-13,30.77693537346457,31.21389592471923,30.77693537346457,31.007781982421875,37635500
2014-02-14,30.826389717214287,31.147926849362698,30.776924401528714,31.016014099121094,31407500
2014-02-18,31.256892887953086,31.381486623237755,31.074151607178496,31.082456588745117,32834000
2014-02-19,30.916345869729465,31.356582974347354,30.908037715699493,31.157228469848633,29750400
2014-02-20,31.207073251734137,31.45626404871204,31.06586629527872,31.35658836364746,27526100
2014-02-21,31.514394503466775,31.854955847836735,31.447945132400964,31.54762077331543,38021300
2014-02-24,31.306739807128906,31.547625547034713,31.182146029290433,31.306739807128906,32085100
2014-02-25,31.240284736470116,31.439636012158243,31.024317157738018,31.182140350341797,30736500
2014-02-26,31.215369304782325,31.348271222885764,30.89141790881301,31.123998641967773,41041800
2014-02-27,31.107398395609692,31.472878029674277,30.924656994260907,31.447959899902344,33903400
2014-02-28,31.547625276992868,31.94633106620068,31.414723347256928,31.82173728942871,41215000
2014-03-03,31.497787133916354,31.672223498234974,31.140615757876702,31.381498336791992,29717500
2014-03-04,31.730376707659218,31.962954366489896,31.62239286521657,31.904809951782227,26802400
2014-03-05,31.771901752178213,31.7885148915002,31.5060978602911,31.65561294555664,20520100
2014-03-06,31.680525084286973,31.763590765201904,31.47286563494725,31.688833236694336,23582200
2014-03-07,31.79681455741,31.863267103580792,31.30673811961171,31.48117446899414,26591600
2014-03-10,31.55593252126052,31.572542489446253,31.331659927170872,31.414722442626953,19006600
2014-03-11,31.45625365954197,31.75528378460686,31.3316598865195,31.58085060119629,25216400
2014-03-12,31.398106700310677,31.92140937642814,31.389801716906984,31.78850746154785,30494100
2014-03-13,31.913106950966736,31.938028242912953,31.26521039574397,31.472869873046875,32169700
2014-03-14,31.27352076779036,31.680531597743084,31.15722879060005,31.315052032470703,27195600
2014-03-17,31.481178232415502,31.904802174685177,31.389807554823644,31.605772018432617,20479600
2014-03-18,31.780199248272364,33.142447833959785,31.746976146090006,32.851722717285156,64063900
2014-03-19,32.785268787347384,32.851718151107654,32.32011056650093,32.619140625,35597200
2014-03-20,32.60252833166923,33.765422329423295,32.594223349221956,33.49961853027344,59269800
2014-03-21,33.8235758697499,34.00631405074495,33.233820560125636,33.35841751098633,80721800
2014-03-24,33.507940470908245,33.757131262646446,33.10923457040055,33.64084243774414,46098400
2014-03-25,33.77373076726223,34.047842745535,33.19228370889733,33.50792694091797,43193100
2014-03-26,33.62421773722696,33.81526405084036,32.89325558658696,33.05107879638672,41977500
2014-03-27,33.00955198487533,33.20059832421309,32.677295552946596,32.69390869140625,35369200
2014-03-28,33.05108459928404,33.75712558523625,32.959713918332795,33.474708557128906,43472700
2014-03-31,33.58267811130027,34.471460081600455,33.55775999749234,34.04783630371094,46886300
2014-04-01,34.18074084445024,34.54622027273157,34.11428831096389,34.40501022338867,32605000
2014-04-02,34.42164324019209,34.6043846442077,34.19737056307285,34.346885681152344,28666700
2014-04-03,34.2970223301156,34.2970223301156,33.815251070485765,34.0644416809082,30139600
2014-04-04,34.26380407132594,34.38009283876883,32.92647690847016,33.117523193359375,51409600
2014-04-07,33.19229680202279,33.449795746643844,33.0095585797224,33.05939483642578,37559600
2014-04-08,33.017863431346086,33.167378538110725,32.56101312451314,33.07600784301758,35918600
2014-04-09,33.16736444669008,33.682358946394984,33.125833194374295,33.615909576416016,27398700
2014-04-10,33.59099598780236,33.79865546559977,32.46963607514918,32.69390869140625,45960800
2014-04-11,32.39487604714464,33.051080707032824,32.39487604714464,32.56930923461914,34330200
2014-04-14,32.48624723532813,32.735437959783894,32.311814045072296,32.54439163208008,32006600
2014-04-15,32.67729518489375,33.19228979681382,32.43640943289019,33.01785659790039,33968700
2014-04-16,33.27536413274478,33.57439119343791,33.150767147647926,33.55778121948242,30615800
2014-04-17,33.23381042480469,33.391633603581155,32.818491606771666,33.23381042480469,36688400
2014-04-21,33.333497657188296,33.350110794349106,33.05108066271837,33.17567443847656,22221200
2014-04-22,33.192283760414774,33.34179880904443,33.08430313422902,33.21720504760742,27056700
2014-04-23,33.21720379950439,33.21720379950439,32.78527180509609,32.96800994873047,24602800
2014-04-24,33.009546765743316,33.20059307487479,32.644064114681655,33.109222412109375,42381600
2014-04-25,33.466384705594734,33.79033281461282,33.01783970758639,33.15074157714844,56876800
2014-04-28,33.34180068167004,34.29703541616181,33.300269425525116,33.94816589355469,50610200
2014-04-29,34.13920427354863,34.21396178469022,33.54945233489329,33.64912796020508,29636200
2014-04-30,33.55778121948242,33.640843763791686,33.36673166403179,33.55778121948242,35458700
2014-05-01,33.424867933199494,33.524543586357325,33.18398220015552,33.22551345825195,28787400
2014-05-02,33.48300761627389,33.50792573389871,32.943091831105654,32.96800994873047,43416600
2014-05-05,32.82680984409046,32.926485503828495,32.64406849404398,32.752052307128906,22460900
2014-05-06,32.63575606903863,32.68559230322995,32.35333912363945,32.44470977783203,27112400
2014-05-07,32.577607468406754,32.81848996263858,31.987852368185628,32.74373245239258,41744500
2014-05-08,32.67728865258993,33.142446925337765,32.36995357756571,32.92647933959961,32120400
2014-05-09,32.843421936035156,33.10091764620943,32.70221185132462,32.843421936035156,29647600
2014-05-12,33.00954194508696,33.242119475519765,32.934784429071954,33.20058822631836,22782600
2014-05-13,33.39298469502314,33.878154864258306,33.33443011473411,33.81123352050781,27004800
2014-05-14,33.710859057451835,33.83633499772571,33.501734617652524,33.66067123413086,18818700
2014-05-15,33.535190422278546,33.79450583871441,33.05002026075053,33.12530517578125,37793200
2014-05-16,33.183860558455414,33.32606681961608,32.849263409874155,33.31770324707031,29867100
2014-05-19,33.13367665226062,33.30934041532477,33.00820071236582,33.25078582763672,24537400
2014-05-20,33.19222640991211,33.4097143909644,33.00819590910884,33.19222640991211,21320900
2014-05-21,33.29260486158505,33.75267791748047,33.24241704627822,33.75267791748047,22398700
2014-05-22,33.70249281728184,33.75268063663186,33.334431790125954,33.543556213378906,20201800
2014-05-23,33.76942725847677,33.76942725847677,33.459923856282515,33.560302734375,18020000
2014-05-27,33.67739766523331,33.67739766523331,33.3009762343862,33.61884307861328,26160600
2014-05-28,33.57700728120747,33.618831515695874,33.309328351300266,33.46826171875,25711500
2014-05-29,33.58538648942111,33.75268348937488,33.38462562209657,33.744319915771484,19888200
2014-05-30,33.836341258807714,34.27132055699721,33.66904103781386,34.24622344970703,34567600
2014-06-02,34.25459379452397,34.37170300415868,34.02873895123419,34.12075424194336,18504300
2014-06-03,33.96179630662765,34.02871763649342,33.669023465926486,33.702484130859375,18068900
2014-06-04,33.63557339151933,33.76941290240706,33.34280045863544,33.72758865356445,23209000
2014-06-05,33.95343735878933,34.505525641412525,33.79450396519563,34.47206497192383,31865200
2014-06-06,34.69791793823242,34.848487752281876,34.49716031348976,34.69791793823242,24060500
2014-06-09,34.62264523569434,34.69793016925702,34.31314192704158,34.52226638793945,15019200
2014-06-10,34.321487337145484,34.430232892735994,34.17928431066773,34.38840866088867,15117700
2014-06-11,34.237837702871,34.354946824433306,34.1039982509449,34.179283142089844,18040000
2014-06-12,34.137477736968094,34.19603233003949,33.70249848059055,33.94508361816406,29818900
2014-06-13,34.3800582561993,34.773213242772655,34.17930057142821,34.48880386352539,26310000
2014-06-16,34.32987617322802,34.80667974305177,34.32987617322802,34.714664459228516,24205300
2014-06-17,34.53900068914009,35.05762851817414,33.74432700838678,34.865234375,22518600
2014-06-18,34.8066729900962,34.91541859451526,34.446978690928816,34.84013366699219,27097000
2014-06-19,34.77321347796267,34.9405136770607,34.572455791833754,34.7230224609375,19828200
2014-06-20,34.67284023182586,34.990710342324455,34.61428563133748,34.865234375,47764900
2014-06-23,34.907043450304585,35.13289817865701,34.87358278144089,35.124534606933594,18743900
2014-06-24,34.99069605875638,35.08270811411611,34.764841324360454,34.92377471923828,26509100
2014-06-25,34.881950766315676,35.17472365166842,34.68118993708441,35.15799331665039,20049100
2014-06-26,35.07435687624722,35.08272045113553,34.656107930135036,34.8986930847168,23604400
2014-06-27,34.80666777072199,35.37548642871439,34.72301609102587,35.34202575683594,74640000
2014-06-30,35.275098220829406,35.30855888683411,34.8819465637207,34.8819465637207,30793100
2014-07-01,35.01581015980163,35.25839536898013,34.8736038268054,35.024173736572266,26917000
2014-07-02,34.90705290011565,35.049259185791016,34.73975270149176,35.049259185791016,20208100
2014-07-03,35.057602832456254,35.12452415026098,34.764830044520764,34.9655876159668,15969300
2014-07-07,34.92377378473643,35.233276994263086,34.890313115872736,35.124534606933594,21952400
2014-07-08,35.02415653044745,35.13290212096444,34.80666854039885,34.94887161254883,31218200
2014-07-09,35.11616889004641,35.124535653004024,34.73974433158178,34.85685348510742,18445900
2014-07-10,34.605901977868655,35.1328963160857,34.33822302312012,34.87358093261719,21854700
2014-07-11,34.88195352210911,35.208187103271484,34.69792301335684,35.208187103271484,24083000
2014-07-14,35.316940433510936,35.50933455710258,35.16637056444164,35.25001907348633,21881100
2014-07-15,35.40894810731052,35.52605727122934,35.157996252072614,35.50932693481445,28748700
2014-07-16,35.559513745194856,37.06521207000406,35.53441983677647,36.87281799316406,63318000
2014-07-17,38.018820404411734,38.23630839838069,37.015022544664426,37.24924087524414,82180300
2014-07-18,37.34961823604862,37.50855162754785,37.01501792754124,37.38307571411133,43407500
2014-07-21,37.27434182589086,37.77623921211509,36.98993245610093,37.50856018066406,37604400
2014-07-22,37.64239763116074,37.76787356632551,37.29943369149403,37.50019454956055,43095800
2014-07-23,38.01882735138272,38.01882735138272,37.32453261460615,37.53365707397461,52362900
2014-07-24,37.58383801414768,37.64239259178943,37.07357395956802,37.14049530029297,30725300
2014-07-25,37.05685141532724,37.35799112993167,37.05685141532724,37.224151611328125,26737700
2014-07-28,37.10702571653553,37.232498413777556,36.74733157400316,36.780792236328125,29684200
2014-07-29,36.73062804845023,36.88119794781243,36.50477319940692,36.713897705078125,27763100
2014-07-30,36.864452850381795,36.88954675990339,36.21198567493677,36.45457077026367,31921400
2014-07-31,36.287275317901766,36.5465875926734,36.036326617064184,36.10324478149414,31537500
2014-08-01,36.14506786489183,36.178528541518254,35.634803714788994,35.852294921875,31170300
2014-08-04,35.94431435843921,36.36256329185,35.8104748273872,36.27891159057617,34277400
2014-08-05,36.22871380625262,36.35418653720811,35.82719532342163,36.036319732666016,26266400
2014-08-06,35.75189971923828,36.111590659890666,35.30855393432313,35.75189971923828,24634000
2014-08-07,35.83555540435055,36.3458194237502,35.67662201756416,36.16178894042969,30314900
2014-08-08,36.16179740263233,36.237082327882206,35.894118377518495,36.13670349121094,28942700
2014-08-11,36.18689131405373,36.34582792901773,35.98613364071119,36.13670349121094,20351600
2014-08-12,36.00286605224087,36.46293920371661,35.96940537442805,36.40438461303711,21431100
2014-08-13,36.53821765632084,36.95646648188222,36.40437815978061,36.87281799316406,22889500
2014-08-14,36.87282392421303,37.15723010799604,36.81426614350885,37.03175735473633,19313200
2014-08-15,37.29107587099996,37.558754929058544,37.140506001968745,37.466739654541016,41611300
2014-08-18,37.59220687342404,37.734413146972656,37.37471886744955,37.734413146972656,26891100
2014-08-19,37.852264248662976,38.16370069432128,37.734423604949924,38.1552848815918,28139500
2014-08-20,38.16369758586247,38.214202090875894,37.79334084851346,37.835426330566406,24770500
2014-08-21,37.74280882196437,38.087914660618495,37.734393016057055,38.06266403198242,22285500
2014-08-22,38.17211850100985,38.27312752454025,37.9364372012727,38.00377655029297,18294500
2014-08-25,38.21418684097747,38.24785328663489,37.91116635365438,38.02058792114258,16910000
2014-08-26,38.13845227182443,38.21420743447939,37.82701259706686,37.88593292236328,14873100
2014-08-27,37.793320250451124,37.87749116868231,37.67547646964687,37.76806640625,21287900
2014-08-28,37.667079698866715,37.86067547737216,37.54923906942135,37.77650451660156,17657600
2014-08-29,37.95325523318671,38.247856727411396,37.759659506851136,38.23944091796875,21607600
2014-09-02,38.23944806739019,38.264698711354576,37.75124754463826,37.95326232910156,22976800
2014-09-03,37.481896854857716,37.97009738041731,37.481896854857716,37.84383773803711,33684500
2014-09-04,37.65866260403891,38.10477446057243,37.64182777027512,38.09635543823242,26475500
2014-09-05,37.970093564607794,38.660305595513435,37.970093564607794,38.643470764160156,36939400
2014-09-08,38.736061956344535,39.39260434530968,38.710811313973835,39.114837646484375,45736700
2014-09-09,39.11482410050559,39.53568511915216,39.07273542990912,39.35892105102539,40302400
2014-09-10,39.40943470127626,39.510440470203214,38.9549039247317,39.42626953125,27302400
2014-09-11,39.34210103678738,39.56094741821289,39.114835634394154,39.56094741821289,29216400
2014-09-12,39.485190619901594,39.57778058115005,39.224255566466454,39.30842971801758,38244700
2014-09-15,39.17374629748708,39.3168375095691,38.8033865280232,38.92123031616211,37667600
2014-09-16,39.04748479628305,39.43467616281836,38.96331387691964,39.35892105102539,27910600
2014-09-17,38.938064206057774,39.30000497776258,38.912813569725145,39.15691375732422,38311900
2014-09-18,39.21583651960227,39.41785125573361,39.10641173707632,39.29159164428711,35556600
2014-09-19,39.401034967778294,40.04074271321042,39.22427078639013,39.9986572265625,202522400
2014-09-22,39.813465571118705,39.880804898765604,39.544114682362874,39.611454010009766,38686100
2014-09-23,39.4347022757305,39.54412711209379,39.11485000161761,39.19060516357422,33430300
2014-09-24,39.24951258379456,39.65353891108759,39.005412340977166,39.62828826904297,26582700
2014-09-25,39.459946097998255,39.63670702728834,38.74448014800364,38.752899169921875,33077400
2014-09-26,38.66030096861306,39.24108813167112,38.517206524693734,39.064327239990234,27078800
2014-09-29,38.7023928444401,39.19059334334078,38.51721290197212,39.08958435058594,26091000
2014-09-30,39.03066312485998,39.123253093914485,38.72764257556007,39.022247314453125,33033100
2014-10-01,38.946491899478715,39.1653382885708,38.59296685751049,38.63505554199219,38088400
2014-10-02,38.576123968850546,38.80338610190692,38.41619472073288,38.5172004699707,25119400
2014-10-03,38.70238913310384,38.97173999945574,38.390952795931135,38.794979095458984,32453200
2014-10-06,38.82022973576835,38.97173999945574,38.65188464156951,38.794979095458984,20604000
2014-10-07,38.60139746044716,38.66031778330057,38.23103747574938,38.32362747192383,25723700
2014-10-08,38.28152473689421,39.468352893908516,38.163684144283835,39.375762939453125,33031000
2014-10-09,39.140092660954856,39.39260874561648,38.500385032417654,38.59297180175781,34422800
2014-10-10,38.38253902857219,38.82023504902966,36.993699035903646,37.06103515625,51978100
2014-10-13,36.884275502120346,37.507151494148815,36.60650877835841,36.74118423461914,37100200
2014-10-14,36.926354242720315,37.35563438873151,36.66542239996407,36.80851364135742,38115700
2014-10-15,36.194054403477395,36.52232554594852,35.43650314322451,36.379234313964844,60218700
2014-10-16,35.79845556783156,36.26140549436926,35.53752365751002,35.9752197265625,49040400
2014-10-17,36.362409079177745,36.985281870031706,36.017303016429956,36.72434997558594,40683300
2014-10-20,36.24456552928958,37.153623997170854,36.034134941892,37.10312271118164,34527900
2014-10-21,37.33880845657851,37.86067547737216,37.195713970168896,37.77650451660156,36433800
2014-10-22,37.87750739194277,37.936427702123616,37.22938076903738,37.35564041137695,33570900
2014-10-23,37.557646510563394,38.25627753073575,37.48189137838706,37.89433670043945,45451900
2014-10-24,39.41784994783623,39.47677024164552,38.02900711166821,38.828643798828125,61076700
2014-10-27,38.475125661543125,38.803396845642666,38.475125661543125,38.643470764160156,30371300
2014-10-28,38.601374658075514,39.140076269326315,38.525619543311194,39.13166046142578,29049800
2014-10-29,39.08959001112284,39.308439649533895,39.005419049220976,39.2411003112793,30276100
2014-10-30,38.988587490815874,38.988587490815874,38.52564073962206,38.761322021484375,30073900
2014-10-31,39.51044847052642,39.53570232605834,39.12325693547587,39.51886749267578,35849700
2014-11-03,39.46836584773085,39.94814739563558,39.33369038184385,39.931312561035156,23130400
2014-11-04,39.81347170266472,40.17541261721847,39.771386221861896,40.04073715209961,21530800
2014-11-05,40.23433131394822,40.318505483084,39.779800433363654,40.28483581542969,22449600
2014-11-06,40.284824119249414,41.1265463007267,40.22590382341923,40.99187088012695,33037800
2014-11-07,41.17705581635373,41.17705581635373,40.64677304776996,40.97504425048828,28000600
2014-11-10,40.94979051239139,41.37065165553656,40.865616357212936,41.15180206298828,36370100
2014-11-11,41.11813297268529,41.20230712903423,40.94979108181891,41.13496780395508,23445200
2014-11-12,40.87403501305007,41.17705233623847,40.840365351279466,41.05921173095703,22722100
2014-11-13,41.08447333901318,41.791520315099696,41.00029916869557,41.757850646972656,26210400
2014-11-14,41.86726515009806,42.12819698651869,41.57266044292847,41.73258972167969,29081700
2014-11-17,41.58950631636569,41.842022410337876,41.362240868515826,41.631591796875,30318600
2014-11-18,41.6146434060099,41.78405029079942,41.25041973462108,41.2843017578125,23995500
2014-11-19,41.216537931020135,41.29277086802318,40.59820554473651,40.84384536743164,26177500
2014-11-20,40.65749337734883,41.25041580200195,40.547378428058344,41.25041580200195,21510600
2014-11-21,41.521473450833156,41.54688335508654,40.29327745695607,40.640560150146484,42884800
2014-11-24,40.649021075780794,40.65748996447658,40.14080051252464,40.31020736694336,35434200
2014-11-25,40.369503323669,40.63208413586959,40.19162756274311,40.20856857299805,28008000
2014-11-26,40.225513056101015,40.64902865553655,40.047634048650714,40.44573974609375,27163600
2014-11-28,40.61515828673859,40.82691614722089,40.327167467235924,40.49657440185547,21534400
2014-12-01,40.555854066653595,41.31818019490658,40.41185708491081,41.182655334472656,31191600
2014-12-02,41.36900334080308,41.546879114758305,40.826903897605696,41.0471305847168,25773500
2014-12-03,41.03019020636066,41.081013241632505,40.49656287626054,40.72526168823242,23534800
2014-12-04,40.98783483602465,41.55534735910241,40.82690008858001,41.36899948120117,30320400
2014-12-05,41.35206605642063,41.47912203850754,40.97937346342307,41.01325225830078,27313400
2014-12-08,40.87771666320616,40.95394958622911,40.19162358716661,40.40338134765625,26663100
2014-12-09,39.90363285503864,40.5897259302423,39.85280982936292,40.31020736694336,24330500
2014-12-10,40.301750582279695,40.36951140569794,39.55636213767119,39.72576904296875,30431800
2014-12-11,39.87823043798103,40.437270900608446,39.53941666559028,39.95446014404297,29060400
2014-12-12,39.62412661302586,40.428807063976265,39.53095264496647,39.768123626708984,34248400
2014-12-15,39.97986584445544,40.37796823715943,39.42929437447076,39.53093719482422,29247800
2014-12-16,38.87873476904585,39.25142734721316,38.22652033387728,38.251930236816406,47801400
2014-12-17,38.15874870856653,38.9210779570671,38.03169598792782,38.743202209472656,34970900
2014-12-18,39.45472246756699,40.25093078613281,39.25143351858836,40.25093078613281,40105600
2014-12-19,40.34408930933567,40.742191700640255,39.9544525755442,40.36949920654297,64551200
2014-12-22,40.47115324906552,40.75914401155279,40.41186131836238,40.640560150146484,26566000
2014-12-23,40.970894101972306,41.33511773968588,40.767608443954245,41.038658142089844,23648100
2014-12-24,41.1996120986782,41.1996120986782,40.725276521380074,40.77609634399414,11437800
2014-12-26,41.004764872101795,41.004764872101795,40.5050165224297,40.55583953857422,13197800
2014-12-29,40.4033967879468,40.47115761699166,40.030700919111204,40.1916389465332,14439500
2014-12-30,40.18316324252281,40.335629133247146,39.674945760887,39.82741165161133,16384700
2014-12-31,39.581772221978376,40.18316366890123,39.3446044921875,39.3446044921875,21552500
2015-01-02,39.52247590632005,40.16621820057352,39.42083306642058,39.607177734375,27913900
2015-01-05,39.27683686204249,39.581768618969726,39.17519402012263,39.242958068847656,39673900
2015-01-06,39.28529771156197,39.598698269071775,38.573791559940524,38.66696548461914,36447900
2015-01-07,38.94650629433375,39.353081008972715,38.531462686776074,39.15826416015625,29114100
2015-01-08,39.59870116331834,40.44573220424493,39.57329126606398,40.31020736694336,29645200
2015-01-09,40.32714445330329,40.50502017911769,39.725753248216506,39.97138977050781,23944200
2015-01-12,40.16621831640922,40.26786438776945,39.26836730423394,39.47165298461914,23651900
2015-01-13,39.78505732708854,40.581265508461065,39.01425904827192,39.268367767333984,35270600
2015-01-14,38.92955780029297,39.1667287616564,38.64156702884079,38.92955780029297,29719600
2015-01-15,39.14977263442424,39.28529746095585,38.463676382576665,38.52296829223633,32750800
2015-01-16,38.378985863100475,39.20060395191138,38.260398777743646,39.166725158691406,35695300
2015-01-20,39.217552141973755,39.514015062874996,38.59921962398195,39.293785095214844,36161900
2015-01-21,38.91260904016494,39.08201591279538,38.522975494932055,38.895668029785156,39081100
2015-01-22,39.285297148379065,39.929039261490544,39.031188504549974,39.920570373535156,35898000
2015-01-23,40.11540229160537,40.14081219625576,39.64106360740125,39.96293640136719,26211600
2015-01-26,39.81046650397874,39.92058146499327,39.166724212011125,39.81893539428711,42525500
2015-01-27,36.379989639410056,36.59174743331679,35.66848332263674,36.13434982299805,169164000
2015-01-28,36.202118450035904,36.24446936794402,34.8638074721977,34.889217376708984,84507100
2015-01-29,34.66899753880764,35.676963802011926,34.55041365268579,35.58378982543945,63585300
2015-01-30,35.19413444106754,35.21954756612167,34.17769668039954,34.22005081176758,78004900
2015-02-02,34.38099611457342,35.04167940847748,34.07606436933538,34.96544647216797,50352500
2015-02-03,35.26190146950367,35.51601012352092,34.770621938059065,35.236488342285156,52082400
2015-02-04,35.52449065373426,35.75318948664794,35.0332141924577,35.439788818359375,41614800
2015-02-05,35.76165372614775,36.117405233707466,35.45672201614388,35.95647048950195,36548200
2015-02-06,36.15129864706495,36.24447261350694,35.70237306093702,35.92259979248047,34616600
2015-02-09,35.77860236079938,36.20211799691545,35.75318922543826,35.880245208740234,31381100
2015-02-10,36.20210603504367,36.227515930840994,35.7277675161038,36.083518981933594,29670700
2015-02-11,36.12588511090521,36.12588511090521,35.753189282579974,35.897186279296875,38262500
2015-02-12,36.13434586441378,36.49856948852539,36.00728990952195,36.49856948852539,33268800
2015-02-13,36.74422383991896,37.15926742553711,36.54940700140066,37.15926742553711,40264900
2015-02-17,37.509007819553176,37.534598549959924,36.84361954151914,37.17631530761719,33695700
2015-02-18,37.218971043653674,37.2786849228869,37.01423541902377,37.133663177490234,27111700
2015-02-19,36.83509551200831,37.13366492220265,36.72419690786648,37.10807418823242,27603400
2015-02-20,37.11660750847572,37.43224178224554,36.92893668138766,37.41518020629883,29721100
2015-02-23,37.27869360166977,37.69669085361555,37.236041285739425,37.66257095336914,32518800
2015-02-24,37.662562436103485,37.79051935495749,37.46635596970172,37.61137771606445,25271700
2015-02-25,37.49195030879749,37.61137806918077,37.36399013457975,37.52607345581055,29759800
2015-02-26,37.5260786530421,37.730811055150326,37.440770773694624,37.585792541503906,28957300
2015-02-27,37.645494013653035,37.70520788241989,37.24455524836547,37.40663528442383,33807700
2015-03-02,37.25309462287876,37.69668580834361,37.15072842751385,37.4322395324707,31924000
2015-03-03,37.15926516406956,37.389591571052,36.758326242193114,36.920406341552734,31748600
2015-03-04,36.69008292205403,36.860695450840126,36.57918754438189,36.73273849487305,25748700
2015-03-05,36.741256035111995,36.88627777766472,36.52799125512915,36.7753791809082,23193500
2015-03-06,36.68154311526401,36.77538014157369,35.95644414604583,36.13558578491211,36248800
2015-03-09,35.99056236035054,36.79243999930585,35.99056236035054,36.55358123779297,32108000
2015-03-10,36.127058907202006,36.43416076612526,35.85408020019531,35.85408020019531,39159700
2015-03-11,36.09294303825606,36.14412451768106,35.69200409388965,35.811431884765625,32215300
2015-03-12,35.25693838523687,35.52991706957931,34.85599951891277,34.992488861083984,59992500
2015-03-13,34.71952554864585,35.37638181559065,34.64275005629739,35.29960632324219,58007700
2015-03-16,35.37636480336135,35.521383300190095,35.214281478479236,35.45314025878906,35273500
2015-03-17,35.291059690833904,35.68346941265409,35.10338887169841,35.57257080078125,31673400
2015-03-18,35.34225439097705,36.53653896039297,35.25694974494605,36.255027770996094,44194800
2015-03-19,36.050280339797176,36.33179143763615,36.01616044498003,36.07587432861328,33879100
2015-03-20,36.30620297058025,36.66448629475725,36.24648908321741,36.57918167114258,71904500
2015-03-23,36.57918773805324,36.79245258662419,36.493879846126866,36.56212615966797,26246100
2015-03-24,36.493879158326685,36.82657179516096,36.46828841831275,36.596248626708984,25513300
2015-03-25,36.61328593608183,36.621818347298074,35.35075917147502,35.367820739746094,43469900
2015-03-26,35.16310013256204,35.49579268917842,34.90717977747637,35.15456771850586,37495600
2015-03-27,35.07778600210501,35.342235469885246,34.830401359391395,34.9498291015625,34401400
2015-03-30,35.06073101778088,35.43607913987449,34.89865094498025,34.94130325317383,35049700
2015-03-31,34.78774137184432,35.00100609973284,34.583009055401774,34.68537521362305,34887200
2015-04-01,34.63420281685885,34.77069216105106,34.386818117747296,34.736572265625,36865300
2015-04-02,34.6853896231914,34.75363592646523,34.224736838581556,34.36975860595703,37487500
2015-04-06,34.412402294197,35.64080615780536,34.27591297601829,35.444602966308594,39223700
2015-04-07,35.49578993063249,35.751707011667136,35.23987284959784,35.42754364013672,28809400
2015-04-08,35.36784050180013,35.56404376530546,35.0095571303982,35.333717346191406,24753400
2015-04-09,35.18869589220188,35.50432691994812,35.18869589220188,35.3848991394043,25723900
2015-04-10,35.5128470574434,35.78582567692811,35.325173036236976,35.589622497558594,28022000
2015-04-13,35.31665778149426,35.879676812600366,35.3081253658103,35.623756408691406,30276700
2015-04-14,35.657871775803976,35.85407498956589,35.30811765489581,35.52991485595703,24244400
2015-04-15,35.62374437175332,36.22088635550021,35.55550134015591,36.05027389526367,27343600
2015-04-16,35.7858280144269,36.11852052526995,35.674929426091865,35.964969635009766,22509700
2015-04-17,35.546978179319154,35.60669532198249,35.111919383935266,35.50432586669922,42387600
2015-04-20,35.5981568200118,36.826560785899815,35.55550451468501,36.604766845703125,46057700
2015-04-21,36.68154872774834,36.80950892032425,36.28060982822921,36.374446868896484,26013800
2015-04-22,36.400041235549146,36.79245101330357,36.29767502377822,36.67302322387695,25064300
2015-04-23,36.587710820295094,37.20191452344794,36.51093535740099,36.971588134765625,46309500
2015-04-24,38.950684979755664,41.06627151594485,38.94215581914096,40.83594512939453,130933700
2015-04-27,40.28999199519612,41.05774669824027,40.28146283367923,40.97243881225586,59248200
2015-04-28,40.759178444908045,41.979053687771966,40.69093538280559,41.9364013671875,60730800
2015-04-29,41.56104919196991,42.06435429768807,41.37337510890665,41.85108947753906,47804600
2015-04-30,41.54399021249065,42.26056018314573,41.458682326601284,41.49280548095703,64725500
2015-05-01,41.441598905726266,41.69751590007968,41.28804805828199,41.50984191894531,38937300
2015-05-04,41.26247234819506,41.68900194566623,41.100392272654545,41.15157699584961,34039500
2015-05-05,40.79329925736417,41.08333957648965,40.358240405757584,40.60562515258789,50369200
2015-05-06,40.58001534464773,40.75062779117056,39.25777457887886,39.47956848144531,52433000
2015-05-07,39.471070895824575,40.170579557349356,39.37723381247002,39.837886810302734,32971700
2015-05-08,40.562965233550905,40.92978095824322,40.53737449829975,40.733577728271484,35364900
2015-05-11,40.56296712572554,40.8700689797157,40.40941619873047,40.40941619873047,24609400
2015-05-12,39.96583099360305,40.6738718470651,39.599015196728566,40.39236068725586,29928300
2015-05-13,41.10890981454937,41.219808389715176,40.580014174327424,40.63119888305664,34184600
2015-05-14,40.97242989009932,41.6463473988899,40.97242989009932,41.56104278564453,32980900
2015-05-15,41.68900227367235,41.72312542273754,40.98949398864896,41.2027587890625,28642700
2015-05-18,40.92978112133633,41.13451676664938,40.61415012005129,40.95537185668945,24136500
2015-05-19,40.83517205477354,41.04982286888025,40.50890190024411,40.85234451293945,28574800
2015-05-20,40.68920779801899,41.152854342564254,40.586176324334986,40.85234451293945,25047900
2015-05-21,40.59475427872079,40.86950701383175,40.36293104435011,40.71495819091797,22410700
2015-05-22,40.611921444755424,40.65485093990454,40.199792395764945,40.26848220825195,25720600
2015-05-26,40.208381690723236,40.25131118739992,39.65887299720546,40.002315521240234,29581900
2015-05-27,40.19980024237086,41.0154739106577,40.028078952945556,40.87809753417969,27335600
2015-05-28,40.78366361750831,41.23013780172692,40.689216714554654,40.7407341003418,19283700
2015-05-29,40.72354581468707,40.84374972617122,40.00231907047126,40.2341423034668,36519600
2015-06-01,40.405869314322814,41.01547682353068,40.02808179569485,40.55183029174805,28837300
2015-06-02,40.294243840536254,40.6548555712418,40.02807569979342,40.2856559753418,21498300
2015-06-03,40.6720255845155,40.98971107141966,40.199794561809405,40.22555160522461,28002200
2015-06-04,40.17404738166321,40.49172967125194,39.6674713264918,39.804847717285156,27745500
2015-06-05,39.76190812926878,39.942213982354936,39.358363650666796,39.615943908691406,25438100
2015-06-08,39.75333106552633,39.8649504086109,39.21241008399048,39.2639274597168,22121600
2015-06-09,39.289683627829156,39.44423247622676,39.032103305603655,39.19524002075195,24406100
2015-06-10,39.31545002907723,40.20839834109058,39.22958772485748,40.01950454711914,28417400
2015-06-11,40.06242892600733,40.28566433773832,39.60737023556823,39.87353515625,27347800
2015-06-12,39.684636739126454,39.899287516338845,39.409884006319466,39.46998596191406,23931000
2015-06-15,39.02350977145898,39.195231038694494,38.654310193261395,39.04926681518555,33254500
2015-06-16,38.93765244722317,39.70181201974231,38.894722943787784,39.34978485107422,27070300
2015-06-17,39.26391977465336,39.55584496267465,38.94623754146608,39.46998596191406,28704100
2015-06-18,39.6846396071761,40.18262774313728,39.641706828382084,40.11394119262695,32658300
2015-06-19,40.17405776226281,40.20840268766344,39.48717563081213,39.58161926269531,63837000
2015-06-22,39.779076677622506,40.113931307709144,39.633112471376066,39.693214416503906,20318100
2015-06-23,39.60736987276338,39.736158398436004,39.16948036966641,39.41847610473633,25896500
2015-06-24,39.21241782189165,39.710409392914826,39.10938632541908,39.18666076660156,34890900
2015-06-25,39.52150690042556,39.547267225366156,39.06644822198346,39.19524002075195,20616000
2015-06-26,39.195236254944106,39.736153897053825,38.66289992813762,38.86037826538086,49835300
2015-06-29,38.671491626029514,38.834625066357674,38.08764114706034,38.09622573852539,34081700
2015-06-30,38.388137490518794,38.396725354278054,37.727012819401104,37.90732192993164,35945400
2015-07-01,38.17349395286148,38.83461874870988,37.864396305419525,38.16490936279297,28343900
2015-07-02,38.190665304260975,38.422488533140694,37.830053576210894,38.121978759765625,21752000
2015-07-06,37.74419605127567,38.19067011026895,37.735611460375026,38.11339569091797,23034000
2015-07-07,38.070462464579045,38.19925424267897,37.19468688930813,38.03611755371094,36435800
2015-07-08,38.1563142235643,38.55127407295388,37.8042871422658,37.984596252441406,39785900
2015-07-09,38.422488235660545,38.826032735620586,38.207837463394284,38.22500991821289,32424700
2015-07-10,38.64573120819025,38.75735054883696,38.26794695371643,38.30229187011719,25465800
2015-07-13,38.619980478191145,39.169486129276535,38.59422342433153,39.100799560546875,28178300
2015-07-14,39.02351458920176,39.461400763167404,38.903310669890054,39.16947555541992,22880300
2015-07-15,39.220986312953556,39.401292161526456,39.00633555742089,39.2896728515625,26629600
2015-07-16,39.5043378595894,40.08818838730645,39.469996215550346,40.06243133544922,26271700
2015-07-17,39.96798564295713,40.1654640221763,39.718989883167445,40.0280876159668,29467100
2015-07-20,40.053836020065894,40.46596511600547,39.87352687940221,40.2856559753418,30631900
2015-07-21,40.165459266783905,40.637693677823734,39.90787894505131,40.59476089477539,42781900
2015-07-22,39.014937255494765,40.294257760618954,38.80887427399376,39.100799560546875,59152400
2015-07-23,38.86896412652641,39.693222346065845,38.722999891120516,39.59019088745117,33934000
2015-07-24,39.41847207853517,39.77049925324946,39.32402520416844,39.44422912597656,32333200
2015-07-27,39.444236319657534,39.50433829152275,38.851801193281084,38.937660217285156,39701400
2015-07-28,39.13513572976811,39.186649825965915,38.45683841046569,38.92906951904297,34328900
2015-07-29,38.980587014890865,40.16545708557811,38.86037981431951,39.74474334716797,40945900
2015-07-30,39.71897600194369,40.69778623883185,39.435638696107944,40.251312255859375,39777900
2015-07-31,40.603354999497796,40.67204156736693,39.925057536988064,40.096778869628906,31201500
2015-08-03,40.33717648169969,40.35434893811495,39.88211785028435,40.19121551513672,24125900
2015-08-04,40.13970341491628,40.96396177917989,40.07960144722904,40.81800079345703,33403900
2015-08-05,41.195783850323295,41.56498351261177,40.81799959660762,40.85234451293945,26959700
2015-08-06,40.96396540680401,41.01548278737452,39.779095131488994,40.0280876159668,27368000
2015-08-07,39.83060566103184,40.165460416399576,39.718986317472066,40.13111877441406,19163000
2015-08-10,40.31142514501483,40.775071707970866,40.21697825900768,40.6376953125,23079900
2015-08-11,40.19980168770378,40.30283315493886,39.409888313382666,39.847774505615234,29237400
2015-08-12,39.65888434985794,40.26849516829086,39.24675516822753,40.13111877441406,30181400
2015-08-13,40.40586486927529,40.4402065055724,39.91646134244779,40.12252426147461,22627200
2015-08-14,39.95081026171473,40.44021387775974,39.94222566990325,40.35435485839844,21473400
2015-08-17,40.191233502077786,40.74073925204395,39.98516720818416,40.629119873046875,21099700
2015-08-18,40.48218268099638,40.99209928819262,40.361186078765094,40.853816986083984,23574100
2015-08-19,40.430328819314,40.68961104132923,40.01548187976419,40.28340530395508,31485500
2015-08-20,39.81669368950089,40.16240105517822,39.462345123291016,39.462345123291016,36238200
2015-08-21,39.15121073507543,39.30677872622342,37.223899841308594,37.223899841308594,70053100
2015-08-24,34.959518425089506,36.895470096624685,34.32860539750559,36.02256393432617,88753700
2015-08-25,36.79177391352812,37.37083338452901,34.90767527753021,34.9768180847168,70616600
2015-08-26,36.30777170571602,37.0251132482367,35.486722581792954,36.912757873535156,63408000
2015-08-27,37.362179084219946,37.984450998021025,37.10290021910604,37.94123840332031,50943200
2015-08-28,37.50911121174238,38.15731011542288,37.50046671342364,37.96717071533203,28246700
2015-08-31,37.64738725063794,37.96716440012924,37.249822816857076,37.612815856933594,34441700
2015-09-01,36.446072983595066,36.809066192363204,36.00529904820993,36.14358139038086,49688900
2015-09-02,36.61027175810789,37.491822594134014,36.195424887667926,37.47453689575195,37671500
2015-09-03,37.517739859936505,38.01037059814954,37.40538449775716,37.595523834228516,28285200
2015-09-04,36.99919341647204,37.19797401156473,36.47199113096488,36.82633972167969,37138800
2015-09-08,37.422685290815664,38.027671635304856,37.336260083135926,37.93260192871094,32469800
2015-09-09,38.20916158730591,38.373374076245405,37.0856175488337,37.223899841308594,33469500
2015-09-10,37.26711661976658,37.84617605108349,36.94733940071979,37.41404342651367,31366600
2015-09-11,37.284400582125606,37.67332058548848,37.11154688097431,37.578250885009766,27132500
2015-09-14,37.53503036210352,37.543671561727784,37.042399560784666,37.197967529296875,23656000
2015-09-15,37.32760580526713,38.278299325236624,37.23253942048871,38.0103759765625,28882200
2015-09-16,38.00173577269203,38.356084315690545,37.88938039167019,38.28694152832031,23372200
2015-09-17,38.278303849257625,38.89193130751788,38.09680896108091,38.24373245239258,32768200
2015-09-18,37.59553658481591,38.01902798779107,37.448613081828896,37.578250885009766,63143700
2015-09-21,37.699246492712675,38.43387387900795,37.68196079336231,38.122737884521484,26177200
2015-09-22,37.491820165231715,38.07087618742244,37.43132187326879,37.94123840332031,28085900
2015-09-23,37.96715554036957,38.17457726037399,37.60416258499864,37.91529846191406,17145200
2015-09-24,37.55231755586722,38.140018061037935,37.39674958115088,37.94987869262695,27905600
2015-09-25,38.442511133759766,38.65857740809311,37.820239208668625,37.975807189941406,29384600
2015-09-28,37.880747452307546,38.10545496644333,37.34490062406556,37.41404342651367,27613800
2015-09-29,37.48317236766098,37.65602602815327,37.20660782963704,37.543670654296875,32763600
2015-09-30,37.92395815198212,38.2869479558854,37.73381875170319,38.252376556396484,34958900
2015-10-01,38.675867204412704,38.675867204412704,37.811602015487274,38.55487060546875,28657900
2015-10-02,38.26102679865853,39.38457107543945,37.95853195308365,39.38457107543945,41839000
2015-10-05,39.54012786557344,40.525389540619884,39.49691527045748,40.300682067871094,34369300
2015-10-06,40.04141761527775,40.77604188744469,39.94634789365149,40.4044075012207,27017200
2015-10-07,40.706883997985216,40.92295026824397,39.71298113294074,40.44760513305664,27711500
2015-10-08,40.24018865935769,41.06988245516051,40.188331560778735,41.00938415527344,33772700
2015-10-09,41.009388353108946,41.08717236048452,40.551325511048105,40.715538024902344,28600600
2015-10-12,40.603170999205986,40.680954984329176,40.1883241775188,40.62045669555664,19769100
2015-10-13,40.24018863992593,40.73281953700285,40.24018863992593,40.525394439697266,19987800
2015-10-14,40.317971872864305,40.70688856544016,40.214257677728064,40.34389877319336,24697800
2015-10-15,40.62911605834961,40.64640176242776,40.21426905120684,40.62911605834961,27189400
2015-10-16,40.637745467053776,41.087163715450714,40.534034578011315,41.06123352050781,26450300
2015-10-19,40.98345732261042,41.38102185053893,40.63775319442911,41.15631103515625,29387600
2015-10-20,41.000744391972376,41.320524924773586,40.63775455073051,41.285953521728516,30802200
2015-10-21,41.415576810036406,41.47607839259778,40.71552427694551,40.79330825805664,25144300
2015-10-22,41.0785143208483,42.30577233302613,40.698238908422,41.51064682006836,56637100
2015-10-23,45.20107931772821,46.730829456368696,45.157866707533785,45.69371032714844,135227100
2015-10-26,45.399853373328355,46.94688899090947,45.37392647035661,46.886390686035156,64633300
2015-10-27,46.66167167989363,46.99009002638393,46.307323139904966,46.40238952636719,50999900
2015-10-28,46.27275493274546,46.65303039550781,45.685054392261044,46.65303039550781,47000800
2015-10-29,46.2727440032275,46.52338161800958,45.9961794961952,46.1171760559082,30202100
2015-10-30,46.0826194129545,46.661678801454876,45.47763312390829,45.49491882324219,46619800
2015-11-02,45.67641493949811,46.117192041996994,45.47763433722004,46.01348114013672,30285000
2015-11-03,45.74555278054414,47.007379056629745,45.71962588211669,46.799957275390625,36596900
2015-11-04,46.82588615494108,47.43087242015237,46.722175259933685,47.01602554321289,37087800
2015-11-05,47.09379937943765,47.27529423077529,46.67030809607397,46.99872970581055,31468500
2015-11-06,46.74811553522442,47.51731121235873,46.63576011028803,47.4654541015625,32851200
2015-11-09,47.14564505666604,47.4222095340524,46.29002473503593,46.8085823059082,32513100
2015-11-10,46.7308235462038,46.78268065002511,46.03941197980513,46.24683380126953,55283700
2015-11-11,46.41102569588272,46.843158145012154,46.20360066966066,46.36781311035156,36516300
2015-11-12,46.22090100904079,46.65303359509791,45.970263317869254,46.082618713378906,35361100
2015-11-13,45.86654714212676,46.05668651312226,45.39984321163396,45.66776657104492,36848200
2015-11-16,45.87519299809284,46.575245617660244,45.67640912421278,46.471534729003906,32165200
2015-11-17,46.26271480248153,46.5759479440832,45.984286080864976,46.08869934082031,31551300
2015-11-18,46.11479830558014,46.9674866306705,46.09739609660295,46.854373931884766,29710000
2015-11-19,46.97618921919991,47.55914828166361,46.793467685188155,46.932682037353516,28149200
2015-11-20,47.20238741697543,47.245891257681144,46.349699526448276,47.15018081665039,37147600
2015-11-23,47.20238741697543,47.38510553941761,46.767342371657676,47.15018081665039,28235900
2015-11-24,46.915283972592725,47.367731486879016,46.619456352350575,47.202415466308594,24600000
2015-11-25,47.06319407392599,47.18500620974904,46.71515655517578,46.71515655517578,21005100
2015-11-27,46.81087943556356,47.05450709086055,46.80217998890025,46.92399215698242,9009100
2015-11-30,47.454744241874835,47.8201807170268,46.98489450028026,47.289424896240234,56241400
2015-12-01,47.34163118497287,48.05510523814372,47.24592068432979,48.04640579223633,39952800
2015-12-02,48.133414971286726,48.69027246176499,47.9071928604546,48.03770446777344,47274900
2015-12-03,48.2813459863458,48.52497037867003,46.924002973824926,47.15892791748047,38627800
2015-12-04,47.08930734137189,48.92519923332073,47.07190512922871,48.64677047729492,43963700
2015-12-07,48.542351209164735,48.698967769268926,48.10730594646019,48.55975341796875,30709800
2015-12-08,48.263914483333124,48.81206903344248,47.84627149886017,48.54234313964844,32878000
2015-12-09,48.17690875993955,48.61195399823914,47.42863041900318,47.83757400512695,36373200
2015-12-10,48.194318544102174,48.42924340801087,47.86368318166043,48.089908599853516,31775800
2015-12-11,47.6026586767669,47.94199349929025,46.99359455778869,47.03710174560547,39549500
2015-12-14,47.27202017547745,48.03769745351798,46.70646000227908,47.97679138183594,46768900
2015-12-15,48.42924403404783,48.63806724437685,47.93329264354026,48.02900314331055,39843000
2015-12-16,48.324842114227586,48.94260576371998,47.64616905729365,48.83819580078125,37503300
2015-12-17,49.03830613433086,49.41244535318659,48.31612935217094,48.464046478271484,41280900
2015-12-18,48.524959248826804,48.72507971364048,47.0109999544489,47.0980110168457,84684200
2015-12-21,47.75056562698212,48.15950588833779,47.18500549733497,47.707061767578125,37246300
2015-12-22,47.84628553993211,48.272628092910324,47.41993966782153,48.159515380859375,28322200
2015-12-23,48.464037191705515,48.62065373326868,48.237811823166915,48.56844711303711,27279800
2015-12-24,48.60325036132859,48.690258073830435,48.229111223134,48.437931060791016,9558500
2015-12-28,48.159508037514136,48.68156433105469,47.837575480599845,48.68156433105469,22458300
2015-12-29,48.97739502643529,49.464643582040125,48.77727460979304,49.203617095947266,27731400
2015-12-30,49.1340264008979,49.403752412920284,48.97740979817975,48.99481201171875,21704500
2015-12-31,48.75987688906278,48.89038848455477,48.22041833980633,48.27262496948242,27334100
2016-01-04,47.26331476073622,47.68095779418945,46.45413034619191,47.68095779418945,53778000
2016-01-05,47.794077147931255,48.194318029218714,47.45474234339918,47.89848709106445,34079700
2016-01-06,47.263325302194104,47.33293414952754,46.67166337639007,47.02840042114258,39518900
2016-01-07,45.85376645822371,46.541138696514984,45.305608556372164,45.392616271972656,56564900
2016-01-08,45.56664619606853,46.35842855106603,45.375228510982076,45.53184509277344,48754000
2016-01-11,45.688447872414855,45.98427875690671,44.77485356767378,45.50572967529297,36943800
2016-01-12,45.90597959474529,46.20181053794946,45.2969188167946,45.92338180541992,36095500
2016-01-13,46.81086812092808,47.04579295364553,44.63564187628336,44.93147277832031,66883600
2016-01-14,45.24471293451707,46.480240040699194,44.87057369664336,46.210514068603516,52381900
2016-01-15,44.644345907499556,45.21860551962463,43.800357038493026,44.36591720581055,71820700
2016-01-19,44.79225715472535,44.96627591316328,43.556730276166356,43.99177551269531,43564500
2016-01-20,43.487120075384595,44.70524802694987,42.72143955385409,44.19189453125,63273000
2016-01-21,44.37462390507872,44.879278083849485,43.7655597758884,43.922176361083984,40191200
2016-01-22,44.731362862410336,45.53184803429514,44.600847929441656,45.49704360961914,37555800
2016-01-25,45.19250041709644,45.810267208880234,44.94017668881893,45.061988830566406,34707700
2016-01-26,45.06198429738552,45.62754108705189,44.85316113316012,45.392616271972656,28900800
2016-01-27,45.25340131947007,45.41872062364464,44.392013661704425,44.56603240966797,36775200
2016-01-28,45.122901981224985,45.4274323833745,44.59214614965087,45.29692077636719,62513800
2016-01-29,47.62005923465256,47.933292388916016,46.984893480343786,47.933292388916016,83611700
2016-02-01,47.750570623828374,47.93328884392471,47.419935283321635,47.60265350341797,44208500
2016-02-02,47.13280775645234,47.211116045788934,45.81027292186243,46.114803314208984,56313800
2016-02-03,46.33232140126351,46.45413354618694,44.60083976077943,45.3839225769043,57559800
2016-02-04,45.33171674303762,45.94948356174287,44.69655103400901,45.24470901489258,46987100
2016-02-05,45.19250961589286,45.24471625261053,43.12169614641424,43.64374923706055,62009000
2016-02-08,43.112996409719266,43.13039862318112,41.92967244737603,42.99118423461914,59290500
2016-02-09,42.65182593069681,43.713337134587995,42.34729234116964,42.878047943115234,46740500
2016-02-10,43.408813818646976,43.84385906167872,43.08688126816038,43.252197265625,38237000
2016-02-11,42.35599722083543,43.6002266491861,42.20808013986664,43.23478698730469,48878600
2016-02-12,43.72205634164338,44.09619559676416,43.28701100491061,43.939579010009766,34243300
2016-02-16,44.605595561962204,44.772098541259766,43.93081505170879,44.772098541259766,37291200
2016-02-17,45.12264230033376,46.244353801213954,45.08758798019026,45.9376335144043,40789000
2016-02-18,45.85875500113924,46.40208345753914,45.65719438149488,45.73606491088867,27176000
2016-02-19,45.543267624776085,45.81493015012615,45.15767692872398,45.41181564331055,33559100
2016-02-22,45.814943251613,46.44590759434112,45.814943251613,46.139190673828125,25008300
2016-02-23,45.867522989479305,45.89381205510874,44.675702984145936,44.85097122192383,28895300
2016-02-24,44.42156090241838,45.13139570828737,43.992157261913555,45.00870895385742,33014500
2016-02-25,45.33294822153368,45.65719223022461,44.35145094651726,45.65719223022461,26939500
2016-02-26,46.095357782361944,46.16546639705181,44.780851343591586,44.956119537353516,35975900
2016-02-29,44.999938724535234,45.262842704037375,44.39526692619884,44.58806228637695,31654000
2016-03-01,44.666927238599364,46.08659317315136,44.62310768550768,46.07783126831055,33024500
2016-03-02,45.92886116511563,46.41084625714804,45.70977672846788,46.40208435058594,29289900
2016-03-03,46.41960971240234,46.41960971240234,45.37676569477196,45.876277923583984,24427800
2016-03-04,45.92009927145664,45.96391549020586,45.3154240866425,45.59585189819336,33034200
2016-03-07,45.183974205904896,45.394293387386774,44.325163638433835,44.719512939453125,38407800
2016-03-08,44.51795877788997,45.68348963573722,44.34269055242139,45.262847900390625,33835100
2016-03-09,45.47316167155433,46.31444504188094,45.44687261090754,46.30568313598633,28251600
2016-03-10,46.384578004629084,46.393339915122155,44.833459096108314,45.613399505615234,38387800
2016-03-11,46.445904544729856,46.50724792480469,45.902576031368454,46.50724792480469,32275700
2016-03-14,46.191772128704976,46.962950453831716,46.121666831673785,46.594886779785156,24083600
2016-03-15,46.226820126311395,46.96294403076172,46.21805821899234,46.96294403076172,21104800
2016-03-16,46.84026511871559,47.84805177743933,46.796448888851785,47.62896728515625,31691700
2016-03-17,47.50626686535182,48.19857446451693,47.32223674698026,47.90061950683594,28223900
2016-03-18,48.12846893145987,48.1722884945196,46.84025467721606,46.875308990478516,67625500
2016-03-21,46.66498785047973,47.26089782192293,46.38456002191392,47.199554443359375,23925700
2016-03-22,46.980460931515076,47.54131648046589,46.84900894968352,47.383575439453125,23124100
2016-03-23,47.418646248814206,47.532571116516856,47.09440214854476,47.29595947265625,20129000
2016-03-24,47.18201973483108,47.611426659013816,47.085622057384164,47.506263732910156,19950000
2016-03-28,47.50626157461438,47.576370188831646,46.73508687600069,46.91911697387695,17025100
2016-03-29,47.024281196409476,48.07588711278728,46.84025108035819,47.944435119628906,23924300
2016-03-30,48.137241510212135,48.75944062201643,48.110952442744406,48.242401123046875,23008300
2016-03-31,48.15474255559185,48.715597977181616,48.07587205299566,48.400115966796875,26360500
2016-04-01,48.242408674168495,48.73315918248482,47.82176681402493,48.69810485839844,24399200
2016-04-04,48.57540512084961,48.776962416181185,48.19857959476257,48.57540512084961,18928800
2016-04-05,48.36507479157956,48.4614724701292,47.72534869379719,47.812984466552734,19272300
2016-04-06,47.637714872315726,48.37383862714261,47.506262888504104,48.30373001098633,21188700
2016-04-07,48.084655429506476,48.119709744750494,47.52379975745622,47.72535705566406,19225100
2016-04-08,47.90939975986394,48.44396650714608,47.60268277845502,47.69031524658203,22167200
2016-04-11,47.75164747164237,48.330030277187696,47.585141152660775,47.59390640258789,21414200
2016-04-12,47.64648411056681,48.00578246625612,47.11191753047613,47.89186096191406,24944300
2016-04-13,48.30372611496475,48.58415387104586,48.102168874216616,48.50528335571289,20818000
2016-04-14,48.391366607321366,48.70684869948493,48.259914621265594,48.51405334472656,20877100
2016-04-15,48.461468312675635,49.004796685296846,48.294965373168566,48.7681884765625,28793800
2016-04-18,48.62798202040667,49.59195218447305,48.38260518323678,49.47802734375,23786000
2016-04-19,49.62700188852007,49.749688624233144,48.794480455229184,49.41667938232422,29596800
2016-04-20,49.329055258332566,49.51308539287985,48.62798569127385,48.71561813354492,36195700
2016-04-21,48.899645381109764,49.27647087796209,48.56663610280611,48.882118225097656,38909100
2016-04-22,45.490698693346744,45.946394786855954,44.49167405652271,45.376773834228516,126834100
2016-04-25,45.3767615663358,45.68348174365903,45.245312927165365,45.66595458984375,33226900
2016-04-26,45.7974083169541,45.87627884640372,44.77209477707213,45.07881164550781,33532600
2016-04-27,45.1138479882133,45.131375136994734,44.29885395616655,44.640625,43369300
2016-04-28,44.36021659191505,44.4916685934463,43.43130070336686,43.72925567626953,43134800
2016-04-29,43.24726117954673,44.03596639241693,43.24726117954673,43.70295715332031,48411700
2016-05-02,43.816877800346546,44.47413096735174,43.624082468277024,44.351444244384766,33114500
2016-05-03,44.11483858764574,44.176181957311904,43.46634723879398,43.624088287353516,26460200
2016-05-04,43.6766680938789,43.86946344435002,43.34365885478229,43.70295715332031,24257600
2016-05-05,43.70296555031849,44.07979107520753,43.58027879206874,43.76430892944336,25390700
2016-05-06,43.74678105589389,44.158660888671875,43.51893470044092,44.158660888671875,24787300
2016-05-09,44.24630233677256,44.33393479017105,43.81689529200681,43.878238677978516,17951600
2016-05-10,44.10607876050007,44.78085585862949,43.98338867242254,44.710750579833984,22891000
2016-05-11,44.80715009801804,45.37676762979717,44.69322525447693,44.73704147338867,24039100
2016-05-12,44.8684932306733,45.40305979021283,44.62311638875945,45.14015579223633,24102800
2016-05-13,45.07881113822857,45.481929030303164,44.72827805581285,44.76333236694336,22592300
2016-05-16,44.517948029729496,45.534499480460866,44.47413181968192,45.42057800292969,20032000
2016-05-17,45.64120555490432,45.65002874588518,44.441049600789526,44.57341766357422,27803500
2016-05-18,44.5469305051236,45.129358547965786,44.38808618740807,44.8381462097168,24907500
2016-05-19,44.53812170429638,44.67048976758926,43.96451666432468,44.4057502746582,23842400
2016-05-20,44.546949195386034,45.19997648290768,44.47635356141769,44.670494079589844,23905800
2016-05-23,44.65284743864486,44.72344644387456,44.10571861349811,44.14984130859375,26118700
2016-05-24,44.74109013128408,45.63238057026163,44.47635063024538,45.526485443115234,34757900
2016-05-25,45.817688500011705,46.320697825208285,45.70297020507686,45.99418258666992,24040200
2016-05-26,45.82652493155732,45.87064762114424,45.323518864306465,45.79122543334961,24335200
2016-05-27,45.81768900782982,46.170677185058594,45.68532096612759,46.170677185058594,17721400
2016-05-31,46.11773616293163,46.7707633972168,45.95889515786559,46.7707633972168,37653100
2016-06-01,46.27657817460269,46.72663832610054,46.27657817460269,46.638389587402344,25324800
2016-06-02,46.4530613425642,46.54131006047337,45.74708843101272,46.311866760253906,22840800
2016-06-03,46.22362814140441,46.25892426736477,45.535301506831985,45.702972412109375,23368300
2016-06-06,45.87945733472464,46.19714260292304,45.79120862160492,46.00300216674805,18243300
2016-06-07,46.10008784711201,46.53249488843842,45.976539611816406,45.976539611816406,20866800
2016-06-08,45.90594949314754,46.2765841444577,45.77357805119642,45.92359924316406,21149400
2016-06-09,45.88829026107473,45.88829026107473,45.438233510859796,45.55295181274414,20305700
2016-06-10,45.04993653020384,45.93240346856765,45.041113342011656,45.42939758300781,25833200
2016-06-13,43.752730559310166,44.75874274751111,43.29384715715181,44.246910095214844,83217800
2016-06-14,44.03511151113264,44.21160224557007,43.743895739889936,43.97333908081055,42577100
2016-06-15,43.929218482056385,44.22925748071498,43.849796295166016,43.849796295166016,33757600
2016-06-16,43.69978364376068,44.53812830083051,43.690957085093345,44.467529296875,31188600
2016-06-17,44.48515728723797,44.50280702959319,43.964501669963376,44.238067626953125,45710500
2016-06-20,44.68814095031282,44.85581188208226,44.14983538981276,44.18513488769531,35607900
2016-06-21,44.299851833748534,45.385286029934335,44.26455233964207,45.173492431640625,34097800
2016-06-22,45.07642000500489,45.411755071210834,44.96169834217404,44.99699783325195,28816800
2016-06-23,45.25291694425633,45.94124364945453,45.13819863201097,45.80887222290039,29028800
2016-06-24,43.95568933409781,44.95287477578017,43.69977305628058,43.97333908081055,133503000
2016-06-27,43.3291358985968,43.37326194935628,42.39372287016877,42.737884521484375,50216300
2016-06-28,43.17030129535297,43.65566103260703,42.949684457090505,43.62918472290039,38140700
2016-06-29,44.043932634742404,44.75873219451696,43.94686071554952,44.59988784790039,31304000
2016-06-30,44.75873808959109,45.27056732227707,44.56459422563507,45.155845642089844,28527800
2016-07-01,45.1205378709115,45.64119352654548,45.06758863994479,45.147010803222656,21400400
2016-07-05,44.8558100215691,45.25291757406786,44.7763878378003,45.155845642089844,24806400
2016-07-06,44.811681319308164,45.48235824623709,44.46751966543322,45.341163635253906,28167500
2016-07-07,45.3764597632409,45.54413067814566,45.06759760369802,45.341163635253906,19585200
2016-07-08,45.650020625742876,46.205975816313085,45.49117628557996,46.15302658081055,28391000
2016-07-11,46.3295133892682,46.62072908927451,46.30304045884732,46.408935546875,22269200
2016-07-12,46.717811034462756,47.123748493401095,46.5854429780146,46.956077575683594,27317600
2016-07-13,47.26493979996136,47.529679260680865,46.92960135433271,47.2208137512207,25356800
2016-07-14,47.5120391754598,47.64441061590814,47.28259916054097,47.42379379272461,24545500
2016-07-15,47.609101734543316,47.6532244172162,46.956074585411926,47.388484954833984,32024400
2016-07-18,47.38849516154049,47.95327370062525,47.25612371866628,47.61793518066406,31433900
2016-07-19,47.39731027528523,47.564981189861676,46.70898696888313,46.850181579589844,53336500
2016-07-20,49.550531081833746,50.15943219439041,49.00339903320547,49.33873748779297,89893300
2016-07-21,49.400524546244036,49.62114139578944,49.206380641413375,49.24168014526367,32776700
2016-07-22,49.488762237758024,49.97411852493926,49.22401938443624,49.92116928100586,32157200
2016-07-25,49.832911293861024,50.071177781733994,49.6475906701747,50.06235122680664,25610600
2016-07-26,49.87703503188351,50.5565350229556,49.868208476768146,50.08882522583008,28079000
2016-07-27,49.95646866247049,50.124136218357506,49.515235063072375,49.58583068847656,32327500
2016-07-28,49.41815258436413,49.744664435648644,49.171062898672545,49.60346984863281,37550400
2016-07-29,49.64761904823215,50.08885278916198,49.46230168496473,50.01825714111328,30558700
2016-08-01,49.947639056296175,50.080010474573136,49.54170497755283,49.92999267578125,26003400
2016-08-02,50.16825584252778,50.2123818928501,49.691726142689724,49.92999267578125,35122000
2016-08-03,50.018230790849046,50.397691877451294,49.85056326950984,50.274147033691406,22075600
2016-08-04,50.1241311058782,50.759508501435775,50.00940943915922,50.6447868347168,26587700
2016-08-05,50.87423016690532,51.36840959335364,50.69773607188312,51.14779281616211,29335200
2016-08-08,51.23603439331055,51.26250732564704,50.98894134824046,51.23603439331055,19473500
2016-08-09,51.33311994498668,51.6243357625701,51.200751873095086,51.359596252441406,16920700
2016-08-10,51.32428566782813,51.4654802671564,51.02424672346244,51.200740814208984,15756900
2016-08-11,51.20955988709645,51.580197784502666,51.20955988709645,51.44782638549805,18162300
2016-08-12,51.20955674377835,51.3507513230891,50.847745423898026,51.13013458251953,21655200
2016-08-15,51.191929517680315,51.62434000058678,51.1478068234276,51.28900146484375,19283900
2016-08-16,51.15580470627499,51.16468289024174,50.85389564150118,51.00484848022461,20523500
2016-08-17,51.093633224470494,51.217948089825605,50.81836217452271,51.111392974853516,18856400
2016-08-18,50.987073444281265,51.23570655608602,50.853880400735875,51.146907806396484,14214300
2016-08-19,50.995945082206504,51.26233450474782,50.79171307868065,51.16465759277344,17271000
2016-08-22,51.146922293705906,51.280118762304994,50.84501323389796,51.20907974243164,15221900
2016-08-23,51.41330051391778,51.6619302376508,51.36889944554323,51.4044189453125,18732400
2016-08-24,51.32450999957269,51.53762364505671,51.25347437596234,51.457706451416016,18151500
2016-08-25,51.3955529470329,51.75961943765279,51.30675417656052,51.65306091308594,18552600
2016-08-26,51.75073941040548,52.12368748285914,51.226838504636724,51.52874755859375,20971200
2016-08-29,51.66192415352593,52.034868695204494,51.590885162353516,51.590885162353516,16417200
2016-08-30,51.48433612613039,51.67080841893014,51.15578922157948,51.4044189453125,16930200
2016-08-31,51.19132186957097,51.32451494692677,50.88053124775382,51.022605895996094,20860300
2016-09-01,50.62302351084623,51.34227837439954,50.62302351084623,51.13804626464844,26075400
2016-09-02,51.20907974243164,51.67082320962773,50.98708788631777,51.20907974243164,18900500
2016-09-06,51.30674886420852,51.32450861646413,50.80060778056591,51.15579605102539,16278400
2016-09-07,51.031471335491304,51.360018220571895,50.978192088994824,51.2001838684082,17493400
2016-09-08,51.173550537854894,51.315625153954855,50.773964621534375,50.99595642089844,20146100
2016-09-09,50.42765070015955,51.07586625454784,49.912628173828125,49.912628173828125,35113900
2016-09-12,49.72617748272103,50.800617290371335,49.3798707172244,50.65854263305664,29303000
2016-09-13,50.17015085363385,50.30334729932624,49.770564903883006,50.1967887878418,30130200
2016-09-14,50.072475577011886,50.28558921974189,49.752806806580104,49.95703887939453,24062500
2016-09-15,49.85935745549456,50.924915339056405,49.70840127668356,50.782840728759766,26847000
2016-09-16,51.17355675937142,51.17355675937142,50.39214458215705,50.83612823486328,44607000
2016-09-19,50.85389575981214,51.280119725073774,50.480947673128846,50.55198669433594,20937100
2016-09-20,50.9249382938201,50.9249382938201,50.39215911188532,50.445438385009766,17384000
2016-09-21,51.06700199279914,51.36891103429631,50.68517913978158,51.28899383544922,33707300
2016-09-22,51.43106145276184,51.502100458621356,51.17355352483667,51.34226608276367,19822200
2016-09-23,51.38666076834181,51.42218026919831,50.95155873849083,50.99595642089844,19955300
2016-09-26,50.685183073428924,50.73845895191056,50.46319121355019,50.52534866333008,21688700
2016-09-27,50.55197938593028,51.55538339779092,50.3299875577424,51.457706451416016,28065100
2016-09-28,51.39555447990281,51.555388884193405,51.209078750012566,51.52874755859375,20536400
2016-09-29,51.33338864659436,51.653054015628385,50.800606256885075,50.969322204589844,25463500
2016-09-30,51.120269875152594,51.29786398720573,50.91603783185558,51.146907806396484,29910800
2016-10-03,50.978193809913876,51.102508668609865,50.66740666317391,50.9870719909668,19189500
2016-10-04,50.85387792017892,51.1469053115462,50.58748845875617,50.827239990234375,20085900
2016-10-05,50.87165067682321,51.466587179878125,50.84500935274086,51.182437896728516,16726400
2016-10-06,51.2712287902832,51.37778390826735,50.862761294579435,51.2712287902832,16212600
2016-10-07,51.36890253601461,51.484339223546705,50.98707635883826,51.32450485229492,20089000
2016-10-10,51.42219146457523,51.8484154056704,51.386671955985605,51.537628173828125,18196500
2016-10-11,51.40441841905477,51.519855098460134,50.5164512578693,50.782840728759766,26497400
2016-10-12,50.7118034362793,50.853878041866444,50.08134758569418,50.7118034362793,22177500
2016-10-13,50.34774794183402,50.880526981235356,50.0103194103057,50.54309844970703,25313700
2016-10-14,50.720682524143136,51.27122459454801,50.720682524143136,50.9870719909668,27402500
2016-10-17,50.933808908439204,51.02260429054908,50.4987034065167,50.80949401855469,23830000
2016-10-18,51.08474719466204,51.4576951454859,50.978192088994824,51.2001838684082,19149500
2016-10-19,51.03149431947116,51.360041352525435,50.96933686422649,51.08477020263672,22878400
2016-10-20,51.05812006121639,51.075879813803816,50.31222738917687,50.83612823486328,49455600
2016-10-21,53.526658679266994,53.677614856067045,52.82516720564299,52.97611999511719,80032200
2016-10-24,53.22474639769023,54.165992736816406,53.21586821717305,54.165992736816406,54067000
2016-10-25,54.0328053064727,54.49454867866967,53.988407621849696,54.15712356567383,35137200
2016-10-26,53.99729777882991,54.34360451622226,53.695388733121526,53.83746337890625,29911600
2016-10-27,53.81970948881501,54.015063418301764,53.357965992872664,53.366844177246094,28479900
2016-10-28,53.2869125277513,53.73977771659314,52.90508973127995,53.16259765625,33574700
2016-10-31,53.42011055184768,53.650980550431896,53.20699691772461,53.20699691772461,26434700
2016-11-01,53.25138952213253,53.29578720087731,52.61205210876531,53.100433349609375,24533000
2016-11-02,53.118218422660696,53.215895394862116,52.65647489146231,52.77191162109375,22147000
2016-11-03,52.86069499491258,52.95837194489213,52.48775033571059,52.57654571533203,21600400
2016-11-04,52.07929248007744,52.63870953666392,51.96385576272103,52.132568359375,28697000
2016-11-07,53.0826871551452,53.739784485263236,53.0826871551452,53.65098571777344,31664800
2016-11-08,53.7664206035109,53.970652680840544,53.411235707543625,53.69538497924805,22935400
2016-11-09,53.278032795366116,53.80193358668026,52.56765970222646,53.428985595703125,49632500
2016-11-10,53.70426865301855,53.71315022403857,51.173562884609865,52.123687744140625,57822400
2016-11-11,51.706326793068406,52.49661701543762,51.51097293591615,52.40782165527344,38767800
2016-11-14,52.40783362491873,52.461112885581436,50.86276893896663,51.60866165161133,41328400
2016-11-15,52.145034275015455,53.182034616238035,52.13609270600828,52.62777328491211,35904100
2016-11-16,52.690362329272055,53.33401903236493,52.574149188043734,53.32508087158203,27332500
2016-11-17,54.00448269342768,54.48722512300378,53.61113890463019,54.2100944519043,32132700
2016-11-18,54.33524944301183,54.657077731197845,53.90614619550032,53.950843811035156,27686300
2016-11-21,54.08493671589043,54.50510177833869,54.013417807299554,54.40676498413086,19652600
2016-11-22,54.51404742091295,54.7643568149269,54.36207483460727,54.63920211791992,23206700
2016-11-23,54.54085308893612,54.62131014901352,53.86144056733389,53.99553680419922,21848900
2016-11-25,53.90613982108229,54.111751556396484,53.754167264192745,54.111751556396484,8409600
2016-11-28,53.94191730593202,54.54981455712597,53.82570075226577,54.18328857421875,20732600
2016-11-29,54.219040971431724,54.89845365233406,54.10282443291339,54.61238479614258,22366700
2016-11-30,54.40677736627642,54.692846245326294,53.83463960817669,53.87039566040039,34655400
2016-12-01,53.7362956182626,53.772055075922765,52.69035364806498,52.922786712646484,34542100
2016-12-02,52.81551094308794,53.16415712442485,52.56519815350003,52.96748352050781,25515700
2016-12-05,53.36976636892302,54.165395496008514,53.24461168514004,53.83462905883789,23552700
2016-12-06,54.02236882945435,54.049186719764215,53.45916926147824,53.593265533447266,19907000
2016-12-07,53.646899451702666,54.871635356553874,53.45916740563107,54.862693786621094,30809000
2016-12-08,54.80011782305435,55.0504306343531,54.38889426120546,54.54086685180664,21220800
2016-12-09,54.69282929214222,55.416942836026244,54.648131683060015,55.39906311035156,27349400
2016-12-12,55.264975065719995,55.69407831489824,55.17557983430308,55.57786178588867,20198100
2016-12-13,55.872879573737556,56.69532672416221,55.64044989520318,56.30198287963867,35718900
2016-12-14,56.31985560871869,56.72214097368001,55.89969051529136,56.03378677368164,30352700
2016-12-15,56.05167958768116,56.45396504655795,55.694091755299496,55.94440460205078,27669900
2016-12-16,56.275167317878825,56.275167317878825,55.53317380952851,55.694087982177734,42453100
2016-12-19,55.92650197559453,57.00819978094526,55.80134389834787,56.87410354614258,34338200
2016-12-20,56.93668224431159,57.03501903082929,56.34666493541439,56.802589416503906,26028400
2016-12-21,56.70425262998621,56.94562381229083,56.4271219961826,56.802589416503906,17096300
2016-12-22,57.07078965509683,57.30321931492505,56.68638400175004,56.81153869628906,22176600
2016-12-23,56.72214442904814,56.80260150694165,56.141065154238426,56.5344123840332,12403800
2016-12-27,56.507586383674195,57.27639763954069,56.507586383674195,56.57016372680664,11763200
2016-12-28,56.67744280509094,56.67744280509094,56.167882484510635,56.310916900634766,14653300
2016-12-29,56.194705475471636,56.49865406361635,56.07848893612548,56.230464935302734,10250600
2016-12-30,56.284096281864095,56.310917579729846,55.452707662425794,55.55104446411133,25579900
2017-01-03,56.132136679456515,56.176834305951644,55.54211914317399,55.94440460205078,20694100
2017-01-04,55.855002154826956,56.09637341380079,55.53317380952851,55.694087982177734,21340000
2017-01-05,55.595751164424314,56.015916327476184,55.4527167232039,55.694087982177734,24876000
2017-01-06,55.69407642984137,56.453949512003916,55.46164678989866,56.17681884765625,19922900
2017-01-09,56.105321873054095,56.391394218216185,55.90865161165671,55.998046875,20382700
2017-01-10,56.07848511816529,56.382433685616434,55.676199747978536,55.98014831542969,18593000
2017-01-11,55.971209461798864,56.52546740373021,55.81029531572049,56.489707946777344,21517300
2017-01-12,56.37349585224855,56.67744442145673,55.38119307012158,55.97121047973633,20968200
2017-01-13,55.98015115604079,56.20364266079526,55.738779921680795,56.05167007446289,19422300
2017-01-17,56.03378497478841,56.05166470268041,55.45270575403137,55.899688720703125,20664000
2017-01-18,56.0248401471572,56.05166144253988,55.53315959445783,55.872867584228516,19670100
2017-01-19,55.64045219810138,56.30198520991701,55.60469273524376,55.694087982177734,18451700
2017-01-20,56.02485209889102,56.158948373783495,55.756662959316,56.087432861328125,30213500
2017-01-23,56.05167371401019,56.42713782947667,55.935457169132974,56.28410339355469,23097600
2017-01-24,56.49864872859802,56.98139116010431,56.26621567185374,56.78471755981445,24672900
2017-01-25,57.16912850135662,57.303221360201775,56.72214548478652,56.927757263183594,23672700
2017-01-26,57.32111073209927,57.696574869936924,56.81154690041794,57.4552001953125,43554600
2017-01-27,58.45644560740242,58.92131182169301,58.00946253542631,58.805091857910156,44818000
2017-01-30,58.72462458605931,58.814019815678584,57.92899544773579,58.2239990234375,31651400
2017-01-31,57.98262718738414,58.24187810953628,57.446249026567244,57.79489517211914,25270500
2017-02-01,57.53564835896846,57.76808141274209,56.740019219178286,56.838356018066406,39671500
2017-02-02,56.54333591632086,56.68637030555063,56.096353023701724,56.47181701660156,45827000
2017-02-03,56.76684310440157,56.94563699307157,56.38243743733452,56.927757263183594,30301800
2017-02-06,56.766835978326,56.90093223054752,56.445007701161835,56.891990661621094,19796400
2017-02-07,56.9813962916474,57.017152341112414,56.525471706318235,56.70426559448242,20277200
2017-02-08,56.82941776843676,57.04397110674402,56.51653103570704,56.62380599975586,18096400
2017-02-09,56.784713255287116,57.60716364034617,56.60591939677782,57.267452239990234,22644400
2017-02-10,57.437320560216904,57.48202159232278,57.195949309726984,57.213829040527344,18170700
2017-02-13,57.42836106650129,57.982622317699374,57.33002428289489,57.85746765136719,22920100
2017-02-14,57.92942418219078,58.20823149543714,57.57865751931815,58.07332229614258,23108400
2017-02-15,58.01038067049764,58.07333739830495,57.70459281022461,58.03736114501953,17005200
2017-02-16,58.22622822581195,58.67592107526443,57.956416633201464,58.02836227416992,20546300
2017-02-17,57.983399787568175,58.18126574835997,57.83050585850857,58.118309020996094,21248800
2017-02-21,58.10930967287659,58.41509751221249,57.96540466958801,58.001380920410156,20655900
2017-02-22,57.857491416608,57.911452370013095,57.60566448502521,57.88447189331055,19292700
2017-02-23,57.93842775583599,58.21724200139199,57.73157287811268,58.118309020996094,20273100
2017-02-24,58.03736073623188,58.28019872875586,57.68660084638049,58.118309020996094,21796800
2017-02-27,58.04635115074679,58.04635115074679,57.60565409992541,57.76754379272461,15871500
2017-02-28,57.63262707497141,57.74054894828717,57.34482054563395,57.542686462402344,23239800
2017-03-01,57.67761308324765,58.4510854765054,57.578680089102846,58.40612030029297,26937500
2017-03-02,58.181257941500526,58.23521888292366,57.45275435433341,57.56967544555664,24539600
2017-03-03,57.55169512177315,57.81251437939769,57.2189199271028,57.7855339050293,18135900
2017-03-06,57.533712386597934,58.06434673028401,57.389810791674584,57.803524017333984,18750300
2017-03-07,57.73157049951813,58.26220477089834,57.73157049951813,57.920440673828125,18521000
2017-03-08,57.794517453552224,58.53201333122052,57.785521676743514,58.45106506347656,21510900
2017-03-09,58.630948294856246,58.63993721020499,57.992385354955644,58.21723175048828,19846800
2017-03-10,58.5590035005877,58.693912727998146,58.235224099509956,58.39711380004883,19538200
2017-03-13,58.469063896597326,58.630953590473595,58.073332008951326,58.19924545288086,20100000
2017-03-14,58.037349977907986,58.05534153197325,57.69558593010921,57.92942810058594,14280200
2017-03-15,58.055351277247865,58.38811960387309,57.78553281511579,58.235225677490234,24833800
2017-03-16,58.23521301696997,58.244208793556936,57.83049227352796,58.13628005981445,20674300
2017-03-17,58.37911970877153,58.67591172718216,58.17225801180195,58.343143463134766,49219700
2017-03-20,58.37912910521933,58.62196022514346,58.20824362638154,58.39711380004883,14598100
2017-03-21,58.63095853878003,58.90976592218777,57.67760498915111,57.74955749511719,26640500
2017-03-22,57.668604187442476,58.585974433261,57.668604187442476,58.48704147338867,20680000
2017-03-23,58.40610017755729,58.67591172718216,58.25319941815924,58.343143463134766,19269200
2017-03-24,58.78383784770845,58.86477925046315,58.244207910709626,58.442073822021484,22617100
2017-03-27,58.12729449557308,58.657935619159495,57.87546760103101,58.55000686645508,18614700
2017-03-28,58.42408733775193,58.88277591178996,58.145279999497205,58.72088623046875,20080400
2017-03-29,58.56801354177382,58.90977772090983,58.41511272053007,58.88279724121094,13618400
2017-03-30,58.8378025435027,59.341463130424465,58.78384160488398,59.09862518310547,15122800
2017-03-31,59.044680825419185,59.53034999467545,58.86479954323021,59.233551025390625,21040300
2017-04-03,59.18856631165477,59.30549083547557,58.63095161072909,58.95473098754883,20400900
2017-04-04,58.81082443486949,59.188564743897835,58.71189146891906,59.11661911010742,12997400
2017-04-05,59.62928413740981,59.67424931249951,58.85581176346488,58.9637336730957,21448600
2017-04-06,58.999694589383665,59.413411146191045,58.89177270781422,59.11661911010742,18103500
2017-04-07,59.22454537679599,59.32347835007163,58.85580081785163,59.071651458740234,14108500
2017-04-10,59.00868955511525,59.19755970703154,58.78384315591477,58.936737060546875,17952700
2017-04-11,58.99971421483147,59.00870999521047,58.32517478357554,58.89179229736328,18791500
2017-04-12,58.83779446296869,58.918742721547055,58.55898716937235,58.66691589355469,17108500
2017-04-13,58.72089097762814,59.23354053296141,58.415096282958984,58.415096282958984,17896500
2017-04-17,58.496060301926754,58.900781215972344,58.469079822559706,58.89179229736328,16689300
2017-04-18,58.756852972686474,59.09861697273723,58.60395909332954,58.810813903808594,15155600
2017-04-19,59.044650708188804,59.134587872523895,58.36111590806369,58.49602508544922,26992800
2017-04-20,58.87378708477788,59.1346097611289,58.58598393531612,58.90976333618164,22299500
2017-04-21,59.06265700120326,59.989023170070276,58.86479105022811,59.71921157836914,32522600
2017-04-24,60.69053517877618,60.852424839564684,60.34876430501897,60.73550033569336,29770000
2017-04-25,61.06829231267212,61.19420576566944,60.79847384952441,61.08627700805664,30242700
2017-04-26,61.23016405405479,61.43701886824671,60.816447563904404,61.00531768798828,26190800
2017-04-27,61.29313249747978,61.49998735127686,60.78048295916514,61.40105438232422,34971000
2017-04-28,61.97668439832697,62.18353930851601,60.8794325248277,61.571956634521484,39548800
2017-05-01,61.76980654215924,62.552274525687615,61.60791685114536,62.426361083984375,31954400
2017-05-02,62.69615610155688,62.69615610155688,62.174510916984026,62.32741165161133,23906100
2017-05-03,62.39938928104909,62.39938928104909,61.79680239409805,62.12957763671875,28928000
2017-05-04,62.08460380734874,62.12957584432454,61.73384387659972,61.88673782348633,21749400
2017-05-05,61.96767617505089,62.08459384595145,61.59892474396949,62.057613372802734,19128800
2017-05-08,62.030615872236716,62.10256835539456,61.53595112773465,62.00363540649414,18566100
2017-05-09,61.93170769114432,62.30944808613971,61.76981797017927,62.093597412109375,22858400
2017-05-10,62.04861881104307,62.56126839622493,61.9856620852056,62.336421966552734,17977800
2017-05-11,61.48201941871017,61.81479466515872,61.266168728409085,61.571956634521484,28789400
2017-05-12,61.706854103053445,61.706854103053445,61.19420452289885,61.49999237060547,18714100
2017-05-15,61.28414115978647,61.58993586645852,60.77149158433095,61.54496383666992,31530300
2017-05-16,61.71683252639501,62.8113262561231,61.65351493545536,62.7841911315918,34956000
2017-05-17,62.313820683338,62.50377344004336,60.9931918264108,61.038421630859375,30548800
2017-05-18,60.96605070930961,61.626361622294354,60.73086817128149,61.246456146240234,25201300
2017-05-19,61.05652091732166,61.59924416747775,60.993203319821795,61.22838592529297,26961100
2017-05-22,61.409272819105986,61.96104324534953,61.05650246804515,61.91581344604492,16237600
2017-05-23,62.160045680812715,62.18718080098644,61.85249821628014,62.123863220214844,15425800
2017-05-24,62.29571700157931,62.30475743928211,61.91580468403988,62.205257415771484,14593900
2017-05-25,62.38618342083559,63.20931200434125,62.331913178281084,62.97413635253906,21854100
2017-05-26,63.13696191013541,63.51686745792405,62.88368464384312,63.28168487548828,19827900
2017-05-30,63.12788780127435,63.68870544433594,63.109793125090164,63.68870544433594,17072800
2017-05-31,63.79728084358743,63.98723364099101,63.14601016614618,63.17314529418945,30436400
2017-06-01,63.534945098905496,63.869627685828796,62.82035702483602,63.40830993652344,21603600
2017-06-02,63.71587244783495,65.00031905591023,63.53496010092972,64.90986633300781,34770300
2017-06-05,65.09979782746258,65.93197364772291,64.95506799727914,65.38020324707031,33316800
2017-06-06,65.39830448364968,65.68775727194081,65.37116246194525,65.59729766845703,31511100
2017-06-07,65.7058639703523,65.82345182719936,65.08172841232378,65.47972869873047,22301800
2017-06-08,65.5882660684261,65.59730650911379,64.67467777868498,65.08171844482422,24588300
2017-06-09,65.16312649734493,65.1993089610511,62.042456288406825,63.60731506347656,49187400
2017-06-12,62.63942251342743,63.26355759591902,61.62633478405052,63.11882781982422,47761700
2017-06-13,63.335946167624336,64.05958159534876,63.28167592592961,63.90581130981445,25258600
2017-06-14,64.14099285709695,64.31285092014541,62.80226940704751,63.56208038330078,25510700
2017-06-15,62.6575404071326,63.507810997713186,62.23241201294118,63.2274055480957,26068700
2017-06-16,63.07365185599899,63.345010036374774,62.61233397792925,63.317874908447266,48345100
2017-06-19,63.77012243309962,64.1681225686931,63.634439941320196,64.10480499267578,23798300
2017-06-20,64.05959805070576,64.10482786446906,63.20028679800832,63.23646926879883,21512200
2017-06-21,63.50781014245377,63.878675191171766,63.26358715754345,63.56208038330078,19891100
2017-06-22,63.806321364330955,63.851544272534156,63.05555069693788,63.55305099487305,22965700
2017-06-23,63.39928780089255,64.44855887903076,63.24551745702449,64.4123764038086,27617300
2017-06-26,64.58420552607565,64.86461092676102,63.71584730686813,63.7972526550293,19607000
2017-06-27,63.41736349499052,63.480681082389744,62.57614017605823,62.603275299072266,25215100
2017-06-28,62.60327256126254,63.17313082293416,62.22336705348147,63.13695526123047,25806200
2017-06-29,62.75705204566988,62.85655210767872,61.5901933284663,61.95201110839844,28918700
2017-06-30,62.214319778438714,62.75704291885815,62.17813731559753,62.35000228881836,24161100
2017-07-03,62.71182652253972,62.95604954568212,61.526873170123245,61.66255569458008,16165500
2017-07-05,61.74396776061742,62.81132636771042,61.7077852941448,62.48569107055664,21176300
2017-07-06,61.75300325985304,62.21432104408894,61.61732764781244,62.02436828613281,21117600
2017-07-07,62.14194621268441,63.17312210643878,62.14194621268441,62.82939910888672,16878300
2017-07-10,62.82940904509782,63.54399717239258,62.59422648268579,63.299774169921875,15014500
2017-07-11,63.31786234365545,63.932950425323504,63.091727120999536,63.308815002441406,17460000
2017-07-12,63.942005231586684,64.47568110683213,63.81537004420302,64.35809326171875,17750900
2017-07-13,64.67468412210987,65.16313711004527,64.50281911678988,64.91890716552734,20269800
2017-07-14,65.34401335583395,66.2756891030812,65.09074308292371,65.83246612548828,25868100
2017-07-17,65.85057492343586,66.4385209397264,65.77821000105895,66.34806823730469,21803900
2017-07-18,66.11291198204393,66.38427709832492,65.7239658970636,66.30287170410156,26435300
2017-07-19,66.48378232033994,66.97223542674409,66.43855249709615,66.80941772460938,22416200
2017-07-20,67.09883493590371,67.2073823132512,66.28474685854363,67.13501739501953,42361000
2017-07-21,66.43852338096336,67.19834129164215,66.18525304443679,66.7460708618164,46717100
2017-07-24,66.5109087757759,66.70990893032051,66.14909094034036,66.57422637939453,21394800
2017-07-25,66.75511689181778,67.2164277523897,66.48375187881162,67.1078872680664,22018700
2017-07-26,67.24357301778387,67.27975548504975,66.76416740343599,66.98126220703125,16252200
2017-07-27,66.71893928993455,67.31593270049561,65.41639817438394,66.17621612548828,36844200
2017-07-28,65.73300527046118,66.31191106807864,65.61541740257377,66.06768798828125,18306700
2017-07-31,66.30285429661383,66.4294894773371,65.49781340440175,65.76012420654297,23600100
2017-08-01,66.12193136253806,66.41138414364436,65.57016092025754,65.65157318115234,22132300
2017-08-02,65.62444690796272,65.63348734842636,64.62040592853153,65.36212921142578,26499200
2017-08-03,65.29880147808683,65.52493667433886,64.99125402261285,65.26261901855469,18214400
2017-08-04,65.4887645564876,66.06767019822298,65.34403469550394,65.74203491210938,22579000
2017-08-07,65.85057196700241,65.94102466536316,65.3621191145362,65.48875427246094,18705700
2017-08-08,65.20835466130028,66.14907809024764,64.90081404663856,65.84153747558594,22044600
2017-08-09,65.35308575683551,65.58826834377018,65.17218032140883,65.55208587646484,22213400
2017-08-10,65.03648477760677,65.29880243724406,64.53898457810526,64.59326171875,24734500
2017-08-11,64.77419775246867,65.76014437637902,64.47569749159418,65.57923889160156,21443700
2017-08-14,66.0857570776554,66.68275739440935,65.98625702486308,66.5651626586914,20096600
2017-08-15,66.91982528561611,66.91982528561611,66.41968125240479,66.58336639404297,19181400
2017-08-16,66.69247411183308,67.3835898103118,66.5378845420544,66.97438049316406,18150400
2017-08-17,66.91071451502191,67.17442976352787,65.8376693725586,65.8376693725586,22977500
2017-08-18,65.71944195491626,66.23777686010979,65.41026289540636,65.91950225830078,18761500
2017-08-21,65.90132361137913,65.9104191544373,65.20111249109704,65.6103286743164,17734800
2017-08-22,65.79220687986992,66.60153687574619,65.79220687986992,66.52879333496094,14343700
2017-08-23,66.34691422728457,66.51969487203705,65.95588909401705,66.12866973876953,13766500
2017-08-24,66.14686613489442,66.25599186828869,65.53759640031386,66.10140228271484,17098300
2017-08-25,66.2559644628173,66.7015488819335,65.91041019013655,66.21958923339844,12794300
2017-08-28,66.43782471090155,66.4651043948198,65.97405620856189,66.22867584228516,14569700
2017-08-29,65.70125832784149,66.5287792369561,65.51938910761672,66.42874908447266,11478400
2017-08-30,66.39238998528758,67.48361944752196,66.22870487216565,67.30175018310547,16897800
2017-08-31,67.31992672955931,68.16563189550901,67.11077779289377,67.99285125732422,27652800
2017-09-01,67.93828705667482,67.96556674753543,66.96527210140319,67.23808288574219,21736200
2017-09-05,66.69246480432764,67.19261562247922,66.36510155901647,66.93799591064453,21556000
2017-09-06,67.05621126674774,67.32902206959731,66.70156138576344,66.74703216552734,16535800
2017-09-07,67.00167056696378,67.83828042014741,66.92892007419941,67.60184478759766,17471200
2017-09-08,67.59274980113084,67.69277998477546,67.14715827839821,67.27447509765625,14703800
2017-09-11,67.5745635978483,68.14746504340413,67.5745635978483,67.98377990722656,17910400
2017-09-12,67.98375357577612,68.42024247794306,67.62910374106573,67.91100311279297,14394900
2017-09-13,68.13834752503378,68.4111583099796,67.79279321025336,68.3929672241211,13380800
2017-09-14,68.2020071318567,68.64759163584876,67.76551123355136,67.99285125732422,15733900
2017-09-15,68.04741304618771,68.55665244538643,67.35629747737055,68.48390197753906,38578400
2017-09-18,68.4111662236392,69.0840907830505,68.23838557732886,68.3475112915039,23307000
2017-09-19,68.39298641512147,68.84766655903628,68.21111713270291,68.60214233398438,16093300
2017-09-20,68.52028736983091,68.70216356641313,67.57455196120584,68.14745330810547,21587900
2017-09-21,68.30206070233515,68.42027505757332,67.39270029563424,67.48363494873047,19186100
2017-09-22,67.28357543633005,67.75644673925613,67.15626553274289,67.66551208496094,14111400
2017-09-25,67.3744917577371,67.51999271531352,66.3105420224628,66.6197280883789,24149200
2017-09-26,66.9925621509003,67.1198720198459,66.37419695693559,66.6197280883789,18019600
2017-09-27,66.88344610021191,67.4472449891613,66.53788478079876,67.15625,19565100
2017-09-28,66.87434795438688,67.26537310628821,66.66519206193698,67.1744384765625,10883800
2017-09-29,67.23805368969914,67.78366808359453,67.18348739380521,67.73819732666016,17079100
2017-10-02,67.93830096711763,68.21111180731495,67.56546688590701,67.84736633300781,15304800
2017-10-03,67.90190194379252,68.0928666898996,67.46541307779503,67.52906799316406,12190400
2017-10-04,67.37448339514783,67.94738467216146,67.02892907059568,67.92010498046875,13317700
2017-10-05,68.40207107914752,69.22049659557207,68.16563549932101,69.08409118652344,21195300
2017-10-06,68.81128337591777,69.13865359679575,68.69306904977144,69.11137390136719,13959800
2017-10-09,69.0840965617937,69.61152715095736,68.98406638323274,69.37509155273438,11386500
2017-10-10,69.41146679383543,69.68427069529164,69.23868613307235,69.37509155273438,13944500
2017-10-11,69.4387496258147,69.52968426373974,69.06590859109343,69.4933090209961,15388900
2017-10-12,69.55694343372438,70.28443419816435,69.44782467556466,70.12984466552734,16876500
2017-10-13,70.55726612923469,70.81189285469418,70.2844621873314,70.4663314819336,15335700
2017-10-16,70.40265291415511,70.75730277614858,70.3389979886144,70.61180877685547,12380100
2017-10-17,70.44810172800094,70.58450707959462,70.24804147071214,70.55722045898438,16824000
2017-10-18,70.62999120490329,70.79367628628815,70.35718736117279,70.57543182373047,13300700
2017-10-19,70.5390652896418,70.86643549278483,70.33900495018025,70.84825134277344,15092800
2017-10-20,71.22107963664423,71.81216506334172,71.13014501819848,71.66666412353516,22866400
2017-10-23,71.83036188649933,72.14863657615307,71.62121292095597,71.68486785888672,20627200
2017-10-24,71.7485029168382,72.02130674472419,71.34838231049959,71.71212768554688,17517200
2017-10-25,71.4575116258484,71.9303757808685,70.93917669494317,71.50297546386719,20410800
2017-10-26,72.02132961584543,72.22138998254599,71.61212027513479,71.6212158203125,32120700
2017-10-27,76.72272453113514,78.38684846685749,76.03160881888105,76.2134780883789,71066700
2017-10-30,76.1134665485744,76.68636806974219,75.57694721565747,76.28624725341797,31756700
2017-10-31,76.71361676419986,76.71361676419986,75.57691666626881,75.64057159423828,27086600
2017-11-01,76.0952516334107,76.16800210476632,75.36776079558811,75.64057159423828,22307400
2017-11-02,75.79516070505738,76.80455094122433,75.58601177345048,76.43171691894531,23992900
2017-11-03,76.45902092065042,76.87732585472791,75.84065559682521,76.51358032226562,17633500
2017-11-06,76.56812852088706,77.02280863547158,76.45900973362225,76.81365966796875,19860900
2017-11-07,77.08646264081862,77.20468390941495,76.32260338774023,76.63178253173828,17939700
2017-11-08,76.51357813636689,76.9409786044596,76.2316786522499,76.8955078125,18034200
2017-11-09,76.48629259200621,76.63178662699593,75.38596750177378,76.46810150146484,21178400
2017-11-10,76.19529303597997,76.4771924817301,75.68605353711064,76.2680435180664,19397800
2017-11-13,76.07706190907224,76.33168160228989,75.89518574401228,76.32258605957031,14196900
2017-11-14,75.93156610359527,76.4771807598801,75.45870191824625,76.43171691894531,18801300
2017-11-15,76.2854916729021,76.48655673872858,75.57262969239734,75.8376693725586,19383100
2017-11-16,75.94734311756632,76.23979952029298,75.80111840255833,76.03873443603516,20962800
2017-11-17,75.96564601394626,75.96564601394626,75.16138546041749,75.3076171875,22079000
2017-11-20,75.30757598844495,75.48121735346956,75.17048556248227,75.42638397216797,16315000
2017-11-21,75.61830281479206,76.62362091800078,75.61830281479206,76.51395416259766,21237500
2017-11-22,76.614495171069,76.67846977638864,75.89249206948504,75.95646667480469,20553100
2017-11-24,75.8650927422432,76.24894046201939,75.65488643510255,76.09357452392578,7425600
2017-11-27,76.1392429799398,76.7515792633719,76.13010873186938,76.65104675292969,18265200
2017-11-28,76.83385605836547,77.7386419943602,76.78815691128345,77.57413482666016,21926000
2017-11-29,77.41875423534856,77.61067806590161,76.02044706081242,76.16667175292969,27381100
2017-11-30,76.32205889409302,77.2451203030449,76.16668597801927,76.92524719238281,33054600
2017-12-01,76.40429688996709,77.51014773893876,76.05700713521301,77.00749206542969,29532100
2017-12-04,77.15371679625198,77.16285801874454,73.75390719083765,74.10120391845703,39094900
2017-12-05,74.33883235638515,75.56349838497826,74.00982499142694,74.56731414794922,26152300
2017-12-06,74.53076542440529,75.98390631527414,74.42109165100133,75.65489196777344,26162100
2017-12-07,75.43554594722109,75.673168952751,74.94202446160234,75.38984680175781,23184500
2017-12-08,76.43172754470562,77.29996254923547,76.1575535743628,76.9161148071289,24489100
2017-12-11,77.03491871667569,78.02196169170824,76.87955277784019,77.89401245117188,22857900
2017-12-12,77.96712583129955,78.64343696777271,77.7569264837098,78.2138900756836,23924100
2017-12-13,78.3601007186445,78.59772369613108,77.8391625963111,78.00366973876953,22062700
2017-12-14,78.0767939216744,78.47892408461469,77.25425812143769,77.4004898071289,19306000
2017-12-15,77.9214394005907,79.59392097126027,77.57414258255062,79.37458038330078,53936700
2017-12-18,79.62133367616515,79.9686234736463,78.80793909236434,78.94502258300781,22283800
2017-12-19,78.91759891959384,78.91759891959384,77.93055603781379,78.4423599243164,23524800
2017-12-20,78.78051306399004,78.87191135196471,77.41876364023433,78.15904235839844,23674900
2017-12-21,78.64341731434443,78.68910947849645,78.04936339869369,78.14075469970703,17990700
2017-12-22,78.04939267130113,78.25959204519668,77.61070450011299,78.1499252319336,14145800
2017-12-26,77.96712799615179,78.16819309783683,77.7112294931749,78.04938507080078,9891200
2017-12-27,78.27784636161158,78.5794439351101,77.88485748567064,78.33267974853516,14678000
2017-12-28,78.5063421849588,78.53375888333804,78.18646908268316,78.34183502197266,10594300
2017-12-29,78.25956483965533,78.64341947077172,78.14075684235115,78.17731475830078,18717400
2018-01-02,78.71652433899206,78.88103146607006,78.14075288057366,78.55201721191406,22483800
2018-01-03,78.65254763966074,79.0638189327669,78.57029756466488,78.91758728027344,26061400
2018-01-04,79.1369518336686,80.11486061828093,79.11867635790803,79.61219787597656,21912000
2018-01-05,80.11487044024004,80.80031591502905,79.9046640933115,80.59925079345703,23407100
2018-01-08,80.60836456886037,80.95566131706403,80.06000972287217,80.68148040771484,22113000
2018-01-09,81.01963687172771,81.09275271142944,80.29763364327123,80.62664794921875,19484300
2018-01-10,80.29763580169293,80.59923341903689,79.88637139455875,80.26107788085938,18652200
2018-01-11,80.54439517564384,80.54439517564384,79.73100059059925,80.49870300292969,17808900
2018-01-12,81.03789561429157,82.05235501940041,80.83683058297864,81.88784790039062,24271500
2018-01-16,82.34483298714574,82.97544493787335,80.43472863307318,80.7454605102539,36599700
2018-01-17,81.41263287677727,82.5093426768711,81.11103524130267,82.38139343261719,25621200
2018-01-18,82.07065181347411,82.86576388380405,81.9427025843932,82.3448257446289,24159700
2018-01-19,82.38140537853016,82.81095232054618,81.94272418396496,82.25345611572266,36875000
2018-01-22,82.25343797454691,83.73400236826448,82.01581497915045,83.72486114501953,23601600
2018-01-23,83.98989868164062,84.35547090224185,83.66088438037055,83.98989868164062,23412800
2018-01-24,84.58394066593667,85.38819385896645,83.69743042290668,83.9167709350586,33277500
2018-01-25,84.51083038609883,85.21455110461312,84.01730897182365,84.38288116455078,26383200
2018-01-26,85.10490244067924,85.9639892578125,84.61138092136723,85.9639892578125,29172200
2018-01-29,86.95104438331437,87.23435962032221,85.65326926659912,85.83605194091797,31569900
2018-01-30,85.26938745298025,85.5984017136802,84.17267092641067,84.75758361816406,38635100
2018-01-31,85.68067933168079,87.18866068246068,85.46133874495092,86.83222961425781,48756300
2018-02-01,86.63115456125138,87.8009801864911,85.52530355699474,86.14677429199219,47227900
2018-02-02,85.58013105880019,85.88172866810588,83.62432766894977,83.8802261352539,47867800
2018-02-05,82.76522612344706,85.21455073970785,80.42557525634766,80.42557525634766,51031500
2018-02-06,79.4111468477963,83.60607700821097,77.91230655229063,83.46898651123047,67998600
2018-02-07,82.70127187300271,83.8710975945494,81.52230492693138,81.89701843261719,41107600
2018-02-08,81.98838601350532,82.14375192186915,77.46445039094439,77.69293212890625,55628700
2018-02-09,78.87191500622977,81.27554087532496,76.61451385379014,80.59009552001953,63499100
2018-02-12,81.10188960340845,82.05237463235815,80.36161087727021,81.45832061767578,35720300
2018-02-13,81.27554005410161,82.25344180554804,80.24280490605223,82.09807586669922,26407700
2018-02-14,81.27168058548008,83.54886300280381,81.17985995671887,83.38358306884766,34960900
2018-02-15,83.75086710050786,85.13738162196726,83.20912052249615,85.08229064941406,27823900
2018-02-16,84.88944594005918,85.85357985289201,84.2926084759339,84.47624969482422,30596900
2018-02-20,83.99879136144276,85.4495740289915,83.56722672404953,85.13738250732422,30911700
2018-02-21,85.37611824531966,85.72503940330421,84.00796508789062,84.00796508789062,26922500
2018-02-22,84.52217032615066,85.14656032843654,83.88859616053976,84.22834014892578,24392800
2018-02-23,85.94541736069667,86.37698201595182,84.80682616769029,86.3677978515625,26329200
2018-02-26,86.6799804526395,87.64410737228641,86.54224603398607,87.61656188964844,30199800
2018-02-27,87.910397804178,88.00221842080582,86.496337890625,86.496337890625,25869100
2018-02-28,87.08398904101615,87.88284303273372,85.97294358466202,86.10149383544922,31167300
2018-03-01,86.3035380241803,86.83610756581467,84.32936265809849,85.25676727294922,37135600
2018-03-02,84.0906067394235,85.53221215849776,83.42948708129394,85.44039154052734,32830400
2018-03-05,84.78845051661145,86.56061579560543,84.7149982242347,85.98213958740234,23901600
2018-03-06,86.6248979494578,86.7626323927048,85.33939516039193,85.68831634521484,22175800
2018-03-07,85.54140691434773,86.2576176308536,84.87110300977957,86.18415832519531,26716100
2018-03-08,86.56060096074715,87.32272528293889,86.10149093612027,86.70751953125,25887800
2018-03-09,87.49720610274092,88.64498138427734,87.23092139676874,88.64498138427734,36937300
2018-03-12,88.60824666069108,89.26018214261666,88.18586622192792,88.85616302490234,26073700
2018-03-13,89.06735774868787,89.28772863107221,86.28515171514434,86.68917083740234,35387800
2018-03-14,87.34110848909674,87.60739318940833,85.85358923387952,86.17496490478516,32132000
2018-03-15,85.88112943987333,86.845263398787,85.2383781375734,86.47797393798828,27611000
2018-03-16,86.93706859418923,87.57981978249617,86.23921944298272,86.86360931396484,49081300
2018-03-19,86.07395804496848,86.22087663696011,84.57726166773998,85.29347229003906,33344100
2018-03-20,85.44041792547705,86.1015307823015,85.39450409958108,85.51387023925781,23075200
2018-03-21,85.33017306933377,86.35858184895423,84.66905363996788,84.91697692871094,24457100
2018-03-22,83.80596066798799,84.24670947845412,82.32763248347533,82.4469985961914,38604700
2018-03-23,82.18073202456284,83.06222283467315,79.95864016956811,80.05046081542969,44068900
2018-03-26,83.1999457130788,86.31271211067552,83.00712028199803,86.11070251464844,56396800
2018-03-27,87.17581747243106,87.35945868800576,81.2716620212278,82.15315246582031,56569000
2018-03-28,82.47453925650076,83.76923311953303,81.60223285628295,82.07970428466797,52501100
2018-03-29,82.80508979290609,84.74253478527676,81.17065911812064,83.80594635009766,45867500
2018-04-02,83.07135576853454,83.44782228602972,80.35342569554926,81.28082275390625,48515400
2018-04-03,82.25416904952918,82.68573367412152,80.702374634837,82.37353515625,37213800
2018-04-04,80.66565160747314,85.17411662373384,80.55546965544389,84.77928161621094,35560000
2018-04-05,84.88027802975114,85.45875423719166,83.92532817547013,84.82518005371094,29771900
2018-04-06,84.0079733479135,84.89864816044994,82.1623555874764,82.85102081298828,38026000
2018-04-09,83.5947785724385,85.55058532736801,83.20912772027748,83.34685516357422,31533900
2018-04-10,84.83436057919798,85.65157596652875,84.14569545467448,85.28428649902344,26812000
2018-04-11,84.48545937304773,85.66078034201938,83.99880369109532,84.34772491455078,24872100
2018-04-12,84.87107803041626,86.45960177178178,84.87107803041626,85.92703247070312,26758900
2018-04-13,86.35861603434904,86.4779821431121,84.8802808933294,85.46794128417969,23346100
2018-04-16,86.37696753486767,86.91872105557526,85.78012304798983,86.46878814697266,20288100
2018-04-17,87.23092923357343,88.64498934812084,87.12074027467942,88.21342468261719,26771000
2018-04-18,88.35112921274066,88.81023921113947,87.70837101170476,88.55313873291016,21043300
2018-04-19,88.55315165356816,89.13162781398871,87.54310390534614,88.25013732910156,23552500
2018-04-20,88.06652573522082,88.25016702097645,86.35863515692273,87.23094177246094,31154400
2018-04-23,87.91040483683267,88.4154287768825,86.89117979816088,87.55229949951172,22331800
2018-04-24,88.36949601498489,88.58068970975977,84.85271853313046,85.50465393066406,34524800
2018-04-25,85.6699377138857,85.6699377138857,82.89690910236604,84.76089477539062,33729300
2018-04-26,85.89951702522751,87.36866819235321,85.48631366213677,86.55145263671875,42529000
2018-04-27,89.61828697903356,89.89375583156789,86.23005932345941,87.98385620117188,48272800
2018-04-30,88.45214385580131,88.51641898254026,85.53220365951428,85.87194061279297,41523600
2018-05-01,85.5873263447239,87.4972265406328,85.20167544135751,87.23094177246094,31408900
2018-05-02,87.22174750975215,87.38702744998581,85.56895511288063,85.86278533935547,27471000
2018-05-03,85.35775100621007,87.1666459646309,84.88945673140658,86.3769760131836,31142500
2018-05-04,85.68832427722681,87.57067882976406,85.32103472972375,87.37785339355469,22531300
2018-05-07,87.38702402757508,88.8010841263131,87.32274888697177,88.35115814208984,24242000
2018-05-08,88.01142295458494,88.29607603911805,87.28602800604189,87.97469329833984,23484600
2018-05-09,88.15834567227773,89.03983644668605,87.2768548978694,89.01229095458984,27327400
2018-05-10,89.4897583522538,89.93968438174052,89.1132916352653,89.90296173095703,22388100
2018-05-11,89.80192587820731,89.86620100305342,89.10407666169013,89.71009826660156,16778300
2018-05-14,89.91212539982517,90.61915891696698,89.352010485635,90.01313018798828,19454100
2018-05-15,89.28773149759061,89.84784638762528,88.46133190528829,89.36119079589844,24594000
2018-05-16,89.7854046510123,89.82229350027809,89.10297852916644,89.59174346923828,17384700
2018-05-17,89.23207465314258,89.95138953291682,88.37442836514381,88.69719696044922,17246700
2018-05-18,88.54042111483959,89.38884339888159,88.54042111483959,88.86318969726562,17865800
2018-05-21,89.45342563337461,90.38484987031111,89.26898839485415,90.00674438476562,19422500
2018-05-22,90.0805165825149,90.53239271432066,89.63785738699043,89.91452026367188,15441200
2018-05-23,89.18596623516605,91.04881428132549,88.82630877754845,90.98426055908203,21251200
2018-05-24,91.0488207910246,91.24248197160114,89.27819121635746,90.66149139404297,26649300
2018-05-25,90.6522660746702,91.27936237865704,90.2464958086117,90.70759582519531,18363900
2018-05-29,90.22806254058256,91.18715157534086,89.66552690183384,90.38484191894531,28671000
2018-05-30,90.66152414639414,91.52839482237427,90.29264959441468,91.2517318725586,22158500
2018-05-31,91.56523222862222,92.21076936765049,90.93813599249744,91.15023803710938,34140900
2018-06-01,91.555993205247,93.01307054899176,91.45455066638971,92.94851684570312,28655600
2018-06-04,93.3819876627596,93.93530633672795,93.00388223012023,93.76008605957031,27281600
2018-06-05,94.06441899537772,94.36874674543232,93.63098378211734,94.23963928222656,23514400
2018-06-06,94.50706419322844,94.61772369626745,93.9721864757799,94.51628112792969,21122900
2018-06-07,94.66385349673743,94.70074234964466,92.5704550681847,93.03155517578125,28232200
2018-06-08,93.22519383811498,94.01828639430563,92.71798806388077,93.72318267822266,22165100
2018-06-11,93.15141224676898,93.68628283222561,92.83786062759962,93.18830108642578,23490900
2018-06-12,93.23444700062433,93.55721569180383,92.91167830944481,93.42810821533203,18325200
2018-06-13,93.80620771733297,94.07364662604031,92.73645208250359,93.00389099121094,29492900
2018-06-14,93.74164250711047,94.09207601570733,93.14221102896627,93.52953338623047,25691800
2018-06-15,93.61253011280647,93.63097101825238,92.28455977420134,92.33988952636719,65738600
2018-06-18,92.22923858277454,93.24365733633289,91.68513683793704,93.01310729980469,23586000
2018-06-19,91.89724596730763,93.14221475739417,91.75891453822496,93.01310729980469,28653100
2018-06-20,93.4834266225966,94.54395110839727,93.25287659771325,93.94452667236328,26180800
2018-06-21,94.13820226488464,94.48863582347299,93.03155775448079,93.27133178710938,23198200
2018-06-22,92.5981216430664,92.93010722842186,91.87879960661444,92.5981216430664,38923100
2018-06-25,92.22002587744241,92.32146846877397,89.73008799308332,90.73528289794922,35433300
2018-06-26,91.13183848731744,92.29381290066733,91.0672847441219,91.37161254882812,26897200
2018-06-27,91.83266648340143,92.23842964952841,89.82227044727193,89.95137786865234,31298400
2018-06-28,89.80385374363041,91.39926319961704,89.69319422157464,90.95660400390625,26650700
2018-06-29,91.23325989051662,92.13701912109275,90.67994121514471,90.93815612792969,28053200
2018-07-02,90.46782724248035,92.27533857099753,90.37560864082884,92.22923278808594,19564500
2018-07-03,92.66267194030688,92.80099633081876,91.24248289914642,91.34392547607422,14670300
2018-07-05,91.7588909096791,92.14621318270943,91.32545582688599,91.99866485595703,18977400
2018-07-06,92.11857388451546,93.53876298238353,91.91568872255876,93.2897720336914,19234600
2018-07-09,93.74164920509479,94.29496790298317,93.37276772789286,93.92608642578125,18212000
2018-07-10,94.06441279774866,94.53473683176941,93.93530534304941,94.17507934570312,19293100
2018-07-11,93.28053934829003,94.37795265735183,93.23442653003333,94.04596710205078,19644600
2018-07-12,94.7745006692124,96.28691529800363,94.73761885694064,96.08403015136719,24335900
2018-07-13,96.25002449192085,97.38432664565411,95.99180256047299,97.22755432128906,24635200
2018-07-16,97.19986944358864,97.58719170731752,96.38832904054516,96.74799346923828,21786900
2018-07-17,96.47136266366248,98.21432046395937,96.20392376363952,97.70710754394531,25901700
2018-07-18,97.69788473890611,97.79932731681505,96.57279944633683,96.94168090820312,29493900
2018-07-19,96.76647498016163,97.11690855119429,95.80738585141836,96.2777099609375,40171600
2018-07-20,99.67141519569356,99.78207473440588,97.82701450163185,98.00222778320312,56004000
2018-07-23,98.02988131638405,99.72672625944745,97.87310193956468,99.56995391845703,29707000
2018-07-24,100.12324828360866,100.3537982710938,98.91516860065131,99.28404998779297,26316600
2018-07-25,99.56071143811012,102.50253169791961,99.2287188743022,102.20742797851562,30702100
2018-07-26,102.12444291984318,102.36421692952999,100.98091670075256,101.09158325195312,31372100
2018-07-27,101.60799009398082,101.60799009398082,97.88230147655855,99.302490234375,37005300
2018-07-30,98.850629833409,99.16417448660474,96.60968333475296,97.17222595214844,34668300
2018-07-31,98.20510192005268,98.41721107173576,97.18145908732066,97.8270034790039,27655200
2018-08-01,97.78087880017299,98.16820116673662,97.21833615718973,98.01142883300781,23628700
2018-08-02,97.19989252321554,99.68060602255403,96.68345567979159,99.20106506347656,26104300
2018-08-03,99.413157319667,99.64370730692426,98.50939827385449,99.63448333740234,18659600
2018-08-06,99.70826658629878,99.98492236495036,99.1918298016594,99.71748352050781,20265900
2018-08-07,100.1140454052042,100.61203432738317,99.75438791182417,100.40914916992188,16080200
2018-08-08,100.8241389590315,101.21146131372895,100.2984851817054,100.97168731689453,15487500
2018-08-09,101.17458416518872,101.58957848106479,101.07314157925207,101.1376953125,13677200
2018-08-10,100.90713590116202,101.15613387475953,99.94804692769652,100.51981353759766,18183700
2018-08-13,100.74111692464606,101.05466855493658,99.68980958253299,99.79125213623047,18472500
2018-08-14,100.11402441437002,101.21144460736333,99.63448353568455,101.03622436523438,16788300
2018-08-15,100.43449628589548,100.8973707363679,98.88849731641442,99.66613006591797,29982800
2018-08-16,100.25862655722872,100.77704377346073,99.33287749229736,99.64762878417969,21384300
2018-08-17,99.38841325243581,99.88831856022277,98.76816311723704,99.59207916259766,18061500
2018-08-20,99.5272703203383,99.88831184119255,98.57375004408718,98.9347915649414,17914200
2018-08-21,98.98110030244622,99.37917273104311,97.99054896564547,98.11090087890625,22881900
2018-08-22,97.99053933876257,99.36990349926445,97.92573718525995,99.1106948852539,18000600
2018-08-23,99.19400919547144,100.14752955879334,98.93480059917863,99.57356262207031,18167700
2018-08-24,99.67538881130407,100.4993048205329,99.57355586068891,100.35118865966797,17234000
2018-08-27,101.15660588466304,101.49913561068199,100.45304162032396,101.46210479736328,19662300
2018-08-28,101.77685780101362,102.29527503427035,101.6379940241327,102.0730972290039,19151500
2018-08-29,102.24895951040604,103.71164441501118,102.08232443186996,103.70238494873047,20818000
2018-08-30,103.37838754442372,104.24859385116497,103.16546923292591,103.6375961303711,22798700
2018-08-31,103.39690871355248,104.40597173963764,103.2395260147658,103.98938751220703,23222700
2018-09-04,102.61928339331338,103.64686543001508,102.0360640196063,103.4154281616211,22634600
2018-09-05,102.76742418454606,103.14697769681678,100.07349053021119,100.43453216552734,32872400
2018-09-06,100.2123243209793,100.89737656967127,99.52727207228735,100.66593933105469,23477600
2018-09-07,100.19378901054972,100.64740391450786,99.26804027265014,100.1752700805664,22498600
2018-09-10,100.7585175451287,101.499119568639,100.31416198134599,101.2584228515625,20727900
2018-09-11,100.81405943644546,103.30431924417773,100.804799969574,102.98030853271484,24301800
2018-09-12,103.15621955108462,103.54503246688934,102.30453209849192,103.4154281616211,18891100
2018-09-13,103.79497128854888,105.28542761241907,103.79497128854888,104.52631378173828,26055600
2018-09-14,104.94291948638129,105.2854491991127,104.09123200180632,104.95217895507812,19122300
2018-09-17,105.24842105960019,105.25767346562678,103.55429845322635,103.81350708007812,20736500
2018-09-18,103.85979329046586,105.25766933946252,103.42469008549011,104.8040542602539,22170900
2018-09-19,104.65594066629065,104.90588982059468,102.79518296058635,103.40617370605469,21728400
2018-09-20,103.94310432574167,105.35024686569254,103.61909356420853,105.13732147216797,23714500
2018-09-21,105.53538056528966,106.72959756134009,105.08176555626248,105.77607727050781,71229700
2018-09-24,104.63740428293995,106.36855738846536,103.88754988214266,106.15563201904297,27334500
2018-09-25,106.27599077011818,106.55371123954869,105.30395146985006,105.95197296142578,22668000
2018-09-26,105.97051424866724,106.51670289778373,105.29471421099313,105.51689910888672,19352000
2018-09-27,106.25747012283641,106.3778220142651,105.72053400251995,105.91494750976562,19091300
2018-09-28,105.71128694553958,106.06306904410987,105.23915294945213,105.87792205810547,21647800
2018-10-01,106.22971121214125,107.09065817376239,106.21119933747322,107.0258560180664,18883100
2018-10-02,106.7388622363262,107.23876047961764,105.94271753344823,106.5999984741211,20787200
2018-10-03,106.84994462819988,107.55351582436879,106.39632960963893,106.6185073852539,16648000
2018-10-04,106.10009268258062,106.2389564441505,103.34135757498741,104.41522979736328,34821700
2018-10-05,104.26708889571522,104.76699411489383,102.424850688987,103.80421447753906,29068900
2018-10-08,103.3691471518721,103.71166979614644,101.22140247494828,102.6192855834961,29640600
2018-10-09,102.8877344719318,104.68368963805082,102.57298322911707,103.92457580566406,26198600
2018-10-10,102.98032686825242,103.22102360943941,97.93499714927592,98.27752685546875,61376300
2018-10-11,97.52765729193052,100.84184045985295,96.46304451238059,98.04608154296875,63904300
2018-10-12,100.91592412924082,102.98034092805554,99.16625867403134,101.43434143066406,47742100
2018-10-15,100.82332403103194,101.35100066308081,99.00884982875091,99.61058807373047,32068100
2018-10-16,101.40654785094232,103.1377010499358,100.86035225991903,102.75814056396484,31610200
2018-10-17,103.38766284233901,103.50800768626881,101.41581974339805,102.48968505859375,26548200
2018-10-18,101.92494519572107,102.32301747679821,99.82349845052971,100.4437484741211,32506200
2018-10-19,100.84183754682013,102.62853337620223,100.17529714538577,100.59188842773438,32785500
2018-10-22,101.20287299639004,102.3322878238592,100.2030624544104,101.48985290527344,26545600
2018-10-23,99.76795697499085,100.87885990531173,97.30546854581807,100.07345581054688,43770400
2018-10-24,100.36044820432699,100.43450275336458,94.046833512931,94.7226333618164,63897800
2018-10-25,98.63855293238873,101.15658413039557,98.26825194174234,100.25861358642578,61646800
2018-10-26,97.84242159921828,100.6752114970754,96.98147468045124,99.01811981201172,55523100
2018-10-29,100.08272310110335,100.62891161079169,94.08386658454805,96.13903045654297,55162000
2018-10-30,95.9631443249578,96.62967766930348,92.67673256367402,96.02794647216797,65350900
2018-10-31,97.61096288528086,100.11048200329013,97.56467261672746,98.87923431396484,51062400
2018-11-01,99.10142150576883,99.35137059840667,97.69427923765613,98.0553207397461,33384200
2018-11-02,98.57376628196619,99.35139212793257,97.18514264596476,98.27752685546875,37680200
2018-11-05,98.4719218104394,99.74019339619628,98.03681865860294,99.52727508544922,27922100
2018-11-06,99.40693657716623,100.75852942597564,98.38861397194327,99.72169494628906,24340200
2018-11-07,101.31398873533105,103.90608210477494,101.27695792196543,103.6468734741211,37901700
2018-11-08,103.49875152253253,103.8783049783185,102.6748353939991,103.45246124267578,25644100
2018-11-09,102.61929929843492,103.17474741608926,100.684486824976,101.43434143066406,32039200
2018-11-12,101.2954471195342,101.79535239369481,98.22196092732383,98.9347915649414,33621800
2018-11-13,99.56431074335167,100.66594728341845,98.72187573804308,98.99960327148438,35374600
2018-11-14,100.5058134343671,100.6545766021726,97.1308288657352,97.595703125,39495100
2018-11-15,97.61427602832889,100.22687368184289,96.61015321420481,99.74340057373047,38505200
2018-11-16,99.55744714809275,101.23098978971016,99.29711876562448,100.68244171142578,33502100
2018-11-19,100.66383908184476,100.93346692334615,96.27543333626045,97.270263671875,44773900
2018-11-20,94.6483859360412,95.7361898154035,92.3704981967714,94.56470489501953,64052500
2018-11-21,96.32193061540592,97.09362347215321,95.05747225289043,95.8663558959961,28130600
2018-11-23,94.99238009729554,96.51716670953772,94.83432459206205,95.82915496826172,13823100
2018-11-26,97.42834062346478,99.13907436129962,97.23309430078261,98.99031829833984,32336200
2018-11-27,98.80435187318773,99.78988992616395,97.95828458176254,99.61323547363281,29124500
2018-11-28,100.31054655869544,103.50888307749067,100.28265524379705,103.31363677978516,46788500
2018-11-29,102.57912353482604,103.31362548499001,101.37044800297826,102.44895935058594,28123200
2018-11-30,102.92314564293937,103.17418168471728,101.67728618451315,103.09980010986328,33665600
2018-12-03,105.06155129439023,105.45204385341853,102.9510259071901,104.2154769897461,34732800
2018-12-04,104.0760307016921,104.72685169764911,100.6080662973065,100.89628601074219,45197000
2018-12-06,98.3859789297097,101.5657168692285,97.6235854981277,101.51923370361328,49107400
2018-12-07,100.76610075093477,101.76093097592563,96.97273373482008,97.4561996459961,45044900
2018-12-10,97.43763212720842,100.39423223099945,96.59155770467967,100.03162384033203,40801500
2018-12-11,102.08638186294603,103.15558689749618,99.89217497033266,100.96138000488281,42381900
2018-12-12,103.09978081064938,103.45308258494534,101.37974800127301,101.41693878173828,36183000
2018-12-13,101.88184291481448,103.08121933788073,100.99857757871453,101.76097106933594,31333400
2018-12-14,100.64525734510019,101.58430515036594,98.08844942178357,98.58121490478516,47043100
2018-12-17,98.00478957342818,98.36739090905455,94.56471598027686,95.66181945800781,56957300
2018-12-18,96.46138594110346,97.16799663391299,95.31779241318033,96.66593170166016,49319200
2018-12-19,96.36840309257333,99.37148582944195,94.22997937870001,96.40559387207031,68198200
2018-12-20,95.8105746669011,96.98205253397556,91.84054505934131,94.3787612915039,70334200
2018-12-21,94.4903005879986,95.76405808902585,90.61325256001793,91.32916259765625,111242100
2018-12-24,90.81782939712777,91.08745730037397,87.37776294989673,87.51721954345703,43935200
2018-12-26,88.45625671519967,93.61636285211273,87.35915338759548,93.49549102783203,51634800
2018-12-27,92.32401323107835,94.08123703061523,89.62774161962797,94.07193756103516,49498500
2018-12-28,94.91801767809723,95.2155439974908,92.52856439945613,93.33744812011719,38196300
2018-12-31,94.17421899976479,95.20624032096408,93.38393425568523,94.4345474243164,33173800
2019-01-02,92.55643935793105,94.60188263151633,91.9892923687848,94.01614379882812,35329300
2019-01-03,93.06778158348058,93.15146259943091,90.37151072717248,90.55746459960938,42579100
2019-01-04,92.71449104596486,95.30848935858411,91.97998912145268,94.76923370361328,44060600
2019-01-07,94.49962882604429,96.0151161967689,93.88599855752062,94.89012145996094,35656100
2019-01-08,95.80126259865891,96.66592877355556,94.56469569705315,95.578125,31514400
2019-01-09,96.56364641282622,97.51198643405203,95.98719998836931,96.94483947753906,32280800
2019-01-10,95.96861290104906,96.46137832525802,95.18762070362244,96.32191467285156,30067600
2019-01-11,95.94072625785186,96.173163325368,94.49961360188529,95.578125,28314200
2019-01-14,94.74136517609254,95.64322227614912,94.146326756277,94.88082885742188,28437100
2019-01-15,95.3084803807881,97.67004142244143,94.7227345339239,97.63285064697266,31587600
2019-01-16,97.86531004667955,98.79505836570408,97.58638271360549,97.97687530517578,29853900
2019-01-17,97.62357343374724,99.13906063913635,97.40043582348393,98.6648941040039,28393000
2019-01-18,99.9107514017139,100.31984292334074,98.46964579370251,100.1431884765625,37427600
2019-01-22,99.25065183386661,99.57606238840879,97.49342774592078,98.25582122802734,32371300
2019-01-23,98.6649070253307,99.52027388787432,97.93969728352094,99.21345520019531,25874300
2019-01-24,99.35291039420565,99.48307459723334,97.93968891359495,98.73927307128906,23164800
2019-01-25,99.70621064052345,100.30124901449989,98.73927150945751,99.64112854003906,31225600
2019-01-28,98.79507868451417,98.99962449171441,97.30748248680997,97.6979751586914,29476700
2019-01-29,97.51199693764498,97.59567797132273,94.99237995302967,95.70829010009766,31490500
2019-01-30,97.27027190253312,98.90662384033203,97.0006440382168,98.90662384033203,49471900
2019-01-31,96.50787381110392,97.82811465957712,95.93142732680238,97.09361267089844,55636400
2019-02-01,96.48926508772374,96.78678422190245,95.15972490517791,95.55951690673828,35535700
2019-02-04,95.64319651378113,98.36735892742195,95.5502160223284,98.31156921386719,31315100
2019-02-05,98.60911809550892,99.7341128660425,98.51614466942026,99.68762969970703,27325400
2019-02-06,99.48307192541081,99.48307192541081,98.11634073690941,98.58121490478516,20609800
2019-02-07,97.80022117271709,98.1721147998296,96.96344632488143,97.87459564208984,29760700
2019-02-08,97.05643652976683,98.34878625988098,96.93557178937814,98.24651336669922,21461100
2019-02-11,98.73926850145178,99.0925774019612,97.59568204300483,97.85601043701172,18914100
2019-02-12,98.68346436536255,99.61321248042601,98.06983429799656,99.38077545166016,25056600
2019-02-13,99.94794032771897,100.20826871176546,99.21343833363552,99.30641174316406,18394900
2019-02-14,98.84153577748282,99.75269219824199,98.23720507999506,99.39009094238281,21784700
2019-02-15,100.32913566309254,100.69173690806221,99.81777129535784,100.61735534667969,26606900
2019-02-19,100.21756765408242,101.02645120890445,100.2082681851535,100.57086944580078,18038500
2019-02-20,100.71093618428742,100.78563541714837,99.24499757701822,100.0479965209961,21607700
2019-02-21,99.81455144179846,102.22354790400524,99.7865410147023,102.15818786621094,29063200
2019-02-22,102.7558099860662,103.82958146298937,102.5410514164539,103.61483001708984,27763200
2019-02-25,104.35244798722077,104.74460829718721,103.88558844000987,104.19371032714844,23750600
2019-02-26,103.88556930150195,105.7343287785877,103.8015308941562,104.91265869140625,21536700
2019-02-27,104.28709406616387,104.9126841865116,103.53077671109773,104.73527526855469,21487100
2019-02-28,104.6139000386916,105.39822074742857,104.32444936623564,104.60456085205078,29083900
2019-03-01,105.40753527734225,105.52891618043107,104.26839697984079,105.07139587402344,23501200
2019-03-04,105.52891142620486,105.74366991675967,103.45606136407102,104.81929016113281,26608000
2019-03-05,104.80996557414917,104.94068567401068,103.85757525748514,104.29641723632812,19538300
2019-03-06,104.4551427119049,105.19278154580101,104.04430408955507,104.34309387207031,17687000
2019-03-07,104.01629269441734,104.15635196198211,102.58770383741921,103.07323455810547,25339000
2019-03-08,101.92477580129122,103.37203606711552,101.58863637047928,103.18529510498047,22818400
2019-03-11,103.6334625503489,105.46355080720902,103.62413049007475,105.35150909423828,26491600
2019-03-12,105.34219419396732,106.43464388952673,105.18346364819443,106.08917236328125,26132700
2019-03-13,106.56533382579737,107.37767182062807,106.23853364065046,106.91081237792969,35513800
2019-03-14,106.94819136400879,107.5644422933093,106.75211119906265,106.994873046875,30763400
2019-03-15,107.69515214627862,109.47855895676804,106.99486285657647,108.22737884521484,54681100
2019-03-18,108.4701432494547,109.81470099724551,108.35810151961293,109.77735137939453,31207600
2019-03-19,110.26288233080987,110.58968970657254,109.23579277134337,109.85205078125,37588700
2019-03-20,109.60927857305046,110.87913704936534,108.97434933489302,109.73065948486328,28113300
2019-03-21,109.37583020528574,112.81191600545243,109.32914141130158,112.2516860961914,29854400
2019-03-22,111.57940993658055,111.66344121924405,109.2824622688819,109.29180145263672,33624500
2019-03-25,108.83427736838422,110.18817410562987,108.61018681741983,109.86137390136719,27067100
2019-03-26,110.7577501196485,110.84178141009679,109.10506350372624,110.09481048583984,26097700
2019-03-27,110.06680135675205,110.37493035940187,107.86322378266242,109.0303726196289,22733400
2019-03-28,109.65596248224365,109.78668257335133,108.43278573872087,109.17976379394531,18334800
2019-03-29,110.24419125735626,110.47762098451452,109.20776269887678,110.12281036376953,25399800
2019-04-01,111.0658731697101,111.21527163039491,110.27221343752652,111.13123321533203,22789100
2019-04-02,111.16856712607418,111.5607344681162,110.66435807805702,111.28995513916016,18142300
2019-04-03,111.91555511501143,112.44777463726071,111.25261550825955,112.01826477050781,22860700
2019-04-04,112.13966536707812,112.2610534123729,110.53366733401256,111.44871520996094,20112800
2019-04-05,111.47672108453817,112.26104882094548,111.458049837255,111.9435806274414,15826200
2019-04-08,111.86886241905232,112.06494253897311,110.77641298361789,111.98091125488281,15116200
2019-04-09,110.76709695365042,111.61678477462979,110.72041527174561,111.37401580810547,17612000
2019-04-10,111.82219437496948,112.37308518992687,111.61677504610032,112.22369384765625,16477200
2019-04-11,112.55049604077544,112.83994666899973,111.97158766061578,112.35441589355469,14209100
2019-04-12,112.64385323891528,112.96132138534503,112.39175225756215,112.93330383300781,19745100
2019-04-15,112.92397033987314,113.52154988870117,112.57849176919969,113.02667999267578,15792600
2019-04-16,113.57758164667068,113.58692083156099,112.13965349312829,112.76524353027344,14071800
2019-04-17,113.20408942101066,113.77365858018123,112.55048897132835,113.69895935058594,19300900
2019-04-18,114.09113570938965,115.33297666136994,113.2601263050454,115.19292449951172,27991000
2019-04-22,114.49263631766485,115.7811660853692,114.44594751411367,115.55707550048828,15648700
2019-04-23,115.87452996111688,117.25643725712153,115.6224289579656,117.12571716308594,24025500
2019-04-24,117.45252767108951,117.50854853808723,116.2667004124206,116.72422790527344,31257000
2019-04-25,121.43950101283745,122.66267072550787,120.2910305361025,120.58981323242188,38033900
2019-04-26,121.10335282714593,121.86900925461165,120.46843073869071,121.28076171875,23654900
2019-04-29,121.29008257318844,121.55152273221088,120.77654856273588,121.16870880126953,16324200
2019-04-30,121.20607948555262,122.03708895163885,120.8139191557907,121.9437255859375,24166500
2019-05-01,121.87834086351423,121.9903825851974,119.23591436358876,119.40398406982422,26821700
2019-05-02,119.49735202590337,119.51602327010687,117.2003971848161,117.84466552734375,27350200
2019-05-03,118.91844807977836,120.85123893074154,118.81573842362141,120.35636901855469,24911100
2019-05-06,118.01274186982826,120.03891035630994,117.75130169398682,119.65608215332031,24239800
2019-05-07,118.07809172596352,118.75037047652874,115.98656337597939,117.20039367675781,36017700
2019-05-08,117.1257105133336,117.99406944510429,116.48144214094266,117.19107055664062,28419000
2019-05-09,116.0519330649696,117.45251153721344,115.37965425849887,117.18173217773438,27235800
2019-05-10,116.63083945472908,119.45066759743007,115.613082077527,118.70368957519531,30915100
2019-05-13,115.88386856473176,117.22842623802289,114.8847894946365,115.17424011230469,33944900
2019-05-14,115.65977725915673,117.5365473552096,115.5010396121658,116.46277618408203,25266300
2019-05-15,116.4533980652619,118.74947455783695,115.92857506546898,118.10282135009766,24722700
2019-05-16,118.78695908696268,121.25173449061681,118.51517741526305,120.82999420166016,30112200
2019-05-17,120.24896077205302,122.26389625246225,119.88346297609567,120.0240478515625,25770500
2019-05-20,118.57141624532015,119.57419353399882,117.85916816276269,118.29026794433594,23706900
2019-05-21,119.42426071360885,119.51797682296929,118.62766305892389,118.92755889892578,15293300
2019-05-22,118.66513257133597,120.18335904834711,118.57140932639673,119.64916229248047,15396500
2019-05-23,118.27153272037876,118.35588222449242,116.90325749322682,118.25279235839844,23603800
2019-05-24,118.93691861104664,119.41487285737321,118.0559715569012,118.30900573730469,14123400
2019-05-28,119.00253044579348,119.95844616765655,118.13095707435339,118.23404693603516,23128400
2019-05-29,117.50304290507549,117.5124166606057,116.24723136708701,117.09069061279297,22763100
2019-05-30,117.39058114847812,117.85916880274307,116.9407338543485,117.8310546875,16829600
2019-05-31,116.42529272899401,116.79079053046706,115.57245975883674,115.90984344482422,26646800
2019-06-03,116.06915576760241,116.55649091208123,111.53323089252349,112.31108093261719,37983600
2019-06-04,113.66062169109387,115.5349723315145,113.07020381339026,115.42251586914062,29382600
2019-06-05,117.10006287475238,117.96226967316758,116.40655508370786,117.9247817993164,24926100
2019-06-06,118.49643468357351,119.93031159686221,117.70920379681775,119.78973388671875,21459000
2019-06-07,121.07368689093146,123.94144120082262,120.20210637116702,123.14483642578125,33885600
2019-06-10,124.0820160670916,125.65647816029363,123.70715163069958,124.26946258544922,26477100
2019-06-11,125.46904382683012,125.80642753395966,123.03238213087653,123.80087280273438,23913700
2019-06-12,123.14483036545607,123.67902715775793,122.49819141184493,123.22918701171875,17092500
2019-06-13,123.68839146264668,124.6443142678434,123.29477955466218,124.00704193115234,17200800
2019-06-14,123.95078726754689,125.38466418489722,123.36974321742443,124.12885284423828,17821700
2019-06-17,124.29755108635382,125.328435224055,124.20382784649068,124.50373077392578,14517800
2019-06-18,125.75957878551766,126.74361589044453,125.17853456934647,126.66864013671875,25934500
2019-06-19,126.51864532003086,127.39021134593749,125.40340460288829,127.16529846191406,23744400
2019-06-20,128.8147332475897,129.01154633909664,127.19342409436848,128.3461456298828,33042600
2019-06-21,127.99937046536846,129.0771160563452,127.8869140350492,128.3648681640625,36727900
2019-06-24,128.39304295341407,129.70508292776324,128.39304295341407,129.12403869628906,20628800
2019-06-25,128.62729546554462,128.94593159968713,124.39125958168773,125.04727935791016,33327400
2019-06-26,125.90951062001223,127.21218374961302,125.20662912633928,125.51588439941406,23657700
2019-06-27,125.71266403695127,126.24686069398244,125.12223916342352,125.72203063964844,16557500
2019-06-28,126.11567617426313,126.14379028684033,124.7942556824987,125.54399871826172,30043000
2019-07-01,128.04624979980656,128.11184462651903,126.49053556434735,127.15592193603516,22613500
2019-07-02,127.56827516364518,128.0087486223629,126.83727970027488,127.99938201904297,15237800
2019-07-03,128.2055880472187,129.08653514574118,127.72761947665488,128.82412719726562,13629300
2019-07-05,127.39961746728143,128.70229061234994,127.19343774934305,128.44924926757812,18141100
2019-07-08,127.83073002069405,128.4867642982037,126.8654404182776,128.35556030273438,16779700
2019-07-09,127.4558635131241,128.36492486013515,127.268431279755,127.88697052001953,19953100
2019-07-10,128.51488396908354,129.87378561659764,128.41179408960792,129.1896514892578,24204400
2019-07-11,129.51764589277087,130.47356886735088,129.20837627451962,129.705078125,22327900
2019-07-12,130.1267671874992,130.38917506913216,129.33952924244326,130.17361450195312,18936800
2019-07-15,130.6796970595003,130.7734059885652,129.76126947378492,130.17361450195312,16651500
2019-07-16,130.22988113504934,130.31422347687305,127.94317120009755,128.46798706054688,22726100
2019-07-17,129.04900820205842,129.26455447066715,127.66199306033704,127.70885467529297,20211000
2019-07-18,127.03408850320196,128.0368584307365,126.20936983371017,127.84942626953125,30381800
2019-07-19,131.41071717684363,131.83244318726366,127.87756241367916,128.03688049316406,48992400
2019-07-22,128.777291341143,130.44546261892023,128.70231558369463,129.7332000732422,25074900
2019-07-23,130.97961232068786,131.19517293175588,129.3583030861742,130.5391387939453,18034600
2019-07-24,130.17369739672986,131.8981115314861,130.12685005244347,131.87936401367188,20738300
2019-07-25,131.60748121210523,131.77618015180886,130.567230667916,131.382568359375,18356900
2019-07-26,131.5512812981361,132.77897855057645,131.4856864686977,132.46034240722656,19037600
2019-07-29,132.6103497825598,132.61971639066877,130.6141611426423,132.1698760986328,16605900
2019-07-30,131.33576438198668,132.34791556389962,131.01712816735542,131.53257751464844,16846500
2019-07-31,131.51378328713773,131.66373473493385,126.59361402006459,127.70885467529297,38598800
2019-08-01,128.3930100907393,132.08548288794373,128.32740095873314,129.38641357421875,40557500
2019-08-02,129.41449594033475,129.63005649248046,126.76228890007957,128.29925537109375,30791600
2019-08-05,124.92545581960303,125.51586646582177,122.56377033425241,123.90393829345703,42749600
2019-08-06,125.39404119268299,127.15592079641829,124.84111127183411,126.2281265258789,32696700
2019-08-07,125.38464044011637,127.12778656053328,123.54778539719035,126.78103637695312,33414500
2019-08-08,128.0181509900207,130.25799937259114,127.39023095836242,130.16427612304688,27496500
2019-08-09,129.90187801239043,130.62350704802847,127.88695669618893,129.0584259033203,23466700
2019-08-12,128.45864619781986,129.19900851356664,126.7436134029301,127.25904846191406,20484300
2019-08-13,127.50271694270506,130.07994931115306,126.51867990562891,129.89251708984375,25154600
2019-08-14,128.2187669876731,128.745330467855,125.68936837600458,125.9808578491211,32527300
2019-08-15,126.36638512179515,126.54504366628409,124.35415215609167,125.69876861572266,28074400
2019-08-16,126.82711729178372,128.31278655553047,126.67666650229056,128.0024871826172,24449100
2019-08-19,129.6198140798624,130.2780184343801,128.7171235738247,130.14637756347656,24355700
2019-08-20,129.95831033623563,130.42845831403469,129.04622211148325,129.0650177001953,21170800
2019-08-21,130.27803073996265,131.16191139142256,129.76086500264245,130.50369262695312,14970300
2019-08-22,130.38148140416342,130.88923506588887,128.1529695362707,129.55401611328125,18697000
2019-08-23,128.99922989022528,130.08997685734383,124.87133040480121,125.42610168457031,38508600
2019-08-26,126.93060040668998,127.46656182715013,125.90566655391068,127.36312866210938,20312600
2019-08-27,128.24694397904213,128.55724331572108,126.62023625746028,127.63575744628906,23102100
2019-08-28,126.82712782998844,127.65457854540064,125.57653244049504,127.46652221679688,17393300
2019-08-29,129.05563475990274,130.17458937149848,128.73593754166947,129.87368774414062,20168700
2019-08-30,130.84214078820995,130.87034851136053,128.1340989313387,129.62916564941406,23940100
2019-09-03,128.45382988577265,129.00860105100233,127.59815713058806,127.91785430908203,18869300
2019-09-04,129.10261874898373,129.46933354428594,128.3315692908852,129.4129180908203,17995900
2019-09-05,130.80453527455379,131.99871482977684,130.47542604076222,131.68841552734375,26101800
2019-09-06,131.66963431961344,131.81067296613517,129.94889109316404,130.795166015625,20824500
2019-09-09,131.2559455035018,131.40639634170765,128.31282810042592,129.30953979492188,25773900
2019-09-10,128.63247374716764,128.71709692927882,126.47918823938879,127.95545959472656,28903400
2019-09-11,127.7956184067655,128.13412550254242,127.02456888669381,127.99307250976562,24726100
2019-09-12,129.61983926830337,130.155800651212,128.69833864512867,129.30953979492188,27010000
2019-09-13,129.55400341736876,129.81728519361548,128.41625310168408,129.12147521972656,23363100
2019-09-16,127.72044937965595,128.5385025772367,127.56060072885184,128.1905975341797,16731400
2019-09-17,128.78299634488965,129.30956001315957,128.2846260719372,129.18731689453125,17814200
2019-09-18,129.15900947527481,130.39079446603762,128.3785623736052,130.249755859375,23982100
2019-09-19,131.92358131554212,133.86998730717633,131.7073171715347,132.64761352539062,35772100
2019-09-20,132.59115619014355,133.19294515787774,129.99594395699876,131.11489868164062,39167300
2019-09-23,130.91740212335822,131.29352911496164,130.17457463008014,130.83277893066406,17139300
2019-09-24,131.9799654136106,132.29026485832162,128.70773889777342,129.17788696289062,29773200
2019-09-25,129.2906762623894,131.60381031072328,127.908440248344,131.0396270751953,21382000
2019-09-26,131.1148870821589,131.81069699554976,130.1745910065241,131.2089080810547,17456600
2019-09-27,131.7824569727974,131.9799254133215,128.49142151441941,129.50694274902344,22477700
2019-09-30,129.80791422743863,130.90805923724187,129.55403019508904,130.72940063476562,17280900
2019-10-01,131.3217774125783,131.87654875531837,128.82058594993666,128.88641357421875,21466600
2019-10-02,128.11533449442922,128.2281654270984,125.60474580808835,126.61085510253906,30521700
2019-10-03,126.89292890054705,128.58546439097077,125.26622101008996,128.14352416992188,24132900
2019-10-04,128.5854867279905,129.99593082372718,128.27518730519495,129.87368774414062,22897700
2019-10-07,128.95220532493747,129.93010694639597,128.83937438532524,128.9333953857422,15303700
2019-10-08,128.89575927670083,129.53515357985705,127.52292099672381,127.56993865966797,25550500
2019-10-09,129.25309674419262,130.41905462210212,128.79234653089637,129.9865264892578,19749900
2019-10-10,130.22158494014187,131.33112722018444,129.99590875793024,130.795166015625,17654600
2019-10-11,131.7543088265256,132.60998187611824,131.17132973012653,131.340576171875,25446000
2019-10-14,131.3499483590246,131.91411734100868,131.1900997634069,131.2183074951172,13304300
2019-10-15,131.69786530890337,133.32457349312352,131.46279129133137,133.1177215576172,19695700
2019-10-16,132.384249696872,132.57232034976445,131.19948206164202,132.02694702148438,20751600
2019-10-17,132.53471281384464,132.97665306327167,130.71994849631562,131.34994506835938,21460600
2019-10-18,131.41574130060494,131.64141746717655,128.40679748519608,129.2060546875,32273500
2019-10-21,130.1840168521235,130.2310345355918,128.82998791581943,130.1652069091797,20078200
2019-10-22,130.67297118276886,131.65087297103523,128.1247620288819,128.2281951904297,27431000
2019-10-23,128.7077574189304,129.24371882944357,127.51357714431069,129.0462646484375,29844600
2019-10-24,131.0678867108094,132.036390648741,130.39087229915881,131.58505249023438,37029300
2019-10-25,131.0208394927047,132.7133751402502,130.88919862832773,132.32785034179688,25959700
2019-10-28,135.77869185305178,136.9728713963428,134.94182926313292,135.58123779296875,35280100
2019-10-29,135.4778911138363,135.87281383369512,134.13325995899493,134.30252075195312,20589500
2019-10-30,134.95129230297334,136.34292643123823,134.2648658601945,135.97621154785156,18496600
2019-10-31,136.24889352499255,136.27710125900543,134.45293895246255,134.81024169921875,24605100
2019-11-01,135.6471274246712,135.79757826321975,134.43415161485487,135.13937377929688,33128400
2019-11-04,136.18309684484328,136.34294547297444,135.5531001288743,135.91981506347656,16912000
2019-11-05,136.3146897585826,136.3617074203744,135.3179784588111,135.83514404296875,18250200
2019-11-06,135.75050430405847,135.89155728713894,134.6503599053541,135.45901489257812,16575800
2019-11-07,135.25217213140596,136.23008799846062,135.18635887276898,135.6470947265625,17786700
2019-11-08,135.38380912623475,137.27381319989922,135.17694286595528,137.24560546875,16732700
2019-11-11,136.66261055386926,137.67813190624193,136.0890294478378,137.3866424560547,14362600
2019-11-12,137.54652565024938,138.75951577120807,137.33965934043908,138.28936767578125,18641600
2019-11-13,137.9790381385209,138.6560523962027,137.54649567197717,138.51499938964844,16919200
2019-11-14,138.24231337732473,139.54932416248266,138.22350344111155,139.22021484375,19729800
2019-11-15,140.03827371911223,141.03499951221406,139.41768927527346,141.0161895751953,23485700
2019-11-18,141.11020515781956,141.5615431486386,140.0852717765639,141.36407470703125,21534000
2019-11-19,141.87188307617376,142.29501346031734,141.232474254182,141.4111328125,23935700
2019-11-20,141.81684690437555,142.31689851081478,140.07138836760183,141.16583251953125,25696800
2019-11-21,140.9582557968961,141.3356627255015,140.109115401588,141.0337371826172,18576100
2019-11-22,141.59040048900815,141.8074004595796,140.41103091498735,141.13751220703125,15901800
2019-11-25,141.5243190678164,142.79804369806604,141.44883770338845,142.684814453125,22420900
2019-11-26,142.8075110918125,143.80761423990813,142.76977759795693,143.4396514892578,24620100
2019-11-27,143.72271712875067,143.88310968736712,142.95848783321202,143.71328735351562,15184400
2019-11-29,143.50570356245584,143.69439982554675,142.7320301682004,142.82638549804688,11977300
2019-12-02,143.2320722061633,143.2509461501962,139.939281604175,141.0997772216797,27418400
2019-12-03,139.15615200582823,140.98652112386415,138.36360486988258,140.87330627441406,24066000
2019-12-04,141.65640458391803,141.69413806696122,140.76951656812594,141.38279724121094,17574700
2019-12-05,141.57152699865006,141.8262748585036,141.0337275608038,141.4582977294922,17869100
2019-12-06,142.45840932459984,143.28867568329738,141.7790913241923,143.1754608154297,16403500
2019-12-09,142.53390295623964,143.60948748325697,142.38294018837007,142.80751037597656,16687400
2019-12-10,142.7414176881793,143.30752070647608,142.24136626054283,142.59046936035156,16476100
2019-12-11,142.97731788741072,143.28867316517588,141.83569626553893,143.12828063964844,18856600
2019-12-12,143.0810993922765,144.76996454781232,142.48670696472038,144.58126831054688,24612100
2019-12-13,144.35482328025358,146.13802934491036,144.19443075975641,145.79837036132812,23845400
2019-12-16,146.34560064764008,147.0909558246872,146.07199326271393,146.7418670654297,24144200
2019-12-17,146.6663923139394,146.91171039074393,145.7228966870931,145.9493408203125,25425600
2019-12-18,145.58139320542384,146.69471125023816,145.4681639287665,145.64743041992188,24129200
2019-12-19,145.29835894773453,146.96835061084525,145.06248498840378,146.9117431640625,24958900
2019-12-20,148.4590633343229,149.5346479229728,147.45894573733023,148.5156707763672,53477500
2019-12-23,149.18554470269504,149.18554470269504,148.38358194606292,148.5156707763672,17718200
2019-12-24,148.58170665968245,148.7987210477082,148.24204761386238,148.48736572265625,8989200
2019-12-26,148.65720207517253,149.76109047910452,148.506239285762,149.70448303222656,14520600
2019-12-27,150.44040738108174,150.53476272282796,149.27991153994333,149.9781036376953,18412800
2019-12-30,150.00635768627643,150.03466140010673,147.8740486003987,148.68545532226562,16348400
2019-12-31,147.91183199047254,148.85532773557313,147.6099064416711,148.78927612304688,18369400
2020-01-02,149.80823721712613,151.6480508437844,149.38366705660513,151.5442657470703,22622100
2020-01-03,149.3742047070678,150.9120924818622,149.12888667927888,149.65724182128906,21116200
2020-01-06,148.20428443592868,150.11014950002246,147.66648505583996,150.04409790039062,20813700
2020-01-07,150.31772820129783,150.64794302838786,148.43073697243855,148.67604064941406,21634100
2020-01-08,149.94976152661232,151.71410823807295,149.02513979117086,151.04421997070312,27746500
2020-01-09,152.69533945572454,153.0538724258733,151.9311102480721,152.93121337890625,21385000
2020-01-10,153.61994018744716,153.99733261890012,152.07259378733414,152.2235565185547,20725900
2020-01-13,152.61983778477074,154.08225879341623,152.14809000111734,154.053955078125,21626500
2020-01-14,154.15774765402992,154.3558880672922,152.5821117076889,152.9689483642578,23477400
2020-01-15,153.4312243231855,154.67664521822675,153.3840610683171,153.95957946777344,21417900
2020-01-16,155.0635608471687,156.84676756742445,154.7616352411588,156.7807159423828,23865400
2020-01-17,157.9600226609014,158.00720031754435,156.08246134066826,157.65811157226562,34371700
2020-01-21,157.26187861407058,158.68656653645183,157.0260046557006,157.09205627441406,29517200
2020-01-22,157.94118972192078,158.02611528456538,156.31837580898244,156.33724975585938,24138800
2020-01-23,156.799539537116,157.37507244171542,155.93152529350064,157.29959106445312,19680800
2020-01-24,158.04497432316313,158.06384826997896,155.15787951427902,155.71453857421875,24918100
2020-01-27,152.04430378397066,154.14830924899513,151.14798588100405,153.11045837402344,32078100
2020-01-28,154.52569881083977,156.393815954086,153.8558250377088,156.11077880859375,24899900
2020-01-29,158.35633240490503,159.21491704236274,156.32782218345113,158.54502868652344,34754500
2020-01-30,164.21545567536722,164.21545567536722,161.13964998860112,163.0172119140625,51597500
2020-01-31,162.47936804687262,162.6586201005581,159.99797024964954,160.61123657226562,36142700
2020-02-03,160.79992994302856,164.6399635094619,160.7716262299697,164.52674865722656,30107000
2020-02-04,167.13086065623818,170.43309625696278,166.34775734333093,169.94247436523438,36433300
2020-02-05,173.63150495950617,173.7918974939306,168.32906396328247,169.73486328125,39186300
2020-02-06,170.7444028199159,173.4333710847966,169.88581835396727,173.2541046142578,27751400
2020-02-07,172.51820616498347,175.141123236551,172.1691029426966,173.4994354248047,33529100
2020-02-10,173.20692015646554,178.16970172026257,172.89556488773874,178.03761291503906,35844300
2020-02-11,179.87744102505104,179.9246186871627,173.1314528445182,174.01834106445312,53159900
2020-02-12,175.09390781966596,175.34865565201176,171.57467341056173,174.2730712890625,47062900
2020-02-13,172.73521339832718,175.70721942012503,172.53707294512571,173.32962036132812,35295800
2020-02-14,172.89553074734394,174.93348425117262,172.32942775297025,174.8768768310547,23149500
2020-02-18,175.12222224761544,177.09412463421762,175.01843715376268,176.6506805419922,27792200
2020-02-19,177.91841645341376,178.0319405494964,176.41416443662806,177.18048095703125,29997500
2020-02-20,176.8682788334859,177.15210351535464,171.33376249869883,174.47471618652344,36862400
2020-02-21,173.29213644538692,173.6043421717942,167.69138773814998,168.95912170410156,48572600
2020-02-24,158.7226349755328,165.13700729463477,154.42745645308867,161.67437744140625,68311100
2020-02-25,164.80585480979238,165.41134073594938,158.60907598738845,159.00643920898438,68073300
2020-02-26,160.5579787737206,163.9165247766763,159.13886994906164,160.9931640625,56206100
2020-02-27,154.5125607903193,158.02248152585014,149.4605228926292,149.6497344970703,93174900
2020-02-28,144.19087773646996,154.8814972450818,143.80298464222278,153.27316284179688,97012700
2020-03-02,156.3952298558415,163.5948415686006,153.55701258830317,163.4718475341797,71030800
2020-03-03,164.42738745681987,165.562671459645,153.50970378045187,155.63836669921875,71677000
2020-03-04,159.40379939608786,161.49461204424009,156.6885608458973,161.3527069091797,49814400
2020-03-05,157.09539066203848,161.65545403204987,156.75480387804353,157.30352783203125,47817300
2020-03-06,153.8408886668746,154.3139250363766,147.5873472846213,152.8569793701172,72821100
2020-03-09,142.85696399322785,149.24295410550792,141.9108913840012,142.49745178222656,70419300
2020-03-10,149.63086415534653,152.3460882294673,144.35177667029004,152.2420196533203,65354400
2020-03-11,148.65637705232737,149.19563087249077,142.9988530891375,145.34512329101562,56371600
2020-03-12,137.46436615258762,145.19377837676913,131.1067564557763,131.5608673095703,93226400
2020-03-13,139.54569124869116,153.17859919394692,133.1407764964393,150.2646942138672,92727400
2020-03-16,132.45015569215826,141.29593972168166,127.7197929888669,128.1171417236328,87905900
2020-03-17,132.4501447695368,139.54568823933343,127.71978245633906,138.6658477783203,81059800
2020-03-18,130.55802937295286,138.12661078587766,127.73873683869692,132.82859802246094,81593200
2020-03-19,135.07081540201364,142.0528227308985,131.50411696458423,135.01405334472656,85922700
2020-03-20,138.12660739420775,139.16729308730046,128.53343126632095,129.94308471679688,84866200
2020-03-23,129.62141109096703,132.98944191639754,125.37355404915603,128.64695739746094,78975200
2020-03-24,135.99793848446913,141.5324690597713,133.65168243997798,140.3404083251953,82516700
2020-03-25,140.87966835078421,146.00737989282055,136.650722853414,138.99697875976562,75638200
2020-03-26,140.39717955525947,148.21174910976754,140.36879852981065,147.69140625,64568100
2020-03-27,143.56655798304286,146.53722621658937,141.15406927802064,141.62710571289062,57042300
2020-03-30,144.21931847637944,151.93927483997578,141.92035440787237,151.58921813964844,63420300
2020-03-31,150.80400539741188,155.8938819121666,148.1171619879572,149.2051544189453,77927200
2020-04-01,144.74912388108316,149.24296923033248,142.68669231319745,143.90711975097656,57969900
2020-04-02,143.67061116980452,147.09538997151475,142.25150201737102,146.8872528076172,49630700
2020-04-03,146.73586375961153,148.8929080992984,143.98278907166946,145.5343475341797,41243300
2020-04-06,151.67439501876555,157.52111786991853,149.0821504046339,156.35745239257812,67111700
2020-04-07,160.4444978789331,160.83239122828255,154.45585475559233,154.6734619140625,62769000
2020-04-08,156.73581782902605,157.68189025952844,154.68284238714614,156.22494506835938,48318200
2020-04-09,157.38864581705784,158.34417399168134,154.52204685726437,156.23443603515625,51385100
2020-04-13,155.48702424689822,156.64123387476542,153.54757269607734,156.58445739746094,41905300
2020-04-14,159.8862710690104,164.38011596592045,158.9401984591346,164.3328094482422,52874300
2020-04-15,161.9676250441045,164.20982690607568,160.11333084582998,162.6109619140625,40940800
2020-04-16,164.9004312434002,167.71972310783443,163.57592114926814,167.49266052246094,50479600
2020-04-17,169.82004176943852,170.2930780974871,166.38579340831046,168.9685821533203,52765600
2020-04-20,167.1048327083939,169.11050229797053,165.5532739920201,165.61949157714844,36669600
2020-04-21,164.1436140033889,164.30444463062025,157.152137304255,158.76992797851562,56203700
2020-04-22,162.1473971791377,164.6166474686037,161.60814325445529,164.16253662109375,34620200
2020-04-23,164.72073463272773,165.61950089925315,161.69330458109863,162.17579650878906,32790800
2020-04-24,162.78129726000725,165.14647945763824,161.5041075348424,165.13702392578125,34277600
2020-04-27,167.06695850395437,167.36023870290072,163.95438597316996,164.6639404296875,33194400
2020-04-28,166.12088643163574,166.196573972886,160.2552391260029,160.652587890625,34392700
2020-04-29,163.87867624163795,168.09815142092725,162.61094258227627,167.86163330078125,51286600
2020-04-30,170.29310650321034,170.67152985440285,166.72640795272287,169.54571533203125,53875900
2020-05-01,166.31957965837367,169.00642259892936,164.6261014808525,165.15591430664062,39370500
2020-05-04,165.0802254792797,169.34700802647814,164.4274330268601,169.1956329345703,30372900
2020-05-05,170.87962012199586,173.74621880637977,170.1984467280906,171.01206970214844,36839200
2020-05-06,172.26089015431316,174.26655932356306,171.83516039766008,172.69607543945312,32139300
2020-05-07,174.23821330108638,174.59772555870285,172.73396112199262,173.69895935058594,28316000
2020-05-08,175.00448197765877,175.02340746917258,173.471849191207,174.7206573486328,30877800
2020-05-11,173.27320482134522,177.39808226581636,172.98939456730636,176.66961669921875,30892700
2020-05-12,176.72643146010705,176.95347973105712,172.46910314866088,172.6677703857422,32038200
2020-05-13,172.7056017167703,174.12471099228046,167.01969464723362,170.0565948486328,44711500
2020-05-14,167.96574720991572,170.94588499008822,166.20605134339007,170.7945098876953,41873900
2020-05-15,169.4037356153074,176.97231543994963,167.45482862020927,173.2826385498047,46610400
2020-05-18,175.73300632962054,176.15873616301894,174.03954252621836,174.9383087158203,35264500
2020-05-19,175.0518213758498,176.53716236645175,173.59487584581345,173.72732543945312,26799100
2020-05-20,175.33064720227907,176.31731120144525,174.50527623223215,176.13705444335938,31261300
2020-05-21,175.89037841860198,177.0952410908258,173.88860485853687,174.02142333984375,29119500
2020-05-22,173.793711198166,174.99857365139462,173.17704270151106,174.0972900390625,20826900
2020-05-26,176.782176165125,176.93397286008036,171.8109574524387,172.25685119628906,36073600
2020-05-27,170.95709263901247,172.65528721071786,167.54175424409405,172.48451232910156,39517100
2020-05-28,171.46936892156205,174.70444993172222,171.1278337019524,172.0955047607422,33810200
2020-05-29,173.35729981066802,174.8183173188777,171.15630616184887,173.8506317138672,42130400
2020-06-01,173.17704569725115,173.613457478989,172.15245442489095,173.45217895507812,22622400
2020-06-02,174.79938657870247,175.51091732461305,172.04814015163353,175.425537109375,30794600
2020-06-03,175.34016697155286,176.40271498081944,174.16376419262852,175.8524627685547,27311000
2020-06-04,174.84684956366434,176.30785319888346,172.9494339731224,173.53762817382812,28761800
2020-06-05,173.25292594446876,178.10082092307346,172.67421390089706,177.59800720214844,39893600
2020-06-08,176.40267692363886,178.87880410656408,174.9796156570411,178.69854736328125,33211600
2020-06-09,178.3570056532285,180.91851294557603,177.65495690893232,180.06468200683594,29783900
2020-06-10,181.32649410229297,188.33744291467139,181.2126393428319,186.7436065673828,43872300
2020-06-11,183.22392528666057,185.7190167286618,176.52605114750392,176.71578979492188,52854700
2020-06-12,180.76672098608847,181.8862033655673,175.68164819844708,178.1103515625,43373600
2020-06-15,175.1124591548258,181.0324000812959,174.57168884769598,179.2488250732422,32770200
2020-06-16,182.9961830392735,185.54820844598873,181.63953830771604,183.6413116455078,42556700
2020-06-17,185.02643488567597,186.25027574878882,183.7551702253078,184.27696228027344,25687800
2020-06-18,184.04928125447887,186.41156847786314,184.04928125447887,186.2502899169922,23061600
2020-06-19,188.40387694498338,189.06796950417802,184.40032890452585,185.14031982421875,44441100
2020-06-22,185.74745201555635,190.46252987916642,185.21617808322773,190.28228759765625,32818900
2020-06-23,191.72428822727903,193.48888469214174,191.09813782578294,191.55352783203125,30917400
2020-06-24,191.25947187782361,192.82483374136044,186.4779771190064,187.69232177734375,36740600
2020-06-25,187.65437585525592,190.32024203259226,185.4438852960937,190.0640869140625,27803900
2020-06-26,189.48536568805383,189.6371623789604,184.88414249446612,186.259765625,54675800
2020-06-29,185.73796999200283,188.3469158529833,183.62235612896023,188.26153564453125,26701600
2020-06-30,187.73025839792913,193.91582132538687,187.5974399173059,193.07147216796875,34310300
2020-07-01,192.72045793900065,195.7658156516249,191.4207331819274,194.200439453125,32061200
2020-07-02,195.1301677892324,197.3501545246881,194.48505358442102,195.680419921875,29315800
2020-07-06,198.11863663457342,200.30066730485163,197.41658770423646,199.89271545410156,31897600
2020-07-07,199.65551321746923,203.65906048150194,197.3217006083153,197.568359375,33600700
2020-07-08,199.2949790467451,202.32134362309262,197.98575814601915,201.9134063720703,33600000
2020-07-09,205.23389268976726,205.28133095940976,200.62317371738888,203.32699584960938,33121700
2020-07-10,202.66288887882965,203.09930069264342,200.2531782297019,202.7103271484375,26177600
2020-07-13,203.47879513374653,204.73109607206322,195.90811279433242,196.44888305664062,38135600
2020-07-14,195.55710644975017,198.13759233564966,191.66739941517432,197.66323852539062,37591800
2020-07-15,198.81113425020624,200.4903505182694,194.51349058750174,197.3690948486328,32179400
2020-07-16,194.8645323928501,195.14914756390348,191.93302942609668,193.46044921875,29940700
2020-07-17,193.9822576326965,194.52301347474997,191.06023628416662,192.47381591796875,31635300
2020-07-20,194.4850454497009,201.41061337801344,192.59711223612445,200.74652099609375,36884800
2020-07-21,202.70085147260994,202.9664884191698,197.3596235217493,198.04269409179688,37990400
2020-07-22,198.46960223109352,201.41060121414287,197.70115148727237,200.88880920410156,49605700
2020-07-23,196.5627288593702,200.1014041342364,191.7812344755157,192.15122985839844,67457000
2020-07-24,190.13994057206003,192.45478900756189,187.37919848827087,190.9748077392578,39827000
2020-07-27,191.13611433106948,193.50788324422007,190.5574021372156,193.39404296875,30160900
2020-07-28,193.1663548161839,194.20044262484834,191.3922762383716,191.6579132080078,23251400
2020-07-29,192.11331053064336,194.153026308788,191.64843854313742,193.59329223632812,19632600
2020-07-30,190.69025121250877,193.97278628447046,189.33360612506215,193.44149780273438,25079600
2020-07-31,193.9158251459421,194.57993203827127,188.80229182700702,194.49453735351562,51044000
2020-08-03,200.6706342883955,206.47672012993115,199.64602834998408,205.43313598632812,78983000
2020-08-04,203.18469025802023,203.75392056729805,199.5226786078573,202.34982299804688,49280100
2020-08-05,203.8772504737923,203.9721270209977,200.7180670128789,202.01779174804688,28806400
2020-08-06,201.4485573768755,205.27184763929066,200.6990847830471,205.2528839111328,32656800
2020-08-07,203.82980641865512,204.63619908524305,200.11086038451512,201.58135986328125,27820400
2020-08-10,200.8129376573723,201.01217262455825,195.7658207101696,197.568359375,36716500
2020-08-11,196.5342796413907,196.9991371237321,192.72047084685101,192.9481658935547,36446500
2020-08-12,194.7601457894926,199.49420117028475,194.24785013665,198.46011352539062,28013100
2020-08-13,198.69733391145982,200.50936900980943,197.47349292783164,197.9952850341797,22588900
2020-08-14,198.05219433177936,198.83962338076026,196.8663098259881,198.1850128173828,17958900
2020-08-17,198.84910275139208,200.35754423975445,198.20397410771088,199.4942169189453,20184800
2020-08-18,199.73137013580597,201.46750643555848,198.4790838805201,200.6421356201172,21336200
2020-08-19,201.12716528826644,201.70727635922714,198.9969182630244,199.42486572265625,27627600
2020-08-20,199.27268314056542,204.46515342165435,198.6735625585654,204.06573486328125,26981500
2020-08-21,203.38102098526042,205.6539121974253,202.42051545171722,202.58218383789062,36249300
2020-08-24,204.26548318451816,204.9597243107967,202.0211204113091,203.21939086914062,25460100
2020-08-25,202.65830591741502,205.99631398949958,202.65830591741502,205.86317443847656,23043700
2020-08-26,207.20408028520444,211.20778593927406,206.7095557551651,210.3138427734375,39600800
2020-08-27,211.96854256954222,219.8238030210695,208.64954494752493,215.4777374267578,57602200
2020-08-28,216.99939288185305,219.33886163691153,215.47780004695665,217.69363403320312,26292900
2020-08-31,215.87720527831104,217.49390391341316,213.3190105239383,214.47923278808594,28774200
2020-09-01,214.46020134670846,216.30514535953128,213.4331186639683,216.13397216796875,25725500
2020-09-02,216.79968568500595,221.45007970614427,216.2100697451334,220.2993621826172,34080800
2020-09-03,218.03597815421034,218.07401180492377,204.42715773754352,206.65249633789062,58400300
2020-09-04,204.5602790966604,207.66053649902892,195.13585763014288,203.75192260742188,59664100
2020-09-08,196.3816830611181,199.73871502955402,192.2923763469673,192.72984313964844,52924300
2020-09-09,197.42778494753424,204.3130219079884,196.57187546422944,200.9369659423828,45679000
2020-09-10,202.943541206919,204.21789315849605,194.10875119192568,195.3070068359375,35461500
2020-09-11,197.04738599235657,198.4073248418045,191.37942868513088,194.03271484375,33620100
2020-09-14,194.23239314979273,198.94934861596653,194.03267661280256,195.34506225585938,30375800
2020-09-15,198.20762685222402,199.5009887938015,196.7906301369787,198.54998779296875,21823900
2020-09-16,200.29981429738623,200.3283431648329,194.6128327120966,195.00274658203125,26328100
2020-09-17,190.24777239006184,194.31805592503756,190.16218577398703,192.96763610839844,34011300
2020-09-18,192.86300660159972,193.67134874869507,186.63394712032712,190.5710906982422,55225300
2020-09-21,187.5278763694896,192.7774055847078,186.75756793525397,192.61572265625,39839700
2020-09-22,195.0122292419331,197.90327991158088,192.17825081182622,197.256591796875,33517100
2020-09-23,197.71305920777692,197.90327097541524,190.22868760484096,190.76124572753906,30803800
2020-09-24,190.0575169900214,195.49724276427847,189.43935775910268,193.23385620117188,31202500
2020-09-25,193.576230870522,198.79721638343335,192.6157107003386,197.6370086669922,29437300
2020-09-28,200.5470404314798,202.154234001749,197.86521138286304,199.17759704589844,32004900
2020-09-29,199.0920185467079,199.7767402673034,196.67646844596257,197.1044158935547,24221900
2020-09-30,197.55142430549373,201.59317836396667,196.41973084734164,200.02403259277344,33829100
2020-10-01,203.02919717182243,203.50469764479027,200.96552686047664,202.04966735839844,27158400
2020-10-02,197.80813133081742,200.6516284427004,195.46866339268598,196.08682250976562,33154800
2020-10-05,197.06641257781172,200.10010784631453,196.83816713211058,200.0715789794922,21331600
2020-10-06,198.58798762088978,199.8813347365297,194.78398454349198,195.82057189941406,28554300
2020-10-07,196.9142162472281,199.81477148517834,196.59087946952087,199.54849243164062,25681100
2020-10-08,200.19518750026828,200.84187563629666,198.1125077886739,200.2617645263672,19925800
2020-10-09,200.87991823945055,205.2830570981348,200.87991823945055,205.23550415039062,26458000
2020-10-12,208.06947707751453,212.89105852593914,206.18649938983765,210.5515899658203,40461400
2020-10-13,211.80689343114148,214.17489058111875,209.62909353363688,211.94003295898438,28950800
2020-10-14,212.07321213399132,213.23343445543483,208.3928430961222,210.03807067871094,23421700
2020-10-15,206.46229072714527,209.56254827996327,205.4256887702465,208.8968505859375,22733100
2020-10-16,209.36283171619485,211.3979729585716,208.57351377899946,208.8968505859375,26057900
2020-10-19,209.61960631820077,211.40749256575168,203.24790350407042,203.72340393066406,27625800
2020-10-20,205.22599923044717,206.71906311300145,202.64878038007848,204.13233947753906,22753500
2020-10-21,202.67731999633713,206.2911265473587,202.67731999633713,204.27500915527344,22724900
2020-10-22,203.4476132060578,205.47324974306363,201.32688528683093,204.36058044433594,22351500
2020-10-23,204.49372004805122,205.682471159576,202.71535302876916,205.63491821289062,18879600
2020-10-26,203.3715320530445,205.73951481810852,197.90327731407123,199.7862548828125,37111600
2020-10-27,201.2223143442037,204.15139940189,200.02405821151947,202.8009796142578,36700300
2020-10-28,197.49437094383575,198.60704034441673,192.19730305331996,192.74887084960938,51195600
2020-10-29,194.07072861243995,197.19951467238957,193.40501648336496,194.68887329101562,31432600
2020-10-30,193.52867830113843,194.27996260842124,189.8387902580295,192.5491485595703,36953700
2020-11-02,194.2799692800792,195.22146540382536,190.3142972315909,192.416015625,30842200
2020-11-03,193.89957334651695,197.92230309923994,193.16729858879407,196.3151092529297,27512000
2020-11-04,203.5332416095093,207.62254888258494,202.01163417869662,205.787109375,42311800
2020-11-05,211.16021747082223,213.13830093445856,210.31382731432063,212.34896850585938,36080100
2020-11-06,211.36949711112442,213.36660520525217,207.3467665621743,212.75796508789062,25231900
2020-11-09,213.44264528742468,216.94232164998468,207.20408167686315,207.6890869140625,44395000
2020-11-10,203.9897140385274,205.89171603422466,199.44393042970094,200.67071533203125,44045100
2020-11-11,201.9830874003012,207.3562368625371,201.80239490141182,205.9392547607422,29440800
2020-11-12,206.56691213283364,208.37380804064978,203.9516596545553,204.88363647460938,21593900
2020-11-13,205.75855501047297,206.7666136412532,203.66635593568657,205.9011993408203,18621100
2020-11-16,204.34155952810386,207.07094198920106,204.00871791849252,206.58592224121094,24953300
2020-11-17,205.5113164330714,207.01388520327933,203.59029040110073,203.95167541503906,24154100
2020-11-18,203.7133117893562,205.1626219373687,201.11981554517192,201.26284790039062,28372800
2020-11-19,201.54884251164967,203.12209614163268,200.16626953783916,202.54046630859375,24792700
2020-11-20,202.3307199828359,203.37002133531357,200.23304339047263,200.6049041748047,22843100
2020-11-23,201.13886511693934,202.41653919403498,198.47863240124832,200.3379364013672,25683500
2020-11-24,199.84211894469007,204.28538924574306,199.14607478437247,203.9135284423828,33979700
2020-11-25,205.10539897142638,205.2770203254931,202.57865426468067,203.92306518554688,21012900
2020-11-27,204.85748627754103,206.2114413491955,204.08514657585314,205.2198028564453,14512200
2020-11-30,204.1423273067158,204.77161999615228,201.03393888249715,204.1137237548828,33064800
2020-12-01,204.53325969211036,207.21258045120723,203.427221673315,206.15420532226562,30904500
2020-12-02,204.88603994087757,205.44859583487968,202.90277798745856,205.35324096679688,23724500
2020-12-03,204.62863528432734,206.31631786058674,203.71327783050998,204.27584838867188,25120900
2020-12-04,204.25674018076484,205.3627926747899,203.2651018933249,204.39022827148438,24666000
2020-12-07,204.39978258353827,205.51536487958126,203.08397540183014,204.32350158691406,24620000
2020-12-08,204.01841676740997,206.85981512623442,202.98864501239464,205.96353149414062,23284100
2020-12-09,205.15303927393487,205.21977604983914,201.38675434522085,201.94931030273438,32440600
2020-12-10,201.92069925538198,203.16976955673482,200.5762740787197,200.7288360595703,26733300
2020-12-11,200.2806884384495,203.39860654066334,199.38440501372477,203.3413848876953,30979400
2020-12-14,203.18890075490353,206.15425780448263,202.9791316093424,204.23773193359375,28798400
2020-12-15,205.16259868933062,205.40097137190162,202.36887783317297,204.1709747314453,27000600
2020-12-16,204.76210957630974,209.8728198548005,204.733506021788,209.0814208984375,35023300
2020-12-17,209.64400322361016,210.61656784694551,207.78469920040575,209.21493530273438,32515800
2020-12-18,208.42352294921875,209.47236851032108,205.97305948244417,208.42352294921875,63354900
2020-12-21,207.43190114873119,213.58191314877274,207.1744545903805,212.23748779296875,37181900
2020-12-22,212.3328709835778,215.13613629517062,211.53194219429847,213.5247344970703,22612200
2020-12-23,212.73330101406674,213.16236889979098,210.53073992478457,210.74050903320312,18699600
2020-12-24,211.12188567075353,213.2100324003929,210.912116576052,212.39002990722656,10550600
2020-12-28,214.01097912101392,215.51749613359814,212.64749443916563,214.4972686767578,17933500
2020-12-29,215.78444235567773,216.61397447197703,213.18141724827885,213.7248992919922,17403200
2020-12-30,214.7546914133142,215.13609639636613,211.16957186730082,211.3697967529297,20272300
2020-12-31,211.3888944378769,212.62843531139845,209.46283906668538,212.07540893554688,20942100
2021-01-04,212.18029080751847,212.628432614177,204.81934121407613,207.56539916992188,37130100
2021-01-05,207.15539151255396,208.35679914813903,205.6679482962238,207.765625,23823000
2021-01-06,202.3020912013757,206.42117742109096,202.0827924454249,202.3783721923828,35930700
2021-01-07,204.08511622896737,209.13861918523918,203.77047714250094,208.137451171875,27694500
2021-01-08,208.50934079732144,210.32098186986488,206.93608695061204,209.40562438964844,22956200
2021-01-11,208.3090809689582,208.7286191374999,206.65000217948275,207.37466430664062,23031300
2021-01-12,206.43071832954556,207.00281851869494,203.39862515474547,204.93373107910156,23249300
2021-01-13,204.06607693930206,206.67863205947245,203.98025172181406,206.27816772460938,20087100
2021-01-14,205.86816670165965,207.34608009721836,202.84560313156365,203.11257934570312,29480800
2021-01-15,203.58929700017367,204.53324329007845,202.16859090795862,202.75975036621094,31746500
2021-01-19,203.80859756685624,206.88836785633777,202.74069284584706,206.3734893798828,30480900
2021-01-20,207.5749198269977,215.2886559996151,207.18398515320732,213.90609741210938,37777300
2021-01-21,214.24935885539745,215.77494980554735,212.07540120835768,214.50680541992188,30709400
2021-01-22,216.51864163299658,219.3695836914555,215.29817486027105,215.44119262695312,30172700
2021-01-25,218.46375592415686,219.09306319554696,213.7916579255343,218.8546905517578,33152100
2021-01-26,221.07637903093,223.28847013700926,219.37916655887562,221.52452087402344,49169600
2021-01-27,226.93077069531466,229.2572901681162,219.43633373660575,222.06796264648438,69870600
2021-01-28,224.65189352379872,231.35493046258668,224.15607439835333,227.81747436523438,49111200
2021-01-29,225.01428899918173,226.94987407210942,220.59009246833065,221.17172241210938,42503100
2021-02-01,224.12752469767685,231.22149793113354,221.61983946645995,228.50404357910156,33314200
2021-02-02,230.0773008751623,231.040321211228,227.5886896521305,228.37054443359375,25916300
2021-02-03,228.42774595379248,233.691003496613,228.13215165180748,231.69821166992188,27158100
2021-02-04,231.374034827884,231.92706112737068,229.19053318429755,230.75425720214844,25296100
2021-02-05,230.96401309862384,231.9651810913466,229.23819752167216,230.93540954589844,18054800
2021-02-08,231.84123772980857,232.34658659294607,229.61007317756622,231.19287109375,22211900
2021-02-09,230.6207778665767,233.37636525124478,230.1535767615209,232.4324188232422,23565000
2021-02-10,233.60522939962993,234.4824391274002,229.68638190814508,231.52662658691406,22186700
2021-02-11,233.39544815712694,233.74823505402443,230.88776300580494,233.1189422607422,15751100
2021-02-12,232.5849755201089,233.89126765033635,231.44078960935016,233.59568786621094,16561100
2021-02-16,233.63379055190723,234.68263598664956,231.6219248900733,232.3656463623047,26728500
2021-02-17,230.62633988583025,233.48383401445355,230.26317424435055,233.3787078857422,21653500
2021-02-18,231.08502464867303,233.12062720680663,230.18667690425352,232.98683166503906,16925600
2021-02-19,232.94863218954157,233.05375830942427,229.53682368458402,230.2918243408203,25262600
2021-02-22,226.899124179311,227.38651912425996,222.1015730817524,224.11807250976562,36446900
2021-02-23,220.12330808748274,224.4238980172316,218.59420361274584,222.9330291748047,30228700
2021-02-24,219.8174704300372,224.77748623561877,218.8522322102071,224.1562957763672,26339700
2021-02-25,221.79579640136254,224.19456504241066,217.7819147197483,218.8427276611328,39542200
2021-02-26,221.27013424972316,224.93996757449008,219.36831252056643,222.0824737548828,37819200
2021-03-01,225.4464768789382,226.9469119322539,222.8183385683915,226.44039916992188,25324000
2021-03-02,226.5073102648569,226.784467587276,223.10506778464256,223.50645446777344,22812500
2021-03-03,221.87223909617876,223.22931252952912,217.18936527759203,217.47607421875,34029500
2021-03-04,216.69242752888238,222.18762655907133,214.32231379550353,216.682861328125,44727800
2021-03-05,219.34922125325087,222.93304647278703,216.4248222073289,221.33705139160156,41872800
2021-03-08,221.11722762448446,223.0286010289096,217.06512533998108,217.3135986328125,35267400
2021-03-09,222.56032845718752,224.9495452618804,221.40394110736247,223.42044067382812,33080500
2021-03-10,226.49774377773664,226.49774377773664,221.75753141565502,222.12069702148438,29746800
2021-03-11,224.5481858478187,228.5716192690811,223.92698065361358,226.6220245361328,29907600
2021-03-12,223.64021591176027,225.370020906353,222.89478153071818,225.30311584472656,22653700
2021-03-15,224.54816217518373,224.7679660415921,221.53774020361377,224.40480041503906,26034900
2021-03-16,225.80966043568304,229.42215512507744,225.4847304458189,227.17630004882812,28092200
2021-03-17,225.6853891995927,227.9790458343157,222.89478602257378,226.53594970703125,29562100
2021-03-18,222.25449271210522,223.81226667216245,220.12331549170005,220.49603271484375,34833000
2021-03-19,220.78274914550676,222.16849196675588,219.18675408019257,220.14244079589844,46430700
2021-03-22,220.0660021106585,226.4021956379215,219.94175816101423,225.53253173828125,30127000
2021-03-23,226.96600892038168,230.36825077878098,226.56462231061073,227.05201721191406,31638400
2021-03-24,227.31009164866788,227.45343882328078,224.8922054193831,225.0260009765625,25620100
2021-03-25,224.87310506766323,226.44043082319325,221.30839741674015,222.0442657470703,34061900
2021-03-26,221.28927982619135,226.22062717768958,221.28927982619135,226.0008087158203,25479900
2021-03-29,226.1059184494297,226.30661907775075,221.60464214728856,224.8157501220703,25227500
2021-03-30,223.1815355819631,223.4873623553538,220.85922367484778,221.57598876953125,24792000
2021-03-31,222.58897083183447,228.50467325429472,222.09200971374034,225.32223510742188,43623500
2021-04-01,227.9026180384794,232.07896442554832,227.50123135762215,231.61068725585938,30338000
2021-04-05,232.0025025067712,238.88345854528154,231.9451636368873,238.03289794921875,36910600
2021-04-06,236.6376041839014,238.34827710378195,235.93995691762169,236.87652587890625,22931900
2021-04-07,236.82869878782242,239.81043637350302,236.23617775031423,238.82608032226562,22719800
2021-04-08,241.56893863766072,242.87822479030498,240.8330557729979,242.0276641845703,23625200
2021-04-09,241.66446410764476,244.64621619401328,241.25352587230873,244.51242065429688,24326800
2021-04-12,243.42298773302826,246.25182703657708,243.33696483947543,244.56980895996094,27148700
2021-04-13,245.85997018976445,247.70443852421852,245.44900274248587,247.0354461669922,23837500
2021-04-14,246.0702236664277,247.3603773878888,243.85302350789357,244.2639617919922,23070900
2021-04-15,246.50025159947802,248.41162490695785,246.30913176787533,248.0006866455078,25627500
2021-04-16,247.97198805484174,249.43418729652217,246.18485888892556,249.18569946289062,24878600
2021-04-19,248.66014101635673,249.89298510599394,246.39516805614227,247.27438354492188,23209300
2021-04-20,246.39516931734047,248.66970848969893,245.45858578600297,246.815673828125,19722900
2021-04-21,247.4655258324469,249.12841142074208,245.8504129148692,249.0328369140625,24030400
2021-04-22,248.67922280670476,250.1796578937831,244.31174226259176,245.77395629882812,25606200
2021-04-23,246.45252081189227,249.9216686209097,245.86953668812012,249.57760620117188,21462600
2021-04-26,250.0649948328601,250.81042932030428,248.6410309291481,249.95985412597656,19763300
2021-04-27,249.98852001000546,251.52719079897994,248.5932255615848,250.3612518310547,31014200
2021-04-28,244.7322199736426,245.171856823487,241.74093073064057,243.2795867919922,46903100
2021-04-29,244.13976820979863,244.75140720821997,237.96602476539408,241.3204803466797,40589000
2021-04-30,238.6732026105505,241.86519270079532,238.53940705534927,241.00506591796875,30945100
2021-05-03,242.17104640361455,243.0789605938846,239.99208151221504,240.6992950439453,19626600
2021-05-04,239.84869211716045,240.07806217476235,234.86955799688863,236.80960083007812,32756100
2021-05-05,238.02333610804502,238.4438406050571,234.92692041663318,235.54811096191406,21901300
2021-05-06,235.52895393109677,238.787848657748,233.84695080570577,238.66360473632812,26491100
2021-05-07,240.97636894929843,243.03110387686792,240.03980016990303,241.27264404296875,27032900
2021-05-10,239.75312515895706,240.57501632961734,236.1692999233959,236.2266387939453,29299900
2021-05-11,233.71320928311397,235.67237013483188,231.8209535068911,235.31875610351562,33641600
2021-05-12,231.4386591674871,233.55073330745444,227.52035223071903,228.4091339111328,36684400
2021-05-13,231.08505323354785,234.71666570840435,230.72188761127558,232.2605438232422,29624300
2021-05-14,234.69750339262464,238.13796620390386,234.61149510343202,237.1536102294922,23901100
2021-05-17,235.62456255687053,235.6627836091261,232.7288329763286,234.3152618408203,24970200
2021-05-18,235.35700830039337,235.49080387817347,232.13633364951866,232.30836486816406,20168000
2021-05-19,229.23346982489758,232.98841024168715,228.5533736882799,232.88304138183594,25739800
2021-05-20,233.68768164182094,237.50966697541784,233.59188645475157,236.1015625,21800700
2021-05-21,237.1456784165481,237.87367214593564,234.4348383135843,234.8467254638672,21863100
2021-05-24,237.35642839759134,240.5845394923802,237.08821938185093,240.2205352783203,21411500
2021-05-25,241.16882349619877,242.10755492818512,240.25882769668084,241.1209259033203,17704300
2021-05-26,240.84311836926693,242.28954668456396,240.1917579060202,240.90060424804688,17771600
2021-05-27,240.59409080987143,240.89103543425676,238.75493718013217,238.81240844726562,24426200
2021-05-28,240.43125068294205,241.46577734023427,239.05188180655244,239.1668243408203,18270200
2021-06-01,240.65161401755992,240.70908529709757,236.56141871663016,236.98287963867188,23213300
2021-06-02,237.68215369529995,238.77415186082183,235.48856907342105,236.88710021972656,19406700
2021-06-03,234.89462537591137,235.9674613279748,232.76810081643305,235.36399841308594,25307700
2021-06-04,237.327656277388,241.05386090498885,237.08818293469824,240.23007202148438,25281100
2021-06-07,239.45422133616353,243.39116434225733,239.2913811894754,243.12295532226562,23079200
2021-06-08,244.41612144782889,245.2303368109208,241.8776947734396,241.9351806640625,22455000
2021-06-09,243.12289284381828,244.7704704668223,242.5481656413721,242.9121551513672,17937600
2021-06-10,243.58272547111343,246.61924603470985,242.98883619347527,246.40850830078125,24563600
2021-06-11,247.12693967190552,247.60588643152087,245.80504193815267,247.0311737060547,18999700
2021-06-14,247.04068704419933,249.00438593476218,245.98699852152964,248.94691467285156,19150500
2021-06-15,248.83194109357368,249.04267879656382,246.82994753145974,247.48130798339844,18038900
2021-06-16,248.47756739780246,249.60787470899828,243.70726187295284,246.54263305664062,27220000
2021-06-17,245.28778563786543,250.72861348193877,245.23031436879756,249.91439819335938,27565500
2021-06-18,248.69792281262997,251.25548238283758,247.8549717580351,248.50633239746094,37202200
2021-06-21,248.87991563157925,252.42410431894385,247.0599236858956,251.57159423828125,26696100
2021-06-22,251.6577609163999,254.59850073681733,251.35122800563727,254.33029174804688,24694100
2021-06-23,254.79004143323513,255.59466833497052,253.29573015392864,254.10035705566406,19518700
2021-06-24,254.95291945680933,256.5717616960537,254.29197064989475,255.46060180664062,21446900
2021-06-25,255.02001893731307,255.99705986751763,253.61191420204025,253.86094665527344,25611100
2021-06-28,254.98162143739555,257.577504111274,254.71341248104557,257.40509033203125,19590000
2021-06-29,257.5487904204081,260.21173286835983,256.69628050647634,259.9722595214844,19937800
2021-06-30,259.29219771509827,259.9339699994056,258.2480972924599,259.49334716796875,21656500
2021-07-01,258.2576514590782,260.393764479173,258.24809240227785,260.16387939453125,16725300
2021-07-02,261.33246402879064,266.29434443811215,261.02593114886895,265.9590759277344,26458000
2021-07-06,266.32313540922155,267.6067092239565,262.75018203961656,265.9687194824219,31565600
2021-07-07,267.6354450424523,268.871135874846,265.48018461117033,268.14312744140625,23260000
2021-07-08,265.24064631130216,266.99360740328524,263.29612410075583,265.73876953125,24618600
2021-07-09,264.1103833296634,266.3422622068924,263.72723179599774,266.2369079589844,23916700
2021-07-12,267.4054950035508,267.98979588025134,264.9341139390114,265.6429748535156,18931700
2021-07-13,265.83462337015317,270.94021266723723,265.71012175658416,269.1489562988281,26120100
2021-07-14,270.4612659855572,271.71610427305967,268.73703995210985,270.6145324707031,23113700
2021-07-15,270.1260269670579,270.61456211493976,268.04738474826695,269.1968688964844,22604200
2021-07-16,270.19301525007796,272.1375378043733,267.69289811879054,268.9285888671875,26186800
2021-07-19,267.18520835778435,268.56457724046334,262.89386448508327,265.3460693359375,32935600
2021-07-20,266.32308625199624,269.13929503242093,264.6276255505508,267.55877685546875,26259700
2021-07-21,267.1564446467367,269.66612050122745,265.6142504127117,269.5511779785156,24364300
2021-07-22,271.88850209711006,274.3598838297518,271.48620317580924,274.0916748046875,23384100
2021-07-23,275.26981960045765,277.7794956122771,274.4364570259696,277.4729919433594,22768100
2021-07-26,276.8312368884211,277.4921857787689,274.5706221344017,276.8791198730469,23176100
2021-07-27,277.2430584755565,277.3867366280159,271.035928428635,274.4747619628906,33604100
2021-07-28,276.8215975375424,277.9327573622619,271.87886420658435,274.1682434082031,33566900
2021-07-29,274.18746174068355,276.4672532443601,274.0341952528421,274.4365234375,18168300
2021-07-30,273.16257491426893,274.5898272544668,271.95561942880914,272.91351318359375,20944800
2021-08-02,274.3023442842748,274.69508409233026,271.7926682142206,272.82720947265625,16267400
2021-08-03,273.4019939880385,275.1357790008344,272.0417722643763,275.0303955078125,17879000
2021-08-04,274.16830862662323,275.4806181874648,272.66440865186024,274.44610595703125,16191300
2021-08-05,274.8004915502387,277.43469867133746,274.0533357906488,277.3293151855469,13900200
2021-08-06,276.3618388625209,277.3101439901318,275.50929969046035,277.2718200683594,16589300
2021-08-09,277.5496749205149,279.27387173431777,275.6913589689798,276.189453125,16117600
2021-08-10,276.6396122772204,277.0706760159155,273.19121929801037,274.3789978027344,18616600
2021-08-11,275.1166166899906,276.5055741233187,273.82345446458055,274.8675842285156,13955900
2021-08-12,274.56096197787616,277.7603221003754,274.2831647350226,277.6070556640625,14561300
2021-08-13,277.2910077393741,280.56698698359713,277.1185647007926,280.51910400390625,18249000
2021-08-16,280.84474046702564,282.40611123158624,277.80820582745525,282.19537353515625,22507600
2021-08-17,280.0784907881244,281.07467896746925,278.82362342575755,280.7394104003906,20075300
2021-08-18,280.2787552513025,282.9467958439038,278.58001926830815,279.0215148925781,21813000
2021-08-19,277.0636839198015,285.490088665484,277.01570926895175,284.8182678222656,29850500
2021-08-20,287.64948045556423,293.52300710937357,286.0563295513358,292.10260009765625,40817600
2021-08-23,291.03730802800146,293.1007158957985,289.6936956458467,292.38092041015625,22830200
2021-08-24,292.7360179434968,293.34065084403505,289.83765196769906,290.43267822265625,18175800
2021-08-25,292.0449832645035,292.32331236094075,288.3212662286274,289.84722900390625,20006100
2021-08-26,288.8683063071112,290.2503159413958,286.9104837323351,287.0448303222656,17666100
2021-08-27,286.9488940495873,288.75318629866223,284.8758792924729,287.6495056152344,22605700
2021-08-30,288.99305899463644,291.96821926723266,288.935477703884,291.36358642578125,16348100
2021-08-31,292.1602193870829,292.23698468985657,289.3578025746856,289.7225036621094,26285300
2021-09-01,290.6725935556559,292.8991678511316,289.34816523699277,289.6744689941406,18983800
2021-09-02,290.0296430024722,291.14290105479273,288.0909748362211,289.02191162109375,16285600
2021-09-03,288.8682550507009,290.413430936319,288.16767300122905,289.0122375488281,14747900
2021-09-07,288.8875018649386,288.96426715610795,286.1906707011484,288.0909118652344,17180400
2021-09-08,287.7070752289388,288.5036360740859,285.4901073055441,288.1197509765625,15046800
2021-09-09,288.70522581128586,289.97207310645393,285.03905983067443,285.27899169921875,19927000
2021-09-10,286.4019081368808,287.8414994607695,283.4843281863361,283.801025390625,19633400
2021-09-13,285.5668027729655,286.5169525710251,282.23654837919304,285.02935791015625,23652900
2021-09-14,287.49592696697243,289.2522444456008,286.0947332155957,287.7166748046875,21853400
2021-09-15,291.0468952158528,293.02393100782655,289.66488563272827,292.5440673828125,28356300
2021-09-16,291.52675443497674,293.0143199346179,288.647572728406,292.9279479980469,19550800
2021-09-17,291.9202715592397,292.23696868760265,287.4671227397801,287.7934265136719,41372500
2021-09-20,284.3960300282378,286.68979275399965,277.8602882608627,282.4477844238281,38278700
2021-09-21,283.78172248901336,285.5572235689827,282.22696919676986,282.92755126953125,22364100
2021-09-22,284.77985651789885,288.12929500202966,282.6492610078595,286.5553283691406,26626300
2021-09-23,286.8145429004646,288.78197237941265,285.5476956875188,287.4959411621094,18604600
2021-09-24,286.21945226743645,287.72620170617705,284.971789339243,287.2943420410156,14999000
2021-09-27,284.21366203503686,284.53035916304015,281.142522901756,282.322998046875,23571700
2021-09-28,278.1289850116234,279.069528394677,271.3629186493173,272.1018981933594,43186200
2021-09-29,273.61823631743374,275.22096437346653,271.6124099419833,272.5625305175781,26353700
2021-09-30,274.20369075422246,276.23830803362955,270.27840943903544,270.56634521484375,32343600
2021-10-01,270.7582763645691,278.301748595393,269.96171554788884,277.4571838378906,30086300
2021-10-04,275.82561222271863,276.16152262576014,268.96356808295144,271.7083740234375,31350700
2021-10-05,272.61052278816857,278.7047968877301,272.61052278816857,277.130859375,24993000
2021-10-06,274.270845855537,281.80471044780717,274.0117300480355,281.3056335449219,28002600
2021-10-07,283.2922830435044,284.6935059183277,282.08304662293614,282.9755859375,20430500
2021-10-08,284.2904075857707,284.6935059183277,281.92948674808355,282.9755859375,17685700
2021-10-11,281.1233138675637,285.9699246769011,280.960147351055,282.38055419921875,19298600
2021-10-12,283.4459128754628,283.541891482003,280.57633705782945,281.0849914550781,17974100
2021-10-13,283.0331881435553,285.30773721131357,281.6703624588803,284.3768005371094,23416300
2021-10-14,287.15996114857046,291.05645115386534,285.83553295482557,290.5574035644531,27262900
2021-10-15,290.1639632249141,292.1890031616516,288.4172524202229,291.9586486816406,25384800
2021-10-18,291.34433462509924,295.7974527087723,290.49977017253786,294.9145202636719,22729300
2021-10-19,295.9318739981731,296.8435972219743,294.8473776272357,295.81671142578125,17682100
2021-10-20,296.7572212605968,297.22750747620495,293.7820612638545,295.02972412109375,16537100
2021-10-21,294.7994856279611,298.49441277839924,294.0220794692839,298.2449035644531,16918100
2021-10-22,297.89928072629334,298.56149475669326,295.40398445260985,296.709228515625,17449300
2021-10-25,296.90120994069343,296.9396072317386,294.1180067552253,295.72076416015625,17554500
2021-10-26,298.4752347150335,299.81884727726106,296.1718947099922,297.6210632324219,28107300
2021-10-27,303.27377289207794,312.96702275678115,303.27377289207794,310.155029296875,52588700
2021-10-28,311.2683538472866,311.78661480927093,308.41796248920383,311.2875671386719,26297900
2021-10-29,311.07636256657173,318.6294104720148,310.8556147805,318.26470947265625,34766000
2021-11-01,318.01525586042806,318.14002510806927,313.2262255270214,316.10540771484375,27073200
2021-11-02,317.0074904775489,320.02104795725353,316.7099773873297,319.71392822265625,26487100
2021-11-03,320.4529715980219,321.41269899381626,317.3338575616903,320.5489501953125,21500100
2021-11-04,319.48366550974254,322.98666463204586,316.2397822393411,322.89068603515625,23992200
2021-11-05,324.8772526985791,325.1459751338179,320.951972099872,322.5259094238281,22570100
2021-11-08,323.71593957200855,324.0518499151926,320.9711341206324,323.4184265136719,20897000
2021-11-09,323.53369871472705,325.07887510156485,321.0576148411244,322.4204406738281,21307400
2021-11-10,321.09594304990367,321.15352434002415,316.6332173342628,317.4777526855469,25500900
2021-11-11,317.90964316198944,320.328145224204,317.1994543880921,319.0421142578125,16849800
2021-11-12,320.47213819174647,323.64883306583664,320.34736896230555,323.15936279296875,23831000
2021-11-15,323.94632259604236,324.2726263246895,320.5776708005054,322.5355224609375,16723000
2021-11-16,322.161233873272,326.95029273164477,321.9980966435647,325.8370056152344,20886800
2021-11-17,325.8851065761686,329.0099268651389,324.9813100529108,326.05816650390625,19053400
2021-11-18,325.1543261152059,329.2598774584323,324.1351564442823,328.12530517578125,22463500
2021-11-19,329.44263177761013,331.8078723346504,329.0195768042026,329.8945007324219,21963400
2021-11-22,331.3463577773727,336.2018658663324,326.4716305863018,326.7408447265625,31031100
2021-11-23,324.067875438659,326.3754584116151,320.7123087229874,324.6736145019531,30427600
2021-11-24,323.3275227878649,325.13511563845185,321.04881262656716,324.8947448730469,21661300
2021-11-26,321.4718896050423,324.9139862915625,315.4818391564863,316.98175048828125,24217200
2021-11-29,322.03918406869917,325.9716468199308,321.84687569261206,323.6640930175781,28563500
2021-11-30,322.40457691540473,324.76981754216854,316.3183713889176,317.85675048828125,42885600
2021-12-01,322.22180934894953,326.21195801552415,316.70290620086416,317.3663024902344,33337600
2021-12-02,317.577871266218,320.64500484816296,315.17416340213174,316.799072265625,30766000
2021-12-03,319.20279534885117,319.88546954113923,305.7804982116358,310.5686950683594,41779300
2021-12-06,311.4725379409584,314.8377296116309,306.9343354285372,313.6262512207031,30032600
2021-12-07,318.8662948497607,322.8660390443126,317.38560254163633,322.01995849609375,31021900
2021-12-08,322.39489389495935,322.5775780301863,318.0585957516276,322.0679931640625,24761000
2021-12-09,321.5295600175577,323.5294319116375,319.3277555505204,320.27001953125,22214200
2021-12-10,322.0775956761069,329.7886790069199,321.894911553193,329.3464050292969,38095700
2021-12-13,327.5580286364802,330.5482560904691,326.01964993405755,326.32733154296875,28899400
2021-12-14,320.3854016251195,321.75072054562577,311.6262752750999,315.693359375,44438700
2021-12-15,315.9529188096588,322.2794934666321,312.00123771055326,321.7602844238281,35381100
2021-12-16,322.77952611826163,323.7891011125143,310.5783016127801,312.3858947753906,35034800
2021-12-17,308.5206418429851,312.40504102761383,305.03045417377376,311.3281555175781,47750300
2021-12-20,307.72269664260455,310.3667755304143,305.3382370063855,307.5881042480469,28326500
2021-12-21,310.8379051743816,315.10689283678283,307.4823089268054,314.683837890625,24740600
2021-12-22,315.65485969090975,320.7603321144237,313.203089758129,320.36614990234375,24831500
2021-12-23,319.93351795028815,323.43333069819255,319.91429885047023,321.7987976074219,19617800
2021-12-27,322.539101111183,329.28873101360773,322.51025779288784,329.2598876953125,19947000
2021-12-28,329.9329216504245,330.567504020854,327.21193737349995,328.1061096191406,15661500
2021-12-29,328.1541872836197,331.0386367329647,326.5965892757154,328.7791748046875,15042000
2021-12-30,328.7407262620481,329.91373694625986,325.7697466785753,326.25048828125,15994500
2021-12-31,325.47170904487376,326.28894634545765,322.914160041901,323.3660583496094,18000800
2022-01-03,322.4334327175885,324.98135761149877,317.0779636580305,321.8565368652344,28865100
2022-01-04,321.93330199624364,322.2890753116592,313.5587942701049,316.3374938964844,32674300
2022-01-05,313.30884042531306,313.51077298431005,303.80941290749814,304.1940002441406,40054300
2022-01-06,301.0883900628225,306.42463822029214,299.4923247910214,301.790283203125,39646100
2022-01-07,302.0499018859666,304.30939297872214,298.1462829521569,301.94415283203125,32720000
2022-01-10,297.56936510647546,302.59793177360086,292.9542584305184,302.1652526855469,44289500
2022-01-11,301.3095218517947,304.4150929012101,297.9539558539571,302.847900390625,29386800
2022-01-12,307.35736099935986,310.9532989363436,304.86709358053514,306.0112609863281,34372200
2022-01-13,308.1264486110597,308.52066014986855,292.2908229193429,293.05999755859375,45366000
2022-01-14,292.53117903704157,298.8481288770932,292.0504375760111,298.25201416015625,39846400
2022-01-18,292.3581778205605,297.8674572905509,290.1179057310112,290.99285888671875,42333200
2022-01-19,294.4925862505232,301.8190807709861,291.0408663880378,291.6465759277344,45933900
2022-01-20,297.16558676731063,299.6462002381442,289.541032877528,289.9833068847656,35380700
2022-01-21,291.03128783502143,292.39657724568343,284.2239718518976,284.6278076171875,57984400
2022-01-24,280.9453442370806,285.6661999443274,265.41737031888897,284.9547119140625,85731500
2022-01-25,280.2915581603582,283.6279058744891,274.1861636133682,277.3782653808594,72848600
2022-01-26,296.1271750879496,296.61754086589866,281.74339590875957,285.2816467285156,90428900
2022-01-27,291.00252753568583,295.4637946124978,286.45470114422875,288.2911376953125,53481300
2022-01-28,288.6661016492175,296.59833777305556,283.10873012038377,296.3868103027344,49743700
2022-01-31,297.05032598507745,300.3482072027823,294.56968223267785,299.00213623046875,46444500
2022-02-01,298.45396439636784,298.6654918462446,293.37733494145994,296.8675231933594,40950400
2022-02-02,297.7040073654435,302.9825400250582,296.98289506365415,301.386474609375,36636000
2022-02-03,297.5694010605456,299.24240163998115,288.4064681116785,289.64678955078125,43730000
2022-02-04,288.6467895203125,296.9059245774293,288.4160430007419,294.1560974121094,35096500
2022-02-07,294.37731117460294,295.98297161566165,288.3487929994967,289.3583679199219,28533300
2022-02-08,289.6467780186861,293.7907677485287,288.3968617508122,292.82928466796875,32421200
2022-02-09,297.9347607103794,299.9154135304483,295.5503014236904,299.22314453125,31284700
2022-02-10,292.3293418995418,297.2136633368289,289.1179917352157,290.7332763671875,45386200
2022-02-11,291.51204526354115,292.5696824760353,282.8875412205064,283.67596435546875,39175600
2022-02-14,282.45487744042305,285.3297318388345,280.128104788829,283.63751220703125,36359500
2022-02-15,288.45451559979455,289.21406602076195,285.5796615630517,288.89678955078125,27058300
2022-02-16,287.47087375855756,289.8795515618136,282.95219184742473,288.5596008300781,29982100
2022-02-17,285.53424115249396,285.95817072943447,279.4065799267549,280.10992431640625,32461600
2022-02-18,282.34522991631013,283.12563925409984,275.85144328731116,277.4122619628906,34264000
2022-02-22,274.58928762159644,280.8903974019096,274.1075520292779,277.2099304199219,41736100
2022-02-23,279.5801406890446,281.04463612333797,269.8683613274452,270.0321350097656,37811200
2022-02-24,262.55554816759064,284.3781651371424,261.6016916782459,283.8289794921875,56989700
2022-02-25,284.3588691791243,286.75790276376836,280.9963351099328,286.4495849609375,32546700
2022-02-28,283.5591579767434,288.2127395416602,282.29701327303695,287.8755187988281,34627500
2022-03-01,285.57288855148806,289.0124881625568,281.4781355105427,284.1758728027344,31217800
2022-03-02,284.57087386389,290.4576988958387,282.97153735333467,289.2244567871094,31873000
2022-03-03,291.82580808856017,292.05703176941057,283.30869674167064,285.11041259765625,27314500
2022-03-04,283.539896997228,284.8598476008339,276.6799879839054,279.2716979980469,32356500
2022-03-07,277.99039157836177,279.1080218893395,268.35567793491134,268.7218017578125,43157200
2022-03-08,267.6522801991081,273.58726615536074,260.1372168079997,265.7735290527344,48159500
2022-03-09,273.0863540788961,279.0213418248331,270.52351645659496,277.9615173339844,35204500
2022-03-10,272.68167772663327,276.13092196464873,270.33080504905854,275.1578063964844,30628000
2022-03-11,277.44115846333716,278.93455646472097,269.2227503051047,269.8393859863281,27209300
2022-03-14,270.0995117672135,274.9746736705197,265.74463254293596,266.34197998046875,30660700
2022-03-15,270.10914399569396,277.3062746946172,268.5483254301358,276.6607360839844,34245100
2022-03-16,278.54919544627364,283.809770330095,272.8551054876842,283.6363525390625,37826300
2022-03-17,282.5765120453136,284.81174316450165,278.799691528735,284.4360046386719,30816600
2022-03-18,284.58046582678224,290.00481304770483,282.0369173074508,289.45562744140625,43390600
2022-03-21,287.9718680378315,289.17620681599607,284.12759866402473,288.23199462890625,28351200
2022-03-22,288.8486670583763,293.85872928601555,287.85629285362114,292.95306396484375,27599700
2022-03-23,289.53274726035676,292.1533901687108,286.84465430957243,288.54998779296875,25715400
2022-03-24,288.2127985858923,293.0879606698215,287.4227451186162,292.9916076660156,24484500
2022-03-25,294.08028132501425,294.3404079254056,288.3572608939785,292.5868835449219,22566500
2022-03-28,293.21315853638436,299.4468179763362,293.21315853638436,299.3504943847656,29578200
2022-03-29,302.4431603178221,304.2833933051364,297.7606763526413,303.88836669921875,30393400
2022-03-30,302.2986959453416,304.40869996608586,300.1983066415058,302.39501953125,28163600
2022-03-31,302.4335907750661,303.6283150055242,296.643149106342,297.04779052734375,33422100
2022-04-01,298.0690573372068,298.8013048013512,294.37897586444814,298.11724853515625,27110500
2022-04-04,298.7627341145734,303.59934819649135,298.39661041143324,303.4644775390625,24289600
2022-04-05,301.8266373690895,303.36819729800135,298.550840896908,299.5239562988281,23156700
2022-04-06,294.04175386251336,295.7856342398464,285.8715081688589,288.5596008300781,40110400
2022-04-07,285.8233566950077,292.5580106672026,285.5246829888432,290.3612976074219,31411200
2022-04-08,289.4652242441084,290.12037745533155,285.45718142982423,286.1219787597656,24361900
2022-04-11,281.13131042163127,281.9213345739858,274.589331792798,274.83984375,34569300
2022-04-12,278.6744307786593,280.119637735793,270.24405686204636,271.7567138671875,30966700
2022-04-13,272.4022274692682,278.0385105603026,271.02444128433206,277.11358642578125,21907200
2022-04-14,277.56646786602556,277.7784327469066,269.1168344018573,269.6081848144531,28221600
2022-04-18,268.7218049347441,272.14211655748016,268.1726191938997,270.2729797363281,20778000
2022-04-19,269.17462316196963,275.7166016837058,268.2400548017216,274.87835693359375,22297700
2022-04-20,278.82849614918496,279.1175550852986,274.94570927007976,275.8995361328125,22906700
2022-04-21,278.03852943515125,282.5861150592423,269.82976470304897,270.5523681640625,29454600
2022-04-22,271.39059991716476,272.8550951713469,263.393799558569,264.0200500488281,29405800
2022-04-25,263.3070532274066,270.8413756866367,260.87908697872507,270.46563720703125,35678900
2022-04-26,267.3633137874921,268.19188507903243,260.137278279722,260.3492431640625,46518400
2022-04-27,271.7952151207864,280.34119944845656,268.96260761022705,272.8742980957031,63477700
2022-04-28,274.77226623006675,280.3507709313544,271.1785092154358,279.0500793457031,33646600
2022-04-29,278.0674307607547,279.29105809866707,266.3998077256145,267.3825378417969,37073900
2022-05-02,267.56553951466765,274.53144585501184,266.12997704590924,274.07861328125,35151100
2022-05-03,273.58732958233423,273.7511326570161,269.91650591302243,271.4869689941406,25978600
2022-05-04,272.2673535703565,280.2545389514792,266.6214258152803,279.3874206542969,33599300
2022-05-05,275.10958168100854,275.88999102064156,264.318692205309,267.21875,43260400
2022-05-06,264.77149224146683,269.0493063035853,261.3607962940362,264.6944274902344,37780300
2022-05-09,260.19500872248045,262.4109805408289,253.70122277240785,254.91517639160156,47726000
2022-05-10,261.7654605643178,263.75020864058513,255.38728670730274,259.65545654296875,39336400
2022-05-11,255.97505275215912,261.44756278263503,249.82810103784647,251.03244018554688,48975900
2022-05-12,248.27688839647124,250.3868926130945,240.88706627938942,246.02236938476562,51033800
2022-05-13,247.94931299700548,253.43146634006962,246.0223706452165,251.5815887451172,34925100
2022-05-16,250.46398464979046,256.1099416160169,246.43668177320907,251.94773864746094,32550900
2022-05-17,256.3892786113193,258.52818561527994,252.87261500014733,257.0733642578125,28828800
2022-05-18,253.98310507106706,254.56254010236933,244.10384241044304,245.36892700195312,31356000
2022-05-19,245.19505877898175,248.83582357923467,243.24432488041336,244.46112060546875,32692300
2022-05-20,248.420587153045,249.67603468949343,237.99087400334946,243.9010467529297,39199300
2022-05-23,246.73057447845937,252.53451735450935,244.74118884717117,251.71365356445312,33175400
2022-05-24,249.0483104249833,252.3703436440929,244.80880649372511,250.71897888183594,29043900
2022-05-25,249.289783654333,255.5089636207459,248.31440168457397,253.51959228515625,28547900
2022-05-26,253.27807996316005,257.9521373499767,252.46688284359203,256.78363037109375,25002100
2022-05-27,259.2751950241192,263.96855616192437,258.38672418405815,263.8719787597656,26910800
2022-05-31,263.1863562668899,265.3495488346776,259.70977573202504,262.5489807128906,37827700
2022-06-01,265.76485697863757,268.1694785962378,260.7817625947678,263.0801696777344,25292200
2022-06-02,255.38340607068776,265.2336837998182,252.63111175251524,265.16607666015625,44008200
2022-06-03,261.0424863281772,264.074846353105,259.20763325124227,260.7624206542969,28059000
2022-06-06,262.73246453455715,264.7797759619563,258.0584066884809,259.53594970703125,22400300
2022-06-07,257.49833236224606,263.76581500022235,256.82231988834405,263.15740966796875,22860700
2022-06-08,262.3945173250315,263.64029841566133,260.3665091352675,261.13909912109375,17372300
2022-06-09,258.5992099165968,263.36017868447857,255.5572129915601,255.71173095703125,26439700
2022-06-10,251.64601255514395,251.64601255514395,243.87201825932195,244.31625366210938,31422800
2022-06-13,236.70645685368288,240.4824068795414,233.24919461693813,233.95416259765625,46135800
2022-06-14,235.49929128823007,237.31484044107447,233.22985484717458,236.10769653320312,28651500
2022-06-15,239.79673406143797,246.54708847653447,237.97153296010552,243.12844848632812,33111700
2022-06-16,237.5466102902709,238.93724247462407,234.68810167633953,236.5712432861328,33169200
2022-06-17,236.31049083013178,241.9116415660145,235.6634634572943,239.1593475341797,43084800
2022-06-21,241.67987371090587,246.0159401392919,240.95558733169304,245.0405731201172,29928300
2022-06-22,243.25401534558895,248.3530054561835,241.78612402987773,244.45150756835938,25939900
2022-06-23,246.8078492299289,250.47755532769025,244.93435931975776,249.9850311279297,25861400
2022-06-24,252.8338959418169,258.79237173531016,252.74698510975713,258.52197265625,33923200
2022-06-27,259.01450212809226,259.1014129718145,254.25353259267325,255.808349609375,24615100
2022-06-28,254.92950951957212,257.7590479870569,247.53212753900692,247.6866455078125,27295500
2022-06-29,248.75853349236172,252.9883700808471,246.99127320177047,251.33700561523438,20069800
2022-06-30,248.23708621339836,250.63207057542505,244.22937393334024,248.02462768554688,31730900
2022-07-01,247.59973919232516,250.86383187727745,245.88075254538774,250.6803436279297,22837700
2022-07-05,247.3775897790424,253.96377399992517,246.00627607080364,253.83822631835938,22941000
2022-07-06,254.70741739613206,258.8020409501888,253.40369581093594,257.08306884765625,23824400
2022-07-07,256.0303623949221,259.8352819464038,255.93378499828523,259.1979064941406,20859900
2022-07-08,255.71170926657888,258.9082238859461,254.2631366183598,258.4833068847656,19658800
2022-07-11,256.5421839550465,257.3920178707807,253.19115172489805,255.4412841796875,19455200
2022-07-12,256.76436593684815,256.82230649201273,243.39885616958918,244.9729766845703,35868500
2022-07-13,241.61229886642806,244.85710267048802,239.60360939385333,244.05555725097656,29497400
2022-07-14,241.9792718550764,246.39258278636146,237.50800563214514,245.36892700195312,25102800
2022-07-15,246.952711238918,251.44328137226535,246.0352846750309,247.91842651367188,29774100
2022-07-18,250.8444988809621,251.89712481035676,244.6156393919706,245.53306579589844,20975000
2022-07-19,248.74892353389214,250.81556833510322,244.98263991671732,250.632080078125,25012600
2022-07-20,250.9893210922922,255.78892579220218,250.03327267886766,253.27806091308594,22788300
2022-07-21,250.88318973487608,255.80834373168997,248.2178060367972,255.76004028320312,22404700
2022-07-22,256.1462886118709,256.23319944277154,250.1878423691355,251.43359375,21881300
2022-07-25,252.05165427259675,252.5345118478316,248.00530543442562,249.95603942871094,21056000
2022-07-26,250.95075721193598,250.97009037906219,241.01356825164817,243.263671875,39348000
2022-07-27,252.2061678876976,260.79136010238045,249.97536828625238,259.5262756347656,45994000
2022-07-28,260.5016528744498,268.3142846363358,258.68610373864,266.9333190917969,33459300
2022-07-29,268.1791152582621,272.33167871252647,267.1457929503217,271.1148681640625,32152800
2022-08-01,268.2950273632756,271.63639399506593,266.38290049065427,268.478515625,21539600
2022-08-02,266.5373945260248,268.3626103956282,263.0415102262708,265.3978576660156,22754200
2022-08-03,267.2713577584934,273.7802690088794,267.12647689627147,272.78558349609375,23518900
2022-08-04,272.13853085373546,274.0699612486414,270.56443983776984,273.92510986328125,18098700
2022-08-05,269.5794114121241,273.9251301220604,269.1255240569013,273.21051025390625,16774600
2022-08-08,274.3113883534034,276.11730051736697,269.74357435929414,270.70928955078125,18739200
2022-08-09,270.05262233660574,273.3746556298809,268.09219211802474,272.62139892578125,23405200
2022-08-10,278.2901063596378,279.87386364505505,277.1022662921124,279.24615478515625,24687800
2022-08-11,280.8782402159332,281.22588350260514,276.6870402559907,277.1795349121094,20065900
2022-08-12,278.58961104800113,281.9020080566406,277.10240096341505,281.9020080566406,22619700
2022-08-15,281.02309922866345,284.0940662295999,280.16359862776034,283.4084167480469,18085700
2022-08-16,281.9791529178918,283.958886627976,280.4630025536895,282.6744689941406,18102900
2022-08-17,280.4002663240658,283.8939138882916,280.1389803646201,281.9293518066406,18253400
2022-08-18,280.8357509194147,282.5003080383182,279.76151632304703,280.81640625,17186200
2022-08-19,279.5873490654093,279.9260727784797,276.3550169722019,276.9259948730469,20570000
2022-08-22,272.98719375507784,273.3549492553272,268.2838690742468,268.7967834472656,25061100
2022-08-23,267.5290222167969,269.87099753157673,266.5225381093492,267.5290222167969,17527400
2022-08-24,266.53223836596896,268.29357825746257,266.24189106268454,266.8999938964844,18137000
2022-08-25,268.39027578883355,270.0258011315452,265.67085828538086,269.8612976074219,16583400
2022-08-26,270.0838799821935,271.3032734990673,259.3417106465169,259.4481506347656,27549300
2022-08-29,257.28036854850586,258.78039270297364,255.34483826720634,256.68035888671875,20338500
2022-08-30,258.0738909142503,258.4416167849743,252.25761414315465,254.49314880371094,22767100
2022-08-31,256.83521747406513,258.49974524528255,252.90606363880963,253.04156494140625,24791800
2022-09-01,250.52530228623345,252.48020634323478,247.17684390348873,252.0059814453125,23263400
2022-09-02,253.26411708214042,256.20610147316614,246.26716536821394,247.805908203125,22855400
2022-09-06,247.94142082307454,249.51885306650013,243.81873220604314,245.0865020751953,21328200
2022-09-07,246.48972426139284,250.4865833733889,245.0574363023817,249.77044677734375,24126700
2022-09-08,249.20919235362013,252.0350498159717,246.57685541782593,250.18661499023438,20319900
2022-09-09,252.10282364921977,256.68036347856776,251.89960123552532,255.93516540527344,22084700
2022-09-12,257.2125536578714,258.82873403398463,256.6125441459456,258.05450439453125,18747700
2022-09-13,250.49629269213037,252.00600375133774,243.47999634028216,243.8671112060547,33353300
2022-09-14,245.35746095813147,246.03489350941175,241.8057651557058,244.08969116210938,23913000
2022-09-15,241.71867215528192,243.29611908968658,236.15402331387534,237.47018432617188,31530900
2022-09-16,236.38629220933913,237.3927761581187,234.2572119949683,236.850830078125,39791800
2022-09-19,234.65400280433187,237.23793382536144,233.0862280822725,236.63792419433594,26826900
2022-09-20,234.26688762643548,235.66045686379198,231.91521092748422,234.63462829589844,26660300
2022-09-21,236.3959688481416,239.6766917207571,231.19906057717108,231.24745178222656,28625600
2022-09-22,230.20224081204793,235.99915810009645,229.91192314451845,233.2119903564453,31061200
2022-09-23,231.8184307644762,233.35718839815166,227.61833404254136,230.2506561279297,34176000
2022-09-26,229.40875247295335,233.66691361062985,229.26357882719185,229.7958526611328,27694200
2022-09-27,232.24426616908045,234.00560575138226,226.94091751914982,228.7893524169922,27018700
2022-09-28,229.17642964868273,234.5184966384645,227.16347665591098,233.2991180419922,29029700
2022-09-29,231.18940064159077,232.215229269323,226.85381719409244,229.84420776367188,27484200
2022-09-30,230.60872427461211,232.78619560885667,225.22795302914213,225.39247131347656,35694800
2022-10-03,227.82157728205974,233.82171772604818,227.09575348399042,232.97976684570312,28880400
2022-10-04,237.18953820241006,242.28966427196394,237.08308345370094,240.8573760986328,34888400
2022-10-05,238.06052054576585,242.5025584054372,236.23144526431753,241.1670379638672,20347100
2022-10-06,239.93795297204747,242.2702700067914,238.14759670449743,238.83470153808594,20239900
2022-10-07,233.1346048289845,233.5410791626443,225.65378480022213,226.68930053710938,37769600
2022-10-10,225.5376480865996,226.99896799750226,219.42136587622,221.86013793945312,29743600
2022-10-11,220.28268877269275,221.67627288848584,216.88583856563983,218.14393615722656,30474000
2022-10-12,218.1342072790965,220.51491548211942,216.7406381971181,218.47293090820312,21903900
2022-10-13,212.76316144954848,228.4893441994696,212.06636940173655,226.68930053710938,42551800
2022-10-14,227.9473631652827,229.5925754900993,220.97945807089755,221.19236755371094,30198600
2022-10-17,228.21831457600948,231.25709562180103,227.56022679759386,229.87318420410156,28142300
2022-10-18,235.39917762563184,236.06692311030656,227.78285659055385,230.8119659423828,26329600
2022-10-19,229.39900168382854,231.88616474151667,226.73764801989628,228.8570556640625,19985700
2022-10-20,228.1699333317577,233.53134435033044,227.29893606647624,228.5376739501953,21811000
2022-10-21,227.17318083073934,235.166915097807,226.9409118947973,234.31527709960938,26299700
2022-10-24,235.90235677531274,239.85083917309356,233.52166349102654,239.2798614501953,24911200
2022-10-25,239.28956155004425,242.94771196115997,237.90566472884615,242.57997131347656,34775500
2022-10-26,223.71824496136685,230.61841449713438,222.64402516459023,223.86341857910156,82543200
2022-10-27,223.59244061528798,226.15702697219044,218.50200154160817,219.44073486328125,40424600
2022-10-28,218.9471714496145,228.97321801422746,218.763293726381,228.26673889160156,40647700
2022-10-31,226.22475535763192,227.3473663725247,223.69888795758465,224.64730834960938,28357300
2022-11-01,227.03767812320683,228.1409296481597,220.0020223387947,220.81494140625,30592300
2022-11-02,222.06334620744084,223.84403012553616,212.94698761825015,213.00506591796875,38407000
2022-11-03,212.9954183740974,213.3051102957607,207.08237299301675,207.3436737060547,36633900
2022-11-04,210.5372801806807,214.447044310669,206.5500783111964,214.2534942626953,36789100
2022-11-07,214.8341789629505,221.04722910682952,214.1470592473895,220.52462768554688,33498000
2022-11-08,221.32783708020688,224.18274067732156,218.56002878294467,221.4923553466797,28192500
2022-11-09,220.04077360061905,221.26016723006236,217.09877382586166,217.27296447753906,27852900
2022-11-10,227.84089369162848,235.48624560984527,227.42476185380536,235.14752197265625,46268000
2022-11-11,235.15722211445575,239.99604710310476,234.1313788126477,239.1444091796875,34620200
2022-11-14,234.18946032496393,236.0475673740293,231.49907477577239,233.76364135742188,31123300
2022-11-15,237.74116029609917,239.03796188941354,232.29263846364998,234.17010498046875,31390100
2022-11-16,235.62582643468144,236.60603316606853,233.32576434985185,234.59710693359375,24093300
2022-11-17,230.76366974368625,236.07226408161256,230.61810181463593,234.548583984375,23123500
2022-11-18,236.32456307646515,236.5477869566877,231.97676193163215,234.10214233398438,27613500
2022-11-21,234.30595375905,237.45035420758848,234.0730450796648,234.9076690673828,26394700
2022-11-22,236.40223227361014,238.07148033059326,233.6072243246812,237.79974365234375,19665700
2022-11-23,237.87740335454106,240.9538626225825,237.06219325627018,240.27452087402344,19508500
2022-11-25,240.01248322560096,241.36146712631268,239.44959583276983,240.1871795654297,9200800
2022-11-28,238.81875468278062,239.37192761122702,233.69455635778226,234.626220703125,24778200
2022-11-29,234.27683765009397,235.62582136830417,231.1809796211648,233.23841857910156,17956300
2022-11-30,233.47135371926146,247.7958155951577,232.78229762918565,247.61141967773438,47594200
2022-12-01,246.37890225412923,248.56251016658027,243.51595261951238,247.17471313476562,26041500
2022-12-02,242.44842226131698,248.5042854543991,242.32225350861475,247.49497985839844,21528500
2022-12-05,244.57375787361877,246.3303613663216,240.74031627098933,242.81716918945312,23435300
2022-12-06,243.41887208872768,244.4281775081437,236.58659838862874,237.88705444335938,22463700
2022-12-07,237.60564320065706,238.89639979977625,235.0629579890975,237.15921020507812,20481500
2022-12-08,237.61531942592248,241.40024809384906,235.8878444020433,240.0997772216797,22611800
2022-12-09,237.47948221736485,240.98296029845363,236.95542284837845,238.17823791503906,20609700
2022-12-12,240.14830210772652,245.08810406106682,239.87656546489097,245.05899047851562,30665100
2022-12-13,253.96810428467265,256.13231253660445,245.60246632207827,249.3388671875,42196900
2022-12-14,249.54274040610767,254.84162114511395,246.80594445741409,249.6300811767578,35410900
2022-12-15,246.2333334693487,246.69916567601095,240.04158720461845,241.6623077392578,35560400
2022-12-16,241.21588885198315,242.4678175315528,236.32459886583192,237.46978759765625,86102000
2022-12-19,237.63473277219197,237.9744109828848,231.66621136200337,233.3548583984375,29696400
2022-12-20,232.33584867761797,235.74228609848038,231.38477037827317,234.6650390625,25150800
2022-12-21,234.5582680100152,238.37229534259706,233.02488851892647,237.2174072265625,23690600
2022-12-22,234.14099458820857,234.84946471293264,226.96905623748663,231.16159057617188,28651700
2022-12-23,229.14295316711923,231.8215067666557,227.0369865095698,231.68563842773438,21207000
2022-12-27,231.65654287895535,231.87975199416192,228.87123430992634,229.9678955078125,16688600
2022-12-28,229.89993593986588,232.64643111207874,227.26019552023155,227.6095733642578,17457100
2022-12-29,228.69652150065144,234.7815128184782,228.69652150065144,233.8983612060547,19770700
2022-12-30,231.1809912077217,232.87935283490333,229.6767250905103,232.7434844970703,21938500
2023-01-03,235.90726682667218,238.4984794551215,230.39486293780934,232.5105438232422,25740000
2023-01-04,225.42597193507248,225.99855889308043,219.29246770974694,222.33981323242188,50623400
2023-01-05,220.4958596008794,220.83553784778456,215.21637883212745,215.75015258789062,39585600
2023-01-06,216.4198034707522,219.09835714227594,212.87751216247153,218.2928466796875,43613600
2023-01-09,219.76800002138827,224.41666688908288,219.7291868413214,220.41822814941406,27369800
2023-01-10,221.0393201111181,224.48457072526574,220.62201553173728,222.09716796875,27033900
2023-01-11,224.4651718383663,228.98766979827053,224.2904903213458,228.81298828125,28669300
2023-01-12,228.3180371449277,232.8211212975009,226.66820302336927,231.47213745117188,27269500
2023-01-13,230.00670447846073,232.3067667845128,227.98807845959973,232.1708984375,21333300
2023-01-17,230.94806647820474,233.80131636600996,230.09402846864725,233.25784301757812,29831300
2023-01-18,234.4418366169308,235.22793302598163,228.57035512507287,228.85179138183594,30028700
2023-01-19,226.8817052615486,228.57036731781892,223.8731729886452,225.08628845214844,28623000
2023-01-20,227.92984354153225,233.63634353931783,227.59016528126836,233.13168334960938,35389800
2023-01-23,233.98570310784828,237.93559913009912,232.57847740404011,235.42202758789062,31934000
2023-01-24,235.34438219144687,236.7515930613996,233.34517042755766,234.89794921875,40234400
2023-01-25,227.5610098347346,236.12075825686085,224.08664593704998,233.5101318359375,66526600
2023-01-26,236.4604658112775,240.98296392015405,234.85915928502237,240.68211364746094,33454500
2023-01-27,241.642866899376,242.45807682264515,239.5466001179385,240.8373565673828,26498900
2023-01-30,237.2950922529375,238.3529402272609,235.0532571701788,235.5482177734375,25867400
2023-01-31,236.26633388704025,240.63354898590805,235.78108776494383,240.4976806640625,26541100
2023-02-01,240.68212262765826,247.6502511666021,238.2267779645673,245.29196166992188,31259900
2023-02-02,251.182852423541,256.8796381260482,249.65917223320272,256.79229736328125,39940400
2023-02-03,251.88155741509414,256.40405468460085,249.51355404450143,250.72666931152344,29077300
2023-02-06,249.84355651391297,250.67816573061054,247.26204327207444,249.1933135986328,22518000
2023-02-07,252.8422681718409,260.8391124137131,252.40553494471192,259.6648254394531,50841400
2023-02-08,265.13852274513965,268.59347315321855,258.35476105655573,258.85943603515625,54686000
2023-02-09,265.72079145937573,265.8955025899572,255.0453756946998,255.8411865234375,42375100
2023-02-10,253.81285255852234,256.2973105018647,252.96852898785733,255.33653259277344,25818500
2023-02-13,259.7426507765096,266.4972709042155,259.267089268209,263.3140563964844,44630900
2023-02-14,264.6242233380636,266.85634441272913,261.33423929408957,264.13897705078125,37047900
2023-02-15,261.0547562578646,263.39950469785816,258.9726863891012,262.0276794433594,28922400
2023-02-16,256.8712112727191,259.51756396304177,254.8086185285917,255.05184936523438,29603600
2023-02-17,252.36656000925092,253.047588426155,249.06833614983722,251.0725555419922,30000100
2023-02-21,247.58947974202172,248.5721416274502,244.77773242454728,245.8284912109375,28397400
2023-02-22,247.21004899921323,247.45327979594094,243.56158704829775,244.6999053955078,22491100
2023-02-23,248.6402152353794,249.88555556651798,243.69776430121092,247.87161254882812,29219100
2023-02-24,243.19187704458037,244.2037105882477,241.38223939221282,242.47190856933594,24990900
2023-02-27,245.62418557007777,245.97443849874284,242.63730436651332,243.38645935058594,21190000
2023-02-28,242.32600492940065,244.68047745107052,241.99519973636188,242.66651916503906,22491000
2023-03-01,243.97020688018864,244.13560203633548,239.1347775749903,239.60179138183594,27565300
2023-03-02,239.8742028427946,244.592871158647,238.95965271701235,244.31072998046875,24808200
2023-03-03,245.36148024067188,248.69859936512998,244.58313878749726,248.37753295898438,30760100
2023-03-06,249.48666061100502,253.07674918507004,249.04884819003743,249.9147491455078,24109800
2023-03-07,249.36018084473946,250.71255821742662,246.528985881538,247.26840209960938,21473200
2023-03-08,247.16137194826737,247.6478334867659,244.01883456634258,246.83058166503906,17340200
2023-03-09,248.8931761547208,252.53189877832503,244.76797717147787,245.48794555664062,26653400
2023-03-10,244.28156241943404,245.9452528022764,240.89579379056408,241.85897827148438,28333900
2023-03-13,240.7011840514009,250.92661597294014,239.0764041542882,247.04464721679688,33339700
2023-03-14,249.79803486123274,254.00107026600773,248.93213379575317,253.72865295410156,33620300
2023-03-15,252.94050434838186,259.26450315131655,252.19133471855704,258.2526550292969,46028000
2023-03-16,258.0289586598438,269.07164313641664,256.1512239726221,268.7214050292969,54768800
2023-03-17,270.72555782486927,275.6582547664565,268.8380848690044,271.8638610839844,69527400
2023-03-20,269.4802407516752,269.96670228330714,262.543294560003,264.8588562011719,43466600
2023-03-21,267.4371343013886,267.5538803349331,262.2222505034053,266.3669128417969,34558700
2023-03-22,265.9971667055635,273.43031336043435,264.81019934883693,264.917236328125,34873300
2023-03-23,270.41426299778846,273.44977847868375,267.7484630649204,270.141845703125,36610900
2023-03-24,269.7332022897182,273.03142599171395,267.8262812456373,272.9730529785156,28172000
2023-03-27,272.9048917232196,273.83888945620816,268.05972466794566,268.8964538574219,26840200
2023-03-28,268.32248351379377,268.6630125541161,264.68373074732534,267.77764892578125,21878600
2023-03-29,271.40656350866607,273.5275579931893,270.8714677908796,272.91461181640625,25087000
2023-03-30,276.53397442659906,276.757727762298,273.8584356014265,276.35882568359375,25053400
2023-03-31,276.04753751584985,281.4375111990139,275.33729282077917,280.4937744140625,32766000
2023-04-03,278.761931454292,280.46454697415277,276.26154151333856,279.4527282714844,24883300
2023-04-04,279.4527167048261,282.58553031935185,277.9349590223858,279.404052734375,25824300
2023-04-05,278.1100534490355,279.37484150873803,275.25939610333745,276.64093017578125,22064800
2023-04-06,275.54153732325625,284.1713602969535,274.3934952141327,283.7043762207031,29770300
2023-04-10,281.37908101323706,281.7585352734682,277.00092706983764,281.5542297363281,23103000
2023-04-11,278.0127931758795,278.2365761916983,274.0140932371224,275.1718444824219,27276600
2023-04-12,277.0788133677007,279.23870411334195,274.32542401576865,275.8139953613281,27403400
2023-04-13,275.91126538247534,282.05040792429327,275.50265429718814,281.9920349121094,24222700
2023-04-14,279.22894208294247,280.66887902365164,276.00856885442937,278.3922424316406,20987900
2023-04-17,282.0795713658837,283.7043659155023,278.41166217437114,280.98016357421875,23836200
2023-04-18,283.67522525510293,283.86008303886325,279.2386978273748,280.5618591308594,20161800
2023-04-19,278.2462667608946,281.22340905975057,276.8355460862607,280.6396789550781,17150300
2023-04-20,277.5263678512321,281.2040166915489,277.3609578281469,278.3630676269531,23244400
2023-04-21,277.2927991907115,278.5186620047946,275.3955874268566,278.0224914550781,21676400
2023-04-24,274.45187596772155,277.234451496004,271.173129844423,274.1405334472656,26611000
2023-04-25,271.9417767926592,273.9751827450711,267.9138604386518,267.9625244140625,45772200
2023-04-26,288.6662882525056,291.4585727273819,284.8037824567908,287.3722839355469,64599200
2023-04-27,287.9560567732343,296.936147852177,287.2555509397699,296.5761413574219,46462600
2023-04-28,295.7783383038111,300.5651029592613,295.097280309873,298.9403381347656,36469600
2023-05-01,298.6582327311371,300.24410228095644,296.8875053999733,297.2864074707031,21294100
2023-05-02,299.42681707438953,300.8083512230657,295.6810572722288,297.14044189453125,26404400
2023-05-03,298.31766627691815,300.25377368049993,295.85617210321027,296.15777587890625,22360800
2023-05-04,297.9479549880525,299.42681707438953,295.1848569994441,297.14044189453125,22519900
2023-05-05,297.442082171176,303.5228521768905,296.03133165334634,302.23858642578125,28197100
2023-05-08,301.73263089775384,301.80074263730194,297.80201345372643,300.2926940917969,21318600
2023-05-09,299.6603622188009,301.6451339704267,298.0161195443124,298.68743896484375,21340800
2023-05-10,300.26351860842567,304.5249264836218,299.33925948976275,303.8536071777344,30078000
2023-05-11,301.7034867589505,302.695857722587,297.9674652772338,301.71319580078125,31680200
2023-05-12,302.14127044452766,302.2385686971637,298.29824184109515,300.60406494140625,19774700
2023-05-15,300.73048099417764,301.5088074549296,299.2613578814132,301.0807189941406,16336500
2023-05-16,301.4407853698495,305.21573217875385,301.4407853698495,303.299072265625,26730300
2023-05-17,304.49835287265563,306.58494426267947,302.9870076180216,306.1656799316406,24315000
2023-05-18,306.68249676156313,311.07998209113083,305.89270858681226,310.57293701171875,27276000
2023-05-19,308.8373747474863,310.79723506942764,308.47661095325554,310.3974609375,27546700
2023-05-22,310.6509792014614,314.54141972113337,310.0757031921086,313.1665954589844,24115700
2023-05-23,312.0452031592295,314.6680896434004,307.38446605372087,307.39422607421875,30797200
2023-05-24,306.8774578305602,308.60328539686515,304.8103271006574,306.0194091796875,23384900
2023-05-25,315.17511275761063,318.74379887860135,312.01596067772016,317.78826904296875,43301700
2023-05-26,315.93572275471354,325.0816974555801,315.79923121389265,324.5844421386719,36630600
2023-05-30,326.866039835357,327.3632951279749,322.2735326633113,322.9463195800781,29503100
2023-05-31,323.9993748636306,327.5583014347169,319.16310540886235,320.1966857910156,45950600
2023-06-01,317.7980580790412,325.2084444667975,316.6182558412687,324.2821350097656,26773900
2023-06-02,325.9104976467162,329.07941048845686,324.2529005654924,327.03179931640625,25873800
2023-06-05,326.8562209549611,330.11288397336966,326.31019540433937,327.5582580566406,21307100
2023-06-06,326.9635018339944,327.00251216553283,323.8823700342451,325.35467529296875,20396200
2023-06-07,323.37532887108034,326.1444673202271,314.45362725824225,315.3116760253906,40717100
2023-06-08,315.85770223750364,318.4903491637824,315.28242630303987,317.144775390625,23277700
2023-06-09,316.8814888323344,321.75673881470783,316.3159729270914,318.6365966796875,22529000
2023-06-12,320.38188031031484,323.81407497291605,317.04722634427355,323.5703125,24260300
2023-06-13,326.1249647437929,328.572349691123,322.14677395783576,325.949462890625,22951300
2023-06-14,325.9982202996805,330.58096729872784,324.50639495848685,328.9233703613281,26003800
2023-06-15,329.0599201554074,341.11152517053205,328.78690731624766,339.4149475097656,38899100
2023-06-16,342.5545058541556,342.7007573741948,333.4182939097505,333.7887878417969,46552000
2023-06-20,330.84423422142726,333.54511218147553,327.48029960440283,329.61566162109375,26375400
2023-06-21,327.97752820350655,329.3036115330344,323.78482556024073,325.2376403808594,25117800
2023-06-22,325.783726576518,331.6340270315193,325.0231887076145,331.2342529296875,23556800
2023-06-23,326.0177487407771,329.5279351767741,325.13047930366815,326.6612854003906,23146900
2023-06-26,325.39371033432894,327.72406452687306,320.29418775939905,320.4014587402344,21520600
2023-06-27,323.58006632131827,327.76303899280276,321.0839407974331,326.22247314453125,24354100
2023-06-28,326.3102386492254,329.5474118113246,325.48144019271336,327.4705505371094,20259500
2023-06-29,326.35897729326905,327.72404134255896,324.3211263632283,326.69049072265625,16997000
2023-06-30,329.32312037613315,334.17887983586667,328.78685480648323,332.04351806640625,26832800
2023-07-03,330.7272007694062,332.3945278816647,328.17257461621756,329.55712890625,12508700
2023-07-05,326.72948429799266,333.1258095919121,326.37848059881856,329.713134765625,18172400
2023-07-06,328.88436028376566,334.43239728548525,327.1292821478824,332.75531005859375,28161200
2023-07-07,330.8539155263009,333.26228979715114,328.5917927787494,328.8063049316406,21214800
2023-07-10,326.25171917261997,326.86600540201454,319.4166095021663,323.5508117675781,32791400
2023-07-11,322.800041689948,324.55511973893175,318.84134117994995,324.17486572265625,26698200
2023-07-12,328.2018902215588,333.12588163330713,327.2951007130947,328.78692626953125,29995300
2023-07-13,331.08802584608395,335.163728322895,330.56149043448164,334.1106872558594,20567200
2023-07-14,338.91765538868515,342.661844143398,335.7194923009407,336.62628173828125,28352700
2023-07-17,337.0552945851425,338.33260777182664,333.66213945063294,337.10406494140625,20363900
2023-07-18,337.20150526147,357.62881326178683,333.63284869185065,350.52069091796875,64738600
2023-07-19,352.72433009882633,353.4166072525743,343.64661716979606,346.2207336425781,39732900
2023-07-20,344.7484850456873,349.03869970926394,336.75306199743676,338.21563720703125,33778400
2023-07-21,340.4387369530099,341.56003861838775,331.35126286647005,335.1929626464844,69405400
2023-07-24,337.22109957992086,338.2644103795848,333.7694137248581,336.4995422363281,26678100
2023-07-25,338.4496147386664,343.11038262849917,336.4605340248674,342.22308349609375,41637700
2023-07-26,332.92106736693563,336.07048951280683,324.7988843745913,329.3426208496094,58383700
2023-07-27,331.9850338749244,332.8138025679025,320.8401897883476,322.4685363769531,39635300
2023-07-28,325.3449560601863,331.52676966933615,324.8574310459994,329.92767333984375,28484900
2023-07-31,328.51386838696095,329.2744062182313,325.0426629130829,327.538818359375,25446000
2023-08-01,326.82697129555277,330.09339434116555,325.37415649793405,327.9482727050781,18311900
2023-08-02,325.3059494426346,325.3059494426346,318.2173166114524,319.3288879394531,27761300
2023-08-03,317.86625965352187,321.64945793431025,317.8175190621743,318.5097961425781,18253700
2023-08-04,323.5995474758658,326.778219494072,319.0753019099241,319.6018371582031,23741500
2023-08-07,320.1771409046875,322.84876819218033,319.3483425125627,321.87371826171875,17741500
2023-08-08,318.80233812895545,320.54768595225426,314.9411484793251,317.9150390625,22327600
2023-08-09,318.3245710835293,318.94858760325343,313.03978705069517,314.19036865234375,22373300
2023-08-10,317.8858568827083,320.06998957446115,313.16661746479946,314.8729553222656,20113700
2023-08-11,312.2694755494556,314.3658267828832,311.24565534976296,313.0007629394531,24355500
2023-08-14,313.37138426545255,315.9747515213893,312.0940411840079,315.95526123046875,18836100
2023-08-15,314.9411611661193,316.9790121676308,312.89355014228914,313.82958984375,16966300
2023-08-16,313.45825308321696,316.99543186990195,312.48113879078903,313.0674133300781,20698900
2023-08-17,313.2042327148122,314.50378164094593,308.9733110073384,309.62799072265625,21257200
2023-08-18,307.29264399147314,311.0936326512173,304.4199257759019,309.23712158203125,24755000
2023-08-21,310.65399674996837,315.383227213463,309.7843803763491,314.51361083984375,24040000
2023-08-22,318.050696980202,318.6174101401044,314.1031469540319,315.08026123046875,16084600
2023-08-23,316.40917150691627,321.66605140677217,316.0573948399172,319.5163879394531,21166400
2023-08-24,325.2325788454507,325.35960850603135,312.63755817970616,312.6473388671875,23281400
2023-08-25,314.11301793529276,317.9139780573097,311.5041089468064,315.5884704589844,21684100
2023-08-28,318.2070362516221,318.68581270104596,314.3572036482765,316.2919006347656,14808500
2023-08-29,314.5135489536253,321.4510662996378,314.5135489536253,320.89410400390625,19284600
2023-08-30,321.14822344769897,322.262118428765,318.97902814860515,321.2654724121094,15222100
2023-08-31,321.6660190561291,323.3368760536345,319.301389479894,320.25897216796875,26411000
2023-09-01,323.7277442108601,324.3921747944003,319.30141751711045,321.1383972167969,14942000
2023-09-05,321.47064520868975,327.18677054781415,321.13842988312655,325.91650390625,18553900
2023-09-06,325.75045913900095,326.8057297509956,322.6236805967268,325.26190185546875,17535800
2023-09-07,323.7082861250948,325.4572996917217,321.4999977101508,322.35986328125,18381000
2023-09-08,322.5356945258159,328.4667861972207,321.92010767166425,326.6200256347656,19530100
2023-09-11,329.52203220068384,330.6750497904705,327.75345762157895,330.2060241699219,16583300
2023-09-12,328.13454656577954,329.08234867340195,323.89387388585794,324.1772155761719,17565500
2023-09-13,323.7278160398698,329.1410389438137,323.59103551016267,328.3691101074219,16544400
2023-09-14,331.388322477558,333.05917964974554,328.86738060055865,330.9486389160156,20267000
2023-09-15,329.20946043547144,329.67845635390665,322.1058182894061,322.66278076171875,37679800
2023-09-18,320.29806225418173,322.83856545069517,318.8910152474716,321.52923583984375,16834200
2023-09-19,318.7054676141424,321.8517776748913,317.08345387408724,321.1286926269531,16505900
2023-09-20,321.96898600781554,322.04714204193704,313.1749561204339,313.4289855957031,21436500
2023-09-21,311.9535360525413,317.9041588491349,307.79101939102566,312.21734619140625,35560400
2023-09-22,313.9663650092456,314.09339463566073,308.91467110299936,309.7550048828125,21447900
2023-09-25,309.3445872296574,310.39988728563935,307.790979198668,310.2728576660156,17836000
2023-09-26,307.9181144910141,308.6509504072707,302.92504360895043,304.9965515136719,26297600
2023-09-27,305.15284644995364,307.10707545013054,302.60259191792346,305.63165283203125,19410100
2023-09-28,303.8728115871533,308.2600757204857,302.3680768122536,306.4621887207031,19683600
2023-09-29,310.4780627905331,312.15870054663463,307.771466967037,308.5238342285156,24147300
2023-10-02,309.0417036720847,314.52333029570326,307.96687199890835,314.43536376953125,20570000
2023-10-03,313.48759919542874,314.03481069195016,304.0877634575696,306.2178955078125,21033500
2023-10-04,306.84323355961436,312.71570064039577,306.8139213204077,311.660400390625,20720100
2023-10-05,311.78745935358154,312.6571055637684,307.6933472507753,312.05126953125,16965600
2023-10-06,309.30558981860264,321.6563316821838,309.06131118825493,319.7705078125,25673600
2023-10-09,317.3178438029665,322.74081581096533,315.78376731682033,322.2718200683594,19891200
2023-10-10,323.38576454759857,323.52257487302114,320.1710797301385,320.8746032714844,20557100
2023-10-11,323.6300480505899,325.20321772099476,321.60744393030456,324.8123779296875,20063200
2023-10-12,323.0046828962765,325.9946502834495,321.1970154685532,323.5811767578125,19313100
2023-10-13,324.7732817040409,326.190079660526,318.8910340646987,320.2297058105469,21072400
2023-10-16,323.47367526332005,328.4472132631376,323.03399172229655,325.0273132324219,22158000
2023-10-17,322.0471583622745,325.828586634413,319.9170559493173,324.46063232421875,18338500
2023-10-18,324.88074324116036,327.909803713785,320.78663169696983,322.5552062988281,23153600
2023-10-19,324.5485712503718,329.1703335138683,323.33695882729216,323.7375793457031,25052100
2023-10-20,324.12841643957864,324.3238512632102,318.0019193859901,319.1940002441406,25027700
2023-10-23,318.0213985858915,325.1152580837002,316.96612824184217,321.7832946777344,24374700
2023-10-24,323.7179740081932,324.24562410946174,320.1026687848026,322.9656066894531,31153600
2023-10-25,337.1240202368528,338.2770379621599,329.89337919706037,332.87359619140625,55053800
2023-10-26,332.7465382675552,333.8115893601042,319.45777677753637,320.38604736328125,37828500
2023-10-27,322.8679216685348,329.0139799295623,320.8843805209721,322.2621154785156,29856500
2023-10-30,325.77971392594014,331.6814932194884,324.23585648353105,329.5904541015625,22828100
2023-10-31,331.09518568729226,331.24174686809175,327.0303866312015,330.3721008300781,20265300
2023-11-01,332.01374650613616,339.4691349616439,331.8769361620282,338.1500244140625,28158800
2023-11-02,339.29321044253436,340.84681883225545,336.879736569886,340.3485107421875,24348100
2023-11-03,341.62851616542054,346.27959030223104,339.38113512943426,344.7259521484375,23637700
2023-11-06,345.361075900052,349.3574699781312,345.26335850207806,348.3705749511719,23828300
2023-11-07,351.17493911544506,354.16490704694723,349.44545721598166,352.2790832519531,25833900
2023-11-08,353.40276735497133,355.54265050853274,352.2986231921823,354.88800048828125,26767800
2023-11-09,354.0085341532929,356.44156927918397,352.1129298373234,352.4353942871094,24847300
2023-11-10,353.21708130319655,361.6300519453443,352.8067099465058,361.20989990234375,28042100
2023-11-13,359.7931253712149,360.03740401182273,357.5262124297735,358.2883605957031,19986500
2023-11-14,362.51919694143055,363.43768679672274,358.94295491704753,361.7961120605469,27683900
2023-11-15,363.5193564786247,365.3306930182784,359.4365063311856,361.9430236816406,26860100
2023-11-16,363.20609957538716,368.48345088606146,362.4424045116938,368.3072204589844,27182300
2023-11-17,365.80068027610133,366.544804095545,359.3288587696676,362.1192932128906,40157000
2023-11-20,363.4606399313925,370.95073116555085,363.24523724780994,369.5506286621094,52465100
2023-11-21,367.8176325584251,368.3561243217149,363.3627202596963,365.27197265625,28423100
2023-11-22,370.0988850281661,371.85147806167527,367.1322205576516,369.9520263671875,23345300
2023-11-24,369.44285575599235,370.06949251389324,367.2986596667437,369.540771484375,10176600
2023-11-27,368.9043706026068,372.68370265137486,368.33650717542696,370.69610595703125,22179200
2023-11-28,370.4415726583984,374.994370396148,370.25554172918464,374.7006530761719,20453100
2023-11-29,375.7385563254902,376.2672475889846,369.55065146948715,370.9311828613281,28963400
2023-11-30,370.5786340328009,372.1451961390215,367.6217700935787,370.9898681640625,30554400
2023-12-01,368.884854564053,370.2555853515813,363.5487602115402,366.681884765625,33040500
2023-12-04,361.3849305128498,361.79613477265366,355.3145134346435,361.4241027832031,32063300
2023-12-05,358.7902991826528,365.2816906598943,357.9776315061035,364.7333984375,23065000
2023-12-06,365.7321604216408,366.3587674073999,360.33732257448145,361.0912170410156,21182100
2023-12-07,360.5331422311326,363.68583789268007,358.66306211428184,363.1962890625,23118900
2023-12-08,361.4828850941495,366.6329187107603,360.53315912391304,366.4077453613281,20154400
2023-12-11,360.77793808950827,363.8327181906465,358.44768073859893,363.5389709472656,27708800
2023-12-12,363.09838231575895,366.5937682209635,362.7165198765075,366.5545959472656,24838300
2023-12-13,368.16027437565873,369.7464376106383,363.0200118977458,366.5447692871094,30955500
2023-12-14,365.50690312981,365.94750897813526,356.5187948133364,358.2811584472656,43277500
2023-12-15,359.1819619943408,364.6159417445296,358.6238691889497,362.9808654785156,78502300
2023-12-18,361.72762335454945,365.2034079122954,360.97369907312446,364.8607177734375,21802900
2023-12-19,363.72489468578055,365.4579162597656,362.109389902321,365.4579162597656,20603700
2023-12-20,367.16165234300763,368.17012181958876,362.7850842518913,362.8731994628906,26316700
2023-12-21,364.77259031859234,366.5839268091088,362.3052751851502,365.73211669921875,17708000
2023-12-22,365.8692452345427,367.3378918803586,364.919519208394,366.75042724609375,17107500
2023-12-26,367.1615944273694,369.0610461329153,365.69294804965995,366.8287048339844,12673100
2023-12-27,365.8789757378514,367.2203346368523,365.0173650898164,366.25103759765625,14905400
2023-12-28,367.5238756999293,368.5910885400905,366.33917592392487,367.4357604980469,14327000
2023-12-29,368.14066782074684,369.2764245304369,365.6733528250178,368.1798400878906,18730800
2024-01-02,366.04544293017665,368.04281055620135,359.10364399056556,363.1179504394531,25258600
2024-01-03,361.2968150611858,365.45797986261033,360.8072662610182,362.85357666015625,23083500
2024-01-04,362.9221232500447,365.30132326469203,359.49528162444665,360.2491760253906,20901500
2024-01-05,361.25767175006894,364.28307999206555,358.8392992881915,360.06317138671875,21004600
2024-01-08,361.58074269539895,367.35744261436474,361.2968258961624,366.85809326171875,23134000
2024-01-09,364.23407123187167,368.13086016631314,363.43120410921466,367.93505859375,20830000
2024-01-10,368.50297659226095,376.1399561660862,368.45403366179033,374.7691955566406,25514200
2024-01-11,377.9317522768971,382.51392282767705,372.42922740014507,376.59039306640625,27850800
2024-01-12,377.43234537080764,380.55566927985785,376.6099069263744,380.3500671386719,21661200
2024-01-16,385.43158211314164,385.7938434606626,379.51782397721394,382.1124267578125,27202300
2024-01-17,379.87031666196907,381.9557695556543,376.7665639671979,381.32916259765625,22234100
2024-01-18,383.5320922463087,385.7546329209657,381.96553019541545,385.63714599609375,23392100
2024-01-19,387.4877057228784,390.3368835449219,385.27493541414515,390.3368835449219,29331100
2024-01-22,391.6586893596821,392.2461540128615,385.3630977063791,388.2220764160156,27016900
2024-01-23,387.47792092588605,391.03205041405533,385.6959559124731,390.56207275390625,20525900
2024-01-24,393.14686950723774,397.1513752160577,392.079656679383,394.1455383300781,24867000
2024-01-25,395.8687348533506,398.5025096949156,394.11614184479663,396.4072265625,21021200
2024-01-26,395.9177133168471,397.680107020746,394.0182614789132,395.4869079589844,17803300
2024-01-29,397.57238286313674,401.41045873539736,395.8785331996652,401.1558837890625,24510200
2024-01-30,403.64273939955535,404.41620490062047,397.95418539261016,400.0494384765625,33477600
2024-01-31,398.45353212037105,406.6388032074163,388.90733097100707,389.26959228515625,47871100
2024-02-01,393.4308049580275,399.4718507500115,393.40143322301293,395.3400573730469,30657700
2024-02-02,395.36939499914837,404.0246140998081,395.12462060191353,402.62451171875,28256700
2024-02-05,401.33212452419457,402.5657971362689,395.5456537728456,397.17095947265625,25352300
2024-02-06,397.39614463854895,399.4424550677267,394.4882235276778,397.0142822265625,18382600
2024-02-07,398.9235643671154,405.640160164174,398.88439209328425,405.3953857421875,22340500
2024-02-08,405.3953275824479,406.87377444064305,403.9071100669644,405.4540710449219,21225300
2024-02-09,406.5702855474464,412.0238664464446,406.41362634312986,411.7594909667969,22032800
2024-02-12,411.76925253567924,411.94548291897434,406.0806983084005,406.5800476074219,21202900
2024-02-13,396.4757753769111,401.49855072964925,394.9581860838381,397.8269348144531,27824900
2024-02-14,400.27921574475005,402.01541247950905,396.8460370500132,401.6720886230469,20401200
2024-02-15,400.34788638470263,401.3189759217452,396.5713838346197,398.79803466796875,21825500
2024-02-16,400.17130014605374,400.4950166150196,395.737605866878,396.34576416015625,22296500
2024-02-20,395.5414273661721,396.76756266074034,390.4112964520626,395.10003662109375,24307900
2024-02-21,392.53001248162076,394.60953289016544,389.6363215762775,394.5016174316406,18518900
2024-02-22,402.3587454167674,404.9483275530714,400.76967888893086,403.7908630371094,27009900
2024-02-23,407.7341476569605,407.92049268532105,401.1620503723916,402.5058898925781,16295900
2024-02-26,403.60445096908654,404.29109863437077,399.58272164729414,399.7593078613281,16193500
2024-02-27,400.2006822234707,400.52439865686904,396.1397382953796,399.700439453125,14835800
2024-02-28,400.38709194736896,401.48570431449235,397.5817089338175,399.9358825683594,13183100
2024-02-29,400.83834831741547,406.29219561123216,398.17027676875426,405.7428894042969,31947300
2024-03-01,403.4180998812608,407.93028353505224,403.03556125394095,407.5673522949219,17823400
2024-03-04,405.54671909934444,409.3820740419509,404.4481066223211,406.99847412109375,17596000
2024-03-05,406.0567462440755,406.3412180011649,392.991071894389,394.9626770019531,26919200
2024-03-06,395.27656457076307,397.4247558475786,390.7840183450358,394.4133605957031,22344100
2024-03-07,398.3664647487739,401.9565926355365,394.5605358436286,401.3288269042969,18718500
2024-03-08,400.17133994719717,402.5843959078717,396.61063804407956,398.4645690917969,18002200
2024-03-11,396.05146623078247,397.93479302965693,393.5991959671877,396.79693603515625,16120800
2024-03-12,399.8378019777306,407.63603426425436,399.02366133031137,407.3515625,22457000
2024-03-13,410.1177430442753,410.19620253246603,403.5947092048327,407.1750183105469,17115900
2024-03-14,412.2169029464952,419.65220477798977,410.0098592258052,417.1018371582031,34157300
2024-03-15,411.28501994441507,414.53182378938754,404.9091164524236,408.4698181152344,45079900
2024-03-18,406.341265451297,412.6975620459207,405.88023735043,409.3526611328125,20106000
2024-03-19,409.8528037978226,413.61951711173316,407.6163346060912,413.3644714355469,19837900
2024-03-20,413.94325853489937,417.8276466076136,412.62884514501485,417.1116027832031,17860100
2024-03-21,421.6237557740876,422.5948752417206,419.004747660182,421.17254638671875,21296200
2024-03-22,421.49625883993525,421.6531778067011,417.9355573407252,420.5545654296875,17648500
2024-03-25,417.12140106535213,419.2499850699005,413.5606994442316,414.7868347167969,18060500
2024-03-26,417.48433323864253,417.8570831519167,413.30568457627095,413.5999450683594,16725600
2024-03-27,416.33666794000516,416.34648660093063,411.0103437373624,413.3841247558594,16705000
2024-03-28,412.92309148516256,413.815721504757,411.11822405931304,412.68768310546875,21871200
2024-04-01,415.856044584665,419.720825298805,414.15906261710444,416.4642028808594,16316000
2024-04-02,412.08932675524255,414.31600751259526,409.8626759328322,413.3939514160156,17912000
2024-04-03,411.71659648353796,415.17920112214335,411.0888008867087,412.4228515625,16502300
2024-04-04,416.8761903565226,420.4859554910503,409.59786785676073,409.9019470214844,19370900
2024-04-05,411.9912731648726,418.36717662742586,410.33353586981326,417.39605712890625,16554800
2024-04-08,417.0527692258899,419.12247124179834,415.21844567326013,416.48382568359375,14272400
2024-04-09,418.2984283713049,419.5735968535943,413.5704444183081,418.1414794921875,12496900
2024-04-10,414.1295898580884,415.9344571556194,411.6871382875885,415.1791687011719,16216600
2024-04-11,417.69039907707906,421.17261173139167,414.29643464676553,419.7601013183594,17966400
2024-04-12,415.95410040174403,417.06253143112855,411.75581460240056,413.84515380859375,19253800
2024-04-15,418.4554515197094,418.6712525249299,405.5368771254888,405.7428894042969,20273500
2024-04-16,406.6550977488978,410.4119627811132,405.8311384974836,406.6648864746094,16765600
2024-04-17,409.2839199801292,410.88280503231437,402.49602250375233,403.9772033691406,15855500
2024-04-18,402.7903806947221,404.0263347339794,396.23792042411,396.5517883300781,21029900
2024-04-19,396.31638549133476,397.73871452270663,390.1758898574742,391.5001220703125,30565800
2024-04-22,392.4417885622407,395.1589237744009,388.1944686964581,393.30499267578125,20286900
2024-04-23,396.5223162949651,400.4067342721825,395.3648518176367,399.78875732421875,15734500
2024-04-24,401.7407592748994,404.5952057239604,399.01383568119996,401.25030517578125,15065300
2024-04-25,386.507271018032,392.25540884693,380.6218216022703,391.421630859375,40586500
2024-04-26,404.3010028701169,405.1151436193312,398.01337683095016,398.56268310546875,29694700
2024-04-29,397.5130677635141,398.56264677395114,391.56876617151903,394.5703430175781,19582100
2024-04-30,393.8247883748175,394.4820099813431,381.7400231834723,381.8969421386719,28781400
2024-05-01,385.11436938308555,394.05045900742965,382.85829240714,387.39990234375,23562500
2024-05-02,390.067981051651,392.2946320183516,387.1154376190438,390.2445373535156,17709400
2024-05-03,394.59976579857647,399.37678414031285,394.1877711661832,398.8961486816406,17446700
2024-05-06,400.95603550783153,406.0273140130064,398.6116505989638,405.644775390625,16996600
2024-05-07,406.74337133005633,406.7531899905989,401.2797058272895,401.5249328613281,20018200
2024-05-08,400.3773092630151,404.3597941214035,398.9451617518151,402.7020568847656,11792300
2024-05-09,402.73150019277335,404.84044690561177,401.28956389363333,404.4480895996094,14689700
2024-05-10,405.0562156749531,407.4496339664975,403.93796601015913,406.82183837890625,13402300
2024-05-13,410.029454744504,410.3629599472109,402.9767222457907,405.82135009765625,15440200
2024-05-14,404.1538152820149,409.5193847249845,403.69278719697195,408.6071472167969,15109300
2024-05-15,410.66092785109674,416.46855556809163,410.0418362179186,415.7511901855469,22239500
2024-05-16,414.4934152171816,418.0507334531988,413.0685506371504,413.69744873046875,17530100
2024-05-17,415.2205635959117,415.5939858480529,410.7886784280323,412.930908203125,15352200
2024-05-20,412.9309356548489,419.3772981518083,412.71474538865465,417.9720764160156,16272100
2024-05-21,419.4362930029197,425.469948238359,417.49061042635105,421.6080322265625,21453300
2024-05-22,422.6397422694005,424.91956115828395,419.7310254046841,423.0622863769531,18073700
2024-05-23,425.46982612085486,426.0889176680517,418.05062390261264,419.6032409667969,17211700
2024-05-24,419.7900037534496,423.59296088139126,417.05816150216543,422.70855712890625,11855300
2024-05-28,422.1877033571548,423.3570918822038,419.2101919839553,422.8657531738281,15718000
2024-05-29,418.3159892619867,423.4750461602697,418.3159892619867,421.7357177734375,15517100
2024-05-30,416.95009868740084,416.95009868740084,407.06436431189735,407.4869384765625,28394500
2024-05-31,409.5308977885728,409.5308977885728,397.50293332640854,407.93896484375,47995300
2024-06-03,408.3319416725267,409.2163453409128,401.83645840787784,406.35675048828125,17484700
2024-06-04,405.2856798357907,409.22622626275023,402.58331667273,408.8626403808594,14348900
2024-06-05,410.57248754759564,416.7338647316788,409.0886349128657,416.66510009765625,16988000
2024-06-06,416.6651146111646,417.9425834215114,413.2945078470223,417.166259765625,14861300
2024-06-07,418.8171717087438,418.89577271534046,415.67259164399417,416.50787353515625,13621700
2024-06-10,417.34315052242914,420.66457531575907,416.5471841383872,420.4582214355469,13982900
2024-06-11,418.1096457911631,425.3224952545953,417.88361916349896,425.1849060058594,14551100
2024-06-12,427.7791794767063,435.71920053687387,425.7450298401941,433.41973876953125,22366200
2024-06-13,433.21338970261115,435.7093989946261,431.75901618030764,433.93072509765625,15960600
2024-06-14,430.68790003484014,435.4637283515464,429.15492551069684,434.9035949707031,13582000
2024-06-17,434.9231536056874,443.1285152659524,433.08555180645124,440.60302734375,20790000
2024-06-18,441.9199255268032,442.3424996772447,437.18344238899346,438.6083068847656,17112500
2024-06-20,438.56901373847154,438.7950403891147,433.62614646515834,437.97943115234375,19877400
2024-06-21,439.63025801243765,442.774807970896,438.77533339876635,441.9886779785156,34187100
2024-06-24,442.0083612472025,444.9072720890794,438.67709986214254,439.915283203125,15913700
2024-06-25,440.4851865060809,443.60028735592437,439.01117026568124,443.138427734375,16413400
2024-06-26,441.2221891732116,445.7425115856911,440.42622281234816,444.32745361328125,16507000
2024-06-27,444.3470555991846,448.2679587829335,443.9441542700809,445.0054626464844,14806300
2024-06-28,445.22171482768863,447.4916975183524,438.6770788922511,439.2077331542969,28362300
2024-07-01,440.88808384173325,449.447196335744,437.94005138791704,448.81829833984375,17662800
2024-07-02,445.349461110364,451.6287548273333,445.26099374388446,451.3241271972656,13979800
2024-07-03,450.25300481306164,453.03396893483153,449.94837718806366,452.7882995605469,9932800
2024-07-05,451.6484251718753,460.2370475569388,451.01952711906966,459.4607238769531,16000300
2024-07-08,458.4682018620652,459.59830504287737,456.41440936822374,458.16357421875,12962300
2024-07-09,458.9104170237532,459.23468742094946,450.0663190511327,451.57965087890625,17207200
2024-07-10,453.2305340754163,458.3797547644369,450.9113994976311,458.17340087890625,18196100
2024-07-11,454.9600861765151,456.7288938614541,443.7280584136493,446.8235168457031,23111200
2024-07-12,446.459846610387,448.45468069664645,442.8436006787632,445.693359375,16324300
2024-07-15,445.4476817175394,449.33910606074033,443.61007966105154,446.09625244140625,14429400
2024-07-16,446.3517811207802,446.43038212668165,438.92274152217504,441.7331848144531,17175700
2024-07-17,434.92324477920374,437.14410559537976,431.5723108003405,435.8371276855469,21778000
2024-07-18,436.6429302135875,436.9475578488645,426.8751131633182,432.74169921875,20794800
2024-07-19,425.59766083378145,433.49839687991425,424.5167095108502,429.5381774902344,20940400
2024-07-22,434.1370778123692,436.89839903999433,431.3069619660928,435.26715087890625,15808800
2024-07-23,436.21054835742433,440.62279084734524,435.4244183311835,437.14410400390625,13107100
2024-07-24,432.82031037979385,433.8324669900576,420.18306232506063,421.4703674316406,26805800
2024-07-25,421.37209200547386,422.3547694868196,410.2776848331151,411.1522521972656,29943800
2024-07-26,410.9556919630689,421.48999466729276,410.0417792088543,417.9031982421875,23583800
2024-07-29,424.10394408211863,424.66407745687695,417.34314804369717,419.3379821777344,15125800
2024-07-30,420.31086515251326,421.6178131681188,410.1303096009262,415.5940246582031,32687600
2024-07-31,413.2159000993034,414.4737261342931,405.06949500365346,411.1031494140625,42891400
2024-08-01,413.50088916463085,420.05533154219523,405.9342601346404,409.8846130371094,30296400
2024-08-02,405.3446197900361,407.81114983489476,397.3358044115477,401.4139099121094,29437900
2024-08-05,382.42860065253456,394.09297731515574,378.9007621776494,388.30499267578125,40709200
2024-08-06,393.07103331037194,398.64282840268,391.59701693545804,392.6877746582031,24946500
2024-08-07,401.5613573427881,402.97638538590667,390.58483621712907,391.5281982421875,20650900
2024-08-08,395.46871662305415,398.8294567188382,393.0120229903142,395.7143859863281,20203000
2024-08-09,397.03117577316215,400.9815283942931,395.2918474526737,398.9866943359375,19276700
2024-08-12,400.0086698442997,401.67923346079886,397.2375123110676,399.76300048828125,16762900
2024-08-13,402.49487016333154,407.7620371122612,402.475227409518,406.83831787109375,19414300
2024-08-14,407.61460282522484,410.484034234621,405.30533476037385,409.638916015625,18267000
2024-08-15,413.2716000535945,414.56122559635025,411.1648952142278,414.48248291015625,20752100
2024-08-16,414.05909962624725,414.787581998409,410.81040112271256,411.96221923828125,22775600
2024-08-19,412.4446299731582,415.19125033166955,409.9835081573214,414.97467041015625,15234000
2024-08-20,415.14201975205145,419.23729981689326,415.082955234779,418.19378662109375,16387600
2024-08-21,417.48497282390196,419.7689009161739,415.1616884163413,417.5440673828125,16067300
2024-08-22,417.7606371537281,420.1528703345148,408.16226230018384,409.087646484375,19361900
2024-08-23,410.4954277824997,412.73996960606866,405.6814592418378,410.3083801269531,18493800
2024-08-26,409.89487877847426,410.7907306533513,404.94310328054127,407.0596618652344,13152800
2024-08-27,406.43949576869113,407.9161688910183,403.8700989564779,407.4042663574219,13492900
2024-08-28,408.4280692350888,408.5461982686738,400.97578558888256,404.2146301269531,14882700
2024-08-29,408.4871383812944,415.48655408743093,404.2146347079457,406.6954345703125,17045200
2024-08-30,409.1368946584357,410.9974871196902,405.72085639315753,410.6529541015625,24308300
2024-09-03,411.41094371784055,413.3503087826454,400.7001374742272,403.0726623535156,20313600
2024-09-04,399.59758459335677,404.8446830658677,398.0815251485243,402.54107666015625,15135800
2024-09-05,401.2809872314555,406.67577709695456,399.8141682348964,402.0390319824219,14195500
2024-09-06,402.6985921439958,404.2638620080845,394.56703607993364,395.45306396484375,19609500
2024-09-09,400.9068736495872,402.2949499033103,395.89603343829765,399.4105224609375,15295100
2024-09-10,401.8519747424291,409.85551750473985,401.3597503882825,407.7586669921875,19594300
2024-09-11,409.03843011648604,417.39638986900843,403.21048066101315,416.461181640625,19266900
2024-09-12,416.72697057085117,420.7238298297295,413.2223356546228,420.3595886230469,17395700
2024-09-13,419.20778281644255,425.11447510259467,418.84354159900835,423.8937683105469,15874600
2024-09-16,423.9035976857479,426.7880250402565,421.5606050753592,424.632080078125,13834700
2024-09-17,433.3838592052121,434.9786612819886,425.54762597309116,428.3828430175781,18874200
2024-09-18,428.235163297131,429.249144206207,423.7165475930165,424.1103210449219,18898000
2024-09-19,434.3683366283435,434.6341269777226,430.1056566789826,431.8678283691406,21706600
2024-09-20,430.42066355244185,432.4092391189892,427.4673174405253,428.5009765625,55167100
2024-09-23,427.52641684805,429.6725079875257,423.6969266994437,426.7684020996094,15128900
2024-09-24,426.26630559260894,426.61086866115505,419.4736152765213,422.4958801269531,17015800
2024-09-25,423.1455340479856,426.38437839634133,421.9051492250097,425.39007568359375,13396400
2024-09-26,428.32378449228514,428.5305103087993,422.45647860828996,424.6025695800781,14492000
2024-09-27,424.80927883764434,425.1341637224931,420.8222737453315,421.36370849609375,14896100
2024-09-30,421.5507213885959,423.72637439868134,418.7548910042777,423.60821533203125,16807300
2024-10-01,421.78706729834266,421.81659955830685,412.2969671899716,414.1477355957031,19092900
2024-10-02,416.00832438993655,416.24461251055664,410.22961524498584,410.6430969238281,16582300
2024-10-03,411.1353013004486,413.02542591560956,407.84724636027164,410.062255859375,13686400
2024-10-04,411.73581262468696,413.2223397680441,408.51667620718774,409.5897216796875,19169700
2024-10-07,409.5306729821077,410.6233966552464,402.6395318501973,403.171142578125,20919800
2024-10-08,404.5099947662806,409.19598053892946,401.82246884384335,408.2607421875,19229300
2024-10-09,409.3928021729279,413.84252930935924,407.8570646785986,410.9679260253906,14974300
2024-10-10,408.77260867644156,410.8596349305785,406.72493873590105,409.37310791015625,13848400
2024-10-11,409.66850956364067,410.64310419410805,406.82343830885475,409.845703125,14144900
2024-10-14,411.2730758524341,417.4455877275933,411.0269637053987,412.6217956542969,16653100
2024-10-15,415.61453317923247,415.9098858066577,408.80216519233556,412.22802734375,18900200
2024-10-16,408.71356498849764,409.8850312589263,404.09649835161355,409.6487731933594,15508900
2024-10-17,415.7917465890575,415.9295838303706,409.127039576057,410.2394714355469,14820000
2024-10-18,410.6529471112624,413.12389293089865,409.78662744422246,411.6570739746094,17145300
2024-10-21,409.6487883889798,412.44461909285747,407.31564977599334,412.2674255371094,14206100
2024-10-22,411.9819473916582,423.88392916296095,411.53896348036403,420.8616943359375,25482200
2024-10-23,424.1595150969288,424.3760949935698,415.95907136722593,417.99688720703125,19654400
2024-10-24,418.7155841953702,419.35549993342784,415.8311564953273,418.12493896484375,13581600
2024-10-25,420.1233311665373,425.7937351729216,419.9362835126177,421.49169921875,16899100
2024-10-28,424.9471252042487,425.2227696357769,419.670464602579,419.9559631347656,14882400
2024-10-29,421.3440208086144,426.43363353122214,419.17822176857095,425.23260498046875,17644100
2024-10-30,430.6372663836306,431.68077966192817,425.3803136298507,425.8036193847656,29749100
2024-10-31,408.9005934690843,409.6881704469,399.9814907408766,400.0307312011719,53971000
2024-11-01,402.64932353081855,409.0383852046151,401.16279656048295,403.9881591796875,24230400
2024-11-04,403.42703719981586,404.0374205874987,399.26283871579096,402.1078796386719,19672300
2024-11-05,402.019305938334,408.4477546696806,401.73380740675793,405.0612487792969,17626000
2024-11-06,406.00632872643234,413.91145024796907,404.1358522419557,413.6456298828125,26681800
2024-11-07,414.7285393416903,420.2119257079772,413.35031719618456,418.8139953613281,19901800
2024-11-08,418.7056683805596,419.8673104700194,415.22071206919446,415.9689025878906,16891400
2024-11-11,415.94927334689254,418.20366938728347,409.5306783384117,411.5094299316406,24503300
2024-11-12,411.7456911405818,417.8394313280264,410.7120319666306,416.45135498046875,19401200
2024-11-13,415.0829808583345,422.6533640239858,411.7062988498683,418.5876159667969,21502200
2024-11-14,418.39068982634956,421.51140536702854,413.4684464166278,420.2513122558594,30246900
2024-11-15,413.29122260558944,416.22486023548765,407.207337406915,408.5461730957031,28247600
2024-11-18,408.4182293083614,411.8933320342017,405.6913172118432,409.2944030761719,24727000
2024-11-19,406.68560375296545,411.4405079817959,405.1498661250552,411.2928466796875,18133500
2024-11-20,410.38713903081657,410.8006207181085,404.19494808048387,409.0285949707031,19191700
2024-11-21,413.80284233986384,414.0790385036892,404.71793020151534,407.26287841796875,20780200
2024-11-22,405.7832472742104,411.73135363774225,405.4774597411712,411.3367919921875,24814600
2024-11-25,412.69804256956826,415.36135617252853,409.2159842267064,413.10247802734375,27691100
2024-11-26,413.8916059444426,423.21327891734404,413.16166540924917,422.1775207519531,23458900
2024-11-27,419.33668746447955,421.4279216336492,416.28865548862075,417.2454833984375,18332400
2024-11-29,414.384878235964,419.10983509030467,412.12596962038367,417.7091064453125,16271900
2024-12-02,415.84477479075025,427.11953971126485,415.58829615007085,425.1269836425781,20207200
2024-12-03,424.0024483022702,426.59673575541547,421.9309618493427,425.343994140625,18302000
2024-12-04,427.1490673141917,433.69890467425466,426.75450568960144,431.4794616699219,26009400
2024-12-05,431.9727342727058,438.62119043191433,430.2465005729482,436.60888671875,21697800
2024-12-06,436.29315742766124,440.041568082756,435.7703565069421,437.5459289550781,18821000
2024-12-09,436.5891402244184,442.2413029263077,434.51765390142566,439.9626770019531,19144400
2024-12-10,438.3548667232301,443.5138201555157,435.60274857576576,437.3092346191406,18469500
2024-12-11,438.019420871054,444.2338797106506,438.019420871054,442.892333984375,19200200
2024-12-12,443.0106891858234,449.96496224230685,443.0106891858234,443.45458984375,20834800
2024-12-13,442.34980235220513,445.2991859531554,439.5286279530639,441.1956787109375,20177800
2024-12-16,441.1957234184863,446.03904550783295,439.2327587604127,445.4570617675781,23598800
2024-12-17,444.8849272856994,449.1068002031095,443.4644812477741,448.2880554199219,22733500
2024-12-18,445.19070178831043,446.50262602359174,431.08488976149135,431.44989013671875,24444500
2024-12-19,435.62238649827736,437.1611978449551,430.39437744906724,431.0947265625,22963700
2024-12-20,427.2280306144627,437.71367214918683,422.80889160222836,430.670654296875,64263700
2024-12-23,430.80874434392524,431.70638949616176,426.9518413679703,429.3389892578125,19152500
2024-12-24,428.7470606574343,433.629847299066,428.29331629516184,433.3634948730469,7164500
2024-12-26,433.1169536147247,434.9517090842379,430.70024449975995,432.1601257324219,8194200
2024-12-27,428.6978084898888,429.3093836032803,420.5598497453618,424.6830749511719,18117700
2024-12-30,420.2737923808389,421.7435474622816,416.17028459927946,419.06048583984375,13158700
2024-12-31,420.313230174155,420.9346790911402,414.94710727917607,415.77569580078125,13246500
2025-01-02,419.7509810335182,420.2836558558519,409.21603069875914,412.8953552246094,16896500
2025-01-03,415.3613950253171,418.27134378737713,413.8423310893823,417.6005859375,16662900
2025-01-06,422.1874160873605,428.4215926337743,419.7016505493917,422.0394592285156,20573600
2025-01-07,423.1738448521772,424.801430542522,415.0851952170159,416.6338806152344,18139100
2025-01-08,417.7090917280971,421.1714329663283,415.81518360520914,418.7941589355469,15054600
2025-01-10,418.86323035141214,418.9421306496922,409.3837252660674,413.2603759765625,20201100
2025-01-13,409.6007014640922,412.8164377086338,406.690782868284,411.52423095703125,17604800
2025-01-14,412.13576253291507,414.0395441747234,405.14205471322043,410.02484130859375,16935900
2025-01-15,413.43790279096226,422.3353935398116,412.5895665870108,420.5203857421875,19637800
2025-01-16,422.8779150872359,423.6571645662551,418.6264508238549,418.8138427734375,15300000
2025-01-17,428.1947089431654,428.57942688248704,422.3551241092644,423.20343017578125,26197500
2025-01-21,424.35752761269225,425.0480029513297,419.819993531564,422.68060302734375,26085700
2025-01-22,431.6175525305707,441.1956738632283,430.07874109453735,440.1402282714844,27803800
2025-01-23,435.9972845633218,440.68277574358376,435.50407496539947,440.643310546875,18389300
2025-01-24,439.11439458237174,440.5841496239721,435.40544858930485,438.0293273925781,15549500
2025-01-27,418.2516146753107,429.28964793288844,417.74853125025015,428.6583251953125,35647800
2025-01-28,428.6978201786795,442.29067649663904,425.5215489294809,441.126708984375,23491700
2025-01-29,440.6235877197962,440.81100977301065,434.41900262341227,436.3227844238281,23581400
2025-01-30,413.0827588425547,417.1172097708342,407.54896156269734,409.3540954589844,54586300
2025-01-31,413.2899024984714,414.97667080056476,409.2751693701902,409.4231262207031,34161900
2025-02-03,406.01014380943144,409.7683985075356,403.1100689884043,405.3393859863281,25679100
2025-02-04,407.085314667825,408.2986210393196,404.1753661823544,406.7696533203125,20532100
2025-02-05,406.74994863541014,408.20982973334895,404.82641922275565,407.67718505859375,16316700
2025-02-06,408.3775613386283,412.5205341470821,408.3775613386283,410.1728515625,16309800
2025-02-07,410.8238533335017,412.96436600470287,402.5576561425311,404.18524169921875,22886800
2025-02-10,408.0914590052598,409.8176925215145,405.33937124502273,406.6217041015625,20817900
2025-02-11,404.0768132724711,406.8880841725034,403.74140422239867,405.85235595703125,18140600
2025-02-12,401.67976029438313,405.17169274595005,398.8783333348811,403.48492431640625,19121700
2025-02-13,401.4726062482461,405.4182829681306,400.8412835235649,404.96453857421875,23891700
2025-02-14,402.25188608897315,403.3566707547541,400.3678218416371,402.8831787109375,22758500
2025-02-18,402.4590098668831,405.0237056562673,400.9793811541372,404.0767517089844,21423100
2025-02-19,402.3406422459273,409.84727742582396,402.11375500738893,409.1370544433594,24114200
2025-02-20,410.47141636340496,414.4447616167347,407.75332449561745,411.3016662597656,23508700
2025-02-21,412.4976421272199,413.1993956224997,403.15730762956775,403.47357177734375,27524800
2025-02-24,403.7700887978409,404.62009578289485,394.6867174896375,399.3124084472656,26443700
2025-02-25,396.44608593506547,397.25657880262406,392.09714469383994,393.283203125,29387400
2025-02-26,393.3919357776839,398.9170718958632,389.6755530638089,395.09197998046875,19619000
2025-02-27,396.61407498406965,401.0322110218146,387.61968592381214,387.9754943847656,21127400
2025-02-28,388.1040123360274,393.0163471729864,382.0846775634414,392.3837585449219,32845700
2025-03-03,394.1925819302831,394.1925819302831,381.67946965114726,383.982421875,23007700
2025-03-04,378.9514121108331,388.02488953137174,376.5792652913011,384.1009521484375,29342900
2025-03-05,384.82253320835395,397.00948665687173,384.29868393839774,396.36700439453125,23433100
2025-03-06,389.70521049036057,397.4838909032578,388.12376908504734,392.2849426269531,23304600
2025-03-07,387.7680173683642,390.21922325010945,381.06668520246427,388.74652099609375,22034100
2025-03-10,381.3631114017718,381.9166113327009,372.8431337183802,375.7490234375,32840100
2025-03-11,374.6025176419591,381.5212976511773,372.53677123025375,376.03570556640625,30380200
2025-03-12,378.5066423790862,380.75029270527517,374.55305438782165,378.8229064941406,24253600
2025-03-13,378.71423026442886,380.8491715851453,373.07049136146827,374.3751525878906,20473000
2025-03-14,375.3734195488383,385.7021804869834,375.10656321193693,384.0515441894531,19952800
2025-03-17,382.2131776873556,388.15342385678485,381.0962841175908,384.1899719238281,22474300
2025-03-18,382.57889637930924,382.8754034622388,376.6781641211092,379.070068359375,19486900
2025-03-19,381.0567525075918,385.1585946525035,379.5445060727477,383.3201904296875,19185500
2025-03-20,381.26431956643484,387.244140619299,378.8328709429988,382.3515625,18470500
2025-03-21,378.77352451177876,387.194656647968,378.3583844724842,386.7202453613281,39675900
2025-03-24,390.812253823231,390.812253823231,385.287116996227,388.5191650390625,21004500
2025-03-25,389.3493790004213,391.7610400507305,388.08423198363494,390.5749816894531,15775000
2025-03-26,390.4168262767483,390.7232269425197,384.061440622416,385.4451904296875,16108400
2025-03-27,385.60336562359333,387.6888690270636,382.9050306805178,386.0481262207031,13766800
2025-03-28,383.5771084434194,384.6149434292676,372.55648752516225,374.40478515625,21632000
2025-03-31,368.2174556076631,372.6948931611048,362.97893300010196,371.0343933105469,35184700
2025-04-01,370.30297052308924,378.4078388750376,368.89946352111616,377.7554931640625,19689500
2025-04-02,373.5844861787052,380.61197570359644,372.25014394283687,377.70611572265625,16092600
2025-04-03,370.4413527847735,373.10014336261634,365.0644702169303,368.78082275390625,30198000
2025-04-04,359.90502676066706,370.2436515761853,355.30898645827625,355.664794921875,49209900
2025-04-07,346.808801297969,366.6953473866903,340.78946619633433,353.7077941894531,50425000
2025-04-08,363.98712785508354,369.3145725706382,346.18608632628985,350.4460754394531,35868900
2025-04-09,349.43791334353114,388.66739600040677,349.00301621371585,385.95916748046875,50199700
2025-04-10,377.627015987976,379.4456631401157,363.5324628545339,376.9252624511719,38024400
2025-04-11,376.2234920445777,385.52428234575257,374.4937970946495,383.94287109375,23839200
2025-04-14,388.6575040815548,390.0709046779098,379.75203666792555,383.3102722167969,19251200
2025-04-15,384.0021677861047,387.3429548173336,379.702634359307,381.2544250488281,17199900
2025-04-16,376.25312290658945,377.1821883945702,363.7301188576812,367.2982177734375,21967800
2025-04-17,369.41339637295704,369.9767899290697,362.6330071079686,363.5126647949219,21120200
2025-04-21,358.6102059570081,360.25094859286406,351.543173455908,354.953125,20807300
2025-04-22,359.1637542302739,363.5028019496421,355.68457702509073,362.5638427734375,19485000
2025-04-23,371.6965961898571,375.9763723537339,368.69186067990836,370.0459899902344,20545500
2025-04-24,371.34077108557176,383.9428330432701,370.8366789549492,382.80615234375,22232300
2025-04-25,382.5096738423667,387.60980644654984,380.1375268589871,387.30340576171875,18973200
2025-04-28,387.41210451108003,388.18305301396595,382.1538550582223,386.62139892578125,16579400
2025-04-29,386.75975859738145,390.51568553400665,385.85045019118235,389.4679870605469,14974000
2025-04-30,385.77135703314644,392.05757796403765,379.979364791359,390.673828125,36461100
2025-05-01,426.1078502028247,431.91962985286955,419.9699127886788,420.464111328125,58938100
2025-05-02,426.7305579775838,434.3412277785372,425.0008630376841,430.2294921875,30757400
2025-05-05,427.84743296236513,434.40051033348516,427.0962415401901,431.1091613769531,20136100
2025-05-06,427.18524232094876,432.65107712392626,426.1671945058241,428.2823486328125,15104200
2025-05-07,428.8061738000786,433.0365119798482,426.10783898687293,428.3218688964844,23295300
2025-05-08,432.8487322038109,438.5221520354275,430.60508165893515,433.0859680175781,23491300
2025-05-09,434.89471877509555,435.6261229679929,430.8225275981773,433.63946533203125,15324200
2025-05-12,440.7657862582039,444.15598092637396,434.6772567640601,444.0472717285156,22821900
2025-05-13,442.5844447017788,445.4409267506546,440.192510488539,443.9286804199219,23618800
2025-05-14,442.940276452347,448.6334230518337,442.940276452347,447.6845703125,19902800
2025-05-15,446.3576953837484,451.7246558325709,446.0210270484144,448.6946105957031,21992300
2025-05-16,447.6251542704443,449.91254071320964,444.3376746324017,449.82342529296875,23849800
2025-05-19,446.46663650360125,455.0913715701619,446.3874026485213,454.37841796875,21336500
2025-05-20,451.1305396548173,453.85362179890075,449.87298168888566,453.685302734375,15441800
2025-05-21,450.12049890400635,453.29906971148773,447.3875051898017,448.14007568359375,19216900
2025-05-22,450.4967994491365,455.74490907390424,449.4570590917957,450.40765380859375,18025600
2025-05-23,445.5754438212613,449.2491205375805,444.51591011589574,445.7734680175781,16883500
2025-05-27,452.0118204825961,456.4380677238799,451.65532857824905,456.18060302734375,20974300
2025-05-28,456.7054113344306,457.9926743719098,452.45739496057166,452.8831787109375,17086300
2025-05-29,457.03221043821725,457.2005597280811,450.85329893273473,454.1903076171875,13974800
2025-05-30,455.22010105843367,457.16090743162863,451.081023612945,455.85382080078125,34770500
2025-06-02,452.66541069485294,457.58673404739653,452.4178577591058,457.4481201171875,16626500
2025-06-03,456.95294554827,459.59682380087423,456.3489007620485,458.4382629394531,15743800
2025-06-04,459.4582001214203,461.1316602074749,458.48778183720145,459.3294677734375,14162700
2025-06-05,460.40879598021155,465.05289099241804,459.487906406924,463.1021728515625,20131700
2025-06-06,465.4885564998141,468.70674412433226,464.1913817517478,465.7757263183594,15285600
2025-06-09,465.10242514198006,468.7958952647425,464.0329796350046,468.12255859375,16469900
2025-06-10,466.57783210788693,468.172058367284,462.38922592870773,466.31048583984375,15375900
2025-06-11,465.41924870930376,470.81591405576256,465.0627870357861,467.9938049316406,16399200
2025-06-12,470.37032681118086,475.7174938929388,468.88500933710617,474.1826477050781,18950600
2025-06-13,471.7467014438283,474.48957663576516,468.13243522834,470.3108825683594,16814500
2025-06-16,470.55848782417763,475.9848587535654,470.35055183096546,474.4500427246094,15626100
2025-06-17,470.7466055851971,474.0539088222925,469.4395189734987,473.36077880859375,15414100
2025-06-18,473.3211811212961,476.291816149254,469.8158233270243,475.53924560546875,17526500
2025-06-20,477.5097284735666,478.727669344686,472.2021788313277,472.72698974609375,37576200
2025-06-23,473.52913174865415,482.975759890835,467.88494315239075,481.2428894042969,24864000
2025-06-24,484.1640031375646,487.0356109071577,482.0350238939456,485.3126220703125,22305600
2025-06-25,487.223778215148,489.71910084538035,484.5997232276066,487.4515075683594,17495100
2025-06-26,488.15456314430565,493.1650318097281,487.98621386300664,492.580810546875,21578900
2025-06-27,492.67982816744995,494.4126986738237,488.204082081207,491.0856018066406,34539200
2025-06-30,492.17479474651304,495.8583832017286,490.4815111095117,492.5411682128906,28369000
2025-07-01,491.61032989433573,493.1748508484927,486.174078149816,487.23358154296875,19945400
2025-07-02,485.1938116448169,488.66946431331223,483.9164603345879,486.2830505371094,16319600
2025-07-03,488.9764505765557,495.2345959448005,488.61007707252077,493.95721435546875,13984800
2025-07-07,492.51144569917784,493.8680307430937,490.3824968234557,492.8481140136719,13981600
2025-07-08,492.37280697303856,493.3234318678901,489.2734398258723,491.7588806152344,11846600
2025-07-09,495.40288075164045,501.8194631786975,494.8483646402868,498.58148193359375,18659500
2025-07-10,498.12592881176073,499.50233742843255,492.877819466512,496.5713195800781,16492100
2025-07-11,493.5907782355643,500.0865639242522,492.9273231662245,498.393310546875,16459500
2025-07-14,496.61090454240406,499.03693501960714,496.1257105345073,498.0962219238281,12058800
2025-07-15,498.0962552049,503.3245715280963,497.8685258646023,500.8688659667969,14927200
2025-07-16,500.23514183467364,501.760076321519,496.97736708309617,500.67083740234375,15154400
2025-07-17,500.730191050298,508.3449206172861,500.67078077223215,506.6912841796875,17503100
2025-07-18,509.4440643876484,509.6025320949179,502.4630844244223,505.05743408203125,21209700
2025-07-21,501.75013722027745,507.0775109565722,500.6014880788464,505.0673522949219,14066800
2025-07-22,505.9684679829346,506.1962275502158,500.3242492675781,500.3242492675781,13868600
2025-07-23,501.78972599996087,501.8293429250601,495.79895793496456,500.9183349609375,16396600
2025-07-24,503.7899711970312,508.6420022469781,502.334358860161,505.87933349609375,16107000
2025-07-25,507.4537578741833,513.216797186473,505.3644257046499,508.6816711425781,19125700
2025-07-28,509.0480107678364,509.9589885432546,505.12675096242896,507.48345947265625,14308000
2025-07-29,510.4838436674275,512.5533521818816,506.5526719682665,507.55279541015625,16469200
2025-07-30,510.12731827097724,510.89971236727115,504.4534248625209,508.2162170410156,26380400
2025-07-31,549.795171976257,550.0130499577134,526.6935786680993,528.2778930664062,51617300
2025-08-01,529.7632787074629,530.5554360086387,515.7616702567567,518.9798583984375,28977600
2025-08-04,523.0990575737549,532.9813491761439,522.9604134562841,530.3969116210938,25349000
2025-08-05,531.9218555369729,532.0406760929504,522.0791498987046,522.5841674804688,19171600
2025-08-06,525.70337986457,526.4955370830186,518.9006307843745,519.8016967773438,21355700
2025-08-07,521.6434435727333,522.9208551796034,512.483986539974,515.7418212890625,16079100
2025-08-08,517.4846309027208,519.5244646686413,514.3258530361145,516.9301147460938,15531000
2025-08-11,517.1875615378566,522.4258201385037,514.6327984158801,516.6627807617188,20194400
2025-08-12,518.6233183732385,525.7825288027884,517.5836082950698,524.0595703125,18667000
2025-08-13,526.9014833945702,527.4857348349631,514.2861971986356,515.484375,19619200
2025-08-14,517.4449565045493,520.8017882377586,515.0486614235291,517.36572265625,20269100
2025-08-15,517.6528943134479,520.9502551513766,513.9990113965767,515.0783081054688,25213300
2025-08-18,516.4845535034275,517.7024945692299,508.98864359035275,512.0384521484375,23760600
2025-08-19,509.95896886179673,510.117376123604,503.57209201860513,504.7801513671875,21481000
2025-08-20,504.8791779580457,505.99812188843293,499.50233628326436,500.7698059082031,27723000
2025-08-21,499.57959198776825,503.48744166230597,498.617506554828,500.1250915527344,18443300
2025-08-22,500.13506667774504,506.5621975190336,498.3100856343386,503.09075927734375,24324200
2025-08-25,502.4956437530773,504.04291093011733,500.00611695670057,500.1449890136719,21638600
2025-08-26,500.2441598895975,500.85912581033193,494.4419229807315,497.943115234375,30835700
2025-08-27,497.90339657266526,503.1502356611414,495.82052770460996,502.6047058105469,17277900
2025-08-28,502.95187030654046,506.91922816363694,501.3748491905692,505.4810791015625,18015600
2025-08-29,504.5090702372647,505.44140176386463,500.3730863144936,502.5551452636719,20961600
2025-09-02,496.38587753866574,501.87074834041937,492.75574161607386,500.9979248046875,18128000
2025-09-03,499.6788070917271,503.64616490840893,498.220801883355,501.22607421875,16345100
2025-09-04,500.1846427841772,504.00323087503085,499.0440334241921,503.82470703125,15509500
2025-09-05,504.9157294675595,507.79205789513924,488.35199810583333,490.9605407714844,31994800
2025-09-08,494.0451377441344,497.1099483047291,490.990285532587,494.1344299316406,16771000
2025-09-09,497.3380873986388,498.1514030762742,493.6385453300377,494.3427429199219,14410500
2025-09-10,498.8754294126598,499.1233892811019,492.66650462093776,496.2867126464844,21611800
2025-09-11,498.15138006137016,499.0638857033828,493.8170463660224,496.9215087890625,18881600
2025-09-12,502.5154742767582,508.367321245748,499.73833579713096,505.73895263671875,23624900
2025-09-15,504.63802593930427,511.2634762434591,502.86262476523797,511.1543884277344,17143800
2025-09-16,512.6619733694059,513.0090929577493,504.449544036503,504.8859558105469,19711900
2025-09-17,506.4530809454648,507.11762672901375,501.8013512662406,505.85797119140625,15816600
2025-09-18,507.31598208941665,508.88310546808697,503.51725007824297,504.3008117675781,18913700
2025-09-19,506.39351766303514,515.0621842649809,506.1455578149837,513.703369140625,52474100
2025-09-22,511.382481416967,513.5148997152148,508.35732294429016,510.25177001953125,20009300
2025-09-23,509.6071466116137,510.3907385966617,503.17011764420596,505.074462890625,19799600
2025-09-24,506.215041937542,508.29788064425674,502.7832857896144,505.9869079589844,13533700
2025-09-25,504.15198973027213,505.84805701475193,500.9186136455738,502.8923645019531,15786500
2025-09-26,505.8976246789574,509.74596656687834,502.4856945681329,507.28619384765625,16213100
2025-09-29,507.3258652143003,512.6321819161793,504.7272507672145,510.4005432128906,17617800
2025-09-30,509.05168089535164,513.9315141469417,505.5009089039439,513.7232666015625,19728200
2025-10-01,510.5989672146665,516.262392605391,507.5143608700387,515.4689331054688,22632300
2025-10-02,513.4158303625842,517.343476169315,506.5126054199375,511.53131103515625,21222900
2025-10-03,512.8801529316524,516.2425031799986,510.7973143114264,513.1281127929688,15112300
2025-10-06,514.377848960065,526.6965386672223,513.9712214168786,524.256591796875,21388600
2025-10-07,523.9788663400786,525.4765536672338,517.1847899970462,519.7040405273438,14615200
2025-10-08,519.0097599169904,522.6497936321297,518.8213080060119,520.56689453125,13363400
2025-10-09,518.07745494396,520.0512058016051,513.1777655449532,518.136962890625,18343600
2025-10-10,515.3994727403434,519.3073226434543,505.47115003636685,506.790283203125,24133800
2025-10-13,512.1957986627914,512.1957986627914,507.50441729945595,509.8550720214844,14284200
2025-10-14,506.06622732552523,511.07503445038043,501.87073577210117,509.37896728515625,14684300
2025-10-15,510.75765569343554,512.9694382549203,505.838110317394,509.2401123046875,14694700
2025-10-16,508.3970827878481,512.6321960787722,503.9833851231019,507.4349670410156,15559600
2025-10-17,504.88601698312937,511.2734358883721,503.17012365144205,509.38897705078125,19867800
2025-10-20,510.41049011219013,514.4671401409408,509.2401268135401,512.5726928710938,14665600
2025-10-21,513.2769402267872,514.4572316509175,508.8533142722573,513.4356079101562,15586200
2025-10-22,516.8971823641815,520.943843958813,513.4852520447155,516.2921142578125,18962700
2025-10-23,518.1964698863214,519.6743010066873,514.3778516149157,516.3119506835938,14023500
2025-10-24,518.5237205252405,521.0628270774097,516.4607380708425,519.3370361328125,15532400
2025-10-27,527.4404441110845,530.2175826339089,524.6930292943027,527.1825561523438,18734700
2025-10-28,545.511702993095,549.2013167264516,536.3570441492753,537.6464233398438,29986700
2025-10-29,540.4930267482002,541.8121902511471,532.3500025514267,537.1306762695312,36023000
2025-10-30,526.150935240438,530.6042843733296,517.8591725476514,521.469482421875,41023100
2025-10-31,524.5640198650095,525.0004316167937,510.896444053691,513.5843505859375,34006400
2025-11-03,515.5680119038287,520.676008789008,510.3906395365282,512.8107299804688,22374700
2025-11-04,507.5838081580189,511.342858187808,503.6957838776707,510.1328430175781,20958700
2025-11-05,509.11117977922714,510.6287232020861,502.4460174356622,503.02130126953125,23024300
2025-11-06,501.53353925537283,501.5732213085109,491.7639146320967,493.04339599609375,27406500
2025-11-07,492.89463000746537,495.30479262227396,489.2248119110569,492.76568603515625,24019800
2025-11-10,495.9593732946225,502.71379706788474,494.7294718777327,501.8707275390625,26101500
2025-11-11,500.68055811559174,505.4414057875519,498.2505695472254,504.5289001464844,17980000
2025-11-12,505.203338237195,507.494515261433,495.0469117437556,506.9688415527344,26574900
2025-11-13,506.1455630365654,509.309533151825,497.1991825232493,499.182861328125,25273100
2025-11-14,494.1641988801248,507.4250879884235,493.38063720960855,506.01666259765625,28505700
2025-11-17,504.3007594029326,507.9407930820625,500.78963942134817,503.34857177734375,19092800
2025-11-18,491.3275301094218,498.87544447228873,482.8076324047851,489.76043701171875,33815100
2025-11-19,486.1005289347495,491.14898819063853,478.88983663624714,483.14483642578125,23245300
2025-11-20,489.6038857855625,490.4584800066478,472.50238827815747,475.4139099121094,26802500
2025-11-21,475.4834301610789,475.9007957312625,465.3179114267742,469.1436462402344,31769200
2025-11-24,472.005536687022,473.89355276873187,465.06952862032074,471.0118408203125,34421000
2025-11-25,471.08136597664605,476.12932719889915,461.9592459889855,473.9829406738281,28019800
2025-11-26,483.24419169180504,485.2315832491155,478.16642081896737,482.4393005371094,25709100
2025-11-28,484.5260924315005,489.5243812398697,483.5820692635899,488.9082946777344,14386700
2025-12-01,485.3607732415945,486.7718042788117,481.59465771305275,483.6714782714844,23964000
2025-12-02,483.6516286444489,490.38888506208144,483.2541563831954,486.91094970703125,19562700
2025-12-03,473.3171775583083,481.18723109312356,472.2042431453193,474.7182922363281,34615100
2025-12-04,476.7355071807625,478.2856702042714,473.4861025034468,477.8086853027344,22318200
2025-12-05,479.4780948278929,480.35255199911325,475.86105782216015,480.11407470703125,22608700
2025-12-08,481.8331998835391,489.1964595164875,481.32640529111774,487.9245300292969,21965900
2025-12-09,486.016607703579,489.01755801519323,485.42038417588924,488.9181823730469,14696100
2025-12-10,480.97857754952304,481.19719183884354,472.084987996716,475.5430603027344,35756200
2025-12-11,473.6252433732215,482.96597801292137,472.86007818396723,480.422119140625,24669200
2025-12-12,476.79512068758515,479.40854546431024,473.3370484252935,475.51324462890625,21248100
2025-12-15,477.0733729131614,477.6894594742654,469.5411415575728,471.82666015625,23727700
2025-12-16,468.9350114671635,474.87732355778707,467.911505956298,473.38677978515625,20705600
2025-12-17,473.903466892556,476.9739832708393,472.0055042784347,473.1184387207031,24527200
2025-12-18,475.17538699144035,486.5134594689822,474.8772903878124,480.92889404296875,28573500
2025-12-19,484.2875529363844,484.77448448182145,479.4482594182398,482.8566589355469,70836100
2025-12-22,483.0554234208069,485.64898536737695,479.6470539215635,481.8630065917969,16963000
2025-12-23,481.9226163967179,484.7546252629152,481.6841087754749,483.78082275390625,14683600
2025-12-24,482.61817584356095,486.0762481946253,481.77352833631136,484.94342041015625,5855900
2025-12-26,483.64171061957336,485.04282544173617,482.8964387136479,484.6354064941406,8842200
2025-12-29,481.80333660098637,485.27135560420123,481.1276307272214,484.02923583984375,10893400
2025-12-30,482.8666136001516,486.5929730105466,482.43933166580535,484.4068603515625,13944500
2025-12-31,484.7645645601486,485.06269150087525,480.25317705215497,480.5711669921875,15601600
2026-01-02,481.3363251826272,481.6046121327098,467.1960229709088,469.95849609375,25571600
2026-01-05,471.071443053882,473.0687813775576,466.5401924921144,469.86907958984375,25250300
2026-01-06,470.8130789419108,475.7219388392127,466.7886229022075,475.493408203125,23037700
2026-01-07,476.73551614076564,486.6128550141313,474.936929133209,480.422119140625,25564200
2026-01-08,478.20615894860083,479.61722033317443,472.8600706717694,475.09588623046875,18162600
2026-01-09,471.0714211959582,476.7951186190047,469.2231615927928,476.2585144042969,18491000
2026-01-12,473.6649886945649,477.95773148860775,472.68120923483104,474.1717529296875,23519900
2026-01-13,471.68751939768345,472.7805908527595,463.01257439213845,467.70281982421875,28545800
2026-01-14,463.51936213123724,465.24841354789686,454.2879494306214,456.4840087890625,28184300
2026-01-15,461.1941211270383,461.3233064418312,453.02593988397814,453.7811584472656,23225800
2026-01-16,454.94376661538865,460.2699922453042,453.6023014516422,456.9609680175781,34246700
2026-01-20,448.37541805572727,453.92022725149957,446.44764578645413,451.65460205078125,26130000
2026-01-21,449.74670883889326,449.8361378186282,435.9144504613163,441.3102111816406,37980500
2026-01-22,444.79810039972057,449.9851935867555,441.89652570286836,448.2959289550781,25349400
2026-01-23,449.02131930234236,468.1301005814363,447.6897705604439,463.0125732421875,38000200
2026-01-26,462.376577380716,471.26022001105116,459.0874468004336,467.31524658203125,29291200
2026-01-27,470.7137518035326,479.8259260665289,470.17714753577707,477.55035400390625,29213900
2026-01-28,480.1637149068934,480.69037244143027,474.9865685400099,478.59368896484375,36875400
2026-01-29,437.2162272399066,439.7104135269112,418.36581575660404,430.76715087890625,128855300
2026-01-30,436.4013853645445,436.8286672682951,423.7615739365565,427.5773620605469,58566800
2026-02-02,427.5277051213245,428.0245530606437,419.58808475506504,420.7010192871094,42219900
2026-02-03,419.34957819955315,419.3893041977899,405.9843574339844,408.6176452636719,61424100
2026-02-04,408.4089957411405,417.15350712085007,406.6600813351222,411.5788879394531,45012400
2026-02-05,404.87141244319446,405.72597626088844,389.84673704915224,391.188232421875,66289200
2026-02-06,396.6535630940219,399.25704122003975,390.4429643868461,398.61114501953125,53515300
2026-02-09,402.297746078297,412.2744602868579,398.34282592261525,410.9925842285156,45480500
2026-02-10,416.97464756162884,421.0090502850332,410.0982892644293,410.6646728515625,44857900
2026-02-11,413.5562839573264,413.83451755028244,398.4819366306212,401.82073974609375,42491000
2026-02-12,402.4467839094351,403.6392309547976,395.5008602319473,399.30670166015625,40802400
2026-02-13,401.90028127287496,402.98340606348665,395.54060384789733,398.7900085449219,34091600
2026-02-17,396.7032617740463,397.9950542597942,392.04282577248057,394.3581237792969,32078800
2026-02-18,395.6201070500213,400.02217209191446,393.8215201082963,397.0808410644531,23223400
2026-02-19,399.07278661262325,402.7976819572589,395.0690225854118,396.8517761230469,28234000
2026-02-20,394.51123443489973,398.5050592846536,393.56508699389525,395.6267395019531,34015200
2026-02-23,393.4057107487328,393.7642431363039,381.55374731391754,382.918212890625,43238300
2026-02-24,382.58959213032324,387.7884945775691,380.16937672197673,387.4299621582031,33884700
2026-02-25,388.95376053046306,399.84960746436826,388.5852587696308,398.9831237792969,43625500
2026-02-26,403.0765245044552,405.8453028142193,397.1306190557743,400.0986022949219,34405900
2026-02-27,389.30236795593413,395.2183958601928,388.30640407164015,391.15484619140625,51367200
2026-03-02,391.2743390590049,399.57073485574693,389.0533591512552,396.9413757324219,35474900
2026-03-03,391.5532542396072,405.05852201627056,391.0851500003899,402.2996826171875,38199200
2026-03-04,399.6504140582061,409.3710312257941,398.69429724653685,403.5645751953125,35808000
2026-03-05,402.78771732924594,409.9486695143622,402.7677785996419,409.0224304199219,39001300
2026-03-06,407.54843921074234,411.38287590243635,406.8612216895844,407.30938720703125,31123900
2026-03-09,403.2857003455267,408.55432729115563,401.8714182880504,407.757568359375,30131900
2026-03-10,408.37506928692744,408.5443965203919,401.30371964643086,404.122314453125,31706400
2026-03-11,403.9330670994013,407.35918518479474,399.96912002302975,403.245849609375,25512100
2026-03-12,402.99687655683135,404.4808530373378,400.08864860368743,400.238037109375,27263900
2026-03-13,399.3815063856616,403.16615688192843,392.65875035547907,393.9534912109375,26848000
2026-03-16,396.4633374914087,399.01300251860397,393.1965772756644,398.33575439453125,27733700
2026-03-17,398.6544268926901,402.7677623283013,396.1446090107731,397.79791259765625,26228300
2026-03-18,395.5271533612366,396.39363710184665,389.42188971563326,390.2087097167969,25908500
2026-03-19,388.52551763585893,390.90585551603124,385.4977789148814,387.4498596191406,25138800
2026-03-20,385.22889118681917,385.43803509853177,378.58579850034175,380.3287353515625,50853200
2026-03-23,382.3505545919761,385.64719283721575,380.1395134056624,381.4541931152344,29680100
2026-03-24,380.8167328036651,380.9263046350485,370.34917314154325,371.2355651855469,42733600
2026-03-25,375.39872248264555,375.5381416220395,368.13813722010167,369.5424499511719,31181200
2026-03-26,369.3233510512375,373.2076042912997,363.71606927386256,364.492919921875,36836600
2026-03-27,360.43931657918756,360.9871149414508,355.07108715320055,355.33001708984375,37883400
2026-03-30,360.4393055378546,363.8853318939423,354.8419936524484,357.51116943359375,44797000
2026-03-31,363.07862179545566,371.3949263066763,361.6046146993887,368.67596435546875,45244400
2026-04-01,371.98254731341393,372.48052926345224,366.7139201659809,367.8791809082031,29417200
2026-04-02,365.7278929006101,372.1319638369453,362.680245817395,371.9526672363281,24099100
2026-04-06,371.98252335059567,372.22157533941066,368.0086373714944,371.375,16146600
2026-04-07,368.8452727581139,370.9467724245638,365.080530373921,370.78741455078125,21443300
2026-04-08,383.426192668859,383.4461010048471,369.9109552686541,372.81915283203125,33064800
2026-04-09,370.9965632857518,371.99252721403565,365.5685477188417,371.56427001953125,30435300
2026-04-10,371.47463812837884,374.12390583360843,368.5365323725683,369.3731384277344,28111100
2026-04-13,372.10205289266787,382.98796126737693,369.5225100750242,382.8186340332031,35745800
2026-04-14,386.3543213772784,393.09698589720546,384.95994763093,391.5233459472656,37504500
2026-04-15,396.3936283702306,412.69755239260473,395.1287651714373,409.5602722167969,45063400
2026-04-16,418.16537187855886,419.12151906860663,410.4765600541581,418.56378173828125,41642400
2026-04-17,423.10539315661504,429.83808848207923,418.99205736838906,421.0835876464844,48568200
2026-04-20,419.4501847919345,421.6213787702164,414.6197538627068,416.38262939453125,27582200
2026-04-21,418.54386715015573,425.4558591722327,415.51615872358184,422.44805908203125,32048500
2026-04-22,424.4698510786937,431.9495495900464,421.9600330275293,431.1726989746094,29378200
2026-04-23,418.19526527607866,421.9500379562064,409.7494810939023,414.07196044921875,38308000
2026-04-24,415.28707116170386,423.23487407473965,414.12178001797366,422.90618896484375,27457400
2026-04-27,420.6752229306716,425.38611256831246,415.3866572294081,423.1053771972656,30867300
2026-04-28,422.8563830057505,428.1847957314844,420.197146128082,427.5174865722656,30438100
2026-04-29,422.866306449911,425.0972860808559,418.59364353468584,422.7467956542969,38288300
2026-04-30,409.15192465494977,412.74737011555624,396.4035989759817,406.1341552734375,70909400
2026-05-01,411.1338775963461,415.4264794885345,408.7834174283456,412.76727294921875,31372400
2026-05-04,409.87897009526375,419.0816663151199,409.14193618030583,411.9505615234375,28066500
2026-05-05,413.6437352165572,415.09783400354706,407.1500311208482,409.7196350097656,25700900
2026-05-06,406.3532485673598,416.73120520087787,403.4748984673602,412.2891845703125,30285900
2026-05-07,418.41437649189606,426.25263786097554,417.06984955189336,419.07171630859375,34942400
2026-05-08,415.70537649227293,416.9403619714099,412.32904436576047,413.44451904296875,33383800
2026-05-11,406.22377045102496,411.02432350049145,403.86334099070683,410.99444580078125,35657900
2026-05-12,412.8071154720842,413.8229876767416,404.9987623844293,406.1241760253906,38594200
2026-05-13,401.57265715241186,404.6700902960666,399.41140211310335,403.57452392578125,29667100
2026-05-14,402.847493220503,410.1777730080913,399.2620170659624,407.7774963378906,27077500
2026-05-15,412.5979239362014,426.4418454559798,411.2434277199191,420.2170715332031,50771200
2026-05-18,414.93848271907115,423.40417602339767,413.9325494355234,421.83056640625,32564100
2026-05-19,428.16486989475214,430.9535870211983,414.808990493047,415.7352600097656,33018700
2026-05-20,412.49835957243755,420.3963455784958,409.63991780241736,419.36053466796875,27864000
2026-05-21,423.9518891931334,425.5388979071037,414.92886694253497,418.3025207519531,31393500
2026-05-22,418.7517174636334,423.60257118762803,415.54772693408205,417.7835388183594,22390300
2026-05-26,415.6475333356961,418.9812539216563,412.24393696715845,415.248291015625,30398000
2026-05-27,410.23773822181624,415.15846763645,408.8104019854481,411.8946228027344,28901500
2026-05-28,412.2040283766931,428.68298564682067,411.89461329838434,426.18768310546875,47250500
2026-05-29,431.7372486144539,449.48383969057267,431.54760317786213,449.3940124511719,79654400
2026-06-01,463.96658383705716,465.4438139523178,457.40892124774234,459.6546936035156,53628900
2026-06-02,446.0403151791343,452.64787129328397,439.6024225764256,440.48077392578125,37036800
2026-06-03,437.62618910935214,439.56254639446627,423.45285793258154,426.53704833984375,39037000
2026-06-04,434.9911260035114,435.33048350032107,425.60879436274143,427.2456970214844,26899500
2026-06-05,427.5351398188391,428.66302140752947,413.6213308264138,415.8870849609375,34782200
2026-06-08,413.3618539280056,416.37616844333525,407.79232157753756,410.9663391113281,32086700
2026-06-09,408.26144336727174,411.20591258759293,397.7312786929967,402.6520080566406,35317300
2026-06-10,397.80110870103243,404.2789346443135,396.41373636313654,396.61334228515625,32576000
2026-06-11,394.46741202742857,396.1043451719433,383.278483574852,389.6065673828125,47224100
2026-06-12,390.6945042817559,391.003919361718,381.55171206615995,390.00579833984375,34865800
2026-06-15,396.05442037645633,400.99513175706005,392.11186050588947,399.0088806152344,32266400
2026-06-16,395.0463355104342,396.094350419825,389.9559121071713,393.0899963378906,31506800
2026-06-17,389.51671695343225,389.6364865987809,376.6110198431126,378.1980285644531,41987800
2026-06-18,377.11008548581106,380.6534028700893,372.5786075934489,378.6871032714844,59714200
2026-06-22,375.0339909424311,380.9129385065033,366.3802985575179,366.6497802734375,45171100
2026-06-23,371.6802994138851,376.51120135394876,369.9735210485466,373.23736572265625,40647600
2026-06-24,370.87185096853153,378.16811350773463,364.09460041679364,364.7733154296875,44509900
2026-06-25,362.0883479855026,363.5456265920902,348.54386902384044,352.1670227050781,66179000
2026-06-26,356.4789138154501,375.90234020580533,354.762144454129,372.2691955566406,186201600
2026-06-29,376.790685328561,379.7850483907747,359.2237492715265,367.8774719238281,51229900
2026-06-30,370.3328407149792,373.44697342275583,366.7595808670141,372.319091796875,44945700
2026-07-01,380.1144231011508,388.09939143880604,374.18561213385976,383.5579528808594,48065800
2026-07-02,383.7575696594082,391.4630649298244,382.97903650468743,389.7562561035156,42128900
2026-07-06,386.31276024010407,388.418780928489,380.5036887115837,386.0133056640625,34224500
2026-07-07,391.75251064257776,394.8267404517197,387.4905448392632,388.109375,29297500
2026-07-08,383.3084264217563,384.58602015004215,380.6134873969759,382.6197204589844,25908300
2026-07-09,373.74643420118315,383.92725049460796,372.64849496928053,383.6377868652344,31083200
2026-07-10,387.07131223677504,391.1736053926777,380.783162110783,384.37640380859375,24644600
2026-07-13,387.02143811329415,392.91034623109437,383.4281962321871,390.2553405761719,28914900
2026-07-14,382.1007052927433,387.46061042423804,377.93852713765,384.20672607421875,27863900
2026-07-15,387.07132248997675,398.2103568181361,385.6739591427675,394.8866271972656,36253700
2026-07-16,397.56157784187184,405.2271399033625,391.31333055964967,400.3463439941406,37047400
2026-07-17,394.1180409920291,397.64143734197864,388.6583483977542,393.08001708984375,33049800
2026-07-20,390.67455694621333,402.4224305318551,388.91785418191677,401.53411865234375,27915800
2026-07-21,398.0606303262699,400.7156358198418,395.57531880381754,397.00262451171875,24126600
2026-07-22,398.8291961465565,400.246541441447,386.2329133568751,389.6065673828125,28142500
2026-07-23,389.23725659651495,391.04385321150613,376.68090752842744,380.8630065917969,30351800
2026-07-24,386.32274187573427,388.29903252889795,379.9347732203772,380.9828186035156,27659400
2026-07-27,389.3470355932277,393.45931979821836,387.2609663085435,388.368896484375,27856200
2026-07-28,392.4212554523594,399.56780545733704,390.5647345556998,392.61090087890625,32367500
2026-07-29,392.6607942930367,400.4960502148319,388.00954678983055,389.8061828613281,47209000
2026-07-30,437.07720086969465,457.8281459885008,431.6274684759506,450.2524108886719,110160700
2026-07-31,449.1544591210436,465.962813447145,448.4857046349594,463.8468017578125,60846000
2026-08-03,475.2353605631651,490.7261876465455,474.10747895013026,486.73370361328125,66762100
2026-08-04,479.99640781848416,498.50158065157444,478.2696778930625,491.884033203125,50455500
2026-08-05,495.42733843271316,497.3038108374591,484.7674131728324,486.5440673828125,33388900
2026-08-06,487.6319998350186,500.61756372489685,487.60205742358346,498.9207458496094,36441500
2026-08-07,498.2719734340298,504.23075699317457,497.79289485093346,499.0505065917969,28846200
2026-08-10,502.4940586092805,512.7647021753171,501.32624359045303,505.109130859375,31206100
2026-08-11,503.3823542433026,504.38047525067043,498.61133704649393,502.86334228515625,23049800
2026-08-12,499.0505227551261,500.557695253814,490.59643643442394,491.5047302246094,29001500
2026-08-13,492.34314786956145,500.3979918654044,492.0836571155829,495.9463806152344,23039000
2026-08-14,495.42733437790497,499.07050046550256,492.991947114923,494.4691467285156,16217600
2026-08-17,489.21906226283284,491.73431632358415,477.51109147171053,479.44744873046875,29635800
2026-08-18,480.6352093836093,483.36006030134655,476.2534434403709,480.72503662109375,24087600
2026-08-19,479.16797047398614,488.3806080919379,478.4592826108848,483.3999938964844,19961900
2026-08-20,483.29998779296875,484.1600036621094,479.5,481.1499938964844,20020800
2026-08-21,479.8800048828125,486.3599853515625,478.5299987792969,483.239990234375,22510800
2026-08-24,483.2099914550781,490.6099853515625,481.8599853515625,487.30999755859375,17230800
2026-08-25,485.44000244140625,492.44000244140625,484.29998779296875,491.7099914550781,19519000
2026-08-26,487.8500061035156,497.3999938964844,487.30999755859375,496.3699951171875,20758900
2026-08-27,494.8800048828125,506.4800109863281,490.0799865722656,505.05999755859375,28688800
2026-08-28,505.3299865722656,517.780029296875,504.8699951171875,513.530029296875,29207300
2026-08-31,510.3800048828125,512.1900024414062,506.3900146484375,507.2900085449219,27208900
2026-09-01,497.5199890136719,505.9700012207031,496.7799987792969,501.0199890136719,21046900
2026-09-02,499.8500061035156,500.2699890136719,493.80999755859375,496.82000732421875,15336100
2026-09-03,501.6600036621094,515.6500244140625,500.79998779296875,510.1199951171875,24125900
2026-09-04,510.0,511.0,499.3599853515625,499.70001220703125,18101800
2026-09-08,493.010009765625,495.19000244140625,490.1499938964844,493.95001220703125,18882300
2026-09-09,493.07000732421875,494.3900146484375,489.79998779296875,491.6499938964844,12889600
2026-09-10,488.32000732421875,494.5199890136719,486.0,492.44000244140625,16038800
2026-09-11,495.6499938964844,498.9700012207031,492.5799865722656,495.6300048828125,14510500
2026-09-14,497.05999755859375,509.95001220703125,495.3399963378906,505.4100036621094,23091900
2026-09-15,500.05999755859375,505.8999938964844,495.5400085449219,497.1199951171875,17794600
2026-09-16,493.0299987792969,495.9700012207031,487.2300109863281,490.29998779296875,16670300
2026-09-17,497.79998779296875,501.4700012207031,493.1700134277344,497.75,17841600
2026-09-18,497.9700012207031,498.6499938964844,491.1000061035156,493.7799987792969,39622300
2026-09-21,494.95001220703125,501.8699951171875,491.3299865722656,501.6099853515625,27959900
2026-09-22,507.32000732421875,508.5,493.6499938964844,498.0,21652800
2026-09-23,500.760009765625,509.44000244140625,495.8800048828125,500.5899963378906,19445600
2026-09-24,495.07000732421875,498.8999938964844,491.2200012207031,497.92999267578125,16657600
2026-09-25,499.0400085449219,519.4000244140625,497.25,516.1699829101562,38193100
2026-09-28,505.4700012207031,513.3300170898438,502.2200012207031,509.2200012207031,19611600
