Date,Open,High,Low,Close,Volume
2000-01-03,0.09004066111395304,0.09075503690593267,0.08408508519999562,0.08920645713806152,300912000
2000-01-04,0.0876578415853421,0.08789657099684743,0.08241755722032784,0.08682455122470856,300480000
2000-01-05,0.08432381023419697,0.0857525616265522,0.08277523067399953,0.08396616578102112,188352000
2000-01-06,0.0839661900081356,0.0839661900081356,0.07527201774224679,0.07848717272281647,120480000
2000-01-07,0.07813042091643252,0.08063119252480833,0.07693948577766226,0.0797979086637497,71184000
2000-01-10,0.08003572882847189,0.0857525680622917,0.0786069773288887,0.08241759240627289,239856000
2000-01-11,0.08194104637891544,0.0828941585339518,0.07908262312412262,0.07908262312412262,148128000
2000-01-12,0.07908262396656113,0.07920245215433079,0.07598638435643598,0.07705840468406677,123552000
2000-01-13,0.07693950549151121,0.080988857738914,0.07598639321520442,0.0802735686302185,132192000
2000-01-14,0.08146541341504678,0.0870624253694275,0.08122667704834279,0.08372744917869568,604560000
2000-01-18,0.08479946538299668,0.08765788872422671,0.08098884988325511,0.08730115741491318,261648000
2000-01-19,0.08765789603670902,0.08765789603670902,0.08575258472039456,0.0864669606089592,164688000
2000-01-20,0.08718221268198663,0.09194593873984315,0.08551472523823038,0.0862291008234024,179568000
2000-01-21,0.08599040587590015,0.08634805041703732,0.08313198236299592,0.0852760300040245,544272000
2000-01-24,0.08801551587330338,0.08801551587330338,0.08098883389944746,0.08146539330482483,256944000
2000-01-25,0.081822105388837,0.08265630911747832,0.07813040615421431,0.08075008541345596,237120000
2000-01-26,0.08075007569321199,0.08289412220088588,0.0759863502416388,0.0774151012301445,232464000
2000-01-27,0.07801060534663024,0.07801060534663024,0.07050736928428776,0.07336579263210297,458208000
2000-01-28,0.07241359833379087,0.07289015105009829,0.0683642462082745,0.07122266292572021,194448000
2000-01-31,0.07157935958184539,0.07312793878328006,0.06669672577226535,0.07062716782093048,182400000
2000-02-01,0.07074611329964715,0.07289015423398572,0.06812551281318173,0.07229377329349518,92976000
2000-02-02,0.07265141991051859,0.07574858003683656,0.07229377534118377,0.07431890815496445,149040000
2000-02-03,0.07670075979352313,0.07824933960362031,0.0750332718215705,0.07550983130931854,108240000
2000-02-04,0.07789167984862451,0.07789167984862451,0.075748552833677,0.07729621231555939,123696000
2000-02-07,0.07765386126883239,0.07765386126883239,0.07241358175032694,0.07253248989582062,217488000
2000-02-08,0.07431891920482984,0.07860700864752902,0.07241361431452621,0.07598640769720078,468816000
2000-02-09,0.07884482727343692,0.0801546710670938,0.0777728066788812,0.07789171487092972,589056000
2000-02-10,0.08265634614584298,0.09528095565419274,0.08265634614584298,0.09385129064321518,970080000
2000-02-11,0.09849608540614728,0.09861591358583331,0.08837317007091987,0.09528093785047531,423792000
2000-02-14,0.09551873848131004,0.1105252057313919,0.09456562660485898,0.1105252057313919,650112000
2000-02-15,0.1107639707690008,0.11088287892629407,0.10171215544507206,0.10623805969953537,450480000
2000-02-16,0.10742897155024432,0.11481329735756297,0.10623803655616883,0.11112067103385925,1019568000
2000-02-17,0.11100181268903188,0.11576645438245833,0.1093343243964068,0.11505116522312164,535776000
2000-02-18,0.11338369061085651,0.13005856873401841,0.11255040637675408,0.1283910870552063,960864000
2000-02-22,0.12434173113264253,0.1260082995619797,0.12005363497122802,0.1248173639178276,542496000
2000-02-23,0.12338857163812376,0.126842455617797,0.12183999869956118,0.1255326122045517,511392000
2000-02-24,0.12624696980889583,0.12708025354182395,0.11910046049496721,0.12434165924787521,244320000
2000-02-25,0.12446058753771365,0.12446058753771365,0.111478336730023,0.11659970134496689,278736000
2000-02-28,0.11600423726121326,0.11719517244562173,0.11386020363818847,0.11576642096042633,517872000
2000-02-29,0.11505113617260644,0.12338856871551888,0.11505113617260644,0.1219589039683342,306048000
2000-03-01,0.12195885048523801,0.12195885048523801,0.11648074983902804,0.11838605999946594,383568000
2000-03-02,0.11933923306164165,0.11933923306164165,0.11004960720647226,0.11040633171796799,191040000
2000-03-03,0.11052521027941722,0.11338362600134229,0.10957301157383323,0.11219269782304764,273696000
2000-03-06,0.11290800080045611,0.12148326267010454,0.1105252241203864,0.11147833615541458,432096000
2000-03-07,0.14292095236320965,0.16626485602857902,0.13672756025542457,0.1587616205215454,1952208000
2000-03-08,0.1586719733287141,0.1615011121106811,0.14720901834124842,0.1600714474916458,668736000
2000-03-09,0.16197677109743042,0.20580616106672467,0.16150112485373871,0.19112715125083923,952944000
2000-03-10,0.20104241719963437,0.2763134937769832,0.19961275258611108,0.2248619645833969,2161200000
2000-03-13,0.20390089402876668,0.2858419404298601,0.20199466955963818,0.2844131886959076,2415168000
2000-03-14,0.282864558894442,0.282864558894442,0.20580616033086527,0.20985551178455353,1567776000
2000-03-15,0.22489209294374932,0.23069858153201367,0.19437242629813134,0.20128019154071808,995616000
2000-03-16,0.20771147293595627,0.21485798383540194,0.17650759627110568,0.1794547438621521,750384000
2000-03-17,0.17531665984383807,0.20390084734195368,0.1752864693877775,0.1903231292963028,557616000
2000-03-20,0.19782636077495075,0.2041386602784847,0.18412973481027814,0.1902042180299759,365280000
2000-03-21,0.1905609436776351,0.19222842456569075,0.1657882912824941,0.18079476058483124,536640000
2000-03-22,0.18222441956593793,0.18770252189183398,0.1791272605407319,0.18210551142692566,230592000
2000-03-23,0.18043803996002097,0.195325602558057,0.18008040228725153,0.1853206753730774,309408000
2000-03-24,0.18412975663474615,0.19246718926978515,0.17150514250130983,0.1775796264410019,231600000
2000-03-27,0.1772219921464611,0.18293883895667284,0.164359574096179,0.16590723395347595,388944000
2000-03-28,0.16019036865600303,0.16197677148235937,0.1505430928114801,0.1535213440656662,393312000
2000-03-29,0.15411676739610547,0.15768957233831438,0.1372040895055314,0.1433974802494049,469440000
2000-03-30,0.1391094435477925,0.15578432564929612,0.13434571530047926,0.1425633281469345,361920000
2000-03-31,0.15230022468965831,0.16745579462244073,0.14959090692962665,0.16099439561367035,962976000
2000-04-03,0.15953544530507136,0.1600714588314094,0.144230791176719,0.1483999639749527,329952000
2000-04-04,0.1562598811246559,0.1588804664774912,0.1086198799093161,0.14292089641094208,513792000
2000-04-05,0.14435058079816732,0.18579719130988723,0.13696625530589843,0.17472116649150848,639600000
2000-04-06,0.1828199028968811,0.19210952709483115,0.17412573265558595,0.1828199028968811,404592000
2000-04-07,0.1919905816144535,0.20008928269436027,0.18389188053454675,0.19544446468353271,318576000
2000-04-10,0.19877948693558598,0.21033207383406563,0.17448246470317333,0.17817509174346924,395280000
2000-04-11,0.16575810921381806,0.1810334992403582,0.15244931058189218,0.1675746887922287,457584000
2000-04-12,0.1678134295348792,0.17150512950314217,0.14959089230714376,0.15018635988235474,313440000
2000-04-13,0.15137728543346846,0.15673648012306257,0.14125346406511843,0.14375422894954681,313296000
2000-04-14,0.13458351771893629,0.14494608260405825,0.12481732002675956,0.1311003565788269,421920000
2000-04-17,0.12005359646083381,0.14292095465813756,0.12005359646083381,0.13779957592487335,294096000
2000-04-18,0.15167454615190823,0.1710285483704288,0.147209003324634,0.1622154712677002,477504000
2000-04-19,0.16733683873272584,0.16959978683228702,0.15244927982351775,0.15447349846363068,278352000
2000-04-20,0.15864269680495016,0.16162003462043165,0.1514962000976114,0.1536402404308319,153936000
2000-04-24,0.14482624381103676,0.1512583645723022,0.13839502262992393,0.1460171788930893,205968000
2000-04-25,0.15256820931534737,0.16674139462123205,0.15221057168110605,0.16197675466537476,249696000
2000-04-26,0.17329147160714597,0.17722189970465585,0.16007139548001148,0.16030922532081604,254112000
2000-04-27,0.14959087097717982,0.17507789636027996,0.1487566740167083,0.17341041564941406,280992000
2000-04-28,0.17614999996410666,0.18293886115570604,0.16983769834041595,0.16983769834041595,179040000
2000-05-01,0.17626886857905694,0.18008040379626525,0.1711474899744807,0.1753166764974594,119424000
2000-05-02,0.17531667122938335,0.18555941450074842,0.16364424961817114,0.16852781176567078,234000000
2000-05-03,0.16745583399314032,0.17293485172099346,0.15244935915060112,0.16578835248947144,329184000
2000-05-04,0.1654306222262714,0.17484007987927724,0.16400187098737817,0.16781340539455414,241200000
2000-05-05,0.16709817273630137,0.17960388119092163,0.1648352235926977,0.1755545288324356,170592000
2000-05-08,0.17102854422042058,0.17722193491047555,0.16888450416769604,0.16912324726581573,185136000
2000-05-09,0.17198174878540243,0.17341050072706685,0.16197681872164285,0.16674146056175232,176832000
2000-05-10,0.1650738759127062,0.16519278402680862,0.1488755621861062,0.15030522644519806,274080000
2000-05-11,0.15244928161706117,0.15947595587782515,0.1504241497430867,0.15673644840717316,245904000
2000-05-12,0.16102464070567438,0.1695998927504572,0.15197281539440155,0.15197281539440155,187824000
2000-05-15,0.15125841657780342,0.16507396886177955,0.1438740876861162,0.16245336830615997,282096000
2000-05-16,0.1695998218211488,0.18424865429299894,0.16769359770244704,0.1791272759437561,366432000
2000-05-17,0.18865564996782785,0.21843077498498994,0.1885367418143733,0.21056988835334778,1290624000
2000-05-18,0.21176081155901574,0.21521469522488093,0.19496793902673884,0.19627778232097626,509904000
2000-05-19,0.19056094651718755,0.20104241867261038,0.18913219510337737,0.19461029767990112,521184000
2000-05-22,0.1924672021808705,0.20723585784435272,0.1754355976702382,0.20723585784435272,517152000
2000-05-23,0.2019946089158809,0.2247430409715302,0.19866054692415983,0.2055683135986328,778560000
2000-05-24,0.20532968149021072,0.20866465827357977,0.1757932764686972,0.20294781029224396,739632000
2000-05-25,0.2059250592610482,0.2181929336239189,0.19758852734283242,0.20008930563926697,569184000
2000-05-26,0.2011018693447113,0.2066394255245184,0.1886556197092483,0.2011018693447113,183456000
2000-05-30,0.2065205132896079,0.2146192153029022,0.2055683213304965,0.2093789428472519,303648000
2000-05-31,0.2086645858689456,0.2210513694889147,0.2086645858689456,0.21747766435146332,469536000
2000-06-01,0.22390975906028324,0.2259339778993609,0.21795418425919227,0.22355210781097412,418992000
2000-06-02,0.22819690902830075,0.25344613122704035,0.22819690902830075,0.2507075369358063,592176000
2000-06-05,0.25034989668857105,0.26869132621946484,0.24034498494439446,0.2560960054397583,491904000
2000-06-06,0.257019893905971,0.2665473484404145,0.24201249628724364,0.24332326650619507,375888000
2000-06-07,0.24153684742945492,0.24356106643856568,0.2289113211082464,0.23248502612113953,332352000
2000-06-08,0.23843967974591254,0.23867839559675413,0.22486194904169787,0.23427140712738037,460704000
2000-06-09,0.23867849013955125,0.2515409370762884,0.23510478404225738,0.24094052612781525,467280000
2000-06-12,0.2420125101835827,0.2440376562853481,0.229150092806423,0.23450927436351776,380016000
2000-06-13,0.2279591035812138,0.2420124529262014,0.2267681685702856,0.24189354479312897,447840000
2000-06-14,0.24641953815518977,0.24772935440905622,0.2384699193163993,0.24165579676628113,275088000
2000-06-15,0.2409404602483261,0.2479680627584457,0.22795913593857706,0.24796806275844574,338592000
2000-06-16,0.2470743590032158,0.28584181299923445,0.24701487768417318,0.2853652536869049,987840000
2000-06-19,0.2846509225573642,0.3263362661512965,0.2775044126971984,0.3032301962375641,1052160000
2000-06-20,0.30847146073847026,0.312044239375353,0.29537030012955795,0.29918089509010315,610272000
2000-06-21,0.2945360078954528,0.3353880650539556,0.2945360078954528,0.3295513987541199,614880000
2000-06-22,0.32812281581156894,0.3349116774649787,0.30847153367210217,0.3115677535533905,614352000
2000-06-23,0.3032302656883308,0.30704178755473666,0.2820304012058351,0.2821502089500427,607392000
2000-06-26,0.28774724927168255,0.317998937977115,0.2832213513448625,0.31621253490448,618288000
2000-06-27,0.31347295503657113,0.31871415469912806,0.2632123453810419,0.271549791097641,604608000
2000-06-28,0.277266549632288,0.2877471197503555,0.2534461080785259,0.2610691487789154,586608000
2000-06-29,0.25654332627436083,0.25654332627436083,0.21914514546388436,0.2234332263469696,1184880000
2000-06-30,0.2339137719744671,0.24630055486702576,0.2224801079106241,0.2422512173652649,1209192000
2000-07-03,0.24391869647280612,0.2515408388400386,0.23057879559499406,0.23296156525611877,232680000
2000-07-05,0.2320084520040038,0.23248501139956035,0.20104240920446267,0.2079501897096634,777936000
2000-07-06,0.20818804148613865,0.22819696985025564,0.2031855845000354,0.22057482600212097,603936000
2000-07-07,0.2286734784187983,0.23248499928447644,0.2172398017718581,0.22176571190357208,346560000
2000-07-10,0.2179542033619146,0.23867841858553338,0.21581107619860754,0.23319940268993378,351264000
2000-07-11,0.23010319974383214,0.26392766303608745,0.22748258613276254,0.25201743841171265,755304000
2000-07-12,0.26249798415623277,0.27226418187119267,0.2541614648192118,0.2591630220413208,388152000
2000-07-13,0.2646421127323951,0.2848888623654471,0.2641655531390519,0.2834601104259491,458736000
2000-07-14,0.289176871834736,0.29465498867830664,0.2744082441402704,0.28131601214408875,280200000
2000-07-17,0.28560399499266864,0.28584181122736674,0.27726655143854584,0.27821967005729675,105552000
2000-07-18,0.2629745246904453,0.28584188058961574,0.2629745246904453,0.2727407217025757,183672000
2000-07-19,0.2629746435660154,0.2648799552871605,0.24987347875669927,0.2553524971008301,189504000
2000-07-20,0.25511365781594575,0.2686913771540088,0.2543992820445401,0.26226016879081726,142992000
2000-07-21,0.26297452465582044,0.27059666767447227,0.25916300335639547,0.26559513807296753,251928000
2000-07-24,0.26583286788526467,0.26773817812504735,0.23248495010959153,0.24296551942825317,281112000
2000-07-25,0.2467771691280284,0.24868248036873486,0.23343726444193763,0.2339138239622116,335304000
2000-07-26,0.23391376061621477,0.23391376061621477,0.21009422802660932,0.21652543544769287,380064000
2000-07-27,0.20961769078012132,0.2124761069592576,0.19818401243357278,0.20104242861270905,331560000
2000-07-28,0.20199468818773253,0.22081268490946962,0.19056100679011467,0.2058062106370926,512664000
2000-07-31,0.2172398532489117,0.22915009208881898,0.2058061738926522,0.2286735326051712,371232000
2000-08-01,0.2286734681405673,0.23057877869772014,0.222480077539751,0.22414755821228027,350616000
2000-08-02,0.22105138864777096,0.2323652466328845,0.21747768320058114,0.2286735326051712,345432000
2000-08-03,0.2058061941846655,0.24391877141011492,0.2058061941846655,0.2386784702539444,368664000
2000-08-04,0.24439519723801717,0.2477292311876641,0.2391539993687823,0.24296551942825317,194784000
2000-08-07,0.24463316416552736,0.2641655366064084,0.24368004503849136,0.2620214819908142,246936000
2000-08-08,0.2563045918941498,0.27059668693925615,0.25535239981665503,0.2563045918941498,128112000
2000-08-09,0.25963950963278404,0.2613069765986835,0.24510960228710196,0.24868237972259521,136248000
2000-08-10,0.24296557850803943,0.2572576713614535,0.23820186559027864,0.2515408396720886,156432000
2000-08-11,0.2520173453798053,0.2539226556770666,0.23391370813606194,0.2455861121416092,131928000
2000-08-14,0.2486824384983834,0.2510643088583313,0.24010717635843773,0.24796806275844574,108576000
2000-08-15,0.24915898995498081,0.2763134997246139,0.24844461423793282,0.27137142419815063,443328000
2000-08-16,0.2860796274620648,0.2860796274620648,0.26988222650317395,0.27821967005729675,266232000
2000-08-17,0.2744083131940544,0.2848888623654471,0.273455194007368,0.2834601104259491,129816000
2000-08-18,0.2822690859220458,0.2967990240578025,0.28179255373886986,0.2934640347957611,204720000
2000-08-21,0.3041834482467205,0.3094237505850404,0.2972756778552326,0.2979900538921356,464472000
2000-08-22,0.2825069494534022,0.2887003417120941,0.2672626344953993,0.26988232135772705,658872000
2000-08-23,0.26559524468695767,0.2860798116811636,0.2601162266209328,0.28560417890548706,352800000
2000-08-24,0.2839367188100997,0.2960847924854308,0.2786964433239306,0.29322636127471924,332616000
2000-08-25,0.2901298722301732,0.29632236233337894,0.28441304182573507,0.28584179282188416,153048000
2000-08-28,0.28727164362366736,0.30108718230438175,0.2839366535047686,0.2972756326198578,189264000
2000-08-29,0.29846655247207465,0.2991809283628356,0.29346409481590224,0.29656124114990234,149376000
2000-08-30,0.2932262458552921,0.3032302604746464,0.29012999944605056,0.29918089509010315,178080000
2000-08-31,0.30370679959133623,0.31442608888333007,0.2977521234959221,0.3025158643722534,388896000
2000-09-01,0.3087092660161486,0.31156766873944114,0.29965744385565496,0.30299243330955505,204144000
2000-09-05,0.3101388328724722,0.31037667638298816,0.3013248566827712,0.30346888303756714,246144000
2000-09-06,0.30465983327685053,0.30465983327685053,0.28012501315939753,0.28250688314437866,230136000
2000-09-07,0.286794892145547,0.29822855218763217,0.27488464559673653,0.2977519929409027,239760000
2000-09-08,0.2944171772578863,0.30108712905606533,0.2791719625764661,0.28012508153915405,222648000
2000-09-11,0.2765521858742435,0.2782196800972418,0.2582107580412762,0.2686913013458252,285888000
2000-09-12,0.26892917206734784,0.28298342106361224,0.2629744969825493,0.26702386140823364,125976000
2000-09-13,0.266309512376249,0.27131196879139585,0.2605926529875599,0.2669049799442291,239976000
2000-09-14,0.26821488971632573,0.28012511634866616,0.2610692771291637,0.2644042670726776,216336000
2000-09-15,0.26297452896805773,0.2739316613008604,0.2610692180772011,0.27018049359321594,242592000
2000-09-18,0.27083535483780957,0.2725028490604533,0.25154080835579923,0.25439921021461487,163488000
2000-09-19,0.2427278005505912,0.2629745445622229,0.24010718693507135,0.26226016879081726,301104000
2000-09-20,0.2551136597050176,0.26011614382244835,0.2496355702233188,0.2536849081516266,227568000
2000-09-21,0.2555902356232558,0.270358891253848,0.25535241929580815,0.2645826041698456,346824000
2000-09-22,0.23843971354233573,0.27250291919134634,0.2382018972379023,0.2691679298877716,387264000
2000-09-25,0.2775044285610246,0.2925118247992475,0.2753613014585764,0.28846246004104614,467568000
2000-09-26,0.29155867309645095,0.29870518255934425,0.2782196997311495,0.2953702211380005,337344000
2000-09-27,0.292988498804522,0.3253833205001166,0.292988498804522,0.3115677535533905,676128000
2000-09-28,0.30870924917908726,0.323001343796082,0.3010871058461037,0.3210960328578949,333816000
2000-09-29,0.3120442032814026,0.32395445447370935,0.30680393046404375,0.3120442032814026,373872000
2000-10-02,0.3163314740129917,0.32871826088318123,0.2967991014134084,0.30465996265411377,340584000
2000-10-03,0.30632735830107993,0.3087092285245124,0.28584187321528826,0.2882237434387207,300264000
2000-10-04,0.2806016200849734,0.28965341451420024,0.27679007135891276,0.28488877415657043,419568000
2000-10-05,0.2870327460808157,0.2870327460808157,0.2722640962100719,0.27821967005729675,525048000
2000-10-06,0.27893410668192964,0.2808394174966741,0.2570198701517457,0.26083049178123474,1027176000
2000-10-09,0.25416146746582613,0.270596690001489,0.23629566695706455,0.2665473520755768,665256000
2000-10-10,0.2553524000640896,0.26821484400502027,0.24391873492092855,0.2463005781173706,415944000
2000-10-11,0.23129414837777637,0.26202147126088376,0.22200360889084017,0.24844467639923096,535776000
2000-10-12,0.2539227869318085,0.26869141639942273,0.23629569986077925,0.2386784702539444,401616000
2000-10-13,0.240345054812164,0.25535242679103837,0.23778482185558986,0.24820591509342194,578976000
2000-10-16,0.2482058720770834,0.2482058720770834,0.236772207718754,0.2424890398979187,339216000
2000-10-17,0.2415368417402675,0.24248903372910102,0.22224229169387769,0.2248619645833969,463248000
2000-10-18,0.21033202616374122,0.23415248353927987,0.20032710122139394,0.22128914296627045,416952000
2000-10-19,0.23558123235989065,0.24582398708336908,0.2320084275303184,0.24272774159908295,294888000
2000-10-20,0.23701092047639435,0.27154975267803716,0.2353434261169949,0.2653563618659973,387360000
2000-10-23,0.267500502307859,0.26916796994780673,0.25106435100850655,0.259401798248291,182112000
2000-10-24,0.2582108109603173,0.2624979648380774,0.25011210852882954,0.2510643005371094,193968000
2000-10-25,0.244156526123701,0.24772930418097716,0.22748256232288952,0.22915005683898926,385512000
2000-10-26,0.2305789323838168,0.24772943756955965,0.2143815192719347,0.23891638219356537,265776000
2000-10-27,0.2391540695585281,0.2450501905894042,0.2248619623557815,0.2334372103214264,210960000
2000-10-30,0.2296266486731347,0.23480746790678364,0.21676329102834832,0.2170020341873169,192120000
2000-10-31,0.2255772907126394,0.24058376260451791,0.21866952242303464,0.2368316948413849,299256000
2000-11-01,0.23105528993775015,0.2401070806496002,0.22295659046605504,0.23677211999893188,304536000
2000-11-02,0.24510961105103513,0.2610691696895594,0.24106024688335376,0.2548757791519165,192888000
2000-11-03,0.25154086457402663,0.27631350448699793,0.24963555368232523,0.271549791097641,268632000
2000-11-06,0.27798101248973456,0.30489770772923735,0.27631351781398783,0.29251185059547424,635040000
2000-11-07,0.28774719144948,0.28774719144948,0.2629745246904453,0.2727407217025757,258240000
2000-11-08,0.27583781635608573,0.27583781635608573,0.2605926062913522,0.26464197039604187,187080000
2000-11-09,0.24868246797618332,0.26106925300445755,0.22533856277920686,0.23701098561286926,564528000
2000-11-10,0.24510961355118532,0.2572576516581382,0.2181929107061437,0.22414755821228027,805248000
2000-11-13,0.21295262921806768,0.24963551459024427,0.20580611978292868,0.22510068118572235,530040000
2000-11-14,0.2401071023522123,0.26821475046860943,0.23820181927955716,0.2663094401359558,470736000
2000-11-15,0.2615458336592865,0.2698823543216747,0.25082654258152076,0.26279622316360474,423864000
2000-11-16,0.2553524000640896,0.26202142471408757,0.24391873492092855,0.2463005781173706,235536000
2000-11-17,0.24820592604335245,0.2608305555530795,0.23343726932772468,0.24153690040111542,178776000
2000-11-20,0.23260393391670392,0.23272284206290658,0.22033607252335266,0.22295667231082916,298752000
2000-11-21,0.2324850551804921,0.23439036628137425,0.20723585306247502,0.21866951882839203,382512000
2000-11-22,0.20961771485549138,0.21628675365262012,0.19818403519574243,0.20723585784435272,409752000
2000-11-24,0.20961766610159283,0.22724473417272162,0.20961766610159283,0.21914511919021606,165072000
2000-11-27,0.2348669548473588,0.23629570663984478,0.2030072373816025,0.21176086366176605,363864000
2000-11-28,0.21497688672198814,0.2172398353223337,0.1912762459990953,0.1959805190563202,382344000
2000-11-29,0.19889831227071247,0.19913614211061664,0.16912321302855757,0.18389184772968292,636408000
2000-11-30,0.16817016772756874,0.16817016772756874,0.13863378504557092,0.15435463190078735,981624000
2000-12-01,0.16388296968795962,0.18579720464491073,0.16292985092892104,0.16959980130195618,784080000
2000-12-04,0.17067184040166467,0.17626885107097381,0.15911834137244135,0.17221949994564056,474264000
2000-12-05,0.18436845845362593,0.19103749580128482,0.16721794950655136,0.18341535329818726,997224000
2000-12-06,0.1798425920153141,0.18484414975948094,0.15625995665985215,0.15721306204795837,950928000
2000-12-07,0.14959090453956078,0.1626920645857148,0.1414922013783624,0.15435463190078735,785184000
2000-12-08,0.17031417570747376,0.19056092973831687,0.15441405644775727,0.18960873782634735,853392000
2000-12-11,0.18341534687805816,0.19341934552444184,0.17865162042788513,0.18960873782634735,757632000
2000-12-12,0.18484412250017845,0.18817908447137768,0.1781750845080008,0.18436847627162933,409512000
2000-12-13,0.1836531908985781,0.18675033663079743,0.1667414094742935,0.170076385140419,675072000
2000-12-14,0.16888448973822554,0.1703141540545813,0.15435458275689387,0.1584039330482483,569016000
2000-12-15,0.14839990402977501,0.15768953835346905,0.1419677852019421,0.14268307387828827,1094424000
2000-12-18,0.14863777588389573,0.1524493109017634,0.14530280030204012,0.14738740026950836,658872000
2000-12-19,0.1495908895084373,0.16292986452771757,0.1333925716033905,0.13625098764896393,946200000
2000-12-20,0.12934316244289215,0.14816115845733707,0.11481325880947912,0.1214832067489624,1105392000
2000-12-21,0.1198157792779274,0.13625100199252063,0.10480839492114835,0.10623805969953537,845256000
2000-12-22,0.11481332549357806,0.14577937393820897,0.11481332549357806,0.13363131880760193,949080000
2000-12-26,0.13529880688976312,0.1367275584261403,0.11957704709801345,0.1281522959470749,343824000
2000-12-27,0.12672355651632247,0.14196785872518247,0.12148328290857204,0.13672757148742676,339456000
2000-12-28,0.13124946861701292,0.14101565367812707,0.12910542788594093,0.137441948056221,419232000
2000-12-29,0.13720410213366196,0.14172999895304808,0.12195888992097775,0.12487675994634628,495168000
2001-01-02,0.1257704463246446,0.12743792747607527,0.1136223910987636,0.1140989437699318,290808000
2001-01-03,0.11052521949796074,0.15030526073521303,0.10766679672262341,0.14911432564258575,910368000
2001-01-04,0.14649374956683817,0.17007639720672243,0.1424443978614693,0.1662648618221283,815448000
2001-01-05,0.1648352123677062,0.1655505014473138,0.13815724271034377,0.14137239754199982,432768000
2001-01-08,0.13744190531121508,0.16102454685800138,0.13744190531121508,0.1548311561346054,573768000
2001-01-09,0.15697515756672947,0.16102450722929953,0.1493520906431937,0.15792734920978546,302904000
2001-01-10,0.14982866979817816,0.16959977470717807,0.14625587890220473,0.1688844859600067,392928000
2001-01-11,0.16483515757290232,0.1900852803085435,0.1619767418358575,0.18293878436088562,447648000
2001-01-12,0.18603504342223573,0.1972309053650706,0.17722196503527887,0.1791272759437561,669000000
2001-01-16,0.1800804019405034,0.1800804019405034,0.16221550132130952,0.1650739312171936,414984000
2001-01-17,0.17769852036659703,0.1829388067439962,0.17031419362156158,0.17102856934070587,592584000
2001-01-18,0.1710285988480419,0.2086646147856551,0.16721799009169852,0.203841432929039,948168000
2001-01-19,0.20961762098265152,0.21723976172895454,0.1953255312158782,0.19842177629470825,1018704000
2001-01-22,0.1924672060245314,0.20008935033646758,0.18508287804532178,0.190560981631279,377712000
2001-01-23,0.18817909618105635,0.21342832466528774,0.1872269040844826,0.20955824851989746,433632000
2001-01-24,0.2093789120504325,0.2115229519833425,0.1965164852430086,0.20866453647613525,451728000
2001-01-25,0.20151903263747784,0.20199467897403753,0.18341541267436767,0.18770258128643036,440016000
2001-01-26,0.177221951401573,0.19592104697077722,0.17591212181027785,0.19365809857845306,259248000
2001-01-29,0.18770253047937938,0.19484902717899374,0.18103349277795025,0.19461029767990112,354168000
2001-01-30,0.19770745355923292,0.2030666342721865,0.19389591874880419,0.19889837503433228,243720000
2001-01-31,0.1991362065869082,0.20675926264045233,0.19246716894153124,0.1967543363571167,358344000
2001-02-01,0.19675429756018623,0.19913616732030953,0.18817903757974228,0.19776687026023865,371856000
2001-02-02,0.19794528379625556,0.20247118099071343,0.1772219674486121,0.17865164577960968,320520000
2001-02-05,0.17841291427612305,0.1796038495428561,0.16793235408276502,0.17841291427612305,367584000
2001-02-06,0.17507788417121023,0.18293876870800288,0.17466170574502687,0.17936597764492035,250440000
2001-02-07,0.17817507979276206,0.17960383123105061,0.16150111543823756,0.17102856934070587,720384000
2001-02-08,0.17198169609238606,0.181747879946611,0.1693610961782171,0.170076385140419,384288000
2001-02-09,0.16864666972759668,0.16983760456958769,0.16269200914764126,0.1688844859600067,259608000
2001-02-12,0.1669792883079697,0.1688845999734307,0.1562599951735199,0.16435961425304413,354336000
2001-02-13,0.1674557886103209,0.17722197266190817,0.1655504776198499,0.16936109960079193,467736000
2001-02-14,0.16721801337491865,0.18675038627577684,0.16007150069481316,0.1817479282617569,690888000
2001-02-15,0.20675922645180778,0.21866944783631567,0.20532956209005712,0.21509574353694916,1108512000
2001-02-16,0.20413872310766148,0.2324850889470464,0.2039009067506309,0.22676825523376465,1081176000
2001-02-20,0.22105137624101187,0.2258151034994788,0.20390086498421683,0.20413868129253387,701304000
2001-02-21,0.19651653684159193,0.22200356727371034,0.1943724963457295,0.2134283185005188,646512000
2001-02-22,0.21223738943462345,0.22867352532546148,0.20580616734091364,0.22248013317584991,815304000
2001-02-23,0.2212891629374646,0.22486195449571983,0.20008930302428454,0.20711597800254822,1034664000
2001-02-26,0.20104243025418042,0.20675927628913335,0.1936581168402687,0.20247118175029755,751824000
2001-02-27,0.19746871275073868,0.20532959874876755,0.18913219417722923,0.1903231292963028,533832000
2001-02-28,0.18889346789820288,0.20008931589649295,0.16674140098381043,0.17031419277191162,784056000
2001-03-01,0.16817015003966518,0.18675032448371814,0.15244930483794547,0.18377208709716797,915288000
2001-03-02,0.17055206929771685,0.18270102583332828,0.16388302969295834,0.16608652472496033,1413504000
2001-03-05,0.15959492565649164,0.17198172514755677,0.15864273343976606,0.167693629860878,742296000
2001-03-06,0.17626879414433078,0.18984650774615944,0.17329147095109165,0.18389184772968292,834408000
2001-03-07,0.18794127913695874,0.19913622856030008,0.18460630334118722,0.19866058230400085,938280000
2001-03-08,0.19294372738562507,0.20747363729841237,0.19294372738562507,0.20532959699630737,829344000
2001-03-09,0.19461033553971122,0.19556344093112762,0.17293482409554412,0.19079971313476562,1216776000
2001-03-12,0.18436840698937745,0.19294366588423423,0.17579314809452068,0.18389184772968292,762144000
2001-03-13,0.18627383798249897,0.2086646412090024,0.18532071884503445,0.2058062106370926,1082352000
2001-03-14,0.1965165317602638,0.21819295330509428,0.1965165317602638,0.21747766435146332,1351128000
2001-03-15,0.23081756222692135,0.24290614838789187,0.2224801165137223,0.22819694876670837,1875984000
2001-03-16,0.22462414991665253,0.23343721431798797,0.21795419900578789,0.22724474966526031,1225200000
2001-03-19,0.22605296429796803,0.24201254347369872,0.2137265451609815,0.2403450757265091,943896000
2001-03-20,0.23748663270211598,0.25249403245317276,0.21533456106034043,0.21795424818992615,1990560000
2001-03-21,0.21843082223395185,0.24058379492856666,0.21723988676127273,0.23415258526802063,1877352000
2001-03-22,0.23629574499965378,0.2586874775540419,0.23439043335355564,0.25773435831069946,1697760000
2001-03-23,0.26249808392557333,0.2672627262293526,0.24248914869142338,0.2553524971008301,1509672000
2001-03-26,0.2553523945846206,0.2705966813948744,0.2553523945846206,0.2691679298877716,1542960000
2001-03-27,0.2639276961681132,0.2732173356075964,0.2482059207286321,0.259401798248291,1702152000
2001-03-28,0.2522553198633347,0.26630960226789513,0.2515409439086639,0.25958019495010376,1433280000
2001-03-29,0.2573172197451425,0.27250298286804814,0.2520174914308404,0.26345115900039673,1632960000
2001-03-30,0.2615457698123494,0.26654732660867325,0.2458240249747999,0.24743203818798065,1423176000
2001-04-02,0.24677715683042392,0.25273183343613664,0.233913812305624,0.23701098561286926,1265160000
2001-04-03,0.23343723832433716,0.2513030661935686,0.23319942201100247,0.24487093091011047,1991616000
2001-04-04,0.23558124647972345,0.23605780585357272,0.20509175083453435,0.2196216732263565,3362472000
2001-04-05,0.23415255300049842,0.24368000820898175,0.22772043101588002,0.2398693859577179,1724760000
2001-04-06,0.23677232711267138,0.25154098806440733,0.23272296020469094,0.23891638219356537,1547664000
2001-04-09,0.24353725913618818,0.24944433799959395,0.22352832229199382,0.2273014336824417,1097160000
2001-04-10,0.23275113239437992,0.256114229996192,0.23061713814486656,0.2487582564353943,1186416000
2001-04-11,0.264079504962365,0.2736462958705986,0.25649577062525736,0.26377490162849426,1426872000
2001-04-12,0.25889682471873265,0.27917191666900176,0.25394190995599025,0.2677382528781891,1440264000
2001-04-16,0.2629746138439586,0.26850120029544616,0.2564190163368581,0.26122114062309265,764112000
2001-04-17,0.2573719784584298,0.2761232066514209,0.2572576500121315,0.2740267217159271,1112448000
2001-04-18,0.28557485092294427,0.32166776118917095,0.28557485092294427,0.2944556176662445,2301864000
2001-04-19,0.2961321840867011,0.32483072841448274,0.29479857004755705,0.3197614848613739,1632264000
2001-04-20,0.3159124114654993,0.3429718079816995,0.3075658347444932,0.3314237892627716,1773840000
2001-04-23,0.32422062839733223,0.32452613129627295,0.31061455916157754,0.31393030285835266,1239000000
2001-04-24,0.3130540197458181,0.33649307261972045,0.2867950010150033,0.2917114794254303,1828320000
2001-04-25,0.29247341926058096,0.3155310225059228,0.29136846218838447,0.3051263689994812,1423728000
2001-04-26,0.31175790549442867,0.31175790549442867,0.27821973017518786,0.28107815980911255,1486008000
2001-04-27,0.2919401230823457,0.30234477627921497,0.28626080091786704,0.30108708143234253,915672000
2001-04-30,0.3092808545590983,0.33519688343336296,0.30272526036641184,0.31747469305992126,1583280000
2001-05-01,0.3186180697747979,0.3479650979183204,0.31347290788886395,0.3471263349056244,1867368000
2001-05-02,0.3561590067519992,0.3561590067519992,0.3346252907695535,0.3391612470149994,1547784000
2001-05-03,0.3289083615867442,0.339198685211569,0.32685031321778046,0.3376747965812683,960504000
2001-05-04,0.3277650682440825,0.3476980768014853,0.32624120653476,0.34232425689697266,953520000
2001-05-07,0.34102804673911497,0.36016069552396424,0.3370262515408488,0.3576836884021759,975600000
2001-05-08,0.3629808493329322,0.36313361443849124,0.32875664066564125,0.3318053185939789,1620144000
2001-05-09,0.3212478475887522,0.32822237442200747,0.3140446365724373,0.31625545024871826,1319040000
2001-05-10,0.32540246658108496,0.32925149853326735,0.3018491072213513,0.3056222200393677,998904000
2001-05-11,0.3048603208630302,0.3068040418073936,0.29171158828643484,0.2978089451789856,921216000
2001-05-14,0.2986860519904596,0.3039071345045031,0.28793841128687514,0.3003627061843872,702432000
2001-05-15,0.30299248743086554,0.32395453821944176,0.29956235993420244,0.3111487925052643,1242600000
2001-05-16,0.3040214025902205,0.3277650304105131,0.30207768246146094,0.32582131028175354,957096000
2001-05-17,0.3268888819341014,0.34110506167413257,0.32185807337721295,0.33157670497894287,919056000
2001-05-18,0.33047163870919116,0.3391987389022528,0.3224296369941597,0.32890841364860535,575832000
2001-05-21,0.32818487551194436,0.3506323709567049,0.3215908441599099,0.34377217292785645,1064688000
2001-05-22,0.3488030359573274,0.357492626989098,0.3353881405853047,0.3540625274181366,1049976000
2001-05-23,0.36797412503821914,0.38112285360586867,0.3468218035963425,0.35105228424072266,2244912000
2001-05-24,0.34872718097347716,0.36526760288708193,0.3382466327357971,0.35623499751091003,1680576000
2001-05-25,0.34907010144996803,0.3542536733711638,0.34301025663585527,0.3494890332221985,947952000
2001-05-29,0.3475078562746426,0.34758377540294166,0.3304332763100394,0.3351594805717468,920568000
2001-05-30,0.32727019631072124,0.34388653314357637,0.3254783143173916,0.32890841364860535,3308904000
2001-05-31,0.331538147630855,0.3334818677914101,0.31922821072072954,0.3262786567211151,1262928000
2001-06-01,0.3285279721126924,0.3471264415589423,0.32662173408179324,0.3443439304828644,1022472000
2001-06-04,0.34457257498064076,0.34640196683032376,0.33447342366693744,0.33900848031044006,621552000
2001-06-05,0.33862704164055113,0.36035103130528584,0.3380553720493772,0.35680657625198364,987168000
2001-06-06,0.35814104786311707,0.36301911599913667,0.35291906755468777,0.3583313226699829,698976000
2001-06-07,0.3551683623386424,0.3795979877645898,0.35253861697172506,0.37856897711753845,1141152000
2001-06-08,0.3774256770916396,0.3779973467449272,0.3648102082462153,0.36873605847358704,712680000
2001-06-11,0.36926952339279695,0.3696893549963901,0.3522333179302456,0.3579501807689667,581928000
2001-06-12,0.3504421082560443,0.3752147446525583,0.3496801639235639,0.3698793351650238,1102728000
2001-06-13,0.3725850965561332,0.3782260376227312,0.35425372139528843,0.35745516419410706,938712000
2001-06-14,0.3528433118093802,0.3627906270736704,0.34777406693953156,0.3566923439502716,946152000
2001-06-15,0.35253869906652274,0.36854583191268825,0.3459830753756802,0.36225730180740356,1094544000
2001-06-18,0.3613426189476786,0.367211290359589,0.34396343526130535,0.3479267954826355,856656000
2001-06-19,0.35448236128769356,0.362752093095255,0.3218579674022939,0.32890841364860535,1513128000
2001-06-20,0.32284856157779035,0.3468217738535219,0.3161411281400412,0.34304866194725037,1759200000
2001-06-21,0.3416766483360656,0.355587293331207,0.33252968946934197,0.3495274484157562,1484568000
2001-06-22,0.34777391707387895,0.3570736121874683,0.34339162643531296,0.3479650914669037,761184000
2001-06-25,0.3518524459691083,0.3533003877644571,0.33714050027418024,0.34727898240089417,640032000
2001-06-26,0.33958020184526727,0.35901746099190174,0.33824658765688354,0.35730239748954773,757920000
2001-06-27,0.35558720427134344,0.3563491485209967,0.34019018402042556,0.3462500274181366,895752000
2001-06-28,0.35089948661862974,0.35539703314453136,0.34682177143729104,0.3503277897834778,909336000
2001-06-29,0.3515854889660555,0.3590173837778592,0.34762210250646647,0.35349079966545105,730920000
2001-07-02,0.33950422264851865,0.3423626249666787,0.33271994348616,0.337826669216156,1040016000
2001-07-03,0.3355024861423193,0.34567845689896665,0.33378744989951886,0.342134028673172,406296000
2001-07-05,0.3380554347385026,0.3401518931683189,0.316903110742447,0.3173229694366455,1020096000
2001-07-06,0.3125582653660035,0.31499776328648366,0.301467586519747,0.3075658679008484,802824000
2001-07-09,0.30356409139930085,0.3109200681439833,0.29460740700968235,0.2975042462348938,1014072000
2001-07-10,0.30146763677775223,0.30546943355870115,0.2963225006422583,0.2999437749385834,1221744000
2001-07-11,0.2988002288404043,0.3041740459748635,0.29011064233745115,0.2993718981742859,904632000
2001-07-12,0.3134729638744547,0.3172845126055379,0.3058508205125413,0.315073698759079,981552000
2001-07-13,0.3127494378026855,0.316179537052755,0.30203928144556147,0.308556467294693,690144000
2001-07-16,0.3050888440165593,0.3087092179367963,0.282221516751615,0.2837453782558441,1191696000
2001-07-17,0.2789816043534518,0.30238221397742304,0.27631342296806877,0.29960063099861145,1169904000
2001-07-18,0.2924734772584418,0.3005529629184428,0.2830978598490462,0.28923362493515015,840984000
2001-07-19,0.29342652152080023,0.3061179083297099,0.2889289747919839,0.29388388991355896,840024000
2001-07-20,0.28656634734538794,0.29308353401149007,0.27631353081768323,0.2854229807853699,742464000
2001-07-23,0.28584185547888535,0.2862232774494302,0.2580580236370572,0.2584010362625122,1547976000
2001-07-24,0.2618695551861708,0.2761232391911185,0.2563429981304407,0.2758945822715759,1365312000
2001-07-25,0.27539878448549027,0.2759329714989198,0.2640419402295744,0.27322638034820557,1245888000
2001-07-26,0.2706350934991849,0.30299239221603674,0.2692630429316841,0.30108708143234253,1714152000
2001-07-27,0.3005154232109941,0.31202503492561534,0.2915587385448173,0.3087092638015747,1094688000
2001-07-30,0.30909067450170963,0.31034836946400224,0.29803750477349356,0.3013532757759094,582288000
2001-07-31,0.30177315714199077,0.3096623947033915,0.2907968052878606,0.308327853679657,1187760000
2001-08-01,0.3143876819856039,0.3287565957488406,0.3122152774301258,0.3271558880805969,1204944000
2001-08-02,0.33130947429776897,0.3361115966001338,0.32010446773890966,0.33493074774742126,1097928000
2001-08-03,0.3315766751886758,0.33744624662786366,0.32532655397059784,0.3323011100292206,820344000
2001-08-06,0.32993744971411426,0.34575433225090846,0.3263930219370672,0.342362642288208,1292568000
2001-08-07,0.3422858136391788,0.3439633671076419,0.3332916202181258,0.337293416261673,1088616000
2001-08-08,0.33435912917194777,0.34301031154135,0.32723183590196736,0.3287182152271271,1125696000
2001-08-09,0.32719348363280926,0.33363475260575326,0.31709432953085215,0.32296302914619446,1643616000
2001-08-10,0.32281111045849553,0.32700315489368065,0.3129013333130021,0.3225824534893036,1036488000
2001-08-13,0.32810806962543426,0.3397704186025265,0.3232300003950944,0.3361116349697113,1514784000
2001-08-14,0.3300143595068119,0.3321483277194625,0.3230398038093171,0.3271934390068054,2321160000
2001-08-15,0.3345877834859344,0.33851273394740156,0.3246779800639323,0.32757481932640076,1816392000
2001-08-16,0.32155342302366235,0.3418669564522362,0.3202573185271535,0.34137117862701416,1026096000
2001-08-17,0.3327200409298038,0.3370648235394642,0.3165601145607118,0.3192667067050934,1668840000
2001-08-20,0.3172460690050369,0.3204859207930791,0.3073371928948611,0.3170558214187622,1183320000
2001-08-21,0.317856249153899,0.3262412655839619,0.3098910914436285,0.31038594245910645,1186656000
2001-08-22,0.315874003099409,0.3234970448476452,0.30585077261039456,0.3231540322303772,1498104000
2001-08-23,0.32204829767620163,0.3262028327412492,0.3144261526209347,0.3159884512424469,1013592000
2001-08-24,0.319380867611786,0.3315380636318408,0.3175130670393238,0.3250208795070648,1110936000
2001-08-27,0.3177418255804446,0.34057074387255165,0.316522540085091,0.33626437187194824,1279608000
2001-08-28,0.33534982183333434,0.3428201292368435,0.3292899748948136,0.3318812847137451,1178760000
2001-08-29,0.3327960698754691,0.33489252910658024,0.31842804844255856,0.3212105333805084,1435800000
2001-08-30,0.3151879837586394,0.322429603680847,0.30775608901220053,0.320181280374527,1431312000
2001-08-31,0.3180463792530413,0.3257837766956413,0.313854336007365,0.32284852862358093,887904000
2001-09-04,0.3219722537660085,0.3219722537660085,0.2981518091462736,0.3004010319709778,1856136000
2001-09-05,0.30013393205805877,0.309090614661682,0.28793832503999073,0.3068038821220398,2395584000
2001-09-06,0.30074404910590247,0.31023399221662545,0.2928923231434673,0.2942643463611603,1950768000
2001-09-07,0.28965344602333626,0.30184908388905035,0.28812865735499754,0.29735150933265686,1970256000
2001-09-10,0.29483599102551483,0.29937194570498327,0.2827547141526959,0.2887386381626129,1872360000
2001-09-17,0.2707494654429478,0.27738100790423964,0.257790983864231,0.25908711552619934,1138596000
2001-09-18,0.2641179495330249,0.26602326081425554,0.23759183154124666,0.24346143007278442,894372000
2001-09-19,0.24483340015979052,0.24765339326774993,0.20626350380100048,0.24048861861228943,1561908000
2001-09-20,0.22760609487449357,0.23591516416247116,0.21342834059072546,0.22013670206069946,1470696000
2001-09-21,0.20313799350755524,0.21556319964358917,0.19825992447732899,0.20557747781276703,1226304000
2001-09-24,0.2218892522954885,0.23202771319697746,0.2120562806889028,0.2286735326051712,1507500000
2001-09-25,0.22935953360165845,0.23926840965021107,0.21906922191269984,0.21975524723529816,941724000
2001-09-26,0.22257522839907704,0.22333808600880958,0.2096176757056437,0.2118275761604309,430812000
2001-09-27,0.21106562824706593,0.21342829373050165,0.19444839289993102,0.20008930563926697,907296000
2001-09-28,0.20580621019455145,0.21960254425565018,0.19704069811838806,0.2093890756368637,1044876000
2001-10-01,0.20923627762991645,0.21266637719024198,0.18827423097449664,0.19162841141223907,972804000
2001-10-02,0.1913238340307526,0.19894597812883433,0.17272443834053955,0.18202413618564606,1123032000
2001-10-03,0.1811094206664948,0.22935953751594126,0.1811094206664948,0.2178499400615692,1798824000
2001-10-04,0.22943540681586583,0.2576390672777732,0.22150866194303384,0.24612855911254883,1980576000
2001-10-05,0.24239384168019998,0.25680028787032455,0.23317099338979397,0.25077885389328003,1078212000
2001-10-08,0.24086907037947553,0.265947235565562,0.24086907037947553,0.2564188838005066,765900000
2001-10-09,0.2571049749538657,0.26221262870298895,0.2379732449635542,0.24529078602790833,917556000
2001-10-10,0.24094589913864176,0.26297445916402573,0.23934519198475618,0.2610691487789154,968124000
2001-10-11,0.27501828383389276,0.2901107582757541,0.27356941457451556,0.28934788703918457,918000000
2001-10-12,0.2820304182242975,0.308709300998359,0.28103978939899016,0.30817604064941406,1253100000
2001-10-15,0.29918081334318325,0.3163313346505018,0.29079672708454235,0.3068038821220398,908568000
2001-10-16,0.3064224582791901,0.3401133673177747,0.30009552086123953,0.3376747965812683,1383852000
2001-10-17,0.3451441541752866,0.3452969192178251,0.31633131505650147,0.317856103181839,1695540000
2001-10-18,0.317856212807259,0.33439663268673725,0.3170942682718107,0.33127203583717346,1020864000
2001-10-19,0.32654574393854296,0.34301024164368077,0.32242961951225857,0.33813217282295227,1059264000
2001-10-22,0.33561681011263883,0.3506324125089248,0.32814647779411854,0.3461357653141022,970824000
2001-10-23,0.3505565383119256,0.35680663173799154,0.332338564258647,0.3400375545024872,953028000
2001-10-24,0.33386331929034396,0.35589188441132774,0.33005177079847087,0.35505402088165283,1212144000
2001-10-25,0.3468218963382153,0.3821894763589186,0.34148558478160373,0.3758634626865387,1152396000
2001-10-26,0.3732710656699193,0.38447607288602575,0.346821772649986,0.3490316867828369,1097124000
2001-10-29,0.3502518955372518,0.3563492504383216,0.3202956825564408,0.32067617774009705,1004796000
2001-10-30,0.31480748492463173,0.3349307664729557,0.30756586446059325,0.3201428949832916,1153380000
2001-10-31,0.3321098712166247,0.34110496494236636,0.32204822969614877,0.32669854164123535,989292000
2001-11-01,0.33089050057785,0.3572638695893797,0.3258596674802735,0.3545966148376465,1093776000
2001-11-02,0.3529959595367422,0.36389543619159503,0.33996156110640724,0.3595506548881531,1087248000
2001-11-05,0.3658017330207888,0.3757865291001097,0.3585600843824037,0.3608468174934387,933456000
2001-11-06,0.36016073998190584,0.3872969552529596,0.35825542933610827,0.3856194019317627,1415376000
2001-11-07,0.38264667438722716,0.40078872572321855,0.38043678755356075,0.38592493534088135,1419144000
2001-11-08,0.39072709167125336,0.3959097366685518,0.36778291745047,0.37921658158302307,1915188000
2001-11-09,0.3959866944438683,0.4058196538265189,0.38866915278469105,0.4055141508579254,2270484000
2001-11-12,0.4039900891343948,0.42678062267026146,0.3916417172997589,0.41641438007354736,1458636000
2001-11-13,0.4177105419680306,0.4177864610781083,0.4070387957514341,0.41298431158065796,1446516000
2001-11-14,0.41603303495835514,0.4199973214262728,0.39026976622801224,0.4014747738838196,1150224000
2001-11-15,0.3969012491703666,0.40909688449655207,0.3918704426027975,0.4036087095737457,874944000
2001-11-16,0.4039902654606952,0.4082582294774102,0.3946905663684698,0.400102823972702,496128000
2001-11-19,0.40406614987245726,0.40780085318373493,0.36968920401745553,0.3913363516330719,1943052000
2001-11-20,0.3932424775471931,0.4001026754835295,0.37601513675675957,0.3803599178791046,937884000
2001-11-21,0.3739571150424008,0.3854676258820505,0.3643528419960792,0.37548190355300903,728412000
2001-11-23,0.3769298661917825,0.3811228368811299,0.3704510894103812,0.3807413876056671,254016000
2001-11-26,0.3871441390068501,0.40848670125012515,0.38607669195269406,0.4079534411430359,1215780000
2001-11-27,0.4077249149477016,0.4215212604779256,0.40017868996724554,0.41229838132858276,1183992000
2001-11-28,0.40703866238840886,0.4138229390461574,0.3905741707973284,0.3914888799190521,740844000
2001-11-29,0.4199204770252366,0.42205537171441065,0.40703884261227974,0.4086395502090454,5135472000
2001-11-30,0.4084868692425454,0.4194631942708703,0.4024654327719823,0.41649043560028076,1034028000
2001-12-03,0.40772476940958724,0.4128314942812702,0.402846701419323,0.4101642668247223,851496000
2001-12-04,0.41222239664605587,0.44362660455652814,0.41222239664605587,0.4431692361831665,1384644000
2001-12-05,0.44667544818917787,0.4798331158126529,0.4462949528665494,0.4789184331893921,1707036000
2001-12-06,0.4751836770478486,0.4764029629020202,0.45940519997763574,0.471372127532959,1138944000
2001-12-07,0.4678659387432213,0.47213480068693814,0.4488101062732292,0.45696553587913513,807036000
2001-12-10,0.45467889053782357,0.4719821262184664,0.4508682685125069,0.461539089679718,695868000
2001-12-11,0.4696195438981733,0.48897993059290507,0.4649692586787539,0.4780804514884949,792252000
2001-12-12,0.48173902749038644,0.49317268882449444,0.4724393333893248,0.49294403195381165,1004628000
2001-12-13,0.4832632091393504,0.48943738455358077,0.4768603221956824,0.4787665605545044,881400000
2001-12-14,0.47868950140473504,0.5027002199738273,0.4764795875839995,0.500337541103363,754680000
2001-12-17,0.49652607527758363,0.5255676319712066,0.49652607527758363,0.5183269381523132,1080960000
2001-12-18,0.5069690710187905,0.5141338716437553,0.5007189524727585,0.5049869418144226,886968000
2001-12-19,0.49667863889820624,0.5068161949489681,0.4892851830031216,0.49119049310684204,854652000
2001-12-20,0.49317288695496153,0.502091162734451,0.47007689813733067,0.47182944416999817,951228000
2001-12-21,0.48211961548071736,0.4954595165883418,0.47655557603500026,0.49225810170173645,723972000
2001-12-24,0.49202947038928024,0.5070450447329233,0.49180075894261605,0.5045296549797058,265308000
2001-12-26,0.5070449986106674,0.5254916791364005,0.5069691067620865,0.5168780088424683,642156000
2001-12-27,0.5213754568194259,0.5312084111942309,0.5206135398368753,0.5288457870483398,730152000
2001-12-28,0.5319705632921695,0.5354774543623871,0.5110094158162528,0.5161161422729492,757680000
2001-12-31,0.5199277184689218,0.5229004770859589,0.5087986012819438,0.5099419951438904,737580000
2002-01-02,0.5121527898327852,0.5217570912447022,0.49927025408070697,0.5129906535148621,1298904000
2002-01-03,0.5140579003118517,0.5488163083030443,0.5137533515936813,0.5466054677963257,1414752000
2002-01-04,0.5538471622707573,0.5538471622707573,0.5213755367182696,0.5306752324104309,936288000
2002-01-07,0.5328092133908819,0.5335711850293385,0.5092558609692618,0.5164206624031067,973068000
2002-01-08,0.5153541903183742,0.534943285720437,0.5136007176413676,0.5225189924240112,774360000
2002-01-09,0.5297605171881656,0.5392879423553912,0.5080365310323924,0.5153540968894958,1141188000
2002-01-10,0.5126101637502701,0.5196222018004254,0.4985083420992458,0.503005862236023,992508000
2002-01-11,0.5063591949265113,0.5065119055141528,0.47876650166461626,0.4807477593421936,1380852000
2002-01-14,0.47968111151672554,0.48303441961456217,0.45551764965057373,0.45551764965057373,1369560000
2002-01-15,0.47449765738255845,0.4983556209099868,0.47396439700490356,0.4980510175228119,1838808000
2002-01-16,0.4912664660769059,0.4944678800853651,0.4767841021681345,0.4786134660243988,1115388000
2002-01-17,0.49446807370849455,0.4954595746954822,0.4765556319250999,0.49538275599479675,1121544000
2002-01-18,0.476708356996138,0.48974278442273755,0.4764028813445827,0.4863126575946808,803676000
2002-01-22,0.4908862453151643,0.49218147766429066,0.46862806148903785,0.4741162657737732,1085028000
2002-01-23,0.47838496034906347,0.48646444427415914,0.46893342583818476,0.4830343723297119,889164000
2002-01-24,0.4878364314272457,0.5053683744237453,0.4775461078919195,0.500337541103363,1137684000
2002-01-25,0.49317282971227566,0.5114667475929847,0.48707460265864366,0.49904152750968933,817752000
2002-01-28,0.5087985136210573,0.518326921375677,0.5037677341513015,0.518250048160553,924288000
2002-01-29,0.5194703132761931,0.520994202250764,0.48478784109053197,0.4928673803806305,1381932000
2002-01-30,0.49545933924433694,0.4991940675152012,0.48364425795755306,0.49881264567375183,1218456000
2002-01-31,0.5052926226982433,0.509180064003257,0.4844064920027739,0.501099705696106,973980000
2002-02-01,0.500261691620548,0.5055970741321237,0.4859311620144213,0.48882797360420227,688272000
2002-02-04,0.4877605611148042,0.499651593806138,0.46504599756656567,0.4658079147338867,1104864000
2002-02-05,0.46268241744655286,0.4667225681643966,0.44309329657389646,0.4612344205379486,1474620000
2002-02-06,0.473430102780485,0.4809003805814343,0.4642072246088621,0.47274407744407654,1242528000
2002-02-07,0.4733542484883545,0.4733542484883545,0.45521314645423944,0.45742306113243103,964476000
2002-02-08,0.4604723894610994,0.46306372482891256,0.42251259752234416,0.43996769189834595,1871292000
2002-02-11,0.43928161920840686,0.46496898472383863,0.43768091232525147,0.46428295969963074,1249224000
2002-02-12,0.4572712394112947,0.48288270493330837,0.4520117466517766,0.4741162657737732,1216500000
2002-02-13,0.48021435207338886,0.48829389097764475,0.4634453043520547,0.4680187702178955,1230432000
2002-02-14,0.4719821475969692,0.4836445248304504,0.4660366850207065,0.4738115668296814,1225692000
2002-02-15,0.45201152499838,0.4546787798507305,0.4325742715681464,0.43714773654937744,3988548000
2002-02-19,0.418472498512928,0.4228172797961636,0.4048279939844621,0.40818217396736145,1972524000
2002-02-20,0.40094061814765464,0.4340982753163931,0.40017867364203336,0.42952480912208557,1838736000
2002-02-21,0.4236560721080471,0.42380791033333154,0.39964535106973437,0.40017861127853394,1531044000
2002-02-22,0.39217512417707456,0.39674859056234496,0.3754060200311824,0.3805127739906311,2585616000
2002-02-25,0.38226616989659157,0.4132889272657703,0.3821893239440843,0.4103161692619324,1599564000
2002-02-26,0.41931127078360625,0.4264760724203976,0.408182182918234,0.41923442482948303,1902672000
2002-02-27,0.42876281563411983,0.4305922073548529,0.40399014917843235,0.40513351559638977,1723224000
2002-02-28,0.4024653029469536,0.4097069496738228,0.38539070098615336,0.3888208270072937,1585440000
2002-03-01,0.39255650428506883,0.42685752576899855,0.39141313781093806,0.42640018463134766,1311396000
2002-03-04,0.42769539469445755,0.4550602985563723,0.423579269884098,0.4501822292804718,1484724000
2002-03-05,0.4432451553563408,0.46108167685959184,0.44286466019862164,0.4490388333797455,1379448000
2002-03-06,0.43562308529413013,0.44004381387622943,0.42556144281668834,0.434937059879303,1446060000
2002-03-07,0.4411111539177725,0.4425590962629632,0.41938716645929147,0.4314309358596802,1346532000
2002-03-08,0.4396632764967265,0.453459621673946,0.437528381616052,0.4443126618862152,1270356000
2002-03-11,0.43943455488221644,0.44431259651114957,0.43181148525054325,0.4391290247440338,810540000
2002-03-12,0.4257141017740735,0.4280008344133608,0.41313707225799334,0.4161098301410675,1255032000
2002-03-13,0.41222239732448257,0.4151951554561977,0.40703882547784037,0.40856361389160156,1031616000
2002-03-14,0.4055140295277432,0.4055140295277432,0.38508617224387415,0.38592493534088135,1139460000
2002-03-15,0.3886690961192211,0.4026940982960837,0.3812747095607211,0.4022367298603058,1248288000
2002-03-18,0.4095542977126417,0.41839665418431476,0.3976632635826005,0.4022367298603058,1236996000
2002-03-19,0.40513361088821453,0.40589555548600803,0.3913363646714701,0.3936999440193176,846072000
2002-03-20,0.38722007499040106,0.38798294610519746,0.3533004835925071,0.3545966148376465,2292588000
2002-03-21,0.360618158137654,0.3776927372318147,0.3510897764516657,0.37342387437820435,1721712000
2002-03-22,0.38013132332258076,0.38013132332258076,0.36740242620578367,0.37022241950035095,1249140000
2002-03-25,0.3684690477655642,0.36892638900920927,0.35063249392328605,0.35108983516693115,884160000
2002-03-26,0.3474309617058066,0.36717369263422445,0.3454497318598907,0.35825544595718384,1123512000
2002-03-27,0.3527671801898639,0.3599319797699577,0.34072341357361924,0.346821665763855,1068012000
2002-03-28,0.349184414653105,0.35139522830319997,0.3191522854339775,0.33813217282295227,3124080000
2002-04-01,0.3193810053793442,0.33515948091707776,0.3091666250413776,0.3325672447681427,2365344000
2002-04-02,0.3225824278357336,0.3406476354457584,0.3219723215862693,0.32387763261795044,1438008000
2002-04-03,0.3253265175491266,0.33416794733550625,0.3186181562666624,0.3299759030342102,1094640000
2002-04-04,0.32746056758075837,0.33958026090522436,0.32296301959894186,0.3283752501010895,1130964000
2002-04-05,0.3305091509675293,0.33584546079864236,0.3175515703010238,0.32090485095977783,1026900000
2002-04-08,0.3060410088833839,0.33165243268013,0.30596508978469783,0.33165243268013,1151316000
2002-04-09,0.3349308588304221,0.33767493352187244,0.3099286018613236,0.3106914460659027,1380768000
2002-04-10,0.3132066194281797,0.31556927017418074,0.27135939717451446,0.29354071617126465,3689724000
2002-04-11,0.2911772866203127,0.29491288875058824,0.2774568896311878,0.2806583046913147,1437288000
2002-04-12,0.2869092470250983,0.28919597924438467,0.27082527555482216,0.27959170937538147,1376880000
2002-04-15,0.2850031229748998,0.2956748430728981,0.2843170976504604,0.2908726930618286,1157208000
2002-04-16,0.3039070187760368,0.30703254132756275,0.2975800818331906,0.3035255968570709,854856000
2002-04-17,0.30710864067077637,0.3116061889182134,0.29750433734000775,0.30710864067077637,944484000
2002-04-18,0.3039830342763132,0.3072612956470422,0.29537028908835145,0.30200180411338806,693156000
2002-04-19,0.2917874299778892,0.2953702947531035,0.28103976249255563,0.2814211845397949,1125672000
2002-04-22,0.2782957355764806,0.28851011724289305,0.2782198164382295,0.2827932834625244,808176000
2002-04-23,0.2850032051633327,0.28828146723450404,0.2688442046501535,0.2713596224784851,773508000
2002-04-24,0.274484102283182,0.2785243072862424,0.24689144575047342,0.24757744371891022,1582956000
2002-04-25,0.24658596459082147,0.26213578198896803,0.24651004546817656,0.2571817934513092,1168296000
2002-04-26,0.26000173897557105,0.260306342250431,0.23149347305297852,0.23149347305297852,1191120000
2002-04-29,0.2588583646124423,0.2739508103501993,0.2501687754682793,0.2700633704662323,3930852000
2002-04-30,0.27646622607591315,0.2801250090478034,0.2595443889059234,0.26533713936805725,1776504000
2002-05-01,0.26099228961898774,0.2738748180496672,0.25420891246656857,0.270139217376709,1718904000
2002-05-02,0.27143555227196314,0.27814298811725396,0.25916309330949994,0.25923991203308105,1125084000
2002-05-03,0.25954456263302733,0.2615267204979244,0.24833954931899807,0.24963568150997162,852756000
2002-05-06,0.24315587119589618,0.25458956395634025,0.23812506382770646,0.2401071935892105,1102044000
2002-05-07,0.2454425339272055,0.2505501857958938,0.23408571764765887,0.24612855911254883,1412448000
2002-05-08,0.2628985817875228,0.27867705347696603,0.2545895146282699,0.2744081914424896,1688688000
2002-05-09,0.27356952116874195,0.2792104361765191,0.26221267159052686,0.26267004013061523,1230840000
2002-05-10,0.26808127932565917,0.26907280752937207,0.24010717005401952,0.24300400912761688,1321548000
2002-05-13,0.24551949383877103,0.25855389663078554,0.2434614445874075,0.257715106010437,800892000
2002-05-14,0.2741795449280594,0.28622331600647505,0.2694533139050849,0.28332647681236267,1526112000
2002-05-15,0.2789817228692263,0.29422691072218476,0.27509425462304193,0.2888906002044678,1504548000
2002-05-16,0.28896746810992824,0.2953703548690406,0.28309789627726945,0.2894248366355896,985560000
2002-05-17,0.2972756038578582,0.29940959933128,0.2898821435625008,0.29857173562049866,934404000
2002-05-20,0.29605630048217146,0.3037543636878033,0.2946842769292537,0.30177316069602966,953412000
2002-05-21,0.3056606732559126,0.30985271854397795,0.2784485256649419,0.2787531018257141,1382604000
2002-05-22,0.28096379449036135,0.29171146010601545,0.2805064533973558,0.29003390669822693,1547988000
2002-05-23,0.29087271086095123,0.2914828171045266,0.26373649035590946,0.27235016226768494,2556780000
2002-05-24,0.26716678887259226,0.26853884062712224,0.2608407721385117,0.2670149505138397,737784000
2002-05-28,0.2693773342513774,0.26953009929787153,0.25108347459369545,0.2564188838005066,1367088000
2002-05-29,0.2523029188507547,0.2671666891852877,0.24841544941678523,0.2661001682281494,1311012000
2002-05-30,0.2606878157085876,0.2685386436378649,0.25558108927540674,0.2622126042842865,1066080000
2002-05-31,0.2637364952840582,0.26487986182945156,0.254589562920911,0.25504690408706665,674112000
2002-06-03,0.24887265157979868,0.2500160177640244,0.23698162145585108,0.2400311976671219,901248000
2002-06-04,0.23850642004359715,0.2534461274553969,0.23812499810542437,0.25215092301368713,1095432000
2002-06-05,0.252684194689819,0.2527601137969006,0.23972571632108103,0.24849215149879456,1114308000
2002-06-06,0.24589993310262115,0.25192226780134563,0.24582401399028309,0.2485680878162384,739356000
2002-06-07,0.228368927585866,0.24925414146805389,0.22829209525463132,0.24620546400547028,1371300000
2002-06-10,0.2494828006291983,0.25641894604785137,0.24353731115314664,0.244147390127182,749148000
2002-06-11,0.2481866428261127,0.24925408998063206,0.2325609098752675,0.2331710159778595,859308000
2002-06-12,0.22760610998797326,0.2317222355504515,0.20329079233569705,0.2130478322505951,2267544000
2002-06-13,0.21464852700654294,0.21861188696508158,0.20412954380014742,0.2108369916677475,1265892000
2002-06-14,0.20306206116547146,0.21640103546321507,0.1962018493971774,0.21480032801628113,1116444000
2002-06-17,0.21960250138422432,0.22242342161978268,0.21297097266189427,0.21670658886432648,1054140000
2002-06-18,0.21403840574207364,0.2218133141243735,0.2115230022242728,0.21556320786476135,1008300000
2002-06-19,0.2050442102090493,0.2050442102090493,0.1801947120399618,0.18179543316364288,2593620000
2002-06-20,0.18217687658040405,0.18713086513196697,0.17775524872912601,0.18011881411075592,1425048000
2002-06-21,0.17920411603665015,0.1861402478526112,0.16906565568456106,0.1727244257926941,1484364000
2002-06-24,0.16830367898087498,0.18133806288492332,0.16312010769420582,0.1759258210659027,1379592000
2002-06-25,0.17912728471054923,0.17912728471054923,0.16030013289990278,0.16136758029460907,1172232000
2002-06-26,0.14307371627121837,0.15839485089456753,0.13910942921787392,0.15298260748386383,2067828000
2002-06-27,0.158623515932457,0.15984280164746423,0.128057180517239,0.1301911622285843,3182808000
2002-06-28,0.12805717299147415,0.13636534196733682,0.12523716604110247,0.13095401227474213,1991184000
2002-07-01,0.13034394866986482,0.13415548514251072,0.1279044633749077,0.13064853847026825,1164372000
2002-07-02,0.12912467365893718,0.12958201500389893,0.1190630413996911,0.12241631001234055,1368180000
2002-07-03,0.12165428457736575,0.13324071197046278,0.12157836547374164,0.13301204144954681,1073304000
2002-07-05,0.14253952787715976,0.14482626089486897,0.13842340299328165,0.14475034177303314,739524000
2002-07-08,0.14307371154752524,0.15427872048809216,0.14292096008271515,0.14909514784812927,1587180000
2002-07-09,0.14947658184591298,0.15138189312177988,0.13857617538386555,0.14177760481834412,1075080000
2002-07-10,0.1452076684874171,0.1463510348825934,0.13689950042385798,0.13789011538028717,926988000
2002-07-11,0.13712818702470678,0.15244930516820918,0.13590797465355392,0.15191511809825897,1143948000
2002-07-12,0.16007142750693074,0.16068153361410495,0.14863775119286404,0.15176326036453247,1344900000
2002-07-15,0.15214382625349013,0.16693168649685655,0.1452836130507401,0.16685576736927032,1495272000
2002-07-16,0.16273964518643738,0.17798393368787208,0.1596900541918704,0.16235820949077606,1773432000
2002-07-17,0.15885217742306773,0.16197677407882227,0.1422349262365315,0.14856186509132385,1922364000
2002-07-18,0.1461223788576579,0.15473605065511858,0.14436890611332479,0.14475034177303314,1243188000
2002-07-19,0.14032964854751398,0.1458937304846184,0.13720413824290265,0.138194739818573,845772000
2002-07-22,0.13758550721423482,0.1414729606131576,0.1261518311697567,0.1317918300628662,1290744000
2002-07-23,0.13255471913025615,0.13339258273474974,0.11746227024618972,0.1219589039683342,1409652000
2002-07-24,0.12028228012010873,0.13171594553608504,0.12020636099609878,0.12973381578922272,1175100000
2002-07-25,0.12470297155401629,0.12508439352345627,0.11060204641125244,0.11479408293962479,1796448000
2002-07-26,0.11814827371102819,0.1208923473832311,0.10900132966701515,0.112125925719738,1221900000
2002-07-29,0.11677621756721773,0.11738541045246847,0.11151673419787944,0.11525142937898636,1227720000
2002-07-30,0.11471813793723035,0.12942915908371197,0.11433671605387953,0.1236364096403122,1818012000
2002-07-31,0.09009737739141219,0.09192676950098558,0.08338992889977878,0.08438053727149963,4837140000
2002-08-01,0.08506656385517643,0.08506656385517643,0.07622421337246246,0.07630104571580887,1725708000
2002-08-02,0.07873962023253978,0.07927380058281105,0.06936400304973969,0.07127022743225098,1795260000
2002-08-05,0.07020275811391123,0.07035550953511455,0.06471459050639018,0.06555336713790894,1330716000
2002-08-06,0.06860205089727542,0.07157480211998994,0.06753460363137592,0.06898347288370132,1168800000
2002-08-07,0.07203215191180662,0.07271817039415675,0.06479051783193397,0.06738276034593582,892980000
2002-08-08,0.06806879885052404,0.07302278104858786,0.0663153259192328,0.0718034952878952,755424000
2002-08-09,0.06989816906670375,0.07241357920249951,0.06867797035802753,0.07012684643268585,581304000
2002-08-12,0.06936398882597138,0.07279408798069185,0.0675346039731207,0.07012684643268585,592800000
2002-08-13,0.07058419408089563,0.07401430036873849,0.06860205760683889,0.06867797672748566,654420000
2002-08-14,0.06997411325259102,0.07393748767299002,0.06936401367964938,0.07332830131053925,632688000
2002-08-15,0.07607237366845629,0.07995982165717755,0.07530951588178586,0.0784350261092186,1140120000
2002-08-16,0.07424297057708729,0.08422777285859624,0.07195623760639978,0.08148369193077087,1657428000
2002-08-19,0.08499061893892272,0.10252164308433005,0.08483786069396504,0.09642428904771805,2243928000
2002-08-20,0.09718623178265845,0.09909153562473424,0.09093612642056909,0.09215541183948517,1429488000
2002-08-21,0.09634750425012907,0.0982537290894014,0.09185086903472871,0.09703352302312851,1194876000
2002-08-22,0.09413759055341522,0.09794820649921789,0.09314606208402731,0.09375616163015366,1358496000
2002-08-23,0.09108797260705759,0.09169807197494459,0.08704868721845949,0.08758194744586945,919932000
2002-08-26,0.08925858201115577,0.08986868134006562,0.08415184283880173,0.0882679671049118,698568000
2002-08-27,0.08979278826016561,0.09025013629065005,0.08270390401016112,0.0832371711730957,686712000
2002-08-28,0.08277980252223163,0.08293256077447321,0.07774898907008002,0.07805357873439789,700356000
2002-08-29,0.0770629440431567,0.08262702260775831,0.07645283808462741,0.07904507964849472,815520000
2002-08-30,0.07828223991572755,0.0815605001625807,0.0754622407008536,0.07698703557252884,1065888000
2002-09-03,0.0733282740835252,0.07370878285677285,0.07104153452842649,0.07226082682609558,847284000
2002-09-04,0.072489513903352,0.07439481827950145,0.06867798512569037,0.0718034952878952,930552000
2002-09-05,0.07111747959489023,0.07142207618168031,0.06860207538880354,0.06905941665172577,714312000
2002-09-06,0.07195625191750281,0.07256543823634884,0.06951676019583904,0.07058420777320862,746460000
2002-09-09,0.07005002932529002,0.07271819173762238,0.06791604732169465,0.07050737738609314,578040000
2002-09-10,0.07012684875003176,0.0842277682430742,0.07005000960872199,0.08056899160146713,2317632000
2002-09-11,0.08308439079292301,0.0907074459492049,0.08308439079292301,0.08453326672315598,1657536000
2002-09-12,0.08247521633335876,0.08697184973473414,0.08095042108218627,0.08186511695384979,1294932000
2002-09-13,0.0810263395335432,0.08491378673368757,0.08003572455327658,0.08056899160146713,796872000
2002-09-16,0.07934966740558723,0.07965425693185099,0.07355691218310245,0.0754622220993042,925464000
2002-09-17,0.07881646290806464,0.08072176751508425,0.07386156689924461,0.07431890815496445,884052000
2002-09-18,0.07317551583313393,0.07462347867881233,0.07005000638361604,0.07226082682609558,811692000
2002-09-19,0.07066009018402841,0.07317549973371865,0.06944080496961662,0.0698213204741478,618492000
2002-09-20,0.07035554915852203,0.07180351268519641,0.0686780017657103,0.0702027976512909,687312000
2002-09-23,0.0690593987191115,0.06974542406536226,0.06669674661766907,0.06715409457683563,521676000
2002-09-24,0.06639123766073483,0.0708887913683403,0.06517195203573183,0.06768736243247986,624444000
2002-09-25,0.07165070350515863,0.07279406960138429,0.06883070441677974,0.0714220330119133,896616000
2002-09-26,0.07279410108344377,0.07355695882747068,0.0665440010033389,0.0676114484667778,739560000
2002-09-27,0.06745868486130698,0.06921215759274398,0.0651719518604158,0.06524787098169327,650688000
2002-09-30,0.06501920040760492,0.0680687910922984,0.06364715651806907,0.06524787098169327,584124000
2002-10-01,0.06578204887018083,0.06936399329805143,0.06341848362421247,0.06875480711460114,888360000
2002-10-02,0.06928807613840672,0.07279409473189451,0.06867797672748566,0.06867797672748566,749100000
2002-10-03,0.06784014263381645,0.06898350962185393,0.06517197965317896,0.06532473117113113,590568000
2002-10-04,0.06517196764499955,0.06723003057026311,0.060979922654807436,0.06204645708203316,529788000
2002-10-07,0.061208578170901265,0.06242786365111696,0.058540416637769405,0.058997757732868195,493068000
2002-10-08,0.06097992607999352,0.06113176436785216,0.05488165950883565,0.05724431574344635,714252000
2002-10-09,0.0564064428556305,0.06006522343762523,0.05518624052141436,0.056177768856287,573132000
2002-10-10,0.05564358401978884,0.06090307535681124,0.05564358401978884,0.059073690325021744,538032000
2002-10-11,0.061360422978897024,0.0682206287363917,0.06097990735058987,0.06715409457683563,994140000
2002-10-14,0.06517193466424942,0.06715407744676963,0.06379989795173897,0.06517193466424942,611484000
2002-10-15,0.07241360260665228,0.07500493269357439,0.07096472606371554,0.07195625454187393,852768000
2002-10-16,0.06707727913520141,0.06768737869945433,0.0647905387635958,0.06593390554189682,578124000
2002-10-17,0.0716506898352437,0.07431885022570135,0.06989813808301457,0.07096467167139053,585792000
2002-10-18,0.0705842457959289,0.07241363897378901,0.06791608202041613,0.07165078073740005,498372000
2002-10-21,0.0706601054092971,0.08072173896105792,0.06905939113549425,0.07813041657209396,930624000
2002-10-22,0.07454757709314512,0.08537115080696503,0.07447165796267653,0.08072175830602646,1272168000
2002-10-23,0.08194102053261382,0.08514244866136746,0.08079765431734469,0.08399908244609833,925428000
2002-10-24,0.08567664617283811,0.08659134205628445,0.07851093097070234,0.07973113656044006,1055172000
2002-10-25,0.08003574430720527,0.08499064685186453,0.0789682967371695,0.08460921794176102,745956000
2002-10-28,0.08849663342701765,0.08918265183366102,0.08453326759588257,0.0850665345788002,1070544000
2002-10-29,0.08521929629188847,0.08582848245518096,0.07706297308919507,0.08133184909820557,772728000
2002-10-30,0.08392320375111492,0.08842075167532971,0.0836186071700619,0.08567667007446289,1139496000
2002-10-31,0.08628584524430717,0.09131665972504964,0.0860571746467745,0.09070747345685959,1255476000
2002-11-01,0.08933541598007759,0.10877266451701698,0.08918265773124943,0.10747653990983963,2128836000
2002-11-04,0.11395534866460752,0.12584637718453884,0.113650758920002,0.11921484768390656,2688132000
2002-11-05,0.11891026390025788,0.1208924078527813,0.10938189994460776,0.11448954790830612,2034540000
2002-11-06,0.1183769468674225,0.12348368599432806,0.11372664242423043,0.12333092093467712,1646016000
2002-11-07,0.12012951983275477,0.12012951983275477,0.1102206426029966,0.11090666800737381,1660560000
2002-11-08,0.09375611952386559,0.09932020607627269,0.08392316448664328,0.08659132570028305,3798900000
2002-11-11,0.08247520675737896,0.08369449216462752,0.07790173474507664,0.07988296449184418,1378452000
2002-11-12,0.0817891903305664,0.08994459965509756,0.08110316508228085,0.08697184175252914,1381188000
2002-11-13,0.08491379898338476,0.0922313533222321,0.08323716527063295,0.08971594274044037,1802112000
2002-11-14,0.09566143155097961,0.09749081618605429,0.09276550616673084,0.09566143155097961,1138728000
2002-11-15,0.10061637652785321,0.10602862089887986,0.09947300969696914,0.1026744395494461,2054328000
2002-11-18,0.11090664645553867,0.11128806843729004,0.10618042274537359,0.10648592561483383,1982472000
2002-11-19,0.10587583376944389,0.11342205776560255,0.10473246732335943,0.10800981521606445,1971948000
2002-11-20,0.11128808437223776,0.11433676192234116,0.10983920811520849,0.11342206597328186,1292796000
2002-11-21,0.11799554936095343,0.12866729897888324,0.11776687874771646,0.12302637100219727,2053920000
2002-11-22,0.11555609028810694,0.12226446732438899,0.11433680418542914,0.11982496827840805,1251900000
2002-11-25,0.12538897025900558,0.1272183616477208,0.120510915799107,0.12416968494653702,1230084000
2002-11-26,0.12477980915024893,0.127218380129451,0.1204350141933578,0.12081552296876907,1084332000
2002-11-27,0.1259231988058937,0.1323260571502554,0.12432247740480083,0.1301911622285843,1088556000
2002-11-29,0.13362117353413333,0.13552739660228724,0.1295818833770663,0.13057249784469604,519396000
2002-12-02,0.13750868897149168,0.13926216148516263,0.12897185062911562,0.12958194315433502,1167504000
2002-12-03,0.1271424403434722,0.12744702995630738,0.12081550332457955,0.12104417383670807,1046220000
2002-12-04,0.11250733956339547,0.11433672404040197,0.10618040276938122,0.1065618246793747,2206548000
2002-12-05,0.1134220672068396,0.11418401170758362,0.1049611466235269,0.10755247622728348,1594872000
2002-12-06,0.10290303462428411,0.10976323738690298,0.10122640178603795,0.10770517587661743,1159224000
2002-12-09,0.1041991896448838,0.10587582297919758,0.0982536806421753,0.099091537296772,969792000
2002-12-10,0.10160694064047417,0.10938184071206873,0.10031173617608162,0.10740061104297638,1389888000
2002-12-11,0.10663777688354158,0.10976328670187259,0.10305583912548481,0.10679053515195847,1364208000
2002-12-12,0.11075391060766616,0.1120500354846691,0.10480840021752107,0.10503707081079483,1302552000
2002-12-13,0.10313175170346224,0.10313175170346224,0.10015899352716452,0.10092093795537949,707724000
2002-12-16,0.10442787844778684,0.10747655599974376,0.10175971653715059,0.10686645656824112,1056972000
2002-12-17,0.1087726837206325,0.11243145398729858,0.10587584433733446,0.10671462118625641,1077744000
2002-12-18,0.10336041207281842,0.10351317031648129,0.09832959890319048,0.09855826944112778,1126836000
2002-12-19,0.09680480462243195,0.10191245696974062,0.09543276093817608,0.09642428904771805,1100604000
2002-12-20,0.09947298634193205,0.10054043377897409,0.09291736986419577,0.09771952033042908,804576000
2002-12-23,0.09749081447813585,0.10076907495795878,0.09718622485514462,0.09840551018714905,498648000
2002-12-24,0.09893969906135336,0.10092092886019866,0.09589010883292803,0.09642428904771805,300336000
2002-12-26,0.09802502777495307,0.0994729909310719,0.0938320701690438,0.0946708470582962,719760000
2002-12-27,0.09726215358158176,0.09749082412395978,0.09025011049372975,0.09108796715736389,702528000
2002-12-30,0.09146942275601404,0.09246003795662641,0.08582850168895154,0.08788656443357468,784740000
2002-12-31,0.08697186383910778,0.08994462249661077,0.08529523008255689,0.08773472160100937,825396000
2003-01-02,0.09146940857398997,0.09489950807320116,0.08834389876995585,0.09383206069469452,1302540000
2003-01-03,0.09413757041512888,0.0971862478876772,0.09223134623206225,0.09383206069469452,1037496000
2003-01-06,0.09611879865319914,0.10297899751915697,0.09604287271843287,0.10145512223243713,1033428000
2003-01-07,0.10343635933805953,0.1057999317552013,0.10000625944530243,0.10114962607622147,1498272000
2003-01-08,0.09855827135510219,0.10145511018527255,0.09040194871522889,0.09108796715736389,1852524000
2003-01-09,0.09390887078680586,0.0948994855992306,0.0917739765353754,0.0926886722445488,1436076000
2003-01-10,0.09146939986827282,0.0956614434415751,0.09025011436335238,0.0942893996834755,924492000
2003-01-13,0.09787225345751421,0.09871103015094546,0.09307011070584888,0.09352745860815048,849120000
2003-01-14,0.09383203463031897,0.0951281590377407,0.09139346406576267,0.09421346336603165,868524000
2003-01-15,0.09428942148451182,0.09505227927161886,0.09131666272878647,0.09131666272878647,904584000
2003-01-16,0.08994461434344977,0.091087980857308,0.08392318526021776,0.08514247089624405,2039976000
2003-01-17,0.08285570485121459,0.08399907781849422,0.08087448217424811,0.08194101601839066,1058832000
2003-01-21,0.08346582163076273,0.08521928723876006,0.07965428714297867,0.07988296449184418,967356000
2003-01-22,0.07965429264156675,0.08201786453639563,0.07942562209191667,0.07995980232954025,550992000
2003-01-23,0.0820937626937066,0.08346580608637277,0.0799597819184228,0.08216968178749084,918456000
2003-01-24,0.0814836838333396,0.08186511263229831,0.0761482739586879,0.07752031087875366,897108000
2003-01-27,0.07584369255114284,0.07980706629316693,0.07447165535848244,0.07637695968151093,889116000
2003-01-28,0.07538632080878084,0.08056897864543922,0.0728709178093582,0.07912101596593857,1785480000
2003-01-29,0.07698706865718516,0.08133186461088014,0.07698706865718516,0.08072175830602646,1022040000
2003-01-30,0.08232243433570498,0.08300845257733616,0.07660559748211453,0.07744436711072922,743064000
2003-01-31,0.07515768072422432,0.08079768870349346,0.07447166206610478,0.07866370677947998,949656000
2003-02-03,0.0801116661886343,0.08171238099335781,0.07851095138391079,0.08018850535154343,755556000
2003-02-04,0.07965429590930038,0.08003572472608553,0.07546225902545298,0.07660562545061111,627720000
2003-02-05,0.07828223746880046,0.08041713150140865,0.07698703316608693,0.07729162275791168,581508000
2003-02-06,0.08262705410265975,0.08277980554547884,0.07660562548393852,0.07790174335241318,1226184000
2003-02-07,0.07942564373377566,0.07980707263884462,0.07424298385296588,0.0743948221206665,915156000
2003-02-10,0.07431887777205284,0.07584367284958902,0.0711174494007952,0.07530949264764786,982632000
2003-02-11,0.07591959705963401,0.07813041751886902,0.0735569451890111,0.07393746078014374,850716000
2003-02-12,0.07393748603837436,0.07706299657930452,0.07332829968939153,0.07431890815496445,641400000
2003-02-13,0.07561499999532141,0.07599550873420777,0.0735569379890834,0.0752335712313652,889164000
2003-02-14,0.0855239157862545,0.09185085578057979,0.08346585294923199,0.09177401661872864,3548844000
2003-02-18,0.09528096971473012,0.09886291550446599,0.09413760282139631,0.09703352302312851,1740516000
2003-02-19,0.09642430395976706,0.09855828551859008,0.09535685657522529,0.09794818609952927,1141212000
2003-02-20,0.09832961494335057,0.10092094446765455,0.0975676704659685,0.09794818609952927,978132000
2003-02-21,0.09787228735300675,0.09825371627623425,0.09451809944278243,0.09802503883838654,913260000
2003-02-24,0.09718625567644816,0.10282716950598125,0.09665298854958505,0.09924431145191193,1137012000
2003-02-25,0.09604284718553473,0.09909152378872797,0.09451805227894061,0.09863417595624924,1239204000
2003-02-26,0.09733899934039342,0.09893971380302569,0.09360339012074786,0.09383206069469452,746892000
2003-02-27,0.09474675830859411,0.09627155367716334,0.09322287615029654,0.09581420570611954,675312000
2003-02-28,0.09284144360983893,0.09642430129812588,0.09009736270770113,0.09619563072919846,1653336000
2003-03-03,0.09733898381496416,0.09909153624052766,0.09337469783866802,0.09459490329027176,702036000
2003-03-04,0.09489950807320116,0.09581420399899157,0.09291736476890411,0.09383206069469452,538392000
2003-03-05,0.09291735339696806,0.0958901113844571,0.09268868285100787,0.09535684436559677,522156000
2003-03-06,0.09459493861414814,0.09550963473561398,0.09337473270689209,0.09375616163015366,548064000
2003-03-07,0.0923081813559243,0.09550961719303604,0.09146941134099293,0.09520410746335983,581148000
2003-03-10,0.09421350802841644,0.0946708560810791,0.09238412263276906,0.09253687411546707,344796000
2003-03-11,0.09322289377450943,0.09474677622090394,0.09215544617517818,0.09322289377450943,417144000
2003-03-12,0.09398482063694634,0.09604287628414042,0.0931460438174418,0.09581420570611954,493920000
2003-03-13,0.09863419969449298,0.10595175314526471,0.09817685175194456,0.1053425669670105,1362732000
2003-03-14,0.10572306806286966,0.10671459613987068,0.10153102485276279,0.10229296237230301,1094220000
2003-03-17,0.10061636591258512,0.11029657359194936,0.10038769529653516,0.10823851078748703,1307808000
2003-03-18,0.10785795890777611,0.10907724426722193,0.10518979763892487,0.10740061104297638,932280000
2003-03-19,0.10762928988082832,0.10869582390269698,0.10412235853146028,0.1079338863492012,712992000
2003-03-20,0.10793390050439394,0.11121124853088442,0.10511390043800709,0.1089245155453682,780060000
2003-03-21,0.11266010996718986,0.11304061873137225,0.10305582450959161,0.1079338863492012,1681800000
2003-03-24,0.1035132255551711,0.10671465568470603,0.10290311909505623,0.10389373451471329,839016000
2003-03-25,0.10419920786788403,0.10846717107256705,0.10381777901628421,0.10686645656824112,672828000
2003-03-26,0.10923002220152511,0.11166860032735443,0.10839125218827089,0.10983920842409134,1107840000
2003-03-27,0.10839125485879438,0.11067798797921125,0.10640911144966399,0.10671462118625641,1392732000
2003-03-28,0.1067146251947383,0.1070951340455634,0.10069227561588616,0.10236982256174088,1290684000
2003-03-31,0.09924426907456146,0.10046356108761001,0.09771948107704602,0.09817682206630707,680508000
2003-04-01,0.10023492777811696,0.10214115213677075,0.09802502690656906,0.10107370465993881,533808000
2003-04-02,0.1045037936338961,0.10656185603549384,0.1031317565761655,0.10480839014053345,771900000
2003-04-03,0.10671460223581071,0.10671460223581071,0.10397051480060451,0.10618042200803757,702780000
2003-04-04,0.10648593930883309,0.10663777755294163,0.10160696353650585,0.10206431150436401,513840000
2003-04-07,0.10892453027029834,0.10976330036812558,0.1021411559127562,0.10313177108764648,671256000
2003-04-08,0.10404645284868112,0.10457971311343602,0.10145512336025797,0.10214114189147949,475032000
2003-04-09,0.10252165349682581,0.10526573432903612,0.10145511937916309,0.10160695761442184,694260000
2003-04-10,0.1029789986639179,0.10313175693038452,0.10114961364232655,0.10214114189147949,364104000
2003-04-11,0.10328448592487291,0.1041223493301379,0.10000622540776716,0.10099775344133377,374184000
2003-04-14,0.09947298304579047,0.10305584089047053,0.0991683865290015,0.10275033116340637,445776000
2003-04-15,0.10206431929231331,0.10351319563876288,0.09954890868465772,0.10221707075834274,490212000
2003-04-16,0.10457972308496641,0.10480840049384556,0.10137829388067839,0.10221707075834274,671988000
2003-04-17,0.10297900966754558,0.10427513456287701,0.10084503472525072,0.10404646396636963,520740000
2003-04-21,0.1041992106647965,0.10701921089754289,0.10320768235507947,0.10671462118625641,597144000
2003-04-22,0.1061804429971562,0.10816257963111231,0.10442788334915527,0.10808666050434113,787392000
2003-04-23,0.1079338768065063,0.11121122411342467,0.10709510019122731,0.1105252057313919,606204000
2003-04-24,0.11060203888613661,0.11060203888613661,0.10579989654540926,0.10724785923957825,660912000
2003-04-25,0.10663777511741085,0.10846716694706147,0.10229297974449335,0.10328450798988342,884652000
2003-04-28,0.10450379907894788,0.10831533438910355,0.10328451340862792,0.10640911012887955,674988000
2003-04-29,0.10884857343251922,0.11121122503973961,0.10800979681025379,0.10968734323978424,670344000
2003-04-30,0.10907729001988144,0.11205004898050841,0.10861994196324627,0.10923004150390625,466620000
2003-05-01,0.10846718472270349,0.11098259549319862,0.1078579984248165,0.10991606116294861,733368000
2003-05-02,0.11136398460897634,0.12195888490450509,0.11075388528131251,0.1211969405412674,1691088000
2003-05-05,0.12234030718782218,0.12988652962877192,0.12012948023894968,0.12416968494653702,1576164000
2003-05-06,0.12355957067264106,0.12752384194789054,0.1223402855755676,0.12432241439819336,1143864000
2003-05-07,0.12249312519200362,0.1253890384234052,0.12020639152798816,0.1223403736948967,897372000
2003-05-08,0.12081558804495499,0.12729528101907073,0.11929171207217198,0.12241631001234055,1957452000
2003-05-09,0.14353103803773298,0.16411164623113847,0.13949083278531102,0.1628914475440979,9230856000
2003-05-12,0.16327288599146172,0.16693166963127237,0.15702277970186806,0.15831799805164337,3007860000
2003-05-13,0.15290670526665653,0.1577847761124291,0.15199202268554796,0.15534529089927673,1824108000
2003-05-14,0.1558794450154325,0.15778475634386507,0.1532112894912913,0.15519343316555023,965580000
2003-05-15,0.15748011685234434,0.16083338358683186,0.15664134015615327,0.16052879393100739,1105656000
2003-05-16,0.15854665361446216,0.16487359163533755,0.1583179830661196,0.16205358505249023,1028916000
2003-05-19,0.1599187070763296,0.16144349558972235,0.1510004457284569,0.1529066562652588,1220484000
2003-05-20,0.15313535683102378,0.1551165734898701,0.1524493314117247,0.15397320687770844,884124000
2003-05-21,0.15405003244376617,0.159461361852405,0.15321125566782204,0.15938544273376465,905472000
2003-05-22,0.15961409114457958,0.16136754994171493,0.15587938896599898,0.1599186807870865,888816000
2003-05-23,0.16007146316507007,0.16312014069993294,0.15839483636193927,0.1590808480978012,867612000
2003-05-27,0.15740328524543884,0.1737918498554508,0.15435460815293398,0.17318175733089447,1677408000
2003-05-28,0.17264850667073794,0.1745538176617626,0.16845646265837963,0.1727244257926941,1235556000
2003-05-29,0.17264849286194398,0.19040910896786392,0.1722670708621419,0.18453951179981232,2297736000
2003-05-30,0.20199463950429902,0.20298616776283895,0.19704065105262544,0.19947922229766846,2142312000
2003-06-02,0.20466273742239885,0.20489142156282614,0.18720764144978513,0.1884269267320633,1566144000
2003-06-03,0.18629299531875732,0.1980312635022336,0.18400626234637646,0.19231443107128143,1596804000
2003-06-04,0.1917043378464389,0.1970406618273221,0.18873157932877396,0.19688791036605835,1175604000
2003-06-05,0.19429655450577968,0.20321481491311502,0.19170430526636617,0.20252878963947296,1204404000
2003-06-06,0.2104555152862467,0.2115229624403815,0.19482979597103225,0.19635459780693054,1378836000
2003-06-09,0.1951343715980366,0.20016519095638438,0.19101824790757022,0.19399100542068481,720588000
2003-06-10,0.19399099527799332,0.19696375263567928,0.19185701444450978,0.19681191444396973,563304000
2003-06-11,0.1955917502238424,0.19871725952974775,0.19208571853217155,0.19696378707885742,943836000
2003-06-12,0.19833579962062156,0.20047069377567678,0.19338182620209576,0.19399100542068481,1046688000
2003-06-13,0.18560693223417193,0.19094234155809095,0.1776033684582644,0.17889857292175293,1826808000
2003-06-16,0.18103348583191034,0.18499685878487335,0.16906563507001893,0.18271012604236603,1904868000
2003-06-17,0.18690216578382263,0.18827420267572645,0.18141399095620336,0.18705491721630096,999852000
2003-06-18,0.1852255573500848,0.19795535442492,0.183700755134388,0.19421973824501038,1122072000
2003-06-19,0.19505846296364035,0.19604907778449515,0.1814139735731785,0.1824055016040802,1190532000
2003-06-20,0.1843867694570227,0.1844636017868893,0.17760340293304264,0.18049931526184082,937848000
2003-06-23,0.18034751573110722,0.18126221183394478,0.17051455647811475,0.1740964949131012,734784000
2003-06-24,0.17302986435062145,0.17684048491548734,0.16815089721410664,0.17371588945388794,1008816000
2003-06-25,0.17417330344977602,0.181262172870457,0.17348727811261186,0.17485931515693665,1060620000
2003-06-26,0.1753926812624016,0.17745074472597663,0.16990450293952775,0.1750880777835846,960540000
2003-06-27,0.1771460570991219,0.17874677842375375,0.17112372151818656,0.17196248471736908,709104000
2003-06-30,0.17424919018731486,0.17767928897568697,0.1722670472937887,0.17463061213493347,544128000
2003-07-01,0.1724198178635176,0.1820241037155966,0.1708190967398365,0.18179543316364288,977016000
2003-07-02,0.1834721110849966,0.18583569047968693,0.17874680597647438,0.18126221001148224,846828000
2003-07-03,0.17706921166907713,0.18385350487368537,0.17668870286964078,0.17920410633087158,420912000
2003-07-07,0.1816426936836196,0.19193299186899637,0.18156677456469292,0.19094237685203552,832200000
2003-07-08,0.18568285742243554,0.19132378340085693,0.185225516357972,0.1888083666563034,602856000
2003-07-09,0.1887316037597629,0.1962778295091404,0.1884270140081132,0.1931532323360443,755352000
2003-07-10,0.18713082718498578,0.18957031119478737,0.18194816910552977,0.18522551655769348,644568000
2003-07-11,0.18743634445769689,0.18857971083806865,0.18461542464333855,0.18621614575386047,495000000
2003-07-14,0.1909423886629493,0.19208575519871512,0.18385351886720197,0.1847682148218155,694344000
2003-07-15,0.18751231610698893,0.1883510930589853,0.1769933315564257,0.1787468045949936,1143456000
2003-07-16,0.18210001446507793,0.18293879115043887,0.1722670585127049,0.1765359342098236,880476000
2003-07-17,0.1712005758756879,0.17341047689284794,0.16540689650009238,0.167693629860878,853764000
2003-07-18,0.16441623690865015,0.16494951074806735,0.1560312366926872,0.16205358505249023,1280832000
2003-07-21,0.16296829627275652,0.16350155653255272,0.15580258086423707,0.15961411595344543,985140000
2003-07-22,0.16411169515645121,0.16533098099684032,0.16136760688525628,0.1622823029756546,582444000
2003-07-23,0.16212953528554086,0.16540688359415132,0.15725147920127874,0.16441626846790314,605328000
2003-07-24,0.16738906732638,0.16860835333819155,0.156641410605671,0.1580134481191635,1116828000
2003-07-25,0.15831798033839806,0.16144347610861817,0.1524492967254747,0.16052879393100739,1002084000
2003-07-28,0.16182495478059064,0.16220546364909724,0.15488790887086104,0.15557393431663513,703752000
2003-07-29,0.1414730136895809,0.1536686249804342,0.1399482113055737,0.14536045491695404,2794788000
2003-07-30,0.144826291683843,0.14650383203296874,0.1428450611528078,0.14375975728034973,788724000
2003-07-31,0.14711298918616816,0.14924788389161633,0.14398839266785926,0.14551226794719696,897600000
2003-08-01,0.1455891595562442,0.15153466434948196,0.1441402761017697,0.15031446516513824,767556000
2003-08-04,0.15016260681729884,0.15869944754460882,0.1492479107490006,0.15595535933971405,1428852000
2003-08-05,0.15999551433132747,0.1636542974298429,0.1542018504586105,0.1554979681968689,1063488000
2003-08-06,0.15343988466130082,0.15549794645900827,0.14543630797466084,0.14917100965976715,1025868000
2003-08-07,0.14879050381217926,0.1509244847488723,0.14513172115499454,0.14711295068264008,1040340000
2003-08-08,0.1261518707214876,0.12668514466734182,0.1163189125101612,0.1181483045220375,3767580000
2003-08-11,0.12005355816188411,0.12615182462315497,0.1192916275304759,0.12455111742019653,1675752000
2003-08-12,0.12615184194059137,0.12737112739022172,0.12409377980426811,0.12706653773784637,764160000
2003-08-13,0.12759984031077584,0.1299624926317892,0.12439841111408988,0.12790443003177643,693552000
2003-08-14,0.12363640923173204,0.12546580038990818,0.12211160765328263,0.12348365783691406,1527696000
2003-08-15,0.12272173896433428,0.1238651052665171,0.12195888141281352,0.12310224771499634,217716000
2003-08-18,0.12508442338576958,0.1267610639333725,0.12287360931139993,0.1267610639333725,717684000
2003-08-19,0.1295819145758741,0.137204069054475,0.12950508227082747,0.1364421248435974,1403976000
2003-08-20,0.13453590869903564,0.13705131154489864,0.1315631512075613,0.13453590869903564,870348000
2003-08-21,0.13781423094122375,0.1394908716086167,0.13567933584228875,0.138194739818573,644748000
2003-08-22,0.1465037720462052,0.14848500176601517,0.13910938733511494,0.13918623328208923,1002396000
2003-08-25,0.14185349754332116,0.14185349754332116,0.1372041125491773,0.1384233981370926,434028000
2003-08-26,0.13667077765409227,0.13872883910510278,0.13247782245696652,0.13621343672275543,768984000
2003-08-27,0.13712817106417077,0.14177755529999228,0.13567928830458875,0.14032959938049316,567816000
2003-08-28,0.1417016017595581,0.14246354590254995,0.13507007620792996,0.136670783162117,828312000
2003-08-29,0.13644213682386105,0.13910937795610082,0.13590794985139587,0.13850019872188568,532884000
2003-09-02,0.14093874082931515,0.14215893910096328,0.13659394739680658,0.13727997243404388,711456000
2003-09-03,0.13933810179604703,0.1397195238336069,0.1339267720481958,0.1346127837896347,849972000
2003-09-04,0.13514604701486801,0.13910940658295898,0.1341554320178968,0.13590797781944275,740064000
2003-09-05,0.13613669706067622,0.14558914754999974,0.13453597545180554,0.14238771796226501,1198740000
2003-09-08,0.14467443262300828,0.1506199361528504,0.14292095975781552,0.14894239604473114,1508712000
2003-09-09,0.14482621268739904,0.16365427130553145,0.14284498323703892,0.1580892652273178,2489436000
2003-09-10,0.15359263942352738,0.1577087631088825,0.14604641721037637,0.1472657024860382,1380624000
2003-09-11,0.14924790977433303,0.15359270584787152,0.13949087008941422,0.14536045491695404,2612736000
2003-09-12,0.14414023990289207,0.15069584945695264,0.14253953219401921,0.14749442040920258,1162404000
2003-09-15,0.14871373718992895,0.1494765950620463,0.14452170581022694,0.14505496621131897,596028000
2003-09-16,0.14536043535252602,0.15000983417093844,0.14536043535252602,0.14955247938632965,620736000
2003-09-17,0.15046724105005002,0.15420194556057812,0.14924795487860193,0.15130601823329926,902784000
2003-09-18,0.15046712248510943,0.15252518421809722,0.14879049628043492,0.15244926512241364,603492000
2003-09-19,0.1542018716081495,0.15519339983755984,0.14985707630525374,0.1512291133403778,648096000
2003-09-22,0.14825636815884746,0.1485618710826601,0.14406432393435312,0.14528360962867737,735504000
2003-09-23,0.14551232671634473,0.14749447077330946,0.1436070286500499,0.14665569365024567,628932000
2003-09-24,0.1435310400625408,0.14482624466996513,0.13529879121704452,0.13552746176719666,1600668000
2003-09-25,0.13659395814101397,0.13903344166635856,0.1330120217602458,0.1336212009191513,736776000
2003-09-26,0.1332407754116574,0.13362128432099696,0.12676108364710179,0.12851454317569733,895908000
2003-09-29,0.1220357439995562,0.12638053975149113,0.11967217849074481,0.1215784028172493,1944996000
2003-09-30,0.12051098201909821,0.1258463940729496,0.12005362710560571,0.1217302680015564,1020888000
2003-10-01,0.12195888896515052,0.12416970259830849,0.12165429930373955,0.12272174656391144,877224000
2003-10-02,0.12195887816303051,0.12638050503771492,0.1215783694225077,0.12462704628705978,857628000
2003-10-03,0.12805718149744313,0.13110585922846238,0.12584636743176367,0.12790443003177643,862812000
2003-10-06,0.12813311651346196,0.12942923473651893,0.12584638303656337,0.12691383063793182,377028000
2003-10-07,0.12691380046737066,0.12805716693401337,0.12516032778777395,0.12805716693401337,510588000
2003-10-08,0.12805720945035445,0.12920057629660697,0.12279771650558965,0.12355966120958328,739440000
2003-10-09,0.12538903724274453,0.13019118879596625,0.12432250277459311,0.12531311810016632,852408000
2003-10-10,0.12729522850023203,0.12843859502092161,0.12577043994588993,0.12752389907836914,413976000
2003-10-13,0.1289718445347997,0.13148724767852749,0.12798122965700034,0.12881909310817719,434904000
2003-10-14,0.12744706931597502,0.1315631943254779,0.12668513844357457,0.1311826854944229,623556000
2003-10-15,0.13270657188375956,0.1351460702623371,0.12866729250344774,0.12950514256954193,703488000
2003-10-16,0.12965791467832102,0.13156322618588165,0.12767578444771832,0.13110588490962982,446088000
2003-10-17,0.1303439026031908,0.13285930615660185,0.12683788401063908,0.1269897222518921,459696000
2003-10-20,0.12706652916733674,0.12996245458489863,0.12630367164265988,0.1298106163740158,467388000
2003-10-21,0.13217328984676588,0.13628941452202883,0.13034389807331498,0.13377399742603302,758724000
2003-10-22,0.13171593579463178,0.13476461315332308,0.13080125353300526,0.13148726522922516,620952000
2003-10-23,0.1295819929797763,0.13339261591973292,0.12935332234616093,0.13087721168994904,451524000
2003-10-24,0.1295819717724548,0.1315632020592265,0.12836177282253347,0.13041983544826508,447084000
2003-10-27,0.13110588490962982,0.13263067386398072,0.13019118872711857,0.13110588490962982,254460000
2003-10-28,0.1328593007302048,0.14010093503191617,0.13224920815936658,0.13933809101581573,956064000
2003-10-29,0.13522196636561967,0.1410156309130712,0.13514604724809395,0.13933809101581573,494004000
2003-10-30,0.14292093600723627,0.14299685512168867,0.13651807872835223,0.13674674928188324,581256000
2003-10-31,0.13796602523756787,0.13910939155602856,0.13263061561145434,0.13476459681987762,598152000
2003-11-03,0.13407854497693245,0.13987220715016904,0.1334693522359462,0.13727997243404388,773724000
2003-11-04,0.14025279726019887,0.14063423296350494,0.13682269734157812,0.13773739337921143,700896000
2003-11-05,0.13491736149891437,0.1396435922954306,0.1327065477540577,0.13827155530452728,882024000
2003-11-06,0.14032959010457433,0.1410156016505823,0.13598478216318874,0.13850019872188568,1175280000
2003-11-07,0.1651023269453468,0.16815100527238588,0.1615963073422297,0.16578835248947144,4292820000
2003-11-10,0.16632157645417897,0.1686083095933847,0.16434034623907356,0.16533096134662628,1210056000
2003-11-11,0.1615962492164246,0.16441624226107196,0.15831798822001825,0.16121481359004974,799140000
2003-11-12,0.16068153773761532,0.16388296609731096,0.15991868018905325,0.16334877908229828,617664000
2003-11-13,0.16334883672903147,0.16571241610656265,0.16243414064203104,0.16342566907405853,580332000
2003-11-14,0.16388296071571617,0.16388296071571617,0.15328714790246345,0.15374448895454407,888420000
2003-11-17,0.15084860153902432,0.1539731843529364,0.14939971857334308,0.15214380621910095,599880000
2003-11-18,0.15587936067124028,0.1577846709687355,0.14939967278587868,0.149933859705925,991428000
2003-11-19,0.1510005072352696,0.15473611112966468,0.15046723312347338,0.15412601828575134,567552000
2003-11-20,0.15168642239046717,0.1550406019647009,0.1493996899389525,0.15000979602336884,738852000
2003-11-21,0.15183914959820585,0.15206783371089766,0.14772304001972897,0.15061986446380615,543240000
2003-11-24,0.1520678939219461,0.16007145939520426,0.1510004465467606,0.1596900373697281,940644000
2003-11-25,0.16037599468034558,0.1638061066351903,0.15854661708509407,0.16243405640125275,822804000
2003-11-26,0.16510228637072952,0.16563554665826566,0.15953820513264377,0.16258688271045685,430032000
2003-11-28,0.1625109370965148,0.1629682781856503,0.16045287493540086,0.16182491183280945,206136000
2003-12-01,0.16365431780153503,0.16533094450202498,0.16174809369620194,0.1641116589307785,526980000
2003-12-02,0.16312016611478292,0.16677893683277834,0.16243414064203104,0.16342566907405853,574740000
2003-12-03,0.1638829608561158,0.16921837021494374,0.1613675441775147,0.16174806654453278,710028000
2003-12-04,0.16228227090469363,0.16517819687336804,0.1570986987667019,0.1609102338552475,521952000
2003-12-05,0.1570986782871355,0.16159623812909882,0.15443052365595625,0.15572664141654968,559848000
2003-12-08,0.15572668556381347,0.15847077371291382,0.15435464830426612,0.1568700522184372,340980000
2003-12-09,0.1565654021437928,0.15808927707908887,0.14863774411814892,0.14871366322040558,598128000
2003-12-10,0.14871368875617566,0.15282981328530815,0.14863776964088288,0.15199196338653564,568656000
2003-12-11,0.15191512883970137,0.16159626154686393,0.15161053914547196,0.1596900373697281,694872000
2003-12-12,0.16182488770071207,0.1628914215728917,0.15625989498933923,0.15885213017463684,700692000
2003-12-15,0.16350154842001094,0.1637302326086146,0.15519339378422664,0.15565073490142822,622752000
2003-12-16,0.15473600881991179,0.15877530027960823,0.15199193539256384,0.15778468549251556,601728000
2003-12-17,0.1564886315988709,0.15702280515559155,0.15214383554479796,0.15473607182502747,499116000
2003-12-18,0.15504060373715708,0.15984275284423752,0.15488785231929772,0.15824203193187714,436728000
2003-12-19,0.16220549805946988,0.16464499699319599,0.15885222972125201,0.160604789853096,916956000
2003-12-22,0.1582420671579483,0.16121482549266486,0.1566413595192571,0.16083340346813202,371184000
2003-12-23,0.16022421771532822,0.16898974166502087,0.16014738538078813,0.16738902032375336,722760000
2003-12-24,0.16731308433786754,0.16784635820445148,0.16571237678792197,0.16616971790790558,210852000
2003-12-26,0.16746494106519386,0.17432515403258195,0.1667789156794537,0.173334538936615,363960000
2003-12-29,0.17661189085328063,0.18126218951112527,0.17577402719998508,0.18065209686756134,756624000
2003-12-30,0.17874677397971894,0.18446360650411925,0.17859402252631562,0.18103350698947906,550884000
2003-12-31,0.18095665322790594,0.18179542993690695,0.17394460315587795,0.17684052884578705,497268000
2004-01-02,0.17966143642104113,0.1821000072193997,0.1759258210659027,0.1759258210659027,436416000
2004-01-05,0.17859398953598124,0.18286286507039684,0.17699326854683606,0.18164266645908356,575292000
2004-01-06,0.1811094103266414,0.19155247304381448,0.18027063359141124,0.18903706967830658,1093344000
2004-01-07,0.18690216767180257,0.1916283845450365,0.18560694945811954,0.19071368873119354,673032000
2004-01-08,0.19307631987307325,0.19399101558889928,0.18957030205742267,0.1913996934890747,433752000
2004-01-09,0.19010358084631007,0.19650643739590584,0.1885796922097856,0.19414377212524414,766584000
2004-01-12,0.19482979597103225,0.19696377706923837,0.19300040450398004,0.19635459780693054,541980000
2004-01-13,0.19536307679683462,0.19726930078089508,0.1841580835431908,0.18621614575386047,865800000
2004-01-14,0.18713086933799264,0.1897990244812999,0.18309157664104064,0.18484413623809814,544872000
2004-01-15,0.18347204185742624,0.1866734701622052,0.18019469444613115,0.18514959514141083,609204000
2004-01-16,0.18705495879060674,0.1895703625898306,0.18530148590285037,0.1879696547985077,451728000
2004-01-20,0.19025639502444397,0.193533743486087,0.1881224132073705,0.19322915375232697,487764000
2004-01-21,0.1916283762426765,0.19239032058948663,0.18400623403426772,0.18431082367897034,494460000
2004-01-22,0.18530147524403337,0.1882742336912127,0.17783208298439024,0.18004198372364044,605724000
2004-01-23,0.17912729294127175,0.18271015774220586,0.17562127410652445,0.17600269615650177,482472000
2004-01-26,0.17714602014917077,0.18370071506739943,0.17577398332138952,0.18293878436088562,393684000
2004-01-27,0.17928001692386128,0.1821768558870001,0.17112370072460392,0.1724957376718521,934104000
2004-01-28,0.17470662030048695,0.1774507089080371,0.17112376826462652,0.17203845083713531,615204000
2004-01-29,0.17257258967878297,0.1734104532914384,0.1612148299238822,0.16700759530067444,929700000
2004-01-30,0.1666270434106773,0.173410422657879,0.16563551530684162,0.16959980130195618,466464000
2004-02-02,0.17097185792869202,0.17569716160842183,0.16921838540677037,0.1723438948392868,560844000
2004-02-03,0.1718865778669573,0.17485933651781724,0.16944709316895884,0.1717338263988495,418032000
2004-02-04,0.16929435657493574,0.17066639390741534,0.16685578487303343,0.1670844554901123,436800000
2004-02-05,0.16799909390203782,0.17150511197991758,0.16693164668872035,0.16959980130195618,331980000
2004-02-06,0.17180973704468755,0.17592586210726063,0.17089504107189302,0.17348729074001312,471132000
2004-02-09,0.17478246775485334,0.17760338756008817,0.17219114533911226,0.17226706445217133,373992000
2004-02-10,0.17280125769828075,0.17874677444307235,0.17272442536625018,0.17859402298927307,509700000
2004-02-11,0.18088076266571051,0.18545422886549948,0.18027065640830475,0.18484413623809814,737808000
2004-02-12,0.1838535377933447,0.18484415297355627,0.17646006390172347,0.17928005754947662,974892000
2004-02-13,0.17455374475032515,0.1820999660206565,0.17302985642614058,0.1776033341884613,1747500000
2004-02-17,0.17828937452729937,0.18011876592873385,0.17584989067537685,0.1795845925807953,575976000
2004-02-18,0.18011876592873385,0.18103346162945108,0.1783652936298489,0.1795845925807953,320244000
2004-02-19,0.18179543375380067,0.18499686238155305,0.17912726534561554,0.17950870096683502,631032000
2004-02-20,0.17920419586434216,0.18446368960828732,0.17821266715590464,0.18400634825229645,618120000
2004-02-23,0.1837006730149701,0.18400618942571206,0.17516383710192995,0.1776033341884613,853332000
2004-02-24,0.1745538165146384,0.17676463039948695,0.1686082997942402,0.1705145239830017,708384000
2004-02-25,0.17158107230688796,0.17478250150577898,0.16967576117122957,0.1715051531791687,652512000
2004-02-26,0.1740205564645585,0.17432515981489338,0.17051453755459156,0.17264851927757263,344976000
2004-02-27,0.17302990027035414,0.17318175211931947,0.16700756579820217,0.16959980130195618,595548000
2004-03-01,0.16914249295539463,0.17241984112891054,0.16891382237258534,0.1721152514219284,506628000
2004-03-02,0.1723438956517329,0.1735631811335163,0.16822777127054253,0.168913796544075,813348000
2004-03-03,0.16845647352493393,0.16845647352493393,0.1639589263141013,0.166703000664711,552492000
2004-03-04,0.16837961414567207,0.1706663469472615,0.16700757719071896,0.17036175727844238,413352000
2004-03-05,0.16655026450217364,0.17302995575942196,0.16594108501073285,0.16914251446723938,354888000
2004-03-08,0.16921837323424635,0.17150510579741166,0.16197673996086173,0.16327285766601562,465168000
2004-03-09,0.16464489316158581,0.1647976445712904,0.15938540329175738,0.1621294766664505,371232000
2004-03-10,0.16319695198256318,0.16494951131242142,0.15862348648005545,0.15976685285568237,481692000
2004-03-11,0.15763191608531427,0.1632728273387045,0.15763191608531427,0.15854661166667938,526872000
2004-03-12,0.16068157734529626,0.16388300649413767,0.1589281044924893,0.1619008630514145,377952000
2004-03-15,0.16091019997915984,0.16159622517445726,0.15725143074090867,0.15824203193187714,421224000
2004-03-16,0.16022425976020277,0.16578835611745407,0.1591568120591502,0.16502641141414642,597504000
2004-03-17,0.16769358879218374,0.1706663468851695,0.1670075771299581,0.16906563937664032,524592000
2004-03-18,0.16815095044268139,0.17302991912364507,0.1676935956857274,0.17097187042236328,528048000
2004-03-19,0.1700571652315646,0.17180971094549014,0.16799910301291332,0.16898971796035767,452964000
2004-03-22,0.1663984249140334,0.1689897616481282,0.16388302094317042,0.167693629860878,576708000
2004-03-23,0.16998029578121968,0.17180967341934067,0.16647426464897688,0.16837957501411438,576036000
2004-03-24,0.16807500844852355,0.17874674066163404,0.16769357286124004,0.1759258210659027,787344000
2004-03-25,0.17790796135460926,0.18705490518217313,0.17760337171938267,0.18614020943641663,997128000
2004-03-26,0.1856069564819336,0.18850288225692896,0.18309155312117817,0.1856069564819336,551604000
2004-03-29,0.18827418188364403,0.1961259072319684,0.18789367315967131,0.19361050426959991,985764000
2004-03-30,0.19231440263873087,0.2003179668587841,0.1921616375804062,0.19940327107906342,724956000
2004-03-31,0.20039389502912985,0.20336665304014134,0.19932736098297005,0.2012326717376709,604752000
2004-04-01,0.20146137311419415,0.20557749812392848,0.19261903047059648,0.19764985144138336,1319508000
2004-04-02,0.20199461945921227,0.2032907372846963,0.1958972651114199,0.2004707306623459,649740000
2004-04-05,0.1994032590948484,0.20847428360777487,0.1994032590948484,0.20763550698757172,576744000
2004-04-06,0.20351941011010835,0.2049673798093592,0.1981840001011381,0.19925053417682648,624096000
2004-04-07,0.20077534963990867,0.20085126875963186,0.19467708160562502,0.19818401336669922,447864000
2004-04-08,0.2026047574985885,0.20580618682917556,0.20107996877914003,0.20382404327392578,447096000
2004-04-12,0.20542469783745526,0.20633939358109168,0.19879317073359257,0.20001336932182312,443784000
2004-04-13,0.2018428237880105,0.20199466204761055,0.19437251771574132,0.1953631192445755,442704000
2004-04-14,0.1943724549192697,0.200013367111034,0.19216162787572658,0.19635459780693054,512016000
2004-04-15,0.19368639887360478,0.19452517536831143,0.18522548172310493,0.18606425821781158,828084000
2004-04-16,0.18530145754052865,0.18537828986715155,0.17958462540367479,0.1799660474061966,654864000
2004-04-19,0.17981330820927277,0.1810335070463677,0.176535960147006,0.179737389087677,522804000
2004-04-20,0.1801947363544567,0.18217687973557614,0.17203840545746046,0.1721152514219284,513804000
2004-04-21,0.17280123593281765,0.17836531631740518,0.1710477770408982,0.1723438948392868,688812000
2004-04-22,0.1707432024839225,0.17623137830983476,0.16716035135496704,0.173334538936615,695520000
2004-04-23,0.17546847789756218,0.1801187753263554,0.1749352041018305,0.17714601755142212,443928000
2004-04-26,0.17752662076962958,0.17828946502244747,0.1697517101821886,0.17020906507968903,429912000
2004-04-27,0.17219118815595083,0.17676465479987857,0.16815098185635058,0.16876107454299927,494568000
2004-04-28,0.1688369708302244,0.17142922037996264,0.16677890839292467,0.16807503998279572,468768000
2004-04-29,0.16708445342206016,0.1682278201233091,0.16121485480617137,0.16342566907405853,645048000
2004-04-30,0.16251091262811254,0.1635015137687106,0.1558025401140625,0.15641264617443085,512928000
2004-05-03,0.15808932355136418,0.15969004489949593,0.1516864654188461,0.15443055331707,610668000
2004-05-04,0.15664135838939208,0.16624564504227426,0.15625993636761049,0.1642635017633438,772380000
2004-05-05,0.16441629983382386,0.16708446921236955,0.16304426238866201,0.1656355857849121,464280000
2004-05-06,0.16395891776135424,0.1683037132815152,0.16045289906412408,0.16700759530067444,711348000
2004-05-07,0.17188650335768363,0.1750879312177783,0.1673889579763762,0.16830365359783173,956772000
2004-05-10,0.1638061285406605,0.16555958727516065,0.158166115920205,0.16174806654453278,669072000
2004-05-11,0.16380613273324654,0.16731306392200698,0.1631201075069783,0.1657123565673828,399936000
2004-05-12,0.16479772001956225,0.1650263906338108,0.15770883556781373,0.16342566907405853,482328000
2004-05-13,0.16205355205241342,0.16693161983699387,0.1615962110488598,0.1639588624238968,347952000
2004-05-14,0.16464488755922674,0.1675417122450544,0.16312008588405993,0.1639588624238968,459000000
2004-05-17,0.16159626450203005,0.1637302460811734,0.15892809580539694,0.16136758029460907,308340000
2004-05-18,0.16281549628501324,0.16586417279538018,0.16220539024695318,0.1639588624238968,204420000
2004-05-19,0.16761768792281106,0.16998035372538142,0.16273963212160933,0.16357748210430145,498276000
2004-05-20,0.16327287585213565,0.16601696341158442,0.16037603685210142,0.16121481359004974,421488000
2004-05-21,0.1631201738749886,0.1633488445001158,0.15938548384470996,0.16159629821777344,282096000
2004-05-24,0.1612907024972885,0.16289142334800366,0.1591567215196723,0.16106203198432922,301620000
2004-05-25,0.1617481012173065,0.1688369708302244,0.15847075315206488,0.16807503998279572,681264000
2004-05-26,0.16807505338678652,0.17379188637409015,0.16708443825509772,0.1715051531791687,524568000
2004-05-27,0.1743251981584311,0.17691743484757627,0.1718097801940081,0.17203845083713531,556548000
2004-05-28,0.17417333779214217,0.17973741981614028,0.17280128684728177,0.1787468045949936,637980000
2004-06-01,0.17569718373864598,0.18042340122382103,0.175468513163078,0.17859402298927307,318420000
2004-06-02,0.18293879944431476,0.18377757616770324,0.17706920243093205,0.17722195386886597,643800000
2004-06-03,0.17729789708123828,0.1776793327528371,0.16815096472526492,0.16868513822555542,700824000
2004-06-04,0.172115248520873,0.1724957573456144,0.16685575705488803,0.16700759530067444,649608000
2004-06-07,0.16975160114513907,0.17295302885123004,0.16761762041104764,0.17104773223400116,571956000
2004-06-08,0.17005715080828893,0.17036174044701513,0.1654836720269588,0.16799908876419067,615000000
2004-06-09,0.1689897557304548,0.1692184263325246,0.15961413837554392,0.16014739871025085,498336000
2004-06-10,0.16273956727037792,0.1630441568508629,0.157098642386989,0.15854661166667938,564516000
2004-06-14,0.1577087699868454,0.1577087699868454,0.1523724475831051,0.15359264612197876,424752000
2004-06-15,0.15618398157048927,0.15824202986955818,0.154430509263122,0.15587937831878662,394584000
2004-06-16,0.15542208242393524,0.15641269751972056,0.15282983276141748,0.1534399390220642,252576000
2004-06-17,0.15244928302106694,0.1561839850272096,0.1496283635302554,0.15039122104644775,482376000
2004-06-18,0.15122905724105973,0.15481190676321557,0.14863772195050268,0.15061986446380615,534336000
2004-06-21,0.15084859083295543,0.15321124267265843,0.1469611370182007,0.14795175194740295,266568000
2004-06-22,0.14879053921220672,0.15282981790803807,0.14779901100248669,0.15214380621910095,430308000
2004-06-23,0.1516864807006817,0.15534526493358886,0.15130597182918132,0.15473607182502747,264660000
2004-06-24,0.1588521334154813,0.15938540717745078,0.1522206066966348,0.15336397290229797,590652000
2004-06-25,0.15443055102423417,0.1561840238057756,0.15260115911924593,0.15435463190078735,329124000
2004-06-28,0.15656540020634552,0.15709866033559738,0.15244927643493247,0.1530584692955017,299376000
2004-06-29,0.15397318907186736,0.15854666862163064,0.15336400969206102,0.15831799805164337,363852000
2004-06-30,0.15412601252687347,0.15847080952222944,0.15412601252687347,0.1560313105583191,329268000
2004-07-01,0.15778472080721548,0.15801339137234116,0.14863777553215832,0.1488664597272873,505620000
2004-07-02,0.15046720131120195,0.1505431204466577,0.1456650638385074,0.1468084305524826,294948000
2004-07-06,0.14505495354572112,0.14657974231632903,0.13659403191457556,0.138194739818573,575388000
2004-07-07,0.1399482069824831,0.14284504655548932,0.13819473404456206,0.13888075947761536,344136000
2004-07-08,0.13758554222588246,0.13987227529068713,0.13438411320915508,0.1346127837896347,430056000
2004-07-09,0.13446000552202492,0.13461275694864744,0.1263036763344479,0.12881909310817719,1114500000
2004-07-12,0.1252371483070494,0.12881909923726537,0.12416970106010099,0.12584634125232697,676044000
2004-07-13,0.1273711722070481,0.12958198655251982,0.1242456617424764,0.12561771273612976,567108000
2004-07-14,0.12119696334464879,0.124551157500213,0.11761411223508114,0.12005359679460526,901608000
2004-07-15,0.12127291044341396,0.12256902860619973,0.11845290308718492,0.11921484768390656,611352000
2004-07-16,0.12287360853458178,0.12302635999988319,0.11570880562067032,0.11570880562067032,464700000
2004-07-19,0.1160133953003423,0.11830012821875993,0.11441267407944795,0.11700492352247238,461088000
2004-07-20,0.1169281083008856,0.1198249481897899,0.11578474154111715,0.11936760693788528,341544000
2004-07-21,0.12119693702566535,0.12134970208193255,0.11174541015421877,0.112125925719738,613416000
2004-07-22,0.11342210018070892,0.11509874112789034,0.10976332209600824,0.11448954790830612,521460000
2004-07-23,0.11525145615803248,0.11540420761236368,0.11067798329572892,0.11143992096185684,371496000
2004-07-26,0.11288880764517727,0.11387942279435265,0.1072478936860182,0.10831534117460251,503208000
2004-07-27,0.10884858225790539,0.11220276217886455,0.10549439552194526,0.11189725250005722,789888000
2004-07-28,0.1116686044785383,0.11205003334515813,0.10595176479082571,0.10907727479934692,505116000
2004-07-29,0.11060204505754492,0.11906297077569426,0.11006786484984248,0.11624205112457275,747360000
2004-07-30,0.11479408169054439,0.1196721502297618,0.11456541115339226,0.11753816902637482,403956000
2004-08-02,0.11761409955685984,0.11952032361831598,0.11563286958921376,0.11906298249959946,420984000
2004-08-03,0.11959624471067341,0.1196721638283148,0.11197410159951003,0.11288879066705704,741540000
2004-08-04,0.11166862359033737,0.11517556306568213,0.11151678531195573,0.1141081154346466,507816000
2004-08-05,0.11532736978646911,0.11586154324605055,0.10900134450188238,0.11098257452249527,859920000
2004-08-06,0.07706298170475763,0.07774900027092692,0.07088879416422743,0.07187940925359726,5088948000
2004-08-09,0.07370879776906644,0.07675838872293896,0.07248951203972037,0.07508084177970886,1579212000
2004-08-10,0.07927381464383626,0.08178922574160732,0.07797768951087251,0.08102636784315109,2051916000
2004-08-11,0.07995982496106728,0.07995982496106728,0.07813043960108082,0.07866370677947998,963816000
2004-08-12,0.07889236103284455,0.0791210315997941,0.07668154722224974,0.0768342986702919,654384000
2004-08-13,0.07866368677843819,0.08056899078863351,0.07797766147974444,0.0800357237458229,815700000
2004-08-16,0.07912100211264281,0.08125498279880185,0.0786636611491875,0.0792737603187561,531732000
2004-08-17,0.08102633877408452,0.08407592922280278,0.08026440117449829,0.08361858129501343,744912000
2004-08-18,0.08399909507915579,0.08918265998363495,0.08331306979481926,0.08918265998363495,872424000
2004-08-19,0.08864937251478192,0.09025008632781395,0.08750599966404549,0.08887804299592972,724404000
2004-08-20,0.08842071836095845,0.09543276140648292,0.08811520868454478,0.09413755685091019,1199040000
2004-08-23,0.0956614504465425,0.09718624575447567,0.09512818337412189,0.09619563072919846,800028000
2004-08-24,0.09756765222091349,0.09802500010087084,0.09078337357401797,0.09261275827884674,939420000
2004-08-25,0.09467083521894708,0.09726216466618363,0.09291736253083203,0.09657613933086395,721308000
2004-08-26,0.09642428952337317,0.09741490442768247,0.09566143876494454,0.09680480509996414,612720000
2004-08-27,0.09688162375091071,0.10000621945368543,0.09680479144133428,0.09863417595624924,565128000
2004-08-30,0.09825368324114696,0.09878695026000729,0.0952809252536579,0.09535684436559677,628056000
2004-08-31,0.09573829198362928,0.09619563998046968,0.09200268248672007,0.09497543424367905,587064000
2004-09-01,0.09375612806661919,0.09817684197598729,0.09253684262130635,0.09680480509996414,591744000
2004-09-02,0.09726218499533175,0.10153106208853445,0.09634748890038913,0.10076911747455597,770088000
2004-09-03,0.09771952033042908,0.09970165692841826,0.0968816566901787,0.09771952033042908,715056000
2004-09-07,0.09832961085128487,0.10038767320280031,0.09459491497620183,0.0958901196718216,727332000
2004-09-08,0.09596695346472559,0.09680481704168235,0.09368022051259794,0.09390889108181,834984000
2004-09-09,0.09619563168749182,0.10496114155364714,0.09573828373007916,0.10328450798988342,1299324000
2004-09-10,0.10153102117252176,0.10778112620741809,0.10122642472876399,0.10724785923957825,1039344000
2004-09-13,0.10709511934315984,0.11143991456468562,0.10694328110780989,0.10930593311786652,967752000
2004-09-14,0.10831532344994009,0.11052522398419158,0.10747654669614047,0.10976327955722809,683556000
2004-09-15,0.10640912027846887,0.10671463004040956,0.10229299486820022,0.10366503894329071,1163904000
2004-09-16,0.10541849460303057,0.1086199236445542,0.1050370657475143,0.10755247622728348,810024000
2004-09-17,0.10839124031272941,0.11258328394415656,0.10747654446131362,0.11197409778833389,1003800000
2004-09-20,0.10976329823491082,0.11502279697738858,0.10839126101078848,0.11182136088609695,794628000
2004-09-21,0.11433674186034418,0.11570877872818779,0.11296469817749968,0.11479408293962479,503904000
2004-09-22,0.11174543289121343,0.11448951393675894,0.10892451951185324,0.10945869982242584,625920000
2004-09-23,0.11075387393517527,0.1110593835802717,0.10755244579937502,0.11044928431510925,578664000
2004-09-24,0.11090665742128052,0.11105940887111372,0.10549440790492082,0.10709512233734131,476316000
2004-09-27,0.10625727001718989,0.10747655566613126,0.10328451159766844,0.10518982261419296,406020000
2004-09-28,0.1049611483631668,0.1076293103454218,0.1035131920916719,0.10671462118625641,474840000
2004-09-29,0.10663777140168319,0.1123546104476389,0.10526573439225484,0.10930593311786652,537228000
2004-09-30,0.11052524331750127,0.11319340546389127,0.10846718065652113,0.11067799478769302,619680000
2004-10-01,0.11121122454520123,0.11586152184428916,0.1106779575793439,0.11525142937898636,590412000
2004-10-04,0.11624210915600335,0.120053631966225,0.11601343850500281,0.11852884292602539,673932000
2004-10-05,0.11563289426649007,0.11868157219516329,0.11479411733643731,0.11586156487464905,633180000
2004-10-06,0.11563290072238756,0.1168521865938512,0.11296473833308812,0.11631892621517181,498504000
2004-10-07,0.11845287966606168,0.12112103459762213,0.11639481731348512,0.11700492352247238,798072000
2004-10-08,0.11578470266238826,0.11624205739072707,0.10961052286983292,0.11060205101966858,693420000
2004-10-11,0.11075392365455627,0.11296473798009223,0.10877269997467506,0.11075392365455627,373848000
2004-10-12,0.10701921448448358,0.10999197309266465,0.10526574841762568,0.10915319621562958,827232000
2004-10-13,0.11243142576232405,0.11387938848532224,0.10755245100972395,0.10846714675426483,672816000
2004-10-14,0.10945869901590434,0.10945869901590434,0.10442787812363759,0.10518982261419296,513264000
2004-10-15,0.10541847160807104,0.10557122984801535,0.09970163333379373,0.10229296237230301,1280484000
2004-10-18,0.10168379975546311,0.10518982536296263,0.10084502972474292,0.10412237793207169,573972000
2004-10-19,0.10648590325285555,0.10755243707155354,0.10267437616119618,0.10343631356954575,618480000
2004-10-20,0.10313173736713842,0.1051138802792001,0.10252163807225617,0.10465653240680695,540204000
2004-10-21,0.10572309038122717,0.1083912523005073,0.10488522676238443,0.10701920837163925,1013964000
2004-10-22,0.10800983854252413,0.10823850915512548,0.10092096095684258,0.10122646391391754,686460000
2004-10-25,0.10038769220213402,0.10389371136003997,0.10015901477812977,0.10168381035327911,529164000
2004-10-26,0.11166856963540399,0.11578468665643273,0.10800979364948937,0.11044928431510925,2455776000
2004-10-27,0.10846716607776707,0.11555604232334592,0.10846716607776707,0.11349797993898392,1074036000
2004-10-28,0.11197413246189075,0.11433678512209787,0.11121127460436556,0.11227872222661972,561552000
2004-10-29,0.11121122075286771,0.11273601570410355,0.10930591026758915,0.11029652506113052,742860000
2004-11-01,0.11182133330713796,0.11273602910762608,0.11037337731057636,0.11266010999679565,653892000
2004-11-02,0.1123546059673606,0.11662348190098472,0.11143991012088193,0.11426082998514175,1095756000
2004-11-03,0.11891021638850485,0.11929165201750722,0.11471817272025508,0.1153273656964302,910356000
2004-11-04,0.1161661225232831,0.11891019600115563,0.11372663185127407,0.11746224015951157,995544000
2004-11-05,0.13567925749375725,0.1430736405159208,0.13293518449147876,0.1344599723815918,3849012000
2004-11-08,0.13301206557592693,0.13773736957859578,0.13240195937613847,0.13590797781944275,718620000
2004-11-09,0.13384987350872057,0.13705130126793766,0.13377395441514195,0.1350700855255127,615936000
2004-11-10,0.13491732049843386,0.13636528979596182,0.13430722812003665,0.1350700855255127,645912000
2004-11-11,0.13590800130394484,0.13773739337921143,0.13499330526631154,0.13773739337921143,507000000
2004-11-12,0.13987224573007337,0.14025275447693503,0.13659398507249307,0.13796602189540863,647076000
2004-11-15,0.13659398207550538,0.14101560892683465,0.1357561186527211,0.1400240808725357,536472000
2004-11-16,0.14048149013170588,0.14200627893832107,0.13697545723694576,0.1395667940378189,472728000
2004-11-17,0.14177756048900655,0.14566501416896377,0.1404055236260812,0.14193031191825867,602772000
2004-11-18,0.14314965091516724,0.14497904317025112,0.14017689190815763,0.14375975728034973,532524000
2004-11-19,0.15473603187001111,0.1564885911913191,0.14337827365214012,0.14452165365219116,2126052000
2004-11-22,0.1450549645132789,0.1486378163099289,0.14368292711611239,0.1486378163099289,733788000
2004-11-23,0.1474184929324455,0.15084860599854774,0.1461982941236738,0.1492478847503662,676896000
2004-11-24,0.1490951147568436,0.15229654322502728,0.14871367915463599,0.1498570591211319,428580000
2004-11-26,0.1505430587236284,0.15275387210968402,0.1492478542697787,0.15138183534145355,350760000
2004-11-29,0.152525192267647,0.15359263934329145,0.1471129509997307,0.14840906858444214,704388000
2004-11-30,0.14901926103151045,0.1491710993189147,0.14497905410580403,0.145817831158638,576540000
2004-12-01,0.14711297797513428,0.1494765430688858,0.14604644391392085,0.1494765430688858,514572000
2004-12-02,0.14802770166087376,0.1526011680613351,0.1468843350607584,0.1514578014612198,758652000
2004-12-03,0.15511660796048934,0.16007151120440635,0.15458334752042815,0.1580134481191635,1347312000
2004-12-06,0.15877533987617204,0.16685575123074897,0.1559553330142398,0.16555961966514587,970500000
2004-12-07,0.17523982897464416,0.19025637229189102,0.17180972945077688,0.17386779189109802,2927052000
2004-12-08,0.1763072566531862,0.17912724940882693,0.17455378424179271,0.1759258210659027,872724000
2004-12-09,0.17280123467537803,0.17615450142011202,0.16944705472050386,0.1743251234292984,869964000
2004-12-10,0.1783653268903497,0.1795846260686637,0.17661186789449063,0.17767931520938873,652848000
2004-12-13,0.1750111115688653,0.17729784397288362,0.17196243489018,0.172801211476326,738024000
2004-12-14,0.1729531405981323,0.17646008698918836,0.1726485508221508,0.1763073354959488,512988000
2004-12-15,0.17806076970287732,0.17844129219604493,0.17531669521833468,0.1779080182313919,432768000
2004-12-16,0.1830915469157526,0.18949440400794196,0.17996603748189668,0.18027062714099884,1524036000
2004-12-17,0.18362485291131075,0.18438679748414424,0.17371597514299827,0.17577403783798218,1214244000
2004-12-20,0.17783207852818803,0.1805761663252842,0.17295309595873265,0.17386779189109802,898728000
2004-12-21,0.17386777704067316,0.17638319404733172,0.16959981428101456,0.1751638948917389,899400000
2004-12-22,0.17866991569663188,0.17950869238313505,0.17501113250843958,0.17539256811141968,421824000
2004-12-23,0.17440197329402934,0.17783207270558787,0.17356319651090343,0.17584992945194244,366972000
2004-12-27,0.17828939590782314,0.1790513402847833,0.17341042761889053,0.1743251234292984,308208000
2004-12-28,0.17470653334890784,0.17607857015481518,0.17272439043145982,0.17341041564941406,291612000
2004-12-29,0.17287718889056397,0.17706923318526652,0.1724198477074958,0.1749352514743805,294732000
2004-12-30,0.175011162682534,0.1764600457635842,0.17348728731813803,0.17424923181533813,259812000
2004-12-31,0.17676458637609407,0.18049927465151208,0.17607856119305604,0.1795845925807953,575964000
2005-01-03,0.1858356572723761,0.1884269799794977,0.17897544461093606,0.179737389087677,1066716000
2005-01-04,0.1810335031222981,0.18133809281233873,0.1685323773272306,0.17127646505832672,790224000
2005-01-05,0.16944706345165925,0.17493522496689465,0.16853236759411955,0.17287716269493103,724812000
2005-01-06,0.1759258324279387,0.17798389461202274,0.16998033005280871,0.17120052874088287,563568000
2005-01-07,0.17158102781419263,0.17287714554132882,0.1654068416109306,0.1679222583770752,763092000
2005-01-10,0.16845640499972495,0.16998029343884952,0.16731303888040538,0.16830365359783173,579552000
2005-01-11,0.16670297135105158,0.16761766718374632,0.16060471744637,0.1631201207637787,1093380000
2005-01-12,0.16456897243482443,0.1651781653280787,0.15778469397312303,0.16174806654453278,1057800000
2005-01-13,0.16212955089317177,0.16769363291977873,0.1585466993097871,0.16342566907405853,898764000
2005-01-14,0.16647426520344072,0.16685570073972397,0.16235814165146012,0.1639588624238968,573912000
2005-01-18,0.16212947597409563,0.16693162480430154,0.1617480540564621,0.1665501892566681,464556000
2005-01-19,0.1673130394007109,0.16769354809169995,0.16205354978348538,0.1627395749092102,336492000
2005-01-20,0.15946135106300222,0.16708440696889662,0.15946135106300222,0.1631201207637787,640080000
2005-01-21,0.16334883672903147,0.16662709856355684,0.16281557636592361,0.16342566907405853,596352000
2005-01-24,0.16251097999004668,0.164873632430809,0.1559553561687371,0.1568700522184372,463704000
2005-01-25,0.15755605356391658,0.16182492979301866,0.15664135765412557,0.15961411595344543,439704000
2005-01-26,0.16014743187551062,0.16388304914320093,0.15748018917923243,0.16167223453521729,429120000
2005-01-27,0.1619767372986714,0.17539255645010557,0.16098612245694138,0.17463061213493347,1002912000
2005-01-28,0.17531667957530314,0.17600269132022509,0.17059044833461298,0.17440198361873627,671052000
2005-01-31,0.17584989982912974,0.17798388096187592,0.17226704957230782,0.17470653355121613,562968000
2005-02-01,0.17455378122699688,0.17874673757441978,0.1734872472711689,0.17798388004302979,507180000
2005-02-02,0.18499683524167845,0.18934162962551263,0.17973734515124754,0.18789367377758026,2035404000
2005-02-03,0.18591158092021942,0.1872076989104657,0.18332024452000467,0.18591158092021942,690120000
2005-02-04,0.18598744397754058,0.19711651624937113,0.18591152487698234,0.19658325612545013,806448000
2005-02-07,0.1968119878807223,0.20047075809615408,0.19246719228677012,0.19421973824501038,521628000
2005-02-08,0.19300048858436333,0.19925059639128684,0.19239039584620607,0.19612599909305573,455772000
2005-02-09,0.1966591688387352,0.197269261253406,0.18827417023941695,0.18926569819450378,783756000
2005-02-10,0.19025637089075964,0.19467708543621234,0.18957034553903682,0.19368647038936615,602376000
2005-02-11,0.1924671950042188,0.20077536426793158,0.19178116961601244,0.19932739436626434,556512000
2005-02-14,0.1992505712853057,0.20001342904450284,0.19437251510604894,0.19513444602489471,432900000
2005-02-15,0.19643056919257357,0.2031380171136093,0.19612596585034794,0.19688791036605835,748500000
2005-02-16,0.19627776511393094,0.19909868482030896,0.1926958278833173,0.1962018460035324,466464000
2005-02-17,0.19887005438314329,0.1989459735088517,0.1929245373298195,0.19444842636585236,1017408000
2005-02-18,0.2093890370919242,0.21571506296557183,0.20359535830698555,0.21548639237880707,3132120000
2005-02-22,0.21403841210951396,0.22326127692908265,0.21213310112215125,0.2182304561138153,1420800000
2005-02-23,0.21472446629519717,0.21739262169993445,0.2076355820869408,0.21114160120487213,1107840000
2005-02-24,0.20824566820824866,0.21701117857318417,0.20824566820824866,0.21670658886432648,695496000
2005-02-25,0.21701117655372246,0.2209745500931933,0.214648524348886,0.219831183552742,525132000
2005-02-28,0.21876466366102496,0.22105139689155626,0.21685843928534873,0.22097456455230713,758064000
2005-03-01,0.22196600902391303,0.22562477808403245,0.21823039402358108,0.22044120728969574,737148000
2005-03-02,0.2180018031040496,0.21922200204291145,0.21266639216136762,0.21396251022815704,947460000
2005-03-03,0.2134282705091574,0.21480030727835187,0.20794009617237796,0.2110656052827835,761292000
2005-03-04,0.21167571552309172,0.2135051070045085,0.20839745492967351,0.21015092730522156,593124000
2005-03-07,0.21106560743466152,0.21670653324776876,0.20961765154632261,0.2122848927974701,511176000
2005-03-08,0.2117516897757027,0.21220903095016228,0.20016525902257343,0.20153729617595673,1332384000
2005-03-09,0.20024206871149608,0.20397677133044323,0.19566860296413288,0.19627778232097626,910140000
2005-03-10,0.19688787125749646,0.19864134373766748,0.1930763366454351,0.1962018460035324,689280000
2005-03-11,0.19795535061342773,0.19825994031458435,0.19002769045086362,0.1917811632156372,732180000
2005-03-14,0.19574454868992983,0.19803128187446092,0.19437251150521215,0.1971925050020218,572148000
2005-03-15,0.1981840424055834,0.2000893536197441,0.19307638865025586,0.19322915375232697,378108000
2005-03-16,0.19246717969368496,0.19551585708530905,0.18987493022758337,0.18995176255702972,535356000
2005-03-17,0.1905609649441354,0.19124699031154807,0.18758820652535266,0.18804556131362915,442584000
2005-03-18,0.1881983815066689,0.18880847434395207,0.18080490574096403,0.18423500657081604,639012000
2005-03-21,0.1841581230747523,0.19101832282960005,0.18301475644894433,0.190560981631279,654456000
2005-03-22,0.19071374989980583,0.19246722297795338,0.18644487274931312,0.1871308982372284,622992000
2005-03-23,0.18690215957419232,0.19246715290822478,0.18652163719083853,0.19117103517055511,728784000
2005-03-24,0.19170431332633153,0.1968878851829417,0.1913997236530693,0.19155247509479523,865356000
2005-03-28,0.19162842966104518,0.19437251774862796,0.18758822347448656,0.18941761553287506,511188000
2005-03-29,0.18918888923729354,0.19132378360715396,0.1843867399052416,0.18522551655769348,587400000
2005-03-30,0.18530143566515633,0.18789368472997475,0.17889857897575465,0.18522551655769348,858708000
2005-03-31,0.18415807562665584,0.18545419338807975,0.18027062192250315,0.18110939860343933,518316000
2005-04-01,0.18332022046630334,0.18438675452571182,0.17828940020286718,0.1793559342622757,510756000
2005-04-04,0.1783652580337409,0.17889853169522457,0.1743250677343587,0.17828933894634247,421428000
2005-04-05,0.1783653235665748,0.18210002609882345,0.1740964475967323,0.1751638948917389,430128000
2005-04-06,0.17844127495028347,0.18141401974956442,0.1772219756673333,0.17783208191394806,567468000
2005-04-07,0.17874674683095618,0.18293879018539377,0.1756971565976189,0.18110939860343933,506352000
2005-04-08,0.1818714017379998,0.1859116081779934,0.17836536887127988,0.1787468045949936,621540000
2005-04-11,0.18004190496032257,0.18065201094370542,0.1747064966503436,0.17523975670337677,328380000
2005-04-12,0.17470656682788374,0.17767932516868615,0.17081911256452645,0.1773747354745865,512232000
2005-04-13,0.177603403711016,0.17806074485127438,0.16883696704587156,0.16998034715652466,498408000
2005-04-14,0.17036172043317188,0.17196242759608774,0.16799906902790823,0.16860824823379517,352080000
2005-04-15,0.16647426287261782,0.16769354809169995,0.1612147732553923,0.1627395749092102,630156000
2005-04-18,0.1617481364942184,0.16525506910982957,0.16083344036370265,0.16159629821777344,473100000
2005-04-19,0.16426349542070606,0.1684564523876863,0.16350155098680355,0.16723625361919403,365460000
2005-04-20,0.17005713444111883,0.17112366830905623,0.16197672525674592,0.1621294766664505,564672000
2005-04-21,0.16540691044449135,0.17173385070685138,0.16395895389872733,0.17112375795841217,538152000
2005-04-22,0.17005720279199638,0.1712005694293371,0.16754178528584246,0.16952301561832428,336276000
2005-04-25,0.17097182797117272,0.17348723080485037,0.1701330514132846,0.17219111323356628,318168000
2005-04-26,0.17226705049564484,0.17584990077167056,0.1679222558902851,0.17142918705940247,353148000
2005-04-27,0.16693178300302,0.1675418760074107,0.16144360381600628,0.16487371921539307,609348000
2005-04-28,0.1643403485147183,0.16761769680685865,0.16273964074711092,0.16540688276290894,372948000
2005-04-29,0.16700761053523788,0.16830372863431153,0.15946138533132242,0.16716036200523376,478356000
2005-05-02,0.16914243805058493,0.17104774847876375,0.16403478640227445,0.1665501892566681,334908000
2005-05-03,0.16670303345242943,0.16975171175040513,0.16494957387733494,0.1656355857849121,439512000
2005-05-04,0.1663984061639902,0.1721152525517766,0.16586423266040146,0.1708950400352478,468816000
2005-05-05,0.17188656598981922,0.17638321342966562,0.17097188366507046,0.17424923181533813,619272000
2005-05-06,0.17630729572116238,0.17668871776296394,0.17226708983098157,0.17661188542842865,355728000
2005-05-09,0.1773747519934543,0.18110944152244265,0.1763073045193124,0.17989015579223633,745332000
2005-05-10,0.1776033934239481,0.17767931253951377,0.17089501953853306,0.17287716269493103,735120000
2005-05-11,0.17379186861876852,0.17455381307912268,0.16967574383642886,0.16998034715652466,555420000
2005-05-12,0.16998028840281804,0.17600262162477773,0.169828436585376,0.17371588945388794,835584000
2005-05-13,0.18941752882879556,0.19414374465136533,0.18141395245941105,0.19307629764080048,2650320000
2005-05-16,0.19078961874710013,0.19505849477238754,0.19071369963082235,0.1937623769044876,664104000
2005-05-17,0.19261901996555147,0.1968119770810583,0.1924671817255181,0.19589728116989136,639804000
2005-05-18,0.1954399445478615,0.197802596685418,0.19338188210765464,0.19734524190425873,550056000
2005-05-19,0.1978025637497372,0.19864134042061696,0.19475388676307245,0.19696378707885742,452880000
2005-05-20,0.19673512862364637,0.2005466497761392,0.19444839584818338,0.2004707306623459,517008000
2005-05-23,0.20184282759858072,0.20717823877358055,0.20123272128758163,0.20512017607688904,703668000
2005-05-24,0.20412956652124664,0.20877895238206207,0.20313803810602218,0.2080170214176178,522192000
2005-05-25,0.2075596936174419,0.20862622809458764,0.20336673522051776,0.2053488790988922,535272000
2005-05-26,0.20717824087415268,0.2127423227096421,0.20679680516336182,0.21114160120487213,788784000
2005-05-27,0.2117516753690455,0.2117516753690455,0.2075596314384588,0.20976953208446503,322740000
2005-05-31,0.20885484002792626,0.2106083127732432,0.20313800748044566,0.20656810700893402,763176000
2005-06-01,0.20519601799490492,0.21228488583381142,0.20275744734928108,0.2084742784500122,796632000
2005-06-02,0.20771140322684128,0.21624915301799774,0.20771140322684128,0.21624915301799774,684348000
2005-06-03,0.2154863503528368,0.21746847975166636,0.21342828821332566,0.21571502089500427,559620000
2005-06-06,0.21182755551988308,0.21602051188934338,0.21167571730686605,0.213656947016716,512892000
2005-06-07,0.2122089667311457,0.21571499812425055,0.2077114209532265,0.2084742784500122,974136000
2005-06-08,0.20900756801580397,0.211904406945377,0.2048155381083984,0.2070254385471344,618720000
2005-06-09,0.2054247101974485,0.2157918532158124,0.20519603965528102,0.21571502089500427,619908000
2005-06-10,0.2154863750105411,0.21571504557887491,0.21182759139718596,0.2132764607667923,465096000
2005-06-13,0.21342830232717627,0.22402411658840074,0.21281910935119458,0.21800176799297333,1409916000
2005-06-14,0.21807864493803147,0.2216605831516487,0.1982599625445822,0.20512017607688904,2408412000
2005-06-15,0.2038240375136567,0.20542475894871504,0.19643057751899518,0.20451006293296814,1669788000
2005-06-16,0.2044341113819176,0.20694951480378573,0.20146135320970796,0.20557747781276703,489240000
2005-06-17,0.2080929348198885,0.20847435689680638,0.20458690210749897,0.20512017607688904,456348000
2005-06-20,0.20512015494118882,0.20961770194805981,0.20176597446688818,0.2082456648349762,606060000
2005-06-21,0.20961771524964,0.21121843667481707,0.20763557176264338,0.210226908326149,428172000
2005-06-22,0.2124376732443066,0.2138856292375864,0.20740685316802546,0.20999817550182343,700668000
2005-06-23,0.20961769078344064,0.21586779702784178,0.20885483311883576,0.2132764607667923,836976000
2005-06-24,0.2128950127002616,0.2129709318103393,0.20534878945855545,0.20649215579032898,475632000
2005-06-27,0.20519604551182902,0.2068735853056905,0.20298614508788526,0.20481553673744202,354588000
2005-06-28,0.2056534206676005,0.20748281262012394,0.2033666875419485,0.20611077547073364,262308000
2005-06-29,0.20618761174856962,0.2065681205932479,0.20252882777357029,0.2042054682970047,283572000
2005-06-30,0.2055774815315204,0.20748279242400272,0.20207146305889442,0.20367217063903809,593232000
2005-07-01,0.20298617074572944,0.2048914817489677,0.20047075350213472,0.20458687841892242,315168000
2005-07-05,0.20534881904910257,0.20862616708640896,0.20336667575036277,0.20778830349445343,388440000
2005-07-06,0.20847428411687405,0.21426703447773257,0.20611071929963615,0.21335235238075256,703632000
2005-07-07,0.20999818448534147,0.2134282972836348,0.20931217282968478,0.2118275761604309,465900000
2005-07-08,0.21312366807466235,0.2151817300514027,0.21037959452567578,0.2144957184791565,408132000
2005-07-11,0.21640107152340185,0.21990801712878555,0.21548638918987903,0.21769720315933228,399492000
2005-07-12,0.21754448114153566,0.21815458751811342,0.21205631790378565,0.21647796034812927,564252000
2005-07-13,0.21739258797197264,0.2180017809842577,0.21312371172477174,0.21678249537944794,594780000
2005-07-14,0.2190691931568625,0.22333806871830184,0.20687357217715913,0.20717817544937134,1871496000
2005-07-15,0.206568147146977,0.20717825350134697,0.20138548707639756,0.2049674391746521,1223352000
2005-07-18,0.2043582092013827,0.20443412832433078,0.19780259974981776,0.19986066222190857,1044900000
2005-07-19,0.20107987831878413,0.20306202098232198,0.1995560034952564,0.20260466635227203,517896000
2005-07-20,0.20024209891945685,0.20649220591632672,0.19749802450907677,0.20565342903137207,526500000
2005-07-21,0.20298618620169948,0.20390088221174488,0.1979553649614524,0.20214740931987762,594528000
2005-07-22,0.2031380171136093,0.2060348565057956,0.19543995409012074,0.19688791036605835,699264000
2005-07-25,0.1946011914244304,0.20412956030676144,0.1937624145117907,0.19803129136562347,974952000
2005-07-26,0.19719250720785408,0.20245199904311123,0.1964305762946003,0.20214740931987762,759492000
2005-07-27,0.20245200652741888,0.2071782382191531,0.1990219065854475,0.20626354217529297,807828000
2005-07-28,0.20588202255384,0.20885478007721645,0.20306203007063706,0.2078641653060913,411240000
2005-07-29,0.20702548674671958,0.20923630091033704,0.2045869015600062,0.20626354217529297,351660000
2005-08-01,0.2074828509960407,0.21030377178230714,0.2061108135928791,0.2093890756368637,389040000
2005-08-02,0.2096176934210189,0.21289504142830812,0.2093121905192411,0.21220901608467102,422652000
2005-08-03,0.21220901608467102,0.2141911593652564,0.210303718764656,0.21220901608467102,518256000
2005-08-04,0.21060828164747675,0.21152297744589166,0.20954083441761692,0.20999817550182343,356424000
2005-08-05,0.2096936065939344,0.21579187450337364,0.20824565045740911,0.21533451974391937,684096000
2005-08-08,0.21678244128733473,0.22082264595549697,0.21457162799003612,0.2160964161157608,725544000
2005-08-09,0.21640105781053584,0.21693524490810695,0.21319962895606046,0.21556320786476135,291900000
2005-08-10,0.2164778924325319,0.21754441289133888,0.21015095417449936,0.21236176788806915,440556000
2005-08-11,0.21236177514248125,0.2157150421749861,0.2103037127999452,0.21533451974391937,701556000
2005-08-12,0.22798748936017982,0.2302742223263997,0.22021259454903144,0.2282920926809311,2295420000
2005-08-15,0.22905486127875074,0.23644834526357494,0.2261580366749283,0.23408569395542145,882804000
2005-08-16,0.23187492106758595,0.2339329695123856,0.2284448085229164,0.230121448636055,637488000
2005-08-17,0.22913082012784913,0.2329423682641827,0.22897808233116565,0.230121448636055,607572000
2005-08-18,0.22836893197611993,0.2295122848640964,0.22318535966384997,0.22417597472667694,822732000
2005-08-19,0.22455737553516872,0.22524340083311828,0.22188922071864223,0.22257523238658905,422232000
2005-08-22,0.2221947445885139,0.2257766823871372,0.21815453879445185,0.22074586153030396,547224000
2005-08-23,0.22051719248918458,0.2233381126625479,0.21975526162869105,0.22219474613666534,254460000
2005-08-24,0.22074586762197243,0.2270728066264639,0.21967934703733624,0.22234658896923065,514620000
2005-08-25,0.2233380900610385,0.22509064944385287,0.2214318660272893,0.2238713502883911,296484000
2005-08-26,0.2240999899798152,0.2240999899798152,0.2183072263337936,0.22044120728969574,323436000
2005-08-29,0.21838320870505018,0.22105137739546463,0.21662974958217976,0.22082270681858063,343392000
2005-08-30,0.22044122714548917,0.22928358142640234,0.22013663750721144,0.22874939441680908,948852000
2005-08-31,0.22821623991076861,0.23675306803584378,0.22753021436945103,0.2338571548461914,906804000
2005-09-01,0.2331710721610448,0.23606698464098852,0.23195088692185584,0.23393301665782928,556884000
2005-09-02,0.23439031058234072,0.23439031058234072,0.2293595042928282,0.230121448636055,469800000
2005-09-06,0.2309602917198425,0.23324702512221618,0.22745427248167532,0.23202773928642273,423096000
2005-09-07,0.23172225696094365,0.24003132756839435,0.23111307740901357,0.23942124843597412,588012000
2005-09-08,0.23797319632481445,0.24521391719813648,0.23797319632481445,0.24224115908145905,646116000
2005-09-09,0.2448334471031987,0.24589999504519455,0.24086915996032982,0.24536670744419098,454236000
2005-09-12,0.24559533856980367,0.24635728298079876,0.24163197912438192,0.2445278912782669,556584000
2005-09-13,0.24338452758907236,0.2531415651315687,0.24338452758907236,0.25192227959632874,854724000
2005-09-14,0.25001607871750064,0.25337025898764043,0.24772931853154104,0.24887271225452423,503448000
2005-09-15,0.25268427221496437,0.2561143721272929,0.2511594835049206,0.2532943785190582,759756000
2005-09-16,0.2554282611942038,0.25680031160387784,0.25138805633014527,0.25344613194465637,519828000
2005-09-19,0.2531415697664318,0.25398033289737215,0.24849218488802227,0.24986423552036285,428316000
2005-09-20,0.25176956560680597,0.2575623452547598,0.2514649895012508,0.2547423243522644,522192000
2005-09-21,0.2537516513453187,0.2587824577424481,0.2503215523572754,0.2525314390659332,625656000
2005-09-22,0.2531415152523662,0.2531415152523662,0.24125048502616642,0.24574805796146393,739152000
2005-09-23,0.24521387526692381,0.25146489331268285,0.2431557997257648,0.24932999908924103,314640000
2005-09-26,0.2512363538848438,0.2531416654789743,0.24673880554048208,0.25138819217681885,406776000
2005-09-27,0.25245557589631007,0.25466638993497154,0.2503216078247142,0.25222691893577576,404160000
2005-09-28,0.25298885353746453,0.2544377504070444,0.25009294073909616,0.2537517249584198,353556000
2005-09-29,0.2538276654170421,0.25916307709003916,0.251769588898248,0.25901123881340027,513372000
2005-09-30,0.2591631349010583,0.2636606837944113,0.2586298743929469,0.2612980306148529,458832000
2005-10-03,0.2643465926560106,0.2703680285179792,0.26221259746574543,0.2684627175331116,549888000
2005-10-04,0.2696060677898174,0.2740267684675651,0.2643465767227556,0.26495668292045593,514476000
2005-10-05,0.26526134512361504,0.26526134512361504,0.25458962170894217,0.25619032979011536,599184000
2005-10-06,0.2558856562754416,0.25984904329136543,0.2475774874781336,0.25527557730674744,685512000
2005-10-07,0.2557330397065257,0.25832527683239376,0.25001620451517176,0.25199833512306213,551952000
2005-10-10,0.25329423247458077,0.25375157341386195,0.24551932746682043,0.24559524655342102,459216000
2005-10-11,0.24651006758958174,0.24864406299760378,0.23972578697717972,0.2425467073917389,540048000
2005-10-12,0.24186064655162223,0.24917821367948864,0.24155514365781514,0.24544258415699005,657660000
2005-10-13,0.2449093346045396,0.24529075663334668,0.23477177387262854,0.244147390127182,509304000
2005-10-14,0.2458999632871332,0.24894954035707678,0.24010718437464482,0.244147390127182,311256000
2005-10-17,0.2442993036739392,0.24894961709394403,0.2442993036739392,0.2465101182460785,243912000
2005-10-18,0.2474247171172943,0.24788205820361006,0.24086909506671028,0.24246980249881744,299832000
2005-10-19,0.2393452380084953,0.24079318040520695,0.23256093165938738,0.24041175842285156,635952000
2005-10-20,0.24079309586509218,0.24712003163810323,0.23972564898535462,0.24208922684192657,359520000
2005-10-21,0.2462055046643448,0.24696744926075762,0.24178387619211295,0.24346143007278442,298368000
2005-10-24,0.24559537643647678,0.25009292364120483,0.24338456239748793,0.25009292364120483,291012000
2005-10-25,0.24841531579337944,0.25245552093681173,0.2473487954099259,0.25169357657432556,334680000
2005-10-26,0.2517696503699663,0.2523029381493448,0.2444521067898673,0.24483352899551392,415344000
2005-10-27,0.24529079349219202,0.2460527380840439,0.2389638537766021,0.23972579836845398,227784000
2005-10-28,0.24033587673855678,0.2475774980501831,0.23439035980066503,0.24712015688419342,464640000
2005-10-31,0.24811075122667847,0.25748636650059015,0.24811075122667847,0.2557328939437866,432420000
2005-11-01,0.25573298607251294,0.2576391971236312,0.2506262312101386,0.25260838866233826,400488000
2005-11-02,0.25268414297212405,0.26754790165636827,0.2515407769194899,0.26724332571029663,523668000
2005-11-03,0.2690727509278547,0.270596612211119,0.2619838695996308,0.2641178369522095,465072000
2005-11-04,0.2642706805947883,0.2648798600052726,0.2568762942426379,0.2596203684806824,570276000
2005-11-07,0.260992359488399,0.26190704160503964,0.25741042244827056,0.25847694277763367,370824000
2005-11-08,0.25946851323881664,0.25969719743534575,0.2525314685040273,0.25367483496665955,538968000
2005-11-09,0.25420904958101115,0.266786109291646,0.2513122101313021,0.26510855555534363,818880000
2005-11-10,0.2743323125561624,0.28027780198016133,0.2503215888769104,0.25527557730674744,2503620000
2005-11-11,0.2574863663686946,0.2625171730150438,0.25634299998270593,0.2594684958457947,545928000
2005-11-14,0.2595444267789152,0.2667860746733478,0.25558106722438895,0.26495668292045593,493668000
2005-11-15,0.2665572807788122,0.2690726968113078,0.2647278897788149,0.26556575298309326,496200000
2005-11-16,0.2658713319519762,0.2673193015178888,0.2594684752467574,0.2646511197090149,455280000
2005-11-17,0.2668621056106854,0.27661914740122157,0.2637365810356048,0.2763904631137848,703260000
2005-11-18,0.27730509635874834,0.2795918570458184,0.27044489607757627,0.27585622668266296,465768000
2005-11-21,0.27616173035944175,0.2811925657199891,0.27433236542107486,0.28073522448539734,454704000
2005-11-22,0.2821830565371747,0.29094856472867325,0.27997224310781105,0.28820449113845825,731700000
2005-11-23,0.28850996499725184,0.29155864154452205,0.2858418107809038,0.2873665988445282,411948000
2005-11-25,0.28873873339707734,0.29064404434766833,0.2867565764858929,0.29018670320510864,116676000
2005-11-28,0.2909485244459398,0.2934639407903709,0.28355506770319705,0.2887386381626129,424524000
2005-11-29,0.27166415572648067,0.2793631458565451,0.2692246846834207,0.2704448699951172,1043136000
2005-11-30,0.2685386235596804,0.2769236107286717,0.2684627044416717,0.27555158734321594,575448000
2005-12-01,0.27783840665776366,0.2801251402714066,0.2748656475080249,0.27882900834083557,562032000
2005-12-02,0.28012503481039147,0.28081106008821366,0.275170120059404,0.2789057493209839,334476000
2005-12-05,0.2795148922211358,0.2795148922211358,0.27280743264322577,0.2737221419811249,387708000
2005-12-06,0.2741795423473067,0.278600270427032,0.2737981203289708,0.2748655676841736,375252000
2005-12-07,0.2759330800893035,0.2776097072168182,0.27059674163550473,0.27532297372817993,352668000
2005-12-08,0.273874872689095,0.2774568367449298,0.26998743306849854,0.273112028837204,386664000
2005-12-09,0.2739508263222863,0.27738095260812806,0.270139305322424,0.27699950337409973,262896000
2005-12-12,0.2777624102307349,0.2816498508402723,0.27730504182725385,0.2810397446155548,281136000
2005-12-13,0.2815727865340407,0.2871378036811041,0.27951473935431714,0.2846983075141907,443412000
2005-12-14,0.2825645635157039,0.2839366143536899,0.2786771224880906,0.2820304036140442,287472000
2005-12-15,0.2818016559932131,0.28393655047892435,0.27555156401966463,0.2784484028816223,332724000
2005-12-16,0.27943900824896356,0.2821071629749526,0.2767708535229745,0.2808869779109955,1065600000
2005-12-19,0.2814971592805448,0.2835552358537165,0.275551668342527,0.2762376666069031,292296000
2005-12-20,0.275932942493828,0.28012498527246504,0.2724259980316996,0.2760847806930542,304356000
2005-12-21,0.2773809791171635,0.2796677120195963,0.2730361702465373,0.27555158734321594,289380000
2005-12-22,0.27532286032808323,0.2842411336165185,0.27524694122188226,0.2839365303516388,318336000
2005-12-23,0.2846985219870735,0.28652791378051745,0.2827932110748118,0.28614649176597595,214536000
2005-12-27,0.28584186285780183,0.2910254344585251,0.28492718067297873,0.287899911403656,367968000
2005-12-28,0.2878999902385918,0.29148285536695945,0.28607062536801514,0.29056817293167114,264420000
2005-12-29,0.2904153716959784,0.29133008127748233,0.282869147133611,0.2840884327888489,310464000
2005-12-30,0.28248760715610854,0.28256442582767743,0.27753362063982395,0.27867698669433594,229608000
2006-01-03,0.28027774187300475,0.29346397715129396,0.279363059776243,0.2913300096988678,472812000
2006-01-04,0.29354085039046823,0.2999437074431649,0.2904912464576587,0.29948633909225464,510072000
2006-01-05,0.2995623035450599,0.30680395202388094,0.29902904326167046,0.3062697649002075,646092000
2006-01-06,0.3097766868623279,0.31244394217643107,0.2976569971119162,0.3113005757331848,623388000
2006-01-09,0.311148760346216,0.32166774422208166,0.31046276217779883,0.31999021768569946,560484000
2006-01-10,0.3184663105348154,0.32006701827049255,0.31442610458275966,0.32006701827049255,339660000
2006-01-11,0.32037150885536764,0.3334817967284694,0.3198382487445967,0.33165243268013,626304000
2006-01-12,0.3315766274572311,0.33668335396269006,0.32456366305008993,0.32692721486091614,495504000
2006-01-13,0.3261643673158486,0.3288325224377414,0.3194569058994185,0.32403039932250977,421296000
2006-01-17,0.31960968183778554,0.3239544911962176,0.31534079160588585,0.323801726102829,329232000
2006-01-18,0.31396861676806365,0.32654564308276557,0.3109958596416803,0.325478196144104,459948000
2006-01-19,0.3298231032130811,0.34804104609361974,0.329213923889404,0.34354349970817566,914760000
2006-01-20,0.3440777449462263,0.34804110495100177,0.3338633649604679,0.3339392840862274,461604000
2006-01-23,0.33653146590835015,0.3386654336084865,0.3319580003736516,0.3358454406261444,334884000
2006-01-24,0.3366074666612176,0.3445351141561541,0.3356927842364366,0.33752214908599854,388896000
2006-01-25,0.33919875250676623,0.3414095663654008,0.3305091617338366,0.3345493674278259,400236000
2006-01-26,0.3394274348485179,0.34628766155946067,0.33729346679100347,0.3459830582141876,448836000
2006-01-27,0.35048065817320856,0.3564261761634544,0.34758381831575774,0.35253873467445374,385044000
2006-01-30,0.3540626395019786,0.35444406165736486,0.34697375390722857,0.3485744893550873,315780000
2006-01-31,0.3468219124305812,0.3487272240289165,0.340037630326073,0.34270578622817993,384456000
2006-02-01,0.336531365734611,0.34430627118528134,0.33523523466953675,0.3429342210292816,450852000
2006-02-02,0.3460589692006485,0.3462876534143044,0.33195804815894336,0.33249130845069885,473736000
2006-02-03,0.3303572628254398,0.3396560312756812,0.3292898156524286,0.33553990721702576,504252000
2006-02-06,0.33462525333519955,0.3453728918186434,0.33317728366684257,0.34499236941337585,363468000
2006-02-07,0.3456784353159299,0.3456784353159299,0.33256721658622396,0.33271998167037964,399408000
2006-02-08,0.33371058503716444,0.34232425689697266,0.33371058503716444,0.34232425689697266,393072000
2006-02-09,0.343391810521822,0.3487272227255478,0.334396713846867,0.3365316092967987,437100000
2006-02-10,0.33775076997151726,0.33927555842695367,0.3267744466328774,0.3346252739429474,414996000
2006-02-13,0.33355884427319454,0.33813231167828817,0.3312721105706477,0.33576875925064087,280740000
2006-02-14,0.3357686146851186,0.3375979790515085,0.3319579932085596,0.33637869358062744,342348000
2006-02-15,0.3356926764728189,0.34377215963796454,0.33485388618923084,0.3428574502468109,493296000
2006-02-16,0.34926034611972134,0.36054219936942394,0.34689769415926847,0.35977932810783386,1305888000
2006-02-17,0.38622953006978533,0.3866109520527219,0.3597793112653683,0.36183738708496094,2356956000
2006-02-21,0.36107547576492466,0.36168558198146605,0.35101383444330375,0.3541393578052521,684060000
2006-02-22,0.34910854610333986,0.35634926784967513,0.340723558229369,0.35352927446365356,939756000
2006-02-23,0.35246180284173434,0.35482538173884065,0.34712639251386007,0.34811699390411377,385128000
2006-02-24,0.34964182231135227,0.353833866322192,0.3462117227805944,0.3480410873889923,416412000
2006-02-27,0.3507091981205005,0.3643527747567118,0.3470504151304406,0.3621428608894348,666468000
2006-02-28,0.3605422066741553,0.36359088400168826,0.35574005669967873,0.35924607515335083,563316000
2006-03-01,0.36054227492277163,0.37502461944524024,0.358255541599204,0.3728906512260437,703932000
2006-03-02,0.3725091647838743,0.37868336595057356,0.3686217239729958,0.37342387437820435,545460000
2006-03-03,0.3699937145225609,0.3811987212245676,0.36930768925345775,0.37471991777420044,595800000
2006-03-06,0.38203747808164373,0.3845528949407576,0.3721276761268692,0.3739570677280426,529020000
2006-03-07,0.3740340419332007,0.3769299549196285,0.36016087599556534,0.36755433678627014,606204000
2006-03-08,0.3676310993953592,0.3695364103286217,0.35261457012775677,0.3657248616218567,670800000
2006-03-09,0.37014643750340004,0.37632063741806265,0.3674023637968851,0.36763104796409607,536700000
2006-03-10,0.3672496358198187,0.3718990479224981,0.3579499665542738,0.36122822761535645,521580000
2006-03-13,0.36488699346030706,0.3673255646209849,0.36214291940437665,0.3655730187892914,372132000
2006-03-14,0.3658776198122004,0.37723536523872897,0.3645055691628274,0.3757105767726898,627792000
2006-03-15,0.3764725549897287,0.3822662337403159,0.37502458509223024,0.3817320466041565,510600000
2006-03-16,0.3824181456824918,0.3828754869414394,0.36747843117692025,0.36877456307411194,568416000
2006-03-17,0.36702096509868465,0.3727377970413423,0.3615327900777303,0.3717471957206726,618588000
2006-03-20,0.3750246922830514,0.37510061142978685,0.3685459131347521,0.36892643570899963,293772000
2006-03-21,0.3871442377567291,0.3940803827980185,0.3770067048363623,0.3871442377567291,1235472000
2006-03-22,0.3773112307923109,0.3791406223117649,0.36755419433519526,0.3760151267051697,1158576000
2006-03-23,0.37731128748273784,0.3845529355411528,0.3730424249425944,0.383028119802475,661992000
2006-03-24,0.38401882218597844,0.3966727016782227,0.38340964269772104,0.3959866762161255,687936000
2006-03-27,0.3962912391253164,0.40696296027502077,0.3949951074669005,0.40665745735168457,651444000
2006-03-28,0.4048280822037616,0.4183198246075939,0.40399021852556155,0.41290849447250366,795204000
2006-03-29,0.41466101021699364,0.4358517412751924,0.4112309106251437,0.4350897967815399,987096000
2006-03-30,0.43554716103498237,0.44042523074949713,0.4276954331509201,0.4380625784397125,1063308000
2006-03-31,0.4377569810613839,0.4438552347590362,0.43379359457097877,0.43646177649497986,835560000
2006-04-03,0.43874857114913096,0.44743816204696735,0.433260395564178,0.4413398802280426,968916000
2006-04-04,0.4419500007567567,0.46268249129921135,0.4414926595915533,0.461996465921402,1200612000
2006-04-05,0.4611586606770134,0.4680188608035755,0.4513256744502599,0.4657321274280548,1112976000
2006-04-06,0.46451195481693663,0.47015286960838965,0.45810906810139973,0.46664685010910034,789312000
2006-04-07,0.46466431964338123,0.4687804147203095,0.45627930998013183,0.4654262363910675,682674000
2006-04-10,0.46436002973855395,0.4671041313208626,0.4538410463663958,0.4573470652103424,634230000
2006-04-11,0.45887188972437704,0.45887188972437704,0.4434739095871958,0.44621798396110535,702072000
2006-04-12,0.44911478339723404,0.46664673006458357,0.4466752853310941,0.4642072319984436,598308000
2006-04-13,0.454298371936525,0.45948101747817155,0.4494194028887267,0.45124879479408264,738360000
2006-04-17,0.450486861497768,0.4637499463263181,0.4488102073779325,0.45246899127960205,443868000
2006-04-18,0.4443884456860741,0.4445412107311227,0.4297533417424157,0.441797137260437,1165488000
2006-04-19,0.4390530710658544,0.4494193142038494,0.4329548175646291,0.44454124569892883,517476000
2006-04-20,0.4405779387878343,0.4518588381443592,0.43326037174354975,0.4439311921596527,552684000
2006-04-21,0.44530324781819003,0.4471326395998956,0.42274139433064467,0.4279240667819977,770016000
2006-04-24,0.43066818516504757,0.44530329366547833,0.42304604119992945,0.44103533029556274,676848000
2006-04-25,0.43600446540584414,0.44179724426024825,0.42838142238767823,0.4407297968864441,719766000
2006-04-26,0.44240722202588667,0.44911468163769186,0.4329547893264778,0.43768101930618286,330528000
2006-04-27,0.43600451260045386,0.4488102296312326,0.42655207671560247,0.4446941316127777,462966000
2006-04-28,0.4449986868107149,0.4510969689429055,0.4411871650680637,0.44545602798461914,284736000
2006-05-01,0.4485046181712009,0.47975698589395427,0.4485046181712009,0.4710673689842224,902472000
2006-05-02,0.4745734427522777,0.4802143560118212,0.4623778607967634,0.4704573452472687,539700000
2006-05-03,0.46512176641477165,0.4786894494461293,0.4646644526752866,0.47350677847862244,378114000
2006-05-04,0.4642072253500976,0.4756408901084716,0.461767727318896,0.4704573452472687,511128000
2006-05-05,0.4728969810276667,0.4785378959303408,0.46634132906185954,0.47686031460762024,338184000
2006-05-08,0.47564115110323496,0.4860074287136337,0.47030576507510136,0.47472646832466125,503622000
2006-05-09,0.474116018991404,0.47655551645722033,0.45963365292067726,0.46024373173713684,561648000
2006-05-10,0.4547557262781253,0.4600911643216288,0.4454560286546089,0.45002952218055725,753264000
2006-05-11,0.45460302386300083,0.4588719143785602,0.43051637770464396,0.4340223968029022,1201110000
2006-05-12,0.42365608997980936,0.4257900577451824,0.3924037201572344,0.4013979136943817,1568172000
2006-05-15,0.4006360110267799,0.4106976529152629,0.39712999228967866,0.4071916341781616,553380000
2006-05-16,0.40947828869002767,0.40963012690840866,0.39392850130762413,0.39651980996131897,497532000
2006-05-17,0.3951478827795023,0.39743461597213753,0.3734998093171014,0.3805127739906311,841074000
2006-05-18,0.383561375841671,0.3872201318700784,0.36282891569411074,0.36328625679016113,686730000
2006-05-19,0.36663957651190615,0.3795980299559012,0.36298079283126894,0.3709084391593933,932808000
2006-05-22,0.36892624564792226,0.3696890895645278,0.3558159289713719,0.36587756872177124,734886000
2006-05-23,0.3734997470181063,0.38218933715271614,0.3603894290712087,0.3619142174720764,532314000
2006-05-24,0.365115754690659,0.3774641314376807,0.3568835035259778,0.366639643907547,579522000
2006-05-25,0.37349966287638137,0.37898780948292443,0.3626760801790252,0.3646582365036011,423666000
2006-05-26,0.36603033098678145,0.36846892921469165,0.3616087037271651,0.36542025208473206,294642000
2006-05-30,0.3660305001945583,0.36618233849014814,0.350023363597263,0.3501752018928528,448788000
2006-05-31,0.3549012826846767,0.35825546280028,0.34819382203365123,0.3503277897834778,598422000
2006-06-01,0.35429114550523255,0.3686216473579407,0.34880297085995177,0.3686216473579407,537126000
2006-06-02,0.3745671826860442,0.3763965743302502,0.35962747350174923,0.36328625679016113,673710000
2006-06-05,0.3613041716199322,0.368011605597323,0.3469736400006683,0.3480410873889923,581052000
2006-06-06,0.3524618483574988,0.352767351294129,0.3292899126712712,0.3387414216995239,824130000
2006-06-07,0.34240012565215083,0.3430102318022985,0.3300517527275874,0.3326440155506134,565380000
2006-06-08,0.32883244789519656,0.333101337014467,0.3134354260672445,0.32654571533203125,730572000
2006-06-09,0.3308145312575309,0.3364545154707522,0.32273412312744104,0.325478196144104,433824000
2006-06-12,0.31983830462721874,0.3241062671990584,0.3056605399554316,0.30748993158340454,463230000
2006-06-13,0.3073371356636758,0.31358725430004364,0.29986683209773585,0.3027636706829071,532548000
2006-06-14,0.3045930864576113,0.31252073170287514,0.3013916443593463,0.3116060495376587,480492000
2006-06-15,0.32303973672011355,0.33996157610426914,0.32044750099412495,0.3388941287994385,837336000
2006-06-16,0.3366075255342262,0.3375222081189861,0.327003222094166,0.33020466566085815,503448000
2006-06-19,0.333863414074255,0.3355400411897819,0.3195328796237504,0.3202957510948181,388044000
2006-06-20,0.3114532704402234,0.32242959222816037,0.3102339850482585,0.3152647912502289,535818000
2006-06-21,0.31389281630982135,0.3238016924427388,0.31389281630982135,0.3187708854675293,441174000
2006-06-22,0.32227690529253045,0.3231915875608698,0.3073371948630125,0.3094711899757385,532338000
2006-06-23,0.30886195270103645,0.31602675409881276,0.30596514110527906,0.3096238970756531,335202000
2006-06-26,0.3091665494503125,0.3125207293239546,0.30520319027791326,0.3067270517349243,281736000
2006-06-27,0.30855646582108887,0.3088619687028724,0.2928548389456616,0.2969709634780884,608514000
2006-06-28,0.2992576711780703,0.31831347657211023,0.2914827638784056,0.313435435295105,833376000
2006-06-29,0.30489757616898105,0.32761308550834656,0.30383105608488875,0.32761308550834656,687666000
2006-06-30,0.33081467196815334,0.3359973174263466,0.32212508100264287,0.3245636522769928,468240000
2006-07-03,0.33203401765997387,0.3323385937842841,0.3270031822763299,0.3292899429798126,174696000
2006-07-05,0.3241062396186322,0.3270030509881231,0.31450194120407104,0.31450194120407104,459708000
2006-07-06,0.3145019911212534,0.31755156802581513,0.30154443780759327,0.3047458529472351,470634000
2006-07-07,0.30687988112219394,0.30748998738896016,0.2919401693590963,0.2952934503555298,541230000
2006-07-10,0.2960563113879133,0.2981903068131889,0.27989641342697724,0.28248775005340576,449922000
2006-07-11,0.2815730369092051,0.2930067303567044,0.2774569388897175,0.29194018244743347,600582000
2006-07-12,0.29087267840845926,0.29422685848347774,0.2776096227574773,0.27791422605514526,461034000
2006-07-13,0.2736462889695947,0.28050648799072253,0.2693773990216908,0.27074944972991943,540582000
2006-07-14,0.27578017702219887,0.27730496511203767,0.26175517971566153,0.26937732100486755,572148000
2006-07-17,0.26815806588703495,0.27456092262435955,0.2667860426818958,0.27151134610176086,502806000
2006-07-18,0.28081105133440604,0.28919603769310737,0.2707494111800127,0.2862991988658905,979332000
2006-07-19,0.28507986844641026,0.30245904498808485,0.28294497432305715,0.2988002896308899,1055550000
2006-07-20,0.3041358030289573,0.30947121375076925,0.2923975341568518,0.2928548753261566,505602000
2006-07-21,0.28294502715163034,0.28416523947850997,0.2687672623078754,0.270902156829834,633918000
2006-07-24,0.2809638504550876,0.3050504952378265,0.2794390618079649,0.29819029569625854,983178000
2006-07-25,0.3018490646028751,0.3119106791902978,0.29742833629758014,0.3087092638015747,574104000
2006-07-26,0.3087092638015747,0.3123680476115512,0.2995623042766335,0.3087092638015747,495318000
2006-07-27,0.3126725905754934,0.3254783052943555,0.30748994558369896,0.3131299316883087,694338000
2006-07-28,0.32121023324658765,0.3462115752545846,0.3193808421577132,0.34560146927833557,815298000
2006-07-31,0.3419428778856738,0.3454498238409465,0.3366074666612176,0.33752214908599854,594762000
2006-08-01,0.33340587889025497,0.33401598494200246,0.31785609360058587,0.32395437359809875,600966000
2006-08-02,0.33111920101202325,0.3504805371540076,0.33035728389703584,0.34880298376083374,756774000
2006-08-03,0.3475836579433118,0.3802080454393351,0.3427055898134512,0.3707556128501892,890568000
2006-08-04,0.3805127339502626,0.3811228401682119,0.3562733264949656,0.3657248616218567,818232000
2006-08-07,0.35932191723033985,0.3660302762288975,0.35444384918412913,0.36145681142807007,436146000
2006-08-08,0.3643528158564209,0.37883605671752635,0.3634381063757237,0.37106117606163025,619806000
2006-08-09,0.3783787443424399,0.3887449891574943,0.36816436502891914,0.3709084391593933,584706000
2006-08-10,0.36679236828879636,0.3704511525076404,0.3605422746400764,0.3683171570301056,1072140000
2006-08-11,0.3414854549114735,0.36603033610003444,0.3402661694104879,0.3567306399345398,1603272000
2006-08-14,0.3611513459539541,0.3648101290770178,0.3529190975570624,0.3549012541770935,809412000
2006-08-15,0.3640481236117588,0.391031596909615,0.3605421061357517,0.3890494406223297,902172000
2006-08-16,0.39118445338252306,0.41862527600556326,0.38112283932008034,0.41694772243499756,1029246000
2006-08-17,0.41176502032949786,0.4225886046135473,0.40627684565841155,0.41039296984672546,814224000
2006-08-18,0.4108504552025267,0.4192345169251766,0.3965199219407018,0.41710054874420166,665898000
2006-08-21,0.4108504673694742,0.41161238469944234,0.4007888242720182,0.40170350670814514,500220000
2006-08-22,0.40048316572542736,0.41222233086852156,0.4001785624718543,0.4010932445526123,473928000
2006-08-23,0.40414197763926374,0.4082581020963978,0.39194636933596166,0.40078872442245483,485412000
2006-08-24,0.401855356716178,0.4070389298925238,0.39545249769616103,0.40490496158599854,260802000
2006-08-25,0.4018553135068182,0.4108504351980311,0.3978919534407309,0.40368470549583435,238314000
2006-08-28,0.41039317975586254,0.42944902216327946,0.4096303354351811,0.4175579845905304,764562000
2006-08-29,0.421521168064748,0.43844300632011574,0.41847249100598655,0.43646177649497986,727962000
2006-08-30,0.4389004319385335,0.4500295215036887,0.43783388407961943,0.44545602798461914,681564000
2006-08-31,0.4443886480539201,0.44637080540207047,0.4341751933853355,0.44377946853637695,511278000
2006-09-01,0.4372237289093323,0.4407297745970218,0.42350333166682474,0.42517995834350586,605742000
2006-09-05,0.4265520079138847,0.4361562805078196,0.42030191550520163,0.43447965383529663,549354000
2006-09-06,0.42685752780296177,0.42746670718257573,0.4116123142884912,0.4126797616481781,493572000
2006-09-07,0.40597135910202453,0.4302107641308703,0.40155065872008516,0.420911967754364,742836000
2006-09-08,0.4276194167578721,0.4294488083397458,0.41298431136288577,0.42228400707244873,447978000
2006-09-11,0.4128316589992689,0.43371778878232264,0.4081063541645767,0.4288388192653656,598266000
2006-09-12,0.42685755030037503,0.4428647091181393,0.4257901028844286,0.4401206076145172,498432000
2006-09-13,0.44118717376049277,0.4494194240929999,0.43981512295173836,0.44362667202949524,476286000
2006-09-14,0.4414926522144021,0.44972490209054,0.43615631478931144,0.4419499933719635,428814000
2006-09-15,0.4434738738026121,0.45277357090057574,0.44133987862186974,0.4506395757198334,649764000
2006-09-18,0.4518589305831345,0.46847617038738626,0.4504869069266549,0.467713326215744,793896000
2006-09-19,0.4646646090178598,0.46801878943595077,0.4517061280791204,0.45551764965057373,708054000
2006-09-20,0.4614630528493726,0.47274400530887956,0.46054837071373583,0.4721347987651825,511884000
2006-09-21,0.47167759009570365,0.47640289456305346,0.4639026539097204,0.46832340955734253,539106000
2006-09-22,0.4669513907615527,0.4698482030684968,0.4492676036799545,0.45445024967193604,653334000
2006-09-25,0.4613103824389159,0.4727440464289081,0.448810143484633,0.47076278924942017,684486000
2006-09-26,0.470305654153123,0.4715249401300835,0.4549076707914258,0.4608531892299652,516120000
2006-09-27,0.4594809412956238,0.4741160741119466,0.45506024098240677,0.4594809412956238,578142000
2006-09-28,0.44149273576272974,0.45262090019581486,0.4395106056714353,0.45079150795936584,647346000
2006-09-29,0.4538409961780387,0.4573470146342696,0.4486574241912591,0.45109692215919495,373890000
2006-10-02,0.44896208932272996,0.45185890155601355,0.43600450694188,0.439663290977478,647442000
2006-10-03,0.4314309358596802,0.4347842161485621,0.4218266641713013,0.4314309358596802,907692000
2006-10-04,0.4320402365828948,0.4739643319225158,0.4308209236211904,0.4738115668296814,1460382000
2006-10-05,0.4719821240481187,0.47670835520689697,0.45917640813813115,0.4603956937789917,662682000
2006-10-06,0.46115864545383406,0.47640293440048076,0.4597865945698092,0.4715248644351959,593610000
2006-10-09,0.47045735638590935,0.5081125318604314,0.46908530567841666,0.5018624663352966,932304000
2006-10-10,0.49927014660196584,0.501252276057205,0.48478777847255117,0.49042874574661255,624648000
2006-10-11,0.4878364261338814,0.5018623511149136,0.4803670221792501,0.4931727349758148,481944000
2006-10-12,0.4959169566436898,0.5053684921269146,0.48798931013243424,0.49515411257743835,414720000
2006-10-13,0.493477526832511,0.5177169112971239,0.4853980409577744,0.5148200988769531,584190000
2006-10-16,0.5164975550879287,0.5248816431924199,0.5047583597012013,0.5139053463935852,478968000
2006-10-17,0.5055213631333214,0.5090273825477799,0.4893614633945097,0.49423947930336,526506000
2006-10-18,0.5015568488659468,0.5068931580041599,0.4776230024326065,0.4811290204524994,822750000
2006-10-19,0.47929968745251184,0.49393482237809333,0.4754881931572333,0.490276038646698,473040000
2006-10-20,0.4940877652489146,0.49439236871966247,0.47762331249651074,0.4846353530883789,359478000
2006-10-23,0.4835686743228907,0.49530694575000395,0.48021449305778924,0.48143377900123596,280248000
2006-10-24,0.4823483078211072,0.5009476988718776,0.48097625734687405,0.49545949697494507,519288000
2006-10-25,0.5001849784536061,0.5076553123522171,0.49180088892705237,0.5000331401824951,389436000
2006-10-26,0.501252247290942,0.5175639788736479,0.501252247290942,0.5158873796463013,366690000
2006-10-27,0.5158877001581554,0.5273213703393121,0.48783675795613674,0.49363043904304504,566988000
2006-10-30,0.4969835006098678,0.5084171663395414,0.49164811705613254,0.49957576394081116,479592000
2006-10-31,0.5105520198485062,0.5315899848937988,0.5079598112477032,0.5315899848937988,996174000
2006-11-01,0.5245771680136951,0.5294552386225646,0.48326319805955636,0.4905807673931122,1176540000
2006-11-02,0.49286733147148065,0.5035390238758161,0.4805189306533752,0.48722729086875916,862944000
2006-11-03,0.492715414515613,0.4975934826672409,0.4847877155241848,0.4969833493232727,548070000
2006-11-06,0.49835544546773825,0.518936039406405,0.49210532636818033,0.5120758414268494,739602000
2006-11-07,0.515887463101253,0.5253389983663583,0.5129905966289261,0.5198508501052856,553254000
2006-11-08,0.5161921574731761,0.5338768178294474,0.5149728716446234,0.5274739861488342,648324000
2006-11-09,0.5382972594299523,0.5518648867248779,0.5334191921261345,0.5379926562309265,1207758000
2006-11-10,0.5334193823402983,0.536010718515775,0.5117712846927487,0.5250343680381775,1317192000
2006-11-13,0.5261017668546101,0.5503411439230282,0.5259490017947677,0.5488163828849792,852282000
2006-11-14,0.5468343262576528,0.5553721068336944,0.535096056961023,0.5543046593666077,628530000
2006-11-15,0.5526279488013028,0.5602501193874537,0.5421089663003137,0.5451576709747314,491892000
2006-11-16,0.5474442260003585,0.5541516576081029,0.5427179965449368,0.55217045545578,457182000
2006-11-17,0.548359162371377,0.5552193621918003,0.5450049815914926,0.5536945462226868,361608000
2006-11-20,0.546834265995406,0.5619267142851384,0.5427181685163943,0.5588780641555786,608634000
2006-11-21,0.5605548150614531,0.5614694974904961,0.5463770465912059,0.5501885414123535,387384000
2006-11-22,0.5521705804752841,0.5602500641439212,0.5492737143260775,0.5596399307250977,240258000
2006-11-24,0.5568958508979538,0.5649762609241084,0.5518650173835931,0.5637560486793518,144336000
2006-11-27,0.5604026386286115,0.5678719863382716,0.5344856889245904,0.5382972359657288,585294000
2006-11-28,0.5364680626583439,0.5532371653689138,0.5280830478829299,0.5483590960502625,480966000
2006-11-29,0.5533897372952661,0.5631467448472074,0.5512557156057561,0.5564383864402771,579792000
2006-11-30,0.556438778273476,0.5684825810251625,0.5497313419832361,0.563909113407135,583632000
2006-12-01,0.5576587099616894,0.5584206270602824,0.5369253509987685,0.5418034195899963,785010000
2006-12-04,0.5488163677118941,0.5707690115163687,0.5468341838692323,0.5637560486793518,621570000
2006-12-05,0.5578103082595699,0.5611644866909272,0.5517129568531186,0.5579630732536316,663354000
2006-12-06,0.5597929012829489,0.5597929012829489,0.5495785193589477,0.5572015643119812,478242000
2006-12-07,0.5572013042024091,0.5602500082721724,0.5389074441837269,0.5437855124473572,486894000
2006-12-08,0.539822277847217,0.5494265788616378,0.5320473960603149,0.5419562458992004,564858000
2006-12-11,0.5421090674652277,0.5578107254468369,0.540888854799562,0.551256000995636,515484000
2006-12-12,0.5471397137199772,0.5489690779861435,0.5382973866201328,0.5456148982048035,568116000
2006-12-13,0.5500358567180822,0.5564386885427933,0.5500358567180822,0.5520179867744446,491952000
2006-12-14,0.5564385402330853,0.5687869411352302,0.5559812263789389,0.5617748498916626,715380000
2006-12-15,0.565433467905558,0.5716835856437683,0.5619265237295565,0.5716835856437683,746094000
2006-12-18,0.5722940305345169,0.5884530587120383,0.571988554805559,0.581592857837677,688356000
2006-12-19,0.5741233151166292,0.5930263864860086,0.5733604710341172,0.5899776816368103,545622000
2006-12-20,0.5869292155565925,0.5939412552669749,0.5828130619959034,0.5832704305648804,306594000
2006-12-21,0.5864716308812012,0.5881482848827306,0.5716837857469761,0.578239381313324,367920000
2006-12-22,0.5773248865991037,0.5793061445645367,0.5617750646922512,0.5645191669464111,370170000
2006-12-26,0.5675676912078275,0.5725984710390873,0.5620794884537045,0.5643662214279175,228192000
2006-12-27,0.5668058151709745,0.5738178535181652,0.5668058151709745,0.5718366503715515,264954000
2006-12-28,0.5724456573916772,0.5730557908237942,0.565128145207023,0.567720353603363,213912000
2006-12-29,0.5677201002595994,0.5796111272183332,0.56360400490003,0.5642131567001343,386094000
2007-01-03,0.5651284077876324,0.5719886093157673,0.5303699770503659,0.5500359535217285,1154820000
2007-01-04,0.5480543627875272,0.5500356196696166,0.5340284379663912,0.5474442839622498,797298000
2007-01-05,0.5344858049992154,0.5366206992426131,0.50948445858256,0.5131432414054871,1243344000
2007-01-08,0.5149726504645071,0.5268636262670615,0.5061302695641386,0.516954779624939,657270000
2007-01-09,0.5177167421308039,0.5212227601503843,0.5062830790929339,0.5068931579589844,764166000
2007-01-10,0.5015568478011412,0.5366207352860308,0.4939347329114324,0.5318945050239563,1108746000
2007-01-11,0.5318947211163727,0.5360108741859037,0.5212229708470941,0.5299125909805298,924504000
2007-01-12,0.521985637069814,0.5392120500245373,0.5195461395062893,0.5370780825614929,698190000
2007-01-16,0.5411940702002824,0.5414986733993081,0.5318943769712478,0.5379926562309265,711864000
2007-01-17,0.5305226009570448,0.5337240711005943,0.5247298487431499,0.526711106300354,707934000
2007-01-18,0.5221374252220554,0.5221374252220554,0.4765554898565949,0.48311108350753784,1501638000
2007-01-19,0.47792758584419187,0.49606873748543623,0.4745734057975113,0.48600712418556213,942606000
2007-01-22,0.4905805897327785,0.4985082353266755,0.48417770525466963,0.48600712418556213,730644000
2007-01-23,0.4837203927670927,0.4939348268344898,0.4747262257013635,0.48615989089012146,630354000
2007-01-24,0.4924101412415635,0.5078081244373139,0.4901234075990799,0.5012524724006653,685722000
2007-01-25,0.5058259297618849,0.507655349351999,0.48128193931824587,0.4837205111980438,616284000
2007-01-26,0.4878366160787319,0.49256284792864624,0.47106751062352353,0.4797571301460266,829584000
2007-01-29,0.47762299805865677,0.477927546808867,0.4559749030712358,0.4600910544395447,1258284000
2007-01-30,0.4631396375034117,0.47198196330903325,0.45902354124699457,0.4689333140850067,636174000
2007-01-31,0.46664665402001637,0.4716774875739351,0.46085297654210494,0.4672558605670929,467976000
2007-02-01,0.46283523493394996,0.47564095203457274,0.4619205525381957,0.4732014536857605,650898000
2007-02-02,0.47579361041756807,0.4878364806803798,0.4718293515248682,0.4855497479438782,586590000
2007-02-05,0.4878364618047685,0.497593525793706,0.48707454470880224,0.49347737431526184,579906000
2007-02-06,0.5046063334613636,0.5174120446358279,0.49713605813294665,0.5110092163085938,775386000
2007-02-07,0.5151255104315682,0.532199217013123,0.5120759332846443,0.5309799313545227,761058000
2007-02-08,0.5229004490994045,0.5315900130010336,0.5183269829364382,0.5241197347640991,726276000
2007-02-09,0.526711058372961,0.5311326861804945,0.4957641888815439,0.4977463185787201,937956000
2007-02-12,0.5014053892704127,0.5195465532948323,0.4960690761026461,0.5087229609489441,789360000
2007-02-13,0.5169548875179669,0.5224430355353399,0.5117712882903682,0.5183269381523132,849732000
2007-02-14,0.5229004060275014,0.5259490560982549,0.5102465291574129,0.5114667415618896,1081848000
2007-02-15,0.5111611012246158,0.5171066163691194,0.5062830331788746,0.5145152807235718,488682000
2007-02-16,0.512381198839423,0.5129903506739732,0.4972887574675837,0.49881264567375183,915060000
2007-02-20,0.49957566285159266,0.5059784925565887,0.49606871787591006,0.5032344460487366,625578000
2007-02-21,0.49911849639917494,0.5044539355514747,0.4907334793822916,0.4957643151283264,655332000
2007-02-22,0.5035390270491515,0.5116185655884038,0.49774627585952486,0.4989655613899231,655452000
2007-02-23,0.5036918353499947,0.5039964386786923,0.49759360801425234,0.4977463185787201,403050000
2007-02-26,0.4991184264357952,0.5029290488616384,0.48936141423769886,0.49012333154678345,494070000
2007-02-27,0.4847877629002962,0.49622148078681866,0.4745733849808343,0.4753362834453583,714630000
2007-02-28,0.47396428527099194,0.4828056868185828,0.46817060699748647,0.47259223461151123,780048000
2007-03-01,0.4623779318340252,0.47548825260042,0.4562796492392337,0.4667986333370209,837228000
2007-03-02,0.4626823656749427,0.4683232777343217,0.45292620204633727,0.4538409113883972,682728000
2007-03-05,0.445913339589165,0.45475566763787145,0.43691914604870735,0.43844303488731384,663558000
2007-03-06,0.448047308836201,0.4693908029691281,0.4462179171076751,0.46435996890068054,805974000
2007-03-07,0.4620732807192855,0.46420724869876767,0.4492675646418026,0.45124879479408264,811656000
2007-03-08,0.4607011361641638,0.4750307383146987,0.4603956060519568,0.46984806656837463,770622000
2007-03-09,0.4764029100195558,0.481739220500118,0.4597865710392605,0.46512195467948914,555306000
2007-03-12,0.45978648041678544,0.46908524957069675,0.459176346997451,0.4623778164386749,428010000
2007-03-13,0.45765169339570055,0.4603957406069339,0.44255921565383033,0.4428647458553314,617070000
2007-03-14,0.44408397724964854,0.4466752863028803,0.42746671283591364,0.4407297968864441,971610000
2007-03-15,0.4396632797948164,0.44362666708246434,0.42960163758284076,0.4363090991973877,655752000
2007-03-16,0.4366135592461036,0.4373764030989736,0.4291441555600874,0.4321928322315216,525648000
2007-03-19,0.4344797739985279,0.4413399745000804,0.4329549851380333,0.43432703614234924,461508000
2007-03-20,0.43295477650437636,0.4428645772115645,0.43051620590323525,0.4321928322315216,656490000
2007-03-21,0.44972497474309414,0.4640545547481445,0.4411872205758011,0.4568897783756256,1268376000
2007-03-22,0.4573471275173913,0.46969547728003,0.4552131591738761,0.4669514298439026,810954000
2007-03-23,0.46344522422035106,0.4716774722594755,0.4584143908297738,0.46176764369010925,524640000
2007-03-26,0.46207298128373286,0.4664936794651781,0.4542980775393163,0.46268218755722046,447336000
2007-03-27,0.4616158561746247,0.46253053838609126,0.453535472719874,0.4539928138256073,469020000
2007-03-28,0.4501822000167271,0.45399282167696814,0.4445412870617261,0.4453032314777374,459504000
2007-03-29,0.4520116724242958,0.4526208518777784,0.43036359854715317,0.4375284016132355,719016000
2007-03-30,0.4434737821632527,0.4466751968029453,0.43646174635825574,0.43874847888946533,581244000
2007-04-02,0.4376810858735952,0.4413398420201417,0.4311254634717964,0.43829119205474854,400830000
2007-04-03,0.43829129239400616,0.4431693351794193,0.43249761307714907,0.4366137385368347,473724000
2007-04-04,0.43600448897406735,0.43951053502859055,0.4344797003719622,0.4356989860534668,361692000
2007-04-05,0.43752829583786046,0.471524737328948,0.43752829583786046,0.4710673689842224,1332900000
2007-04-09,0.4710675272667674,0.4764029660545756,0.46161599007341714,0.4625306725502014,640950000
2007-04-10,0.46192038902427335,0.4672558254507487,0.456889583108445,0.45780429244041443,794220000
2007-04-11,0.4587191359805965,0.46329260247029164,0.44804738705118125,0.4495721757411957,810150000
2007-04-12,0.4471326044366368,0.46374986698205534,0.4442366651251556,0.4623778164386749,743640000
2007-04-13,0.4608530447211154,0.4671040914541707,0.4552130583057415,0.46618935465812683,638694000
2007-04-16,0.46496914120575533,0.46847603165181817,0.457804339892698,0.46374985575675964,671838000
2007-04-17,0.4754880592430783,0.486312514625069,0.46588376146807536,0.46817049384117126,1059108000
2007-04-18,0.4674087710549816,0.4780805215952204,0.4649693268628265,0.4739644229412079,683802000
2007-04-19,0.4701528076662603,0.4832631282515698,0.4687807567994094,0.48051902651786804,568056000
2007-04-20,0.48753194161677565,0.4878365449470553,0.4797570601924235,0.48615989089012146,590052000
2007-04-23,0.48387302745889804,0.4847877095235081,0.47686006515021,0.47823211550712585,595272000
2007-04-24,0.486312668018493,0.5006422732604215,0.4831112525903638,0.4962215721607208,1028088000
2007-04-25,0.49545947060210305,0.5075023395948198,0.4931727381067705,0.5047582387924194,509640000
2007-04-26,0.5047581716501524,0.5148198369072289,0.5001847072678435,0.5110092163085938,500070000
2007-04-27,0.5093318109700883,0.5149727236872202,0.4960687284137002,0.5041491389274597,554058000
2007-04-30,0.511009117017404,0.5174119441005423,0.5012520568736738,0.5014048218727112,563388000
2007-05-01,0.5105522447624037,0.5139055542403331,0.502624595027959,0.5067407488822937,544554000
2007-05-02,0.509332041457085,0.5114669369302883,0.4982038483719817,0.5007951855659485,659658000
2007-05-03,0.5055211523283188,0.5136006354083028,0.5046064156868043,0.5102464556694031,500250000
2007-05-04,0.5129906095603355,0.5164975550879287,0.5081125401431607,0.5139053463935852,405246000
2007-05-07,0.5213756379098934,0.5271683897892359,0.503081773094815,0.5036918520927429,557100000
2007-05-08,0.5006422966390295,0.5087227088113729,0.4908861571302772,0.5075024962425232,737100000
2007-05-09,0.5038435934050249,0.5126859752925295,0.4980508426401787,0.5097891092300415,417870000
2007-05-10,0.51192396868123,0.5186314011483844,0.4959168411418364,0.500337541103363,802584000
2007-05-11,0.5273210300676984,0.5408886603781364,0.5192415469987961,0.5357060432434082,1530630000
2007-05-14,0.5335714681409307,0.5386022500723385,0.5253392150931283,0.5303699970245361,731568000
2007-05-15,0.531894540943492,0.5350959558997788,0.5244242637654356,0.5256444215774536,621360000
2007-05-16,0.526101850586054,0.5323519706726074,0.5160402361978149,0.5323519706726074,523104000
2007-05-17,0.5308271291358484,0.5335712304359698,0.5204609119221497,0.5235095620155334,443664000
2007-05-18,0.5274737688385612,0.5354004864590935,0.5230521421509203,0.5338765978813171,604266000
2007-05-21,0.5323519803645074,0.5488164802232053,0.5297606439683225,0.5355533957481384,645768000
2007-05-22,0.536010678639315,0.5433281905599823,0.5273210616760119,0.5384501218795776,401736000
2007-05-23,0.5387548155815879,0.5419562309916608,0.5225949189230071,0.5241197347640991,448248000
2007-05-24,0.5265592615392557,0.5280830961028208,0.5030817959365024,0.5052157640457153,607800000
2007-05-25,0.5088743797587277,0.5157345771067152,0.5073504911791984,0.5131432414054871,308976000
2007-05-29,0.5110094016060491,0.520308171931289,0.5094845858057225,0.5186315178871155,316242000
2007-05-30,0.5125332827438455,0.5198508501052856,0.5061303976725815,0.5198508501052856,331650000
2007-05-31,0.523662148360604,0.5312843161926643,0.5212226512063853,0.5280828475952148,481572000
2007-06-01,0.5340284709152314,0.5419561158928224,0.5308270561850643,0.531741738319397,429084000
2007-06-04,0.5268638844698088,0.5376874729949589,0.5247299160604755,0.5346388220787048,322002000
2007-06-05,0.5361635150275512,0.551407803536928,0.535248832637779,0.5504931211471558,698586000
2007-06-06,0.546682405971721,0.5634515075764345,0.5443956731256158,0.5546091794967651,950736000
2007-06-07,0.5520176761079756,0.5602499227639351,0.5485116587848536,0.5486634969711304,791862000
2007-06-08,0.5440903696953979,0.5579635362351086,0.5373828795867462,0.5572015643119812,533268000
2007-06-11,0.5572012678868982,0.5625367041112606,0.5541516916958361,0.5591825246810913,434634000
2007-06-12,0.5562868385600053,0.5640617211891977,0.5530854227150466,0.5533900260925293,526770000
2007-06-13,0.5594881513900998,0.5668057187055482,0.5523224768352412,0.5666529536247253,587232000
2007-06-14,0.5640616296380622,0.5788486028321332,0.5632987855775675,0.5767146348953247,508548000
2007-06-15,0.5832700606755635,0.6075094345388606,0.583117295635921,0.6029359698295593,1081998000
2007-06-18,0.6090334196791266,0.6111683141728358,0.5983626000511513,0.6032406687736511,685662000
2007-06-19,0.5994289927759969,0.6084240835060296,0.5953128965693547,0.6070520877838135,491952000
2007-06-20,0.6097963207610478,0.6128450254031839,0.6035453285983822,0.6076614260673523,822792000
2007-06-21,0.6194004628180192,0.6605616996039078,0.6146742330826039,0.6552253365516663,1297326000
2007-06-22,0.6555310811771932,0.6687941658490432,0.6456213047053958,0.6649826169013977,882618000
2007-06-25,0.6463841053845627,0.6622384709063618,0.6404385888288551,0.6474506258964539,819702000
2007-06-26,0.6457740067204377,0.6476034258854344,0.6158937117722263,0.6174185276031494,868482000
2007-06-27,0.6174184968945241,0.6347976782375091,0.6143697922245979,0.6340357065200806,613140000
2007-06-28,0.6358650877700676,0.6469932762314534,0.6296140414022466,0.6401330232620239,597534000
2007-06-29,0.6444018338807246,0.6445545444060331,0.6294620994013889,0.6297667026519775,516570000
2007-07-02,0.6387609363751261,0.6562928247422868,0.6367796794613082,0.6559882760047913,563850000
2007-07-03,0.6555310717388099,0.6622385058426045,0.6501947615368932,0.6570549607276917,238770000
2007-07-05,0.6572074888864494,0.6662016528113798,0.6540060201355503,0.6640676856040955,373290000
2007-07-06,0.6631532513380193,0.669860685529344,0.6619339656669487,0.6672693490982056,282720000
2007-07-09,0.6697086196027467,0.6898318966958135,0.6695558545656841,0.6866304278373718,536784000
2007-07-10,0.6831237758653661,0.697454253540883,0.675806208097483,0.69333815574646,552654000
2007-07-11,0.693185197944737,0.6979114279459949,0.6806849607466425,0.6902892589569092,582612000
2007-07-12,0.6951674110281236,0.7043143420384922,0.6902893422306443,0.7035524249076843,438732000
2007-07-13,0.701570512126296,0.7099554740755292,0.6985218067812989,0.69928377866745,372630000
2007-07-16,0.6998936041433821,0.7148332853487391,0.6997408390853305,0.7119364738464355,541710000
2007-07-17,0.71483333160273,0.7291638617033773,0.7082777365638977,0.7088878154754639,643812000
2007-07-18,0.6986733350853294,0.700808229324059,0.6822088396781598,0.6959292888641357,550656000
2007-07-19,0.7058393506586919,0.7093453698592687,0.6902895309772556,0.695167601108551,407376000
2007-07-20,0.6997408804928068,0.70218037832543,0.6841911194951954,0.6875452995300293,505650000
2007-07-23,0.6851059176268856,0.7085833826831186,0.683581101738453,0.6944056153297424,360474000
2007-07-24,0.6916613334319401,0.697454083929355,0.6718426574901396,0.6761115193367004,457560000
2007-07-25,0.6762636466056162,0.6858679492554975,0.6573605715426821,0.6729103922843933,437196000
2007-07-26,0.6657444694504425,0.6857159132221555,0.6567503030275935,0.6762634515762329,710268000
2007-07-27,0.674586832523346,0.7056864096126083,0.674282229223705,0.674586832523346,615480000
2007-07-30,0.6770265385740505,0.6945575624370677,0.6768737734571668,0.6934910416603088,538158000
2007-07-31,0.7209316174933214,0.7306877552609833,0.6966922389827572,0.6976069211959839,711492000
2007-08-01,0.6875452750073514,0.7044670859647335,0.6601044282796944,0.6924233436584473,705828000
2007-08-02,0.7003509145066584,0.7009600664882174,0.6800748712690534,0.689374566078186,468606000
2007-08-03,0.6870878079912099,0.6921186409814806,0.648213303426391,0.648517906665802,623412000
2007-08-06,0.6540062427520752,0.6588843121148579,0.6357123786113227,0.6540062427520752,524724000
2007-08-07,0.6540063490607092,0.675197083159062,0.6453167839893704,0.6643726229667664,565764000
2007-08-08,0.6764161320097419,0.7157480088540987,0.6712325879725514,0.6950145959854126,660744000
2007-08-09,0.6997407546580043,0.7226081327210763,0.6837336281778539,0.7032467722892761,1251834000
2007-08-10,0.6456213720616536,0.6751970671531285,0.6309862351010339,0.6706236004829407,1141014000
2007-08-13,0.6759588219674808,0.680532287169263,0.649432658373137,0.6633058190345764,700410000
2007-08-14,0.6678793498446091,0.699740898850875,0.6658972203210939,0.6890691518783569,1092174000
2007-08-15,0.6854105289059481,0.695167540640225,0.6590371237008453,0.6599518060684204,695142000
2007-08-16,0.653396072649167,0.6581223031091304,0.6174184283608114,0.6489753723144531,780030000
2007-08-17,0.6669645312495697,0.687849725711081,0.6462311749879238,0.6872396469116211,728712000
2007-08-20,0.6876973367126356,0.695167616078627,0.6761117767862563,0.6844958662986755,519684000
2007-08-21,0.6886117566602789,0.7270288963018187,0.6783982515878552,0.7215407490730286,715338000
2007-08-22,0.7398347045706357,0.7422742024924444,0.7248950219350377,0.7380053400993347,566154000
2007-08-23,0.7415121466633506,0.7502017632159701,0.7285537227220534,0.7317551374435425,667986000
2007-08-24,0.7296210959394137,0.7369386067723873,0.7242847328645377,0.7355665564537048,361644000
2007-08-27,0.7355668008199483,0.7599580755396723,0.7322126202688602,0.7521831393241882,635946000
2007-08-28,0.7546228115172824,0.7576715171100864,0.7046192202245898,0.7062968015670776,560022000
2007-08-29,0.7210834572610252,0.7473049653229364,0.7195595684491718,0.7463902831077576,538560000
2007-08-30,0.7392253997695235,0.7605679642597802,0.7389199241847584,0.7421213388442993,465660000
2007-08-31,0.7576713348250735,0.7828253988652575,0.7535551825428511,0.7799294590950012,720834000
2007-09-04,0.7834353416273006,0.8073701141680826,0.7712397073591647,0.8040159344673157,683268000
2007-09-05,0.8005101061203864,0.8232246718252512,0.7973086907133815,0.7979178428649902,656274000
2007-09-06,0.8078276267058935,0.8151451394211878,0.7980705614454031,0.8014247417449951,425496000
2007-09-07,0.7791667273788587,0.7872471403398423,0.757214075601118,0.772154688835144,602304000
2007-09-10,0.7889236096121484,0.802644006939661,0.7678856452352908,0.7742884755134583,872112000
2007-09-11,0.7836642691849636,0.7966986437000837,0.7754320183017237,0.7907531261444092,405424000
2007-09-12,0.7992138108207012,0.8031013054599844,0.7518784496106925,0.7596533298492432,554452000
2007-09-13,0.7740598589279987,0.7749745412268408,0.7543939441628227,0.7598820924758911,452864000
2007-09-14,0.7523359095727806,0.7532505919220445,0.7351853838140052,0.7374721169471741,487308000
2007-09-17,0.7386154162189618,0.7463902969724207,0.727867777320943,0.7358713150024414,374828000
2007-09-18,0.7436462178734392,0.8117908862610241,0.742502824243039,0.8003572225570679,844740000
2007-09-19,0.8076749040456462,0.8232246670873291,0.7779473196659288,0.7857222557067871,521360000
2007-09-20,0.7861795062519553,0.7946404124627964,0.7724591089608596,0.7811486721038818,324172000
2007-09-21,0.7889236296142695,0.8003572943437489,0.7811486939822124,0.7886949181556702,457532000
2007-09-24,0.793497232373334,0.8209380324572421,0.7877803717625081,0.8088183403015137,456360000
2007-09-25,0.8040160970744844,0.8225386180205594,0.8017293640742277,0.8191085457801819,360748000
2007-09-26,0.8232247561951693,0.8403752833075734,0.8211667343768981,0.8385459184646606,518032000
2007-09-27,0.8465493230446688,0.850665475066028,0.8321429000099398,0.8410611748695374,378280000
2007-09-28,0.846091880475357,0.8490646383097301,0.8268832830040219,0.8287127017974854,404292000
2007-10-01,0.8358016317536956,0.8678159455814752,0.8348869495346186,0.8636997938156128,398200000
2007-10-02,0.8616417311304574,0.8632424931883743,0.8428905545321299,0.8554675579071045,284960000
2007-10-03,0.840375168134571,0.840375168134571,0.8056168047226625,0.8191085457801819,467196000
2007-10-04,0.8181937920889941,0.8275693802159341,0.7946403842695888,0.8227672576904297,378976000
2007-10-05,0.8358016260405667,0.8490647089465604,0.8268833517955031,0.8444912433624268,344840000
2007-10-08,0.8504366969219425,0.8595836274168694,0.8403750297615176,0.8582115769386292,252484000
2007-10-09,0.858211651577568,0.8620990919240032,0.8305421462599835,0.843119204044342,403008000
2007-10-10,0.848836079498921,0.848836079498921,0.8236820163563626,0.84403395652771,389136000
2007-10-11,0.8362591342895256,0.8467781177965639,0.7973846158017702,0.806531548500061,529104000
2007-10-12,0.8154497463460764,0.8261973857879639,0.802872687827263,0.8261973857879639,409952000
2007-10-15,0.8289413555639389,0.8428904625462753,0.8250539156075517,0.8321427702903748,355900000
2007-10-16,0.8312282289753659,0.8545529271851284,0.8282554706486307,0.8396891355514526,276360000
2007-10-17,0.8723897847408308,0.906690791543464,0.8714751021301008,0.9041754007339478,717944000
2007-10-18,0.901202141915882,0.9071476573706941,0.8785634736164071,0.9034888744354248,340620000
2007-10-19,0.9014310803802286,0.901888448835001,0.8547816787942806,0.8550103902816772,505768000
2007-10-22,0.8495220333005045,0.8973148201218518,0.8426618348394519,0.8954854011535645,537656000
2007-10-23,0.9071476087945837,0.9071476087945837,0.8753620121189986,0.8998300433158875,294292000
2007-10-24,0.8803930705060099,0.8803930705060099,0.8266548148340922,0.8694167733192444,565500000
2007-10-25,0.8426619338502288,0.8506655269218655,0.7681143697236157,0.7934971451759338,806192000
2007-10-26,0.818651211940957,0.8241394149893334,0.7752032831014221,0.7866369485855103,616580000
2007-10-29,0.7596531860699651,0.7717728724797029,0.7445607422751974,0.7681140899658203,813896000
2007-10-30,0.7742885213641061,0.812477011921749,0.761482805529449,0.7962412238121033,525212000
2007-10-31,0.8010433904412169,0.8095042976364406,0.7761179827731143,0.8090469837188721,455188000
2007-11-01,0.7964699241454193,0.825282772712948,0.7854935723234937,0.8090469837188721,587236000
2007-11-02,0.8202518565120152,0.8460919984888452,0.8088181919081145,0.8401464819908142,491844000
2007-11-05,0.8330575717723865,0.8602697644056874,0.8277980806025909,0.8401464819908142,436636000
2007-11-06,0.8481501139147691,0.8735328341597879,0.8442626187006521,0.8666726350784302,554620000
2007-11-07,0.8662155191630216,0.8696455922276534,0.8186513740958864,0.8255115747451782,546768000
2007-11-08,0.8175077635588218,0.8323715539646209,0.750277721347981,0.7738311290740967,996824000
2007-11-09,0.7900668906440916,0.7957837497031117,0.746618968971572,0.7628547549247742,871056000
2007-11-12,0.7626262832364322,0.768114432192454,0.6867066621780396,0.6867066621780396,715732000
2007-11-13,0.6979115916069483,0.7479910609470183,0.6867065834873857,0.7473050355911255,726696000
2007-11-14,0.7662848737382205,0.7736023856570875,0.7317551718472883,0.7356426119804382,666720000
2007-11-15,0.730840767408626,0.7377009681071015,0.7088880597494702,0.7258099317550659,496436000
2007-11-16,0.7317552507494282,0.7441035977414939,0.7258097341917628,0.742045521736145,423592000
2007-11-19,0.7315266053807595,0.7351853893252611,0.6880786755248482,0.6919661164283752,568412000
2007-11-20,0.7050005283781268,0.7061439222756432,0.6656686942399305,0.6867066621780396,622628000
2007-11-21,0.6722999671745775,0.6956246590231648,0.6702418916973492,0.6793888211250305,648452000
2007-11-23,0.6841912832161167,0.6940242419128438,0.6755016639157415,0.6910514831542969,141976000
2007-11-26,0.6905941174733652,0.7047718858775504,0.6736723017948371,0.6750442981719971,385896000
2007-11-27,0.684648451385059,0.7061437835637263,0.6793889604336841,0.7040857076644897,458856000
2007-11-28,0.7262669893621353,0.761254003398457,0.7228368632213168,0.7511923909187317,574548000
2007-11-29,0.7500492083211817,0.7797767948359947,0.7468477927026698,0.7573667764663696,489084000
2007-11-30,0.7820633227185595,0.7820633227185595,0.7189494367082893,0.7212361693382263,652656000
2007-12-03,0.7317551374435425,0.7452468760783957,0.7205501313983252,0.7317551374435425,490688000
2007-12-04,0.7349565278037026,0.7374719172129237,0.7168913245883783,0.7310690879821777,371712000
2007-12-05,0.7589672893286232,0.7832066662484513,0.749591701848315,0.769028902053833,666704000
2007-12-06,0.7671997359304938,0.787094309611782,0.7603395362293593,0.7845789194107056,371152000
2007-12-07,0.7877802542001678,0.7886949364957931,0.7667422888007085,0.7747458815574646,320292000
2007-12-10,0.7772614218456401,0.7923538734628355,0.7749746884042477,0.7832069396972656,336360000
2007-12-11,0.7998999274748871,0.8145350619725944,0.782292089209848,0.7841214537620544,582436000
2007-12-12,0.8172790668814185,0.8252826590568366,0.7953264207808564,0.8111048936843872,617504000
2007-12-13,0.8012718469742868,0.806531337350876,0.7655988078861186,0.7889235019683838,500364000
2007-12-14,0.785264868075413,0.8106476426525313,0.7800053766999747,0.8019580245018005,354016000
2007-12-17,0.7934971811246899,0.801043406112388,0.7591961287151422,0.7610255479812622,507408000
2007-12-18,0.7726878060336069,0.7889236485021857,0.7649129247354224,0.7804627418518066,396896000
2007-12-19,0.7777185525110802,0.7950977322550141,0.7745171375761473,0.7877801656723022,253536000
2007-12-20,0.8003573160372187,0.8060741758169193,0.783664159627714,0.8042447566986084,279940000
2007-12-21,0.8138488898317677,0.8209377443428827,0.7966983685384197,0.8040159344673157,433408000
2007-12-24,0.8099614262882088,0.8220811138360896,0.804015910959814,0.8181936740875244,104008000
2007-12-26,0.8197945194870843,0.8291701078414917,0.811790927230386,0.8291701078414917,215340000
2007-12-27,0.8277979644923135,0.8323714842123868,0.8015005668519277,0.8035585880279541,241368000
2007-12-28,0.8021867218549676,0.8117910227895639,0.78869498005923,0.7955552339553833,262064000
2007-12-31,0.7891522543621761,0.8035586767856623,0.7777185900990927,0.7779472470283508,276236000
2008-01-02,0.7802338157990782,0.7832065733343151,0.7445607798962366,0.7548511028289795,483964000
2008-01-03,0.7591960489570065,0.7742884973468499,0.7461616765803276,0.7489057779312134,475308000
2008-01-04,0.7264958393348024,0.7301546233506808,0.6814471463268319,0.6860206127166748,736092000
2008-01-07,0.6905939743019752,0.6963108336816982,0.6025546778783132,0.6151317358016968,1006800000
2008-01-08,0.6185619562610652,0.6697848279626231,0.6041555304100051,0.6281662583351135,1106956000
2008-01-09,0.63662684182489,0.6608662688936227,0.6272512560352835,0.6606375575065613,741036000
2008-01-10,0.6425725935474631,0.6572077288378346,0.6341116866252267,0.6469174027442932,554432000
2008-01-11,0.6315962305214002,0.6448592591556874,0.6139883386248304,0.6185618042945862,572612000
2008-01-14,0.6277086728318572,0.6606376659755626,0.6176470602690609,0.6597229838371277,539188000
2008-01-15,0.6345691424555664,0.6421153680915993,0.6004967440819426,0.6112444400787354,725692000
2008-01-16,0.572827027274209,0.579915881217307,0.5296077148972568,0.5421847701072693,1464472000
2008-01-17,0.5506458684770621,0.5652809498012278,0.5314372663115743,0.532809317111969,1133900000
2008-01-18,0.5344100259500751,0.5709978111142983,0.5149728213053514,0.5680250525474548,920428000
2008-01-22,0.5138294804241748,0.5529326597446265,0.5106280645668342,0.5396695733070374,709092000
2008-01-23,0.5177167199803583,0.5657381572048268,0.5126859411709402,0.5495023727416992,929880000
2008-01-24,0.5602500149590521,0.5918069565799295,0.554990524688906,0.5915782451629639,597092000
2008-01-25,0.6142169948561195,0.6279373906319656,0.5677962625091661,0.5705403089523315,688012000
2008-01-28,0.5684822890585125,0.5741990933849377,0.551560423946679,0.563680112361908,577608000
2008-01-29,0.5737418243722596,0.5833461239954406,0.5588780338268617,0.5810593366622925,414484000
2008-01-30,0.5716838356749905,0.584718209245814,0.5595641444649229,0.5760286450386047,530476000
2008-01-31,0.5634516509163102,0.5728272961344768,0.5449290719867791,0.5623083114624023,588708000
2008-02-01,0.5611649832687615,0.6174186976117982,0.5563628588633931,0.6142172813415527,593104000
2008-02-04,0.6274801228156689,0.630910249569114,0.5918070771799155,0.5950084924697876,565128000
2008-02-05,0.5831174419232811,0.5833461533801232,0.5575060113180238,0.5577346682548523,494928000
2008-02-06,0.563680344567713,0.5792301656004873,0.5456151329567073,0.5559054613113403,557380000
2008-02-07,0.5398981042873688,0.5771718517119484,0.5282357296779561,0.5613933801651001,664128000
2008-02-08,0.5561339033273024,0.5757998153876254,0.5488163914230015,0.5714550614356995,393932000
2008-02-11,0.5762573250839966,0.5856329695873905,0.5693971253234754,0.5732845664024353,503732000
2008-02-12,0.581974258037357,0.6027835168827288,0.578772787467276,0.5945512652397156,609688000
2008-02-13,0.5991245245123901,0.6197051737416004,0.5927216946330868,0.6178757548332214,742312000
2008-02-14,0.5998107199549493,0.6002680884418021,0.5156588983358076,0.5170308947563171,2184296000
2008-02-15,0.5149726248609727,0.5289216754919858,0.5010235197099613,0.5092557668685913,817364000
2008-02-19,0.5186315745300925,0.5195463114541484,0.49736494966619205,0.5017097592353821,558608000
2008-02-20,0.4870747186994046,0.5053685864184344,0.48501664222500585,0.4980510175228119,759016000
2008-02-21,0.5030816607023756,0.5055970501964856,0.48387306332188235,0.48684582114219666,644272000
2008-02-22,0.4907332568378647,0.5113139044984308,0.48707452833999115,0.5103992223739624,723052000
2008-02-25,0.509941862447079,0.5158873781340141,0.49667878060391507,0.5101705193519592,671784000
2008-02-26,0.5071977152349518,0.5222901599802299,0.49942283597829373,0.5145152807235718,565420000
2008-02-27,0.5120000100424337,0.5266350898898394,0.5087985403245522,0.5225189924240112,537816000
2008-02-28,0.5179453548713024,0.5188600368360563,0.5028528571128845,0.5028528571128845,503608000
2008-02-29,0.4946207853057239,0.5012522720543556,0.48707456184968684,0.4891325831413269,540576000
2008-03-03,0.48844674245740854,0.4918768701064202,0.47701307449408537,0.48341596126556396,449028000
2008-03-04,0.48021417302862845,0.4811289094767539,0.4598622411577196,0.4786134660243988,778888000
2008-03-05,0.4831869464225173,0.4955353436872451,0.4781561683887348,0.48410168290138245,644656000
2008-03-06,0.4781563566779563,0.4813577720546576,0.4530022385238319,0.45368826389312744,1075284000
2008-03-07,0.44545594621290596,0.46466454459087914,0.4344796237540671,0.44705668091773987,767500000
2008-03-10,0.4415685037016409,0.4470566785317717,0.42075922524990256,0.42144525051116943,776100000
2008-03-11,0.43447969672513304,0.4397391882929111,0.41710051430812944,0.43539440631866455,857940000
2008-03-12,0.43951049695504046,0.44339793745839706,0.41984455572275,0.4235033392906189,743320000
2008-03-13,0.41687178694740995,0.4568896664672473,0.4143563971605673,0.45048680901527405,1220528000
2008-03-14,0.4527735226558668,0.4532308637558818,0.4157284028745663,0.4189298450946808,1154972000
2008-03-17,0.4006360274621382,0.4225887040521246,0.3958338769024528,0.4084109365940094,800952000
2008-03-18,0.41801513210655084,0.4344796296481666,0.4061241273064985,0.4337936043739319,1075256000
2008-03-19,0.4237321352187647,0.429677626009292,0.40383753180503845,0.40383753180503845,880476000
2008-03-20,0.4086395480836556,0.42441802155258285,0.40132200820792435,0.4235033392906189,633460000
2008-03-24,0.4328789933266517,0.46054847494165174,0.4312782855970256,0.45803308486938477,887440000
2008-03-25,0.4600911126851507,0.4733541415598439,0.4557463038641251,0.4646645784378052,735388000
2008-03-26,0.4584904374125649,0.4616918527608779,0.44477001192834453,0.4498008191585541,721652000
2008-03-27,0.4429406278439689,0.45551765977090275,0.4360804013510874,0.44339796900749207,601308000
2008-03-28,0.45140154570433344,0.4616918720627056,0.4468280794383943,0.45002952218055725,561788000
2008-03-31,0.4548316907603748,0.4632926260041083,0.4468281239968521,0.4525449573993683,569992000
2008-04-01,0.4660366746698919,0.48135778098847337,0.45940513232363417,0.480214387178421,676872000
2008-04-02,0.48158634016244745,0.48158634016244745,0.4619204285906105,0.46557921171188354,616536000
2008-04-03,0.46169192945582277,0.4623779549329956,0.44339803485793544,0.4568897783756256,841984000
2008-04-04,0.44774264363391075,0.4500294034234423,0.4283054171329098,0.42944878339767456,1535528000
2008-04-07,0.4399678220751269,0.44637067945588743,0.436309038640405,0.4397391378879547,729496000
2008-04-08,0.43447965845260933,0.4514014982122374,0.43447965845260933,0.43722373247146606,639476000
2008-04-09,0.44225456113540723,0.45048681034946925,0.4381384365283762,0.4459133446216583,675232000
2008-04-10,0.4507154002662388,0.4690093149775043,0.4411111291178268,0.4546028673648834,1092184000
2008-04-11,0.4459133430184374,0.44865741699325673,0.42098791127547436,0.4237320125102997,1106280000
2008-04-14,0.422131304391503,0.42304601394761027,0.4070388556858055,0.40955427289009094,780004000
2008-04-15,0.41161224996855034,0.41595705826801965,0.40269400372543374,0.4143563508987427,439916000
2008-04-16,0.43013470571970414,0.43630887662056306,0.42258848472532307,0.4308207035064697,646836000
2008-04-17,0.4109262972958458,0.42647608615443994,0.41069761310645236,0.4248753786087036,596968000
2008-04-18,0.4379098185035474,0.4417972867675647,0.42899156989082426,0.434937059879303,573540000
2008-04-21,0.43150701091045096,0.4573471319336671,0.43150701091045096,0.45437437295913696,679892000
2008-04-22,0.44614200155204525,0.45094415147024913,0.4363090447852507,0.4459133446216583,587668000
2008-04-23,0.45208746473273864,0.47243940118393396,0.446141949081827,0.46740856766700745,1020496000
2008-04-24,0.47015269007575955,0.47243942277523276,0.44934341160655167,0.4562036097049713,655764000
2008-04-25,0.4605484222537232,0.46192047287072746,0.4461419998152023,0.4607771337032318,552208000
2008-04-28,0.45871915928209533,0.4655793593651148,0.4507155652585607,0.4525449573993683,535700000
2008-04-29,0.4475139899046573,0.4676372690189608,0.4475139899046573,0.4619204103946686,573408000
2008-04-30,0.4674087071284274,0.47495493239539266,0.46420729144426565,0.4699241518974304,1068320000
2008-05-01,0.47564092152797754,0.49279144705846123,0.4733541884252475,0.4916481077671051,1014624000
2008-05-02,0.5051397312738282,0.5149726867675781,0.49759350834792687,0.5149726867675781,1131016000
2008-05-05,0.5115426953149643,0.5138294284847756,0.5010237118298283,0.5021671056747437,943392000
2008-05-06,0.5007948519945841,0.516344609442016,0.4930199187508709,0.5152012705802917,729036000
2008-05-07,0.5165733434619428,0.5234335404928319,0.4989654553479946,0.5033102631568909,715632000
2008-05-08,0.5071978944839448,0.508798602277787,0.4804431213982655,0.5019384026527405,1360000000
2008-05-09,0.5033102411063752,0.5357818607713031,0.5023955591129964,0.5152012705802917,2030352000
2008-05-12,0.5218329183594425,0.5218329183594425,0.4955354648613985,0.5005662441253662,1006652000
2008-05-13,0.503081754446574,0.503081754446574,0.4866172549153026,0.490276038646698,854108000
2008-05-14,0.4964501725779874,0.5177167933858668,0.4902759993782819,0.5046824216842651,751148000
2008-05-15,0.5035389549822525,0.5460722449496924,0.5012522224799173,0.5437855124473572,1165464000
2008-05-16,0.5529326417999798,0.5593355278268891,0.5403555812428522,0.5581921339035034,1091556000
2008-05-19,0.5584207496056413,0.5787726910654365,0.5426422744613043,0.5465297698974609,1158532000
2008-05-20,0.5316659453143167,0.5378401190189183,0.5261777969680058,0.5323519706726074,771404000
2008-05-21,0.5337241298801333,0.5543047312522619,0.5268638749027302,0.5280072689056396,1066660000
2008-05-22,0.5355532408147612,0.5451575387071868,0.527092336382863,0.5408127307891846,693108000
2008-05-23,0.5398982214023248,0.5442430307098783,0.5206896194742032,0.5284645557403564,802672000
2008-05-27,0.529379174183096,0.5348673221343124,0.5193175059991854,0.5341812968254089,832856000
2008-05-28,0.5488162250498219,0.5501882206334535,0.5330377578981396,0.5392119288444519,751736000
2008-05-29,0.5394405965060299,0.540355278420124,0.5280069362798727,0.5378398895263672,693460000
2008-05-30,0.553161308736158,0.5666530519628953,0.5515606008306161,0.5648236870765686,830244000
2008-06-02,0.5648236859101784,0.5714552290194601,0.5586495112815458,0.5671104192733765,734660000
2008-06-03,0.568939715833958,0.5698544526854089,0.5412702618179951,0.5479017496109009,840696000
2008-06-04,0.5357820823697953,0.555447998701215,0.5328093237717887,0.5543046593666077,831724000
2008-06-05,0.5735133078842055,0.5796875376465229,0.5618509829287757,0.5682538151741028,827860000
2008-06-06,0.5613935510981938,0.5620795765499818,0.5469871256506915,0.5501885414123535,784876000
2008-06-09,0.5469868535640713,0.5545330752600138,0.5307510713346171,0.5417273640632629,637916000
2008-06-10,0.5270925970787955,0.5277786225904146,0.5062832837730813,0.5097134113311768,1225208000
2008-06-11,0.5097130965173967,0.5220614390597856,0.4852450137685965,0.48593103885650635,999428000
2008-06-12,0.4969075317547013,0.5065117767675684,0.48478778798701666,0.4889039397239685,825992000
2008-06-13,0.4895898701276884,0.49530667373881987,0.4728967185319848,0.48730313777923584,705748000
2008-06-16,0.4820438142064644,0.48661728048098346,0.4767843225387657,0.480671763420105,630496000
2008-06-17,0.4875319198363545,0.4877605767739096,0.4678660056862596,0.4690093994140625,687912000
2008-06-18,0.46420728478491535,0.4802144174961135,0.44774278361681735,0.4552890360355377,1065272000
2008-06-19,0.45780427121915157,0.4642070999461331,0.4431691406660522,0.4541454613208771,784928000
2008-06-20,0.44408396724849786,0.45688968260474666,0.443855283050705,0.45185884833335876,741008000
2008-06-23,0.45528892801656584,0.45574626910494925,0.4385957465805366,0.44248318672180176,776616000
2008-06-24,0.4399679216727939,0.46763743336405045,0.4399679216727939,0.457118421792984,1078928000
2008-06-25,0.4642072034904897,0.4676373300164836,0.4523161981537319,0.4596337378025055,900976000
2008-06-26,0.44591341147879665,0.44934351128893996,0.4360804259777069,0.4360804259777069,845532000
2008-06-27,0.43790965705116947,0.4433978310863486,0.42784804554334105,0.4408824145793915,584140000
2008-06-30,0.4358517422684738,0.43973918302942794,0.4251040750481773,0.428076833486557,653940000
2008-07-01,0.4230460793655766,0.4292202539690152,0.41527116960642163,0.42876291275024414,881464000
2008-07-02,0.4267048331403705,0.42944890751689724,0.4116123559194486,0.41229838132858276,763196000
2008-07-03,0.29681821689307075,0.3002483163403858,0.2835551602447844,0.28561320900917053,2987520000
2008-07-07,0.289958072172545,0.29178746433824093,0.2689201031570599,0.27669501304626465,2202692000
2008-07-08,0.2785243979651169,0.285384597962974,0.26983477858915067,0.27509427070617676,1805288000
2008-07-09,0.2757802514960471,0.27989637628016767,0.27029210329055786,0.27029210329055786,1413168000
2008-07-10,0.27166401231766485,0.27486545347278674,0.26457513221560525,0.26960596442222595,1056992000
2008-07-11,0.26411781513317834,0.2734934280817845,0.2588583256073748,0.2668619155883789,807760000
2008-07-14,0.2689200926367567,0.27097814170514495,0.25291293225813527,0.2547423243522644,882316000
2008-07-15,0.2524555099265199,0.26274583374184163,0.24468063009983523,0.25748634338378906,1122484000
2008-07-16,0.2584009523627943,0.26571848905657497,0.2513120725050725,0.2588582932949066,1034392000
2008-07-17,0.2629746109454231,0.2629746109454231,0.24971155053245775,0.2597731947898865,862080000
2008-07-18,0.25794371243966413,0.2659472772957514,0.25062614562037994,0.26434656977653503,899720000
2008-07-21,0.26846266927919465,0.2723501092521633,0.2636605199090551,0.26594725251197815,571636000
2008-07-22,0.26343174626566757,0.26457511217876534,0.2551995280473599,0.26023033261299133,555924000
2008-07-23,0.262059737906103,0.27074932477447344,0.2609163719302647,0.26800525188446045,594876000
2008-07-24,0.26526129252655734,0.26777670991250185,0.25154089353415365,0.25222691893577576,705628000
2008-07-25,0.2547422701412259,0.26526125199894285,0.24948277921236744,0.26434656977653503,1039600000
2008-07-28,0.26091644663943653,0.272350109671663,0.2597730803362139,0.2636605203151703,734808000
2008-07-29,0.264117925395333,0.27303620107787957,0.2611451668344842,0.2664046585559845,764636000
2008-07-30,0.27166411549041397,0.27212148387198504,0.25657166765872497,0.26251718401908875,588492000
2008-07-31,0.2618312077185919,0.26731938398471544,0.25885844898194305,0.2616025507450104,487236000
2008-08-01,0.2547423583887398,0.25565706818802564,0.24468074141670007,0.2478821575641632,881060000
2008-08-04,0.24788212669385243,0.2492541775919036,0.24125058369995359,0.2419366091489792,522052000
2008-08-05,0.24651001560528413,0.25588563084602356,0.2437659417392156,0.25588563084602356,685844000
2008-08-06,0.2565716569454275,0.265032590011117,0.24833940806097468,0.26274585723876953,814864000
2008-08-07,0.26045913100028634,0.2721214793358214,0.25565698115388824,0.2586297392845154,819232000
2008-08-08,0.26068777037507246,0.2629745030508184,0.250626130245788,0.2515408396720886,853764000
2008-08-11,0.25337031301141644,0.26297458789624667,0.2524556032899963,0.25680041313171387,1196436000
2008-08-12,0.25885835353940895,0.2595443787272344,0.2494827395791299,0.25314152240753174,1410868000
2008-08-13,0.2732648108413573,0.28446978937152,0.26663327012636123,0.2803536653518677,2095260000
2008-08-14,0.27829573879736536,0.30848064331507097,0.27829573879736536,0.2972756326198578,1635304000
2008-08-15,0.3025349016649821,0.3059650266983665,0.2943026561048473,0.29636073112487793,777652000
2008-08-18,0.29841885727124506,0.3050503977310509,0.2952174427458223,0.30230632424354553,893968000
2008-08-19,0.29613221060952405,0.3087092699857638,0.29613221060952405,0.3068798780441284,1014140000
2008-08-20,0.31145344319191737,0.32288711238368417,0.30916670935356405,0.32197242975234985,1143692000
2008-08-21,0.3162554323251524,0.3187708491562285,0.3050504259303632,0.31145328283309937,1021560000
2008-08-22,0.31373996644661084,0.31739874903619214,0.30459303723265696,0.3112245500087738,459264000
2008-08-25,0.3093952763962881,0.31671281645403876,0.30573649273740916,0.30665117502212524,471600000
2008-08-26,0.3082519375400525,0.3084805945017231,0.2961322189911854,0.2993336617946625,613112000
2008-08-27,0.2924734035170521,0.30527911763873666,0.2897293024481166,0.30162033438682556,454620000
2008-08-28,0.3020777656232758,0.3052792087390623,0.29750429882359153,0.3004770576953888,365192000
2008-08-29,0.2963608466206937,0.2972755288127309,0.2881285978523406,0.2890433073043823,516004000
2008-09-02,0.29384545426207426,0.296360871390421,0.2778383237435214,0.28172576427459717,693928000
2008-09-03,0.2778383401565826,0.27898170668973693,0.2641179144987224,0.2666333317756653,714856000
2008-09-04,0.2636605557846735,0.26640462982955976,0.26137382287060057,0.2629745304584503,716128000
2008-09-05,0.2606877168241758,0.2675479134421809,0.2604590599595745,0.2668619155883789,791100000
2008-09-08,0.26937737051586824,0.26937737051586824,0.2515408494964154,0.25588563084602356,1314840000
2008-09-09,0.25497095649474877,0.2705207452279333,0.2462813662679687,0.2471960484981537,1098296000
2008-09-10,0.25016882567960175,0.25519966010859313,0.2458240438654813,0.24742475152015686,644284000
2008-09-11,0.23324695180849878,0.24056451820406163,0.22775879064182855,0.2355336844921112,1066976000
2008-09-12,0.23347567985092343,0.23507638757822422,0.21975526754118252,0.23301833868026733,1209200000
2008-09-15,0.22478609950446868,0.22821621317927188,0.20992231901367484,0.21266640722751617,863984000
2008-09-16,0.20512014808776485,0.22089862206605473,0.20123269382890968,0.21929790079593658,1240840000
2008-09-17,0.21426709470808358,0.23370434007272145,0.21220903215135678,0.2286735326051712,1392580000
2008-09-18,0.23141763927382927,0.2611452015772658,0.23096029803285617,0.24902550876140594,1611060000
2008-09-19,0.260916531085968,0.2629745801938623,0.24925418011453587,0.260916531085968,1107344000
2008-09-22,0.25885850429269014,0.2664047312335185,0.2540563524412493,0.25542840361595154,700072000
2008-09-23,0.25337027764943726,0.26274589424040073,0.24719607648660297,0.2481107860803604,821468000
2008-09-24,0.24490926904474009,0.26228844619021174,0.2435372459606242,0.2572576403617859,866036000
2008-09-25,0.2572576452703479,0.26846265060109215,0.2529128372710793,0.2622884511947632,588328000
2008-09-26,0.2558857161427594,0.26914880331320784,0.2510835920914046,0.2673194110393524,646852000
2008-09-29,0.2602304144945018,0.2634318291545033,0.22867347265161828,0.2309602051973343,975240000
2008-09-30,0.23461891858946676,0.2471959438607176,0.23210350263121893,0.24490921199321747,659044000
2008-10-01,0.2412506707249732,0.24559548196274072,0.23370444258360545,0.23804925382137299,557208000
2008-10-02,0.23964978978894746,0.23964978978894746,0.2122089724995259,0.21335235238075256,787728000
2008-10-03,0.21678246640629273,0.22295665277587098,0.2051201189182011,0.20649215579032898,915828000
2008-10-06,0.1966592104990798,0.1971165516044719,0.16716032756121757,0.17950870096683502,1677440000
2008-10-07,0.18591157308183118,0.18636891422377752,0.1641875826093032,0.16555961966514587,1059984000
2008-10-08,0.15961410270094645,0.1788226743216903,0.15801338158421657,0.16898971796035767,1219456000
2008-10-09,0.17516386862254035,0.1776792852519637,0.1564126541277519,0.15824203193187714,909636000
2008-10-10,0.14452164865176229,0.1676176594316309,0.14360695286137112,0.15572664141654968,1200252000
2008-10-13,0.1689897455181495,0.184310865751024,0.1669316829638822,0.18408219516277313,916536000
2008-10-14,0.19094237056095717,0.19208573698832795,0.17493522694776342,0.1799660474061966,1209012000
2008-10-15,0.17882266919325826,0.17973736500087112,0.16052879393100739,0.16052879393100739,854064000
2008-10-16,0.16533097749210818,0.17699332854495395,0.1577847519437969,0.17607863247394562,1019820000
2008-10-17,0.17104781052828638,0.18499689380192905,0.16784638135679456,0.1749352514743805,839416000
2008-10-20,0.18088073692316886,0.18225277386183944,0.174020524969811,0.1783653199672699,595764000
2008-10-21,0.1749352719855206,0.17676466419229908,0.1637302753865171,0.1646449714899063,659116000
2008-10-22,0.16235811410999793,0.1692183234095738,0.15412588203250294,0.15847067534923553,600996000
2008-10-23,0.15801339978655024,0.16190085412070693,0.14314962144183863,0.14955247938632965,832192000
2008-10-24,0.13720408327528552,0.15892805517637207,0.1365180580884089,0.15115316212177277,798336000
2008-10-27,0.1502384974179234,0.16876104498574787,0.1454363473788558,0.15938544273376465,698936000
2008-10-28,0.16784637055856386,0.18362483117939238,0.16487361216985558,0.18339616060256958,849920000
2008-10-29,0.1822528101984455,0.20123271509251242,0.181338114180297,0.1893416941165924,977284000
2008-10-30,0.20008932970120252,0.2012326962090948,0.18522555146859906,0.19734524190425873,657176000
2008-10-31,0.19117109043602243,0.20420547831915845,0.1907137356016987,0.20031802356243134,608672000
2008-11-03,0.2046628476783384,0.20832163233623455,0.18979906567315194,0.19300049543380737,723924000
2008-11-04,0.19963204494447181,0.2053488790988922,0.19437255207040194,0.2053488790988922,619560000
2008-11-05,0.19780260728896776,0.2035194401348898,0.1946011781692505,0.1946011781692505,787620000
2008-11-06,0.18316749352167247,0.1900276927373136,0.17379187702295953,0.17424923181533813,797936000
2008-11-07,0.19848857529934272,0.20740684892911831,0.18522552056839667,0.19940327107906342,1132068000
2008-11-10,0.20694950903471782,0.20809288906369658,0.18225277573482954,0.1865975707769394,576396000
2008-11-11,0.1838534949819572,0.18522553192062777,0.17653594192570995,0.1783653199672699,576484000
2008-11-12,0.17287718920726158,0.17699331438243507,0.1657883190766894,0.16784638166427612,646092000
2008-11-13,0.1600714552831292,0.18179544541248416,0.15687002645006667,0.1815667748451233,797228000
2008-11-14,0.17424917130384834,0.17516385331095558,0.16327283728856687,0.1639588624238968,741024000
2008-11-17,0.16235817191623103,0.16670296677989055,0.15892807286018437,0.16052879393100739,388224000
2008-11-18,0.16373024513508025,0.1646449410694667,0.15000983337929136,0.1552693247795105,564488000
2008-11-19,0.15389727473065415,0.15778472906116237,0.14177758421495795,0.14246360957622528,500220000
2008-11-20,0.14132025230145284,0.14840913674843714,0.13331668539808908,0.13491739332675934,847036000
2008-11-21,0.13926219363657252,0.14589372277259827,0.13148728424812345,0.14589372277259827,599064000
2008-11-24,0.15481194295839687,0.1573273597461266,0.14635102408058193,0.1554979681968689,600308000
2008-11-25,0.16235819274424695,0.16281554752172586,0.15526932317835987,0.15984278917312622,528256000
2008-11-26,0.15709870298675258,0.17447789847659959,0.1561840206825536,0.17402054369449615,600792000
2008-11-28,0.17127645847039685,0.17379186190464718,0.16853237084484854,0.17081910371780396,175248000
2008-12-01,0.1639588968604544,0.1655596043390908,0.15595531857726522,0.15618400275707245,547112000
2008-12-02,0.1591568693030903,0.16693178300302,0.15709880551546337,0.16487371921539307,479988000
2008-12-03,0.15847076007561267,0.17356320952186022,0.15709870930413236,0.173334538936615,584632000
2008-12-04,0.16990442910851564,0.17836534997545397,0.15801340850281964,0.1619008630514145,466292000
2008-12-05,0.15686997877463676,0.16898967872142318,0.15412590554026953,0.16830365359783173,438484000
2008-12-08,0.1715051472209586,0.1749352468941767,0.1589281014558211,0.16281555593013763,707992000
2008-12-09,0.16075748638490217,0.1849968808852007,0.1589280945203503,0.17859402298927307,829760000
2008-12-10,0.18202411551679767,0.20008932200240928,0.1790513572586584,0.19551585614681244,961124000
2008-12-11,0.1943724264048879,0.20123262295494326,0.18499681354914638,0.18728354573249817,582700000
2008-12-12,0.18179545838705857,0.19780260369478636,0.17813667452814685,0.19665923714637756,679268000
2008-12-15,0.1978026119830137,0.19894597857933127,0.18408219919719757,0.19025638699531555,476996000
2008-12-16,0.19208573568593723,0.2035194135121246,0.1902563575925494,0.20306207239627838,521940000
2008-12-17,0.19940324192870118,0.21609640680075978,0.1966591686206913,0.2131236493587494,674180000
2008-12-18,0.21175165823181172,0.21243768352131093,0.19094236529369543,0.19345778226852417,550808000
2008-12-19,0.1959731580191238,0.20351938062105032,0.19414376659138385,0.1948297917842865,593120000
2008-12-22,0.19780259776246134,0.19825993891610694,0.17630729094103909,0.18339616060256958,522464000
2008-12-23,0.1845394948634672,0.18842694851003397,0.17813663805147584,0.18088072538375854,377452000
2008-12-24,0.17722194583417403,0.18156675427173613,0.17287715102661383,0.1765359342098236,146616000
2008-12-26,0.17653597708562402,0.17882271031551467,0.16693168934208014,0.1717338263988495,226156000
2008-12-29,0.17402052525341552,0.17722195386886597,0.16281553191434023,0.17722195386886597,460168000
2008-12-30,0.17950871990657014,0.18614024841445506,0.17539259500374393,0.18339616060256958,409860000
2008-12-31,0.18110941254215848,0.18911299110668695,0.17790798384234766,0.18453951179981232,441580000
2009-01-02,0.1845395342596697,0.20054667970691448,0.18385352250264783,0.1991746425628662,497124000
2009-01-05,0.196887911897349,0.20740689526935632,0.19551587473621904,0.20283342897891998,705736000
2009-01-06,0.20877891476150498,0.21563912724658368,0.20420544885812153,0.20969361066818237,657904000
2009-01-07,0.2048914462121368,0.2048914462121368,0.19002765679618785,0.19711653888225555,870096000
2009-01-08,0.19460114497643693,0.19460114497643693,0.18019470957999006,0.19208572804927826,1014496000
2009-01-09,0.19208575524206967,0.19208575524206967,0.18088076046303464,0.1813381016254425,761352000
2009-01-12,0.18133809753811533,0.1822527934723182,0.17150514009794116,0.17402054369449615,645532000
2009-01-13,0.16807505194832864,0.1815667940389031,0.16487362277683681,0.1749352514743805,1824424000
2009-01-14,0.1687610698339405,0.1708191324922816,0.16464495814726374,0.16716036200523376,974908000
2009-01-15,0.16807501583187498,0.175849909683376,0.1646449168059188,0.17310583591461182,998204000
2009-01-16,0.1779079763790988,0.18431083351012026,0.17219114452283046,0.18271012604236603,831324000
2009-01-20,0.18225291241756472,0.18293893822344465,0.16350166760363322,0.16487371921539307,705788000
2009-01-21,0.16807502648035108,0.17402052910935495,0.1619008396644602,0.17287716269493103,648472000
2009-01-22,0.16738900474188836,0.1742492170044264,0.16350155067211672,0.16967573761940002,547656000
2009-01-23,0.16487365383534125,0.18156682824202783,0.16464498320073073,0.1763073354959488,633616000
2009-01-26,0.1772219591627326,0.18751227060192438,0.17424921464030196,0.18225277960300446,581748000
2009-01-27,0.18522559848078915,0.1943725464955221,0.18453957294993176,0.19300049543380737,725300000
2009-01-28,0.1998606173479392,0.20420541189572036,0.19345776079015628,0.20100398361682892,723752000
2009-01-29,0.19437251540140651,0.19665924863177514,0.18842699809844393,0.1893416941165924,413128000
2009-01-30,0.1879696198464085,0.1930004265094005,0.1795087003841006,0.18179543316364288,506760000
2009-02-02,0.1790513660610415,0.1936864738744352,0.1781366701189539,0.19162841141223907,577992000
2009-02-03,0.19208573697224451,0.19551584988407256,0.18682624595477815,0.19391512870788574,396948000
2009-02-04,0.19437246473560202,0.2092362404885597,0.19437246473560202,0.19940327107906342,779232000
2009-02-05,0.19414381725720362,0.21632514980972314,0.1920857547714026,0.2140384167432785,919192000
2009-02-06,0.21472445587500932,0.22707281795110867,0.2110656718302354,0.22570078074932098,1157880000
2009-02-09,0.22478607653488764,0.22798750564223083,0.21655383999457992,0.22272801399230957,716128000
2009-02-10,0.2224992626927823,0.22547202013479267,0.20900752576673495,0.2131236493587494,1129664000
2009-02-11,0.19620182252508617,0.20329070386775253,0.17973734107018396,0.18636886775493622,1983400000
2009-02-12,0.1822528071910874,0.19139975359163316,0.1797374034051897,0.19025638699531555,1024020000
2009-02-13,0.18591157281176365,0.19231443056973316,0.18453952212791047,0.19002768397331238,764304000
2009-02-17,0.1829388542974934,0.18728365060479565,0.17836537373980163,0.17905139923095703,779576000
2009-02-18,0.17905138602048318,0.18979904068558162,0.17882271541697164,0.18385353684425354,646252000
2009-02-19,0.1875122731459952,0.18911299433825518,0.16967573761940002,0.16967573761940002,743988000
2009-02-20,0.16738901520903013,0.17676463149710483,0.16578830754667803,0.17402054369449615,770056000
2009-02-23,0.17699324160125712,0.1779079372229431,0.1648735552814162,0.16601692140102386,679548000
2009-02-24,0.16693164544549174,0.18110939592061504,0.16670296127863365,0.18088072538375854,659524000
2009-02-25,0.1804233676082851,0.18842694530201193,0.17424919506826886,0.18293878436088562,702360000
2009-02-26,0.1893417174588521,0.19528722186477795,0.18659762906611232,0.18888436257839203,1117556000
2009-02-27,0.18408220223474248,0.19368648998029386,0.18271016502252233,0.1893416941165924,755444000
2009-03-02,0.1847682181289255,0.18865565896810776,0.17264851355087482,0.173334538936615,700064000
2009-03-03,0.17653595073027722,0.18705493292138198,0.17081910487902285,0.18019472062587738,1041372000
2009-03-04,0.18499686276137833,0.19894594369451019,0.18339614162921433,0.19345778226852417,1108668000
2009-03-05,0.19071375484021855,0.19848865150797093,0.18796968007748563,0.18888436257839203,955252000
2009-03-06,0.18888431151643162,0.19871728204305208,0.18636890805892584,0.19185706973075867,974756000
2009-03-09,0.19048511086108924,0.20489155308571283,0.18934174394500897,0.18979908525943756,682768000
2009-03-10,0.19665926161815714,0.21060834614853688,0.19482986946105638,0.20694956183433533,1254800000
2009-03-11,0.20694956018951488,0.27097814887908656,0.20351946014471767,0.21266640722751617,864916000
2009-03-12,0.21198033485426213,0.22753013736476993,0.20923626087770383,0.22524340450763702,1604604000
2009-03-13,0.2220419761087808,0.22730146713993635,0.21838319262797537,0.2241000384092331,1195156000
2009-03-16,0.2263866843514237,0.22661535482367817,0.21358097434520154,0.21541035175323486,699344000
2009-03-17,0.21609645659200105,0.22661543849973886,0.21335238265172332,0.22615809738636017,1005384000
2009-03-18,0.22272794256643474,0.23987846279797762,0.22249927205281422,0.23324692249298096,1359560000
2009-03-19,0.23484763958938204,0.23484763958938204,0.2289021514653483,0.23050285875797272,822648000
2009-03-20,0.23393297387231526,0.23416165804155642,0.211980315875294,0.21792583167552948,1093672000
2009-03-23,0.2247860239871377,0.23416165216049908,0.219755217730214,0.23370428383350372,816048000
2009-03-24,0.22798751767358572,0.23004559395477717,0.2224993551470911,0.2236427217721939,1114868000
2009-03-25,0.23050286194191272,0.23782040056641698,0.21861183100959108,0.2273014336824417,1243852000
2009-03-26,0.23096019323325467,0.24193651433610228,0.2284447902892689,0.24147917330265045,1333664000
2009-03-27,0.23896381650655465,0.24490933320872885,0.23553371700760978,0.23919250071048737,731892000
2009-03-30,0.23004555071134283,0.23301830882980007,0.22066992161389937,0.2238713502883911,780052000
2009-03-31,0.22730152957486066,0.2309603004306501,0.2238714157119251,0.22547213733196259,805272000
2009-04-01,0.22272797530183233,0.23324695677440363,0.2142670560143294,0.23118890821933746,887920000
2009-04-02,0.23987856006191388,0.246281418819467,0.23644846007679735,0.2419366091489792,1002860000
2009-04-03,0.24216514482284798,0.2595443183230724,0.23804902191384802,0.2588582932949066,1003208000
2009-04-06,0.2545136836327398,0.2618312252165861,0.25108358345968557,0.2595444917678833,887288000
2009-04-07,0.254513705200567,0.2572577801195443,0.24902552810259715,0.25062623620033264,607804000
2009-04-08,0.25337030559033613,0.2616025565419367,0.25131222922243013,0.260916531085968,731652000
2009-04-09,0.2675480635108016,0.27623765621962987,0.26549001427503255,0.27532297372817993,904412000
2009-04-13,0.2718928344975538,0.27212151871762275,0.26045916869429636,0.2664046585559845,767628000
2009-04-14,0.262745762943605,0.2744081068011542,0.2616023969677667,0.26800525188446045,711960000
2009-04-15,0.2586297333680403,0.26160249143066194,0.24948277499843344,0.26045912504196167,1045368000
2009-04-16,0.26526125667563033,0.27029209076758565,0.2551996430117315,0.26709064841270447,1038772000
2009-04-17,0.2670905536749992,0.2714353609169367,0.26068769849635187,0.2689199447631836,695764000
2009-04-20,0.25862978263290715,0.26091651584589404,0.25131221454334113,0.25268426537513733,590660000
2009-04-21,0.24925425968321632,0.26251732277916157,0.2455954742567416,0.25199833512306213,932184000
2009-04-22,0.24971153248645872,0.27006347653592133,0.2455954068267911,0.2595444917678833,916404000
2009-04-23,0.2620599479469897,0.2643466817314821,0.2474248353702281,0.25542840361595154,753952000
2009-04-24,0.257943748025751,0.26320323968021236,0.2517695467626825,0.2613738477230072,759508000
2009-04-27,0.25794385462607844,0.2652613982190074,0.25039762672148713,0.25199833512306213,787024000
2009-04-28,0.24879682436506173,0.2579437572170091,0.24651006389206473,0.25268426537513733,634392000
2009-04-29,0.2538276129793508,0.25497097950024844,0.24582404733306726,0.24879680573940277,859668000
2009-04-30,0.2535989094785431,0.2698347237441477,0.2515408608014973,0.26251718401908875,1110276000
2009-05-01,0.26183108292717666,0.2730360870925838,0.2616024260625754,0.2668619155883789,840548000
2009-05-04,0.27143543220399075,0.28332643651012807,0.26777664906671617,0.2812683880329132,927704000
2009-05-05,0.27509427892773164,0.276923671100503,0.264117953151116,0.2698347866535187,837076000
2009-05-06,0.27280747574382624,0.2753228927454559,0.25908707884767657,0.26434656977653503,935088000
2009-05-07,0.2702921441137214,0.2702921441137214,0.24193660748269846,0.24536670744419098,1289196000
2009-05-08,0.24010713730375183,0.24010713730375183,0.20832153830765626,0.21152296662330627,2930564000
2009-05-11,0.20809294815636367,0.22089866636536987,0.2062635559465038,0.2156391739845276,1038596000
2009-05-12,0.22044133217056824,0.22044133217056824,0.20123275305570643,0.2053488790988922,1201384000
2009-05-13,0.20397676014856875,0.20512012652273093,0.19048502057745212,0.19208572804927826,1305608000
2009-05-14,0.19185703412170924,0.19894591568170106,0.19048499736590457,0.1948297917842865,1017864000
2009-05-15,0.19620187843596754,0.20672086137554188,0.19391514538475643,0.19986066222190857,780308000
2009-05-18,0.20489153107738686,0.21335245352556012,0.20443417618207607,0.211980402469635,938320000
2009-05-19,0.21335234268946557,0.21861181902819815,0.20992223046159617,0.2160964161157608,859768000
2009-05-20,0.21998396655131067,0.234390392478534,0.21906927046180336,0.22249937057495117,1309436000
2009-05-21,0.21975524952390063,0.22410004480893053,0.2149530994757077,0.22112728655338287,965600000
2009-05-22,0.22112734417077817,0.22775887410953802,0.21701121837982187,0.22455744445323944,718260000
2009-05-26,0.2224992437545713,0.23850638212216652,0.22021251164920033,0.23667699098587036,865540000
2009-05-27,0.23553365996769646,0.2442232487126405,0.2332469275221849,0.23713436722755432,814152000
2009-05-28,0.24079322288550256,0.24239393062958237,0.2300455825923847,0.2403358817100525,995288000
2009-05-29,0.24056449703696514,0.24102183808144573,0.23027417360614347,0.23850642144680023,834232000
2009-06-01,0.24125049742373258,0.25154082095905883,0.24033581532548223,0.2501687705516815,1022764000
2009-06-02,0.2501688349612993,0.25565701074381775,0.24353731989159946,0.2481107860803604,907984000
2009-06-03,0.24490934798457153,0.2458240575954809,0.23439036464917407,0.2403358817100525,735688000
2009-06-04,0.24102194163433044,0.24948285000237908,0.2407932573838373,0.24902550876140594,673180000
2009-06-05,0.25359888082375764,0.25359888082375764,0.24468063455091343,0.24765336513519287,559992000
2009-06-08,0.2458239996506223,0.2497114396156265,0.2401071408950242,0.24628134071826935,473948000
2009-06-09,0.24971155053245775,0.2625172696746343,0.24788215818928755,0.2597731947898865,725032000
2009-06-10,0.26114502876943524,0.2696059587986351,0.25542819889024354,0.26800525188446045,833320000
2009-06-11,0.2686912769726422,0.278981599061125,0.26297444651237284,0.26457515358924866,835156000
2009-06-12,0.26068763908602555,0.26411773637215863,0.25474212621939885,0.26320305466651917,595000000
2009-06-15,0.2584009523627943,0.2618310502436285,0.2542848294537944,0.2588582932949066,445164000
2009-06-16,0.2588584261912021,0.2620598688795781,0.24811078609881612,0.2517695426940918,594912000
2009-06-17,0.2556569572076265,0.2604591066042284,0.2458240015088721,0.25794368982315063,799016000
2009-06-18,0.25702894294532913,0.261831091641763,0.25016874609899453,0.25291281938552856,566376000
2009-06-19,0.2554283032360789,0.2620598449610108,0.25222688809990923,0.25565698742866516,747564000
2009-06-22,0.2565717249325051,0.2565717249325051,0.24033590704262475,0.24125058948993683,574864000
2009-06-23,0.2435373204993499,0.24399466166736555,0.23073157697485008,0.2401071935892105,589764000
2009-06-24,0.24307995146471637,0.2538276188163116,0.24307995146471637,0.2481107860803604,515096000
2009-06-25,0.24582389900592794,0.2616023638297873,0.24330848327372098,0.2611449956893921,870444000
2009-06-26,0.26000168922103317,0.26548986281889053,0.25771495703692543,0.26457515358924866,513956000
2009-06-29,0.2652611786964806,0.2693773020798741,0.26183108042031894,0.26457515358924866,510056000
2009-06-30,0.26366062933045564,0.2673194139175604,0.2533703283467396,0.2581724524497986,589844000
2009-07-01,0.2597731273556337,0.26274588573408797,0.25497097710889927,0.25931575894355774,696420000
2009-07-02,0.25085479990252163,0.2540562145593257,0.24582399375897143,0.24925409257411957,552312000
2009-07-06,0.249025499332138,0.24925418357397208,0.2371344639570082,0.24125058948993683,752456000
2009-07-07,0.2421653163457504,0.2435373673738899,0.23004562313056498,0.23073162138462067,1072996000
2009-07-08,0.2321035904082548,0.232789615679945,0.22204196366014434,0.23118890821933746,1205860000
2009-07-09,0.2350763823235502,0.2401071896083312,0.2343903569528963,0.23621974885463715,714564000
2009-07-10,0.23621968515335012,0.23873510174741322,0.23118887922522494,0.23713436722755432,520008000
2009-07-13,0.24193661420307158,0.24193661420307158,0.2275301885126275,0.2398785650730133,556012000
2009-07-14,0.2417077982827149,0.245823921096214,0.2389636982337194,0.24490921199321747,452568000
2009-07-15,0.25382763097000866,0.2600018051684641,0.2515408977661355,0.2549709975719452,1022808000
2009-07-16,0.2577150897480761,0.2691487838164275,0.2563430660870825,0.2682340741157532,952076000
2009-07-17,0.2682340833343386,0.2769236758593202,0.265490008658032,0.2760089933872223,850356000
2009-07-20,0.2782956656091734,0.28241179034819197,0.2746368820055998,0.2794390320777893,782756000
2009-07-21,0.2787529479295662,0.2798963141569393,0.26731928565583546,0.2737221419811249,941296000
2009-07-22,0.2682340524661588,0.2830978453773318,0.2664046604724752,0.2805824279785156,600908000
2009-07-23,0.2810398135916984,0.29819034239131154,0.2780670545394984,0.2972756326198578,1046120000
2009-07-24,0.28812848556474313,0.2972754129604512,0.2862990946336027,0.29636073112487793,650592000
2009-07-27,0.293616794762299,0.3020777010819725,0.2908726934607776,0.2977329194545746,677484000
2009-07-28,0.2956748782936797,0.30139171124498637,0.2931594608911009,0.29819029569625854,563180000
2009-07-29,0.29476017944416677,0.2965895713382977,0.289272003761774,0.2922447621822357,373972000
2009-07-30,0.2972754783423132,0.30116294514848185,0.2920159884810261,0.2945314049720764,468444000
2009-07-31,0.2945314939560811,0.2997909854063684,0.28767129482788234,0.2956748604774475,541560000
2009-08-03,0.30276368143698784,0.30710848967904547,0.2970468500079667,0.30367836356163025,471900000
2009-08-04,0.29841891507920354,0.3109959732482924,0.29796157395269274,0.3057364821434021,695380000
2009-08-05,0.30390708476309425,0.30870923465276073,0.3002483012985859,0.30642250180244446,610768000
2009-08-06,0.30756581458873633,0.3130539615683711,0.2981902006335257,0.30001959204673767,957588000
2009-08-07,0.31625541540458224,0.32540234555910313,0.30916653363082774,0.31351134181022644,1401872000
2009-08-10,0.3157979801876824,0.32037144390127764,0.3013915367778646,0.3032209277153015,693312000
2009-08-11,0.3011630718171934,0.30573653844451415,0.2945315288515715,0.29613223671913147,481884000
2009-08-12,0.2963609704920606,0.31031005694102193,0.2961322862184648,0.30710864067077637,634940000
2009-08-13,0.30939525187699024,0.31739881664400627,0.3039070768236048,0.31625545024871826,564028000
2009-08-14,0.31579815353709745,0.3162554947075041,0.3027637529904511,0.3068798780441284,427148000
2009-08-17,0.29750430774697284,0.29841899023033985,0.29087276433251585,0.2940742075443268,465032000
2009-08-18,0.29407412078361167,0.3082518859130253,0.29384543660023205,0.30482175946235657,636200000
2009-08-19,0.3002482650775963,0.30322102287638464,0.29727550727880797,0.3013916313648224,552996000
2009-08-20,0.3000196424920328,0.31465474899847384,0.2993336171892299,0.31328269839286804,819840000
2009-08-21,0.31579813809954194,0.3189995533958983,0.30939528024682156,0.3185422122478485,607324000
2009-08-24,0.31671277936200914,0.3201428784179871,0.30779450546046405,0.3096238970756531,461456000
2009-08-25,0.31122461187511347,0.3155694204714177,0.30596514833959454,0.3123680055141449,444088000
2009-08-26,0.3116821130506021,0.3167129218100774,0.310538746184357,0.316026896238327,434308000
2009-08-27,0.317398898761081,0.3217436812832504,0.3139687986877855,0.3203716576099396,551072000
2009-08-28,0.3290611911574369,0.3436962985462742,0.32860385001466236,0.3368360996246338,883992000
2009-08-31,0.33294852479373443,0.334549259169184,0.32768903519153947,0.33203384280204773,431796000
2009-09-01,0.3318053299142642,0.34118094783767305,0.3189996118618052,0.32082900404930115,736856000
2009-09-02,0.32128634286698327,0.3286039115619819,0.3194569506932336,0.32540246844291687,404656000
2009-09-03,0.3254023902522129,0.33363463942595895,0.3244877080151326,0.3331772983074188,534020000
2009-09-04,0.3318053144407767,0.34781247488987516,0.3318053144407767,0.34552574157714844,513048000
2009-09-08,0.34804110340758376,0.35512998700141907,0.34529702910868304,0.35512998700141907,549712000
2009-09-09,0.3544439234941377,0.3656489309613215,0.3494131166105071,0.3649629056453705,571684000
2009-09-10,0.3661062870696488,0.3770826380541041,0.36199016226548,0.37662526965141296,607952000
2009-09-11,0.3757105585356284,0.37708260911840186,0.37045106764833713,0.3731951415538788,712732000
2009-09-14,0.3677069899067274,0.37067974796505343,0.36381952238276,0.36702096462249756,490516000
2009-09-15,0.3704509680829635,0.3791405558316999,0.3670208698079358,0.37456709146499634,546136000
2009-09-16,0.3736524905919546,0.3743385158979017,0.3590174112784438,0.3645055592060089,707064000
2009-09-17,0.36359091280909017,0.36359091280909017,0.3423242625285925,0.34849846363067627,923096000
2009-09-18,0.3519285553318576,0.3544439452984086,0.3452970132163876,0.3480410873889923,604740000
2009-09-21,0.3439249872460022,0.3523859218386549,0.3409522559134592,0.3464404046535492,588776000
2009-09-22,0.34895572640417877,0.3510137748025509,0.3443822612877941,0.3471263349056244,361388000
2009-09-23,0.34918443136836197,0.3521571895552052,0.341180866313018,0.3416382074356079,478936000
2009-09-24,0.3473551911202388,0.3473551911202388,0.3359214954058438,0.33706486225128174,552876000
2009-09-25,0.33523546244758207,0.33683619780387797,0.329061287070491,0.33157670497894287,377556000
2009-09-28,0.3327199448176121,0.34758370780753717,0.3327199448176121,0.33912280201911926,467708000
2009-09-29,0.34118093561109697,0.345297061070454,0.3322626592391547,0.3329486846923828,470928000
2009-09-30,0.3398089462387645,0.34781254162907055,0.332262719406774,0.3436964154243469,875956000
2009-10-01,0.34255292990154884,0.34255292990154884,0.31899954770694045,0.31922823190689087,999960000
2009-10-02,0.31602677138735374,0.32357299517532934,0.3141973796720861,0.31671279668807983,612476000
2009-10-05,0.32014295139856125,0.32128631801119856,0.3096239676582938,0.3151121437549591,754276000
2009-10-06,0.3189996066766165,0.3258598068232075,0.3167128732944195,0.3203716576099396,761272000
2009-10-07,0.31808478732563905,0.3215148859226373,0.3144260045848408,0.317856103181839,459608000
2009-10-08,0.3196856864941188,0.32060036909850104,0.30848067466034435,0.3199143707752228,1241524000
2009-10-09,0.31808488240649885,0.32448774048681633,0.3176275412421923,0.32403039932250977,618540000
2009-10-12,0.3185422654521795,0.32654583228986905,0.31831358120995495,0.3203716576099396,499008000
2009-10-13,0.32220099020621074,0.32585974658536754,0.316255473607571,0.31922823190689087,602124000
2009-10-14,0.3315766007317051,0.3315766007317051,0.3171701506145023,0.3187708854675293,1101948000
2009-10-15,0.3183135006888847,0.32128625878574985,0.3073371777789241,0.3093952536582947,1092196000
2009-10-16,0.3055077387689683,0.3064224481048041,0.2968181500085337,0.30230632424354553,1018832000
2009-10-19,0.3048217650916417,0.3157981154164768,0.30230637532803867,0.31328269839286804,695588000
2009-10-20,0.31854214794321245,0.3208288804818427,0.31099592511373236,0.31351134181022644,660180000
2009-10-21,0.3123680735365886,0.31717019701822624,0.3043644798805044,0.30596521496772766,503956000
2009-10-22,0.3043644897130196,0.30962398182377826,0.299104997602261,0.30802327394485474,379328000
2009-10-23,0.31213921188216903,0.31213921188216903,0.2988761610841708,0.30070555210113525,429528000
2009-10-26,0.3029923363236915,0.3075658010250303,0.29521742997541567,0.2968181371688843,481652000
2009-10-27,0.29544619307447717,0.2997909747979214,0.28378384406522167,0.28675657510757446,591836000
2009-10-28,0.2803537158590947,0.2867565735698406,0.2734935170104398,0.2748655676841736,773632000
2009-10-29,0.2792103112036348,0.28835726901104525,0.2766949216590998,0.28698521852493286,637100000
2009-10-30,0.2856131878309389,0.28675655422859664,0.27212147524258035,0.2734934985637665,604144000
2009-11-02,0.2730362344628848,0.28195451123589726,0.2682340833343386,0.2760089933872223,593136000
2009-11-03,0.26709064099385127,0.27600891524186666,0.2643465670944639,0.2746368646621704,876472000
2009-11-04,0.2766949763197683,0.2796677347869402,0.27280750826115424,0.27395087480545044,916840000
2009-11-05,0.27715232821286256,0.2833265023390361,0.2762376185860159,0.2805824279785156,955156000
2009-11-06,0.29819021133714413,0.3071084845741759,0.29453142837938723,0.3009342849254608,1641112000
2009-11-09,0.3050504965464546,0.3121393803404892,0.30482181232341743,0.30779457092285156,818124000
2009-11-10,0.308937854506802,0.308937854506802,0.29636082533940555,0.30024826526641846,781472000
2009-11-11,0.3052791642022249,0.31602680416151924,0.3048217957809715,0.3087092638015747,871512000
2009-11-12,0.3114533549313875,0.3167128467211541,0.30687988855072257,0.30779457092285156,505864000
2009-11-13,0.3075658538532293,0.3116819782434289,0.30619380330316126,0.31008124351501465,388524000
2009-11-16,0.3128254162609003,0.31808490822739216,0.31122468116587304,0.31442612409591675,402820000
2009-11-17,0.31465480307726323,0.31465480307726323,0.3080232603570992,0.3139687776565552,350124000
2009-11-18,0.31099588226248465,0.31213924837425855,0.3039070014654871,0.30916649103164673,455516000
2009-11-19,0.30253496804555774,0.30253496804555774,0.2913299904312777,0.2968181371688843,833840000
2009-11-20,0.2899580334790867,0.29636089157458684,0.2892720081009959,0.29498884081840515,426748000
2009-11-23,0.29933370916061813,0.3048218587492842,0.2959036088526983,0.2972756326198578,390924000
2009-11-24,0.29590346869221323,0.2979615169981245,0.2906439785926607,0.29544612765312195,418504000
2009-11-25,0.2988763153553009,0.30299244045309437,0.29681823917639955,0.2988763153553009,441760000
2009-11-27,0.2881286264091092,0.2959035348520241,0.28652791878439376,0.2924734354019165,279932000
2009-11-30,0.29361680520165234,0.2988762965365574,0.29041536265605433,0.29864761233329773,509836000
2009-12-01,0.30024830718816725,0.3080232153877564,0.29864759961354803,0.30459311604499817,461936000
2009-12-02,0.305279196644661,0.3144261298816509,0.3034498045452608,0.3137401044368744,602292000
2009-12-03,0.31739881664400627,0.3231156486204463,0.3157981091426041,0.31625545024871826,660036000
2009-12-04,0.32220098794548346,0.3274604791673757,0.3171701536619301,0.32608842849731445,824564000
2009-12-07,0.3624475095881916,0.37616790663077015,0.34529698602496267,0.3679356575012207,2732184000
2009-12-08,0.36199005959639347,0.36359079403179095,0.34804098151078383,0.3500990569591522,1075512000
2009-12-09,0.35375795126539133,0.3615328327204493,0.35032782443520905,0.35878875851631165,671588000
2009-12-10,0.36130418380191975,0.3635909168995261,0.35124254181644643,0.35238590836524963,417012000
2009-12-11,0.3553586077869827,0.35581594887849655,0.3468976749239572,0.34781238436698914,416744000
2009-12-14,0.3528431484519483,0.35947468889124,0.3489557087516744,0.3583313226699829,405488000
2009-12-15,0.35581610812396725,0.3638196762174709,0.3549014255315734,0.35787418484687805,446152000
2009-12-16,0.3706797041846276,0.3908029556719476,0.3686216285750143,0.3866868317127228,1683400000
2009-12-17,0.3878302637715552,0.39972129661809125,0.3791406733298583,0.38485750555992126,1016132000
2009-12-18,0.3880589616011342,0.38943098502855833,0.38005536893779385,0.38462886214256287,812828000
2009-12-21,0.3869156195419894,0.39994999285545463,0.38645827837064145,0.3983492851257324,427792000
2009-12-22,0.3983492994149953,0.41298440824317056,0.397891958227242,0.40886828303337097,793044000
2009-12-23,0.41275566218378645,0.4157284203488448,0.4074961711625303,0.41458505392074585,442196000
2009-12-24,0.4157284695568456,0.416414494946908,0.4120697129098613,0.4136704206466675,136812000
2009-12-28,0.4129843541128167,0.41664313765530187,0.4029227130009857,0.4070388376712799,465760000
2009-12-29,0.40566682063702136,0.41321304477400045,0.4047521111070806,0.4120696783065796,475848000
2009-12-30,0.4159570851338099,0.4294488247119825,0.4129843271074326,0.4269334077835083,704008000
2009-12-31,0.42784816596281566,0.43333631428265473,0.42670479945784856,0.42716214060783386,700340000
2010-01-04,0.4232746607686887,0.42579007791281603,0.41412772898641775,0.42281731963157654,800204000
2010-01-05,0.4212165300995157,0.43356490195995784,0.4212165300995157,0.428991436958313,728648000
2010-01-06,0.42876278745350016,0.4326502275670506,0.42464666316738636,0.4317355453968048,649168000
2010-01-07,0.4294488366722778,0.43127822837484414,0.42007322123412866,0.4232746362686157,547792000
2010-01-08,0.4198445501133654,0.427162117151336,0.4173291602965685,0.42418935894966125,478168000
2010-01-11,0.42647601360872794,0.42830540503266906,0.4122982505181854,0.41824376583099365,556612000
2010-01-12,0.41206964795555495,0.41367035544004255,0.3953764660487399,0.4040660560131073,627432000
2010-01-13,0.40681019874178437,0.410926323594248,0.3910317246840083,0.40955427289009094,508868000
2010-01-14,0.40452341366189914,0.407496144371508,0.39629116501681766,0.40315136313438416,608524000
2010-01-15,0.4001786606588713,0.4036087601933179,0.3860008941084861,0.39126038551330566,818192000
2010-01-19,0.38828760331102774,0.40109331835803436,0.3871442368696881,0.3985779285430908,545328000
2010-01-20,0.39354714603353896,0.398577980843573,0.38828765426123696,0.3969772458076477,719728000
2010-01-21,0.3967485146583443,0.4038373971033068,0.38622953308065894,0.38988831639289856,608632000
2010-01-22,0.385314996280653,0.39240388190211584,0.3741100116635196,0.3763967454433441,1067916000
2010-01-25,0.3825707028266924,0.3901169254447562,0.379826629309215,0.3827993869781494,643676000
2010-01-26,0.38097012518143913,0.38348554266339674,0.37045114131508455,0.3706798255443573,714636000
2010-01-27,0.3704510894103812,0.38211343826904126,0.3663349646802655,0.3807413876056671,812504000
2010-01-28,0.3837141304561895,0.38508618106444964,0.36267616651623114,0.3679356575012207,687764000
2010-01-29,0.37205178682896456,0.37616791144643347,0.34644035688027175,0.3519285321235657,774700000
2010-02-01,0.35330051521448724,0.37959796747828434,0.3503277573707534,0.37891194224357605,949832000
2010-02-02,0.37753989683465033,0.3876015360787358,0.376396530597368,0.3827993869781494,849812000
2010-02-03,0.3793694743426946,0.3876017261929535,0.3775400820137465,0.38600099086761475,562296000
2010-02-04,0.3825707538494876,0.3825707538494876,0.3594747418721087,0.36359086632728577,783480000
2010-02-05,0.3631335579130485,0.37182314870955635,0.3567306728419296,0.3709084391593933,604856000
2010-02-08,0.36976507834824596,0.3791406946364334,0.3629048792866477,0.37022241950035095,445160000
2010-02-09,0.37616779030878006,0.3779971814674242,0.3635907635755978,0.3672495186328888,930144000
2010-02-10,0.36953644397646107,0.37776866699726475,0.36702102659620994,0.3743385672569275,535828000
2010-02-11,0.38028387718290046,0.39560500281682226,0.3775398043377186,0.3914888799190521,695980000
2010-02-12,0.3887450067763389,0.4047521383995949,0.3844001975511642,0.3967485725879669,780212000
2010-02-16,0.4020080074273382,0.4056667907575997,0.3972058577138706,0.4040660560131073,457024000
2010-02-17,0.40909680729535386,0.40932546416981785,0.39629109548539304,0.4079534411430359,876560000
2010-02-18,0.38554351546213167,0.3876015913386583,0.37067975225835115,0.3811987340450287,1515508000
2010-02-19,0.37959804603467356,0.3837141710347368,0.37731131295241715,0.379140704870224,510548000
2010-02-22,0.3807413470962144,0.38645820607868325,0.37731124806273547,0.3798266649246216,458084000
2010-02-23,0.38097012518143913,0.3825708330063164,0.36679235720678455,0.3706798255443573,489764000
2010-02-24,0.373881160093226,0.38211340892118745,0.3727377937148983,0.37845462560653687,445868000
2010-02-25,0.3697651540446911,0.3759393562720872,0.36038953583717476,0.3750246465206146,576972000
2010-02-26,0.37319510676512974,0.37593920767487526,0.36816430053060084,0.37045103311538696,393396000
2010-03-01,0.37067980086289337,0.3871442737339464,0.3677070423803401,0.3853148818016052,555868000
2010-03-02,0.38874499229206355,0.3935471152441125,0.3823421344293239,0.38508620858192444,538648000
2010-03-03,0.38737295441937336,0.38943100328700475,0.3770826555611995,0.38028407096862793,399300000
2010-03-04,0.3818847131940275,0.3848574711397898,0.3761678814752554,0.3809700310230255,557396000
2010-03-05,0.37822594433535167,0.39537643890605806,0.37822594433535167,0.3926323652267456,632832000
2010-03-08,0.39286108069936804,0.39400444709519833,0.3853148297748818,0.38691556453704834,439312000
2010-03-09,0.3908030248936042,0.4052094476726526,0.39057434069869607,0.40132200717926025,830832000
2010-03-10,0.4001786809393421,0.40658153918013135,0.39994999672145315,0.4022367298603058,418520000
2010-03-11,0.39903522743583375,0.4004072779242332,0.3914890042696434,0.3930897116661072,540660000
2010-03-12,0.39743450878487296,0.39857787507282705,0.39240367530987297,0.3944617509841919,520352000
2010-03-15,0.3940044266863155,0.39789186677877353,0.38874493608592936,0.3924036920070648,358904000
2010-03-16,0.39217506356920934,0.4084108776317937,0.39194637938128335,0.40612414479255676,664988000
2010-03-17,0.4084109744573805,0.419387300139973,0.4084109744573805,0.41389912366867065,651168000
2010-03-18,0.41458508379291387,0.41458508379291387,0.39560519426690977,0.39926397800445557,740964000
2010-03-19,0.40520938863895967,0.40635275492691375,0.3894309175091919,0.3944617509841919,584612000
2010-03-22,0.3894309111814918,0.40246530846037987,0.3894309111814918,0.4008646011352539,435336000
2010-03-23,0.4038373469086439,0.41115488536359046,0.4010932461355379,0.4090968370437622,493612000
2010-03-24,0.40566689030626013,0.4068102569700428,0.3946905376219327,0.3953765630722046,436252000
2010-03-25,0.4010932752349669,0.4036086920394746,0.3956051278105907,0.39651980996131897,495184000
2010-03-26,0.3999499089165549,0.4040660331148387,0.39331839517376677,0.39651980996131897,344676000
2010-03-29,0.3990352929793624,0.4024653925037686,0.39354711738430787,0.4015507102012634,394456000
2010-03-30,0.40612412110399715,0.4081821696352655,0.39629116501681766,0.40315136313438416,324104000
2010-03-31,0.40155066237599607,0.40338005402313104,0.3958338032561975,0.3978918790817261,389840000
2010-04-01,0.3997213377674466,0.40429480402231294,0.3896596956507352,0.3937758207321167,339664000
2010-04-05,0.3962912248670005,0.40040734981118214,0.3958338564487517,0.39972132444381714,413636000
2010-04-06,0.39469043882270777,0.39560514828077004,0.3830280908674481,0.38988831639289856,809260000
2010-04-07,0.38737288557800126,0.3990352331153791,0.38417144347950355,0.3924036920070648,817468000
2010-04-08,0.3898884597891349,0.39286121891617365,0.38394294153505737,0.38600099086761475,1037600000
2010-04-09,0.3850860892252464,0.3898882379488865,0.38302801380368673,0.3885161876678467,817572000
2010-04-12,0.3889736348651283,0.3972058842787826,0.3882876095373227,0.3956051766872406,546460000
2010-04-13,0.3972059882471251,0.4052095555597691,0.395605280236599,0.40383753180503845,648696000
2010-04-14,0.41252706705541725,0.41458511603031206,0.4024654246247949,0.40886828303337097,900720000
2010-04-15,0.410240356814822,0.41435648225497135,0.4061242313746727,0.4118410646915436,957596000
2010-04-16,0.39514773313217905,0.3967484403088141,0.38142731191245083,0.3901169002056122,1917736000
2010-04-19,0.38714417798306056,0.389430910517916,0.37525317425381244,0.3882875442504883,1094492000
2010-04-20,0.3910316339543783,0.39514775785179285,0.3846287775872891,0.389659583568573,678188000
2010-04-21,0.391717892541347,0.3921752338557756,0.3750247028545541,0.3795981705188751,895908000
2010-04-22,0.37342382616704806,0.3823421004453195,0.3681643352737093,0.3811987340450287,656932000
2010-04-23,0.3800554075575571,0.3809701171954631,0.3693077669472347,0.3759393095970154,752916000
2010-04-26,0.37639675405785744,0.38417163818319616,0.37571072845620573,0.3795981705188751,491092000
2010-04-27,0.3768539758589448,0.38074141668877315,0.36770704343110916,0.3688504099845886,606704000
2010-04-28,0.3686217200590132,0.3747959211601555,0.3619901777955663,0.369536429643631,672164000
2010-04-29,0.3706797736076125,0.3811987560001297,0.3651915982141226,0.3807413876056671,987128000
2010-04-30,0.37616791490054885,0.3768539402197607,0.35901741822028443,0.35924607515335083,1068048000
2010-05-03,0.36107546257680034,0.3631335385096922,0.3498704551910719,0.35535863041877747,1078972000
2010-05-04,0.34987044670424144,0.35055647199856443,0.33226258227664135,0.337293416261673,1311376000
2010-05-05,0.33043333815874026,0.34003761399643917,0.3274605789742104,0.33157670497894287,1330840000
2010-05-06,0.3292899127080616,0.33615011240781034,0.298190302571853,0.3247164189815521,1002888000
2010-05-07,0.32768913840494956,0.32768913840494956,0.30779453984950517,0.31922823190689087,1153712000
2010-05-10,0.33843686105819615,0.34255298651755317,0.32928992770851895,0.3329486846923828,979156000
2010-05-11,0.329747284216504,0.33592145906187004,0.32677452528799067,0.3292899429798126,829124000
2010-05-12,0.3315766381533788,0.33752212806417625,0.32951856193578716,0.33569276332855225,901236000
2010-05-13,0.334320747993171,0.3496418837298928,0.33180533032475057,0.3350067734718323,1252000000
2010-05-14,0.31236788132736093,0.3132825631629342,0.28812848556474313,0.29636073112487793,2493068000
2010-05-17,0.29681821559604094,0.30070568342734977,0.2876712837765042,0.2970468997955322,856060000
2010-05-18,0.29956232985980846,0.30139172192103014,0.2856132460605051,0.2872139811515808,674112000
2010-05-19,0.28584192820461846,0.29224478674216164,0.2837838791882702,0.29178744554519653,826520000
2010-05-20,0.28332648422282414,0.2917874182451079,0.2746368932534566,0.28492721915245056,1129136000
2010-05-21,0.2766949723788843,0.2991049617799128,0.2766949723788843,0.2911013960838318,1069600000
2010-05-24,0.29018670882164455,0.29361680834724224,0.28172577485049743,0.2826404571533203,664564000
2010-05-25,0.2737222039929024,0.29155872663278765,0.27097810261752986,0.29018670320510864,966652000
2010-05-26,0.30184903786749384,0.3075658700267254,0.2906440304793963,0.29155871272087097,995028000
2010-05-27,0.29887630616477023,0.3087092638015747,0.2981902807928986,0.3087092638015747,713560000
2010-05-28,0.30825196761085955,0.30825196761085955,0.2959035908957045,0.3004770576953888,545116000
2010-06-01,0.2963608274873382,0.29979092637603394,0.2874425540207277,0.2876712381839752,527492000
2010-06-02,0.28812861902407744,0.2913300614514593,0.28629922724557444,0.2908726930618286,649088000
2010-06-03,0.28492722788643643,0.29110140180708577,0.2840125182900383,0.29041537642478943,586360000
2010-06-04,0.2819545053001359,0.2869853133107906,0.275094277863773,0.27669501304626465,671456000
2010-06-07,0.27783832165993116,0.27966771344319086,0.2618311640014138,0.2629745304584503,577248000
2010-06-08,0.26183116076842455,0.26183116076842455,0.2490254457037333,0.25565698742866516,967636000
2010-06-09,0.2570290044846897,0.263889230233538,0.24856809846711808,0.24948278069496155,697152000
2010-06-10,0.2545136836327398,0.2606878584922347,0.25382765814612634,0.2595444917678833,611768000
2010-06-11,0.25680037455905735,0.26663333221228797,0.2561143491860397,0.26548996567726135,442104000
2010-06-14,0.2693774705165114,0.26983481178730023,0.25908716925369574,0.2597731947898865,375080000
2010-06-15,0.262745878325138,0.2739508589048814,0.26228850992595903,0.2725788354873657,528632000
2010-06-16,0.270749324897768,0.2732647409497559,0.2654898359545175,0.2691486179828644,366480000
2010-06-17,0.27852434980689933,0.2801250574109602,0.2689200496625204,0.2794390320777893,859068000
2010-06-18,0.2810397038643323,0.2846984870016069,0.27898165538711744,0.2812683880329132,932832000
2010-06-21,0.2872139222827057,0.2878999203125487,0.2721214749460675,0.2746368646621704,579836000
2010-06-22,0.2780669666726847,0.28149706589672213,0.2629745191829179,0.26434656977653503,818164000
2010-06-23,0.26686206978589205,0.2700634858201286,0.25931581643373314,0.2673194110393524,614060000
2010-06-24,0.2657187180470581,0.2670907692857929,0.2531416816453891,0.2540563642978668,725028000
2010-06-25,0.25588576544988145,0.2561144497506842,0.24925424784683123,0.25337037444114685,507220000
2010-06-28,0.2551997122660081,0.25748644574290674,0.24925419432206647,0.25382766127586365,372008000
2010-06-29,0.24833953083986682,0.24856821513416488,0.2380492282767848,0.2396499365568161,660808000
2010-06-30,0.2401072310426252,0.24262264874909495,0.2334757149219513,0.2334757149219513,623072000
2010-07-01,0.2341618171773008,0.23896394265484555,0.22707291660326687,0.23736323416233063,737008000
2010-07-02,0.23827780091619197,0.23873514203046367,0.226386768385094,0.23439033329486847,737096000
2010-07-06,0.23347563530024143,0.24102185858616473,0.22981685211312597,0.23187492787837982,712020000
2010-07-07,0.23278964677517855,0.24445199617171492,0.23233230561962986,0.24307994544506073,608412000
2010-07-08,0.24468070844373724,0.24490936541773392,0.23278967347555155,0.23576243221759796,783272000
2010-07-09,0.23690567510040625,0.2382777252676276,0.2337042337968887,0.23667699098587036,571516000
2010-07-12,0.236677106788207,0.24399467491376112,0.2364484498217899,0.24102191627025604,565396000
2010-07-13,0.24490936273775984,0.25131222135979253,0.24353733912875983,0.2497115135192871,723316000
2010-07-14,0.2606878261957561,0.2625172181800785,0.24856813496713095,0.25222691893577576,1355664000
2010-07-15,0.2524555595261319,0.25268424373184706,0.24216526094909122,0.245138019323349,953088000
2010-07-16,0.24513800076400447,0.24582402606920326,0.22890218666765821,0.22981686890125275,1288604000
2010-07-19,0.23301832706438808,0.24010718300620296,0.23141759215687438,0.23919250071048737,798440000
2010-07-20,0.23301832888061064,0.24651004277761637,0.2309602528091978,0.245138019323349,1160988000
2010-07-21,0.24742469049235727,0.2476533473809078,0.2348476347820428,0.23713436722755432,624940000
2010-07-22,0.23964986543171207,0.24353733372091657,0.2382778418531784,0.24102191627025604,462612000
2010-07-23,0.24079322431932815,0.2410219085384195,0.23461905026396462,0.2369057834148407,817604000
2010-07-26,0.23621978150969614,0.242165299197261,0.23256099720042359,0.24125058948993683,683548000
2010-07-27,0.24193657485764175,0.24239391600549953,0.23621974235940027,0.23919250071048737,683472000
2010-07-28,0.23530506829183948,0.23942119328650763,0.23096025908524195,0.23164628446102142,1320808000
2010-07-29,0.21495318173572908,0.21952664933755034,0.20740695474072052,0.2087789922952652,2664476000
2010-07-30,0.20717816955541954,0.21380969663805408,0.2039767412779407,0.21015092730522156,984288000
2010-08-02,0.2138097381328248,0.21472443405105132,0.20900758796963667,0.20992228388786316,917020000
2010-08-03,0.20832159613260845,0.20855026672648508,0.20283343372954396,0.20443414151668549,955444000
2010-08-04,0.2062634524587251,0.21380967450075167,0.20534875681272194,0.2131236493587494,855496000
2010-08-05,0.2138097105553455,0.2163251137835253,0.20992225681179313,0.2158677726984024,800504000
2010-08-06,0.2149530790520922,0.22066991082342363,0.21312368743326532,0.21838317811489105,739904000
2010-08-09,0.2206698778003282,0.2208985619409607,0.21518171739514907,0.22044120728969574,466456000
2010-08-10,0.21678246950166385,0.2172398105889028,0.21037961250030682,0.21129430830478668,772560000
2010-08-11,0.20694951277097998,0.20694951277097998,0.20237604709250617,0.20306207239627838,796148000
2010-08-12,0.19940326864133293,0.20946490846525415,0.19780256126889179,0.20489144325256348,1343584000
2010-08-13,0.21152296343149576,0.21769714943922608,0.21106560874758926,0.21472439169883728,1797392000
2010-08-16,0.2117516978465539,0.21609649368953882,0.20649220598978188,0.2092362940311432,814008000
2010-08-17,0.21129439057167976,0.215867857744744,0.20923632761779937,0.211980402469635,481224000
2010-08-18,0.2112942716967427,0.21495304065075574,0.2099222214127381,0.2131236493587494,352920000
2010-08-19,0.21541044174833168,0.22661544950005108,0.21426707527938113,0.22592942416667938,1615100000
2010-08-20,0.22432874254766763,0.23347568898882815,0.22410007195338977,0.22798751294612885,1305308000
2010-08-23,0.22867357024419574,0.23439040404829786,0.2238714189447444,0.22455744445323944,748620000
2010-08-24,0.21723980291748027,0.22455735546491135,0.2167824618463915,0.22227062284946442,641332000
2010-08-25,0.21975526219386146,0.2286735238446823,0.21861188203503423,0.22684413194656372,757532000
2010-08-26,0.22981687056048783,0.2323322876110423,0.2241000384092331,0.2241000384092331,657596000
2010-08-27,0.22547210767885856,0.23324700324364508,0.2197552747091633,0.23141761124134064,1060416000
2010-08-30,0.22867345471246447,0.2305028460575242,0.22044120728969574,0.22044120728969574,602804000
2010-08-31,0.21723979218292006,0.22410000332027588,0.21266632717801673,0.21335235238075256,931488000
2010-09-01,0.2165538008993694,0.2192978747074066,0.21380971346133007,0.21495307981967926,851440000
2010-09-02,0.2156390814742688,0.2195265212149816,0.21358101952859707,0.21884050965309143,596292000
2010-09-03,0.22410008200417672,0.2270728271231255,0.22135599385975593,0.22638681530952454,566484000
2010-09-07,0.22570080090912784,0.233704367869448,0.22524345967768347,0.2284448891878128,899820000
2010-09-08,0.22890217580743036,0.23759176565432527,0.22638675889438029,0.23599103093147278,1224156000
2010-09-09,0.2389637785205872,0.239192462688168,0.2298168479774078,0.23278960585594177,697748000
2010-09-10,0.23439041584453002,0.23507644138755085,0.22821624047737304,0.2302742898464203,609292000
2010-09-13,0.2343903007993504,0.24628133168189378,0.2343903007993504,0.24330857396125793,1015792000
2010-09-14,0.24125057323667318,0.24422333188017825,0.2389638400124401,0.24102191627025604,698536000
2010-09-15,0.23873509984193877,0.24170785744937678,0.23553365808777443,0.24147917330265045,555572000
2010-09-16,0.23827788024378505,0.2437660299621743,0.23827788024378505,0.24170798063278198,365280000
2010-09-17,0.2439946913518973,0.24422334833371925,0.24056459128445884,0.24125058948993683,416884000
2010-09-20,0.24125043010121958,0.245823921096214,0.2389636982337194,0.24490921199321747,443168000
2010-09-21,0.24353736862140807,0.26228857829528784,0.24353736862140807,0.2581724524497986,1779624000
2010-09-22,0.25725768279759803,0.26274585781936216,0.2556569753054187,0.26045912504196167,999996000
2010-09-23,0.2634319056868832,0.2739508893571585,0.26114517247682417,0.26571863889694214,1240872000
2010-09-24,0.2716640762570465,0.2812683747229027,0.26960602787722143,0.2803536653518677,1086976000
2010-09-27,0.2824117557420612,0.2826404126517611,0.27074940828725547,0.2744081914424896,999504000
2010-09-28,0.2746368240590229,0.27760958170219313,0.2689199929221575,0.2737221419811249,723192000
2010-09-29,0.2712068014414245,0.27966773570499787,0.2686913841317121,0.2716641426086426,974904000
2010-09-30,0.2750942134098986,0.27829565576477977,0.2648039155563633,0.26709064841270447,787632000
2010-10-01,0.27097815901139727,0.2714355275091482,0.257486442568056,0.2595444917678833,999120000
2010-10-04,0.25702908635139465,0.26137389646753684,0.25176959371607216,0.25702908635139465,749500000
2010-10-05,0.2625170752717943,0.26297441620390655,0.25817226826674083,0.2588582932949066,753588000
2010-10-06,0.2588584966749575,0.2600018635335565,0.24399472751317036,0.2465101182460785,1057604000
2010-10-07,0.24765347934500107,0.24788216361540882,0.23736317785693153,0.2446807473897934,761488000
2010-10-08,0.24376590505128642,0.2503974454278789,0.2403358064199457,0.24833936989307404,706932000
2010-10-11,0.24948278133362184,0.25154085724154657,0.2460526820804196,0.2471960484981537,442680000
2010-10-12,0.2451381328934374,0.2531417021613329,0.2430800558685377,0.25199833512306213,605208000
2010-10-13,0.25611434361907337,0.26297454268011805,0.253370269446657,0.25931575894355774,968732000
2010-10-14,0.2595443921682098,0.26000173323044395,0.25405621764139197,0.2551996111869812,599172000
2010-10-15,0.259315819225767,0.26228857829528784,0.25519972064029195,0.2581724524497986,639940000
2010-10-18,0.25840114371750506,0.260916561596866,0.253827676489587,0.2597731947898865,448156000
2010-10-19,0.2540563266043093,0.2600018447433509,0.25199827731157176,0.2581724524497986,866136000
2010-10-20,0.25840113670899795,0.26526133736480867,0.25382766960512415,0.2581724524497986,763532000
2010-10-21,0.25840116983723677,0.2588585111542546,0.2497115757738271,0.25359901785850525,1014428000
2010-10-22,0.25519970379137275,0.2718928630703911,0.25245560190220956,0.2698347866535187,1322676000
2010-10-25,0.2718928211100751,0.2744082383669413,0.269377403853209,0.27235016226768494,673136000
2010-10-26,0.26914879553239784,0.2755516546757849,0.26686206207118907,0.27143552899360657,675248000
2010-10-27,0.26892011450799,0.27623765621962987,0.2682340890093958,0.27532297372817993,496796000
2010-10-28,0.2789816866968651,0.2798963689538357,0.2730361702465373,0.27555158734321594,704448000
2010-10-29,0.27509422462312455,0.2778383259705921,0.27212149359671306,0.2748655676841736,554664000
2010-11-01,0.2766950247253683,0.2810398074497757,0.27303624023954165,0.27532297372817993,473920000
2010-11-02,0.27646627866080326,0.2856132105703064,0.2748655710286417,0.2810397446155548,581036000
2010-11-03,0.2828691194047211,0.284927195316351,0.27555157977005024,0.2830978035926819,671748000
2010-11-04,0.2858419429998864,0.28881470182404634,0.283097868416051,0.28355520963668823,700016000
2010-11-05,0.28561321601449907,0.2908727074147182,0.2842411925579253,0.28835731744766235,735116000
2010-11-08,0.28812863283143764,0.29201607350954173,0.28584189981372843,0.2895006835460663,605156000
2010-11-09,0.2895006461171029,0.29178737883916495,0.2862992039502134,0.287899911403656,633964000
2010-11-10,0.2899579592937234,0.2913300096988678,0.28584183533829194,0.2913300096988678,521016000
2010-11-11,0.284469849504017,0.2931594404356824,0.2805824088203795,0.28835731744766235,1089980000
2010-11-12,0.29933348901074436,0.3128252233218467,0.2979614389926682,0.3032209277153015,2142560000
2010-11-15,0.30459323068991284,0.30893801392205705,0.2988763963002407,0.29956239461898804,733548000
2010-11-16,0.29453149031708437,0.29864761519514965,0.2901867084935758,0.2906440496444702,739356000
2010-11-17,0.29041529444311454,0.29887622633630817,0.28767122094856573,0.29544612765312195,551764000
2010-11-18,0.299333624934101,0.30756587426072324,0.299333624934101,0.30459311604499817,993120000
2010-11-19,0.303907140162933,0.31556949072950147,0.30344979896150126,0.31442612409591675,716484000
2010-11-22,0.31236809371418606,0.31648419203289707,0.3096239918216955,0.3146548271179199,462668000
2010-11-23,0.31099597827237385,0.3141973934696742,0.3050504617516654,0.3073371946811676,457832000
2010-11-24,0.3105385705949553,0.3160267175457345,0.3103098864470058,0.31488335132598877,397784000
2010-11-26,0.3146547194922532,0.3164840837815078,0.3109959363937378,0.3109959363937378,143104000
2010-11-29,0.3096239733308566,0.31556949072950147,0.30825194972656145,0.31442612409591675,468192000
2010-11-30,0.3096238428483317,0.3128252844292152,0.3055077192500526,0.3112245500087738,720936000
2010-12-01,0.317398838224918,0.3270031111463599,0.3169414970877078,0.3249450623989105,626536000
2010-12-02,0.32494509597779236,0.3308906131559382,0.3247164117555522,0.3288325369358063,529316000
2010-12-03,0.3272317858652931,0.3382081091403961,0.326545760549348,0.3382081091403961,606044000
2010-12-06,0.33935154407243534,0.3400375695268426,0.3304332949451761,0.3318053185939789,438424000
2010-12-07,0.33958017181546685,0.35055649547984424,0.33889414647519195,0.34255293011665344,1026812000
2010-12-08,0.34209564160805833,0.34918449852150435,0.3395802240600544,0.34552574157714844,613252000
2010-12-09,0.3372933726661233,0.34209552184569564,0.33249122348655097,0.33980876207351685,942408000
2010-12-10,0.33980889364840294,0.3450683859148994,0.3388942111933655,0.34186697006225586,451900000
2010-12-13,0.34323893921533133,0.3439249372631386,0.33226258881033266,0.3331772983074188,609108000
2010-12-14,0.3395801914960521,0.34575436539634036,0.3331773333824164,0.3336346745491028,755160000
2010-12-15,0.3343206972830125,0.3384368222706287,0.32585976309624254,0.3263171315193176,624176000
2010-12-16,0.3297472364566247,0.33157662839843793,0.3258597683577681,0.3267744779586792,631872000
2010-12-17,0.3270031287596593,0.33043325562350934,0.32311568799397383,0.3286038637161255,593156000
2010-12-20,0.3297471817032138,0.331347889164005,0.3270030806161382,0.327231764793396,344088000
2010-12-21,0.3304332803451797,0.3400375545024872,0.33020459611714437,0.3400375545024872,466952000
2010-12-22,0.33935160494046557,0.34415375672264586,0.3361501885923564,0.3436964154243469,477988000
2010-12-23,0.3436962479992555,0.3436962479992555,0.33980878070737885,0.34118083119392395,273784000
2010-12-27,0.3402662319764337,0.345525723776755,0.33409203054213776,0.3430103063583374,255500000
2010-12-28,0.3430102580633836,0.345296990936339,0.3395801587539505,0.3416382074356079,194260000
2010-12-29,0.34140955050431604,0.3441536244998613,0.3384367923174728,0.3416382074356079,177660000
2010-12-30,0.3411808066502176,0.3448395895111318,0.34003744041368206,0.34278151392936707,174488000
2010-12-31,0.3430103314978199,0.3526146334284044,0.34255299027731867,0.35215726494789124,391252000
2011-01-03,0.35490125288181273,0.36519154971036927,0.35444388454809655,0.3617614507675171,817448000
2011-01-04,0.36244747622506346,0.36404818361401875,0.3526145204643335,0.36061808466911316,651384000
2011-01-05,0.3672495831218162,0.38874491256546106,0.3635908274220487,0.3882875442504883,1428216000
2011-01-06,0.3983491811829206,0.4422544946361248,0.39720581492288937,0.4420258104801178,3493312000
2011-01-07,0.4369951876157404,0.45574642395046266,0.4271622282046085,0.45437437295913696,2579984000
2011-01-10,0.44614213018886945,0.4726682499624906,0.4427120299040054,0.4717535674571991,1750348000
2011-01-11,0.4781564194910525,0.482729886207139,0.45437434895138357,0.46443596482276917,2711088000
2011-01-12,0.4646646380055687,0.5344100269345788,0.4630639302389378,0.5339527130126953,3431896000
2011-01-13,0.5282358632135646,0.5451577326163646,0.511771362261659,0.5348674058914185,2695192000
2011-01-14,0.5257204129615868,0.5483590855536153,0.5225189977312023,0.5394408106803894,1595352000
2011-01-18,0.532123184856323,0.5357819680826504,0.5138293232446943,0.526863694190979,1813348000
2011-01-19,0.5270926290769709,0.5396696370067674,0.5113141503919244,0.5124574899673462,1197896000
2011-01-20,0.5074264508695943,0.5158873557023356,0.4982794663120321,0.5129145979881287,1111408000
2011-01-21,0.5184030583662084,0.525720628626103,0.5071980459432559,0.5081127285957336,739244000
2011-01-24,0.5314372250070937,0.5728271846819987,0.5254917628675096,0.5655096173286438,2056900000
2011-01-25,0.5629942514405356,0.5689397689297393,0.5444717280503448,0.5481305122375488,1086856000
2011-01-26,0.553847287982297,0.5716838394757046,0.5499598470332254,0.5611648559570312,1074660000
2011-01-27,0.5691684141754562,0.5705404103809442,0.5488164738005212,0.5595641136169434,657396000
2011-01-28,0.5609361791252633,0.5703117684632639,0.5305225689751272,0.5433282852172852,1094796000
2011-01-31,0.5442429504851607,0.5545332208040746,0.5353246762274276,0.546986997127533,750160000
2011-02-01,0.5517892321991081,0.5636802112734396,0.5481304484377693,0.5595641136169434,654104000
2011-02-02,0.5563626814595959,0.5984386116635938,0.5563626814595959,0.584946870803833,1606616000
2011-02-03,0.5858614685694977,0.5858614685694977,0.5613933802871776,0.5739704370498657,1030776000
2011-02-04,0.581973824629009,0.5915780656266841,0.5796870927933739,0.5870046019554138,872900000
2011-02-07,0.5790012729235586,0.581516662477932,0.5604787003286082,0.5625367760658264,934236000
2011-02-08,0.5632229025727274,0.5668816863678102,0.5433282759094673,0.5458437204360962,1076584000
2011-02-09,0.5479017194892339,0.5533899222161479,0.5227476568975974,0.5325806140899658,1277520000
2011-02-10,0.520689668238647,0.5307513385795053,0.5168022270015069,0.521833062171936,1042352000
2011-02-11,0.5200035753278069,0.5536186002296364,0.511542668495107,0.53669673204422,1359276000
2011-02-14,0.5430996368836722,0.5602501626366341,0.5264064795651966,0.5284645557403564,1287828000
2011-02-15,0.5293792546621271,0.531208619417305,0.5133720677142298,0.5156588554382324,886980000
2011-02-16,0.5225191289319282,0.5421850481708498,0.5206897093980589,0.5346388220787048,1318364000
2011-02-17,0.5195463473185683,0.5947799479741692,0.517030902383805,0.5872337222099304,3470096000
2011-02-18,0.5840321904794659,0.5934078347137672,0.5769433339530594,0.5860902667045593,1394412000
2011-02-22,0.566881449428597,0.5684821564473957,0.5289216311256768,0.5307510495185852,1396648000
2011-02-23,0.5307510430762666,0.5357818209257147,0.49805071445488874,0.505596935749054,1491604000
2011-02-24,0.5081123410127273,0.5268635664254377,0.5044536131936573,0.5179453492164612,1246120000
2011-02-25,0.5318945545915028,0.5373827024459605,0.5245769877722186,0.5286931395530701,775652000
2011-02-28,0.5373827785223275,0.5376114900003159,0.5062831969176711,0.5181742310523987,903696000
2011-03-01,0.5190887446709601,0.5257202849766245,0.49507802724838257,0.49507802724838257,988448000
2011-03-02,0.49439206605316155,0.5037677082557837,0.4630638336200292,0.4744974970817566,1718140000
2011-03-03,0.48547373391917864,0.4882178346285857,0.46283506662657453,0.47724148631095886,1593704000
2011-03-04,0.47769922824505867,0.48250135372260344,0.4694669741978077,0.47472646832466125,959760000
2011-03-07,0.4781563760118314,0.4797570837649054,0.45620369960677754,0.46809470653533936,1019140000
2011-03-08,0.47312545016498264,0.47564083978971383,0.43722369755377577,0.44705668091773987,1947184000
2011-03-09,0.44568458293823915,0.45002939098021333,0.4337935523054688,0.43768101930618286,1318976000
2011-03-10,0.42761940628662115,0.43082082103150343,0.40932551817585555,0.40978288650512695,1722736000
2011-03-11,0.41321315589055324,0.424189482381423,0.40383753743251544,0.4127557873725891,1486832000
2011-03-14,0.41595717163896595,0.42647615537835737,0.40932562893021557,0.4161858558654785,1003360000
2011-03-15,0.3958339372323806,0.41069773235873336,0.3889737366786857,0.40383753180503845,1256280000
2011-03-16,0.40017857592162787,0.4196158297610219,0.39560511084412386,0.4008646011352539,1476520000
2011-03-17,0.4116123521271266,0.4122983775299402,0.3933184867721492,0.4084109365940094,1238516000
2011-03-18,0.4148137221164559,0.416185772681275,0.40246534881309864,0.40292268991470337,886960000
2011-03-21,0.41161229270272304,0.4157284172653506,0.40200802022992915,0.40612414479255676,751832000
2011-03-22,0.4049808519533482,0.40886829303435357,0.3972059425313268,0.39903533458709717,718332000
2011-03-23,0.3983492947683997,0.40841093708165677,0.389659703262408,0.40726757049560547,782396000
2011-03-24,0.41595710008227355,0.4447699719256987,0.41504241785359586,0.4397391378879547,1780592000
2011-03-25,0.44362654740846935,0.4447699136745736,0.4253326598907998,0.42601868510246277,1196392000
2011-03-28,0.43608027891150725,0.44911467560226576,0.4321928392230358,0.441797137260437,1204284000
2011-03-29,0.44179716765690213,0.44339787501993366,0.4324215531219987,0.4383670687675476,715764000
2011-03-30,0.4417971934796133,0.44362658511286285,0.4164144220507825,0.421902596950531,1176320000
2011-03-31,0.42258857887196644,0.4271620438559485,0.41435633099679814,0.422131210565567,655112000
2011-04-01,0.4276195219908995,0.42807686318391425,0.4104689955427577,0.4161858558654785,850072000
2011-04-04,0.4161857983481249,0.4173291648026524,0.39834924894548734,0.40132200717926025,924328000
2011-04-05,0.407267457522551,0.41046887217144135,0.4010932578625448,0.40200796723365784,821076000
2011-04-06,0.40498081055686597,0.4054381517090572,0.39583385121300146,0.39926397800445557,856984000
2011-04-07,0.4001787233804331,0.41641454129218575,0.39857801546547444,0.41389912366867065,1021208000
2011-04-08,0.4171004806077443,0.4171004806077443,0.4001786407247327,0.40132200717926025,746552000
2011-04-11,0.40292278261363307,0.4049808589343556,0.39171780037640686,0.39606258273124695,546208000
2011-04-12,0.39217502334207344,0.3999499032939726,0.3848574571991061,0.39720582962036133,840756000
2011-04-13,0.40132199492615694,0.4086395345597139,0.3962911881318369,0.40612414479255676,749588000
2011-04-14,0.4024653567644337,0.4235033204539385,0.4001786239512271,0.4232746362686157,1254704000
2011-04-15,0.4200731639983495,0.43310756106566956,0.4180150883908771,0.42784807085990906,969720000
2011-04-18,0.41778654572703283,0.42053062002727337,0.407038878222743,0.4136704206466675,743584000
2011-04-19,0.41389904284644746,0.41549977770884217,0.40086467056985103,0.4120696783065796,659860000
2011-04-20,0.4271620025818746,0.4333361742616773,0.4177863893666194,0.4246465861797333,650516000
2011-04-21,0.42922017157791,0.43196427288381495,0.422588657028655,0.4235033392906189,421300000
2011-04-25,0.4253327717810888,0.4372237786246834,0.42510408756370827,0.43013492226600647,619612000
2011-04-26,0.43379365583623714,0.4456846893069647,0.42944887401732285,0.4413398802280426,676000000
2011-04-27,0.4436266405001122,0.4436266405001122,0.4321929481797954,0.4413398802280426,450004000
2011-04-28,0.4413396908585715,0.45506011030381,0.4363088858426485,0.4461418390274048,684000000
2011-04-29,0.4491148149834352,0.4674086801454429,0.44842878958785803,0.4573470652103424,836000000
2011-05-02,0.4669514249252327,0.46718008191249494,0.44888621445090754,0.45117294788360596,613824000
2011-05-03,0.4459134509999713,0.44728547468962465,0.42418945635032895,0.4296776056289673,808000000
2011-05-04,0.4310494966639883,0.4358516459462614,0.4184724675780374,0.42647603154182434,639356000
2011-05-05,0.4230459218535818,0.43173551081489847,0.41732909059745266,0.4267047047615051,544000000
2011-05-06,0.4356229378763931,0.44591326109646595,0.4321928392230358,0.441797137260437,841080000
2011-05-09,0.44316938796046434,0.45391705773523955,0.44202602115548956,0.4516303241252899,706328000
2011-05-10,0.4552889528996902,0.4557462940130689,0.4477427018589167,0.45231619477272034,690976000
2011-05-11,0.45460305721102906,0.45917649690875023,0.44820019801819805,0.45437437295913696,616000000
2011-05-12,0.452773536770188,0.46923803496401423,0.4516301703545059,0.46878066658973694,1224000000
2011-05-13,0.4390532986751007,0.44019666557555603,0.41435656817326233,0.4175579845905304,2025192000
2011-05-16,0.416414454183872,0.4173291637010836,0.404523448540174,0.40475210547447205,728188000
2011-05-17,0.40338004730897137,0.40360870422355444,0.39148901543051945,0.40315136313438416,1420364000
2011-05-18,0.4047521747927775,0.4159571842925573,0.4033801511719956,0.41252708435058594,658844000
2011-05-19,0.4157283922358398,0.4159570764099975,0.40040728858738217,0.40658146142959595,650884000
2011-05-20,0.4056668547026273,0.4145851029934113,0.40383746274913057,0.4136704206466675,575820000
2011-05-23,0.4077249572297503,0.4161858927198076,0.402465464894313,0.4132131338119507,588000000
2011-05-24,0.4152710980827505,0.4315069130028569,0.4141277316027432,0.414813756942749,720372000
2011-05-25,0.41275568463197376,0.4225886691604095,0.4086395598149564,0.4198445677757263,545312000
2011-05-26,0.41984446639940604,0.4340222292635257,0.4187011001852029,0.4303634464740753,706436000
2011-05-27,0.43219292017821964,0.44659934267282514,0.43173557905743976,0.4459133446216583,658824000
2011-05-31,0.45460291263549824,0.45849038012126764,0.44362658997568827,0.4582616686820984,1200716000
2011-06-01,0.4562035631872279,0.4568895883791187,0.4367663099636614,0.43768101930618286,762208000
2011-06-02,0.43836706120117747,0.441568475871983,0.430363470004159,0.4356229603290558,607592000
2011-06-03,0.4305921425939351,0.4344795823783195,0.4200731622267757,0.422131210565567,549300000
2011-06-06,0.42144538505524487,0.4253328264301289,0.41275576531842445,0.4132131338119507,435988000
2011-06-07,0.4164144105759786,0.41870114323952573,0.41115491999781956,0.41298431158065796,433956000
2011-06-08,0.4109262516741151,0.4134416411781506,0.39857787927793087,0.40177929401397705,569288000
2011-06-09,0.4015506379252486,0.402465320063118,0.38279940875889834,0.39720582962036133,741632000
2011-06-10,0.3978917347311396,0.4004071507408865,0.3882874388830111,0.3914888799190521,493548000
2011-06-13,0.3914890541633337,0.3965198611619487,0.3860008787702935,0.388744980096817,574760000
2011-06-14,0.39217491045705727,0.4006358132069438,0.3903455194478938,0.3919462263584137,534576000
2011-06-15,0.3866868812536083,0.3889736140505896,0.37548187419239676,0.38348546624183655,935916000
2011-06-16,0.38371416067749886,0.38965967743488716,0.3647342711550755,0.37022241950035095,1024908000
2011-06-17,0.3745672992405183,0.3747959834897056,0.3500992294980188,0.36153289675712585,1467884000
2011-06-20,0.3583314124863901,0.3658776368901616,0.35444394455171446,0.35718804597854614,745960000
2011-06-21,0.35856004812983777,0.3677070069091746,0.3551299488100888,0.3649629056453705,704276000
2011-06-22,0.3624475118566112,0.36724963449556497,0.35924606950396953,0.3599320948123932,651720000
2011-06-23,0.35535869094336026,0.37319521576630427,0.3521572480335951,0.3706798255443573,744024000
2011-06-24,0.36885036930188875,0.3720517843945246,0.3576453619576517,0.3599320948123932,529052000
2011-06-27,0.3599321330393524,0.36221886613695875,0.33980884906840586,0.35238590836524963,1142152000
2011-06-28,0.3523858591413732,0.3585600321904543,0.34987044218137486,0.35444390773773193,692200000
2011-06-29,0.3567306524597515,0.363590878283982,0.3443823059481495,0.3599320948123932,960544000
2011-06-30,0.3608467757476283,0.3683929995930347,0.3553586278200632,0.3645055592060089,652300000
2011-07-01,0.3645057235860046,0.3706799268638835,0.3571881806292799,0.36930787563323975,540804000
2011-07-05,0.36885038202428555,0.372280481424709,0.35993210722718066,0.3631335496902466,535296000
2011-07-06,0.36290478755501127,0.3635908127397657,0.3539865146732054,0.3583313226699829,529580000
2011-07-07,0.3601607303051807,0.36199009453362413,0.35330050540850894,0.3597033619880676,986136000
2011-07-08,0.35467261680519213,0.35718803394168497,0.3498704667300719,0.3528432250022888,619516000
2011-07-11,0.3462118219960712,0.3475838458455566,0.3395802779801699,0.34049496054649353,714388000
2011-07-12,0.3388941351453905,0.34209557753964154,0.33020454473243244,0.33592137694358826,867604000
2011-07-13,0.3404948181896937,0.34278155090946294,0.33203391257854825,0.3352353274822235,634368000
2011-07-14,0.3366075426738219,0.3386655922243329,0.32037172151750604,0.32197242975234985,1088996000
2011-07-15,0.3238016777748252,0.3258597264069084,0.31579811291227106,0.3224296271800995,827736000
2011-07-18,0.3199141788999991,0.32174354301156416,0.31145324721400897,0.31556937098503113,818200000
2011-07-19,0.31648414701086763,0.325859763536436,0.31648414701086763,0.3251737654209137,602224000
2011-07-20,0.3263170785332871,0.32814644288850875,0.32014287842439987,0.32105758786201477,662956000
2011-07-21,0.3215149723292386,0.3384368129781459,0.3167128220988712,0.33615007996559143,1143420000
2011-07-22,0.33912286537897296,0.34415367295579813,0.3347780559526162,0.3430103063583374,737192000
2011-07-25,0.3377508333221995,0.3391228842193824,0.3327200254658813,0.33752214908599854,566920000
2011-07-26,0.32791789200972554,0.3361501433102222,0.3244877918445208,0.3292899429798126,698276000
2011-07-27,0.32471622821999585,0.326316962350893,0.3160266415865306,0.31694135069847107,652212000
2011-07-28,0.3157981091426041,0.3228869644373866,0.31076727519533276,0.31625545024871826,648176000
2011-07-29,0.31305400798590877,0.3192282083284681,0.3114533004845066,0.31625545024871826,677656000
2011-08-01,0.3235729985180465,0.3340919805444991,0.32082892454679973,0.3331772983074188,1019620000
2011-08-02,0.3308908056872441,0.35170010065878976,0.32974743843078613,0.32974743843078613,1356432000
2011-08-03,0.33043340790658493,0.33980900145523646,0.327231963778248,0.338665634393692,765236000
2011-08-04,0.33249127265205347,0.33249127265205347,0.30642250180244446,0.30642250180244446,979732000
2011-08-05,0.3135114480669662,0.31739888924818654,0.2881286701213202,0.29613223671913147,1270588000
2011-08-08,0.2817257225699748,0.2917873623339032,0.27097805757623267,0.27280744910240173,1084180000
2011-08-09,0.27806699424039766,0.29613220163399245,0.2744082377280299,0.2956748604774475,1329832000
2011-08-10,0.28698526086380904,0.2952175104749789,0.2805824030840111,0.28218311071395874,1140052000
2011-08-11,0.2821831104158858,0.31076729982336226,0.2821831104158858,0.30665117502212524,1078792000
2011-08-12,0.3393513972326098,0.3398087382509826,0.28972925612916217,0.2945314049720764,3195784000
2011-08-15,0.2975042328261819,0.3064225074631715,0.29590352525339086,0.3057364821434021,864152000
2011-08-16,0.3023063910437673,0.30642251581456026,0.2915587243478059,0.2970468997955322,716868000
2011-08-17,0.29796155869294055,0.3029923926069304,0.2890433117726949,0.2929307520389557,553328000
2011-08-18,0.2796677239834764,0.28241179813178297,0.2698347393703633,0.2730361819267273,802564000
2011-08-19,0.26846275835592476,0.283326525206766,0.26640468197441647,0.2682340741157532,761332000
2011-08-22,0.27578025607503387,0.2789816986313978,0.270063423574392,0.2730361819267273,611876000
2011-08-23,0.27966764418328444,0.30276365179968007,0.27921027590573216,0.30253496766090393,938312000
2011-08-24,0.30184907968909874,0.3027637620573039,0.29041538652647564,0.29819029569625854,687500000
2011-08-25,0.29224476481151707,0.2975042563319592,0.28492722442916685,0.28538456559181213,690968000
2011-08-26,0.28424118940826715,0.3004770045812078,0.27921035500988606,0.2975042462348938,732660000
2011-08-29,0.3059652071736055,0.3066512053249282,0.29887632335651754,0.3055078387260437,601528000
2011-08-30,0.3034496787632014,0.3153406815903803,0.30139160328195885,0.3128252923488617,684760000
2011-08-31,0.3151120170640468,0.3183134313882972,0.30184896423786756,0.3043643534183502,705808000
2011-09-01,0.308480512866009,0.3151120536796751,0.3034497066604709,0.30367836356163025,762312000
2011-09-02,0.29681815077039575,0.3009342746422195,0.2931593679376633,0.29544612765312195,471356000
2011-09-06,0.2858418444065471,0.3020776565891585,0.283097770769205,0.3013916313648224,696248000
2011-09-07,0.3258596956729889,0.33477796917755576,0.3169414494284249,0.3258596956729889,1606620000
2011-09-08,0.32265824613599664,0.33043315250096045,0.31899946346307256,0.324258953332901,880164000
2011-09-09,0.321514880440694,0.330204468856929,0.31465468336366637,0.3173987567424774,869828000
2011-09-12,0.31305402927140374,0.3276891364821786,0.31305402927140374,0.3249450623989105,916480000
2011-09-13,0.32768902192611726,0.3338632205300552,0.32265821665549904,0.33226248621940613,853836000
2011-09-14,0.3409521620978719,0.3537578753145054,0.3407234779382882,0.34941306710243225,1547192000
2011-09-15,0.35718800887955016,0.359017400554094,0.351242492752284,0.35444390773773193,752908000
2011-09-16,0.35512998217793695,0.36816438262569434,0.3516998825358974,0.35352927446365356,1391588000
2011-09-19,0.3475836950836038,0.3500991119399732,0.3372933980057353,0.34621167182922363,968204000
2011-09-20,0.35055647199856443,0.3519285225872104,0.33569270874825624,0.337293416261673,792436000
2011-09-21,0.3391227847568987,0.34506827329422524,0.33066185213915916,0.3308905363082886,715252000
2011-09-22,0.31785615147993396,0.3183134925770264,0.3029923886343998,0.3089378774166107,1314632000
2011-09-23,0.30710853524673776,0.32425903207853213,0.3052791434660117,0.3153407573699951,1011440000
2011-09-26,0.3192283398198232,0.3201430224088127,0.30184915254889083,0.316026896238327,972124000
2011-09-27,0.3240303137520243,0.3267743872732125,0.3139686744943323,0.3164840638637543,781388000
2011-09-28,0.3171701770483173,0.3251737702004731,0.3018490706496379,0.3068798780441284,1236532000
2011-09-29,0.3123680627102317,0.3176275544687935,0.2915587526376551,0.2993336617946625,866416000
2011-09-30,0.2945314306332667,0.2961321379670339,0.2856131573279886,0.2860705256462097,677784000
2011-10-03,0.2824117425953068,0.2913300158985277,0.2700633704662323,0.2700633704662323,949896000
2011-10-04,0.2634318915062956,0.29498884081840515,0.26228852496281374,0.29498884081840515,1361548000
2011-10-05,0.29430282970096955,0.3082519403713745,0.2883573397427761,0.3055078387260437,856708000
2011-10-06,0.3071085658297582,0.31854223152289496,0.3066511973940253,0.31762754917144775,773192000
2011-10-07,0.3189996451715015,0.3283752640739052,0.31236812846688505,0.32357311248779297,806976000
2011-10-10,0.32906116176322553,0.33797943592071533,0.32837513648034095,0.33797943592071533,534376000
2011-10-11,0.3352354064097255,0.3407235825853052,0.33317735738138976,0.33432072401046753,816080000
2011-10-12,0.3407236242078715,0.34095230846562724,0.3338634235953674,0.33409208059310913,612064000
2011-10-13,0.33249130818447054,0.35421529984406325,0.33157662585059683,0.35352927446365356,854832000
2011-10-14,0.3597034351203972,0.36336221884116626,0.3507851872835333,0.359474778175354,702452000
2011-10-17,0.35535863193334644,0.35535863193334644,0.33980881568524235,0.3416382074356079,611780000
2011-10-18,0.33980885369674163,0.35490133051052164,0.33775080478486796,0.35398662090301514,590916000
2011-10-19,0.3544438543673387,0.3606180537467445,0.34598294981408007,0.3468976318836212,557568000
2011-10-20,0.33752212259351344,0.33889417338300254,0.3164841558747299,0.32951855659484863,990308000
2011-10-21,0.3336346565010076,0.3391228319843856,0.325631091106921,0.33111923933029175,628428000
2011-10-24,0.33249132784222174,0.34872714467844956,0.3318053024212525,0.343467652797699,535256000
2011-10-25,0.33866544146877037,0.34140954266128287,0.3297471943731212,0.3304332196712494,577996000
2011-10-26,0.33683614149844293,0.3386655062969588,0.32471642251820565,0.33432072401046753,503116000
2011-10-27,0.3466689693878942,0.35215711623635665,0.3388940628825719,0.3487270176410675,577732000
2011-10-28,0.3457543171651702,0.3599320821747753,0.34483963495939146,0.3567306399345398,490156000
2011-10-31,0.345297071996373,0.3473551484211792,0.33843687176704407,0.33843687176704407,519984000
2011-11-01,0.3260884904643066,0.32700317291149433,0.31831358062316206,0.3215150237083435,790824000
2011-11-02,0.32471648987379315,0.32631722529454943,0.3093953793181119,0.316026896238327,961608000
2011-11-03,0.3194569534888858,0.33569279895049353,0.310996045278764,0.3350067734718323,749372000
2011-11-04,0.33203393027451195,0.34003749522025956,0.3267744392867338,0.3388941287994385,654840000
2011-11-07,0.3363788366920158,0.34209569817922125,0.32928997860631026,0.33706486225128174,613536000
2011-11-08,0.34140965139733576,0.34689780101027845,0.33592147452437887,0.34483975172042847,549728000
2011-11-09,0.3368360834624466,0.3411808650003431,0.3260884171929024,0.32746046781539917,532244000
2011-11-10,0.335464001610849,0.3388941005877693,0.32265828785967837,0.3308905363082886,990484000
2011-11-11,0.3402661971557418,0.345297004217746,0.32174362200834733,0.34255293011665344,1751560000
2011-11-14,0.34255291866453275,0.34598301799122627,0.33500669469380584,0.33592137694358826,500292000
2011-11-15,0.3327199153971219,0.34278152778122545,0.33180520601492913,0.3402661383152008,505660000
2011-11-16,0.33386336977119835,0.3427816182256823,0.3322626347450005,0.333406001329422,512420000
2011-11-17,0.33272003361646035,0.3336347160636481,0.3155695060215866,0.3215150237083435,657504000
2011-11-18,0.3233443624523907,0.3233443624523907,0.3151121127474634,0.3185422122478485,501352000
2011-11-21,0.313511402211257,0.3377507826946913,0.3087092520509516,0.3345493674278259,1330788000
2011-11-22,0.33820820807310736,0.3466691440114141,0.33637881578212175,0.34483975172042847,1287480000
2011-11-23,0.3411809929780582,0.34369641097617226,0.32997598138466006,0.33020466566085815,825340000
2011-11-25,0.3258597101844776,0.3334059335597811,0.32014287842439987,0.32105758786201477,406620000
2011-11-28,0.3315765784337717,0.344153608656016,0.3315765784337717,0.33912280201911926,690616000
2011-11-29,0.33866536858363194,0.34529690869167046,0.33546395422802683,0.3409521281719208,623440000
2011-11-30,0.35124245736423315,0.3583313391663762,0.34826969960010856,0.35741662979125977,730324000
2011-12-01,0.35444388454809655,0.36267613291494305,0.3528431771600995,0.3617614507675171,529760000
2011-12-02,0.365648951851645,0.3670210025619353,0.3560446786596359,0.359474778175354,546464000
2011-12-05,0.3654203138067873,0.365877654980536,0.3510138623836349,0.35398662090301514,644696000
2011-12-06,0.3560446936040701,0.3567306917280012,0.3452970261956969,0.34895581007003784,573832000
2011-12-07,0.3466689749962364,0.34941304846486065,0.33958009354728946,0.3468976318836212,510016000
2011-12-08,0.3434676009143152,0.34918443312547104,0.3347780105013571,0.33592137694358826,491488000
2011-12-09,0.33340594778379445,0.343467588466791,0.3288324821806156,0.34072351455688477,555840000
2011-12-12,0.33340585229272834,0.334777902484714,0.3260883148754657,0.33226248621940613,573208000
2011-12-13,0.3366073555384421,0.3407234796111406,0.32105756863047147,0.32311561703681946,516596000
2011-12-14,0.32037160700116846,0.32220099886994136,0.30710855002757476,0.310538649559021,636020000
2011-12-15,0.3157981643490251,0.3178562133163203,0.30710857277375975,0.30779457092285156,435148000
2011-12-16,0.31030992796789264,0.31625544401010813,0.3075658541253334,0.3089378774166107,619116000
2011-12-19,0.31030989921721164,0.31396868217496854,0.29979091865866203,0.3009342849254608,463276000
2011-12-20,0.30779446427464396,0.3189994693808384,0.30779446427464396,0.317856103181839,445208000
2011-12-21,0.3160268377461219,0.31945693770999306,0.3075659299539085,0.3137401044368744,548424000
2011-12-22,0.3146547347643156,0.32814644698241824,0.3146547347643156,0.327231764793396,576560000
2011-12-23,0.3288325224377414,0.32928989086205657,0.3212862978166533,0.32403039932250977,248948000
2011-12-27,0.32265839039733424,0.32654583168790047,0.3206003140011436,0.3215150237083435,195712000
2011-12-28,0.3215149056954322,0.3222009309090217,0.3132826576523626,0.31351134181022644,233960000
2011-12-29,0.31671283088736235,0.3201429305013761,0.31213936473534404,0.31945690512657166,211112000
2011-12-30,0.31831337347639016,0.32174347131117953,0.31648398251250365,0.31694135069847107,186956000
2012-01-03,0.3270030765364932,0.3292898365005284,0.3203715625988046,0.32105758786201477,468044000
2012-01-04,0.32128631913167777,0.32608846982550604,0.31831356047645126,0.3247164189815521,347372000
2012-01-05,0.3231156383642747,0.337979428291225,0.321743587829478,0.33637869358062744,563548000
2012-01-06,0.3361500923091409,0.336378749262788,0.3286038676386097,0.33249130845069885,533252000
2012-01-09,0.3327199926643548,0.33889416657296795,0.3302045753541748,0.33249130845069885,508244000
2012-01-10,0.3375220970975625,0.3377507812985393,0.3288325063605527,0.33111923933029175,546328000
2012-01-11,0.3281464421190951,0.331119200079366,0.32311563563402335,0.32448768615722656,484272000
2012-01-12,0.325173728369551,0.325402385295335,0.31534074454069216,0.3224296271800995,652364000
2012-01-13,0.320142951922907,0.32082897734361504,0.3123680698482433,0.3139687776565552,504300000
2012-01-17,0.31877078817854626,0.31877078817854626,0.30870915003893684,0.30916649103164673,627176000
2012-01-18,0.3151121123514861,0.32220099554737697,0.3135114047053194,0.31968557834625244,632676000
2012-01-19,0.32242965493760606,0.3286038558853946,0.3189995554155048,0.32814648747444153,608312000
2012-01-20,0.3276891554511821,0.3315766234925207,0.3240303988816985,0.3251737654209137,546272000
2012-01-23,0.32540248769860114,0.33432076485086487,0.32128636187909587,0.33409208059310913,562792000
2012-01-24,0.33180525062989846,0.3430102580633836,0.3315765936986066,0.3416382074356079,730920000
2012-01-25,0.332491265863239,0.340494830675929,0.32288696628000685,0.33958014845848083,1274152000
2012-01-26,0.34461094226939926,0.34849840969798856,0.33454932921423747,0.33637869358062744,799672000
2012-01-27,0.3343205880638822,0.34278149222655246,0.33157651472193506,0.3409521281719208,449996000
2012-01-30,0.3350067716523796,0.340037579701885,0.3299759363428617,0.33843687176704407,399076000
2012-01-31,0.339351500183276,0.33958018439183935,0.33180527568079116,0.33775079250335693,357900000
2012-02-01,0.34163825078087456,0.3452970347458129,0.3368361274944037,0.3414095938205719,428020000
2012-02-02,0.3432389699934597,0.35558731760134527,0.3398088431468156,0.3542152941226959,696236000
2012-02-03,0.359474718138949,0.3647342086366563,0.3587886928983779,0.3617614507675171,495232000
2012-02-06,0.35993208414445427,0.36038942524984635,0.3558159596759151,0.35901740193367004,278868000
2012-02-07,0.35947475369344606,0.36199014347765823,0.35352923736711567,0.3599320948123932,410296000
2012-02-08,0.35993212766896016,0.38005538407964745,0.35810273576616886,0.3729665279388428,847612000
2012-02-09,0.3775398844529691,0.37959793270858166,0.37205171033800144,0.37273773550987244,561944000
2012-02-10,0.3690790140941852,0.3704510646659126,0.3615327904696947,0.36359086632728577,440268000
2012-02-13,0.37273797644983114,0.3741100276804749,0.3617616483847351,0.36930787563323975,610668000
2012-02-14,0.36930770714939826,0.3745671981207149,0.3661062648251159,0.3713657557964325,453756000
2012-02-15,0.37479587723443447,0.3864582254364332,0.3688503610412576,0.369765043258667,1110856000
2012-02-16,0.34438229168890927,0.37914065144980635,0.34301024112887213,0.376167893409729,1888588000
2012-02-17,0.3763966120485937,0.37891200195893776,0.3590174305770928,0.3624475300312042,1020360000
2012-02-21,0.3622188694284203,0.37319519384867383,0.36153284404090275,0.3642769455909729,518176000
2012-02-22,0.3624474760080882,0.3713657223555025,0.3613041096938041,0.3617614507675171,492432000
2012-02-23,0.36244745679391693,0.3658775555549317,0.3567305982655572,0.3638194799423218,323968000
2012-02-24,0.3649628711851322,0.3654202395259184,0.35947472369573386,0.36107543110847473,366668000
2012-02-27,0.356502051893183,0.3581027596925725,0.3487271426018466,0.35375797748565674,745268000
2012-02-28,0.3537577849098838,0.3578739079104769,0.3468975617355651,0.350556343793869,699884000
2012-02-29,0.3516998964311412,0.3576454136162469,0.3462117476910512,0.3464404046535492,689196000
2012-03-01,0.3478123355863239,0.3528431414074146,0.3464402852442081,0.3487270176410675,449944000
2012-03-02,0.3475837341580133,0.35673066592216934,0.3475837341580133,0.3516998589038849,684076000
2012-03-05,0.3491843762774431,0.34987040148309656,0.3372933726661233,0.33980876207351685,514848000
2012-03-06,0.335921282072072,0.33866535530643926,0.33066179247120225,0.33660730719566345,471400000
2012-03-07,0.33843697733739575,0.34003768577155374,0.33386350909121815,0.338665634393692,441984000
2012-03-08,0.33958010517830023,0.3432388881017841,0.3377507137165583,0.33980876207351685,430852000
2012-03-09,0.34072352052475335,0.34323893755456203,0.3370647370741236,0.3388941287994385,367836000
2012-03-12,0.3402662168760861,0.34255294996952684,0.33271999221572995,0.3336346745491028,299948000
2012-03-13,0.3350066940126606,0.3400375008962477,0.3334059591887866,0.3382081091403961,553288000
2012-03-14,0.3382081371548803,0.3388941625276503,0.3274604971815116,0.3286038637161255,735708000
2012-03-15,0.3295185603943908,0.3352353933164984,0.32837519380996927,0.333406001329422,382380000
2012-03-16,0.3336346039991485,0.3352353113740717,0.331805212459235,0.3338632881641388,428340000
2012-03-19,0.33569275023966333,0.33729345795092647,0.3331773329362435,0.3347780406475067,405400000
2012-03-20,0.33294870013335665,0.33294870013335665,0.3263171840512993,0.3292899429798126,449616000
2012-03-21,0.3292898991657347,0.33363468122622186,0.32563111523900184,0.33066192269325256,467840000
2012-03-22,0.328146588955124,0.3329487406751541,0.3272319063703641,0.33020466566085815,425372000
2012-03-23,0.3292898821389334,0.33363466397476216,0.3270031218579614,0.33271998167037964,315456000
2012-03-26,0.335921282072072,0.3382080143107111,0.33271986784197666,0.33660730719566345,288600000
2012-03-27,0.3379794465667839,0.34301025336639557,0.3372934212622901,0.3388941287994385,419968000
2012-03-28,0.3432389782045382,0.35124254409815236,0.34072356087682726,0.34666907787323,892448000
2012-03-29,0.34621171185914384,0.35101383469471437,0.34186690290123867,0.3482697606086731,372700000
2012-03-30,0.3512425825068889,0.35421534133016447,0.34621177456135205,0.35215726494789124,527240000
2012-04-02,0.3512423688373004,0.35421512585217296,0.3455255389086976,0.350556343793869,407776000
2012-04-03,0.35307200339985667,0.35352934465759955,0.34301035942944286,0.34483975172042847,430476000
2012-04-04,0.3395802403162238,0.3439250229143907,0.33294869703584845,0.3350067734718323,495896000
2012-04-05,0.33546404971549965,0.3395801745300461,0.3334059736782227,0.3345493674278259,369424000
2012-04-09,0.32928998307609825,0.33134803252181616,0.3238018057874901,0.33020466566085815,365504000
2012-04-10,0.32883253360100495,0.33340599991934844,0.3222010183434107,0.323801726102829,470360000
2012-04-11,0.3281463817195709,0.3350066058128713,0.32700301558068734,0.3279177248477936,372960000
2012-04-12,0.3283751953460173,0.33752212806417625,0.3270031445342895,0.33569276332855225,384868000
2012-04-13,0.33272000177960454,0.3345493937589439,0.32357304188290803,0.323801726102829,311324000
2012-04-16,0.3260885465048447,0.32700322910922686,0.31465487764998307,0.3199143707752228,463468000
2012-04-17,0.32082889578910556,0.32471633583825255,0.31945684529646384,0.3206002116203308,460696000
2012-04-18,0.31854225361442073,0.3201429614704702,0.31328276157881996,0.3171702027320862,400764000
2012-04-19,0.3130540035335571,0.32494503568343847,0.31076727077550376,0.3123680055141449,667188000
2012-04-20,0.3141974244269191,0.3151121340448486,0.3055078329866413,0.30619385838508606,509592000
2012-04-23,0.3009342604694705,0.303907017973561,0.29521742960006564,0.30253496766090393,706244000
2012-04-24,0.30344971973181895,0.30596513657294294,0.29155868803923685,0.2931593954563141,730440000
2012-04-25,0.29750425110153855,0.30139169180569125,0.2920160754662571,0.2991049587726593,727112000
2012-04-26,0.2988763206113114,0.30184907919310805,0.2968182443962169,0.2993336617946625,539208000
2012-04-27,0.29887621264048664,0.30070560397302215,0.2936167227819471,0.2968181371688843,475356000
2012-04-30,0.2952175833391115,0.2988763679048983,0.29315950679835123,0.2972756326198578,262268000
2012-05-01,0.2956747706176181,0.30573640930377055,0.2956747706176181,0.30253496766090393,408680000
2012-05-02,0.3013916688027395,0.30253503523199093,0.29224473736872797,0.29384544491767883,684008000
2012-05-03,0.29453155732855557,0.2963609496083622,0.2869853312118621,0.2888147234916687,419536000
2012-05-04,0.28698520606686373,0.2885859133911724,0.2803536653518677,0.2803536653518677,545092000
2012-05-07,0.2853845765922731,0.2901867271351741,0.28286915921075173,0.28515589237213135,604440000
2012-05-08,0.2826404588615568,0.2867565837691528,0.2776096516456097,0.28492721915245056,462312000
2012-05-09,0.27989632595024705,0.28835725819730634,0.27715225234093155,0.2860705256462097,520608000
2012-05-10,0.288814676824783,0.28927201800583363,0.2794390599432019,0.2840125262737274,597092000
2012-05-11,0.30756579511366705,0.31282528487112005,0.300934255068183,0.30207762122154236,1435140000
2012-05-14,0.2995622400416509,0.304821730418199,0.2933880675387477,0.30024826526641846,437472000
2012-05-15,0.3002483916720578,0.30687993529004454,0.2959036088526983,0.2972756326198578,599940000
2012-05-16,0.29773286615620553,0.3011629649090648,0.29041530034210433,0.2913300096988678,470484000
2012-05-17,0.2924735434252243,0.2952176185468162,0.28927209973335266,0.28927209973335266,335364000
2012-05-18,0.28995809531467104,0.29133014636345217,0.2748656428181364,0.2762376666069031,567288000
2012-05-21,0.27669496286254375,0.28241179530598326,0.2748655710286417,0.2810397446155548,416260000
2012-05-22,0.280811088858176,0.2812684300035786,0.27349352149170486,0.277609646320343,410140000
2012-05-23,0.2746369432408772,0.2849272710128418,0.27052081758409385,0.2844699025154114,496000000
2012-05-24,0.2860705244838797,0.28652786554024035,0.2748655186730319,0.2769235670566559,520420000
2012-05-25,0.27669500954709386,0.2858419429998864,0.27669500954709386,0.28355520963668823,391752000
2012-05-29,0.28812861902407744,0.2927020848403316,0.2869852525700139,0.2908726930618286,310000000
2012-05-30,0.28767121931021583,0.2897292676044061,0.2824117292406173,0.28744253516197205,379792000
2012-05-31,0.28744258475888274,0.28858595117738245,0.28058238624788445,0.2842411696910858,358192000
2012-06-01,0.2782956840297812,0.2810397582840904,0.2734935336397337,0.27395087480545044,440984000
2012-06-04,0.2753229584409284,0.27692366634209353,0.26594734075408527,0.2682340741157532,432856000
2012-06-05,0.26686205962619175,0.27669501887130216,0.26686205962619175,0.2760089933872223,365224000
2012-06-06,0.27806698552688686,0.28401250215568685,0.2760089367569215,0.28332647681236267,368968000
2012-06-07,0.2874425426915587,0.2890432772511947,0.2716640720694444,0.2718927562236786,526780000
2012-06-08,0.27280752026775257,0.2780670120549936,0.2723501790819077,0.27715232968330383,370308000
2012-06-11,0.2860705239558308,0.29110133008651606,0.27966766739859406,0.2803536653518677,839080000
2012-06-12,0.28355510893600255,0.2888145992555252,0.2830977678777837,0.2860705256462097,496128000
2012-06-13,0.2858417871115972,0.2865278121984245,0.27715219961844434,0.278524249792099,494276000
2012-06-14,0.2780670294905838,0.28035376282320285,0.2723501961590362,0.27509427070617676,589884000
2012-06-15,0.2771523040060175,0.28126842881729536,0.2746368868269011,0.2810397446155548,385288000
2012-06-18,0.278981742910292,0.2858419429998864,0.27669500954709386,0.28355520963668823,304424000
2012-06-19,0.2952174480126384,0.30710847877063835,0.29384539761440714,0.3027636706829071,960476000
2012-06-20,0.30573647617053773,0.3132827000205656,0.30390708444022707,0.3075658679008484,972720000
2012-06-21,0.30733726167266756,0.30733726167266756,0.29293083562457756,0.2936168611049652,516376000
2012-06-22,0.2972756326198578,0.30070576018779166,0.29315950679835123,0.2972756326198578,865360000
2012-06-25,0.29750421064432014,0.29841889282914325,0.28675654504262493,0.287899911403656,494616000
2012-06-26,0.28950068839661725,0.2931594449302493,0.2853845634437739,0.2911013960838318,437152000
2012-06-27,0.2913301240960202,0.3025351068512418,0.2913301240960202,0.3004770576953888,506064000
2012-06-28,0.2977328646560618,0.30459306212721493,0.2952174480126384,0.3027636706829071,545896000
2012-06-29,0.30985272061260666,0.3167129218100774,0.30962403633535107,0.316026896238327,616508000
2012-07-02,0.31762750878755414,0.31785616571633935,0.30505045086417054,0.3075658679008484,581684000
2012-07-03,0.30756580758693264,0.3162553961568682,0.30733712344298675,0.31556937098503113,219284000
2012-07-05,0.3135113718931716,0.31488339519200076,0.3075658558182309,0.3123680055141449,280076000
2012-07-06,0.31008125800694697,0.310995967503077,0.3029924025269701,0.30642250180244446,382760000
2012-07-09,0.3045930566931335,0.30596510706688673,0.2997909076449983,0.30230632424354553,306336000
2012-07-10,0.29910491130260514,0.3080231850720417,0.2908726627862027,0.2931593954563141,512028000
2012-07-11,0.29407415000007275,0.29773293373761855,0.2869852667310807,0.28835731744766235,485216000
2012-07-12,0.28515591753892455,0.2856132587595618,0.28103979203316554,0.28355520963668823,472160000
2012-07-13,0.28378388125929416,0.288586004752489,0.2819544891980725,0.2872139811515808,324260000
2012-07-16,0.2853845699501939,0.2904153773361394,0.2826404684123973,0.28812864422798157,334460000
2012-07-17,0.2890432701816517,0.29064397744213527,0.2780669217269046,0.2828690707683563,447476000
2012-07-18,0.282183112978811,0.3027637371719194,0.28081108953927547,0.29864761233329773,616008000
2012-07-19,0.3007056522038499,0.3055077745544784,0.29864757640214834,0.30162033438682556,403036000
2012-07-20,0.2997909503653,0.30184902621920634,0.28972930979732536,0.2929307520389557,451000000
2012-07-23,0.2851557912764705,0.29887621264048664,0.2819543768895333,0.2968181371688843,451584000
2012-07-24,0.2972756182336782,0.29910501042804105,0.29018676096303964,0.2936168611049652,351164000
2012-07-25,0.29270211922603767,0.30230642037645916,0.29133009567598445,0.2993336617946625,415044000
2012-07-26,0.30482164781431126,0.30825177300861656,0.29841879288493334,0.30070555210113525,338440000
2012-07-27,0.3018491761675255,0.3091667192320629,0.2995624149960879,0.3082520365715027,376516000
2012-07-30,0.3082518859130253,0.312139326210443,0.30230636974520636,0.30482175946235657,363552000
2012-07-31,0.30482174749328234,0.3139687055692276,0.3043644064044861,0.3096238970756531,387788000
2012-08-01,0.3114533500931497,0.31442610864640386,0.3048218075881966,0.30619385838508606,335912000
2012-08-02,0.30459312061776633,0.311910660540172,0.29956228636485605,0.3073371946811676,367912000
2012-08-03,0.3121393965724034,0.31694154742582764,0.3048218281748025,0.3137401044368744,326548000
2012-08-06,0.3167128732944195,0.32197236552547503,0.3162555320699825,0.3203716576099396,360324000
2012-08-07,0.3242591380372398,0.3270032129750116,0.3217437201092733,0.32357311248779297,407340000
2012-08-08,0.3233444192849563,0.3288325685461928,0.3224297095680752,0.32540246844291687,517064000
2012-08-09,0.3258597121738639,0.3370647188480258,0.32540237108226644,0.33637869358062744,822300000
2012-08-10,0.3452970491016163,0.3480411235594008,0.32997591446396557,0.33432072401046753,1278744000
2012-08-13,0.33477819183644525,0.3388943187100093,0.3334061404585836,0.338665634393692,447244000
2012-08-14,0.33980884844939097,0.3402662168760861,0.3322626237890348,0.3336346745491028,388828000
2012-08-15,0.3347780229858771,0.3375220970975625,0.3295185317034759,0.33111923933029175,594404000
2012-08-16,0.334091968404371,0.33912280230552133,0.332948602019565,0.33797943592071533,371008000
2012-08-17,0.3379795323726893,0.3379795323726893,0.33203401457097526,0.3350067734718323,309864000
2012-08-20,0.3338634067607344,0.3354641147042689,0.32997593813499143,0.3350067734718323,314392000
2012-08-21,0.3361501571328688,0.3382082064126144,0.3306619802868571,0.33409208059310913,340248000
2012-08-22,0.3320339663910543,0.33615009140573726,0.33089059984586505,0.3347780406475067,313556000
2012-08-23,0.3340919629910762,0.33432064716833393,0.32585971424985816,0.327231764793396,379040000
2012-08-24,0.32723174723945275,0.335463995539062,0.32654572200448484,0.3338632881641388,347724000
2012-08-27,0.33363466306580825,0.3345493726277066,0.3279178305289728,0.32814648747444153,340944000
2012-08-28,0.325631111402547,0.3299758934118457,0.32494508601686595,0.3267744779586792,310764000
2012-08-29,0.32654575831373267,0.3295185164891384,0.3258597330024843,0.32746046781539917,250412000
2012-08-30,0.32677443620589763,0.327917802615939,0.3196855535596387,0.32128626108169556,307488000
2012-08-31,0.32357307870053875,0.3258598121199055,0.3176275881661927,0.32082900404930115,485064000
2012-09-04,0.3155693947419963,0.31671276102780055,0.30070563302654124,0.30367836356163025,694452000
2012-09-05,0.30482177297851154,0.30916658183534246,0.30139167363575337,0.30459311604499817,480256000
2012-09-06,0.3068798937425892,0.32220102818503116,0.3066512095156831,0.3139687776565552,657296000
2012-09-07,0.3059651606843824,0.3084805504637268,0.2961321767160154,0.30642250180244446,781064000
2012-09-10,0.3057364392320794,0.3100812202141345,0.30299236559814974,0.30367836356163025,371108000
2012-09-11,0.3034497541530152,0.31213934473712496,0.3023063876882641,0.3073371946811676,382808000
2012-09-12,0.3098526404264212,0.3123680577852068,0.30687988189149523,0.3107673227787018,322608000
2012-09-13,0.31351131750927586,0.31465468368996613,0.3068797773052722,0.3128252923488617,433836000
2012-09-14,0.3125966241037375,0.3219722381661321,0.3125966241037375,0.3164840638637543,339468000
2012-09-17,0.3171701879072186,0.3171701879072186,0.3043644711373529,0.30779457092285156,493348000
2012-09-18,0.30436445419271363,0.313511413704822,0.3041357972424162,0.30985262989997864,359952000
2012-09-19,0.3105385840580067,0.317856122729623,0.30687980109219753,0.31351134181022644,451936000
2012-09-20,0.3128252844292152,0.3144259915896572,0.3087091608309361,0.3112245500087738,320596000
2012-09-21,0.31168199648691153,0.3144260704876602,0.3105386300482657,0.3125966787338257,340136000
2012-09-24,0.3075658558182309,0.3128253466137546,0.3071085147186212,0.3123680055141449,357832000
2012-09-25,0.3164841322528561,0.31785618293993756,0.3061938338797672,0.30665117502212524,481544000
2012-09-26,0.3055077554508368,0.30573643961228303,0.2977328756017004,0.3013916313648224,436812000
2012-09-27,0.3020776562135048,0.30413573188395393,0.2995622394807345,0.30367836356163025,558888000
2012-09-28,0.30230641794860386,0.30939530164364815,0.29841894977131594,0.30505049228668213,485508000
2012-10-01,0.306422448362979,0.308251839776191,0.29887622582098033,0.30001959204673767,504236000
2012-10-02,0.30207764022136024,0.30207764022136024,0.2977328594693201,0.3011629581451416,295492000
2012-10-03,0.30184907968909874,0.3027637620573039,0.29658958792189466,0.29819029569625854,430872000
2012-10-04,0.29887625319772615,0.31328267441388163,0.29727551852703943,0.31145328283309937,502608000
2012-10-05,0.31236798817946443,0.3155694029590766,0.302992373487738,0.3041357398033142,483068000
2012-10-08,0.30299234955758,0.30436437267190797,0.29887622569459393,0.3011629581451416,240596000
2012-10-09,0.300705684200717,0.3016203664810203,0.29384545805841394,0.29476016759872437,366360000
2012-10-10,0.2933881407035965,0.29476019149529237,0.2885859901926703,0.28972935676574707,326568000
2012-10-11,0.2924733759498209,0.2933880580465827,0.2890432771969616,0.2913300096988678,320516000
2012-10-12,0.2892720647466168,0.2915587982813716,0.2869853312118621,0.2888147234916687,260696000
2012-10-15,0.2892719928924784,0.292702092342586,0.2858418934423708,0.2924734354019165,249580000
2012-10-16,0.2949887694341063,0.3018489942949011,0.29224469584578966,0.3009342849254608,367696000
2012-10-17,0.2972755616337546,0.3000196630328408,0.29430280329141634,0.29864761233329773,391752000
2012-10-18,0.29796164898865635,0.29796164898865635,0.29293084081011145,0.2940742075443268,254772000
2012-10-19,0.28972928019476707,0.29178735583839327,0.2753228597293925,0.2769235670566559,709412000
2012-10-22,0.27806692274114214,0.27966765726746534,0.27143540952637873,0.2737221419811249,480840000
2012-10-23,0.2712068859931892,0.28378394920278194,0.27052086039848167,0.2819545567035675,573948000
2012-10-24,0.28378384139204654,0.28492720786218345,0.2755515919030582,0.2782956659793854,332916000
2012-10-25,0.28058229779258387,0.2835550549955042,0.27738088373405245,0.278524249792099,307356000
2012-10-26,0.2789816866968651,0.2805823942765668,0.27555158734321594,0.27555158734321594,389376000
2012-10-31,0.2766949763197683,0.2789817094083607,0.27326487668687965,0.27395087480545044,347112000
2012-11-01,0.2753228711729874,0.28721390269261937,0.2750941870053009,0.28698521852493286,473220000
2012-11-02,0.2899580179984406,0.2904153591394145,0.28378384444527494,0.28561320900917053,256700000
2012-11-05,0.2849272042474965,0.2988762859102063,0.2849272042474965,0.2977329194545746,444840000
2012-11-06,0.29841892852914076,0.29841892852914076,0.29247343909652024,0.2975042462348938,350804000
2012-11-07,0.29521751651055483,0.29704690837932773,0.2869852667310807,0.28835731744766235,324620000
2012-11-08,0.29155873767501406,0.29910496222307276,0.2892720046156028,0.28995802998542786,839024000
2012-11-09,0.29155882154617285,0.2949889221220082,0.27783841924283115,0.2787531018257141,846280000
2012-11-12,0.279210350155376,0.28035371663330927,0.2698347341323202,0.2725788354873657,643624000
2012-11-13,0.2712067421364116,0.27738094195376833,0.27029206000198985,0.27052071690559387,492120000
2012-11-14,0.27212150294468024,0.2748655771264057,0.2636605689326821,0.26388925313949585,619300000
2012-11-15,0.26548984097580464,0.2723500369637076,0.26320310897983695,0.26503250002861023,466688000
2012-11-16,0.26503248035199933,0.26594716217848013,0.2549708439607429,0.26023033261299133,624552000
2012-11-19,0.26503260501607667,0.2684627043687947,0.26183116259753597,0.26754799485206604,404092000
2012-11-20,0.2665123097930559,0.2676630527005818,0.261679178607097,0.26444098353385925,336976000
2012-11-21,0.2644409590034662,0.2727262907075539,0.26421079946896137,0.2720358669757843,422312000
2012-11-23,0.27318663302880875,0.2770991533972976,0.27180573057598917,0.2738770842552185,276932000
2012-11-26,0.27433740379874016,0.27940066758035415,0.2738771120796621,0.2787102162837982,364600000
2012-11-27,0.2775593394250833,0.2840035026923415,0.27525785450362433,0.27986082434654236,451404000
2012-11-28,0.2787101696308614,0.28354330046186366,0.2752579411618236,0.2821623980998993,398332000
2012-11-29,0.28262280568661063,0.2840036810451498,0.2761786383724495,0.27709922194480896,488688000
2012-11-30,0.27686895340949064,0.2789403067862212,0.27387704425844234,0.27548807859420776,460504000
2012-12-03,0.27894036269698536,0.27894036269698536,0.2697344190063782,0.27042484283447266,391380000
2012-12-04,0.27088526036651694,0.27894046402184325,0.26927419768674266,0.2784801721572876,528068000
2012-12-05,0.2761786754016935,0.27801984279327085,0.2713455424090897,0.27525806427001953,633024000
2012-12-06,0.2745675287468451,0.2775594659962821,0.2736469453328077,0.2757182717323303,412896000
2012-12-07,0.27594851575980367,0.277329418739372,0.27203599389887384,0.27525806427001953,338288000
2012-12-10,0.2752580552556348,0.2865353560570966,0.2745676037884621,0.2844640016555786,513644000
2012-12-11,0.28538448796792415,0.2948205898761257,0.28469403680266286,0.2911382019519806,816724000
2012-12-12,0.2920588047525587,0.29366983913735145,0.2869955146348219,0.2881462574005127,399404000
2012-12-13,0.28768605877350867,0.2939000662296901,0.285614732100075,0.28837651014328003,377556000
2012-12-14,0.2895272685729555,0.2927493385542287,0.28745591435423823,0.2897574007511139,338660000
2012-12-17,0.2890669031829944,0.29067793776345413,0.2842337720057401,0.28860658407211304,445232000
2012-12-18,0.28860662137565635,0.29228901012342046,0.2876860379066546,0.28906694054603577,416436000
2012-12-19,0.2911382019519806,0.29459043034241444,0.28998745915516927,0.2911382019519806,458544000
2012-12-20,0.29228897325012554,0.2925191328062798,0.2876860016140409,0.2909080982208252,334332000
2012-12-21,0.2869955562662391,0.2869955562662391,0.2810116820422809,0.28423377871513367,462172000
2012-12-24,0.2840036807268166,0.2849242917340258,0.2810117429661795,0.28193235397338867,127376000
2012-12-26,0.2812417798435056,0.28584475056317804,0.28055132874838085,0.28170207142829895,196740000
2012-12-27,0.2821623092680014,0.2826226282009847,0.27663875643084546,0.27986082434654236,299804000
2012-12-28,0.27732942877795524,0.28285298602439596,0.2768691094775133,0.2784801721572876,220600000
2012-12-31,0.27755942680784884,0.2833131409229119,0.2768689756268667,0.2821623980998993,326460000
2013-01-02,0.2890668363069633,0.2929793557931628,0.28791609366773585,0.29274919629096985,478836000
2013-01-03,0.29274928945829604,0.2962015184746486,0.2895272200173846,0.2929794490337372,298888000
2013-01-04,0.29343959710624107,0.30356614705865703,0.29251901412686865,0.30264556407928467,524968000
2013-01-07,0.3024155632600133,0.3033361467223125,0.2918287162641807,0.2939000427722931,610732000
2013-01-08,0.2945905352602843,0.29551114628713065,0.2853845896071136,0.2874559164047241,466424000
2013-01-09,0.28975738371357584,0.2911382864448579,0.2791705633719748,0.2810117304325104,695020000
2013-01-10,0.2835434738850335,0.2849243770915971,0.2798610836247904,0.2814721465110779,506368000
2013-01-11,0.2826227927642996,0.28285292492892633,0.2782499524058267,0.2810117304325104,513172000
2013-01-14,0.28285280346128044,0.28285280346128044,0.27755938184573437,0.28078147768974304,305684000
2013-01-15,0.27940066026023386,0.27940066026023386,0.27410723703982637,0.2757182717323303,375888000
2013-01-16,0.275257982142075,0.2805514054031894,0.275257982142075,0.27824991941452026,337376000
2013-01-17,0.2791705758235243,0.28308309715548896,0.2784801244270878,0.28193235397338867,580736000
2013-01-18,0.2819323611214953,0.2819323611214953,0.2766389368624482,0.28009116649627686,397088000
2013-01-22,0.27986095929943217,0.28239260490817797,0.27732934112656404,0.2787102162837982,308224000
2013-01-23,0.27963080483541,0.2798609369586392,0.27617857606409324,0.27917051315307617,421808000
2013-01-24,0.2782500360170768,0.281702266446761,0.2768691328708477,0.2805515229701996,396980000
2013-01-25,0.2810116410261501,0.28584477161205335,0.2796307661700861,0.28561463952064514,393920000
2013-01-28,0.2869956004514719,0.29205889208322044,0.2863051490984262,0.29021769762039185,422492000
2013-01-29,0.28906693649789406,0.28975736037203725,0.2828529021435796,0.2840036451816559,388872000
2013-01-30,0.28423379960988004,0.28814632038122173,0.28262276487296023,0.28354334831237793,287592000
2013-01-31,0.28354330046186366,0.28676539682782276,0.2803212315317775,0.2821623980998993,470544000
2013-02-01,0.28446379690643214,0.28561456681401726,0.28216231196299113,0.28469395637512207,288816000
2013-02-04,0.2830829196981036,0.2888366320017512,0.2796306923159151,0.27986082434654236,511744000
2013-02-05,0.2812419242288217,0.28791625166036644,0.2803213405866215,0.28630518913269043,367296000
2013-02-06,0.2794006730293508,0.28630513125780843,0.2777896382632196,0.2840036451816559,530688000
2013-02-07,0.2830830476778449,0.2853845336397886,0.28009111044014273,0.2828528881072998,440000000
2013-02-08,0.28469395637512207,0.286995441318563,0.2828527629331964,0.28469395637512207,307232000
2013-02-11,0.28699563202568795,0.290908180978098,0.2842338537455442,0.28791624307632446,408308000
2013-02-12,0.2853844852312828,0.2892970052157483,0.28492419360414667,0.2860749363899231,277804000
2013-02-13,0.2863049903483578,0.291598411205445,0.2837733733720916,0.28469395637512207,856396000
2013-02-14,0.28078156768878265,0.29320960860917833,0.2773293386724301,0.2929794490337372,882096000
2013-02-15,0.2922889977432912,0.29436035161462915,0.2865352827160369,0.2929794490337372,733860000
2013-02-19,0.2932096210283008,0.29343975317761195,0.2872257461721537,0.28906694054603577,433552000
2013-02-20,0.28998762382345117,0.2945905976244761,0.28400374690776353,0.28492435812950134,713012000
2013-02-21,0.28446392279348504,0.28768601960173235,0.28216243683154135,0.2828528881072998,580408000
2013-02-22,0.2846940291034404,0.28837641692799953,0.2830829947186476,0.2881462574005127,370148000
2013-02-25,0.2888367664244888,0.2911382524170443,0.2826227597317643,0.2830830514431,644444000
2013-02-26,0.2836618608751558,0.288061498904365,0.2827356024029843,0.28644058108329773,487504000
2013-02-27,0.28644062696048794,0.29385058550791604,0.2857459398961427,0.29176652431488037,476980000
2013-02-28,0.2908404511940545,0.29755569871861354,0.2896826479929784,0.29315605759620667,591392000
2013-03-01,0.2910718942117164,0.2952399898092706,0.2885247446162416,0.2943137586116791,389396000
2013-03-04,0.2922297984728224,0.29593477975794813,0.28991419207067015,0.29315605759620667,353680000
2013-03-05,0.2947768571077669,0.296860890983532,0.2933874827877938,0.29639777541160583,366168000
2013-03-06,0.29825024510125464,0.3010289659487871,0.29477683714079084,0.29616621136665344,342928000
2013-03-07,0.297787154535298,0.30079744720767027,0.2938506307041321,0.29547154903411865,314824000
2013-03-08,0.2961662439164263,0.29825027788007064,0.2947768695378663,0.2968609035015106,246464000
2013-03-11,0.29385068034233497,0.2952400273152186,0.29153504684579634,0.2940822243690491,299748000
2013-03-12,0.29361904666074784,0.29593465206372865,0.2908403256980096,0.29500842094421387,310856000
2013-03-13,0.29500842094421387,0.30010274730993297,0.2922296723772818,0.29500842094421387,485840000
2013-03-14,0.2968609932584131,0.29778725232557585,0.293387583866012,0.2952400743961334,383304000
2013-03-15,0.2952400197554895,0.2952400197554895,0.2915350393809346,0.2926928699016571,355776000
2013-03-18,0.29084033528437164,0.2933874847490906,0.2885247298050663,0.2906087636947632,298312000
2013-03-19,0.29084031266696714,0.29222965928399,0.28667221760751355,0.28875625133514404,355480000
2013-03-20,0.29153493557905424,0.29315588116840385,0.2889877866321418,0.29222962260246277,340588000
2013-03-21,0.2906086932219981,0.2910718086847145,0.2871352858453433,0.2875984013080597,339032000
2013-03-22,0.28852475936227634,0.29014567784300216,0.28736695650401545,0.2889878749847412,232476000
2013-03-25,0.2906087030179089,0.290840274559167,0.28528280600667394,0.2873668670654297,362076000
2013-03-26,0.28806165820248,0.289682604524117,0.28690385517514017,0.2894510328769684,232540000
2013-03-27,0.28829313397050843,0.29454526271800074,0.2875984468642999,0.29292434453964233,254944000
2013-03-28,0.29222968494932344,0.29732403913840105,0.2901456510386608,0.297092467546463,349276000
2013-04-01,0.296397715507471,0.296397715507471,0.28528280600667394,0.2873668670654297,442828000
2013-04-02,0.2875984603972775,0.28829314753617463,0.2825041340523546,0.28435662388801575,371524000
2013-04-03,0.2838934577001293,0.2855144034274834,0.2787991317683933,0.28088319301605225,353156000
2013-04-04,0.2799570403862901,0.2845882525514837,0.27903080899493216,0.28366202116012573,294676000
2013-04-05,0.2794938395586118,0.28852471709251404,0.2787991524245895,0.28852471709251404,551352000
2013-04-08,0.2887562560507983,0.2887562560507983,0.28250412716161116,0.28783002495765686,326660000
2013-04-09,0.28806160874337655,0.29454531010409246,0.2859775746936664,0.2924612760543823,380584000
2013-04-10,0.29269282813319963,0.29755558312614416,0.2919981409615804,0.297092467546463,384688000
2013-04-11,0.2929243918100159,0.29755560312650675,0.2848197720061569,0.29570311307907104,969220000
2013-04-12,0.2970925457813535,0.30635497023087777,0.29454536801605347,0.3031131327152252,770548000
2013-04-15,0.30218680181372964,0.30311306060083487,0.2950084411356916,0.2968609035015106,430420000
2013-04-16,0.2996396249769105,0.3021867743000956,0.29801867914810987,0.30010274052619934,468844000
2013-04-17,0.29778712956069797,0.3005658504082305,0.2943137216002342,0.29616621136665344,532948000
2013-04-18,0.29686080927787095,0.2987132986599054,0.29037711024284363,0.29037711024284363,402548000
2013-04-19,0.2901457200097742,0.2919982103730529,0.28644073928321667,0.29107195138931274,303028000
2013-04-22,0.2908402710605656,0.2940821069740478,0.2885246660925958,0.2915349304676056,245568000
2013-04-23,0.2940821016238636,0.302186718864312,0.2936189861595328,0.2991764545440674,376948000
2013-04-24,0.300102789988176,0.3119123902645237,0.29987121837326813,0.3093652129173279,556556000
2013-04-25,0.31098624550760096,0.31260716445018766,0.30820749577264617,0.311912477016449,353224000
2013-04-26,0.31144920237564355,0.3119123178938083,0.30890202561945035,0.3105229437351227,324332000
2013-04-29,0.31098607276527396,0.3153857113947584,0.30959669866954725,0.3142279088497162,269712000
2013-04-30,0.3149225774402079,0.3188591003417969,0.31283851641876304,0.3188591003417969,276712000
2013-05-01,0.31885911193242494,0.3209431730296261,0.3149225888877421,0.31608039140701294,341316000
2013-05-02,0.31584895322221773,0.3207117368980414,0.3139964628883705,0.3197855055332184,323480000
2013-05-03,0.3218694876088106,0.3234904060359846,0.32001699757595603,0.3211748003959656,293864000
2013-05-06,0.3211747454697617,0.32302723518580984,0.3183960246977855,0.3202485144138336,217116000
2013-05-07,0.3202484859972257,0.3209431730296261,0.31307009933607094,0.31608039140701294,448068000
2013-05-08,0.3165435060289251,0.32372189267046486,0.31538570351281797,0.3218694031238556,334032000
2013-05-09,0.31608038318356135,0.3234903135932727,0.31561726770873977,0.322100967168808,566800000
2013-05-10,0.32881636520477603,0.3380788170782329,0.32881636520477603,0.33668944239616394,861136000
2013-05-13,0.33437382239621427,0.335763197020391,0.3283532358303826,0.3297426104545593,289812000
2013-05-14,0.3336790773985479,0.3373840573530447,0.3304372406415101,0.33460533618927,454140000
2013-05-15,0.3329843297380896,0.3415520908764719,0.3329843297380896,0.3403942883014679,313172000
2013-05-16,0.3399312620751914,0.34340467071249364,0.3376156287127919,0.3387734591960907,308368000
2013-05-17,0.34039429415909717,0.3466464226508696,0.3378471174085793,0.3443308174610138,312116000
2013-05-20,0.34294146800065956,0.3450255293841179,0.3417836653223582,0.343636155128479,236380000
2013-05-21,0.34561448477730405,0.3486400687598411,0.3416579646821781,0.34724363684654236,357784000
2013-05-22,0.34864016415702537,0.34864016415702537,0.3337449880689803,0.3351414203643799,480404000
2013-05-23,0.33118486236005024,0.3416580487994924,0.33025392601826176,0.3404943645000458,393884000
2013-05-24,0.33863245622329025,0.341425292928346,0.33467590750133797,0.3383997082710266,283304000
2013-05-28,0.3409596662727787,0.34189060216024353,0.3349084997710311,0.3381668031215668,279300000
2013-05-29,0.3360723853111267,0.3381670061879287,0.3346759528969752,0.3360723853111267,335052000
2013-05-30,0.3356068793446009,0.3439854173983858,0.33467591525839024,0.3404943645000458,284504000
2013-05-31,0.33863228494688546,0.3435197397726079,0.3367703855037689,0.3367703855037689,577508000
2013-06-03,0.3372358089546582,0.33979592381937307,0.3293227443010694,0.3363048732280731,444468000
2013-06-04,0.33839953711234305,0.3444507033663699,0.33467573822611,0.3367703855037689,363676000
2013-06-05,0.33630510588323237,0.3388651947746074,0.3286247559758381,0.3295557200908661,464520000
2013-06-06,0.32955560731896677,0.33421034306801556,0.32932285943374895,0.3316502273082733,341044000
2013-06-07,0.3339774784228026,0.33839949248509155,0.332581074832925,0.3363048732280731,274584000
2013-06-10,0.33537416910405093,0.3381670061879287,0.3335122684666573,0.3360723853111267,224148000
2013-06-11,0.3316502890749135,0.33630505343528044,0.3297884166240692,0.3297884166240692,296336000
2013-06-12,0.33141750759546135,0.3342103434996146,0.32513359213059967,0.32699549198150635,312588000
2013-06-13,0.3258318380140227,0.3360722742637578,0.32559911785151135,0.3344431221485138,236256000
2013-06-14,0.33560678965217544,0.3360722576986713,0.33165024189592424,0.333977609872818,236012000
2013-06-17,0.3365378008908981,0.34026160158318375,0.33467590054475527,0.3372360169887543,255336000
2013-06-18,0.33886519357807393,0.34258899453619096,0.33234855577358063,0.3351414203643799,486772000
2013-06-19,0.33816676806082585,0.36027678441206623,0.3370030844499398,0.34538161754608154,1159588000
2013-06-20,0.3425890236697917,0.3430544918930338,0.33374501645049104,0.3360723853111267,628696000
2013-06-21,0.3379342415905714,0.3390979258681416,0.3300211718564408,0.3356068730354309,714228000
2013-06-24,0.33071937359703163,0.33490864236308077,0.3237372682350899,0.3286247253417969,580772000
2013-06-25,0.3321157920853929,0.3328139803972882,0.3274610276247683,0.33095210790634155,457360000
2013-06-26,0.3346758807792963,0.3351413766466562,0.3276937757019291,0.3290902078151703,579752000
2013-06-27,0.3300211068549765,0.3304865749254409,0.3225735344942966,0.3260645866394043,808036000
2013-06-28,0.3260646389630005,0.3300211598134756,0.321875370167736,0.326762855052948,431536000
2013-07-01,0.32909020685601065,0.32978842291059624,0.32606462244908596,0.32815924286842346,199524000
2013-07-02,0.3262971882499604,0.3328138221020445,0.3249007845459177,0.327926367521286,256392000
2013-07-03,0.32513350397357166,0.3328138214358541,0.32513350397357166,0.32885730266571045,140388000
2013-07-05,0.3297883490399149,0.33211571687093705,0.3276937013453471,0.3314175009727478,184684000
2013-07-08,0.3323485051161895,0.3339776573828876,0.3279265164288062,0.3297884166240692,262084000
2013-07-09,0.3304865371936911,0.33351212092290256,0.3295556011590475,0.3314175009727478,157364000
2013-07-10,0.33141749249362396,0.33677044391690536,0.3304865287383854,0.33583948016166687,208468000
2013-07-11,0.33770149998583604,0.34095983267094,0.33700328385728356,0.3404943645000458,239832000
2013-07-12,0.3397960653143665,0.3439853333172666,0.3386323812993618,0.3407270014286041,216360000
2013-07-15,0.34142525448955124,0.34142525448955124,0.33467586982241143,0.3400288224220276,201332000
2013-07-16,0.3414252246438636,0.34375259272334385,0.33979607253711064,0.34189069271087646,162560000
2013-07-17,0.341890722597253,0.34305440673871657,0.3390978862066241,0.3400288224220276,166100000
2013-07-18,0.3395632812145805,0.34072696510553113,0.33421032976732507,0.33863234519958496,344488000
2013-07-19,0.33653770465211397,0.3381668565849469,0.32792644922621456,0.3314175009727478,480532000
2013-07-22,0.33397761066725523,0.3370031945932971,0.32978837049441323,0.3311847746372223,292384000
2013-07-23,0.33537411859100486,0.33537411859100486,0.3290902291626342,0.33071938157081604,246792000
2013-07-24,0.333744966182823,0.3346759024890923,0.3302539134176814,0.33071938157081604,284252000
2013-07-25,0.3304866109427695,0.33630505956314216,0.3281592425923881,0.331883043050766,243320000
2013-07-26,0.327926566353414,0.33258130367801453,0.327926566353414,0.3304866552352905,227360000
2013-07-29,0.3297884166240692,0.3339776573828876,0.3288574526542284,0.3297884166240692,179540000
2013-07-30,0.33095206902975716,0.33979607330053535,0.3307193211235198,0.33537405729293823,266076000
2013-07-31,0.33374501645049104,0.33933069061824656,0.3335122684666573,0.3360723853111267,270160000
2013-08-01,0.3372359493835899,0.34142521738649007,0.33327942928145693,0.3407270014286041,277648000
2013-08-02,0.3400286961294788,0.3442179630316651,0.33770132871097625,0.34351974725723267,209628000
2013-08-05,0.34258892412160735,0.3463127243143469,0.3407270240252376,0.34514904022216797,185188000
2013-08-06,0.34538177502164374,0.3460799910554056,0.3393306063882658,0.3400288224220276,206608000
2013-08-07,0.33816676782526,0.3432869979051164,0.33793404774988833,0.33979594707489014,244380000
2013-08-08,0.3416579510087359,0.3437525710504402,0.337701403327539,0.342123419046402,345696000
2013-08-09,0.3286247313558963,0.34235622213233136,0.32839201115289157,0.3372360169887543,906224000
2013-08-12,0.3235044699224124,0.3393305784942458,0.30511824535204113,0.3344431221485138,257568000
2013-08-13,0.33490865692000443,0.3370032775218622,0.332814008573725,0.3356068730354309,197468000
2013-08-14,0.33490863110005625,0.3518984257916293,0.33467588316471736,0.3498038053512573,828508000
2013-08-15,0.346079843056238,0.35492384429815577,0.3446834115858907,0.3521310091018677,723616000
2013-08-16,0.35143289809919626,0.358415002042896,0.35073468215594333,0.3535275459289551,660456000
2013-08-19,0.3514328976225563,0.35259658161159463,0.3477090977598677,0.3479418456554413,393432000
2013-08-20,0.34782490142342,0.3520352918711586,0.3473570864590721,0.34969618916511536,234192000
2013-08-21,0.3475908876395063,0.35203519833065744,0.34665525795941987,0.3480587303638458,261540000
2013-08-22,0.34782477995342237,0.3532047198753594,0.34782477995342237,0.3499299883842468,129016000
2013-08-23,0.3503978031852209,0.3532047198753594,0.3492282522406387,0.3499299883842468,245120000
2013-08-26,0.3501638692806736,0.3515673415175412,0.34922823971229056,0.3506316840648651,300152000
2013-08-27,0.3473571430964541,0.3496962461838935,0.34501804000901465,0.3461875915527344,277464000
2013-08-28,0.3468893280558279,0.34946232472142624,0.3447841185465474,0.3461875915527344,318824000
2013-08-29,0.34501793196637454,0.34876050688801064,0.3440822742938157,0.34548574686050415,276216000
2013-08-30,0.3457197358311492,0.3466553658023057,0.3433806330189528,0.3450179994106293,378120000
2013-09-03,0.34595353485854863,0.35016392434697846,0.3431466178276945,0.34525179862976074,284680000
2013-09-04,0.3452518073649227,0.35063174807601694,0.34478399249532715,0.34852656722068787,222080000
2013-09-05,0.34712313840775566,0.3508657136040624,0.346889244885675,0.34946224093437195,174904000
2013-09-06,0.34969609624614517,0.3515673834906143,0.34548570691716374,0.3480587303638458,226756000
2013-09-09,0.35086564419817134,0.3539064824581146,0.3499300145263255,0.3539064824581146,246408000
2013-09-10,0.3564796239257621,0.36162564459354496,0.3548422296313857,0.36139172315597534,292132000
2013-09-11,0.360923900296857,0.36840905152424047,0.35835087607690586,0.36747339367866516,396164000
2013-09-12,0.3656020514330519,0.37191765032629137,0.3656020514330519,0.36723944544792175,303808000
2013-09-13,0.3684090782535366,0.37121599622530416,0.365836053846904,0.36957862973213196,159696000
2013-09-16,0.3726194942053443,0.37519249090065815,0.36840910302246593,0.369812548160553,231412000
2013-09-17,0.37121588286673274,0.3740227999813492,0.3695785168735647,0.37098196148872375,168608000
2013-09-18,0.371215891516173,0.37519235984489074,0.3693446041013944,0.3742567300796509,268168000
2013-09-19,0.37589418291114396,0.3765959193392658,0.37098205579859617,0.3726194500923157,227572000
2013-09-20,0.3735549816697235,0.37589408389108053,0.3686428558511547,0.3693445920944214,356036000
2013-09-23,0.36911081714426985,0.37215165681519,0.363730874324074,0.36583608388900757,271244000
2013-09-24,0.36606989422832936,0.3686428901808523,0.36396468530248266,0.36723944544792175,229732000
2013-09-25,0.36653770130783775,0.3705141697926303,0.36490030732795253,0.3677072525024414,233156000
2013-09-26,0.36864281114823444,0.36934454730640615,0.3644324220834988,0.3665376305580139,148816000
2013-09-27,0.36373083686909785,0.36677167622688933,0.3623273918546368,0.36443257331848145,151920000
2013-09-30,0.3606899742060228,0.36653773064712125,0.35858476515664595,0.363964706659317,226640000
2013-10-01,0.36443255444626244,0.3660699487048001,0.3616256366783911,0.3637308180332184,226976000
2013-10-02,0.3599881866347279,0.3649002846157435,0.3599881866347279,0.3634968400001526,162036000
2013-10-03,0.3637308531089691,0.36700561405753546,0.3581170170318659,0.35975438356399536,436768000
2013-10-04,0.3592864907999058,0.3677072709778741,0.3583508330666308,0.3646664321422577,246228000
2013-10-07,0.36326295948449583,0.36723945605338726,0.3613916719022472,0.3646664321422577,169952000
2013-10-08,0.3637308229677837,0.3688768714770507,0.35881872377844487,0.36162564158439636,290712000
2013-10-09,0.36396477490014917,0.3641986963553726,0.3541405478139908,0.3560118079185486,275860000
2013-10-10,0.3585847102982538,0.3609238125168436,0.3560116867040858,0.35998818278312683,223484000
2013-10-11,0.35437445704827664,0.358818769703809,0.35320490548908,0.35694748163223267,213704000
2013-10-14,0.3560116794907034,0.3623272776603699,0.3560116794907034,0.3623272776603699,166628000
2013-10-15,0.3623273370628996,0.36443251820839523,0.360222128033102,0.36045604944229126,208820000
2013-10-16,0.3625612182929926,0.36630379340729496,0.36209340337478,0.3649003207683563,210072000
2013-10-17,0.36209327457700113,0.3665375844299171,0.36209327457700113,0.36560192704200745,213324000
2013-10-18,0.3649004204664768,0.37098209971777985,0.3634969753283898,0.369812548160553,255068000
2013-10-21,0.37425678644176197,0.37449067997614627,0.36957858114243924,0.3707481324672699,195008000
2013-10-22,0.3707480424799736,0.37098193595758766,0.36560199559231527,0.36887675523757935,179452000
2013-10-23,0.3681751492077728,0.3681751492077728,0.36139173404129327,0.36256128549575806,252216000
2013-10-24,0.3634968361110116,0.3658359383296014,0.3592864465406903,0.35998818278312683,236436000
2013-10-25,0.36185955694330785,0.362093450490698,0.35531006358320333,0.35647961497306824,330492000
2013-10-28,0.3560116935789573,0.3576490874710279,0.35086567417554554,0.3557778000831604,394024000
2013-10-29,0.3553099774064373,0.35694734337826106,0.35203521757849193,0.35624560713768005,387952000
2013-10-30,0.3574152808812744,0.3590526474149162,0.35297096842218095,0.3560118079185486,204032000
2013-10-31,0.3564796039871073,0.35905260023493296,0.3546083162441317,0.3553100526332855,293368000
2013-11-01,0.35718137521348675,0.35858484823824616,0.35437445704827664,0.35694748163223267,206136000
2013-11-04,0.35811698941455417,0.35811698941455417,0.3459536323783335,0.34665536880493164,410264000
2013-11-05,0.34455022496838844,0.3478249581370803,0.34080764887476206,0.3461875915527344,422368000
2013-11-06,0.34618746498841196,0.3487604885976347,0.3426788116399981,0.34852656722068787,198044000
2013-11-07,0.34735705758634133,0.3482926874372665,0.3396380137211538,0.3403397500514984,553076000
2013-11-08,0.35086572107753555,0.36513425794753673,0.349462248377951,0.363964706659317,734532000
2013-11-11,0.3625612450599395,0.3679411867273233,0.3618595365729659,0.3670055568218231,297624000
2013-11-12,0.3686428823044044,0.370748091185271,0.36349686262500813,0.3677072525024414,316032000
2013-11-13,0.3667716419517407,0.3777654469013214,0.3660699334522386,0.3777654469013214,332792000
2013-11-14,0.37659586904001935,0.38174188901842,0.37636194763378683,0.3794027864933014,307980000
2013-11-15,0.38080621800445436,0.3812740328820562,0.37449061956178437,0.3782331943511963,450332000
2013-11-18,0.3700463312925934,0.3733210632749235,0.3681750439237056,0.36911067366600037,316948000
2013-11-19,0.36734680320195356,0.37063926972208167,0.3626432635815949,0.3631136119365692,206716000
2013-11-20,0.36334884712834076,0.3642895720678578,0.3569990729366826,0.35770460963249207,204776000
2013-11-21,0.3581750293916165,0.3612323369919104,0.35652879546386407,0.36052680015563965,213568000
2013-11-22,0.3609971335812523,0.3609971335812523,0.35629359225021073,0.35699912905693054,158668000
2013-11-25,0.35699916191692543,0.3652303600038889,0.35699916191692543,0.36476001143455505,248208000
2013-11-26,0.3687580693576124,0.3718153775509314,0.3664062981374169,0.36781737208366394,753176000
2013-11-27,0.3675820714553052,0.37040421848566496,0.36523030095354925,0.369228333234787,181272000
2013-11-29,0.369228431135826,0.37016912837182825,0.36452486084984514,0.36687663197517395,116964000
2013-12-02,0.3654654844633522,0.37299114436400344,0.36475994771494086,0.3704042136669159,373872000
2013-12-03,0.3704042318137192,0.37534293322392376,0.36781727295457617,0.3701690435409546,290560000
2013-12-04,0.36922843653658244,0.37604856168566564,0.36828771125149684,0.3753430247306824,493176000
2013-12-05,0.37604845647575286,0.37604845647575286,0.36875795670618317,0.369228333234787,271812000
2013-12-06,0.3736968247024933,0.3736968247024933,0.3628786651642347,0.3638193905353546,281000000
2013-12-09,0.36381922361575597,0.36499510876366725,0.3569990729366826,0.35770460963249207,385220000
2013-12-10,0.3577046938923877,0.36758212585447925,0.35723434532949183,0.36593589186668396,524268000
2013-12-11,0.3666412931297805,0.3671116415187223,0.3617025649576179,0.3624081015586853,414156000
2013-12-12,0.3612324261408953,0.3631138488234961,0.35464746076945514,0.3553529977798462,258724000
2013-12-13,0.3560583750026909,0.35864530549942575,0.35276587977687385,0.35323622822761536,184588000
2013-12-16,0.3534715274073086,0.35676399563115,0.3532363390904676,0.3537066876888275,237620000
2013-12-17,0.35347157509724536,0.35629369510348374,0.35041426674243464,0.3553529977798462,274104000
2013-12-18,0.35605852377360475,0.36099722662288447,0.351590141536266,0.3602916896343231,426232000
2013-12-19,0.35982128804253694,0.3621730589681492,0.3574695171169246,0.36170271039009094,258544000
2013-12-20,0.36240822904363074,0.3692283812060063,0.36146750389951715,0.36899319291114807,382080000
2013-12-23,0.3711097836494446,0.37416709137377163,0.36805250396043765,0.3711097836494446,168568000
2013-12-24,0.3732263494418525,0.3732263494418525,0.3682876200157625,0.3720504641532898,79600000
2013-12-26,0.3734615222765265,0.3746374075164836,0.3675820680414257,0.3685227930545807,168920000
2013-12-27,0.3704042533440828,0.37134495041918697,0.36828764287212057,0.3706394135951996,210976000
2013-12-30,0.37087468219425956,0.3758134129963312,0.37040433355485386,0.37557822465896606,248180000
2013-12-31,0.37628372669304466,0.3786354977070063,0.37393195567908305,0.3767540752887726,235776000
2014-01-02,0.374402248070135,0.3758133216808126,0.36969870674829997,0.3729911744594574,260092000
2014-01-03,0.3736966825033286,0.37440221925436595,0.36734690781462365,0.3685227930545807,259332000
2014-01-06,0.3722858094193172,0.3762838438157439,0.36875815180035054,0.3734617233276367,409492000
2014-01-07,0.37722428703487826,0.3809871305062593,0.37463735667920156,0.37957605719566345,333288000
2014-01-08,0.3809871352623912,0.3866314005399241,0.3795760619341799,0.38474997878074646,308192000
2014-01-09,0.37887057054190526,0.3795761072903166,0.3692283284313355,0.3704042136669159,292172000
2014-01-10,0.3715800455296259,0.3741669758551329,0.36664131703544933,0.3699337840080261,218492000
2014-01-13,0.36993397819686535,0.3722857495647349,0.36052689272538696,0.3612324297428131,243332000
2014-01-14,0.363113780404685,0.3732264008873092,0.36146751834552343,0.3725208640098572,241828000
2014-01-15,0.374167134035236,0.37792997905348574,0.3725208998529979,0.3765189051628113,175044000
2014-01-16,0.3765187812089764,0.37840020309871797,0.3748725475686953,0.37769466638565063,220652000
2014-01-17,0.3776947691969645,0.3821631509058415,0.3736967641150484,0.3760485351085663,340400000
2014-01-21,0.37651891996210146,0.3798114164913143,0.3734616398043441,0.37745964527130127,246076000
2014-01-22,0.3781651308649787,0.37863547943801257,0.3725208638826111,0.3769892454147339,337940000
2014-01-23,0.3758134129963312,0.3798114184842668,0.37275610478720705,0.37557822465896606,185028000
2014-01-24,0.372520855853185,0.3739319295771924,0.36593589186668396,0.36593589186668396,246696000
2014-01-27,0.3659359319119073,0.37110982274059195,0.36146754998711184,0.36358416080474854,233812000
2014-01-28,0.36287857921968275,0.36734696059472216,0.3614675055148662,0.36711177229881287,167996000
2014-01-29,0.3657007435870622,0.3678173544046989,0.36334897247990344,0.36358416080474854,162944000
2014-01-30,0.3657006707746276,0.37040424008776907,0.3645247854551716,0.369698703289032,202896000
2014-01-31,0.3645247641959593,0.37134491547224097,0.3642896039669732,0.369228333234787,335348000
2014-02-03,0.3718153325697599,0.3722856811498327,0.36287859740709316,0.36428967118263245,431728000
2014-02-04,0.3640544613221514,0.36711176896460695,0.3621730390779235,0.36640623211860657,280692000
2014-02-05,0.36381914848668456,0.36499503339177425,0.36029146573610793,0.3631136119365692,214676000
2014-02-06,0.3635841782802472,0.3687580693576124,0.36311382964327293,0.36781737208366394,168380000
2014-02-07,0.36875811095343214,0.37369684228706007,0.36546564208789856,0.37322649359703064,157248000
2014-02-10,0.3727561099484607,0.37934107509729137,0.3725209216078391,0.37440234422683716,324372000
2014-02-11,0.37651878210782835,0.3831037447199868,0.37463738824890946,0.38216304779052734,235384000
2014-02-12,0.3833390012051871,0.3986255392947961,0.3833390012051871,0.39580339193344116,744528000
2014-02-13,0.4056809241476327,0.4106196548775391,0.3986256105536658,0.4082678556442261,902836000
2014-02-14,0.4045048425587799,0.42214311799763593,0.40426965433880424,0.4212024211883545,817536000
2014-02-18,0.42143771702943006,0.4228487626036861,0.41743968448074376,0.42096734046936035,428988000
2014-02-19,0.4209673359637987,0.4303744465347441,0.4190859138496096,0.42661160230636597,450340000
2014-02-20,0.4275521994537688,0.44260354481541225,0.4268466908566836,0.44166284799575806,398088000
2014-02-21,0.4409574252072013,0.44660169168826325,0.4355483470094279,0.4383704662322998,451052000
2014-02-24,0.43742973859858225,0.44801270597121545,0.43343173430931736,0.44472023844718933,403112000
2014-02-25,0.4441297223747578,0.44601963992180393,0.43798749738733506,0.44271227717399597,242184000
2014-02-26,0.44176726812329287,0.44838196449334883,0.4405860733487081,0.4420035183429718,360884000
2014-02-27,0.44200353404326403,0.4464920630813603,0.4358613097324847,0.4370425045490265,388848000
2014-02-28,0.43468012033899417,0.4389324273639772,0.4278291734204365,0.43420764803886414,321692000
2014-03-03,0.4245217321632857,0.4320813715457916,0.42074189839108317,0.4320813715457916,375948000
2014-03-04,0.4342075400479137,0.4394047903805583,0.4334988176930305,0.4365699291229248,260344000
2014-03-05,0.43609751051163537,0.4405860674925397,0.4342076214269435,0.440349817276001,241472000
2014-03-06,0.4410585667955156,0.4434209564580721,0.4334989255077159,0.43420764803886414,290144000
2014-03-07,0.4360974319023741,0.43680615426233416,0.43042770934649216,0.43373504281044006,268452000
2014-03-10,0.43231774974566173,0.4342076671914511,0.42546680252491376,0.4273567199707031,300888000
2014-03-11,0.42948292612583266,0.4353889296208947,0.4280655089430237,0.4316090941429138,297220000
2014-03-12,0.4294827685068968,0.43538876983447344,0.42782910165288807,0.4327901303768158,239428000
2014-03-13,0.4337351439998156,0.4353888392794921,0.41696216626922844,0.41908833384513855,385172000
2014-03-14,0.41483605157844566,0.42475808303830387,0.41483605157844566,0.42097824811935425,460048000
2014-03-17,0.42215944301128755,0.42523055536269566,0.42050577579496246,0.42097824811935425,299656000
2014-03-18,0.4226319997697709,0.4337352275999239,0.4207420820586592,0.43090036511421204,293904000
2014-03-19,0.4342075948572043,0.446728264167606,0.43302637200869576,0.4384598731994629,366168000
2014-03-20,0.43609750630212835,0.4424759804680597,0.43420761723567897,0.43869614601135254,191800000
2014-03-21,0.44247600396086617,0.446019588391458,0.43562505716457856,0.43798744678497314,566116000
2014-03-24,0.43822370898847146,0.4417672935159098,0.4294828446245984,0.4358613193035126,306096000
2014-03-25,0.4405860986734304,0.44105857097804085,0.43255395684742626,0.4358613193035126,304424000
2014-03-26,0.4398773780111309,0.44814574194374207,0.42215942713648613,0.42593926191329956,557756000
2014-03-27,0.42499429826914414,0.4285378826530129,0.4155447117502555,0.42026951909065247,540728000
2014-03-28,0.41956079841659966,0.4254667724155462,0.41837960361681037,0.42286813259124756,398820000
2014-03-31,0.4235768478802925,0.4273566824399233,0.4207419860415218,0.4231043756008148,273404000
2014-04-01,0.4365700038034348,0.44578331150726475,0.43137272441983426,0.44058606028556824,656272000
2014-04-02,0.44058603555654,0.4415309800303914,0.4358612568634783,0.4377511739730835,239948000
2014-04-03,0.43869628789223386,0.4531068797368866,0.43846003760156876,0.4424761235713959,599548000
2014-04-04,0.44483843455898137,0.4474370746455597,0.4268842605253141,0.4287741780281067,368032000
2014-04-07,0.42901020328984263,0.43845975830655076,0.42664781453566564,0.43019139766693115,428576000
2014-04-08,0.4301916011588506,0.4467283584223054,0.429482878564974,0.4455471634864807,470692000
2014-04-09,0.4476731677938552,0.4514530017107765,0.441530944719333,0.44507452845573425,421968000
2014-04-10,0.44318473438896017,0.44932693061446344,0.43279020297656773,0.43420764803886414,372748000
2014-04-11,0.43090031112995825,0.4375150082091879,0.4223956965763904,0.4280654489994049,353112000
2014-04-14,0.4309002133314194,0.4344437972308245,0.4280653518442757,0.4327901303768158,290184000
2014-04-15,0.4332626793852952,0.43822370898847146,0.42901037231998795,0.4358613193035126,304636000
2014-04-16,0.4379873069609575,0.43845977910182227,0.431372612503161,0.4368061125278473,235136000
2014-04-17,0.4351525393417278,0.4424759576634447,0.4342075948572043,0.4384598731994629,153532000
2014-04-21,0.4386961560769914,0.4431847131175566,0.43586129425036885,0.4420035183429718,117004000
2014-04-22,0.4427121754983749,0.44861817703720636,0.44034978614760323,0.4457832872867584,255120000
2014-04-23,0.4464919286371832,0.45216167894649584,0.44578320632828194,0.4509804844856262,261580000
2014-04-24,0.4540517009276957,0.45972142438888147,0.4540517009276957,0.45499664545059204,391492000
2014-04-25,0.45405185273763377,0.4583041608362127,0.44153115057064873,0.4424761235713959,313600000
2014-04-28,0.44601956171993895,0.44838195119906504,0.4351525588511975,0.44058606028556824,226788000
2014-04-29,0.4422397249939562,0.4431846976778459,0.4365700015382334,0.4415310025215149,171300000
2014-04-30,0.4408223928711922,0.4412948652229237,0.4353888904215064,0.4363338351249695,305740000
2014-05-01,0.44294845273467204,0.4438933972678967,0.43515256176890366,0.43869614601135254,198104000
2014-05-02,0.44082233502101226,0.44082233502101226,0.4327901934480165,0.43538883328437805,156376000
2014-05-05,0.43491635394605,0.4434209682216358,0.43444388163338565,0.4401136338710785,239260000
2014-05-06,0.4443658194158956,0.4481456250448392,0.429955234770444,0.43113642930984497,416188000
2014-05-07,0.43113662174864414,0.43515267934280394,0.42688431387639364,0.4316090941429138,293900000
2014-05-08,0.4299553356497761,0.44389342322020614,0.4278291680828575,0.4370425045490265,432728000
2014-05-09,0.4238129879779625,0.42782904355285295,0.4183794877710412,0.42641159892082214,539532000
2014-05-12,0.42735672182117357,0.4398773932715972,0.42712047157871164,0.4389324486255646,299856000
2014-05-13,0.4330264725085822,0.4401136704349673,0.4304278604920867,0.4318452775478363,221104000
2014-05-14,0.43208149053880135,0.4337351577088392,0.4273567111033179,0.427592933177948,214320000
2014-05-15,0.42664797794475323,0.42901036760374167,0.4209782258660374,0.4252305328845978,325896000
2014-05-16,0.42192311206735034,0.42735661280069775,0.42192311206735034,0.42428550124168396,283960000
2014-05-19,0.42877413853019664,0.4403498364053677,0.4268842212014999,0.43798744678497314,360076000
2014-05-20,0.4381060302710801,0.4392926652192705,0.4307489105672646,0.4328848421573639,256200000
2014-05-21,0.4345461254265088,0.4383433685773617,0.4302742339547014,0.4328848421573639,216712000
2014-05-22,0.43193571816795107,0.43715690836867116,0.43193571816795107,0.4347836375236511,130364000
2014-05-23,0.43715672447324533,0.44095396754456784,0.4345461163252601,0.4388180077075958,182656000
2014-05-27,0.44142860197005546,0.44664978981018066,0.4400046287901998,0.44664978981018066,209680000
2014-05-28,0.44831109148340365,0.4532949409207324,0.4440392003288313,0.4504470229148865,224676000
2014-05-29,0.45020966389457157,0.4540069065885785,0.448785719103023,0.44973501563072205,171884000
2014-05-30,0.44973510905626846,0.45210837916013175,0.4473618389524051,0.4509217441082001,239128000
2014-06-02,0.45234567755711214,0.4551935957720307,0.44570051619456297,0.4494977593421936,181500000
2014-06-03,0.45044718100448605,0.4509218294567759,0.4416660573248488,0.44759926199913025,243212000
2014-06-04,0.4464124913511368,0.4513963410262878,0.44617515305115474,0.44807377457618713,161236000
2014-06-05,0.4487858156724191,0.45139639583113683,0.44617520722208986,0.4499724507331848,188696000
2014-06-06,0.45210845944374584,0.4556683652316947,0.45044717573435966,0.4516338109970093,161052000
2014-06-09,0.4511590864453723,0.456380275061958,0.4480738296246043,0.45210838317871094,247456000
2014-06-10,0.4504470486189467,0.45661756156006267,0.44854842707617193,0.4544816017150879,217608000
2014-06-11,0.4528202817108041,0.46160140209676215,0.4528202817108041,0.4604147672653198,266228000
2014-06-12,0.4604148185430117,0.46539866841517125,0.4563802370334803,0.46326273679733276,337148000
2014-06-13,0.46800932011230917,0.46824665844371294,0.45922819793293496,0.463737428188324,227852000
2014-06-16,0.46160139575954406,0.46539861019306483,0.45827880130215704,0.46231335401535034,198620000
2014-06-17,0.462788148563561,0.46729735069412476,0.4604148783281879,0.46539872884750366,157608000
2014-06-18,0.46421205079343175,0.46705999744575455,0.4599401591065579,0.46492403745651245,215536000
2014-06-19,0.4563803670599093,0.4587536376632756,0.45092183901384353,0.4542444348335266,474592000
2014-06-20,0.4554310474338114,0.45709233111503605,0.4457006271283851,0.44926053285598755,353148000
2014-06-23,0.4433272389634591,0.4442765355888522,0.4381060226489721,0.4440392255783081,414200000
2014-06-24,0.44332721972045985,0.44688712434857575,0.43525808558843293,0.43715670704841614,275780000
2014-06-25,0.43834349911880477,0.4419034050235384,0.4343089447517634,0.4416660666465759,215420000
2014-06-26,0.4416659267128036,0.4419032650145697,0.4343088071489598,0.43573275208473206,256908000
2014-06-27,0.4352582077404741,0.43881811336765153,0.432647598963898,0.43620753288269043,302820000
2014-06-30,0.4345461204209855,0.44119128171262834,0.4345461204209855,0.4400046467781067,180512000
2014-07-01,0.4395300809784051,0.4475992170229877,0.43810610747300416,0.4449886083602905,321180000
2014-07-02,0.44332727789878845,0.44522589960792985,0.44071666951226757,0.44332727789878845,179284000
2014-07-03,0.43929275031556314,0.4485485216793682,0.43929275031556314,0.44736188650131226,136892000
2014-07-07,0.44807380129832197,0.4483111396124584,0.4430899230343354,0.4438019096851349,127496000
2014-07-08,0.4426153522714393,0.4445139742424581,0.4359701895186809,0.44024208188056946,221940000
2014-07-09,0.4440393455638368,0.45543104960479047,0.44071674989393333,0.4535324275493622,387668000
2014-07-10,0.44498854672151256,0.4530576816483774,0.44142864174273366,0.4511590600013733,266308000
2014-07-11,0.4516337348120416,0.4535323565703305,0.44997245138289316,0.45210838317871094,191188000
2014-07-14,0.4540070485589892,0.458990927616908,0.452345764970221,0.45780429244041443,272636000
2014-07-15,0.45851624410478936,0.46088951427610053,0.4554309872237624,0.45970287919044495,395440000
2014-07-16,0.46160148618628605,0.4651613913291177,0.45661760766967724,0.45922818779945374,319728000
2014-07-17,0.45400708388027045,0.4627882075027769,0.45400708388027045,0.45804163813591003,324832000
2014-07-18,0.44854848223650523,0.4521083874576348,0.4369194415391815,0.43763142824172974,567816000
2014-07-21,0.4359701895186809,0.44332733904702315,0.4359701895186809,0.44024208188056946,243364000
2014-07-22,0.4435646244370466,0.4459378946958989,0.4373941387389985,0.43834343552589417,298816000
2014-07-23,0.43858077807538515,0.4388180881285788,0.4286130202593021,0.42908766865730286,297352000
2014-07-24,0.43146080997209496,0.43264744475820965,0.42671427082763613,0.42979952692985535,254576000
2014-07-25,0.4283756049740458,0.42932492989115273,0.42149313371016045,0.4222051203250885,266132000
2014-07-28,0.42410378465017795,0.42410378465017795,0.4134240685113048,0.4205438792705536,330352000
2014-07-29,0.42078128831527617,0.4276637901806331,0.42054394993344335,0.42196792364120483,217972000
2014-07-30,0.42457846643887553,0.4302743037981115,0.4233918312980669,0.42908766865730286,246184000
2014-07-31,0.4238665362777811,0.42718910379892755,0.41461076396895785,0.41532275080680847,401880000
2014-08-01,0.4153227305018354,0.4222052318757518,0.41389875689575173,0.4198319613933563,219884000
2014-08-04,0.4193572568203379,0.4229171623075711,0.41674667643800195,0.4188826084136963,241724000
2014-08-05,0.41769595087162553,0.42529043813744366,0.4141360455751279,0.4191199243068695,298136000
2014-08-06,0.41627184577030374,0.4238663306339992,0.4131866181224813,0.41864514350891113,223456000
2014-08-07,0.4222051043039862,0.42600231895349877,0.41152536206853785,0.4143733084201813,407696000
2014-08-08,0.43241023163974396,0.4532950142120634,0.43241023163974396,0.4509217441082001,894348000
2014-08-11,0.4513964143740056,0.45329503620754635,0.44736186065998934,0.44854849576950073,344624000
2014-08-12,0.44831118572256606,0.4509217659885235,0.4435646169929078,0.44854849576950073,296152000
2014-08-13,0.44926043835436924,0.45495630329538145,0.4464125200296681,0.4511590600013733,256596000
2014-08-14,0.45282028904351806,0.45282028904351806,0.4442765068021377,0.44617512822151184,255992000
2014-08-15,0.44759911641649336,0.45448158746519846,0.4433272251520938,0.45187100768089294,369796000
2014-08-18,0.4537697455098614,0.4585163148767282,0.4492605428050201,0.45804163813591003,284076000
2014-08-19,0.4581607580797518,0.46412017937391037,0.4564920973839776,0.46173641085624695,248260000
2014-08-20,0.46006771912028077,0.4622131276914872,0.45768395076344726,0.458875834941864,221468000
2014-08-21,0.457684010129937,0.4600677787959707,0.4538699973143414,0.45458510518074036,272796000
2014-08-22,0.4541083576735021,0.45863753519443656,0.4512478409541964,0.45482349395751953,251224000
2014-08-25,0.4567305148206141,0.4598294197751735,0.45458510596741264,0.45553863048553467,153380000
2014-08-26,0.4567305152655814,0.46459695756812247,0.4550618828781973,0.46364346146583557,269636000
2014-08-27,0.4607828555486929,0.46435850808579016,0.45768395099985654,0.45839908719062805,182972000
2014-08-28,0.45744547410031117,0.4631665053282817,0.45601520208494195,0.46221300959587097,179704000
2014-08-29,0.46388182128302524,0.46459695756812247,0.4588758957041089,0.46364346146583557,207932000
2014-09-02,0.46483516693115234,0.46483516693115234,0.46054437928845005,0.46483516693115234,192636000
2014-09-03,0.46721908480828195,0.4707947375899663,0.46412018004746974,0.4691261053085327,259456000
2014-09-04,0.4684109107233359,0.480329780261092,0.46817252253421243,0.47746923565864563,491832000
2014-09-05,0.476992577972143,0.47913798695782744,0.4729401766659823,0.4760390818119049,253792000
2014-09-08,0.4755621837057901,0.4765156795652281,0.4698411232988917,0.47174814343452454,319288000
2014-09-09,0.4696028223921478,0.47270172694880536,0.4653120336534497,0.4657887816429138,198588000
2014-09-10,0.4684110276581423,0.4691261639872816,0.4631667135222983,0.46745750308036804,172376000
2014-09-11,0.4641201489399114,0.4657887811095052,0.45768395163085457,0.4626898765563965,250720000
2014-09-12,0.4655503914735043,0.4655503914735043,0.4553001818678961,0.4557769298553467,262536000
2014-09-15,0.45720729346315236,0.4579224297954028,0.44767221814452235,0.44957923889160156,294152000
2014-09-16,0.4483873540029617,0.4586375656430108,0.4469570813399722,0.4562537968158722,219936000
2014-09-17,0.45506179271100156,0.46078282502466994,0.4529163842808071,0.45649203658103943,173584000
2014-09-18,0.459352494383702,0.46388164174174445,0.45792222236708174,0.46340489387512207,219604000
2014-09-19,0.46483534510023566,0.46531209315065925,0.4541083576735021,0.45482349395751953,601316000
2014-09-22,0.46412020960361955,0.46412020960361955,0.44981756914929777,0.4502943456172943,221464000
2014-09-23,0.4479104888009625,0.45339316170095856,0.44624185663577076,0.4483872652053833,196144000
2014-09-24,0.44814896523937825,0.45243975480665805,0.44767221715785066,0.45100948214530945,159592000
2014-09-25,0.45053270418079944,0.4517245885139458,0.4402824932323876,0.4412359893321991,298440000
2014-09-26,0.44266629252220285,0.4455268094362911,0.4407592717738887,0.4421895444393158,241188000
2014-09-29,0.43861371334316174,0.4445731330047357,0.43432292550347756,0.44147422909736633,208540000
2014-09-30,0.43956735784467066,0.44290465103433796,0.43456143226855165,0.4398057460784912,277204000
2014-10-01,0.4405208822879872,0.44361975882654087,0.4343230723773516,0.4355149567127228,350976000
2014-10-02,0.4347998202403128,0.4369452006763484,0.42359608475925287,0.43360793590545654,288996000
2014-10-03,0.43623003237432045,0.4421894532229942,0.4345613718032837,0.4345613718032837,239140000
2014-10-06,0.43623003297058677,0.4398056854846784,0.42907869952564326,0.4319392442703247,199032000
2014-10-07,0.4300323426045037,0.4343231324890515,0.42693343722028754,0.42741018533706665,301896000
2014-10-08,0.4269335237541763,0.4374221265330602,0.4235962294267604,0.43527671694755554,260172000
2014-10-09,0.43336954770657354,0.43384632417396557,0.4233577249763301,0.4269333779811859,306956000
2014-10-10,0.42359605256338967,0.4250263250232134,0.4014269999366929,0.4016653597354889,691376000
2014-10-13,0.4042875774450695,0.4123924085791231,0.39975842800013234,0.4002351760864258,397628000
2014-10-14,0.4057177907753424,0.42073553800588265,0.4033340222757888,0.409531831741333,376620000
2014-10-15,0.40357232355582684,0.4178749608959618,0.40095019563659584,0.4157295525074005,404428000
2014-10-16,0.4083398888641581,0.42073547759878793,0.4073863645511817,0.4159679412841797,351116000
2014-10-17,0.4209740164428621,0.425741554463716,0.41358432114383126,0.4152529537677765,290716000
2014-10-20,0.41525292354778476,0.42264261830903127,0.4123924066267999,0.4188285768032074,200336000
2014-10-21,0.4219275676767715,0.43718370838213727,0.42073568301620096,0.4367069602012634,351092000
2014-10-22,0.43599164397892415,0.437421916348671,0.4264565706253052,0.4264565706253052,239512000
2014-10-23,0.433846294372796,0.4390905794029985,0.43074738963143383,0.43599167466163635,214476000
2014-10-24,0.4386137432919498,0.443142891177297,0.4359915870951132,0.4405207633972168,210156000
2014-10-27,0.44028246376064767,0.4424278440499976,0.43551492674719267,0.44075921177864075,145092000
2014-10-28,0.4395674446805808,0.45172467867179134,0.43909069653552285,0.4512479305267334,192580000
2014-10-29,0.4493407611807042,0.4519629177379772,0.4443348362683686,0.4483872652053833,168340000
2014-10-30,0.4471953198423229,0.44910231153204905,0.43980562758598685,0.445526659488678,170260000
2014-10-31,0.45577693178036477,0.4660271698460261,0.45339316341628366,0.4657887816429138,256316000
2014-11-03,0.47651589011705753,0.47818455123351866,0.4712716037394109,0.4736553728580475,308732000
2014-11-04,0.4767541886697523,0.48152172600976756,0.4688877463753743,0.479853093624115,360196000
2014-11-05,0.48271363876153545,0.48295199857847776,0.47627744061910354,0.479853093624115,335652000
2014-11-06,0.48080664991183597,0.4827136991866796,0.4734169547430793,0.4819985628128052,394088000
2014-11-07,0.4874810524493059,0.4932020844394474,0.46698060730382096,0.47174814343452454,450800000
2014-11-10,0.4712715748477881,0.48032993104340177,0.47007969036153907,0.4772310256958008,293388000
2014-11-11,0.4743703904092567,0.47699251873264237,0.4674574446473949,0.4715098738670349,212992000
2014-11-12,0.4698412427355742,0.4710331270712348,0.46197480043686145,0.46841099858283997,204584000
2014-11-13,0.470079631083212,0.4707947673681343,0.4622131887825949,0.46602723002433777,225328000
2014-11-14,0.466503859374102,0.47174814343452454,0.4619746829998795,0.47174814343452454,160248000
2014-11-17,0.4696028530597687,0.47460877831795734,0.46650394830073577,0.4696028530597687,158732000
2014-11-18,0.4698411545235646,0.4819984122482645,0.46864927041167853,0.48080649971961975,207772000
2014-11-19,0.4811656662267921,0.48260199170021173,0.47398409593374113,0.4790111780166626,240300000
2014-11-20,0.47565999216269417,0.4873899124165708,0.4742236660786976,0.4869111180305481,220968000
2014-11-21,0.4912197573904464,0.49193791993698494,0.4854745140921701,0.4895440638065338,198976000
2014-11-24,0.4907410221412735,0.4948105723433,0.48882595983703947,0.4926561415195465,136004000
2014-11-25,0.4916986065557374,0.4960075828180843,0.4907410752998976,0.49241676926612854,190240000
2014-11-26,0.4895441839092187,0.5012740989484065,0.4893047582856115,0.500795304775238,219264000
2014-11-28,0.5024707811942383,0.5048646368754192,0.49792243827778826,0.5019919872283936,124832000
2014-12-01,0.49983771077148254,0.5027103042278336,0.491937978886949,0.4926561415195465,190060000
2014-12-02,0.4921773313754342,0.49552871883570293,0.4876289872084768,0.4933742880821228,245952000
2014-12-03,0.4957681447946968,0.5063011012809155,0.49433181957520395,0.5060617327690125,284424000
2014-12-04,0.5053437835272545,0.507258846579138,0.49816221147159956,0.5015136003494263,185332000
2014-12-05,0.5017527853153358,0.5070192923915076,0.5015134167899773,0.5043860673904419,165680000
2014-12-08,0.503667870321639,0.5086949514548806,0.49385301949012,0.4979225695133209,226944000
2014-12-09,0.49481051941853943,0.49744380114775505,0.48738958244082475,0.4962468445301056,239448000
2014-12-10,0.4948105804549764,0.49672569986464493,0.48475641758186644,0.48523515462875366,204364000
2014-12-11,0.48810801140719007,0.4914594004473524,0.48403845941926943,0.4849959909915924,135652000
2014-12-12,0.47853236227219326,0.48284130970431177,0.4694357018126143,0.4699144959449768,323964000
2014-12-15,0.47542034552801016,0.48403826897333574,0.46704184768711077,0.46847817301750183,254696000
2014-12-16,0.46799948743122693,0.4754204268082459,0.4629723764524191,0.4632117450237274,185308000
2014-12-17,0.47254773988486964,0.4828413290129504,0.457227040462115,0.48212316632270813,345596000
2014-12-18,0.4881077537947996,0.49385299727059,0.47948986004409705,0.48403820395469666,226156000
2014-12-19,0.4873898298219444,0.4907412187339517,0.4828414836847562,0.4888261556625366,325528000
2014-12-22,0.4883471954276158,0.49744388461112976,0.48667150154097744,0.49744388461112976,148976000
2014-12-23,0.5012740978941722,0.5036679546068874,0.49385310213292277,0.49433189630508423,109280000
2014-12-24,0.4955287886531418,0.496246951363533,0.4919380321752312,0.49241676926612854,45644000
2014-12-26,0.49241686852312283,0.4955288885374293,0.4912199684805739,0.4928956627845764,52636000
2014-12-29,0.49145926406656615,0.4955288149251794,0.48906540726302605,0.49217742681503296,82944000
2014-12-30,0.48882610247878805,0.49121995959463877,0.48691098254167403,0.48762914538383484,112120000
2014-12-31,0.4883471354342325,0.4909804172817737,0.4785323133172098,0.4799686670303345,166300000
2015-01-02,0.48188379406929016,0.485474607492821,0.4742234301484532,0.48188379406929016,113680000
2015-01-05,0.48188385070885514,0.48332017624709,0.4715902604502384,0.4737447202205658,197952000
2015-01-06,0.47446285362029,0.4749416192577242,0.45890278491302655,0.4593815505504608,197764000
2015-01-07,0.46273288591791234,0.4668024647157841,0.4567482447881243,0.4581845700740814,321808000
2015-01-08,0.46345101480440243,0.47829294655484744,0.46321161776183994,0.4754202961921692,283780000
2015-01-09,0.477096173856882,0.48092635656367116,0.47063273697204705,0.47733554244041443,209540000
2015-01-12,0.4785323888119374,0.4787717858913958,0.467041871201356,0.4713508188724518,190732000
2015-01-13,0.4749416802790963,0.4845171084061422,0.46728134348486494,0.47063273191452026,236720000
2015-01-14,0.4656055376291308,0.47398403523133564,0.4644086094002444,0.472547709941864,155260000
2015-01-15,0.47589918378630397,0.47877180617640347,0.4689569820951215,0.4691963791847229,188932000
2015-01-16,0.46847814061256404,0.4782929631049568,0.4670418153815245,0.4778141975402832,181512000
2015-01-20,0.4811657622457138,0.48379898808975774,0.4732660276395233,0.4792506992816925,140308000
2015-01-21,0.4766174188833642,0.48715040729566056,0.473266001805213,0.4859534502029419,144780000
2015-01-22,0.48691090054383485,0.49576822174752255,0.4818838185693467,0.49433189630508423,159712000
2015-01-23,0.494810690382611,0.4967258102177444,0.4907411392097748,0.495768278837204,120416000
2015-01-26,0.49361371994018555,0.4960075765867336,0.4905017005922686,0.49361371994018555,133240000
2015-01-27,0.48595332887956516,0.48643212301192773,0.46895693621727236,0.4699144959449768,357948000
2015-01-28,0.4756597754904219,0.47757486655104414,0.46201476951912707,0.4622541666030884,272728000
2015-01-29,0.46249365324368047,0.47613863332014755,0.46033916468190467,0.4735054075717926,235340000
2015-01-30,0.470153818141535,0.475659693287927,0.45890269934317957,0.4596208333969116,298200000
2015-02-02,0.4624935537709685,0.4715902147111207,0.4533968928308163,0.46967512369155884,259604000
2015-02-03,0.47302640421179304,0.48188369459982905,0.47063254811492183,0.4814049005508423,183468000
2015-02-04,0.4799687452316517,0.48810784645698096,0.4785323912845018,0.48260197043418884,181516000
2015-02-05,0.48308070625693383,0.490741070374864,0.4826019691708411,0.4905017018318176,140448000
2015-02-06,0.49002283664131596,0.4957681374339863,0.48619265513754784,0.4883471429347992,210524000
2015-02-09,0.4854746311273831,0.489304756200222,0.4823626117001671,0.4878684878349304,273944000
2015-02-10,0.4883473563770282,0.5017529689623964,0.4861928676381133,0.5015136003494263,226204000
2015-02-11,0.5027102884698786,0.5027102884698786,0.49481055683297004,0.49816200137138367,320832000
2015-02-12,0.5266491302603789,0.5386184170011477,0.5235371100003728,0.5338307023048401,676904000
2015-02-13,0.5326335703917291,0.534788058420621,0.524494469492416,0.5340698957443237,310084000
2015-02-17,0.5331123954776357,0.5383789030514883,0.5297610075097502,0.5357456207275391,203340000
2015-02-18,0.5350276413331204,0.5359852300012381,0.5285642317306851,0.5295217633247375,170948000
2015-02-19,0.5362245053070515,0.5371820367344557,0.5285641397397072,0.5309579968452454,169432000
2015-02-20,0.5304791530151884,0.5350274406494343,0.5266489710015784,0.5347880721092224,157752000
2015-02-23,0.5345486835303866,0.5345486835303866,0.527845850989327,0.5304791331291199,125008000
2015-02-24,0.5325217923924981,0.5361263751983643,0.5277156437888029,0.5361263751983643,149356000
2015-02-25,0.5339634492539389,0.5363665802110379,0.5296379395775106,0.5320410132408142,123820000
2015-02-26,0.5325216911233926,0.5366069109302705,0.5291573419055522,0.5334829092025757,152864000
2015-02-27,0.5320411403144458,0.5332427060799794,0.5281962100760712,0.5301187038421631,157492000
2015-03-02,0.5286768453064357,0.5459790026492661,0.5279559173093337,0.5430952906608582,301512000
2015-03-03,0.5390100909993978,0.5416534555615367,0.5313202302628708,0.5330023765563965,160344000
2015-03-04,0.5310797213831359,0.5402113771163376,0.5289169381987773,0.5390098690986633,226840000
2015-03-05,0.5390100631794568,0.5503045061637954,0.5375682072040501,0.5493432879447937,323056000
2015-03-06,0.546219230824185,0.5488625949840233,0.5414130829187684,0.541893720626831,257392000
2015-03-09,0.5421342269893732,0.5474210147107579,0.5409326608870391,0.5433357357978821,222388000
2015-03-10,0.545738562050906,0.556312132675982,0.5447773439832988,0.5527074933052063,527212000
2015-03-11,0.5527074746967078,0.5599166959017409,0.5483819648912068,0.5498238205909729,262120000
2015-03-12,0.5445371627041962,0.548622383278972,0.534444227741108,0.5447774529457092,406972000
2015-03-13,0.5421341971026087,0.5469403466593413,0.5346846251839976,0.5454984903335571,359288000
2015-03-16,0.5498239081311027,0.5553509843310003,0.5462192683077753,0.5519866347312927,236956000
2015-03-17,0.5507849571745793,0.5589553952065899,0.5469400283084013,0.5587151050567627,299900000
2015-03-18,0.5587153307806861,0.5615989856249899,0.5445371749246377,0.5495836138725281,413844000
2015-03-19,0.5515061889291879,0.5599169217473438,0.5474209676612523,0.5579944849014282,310756000
2015-03-20,0.5625603572362505,0.5673665067577044,0.5572735698451226,0.5640021562576294,462084000
2015-03-23,0.5471806129191106,0.5543898369376101,0.5454984663775093,0.5457387566566467,426012000
2015-03-24,0.5440564360401184,0.5479013657452014,0.5358859962254429,0.5382890701293945,330480000
2015-03-25,0.5380489635907372,0.5380489635907372,0.503925222295125,0.5056074261665344,542552000
2015-03-26,0.49527388850716164,0.5060876893373704,0.49166925003456885,0.5039249062538147,311920000
2015-03-27,0.5068088596004761,0.5157002290300744,0.49863841821044647,0.5137777924537659,318288000
2015-03-30,0.5161807179594395,0.5185837916337076,0.5094520772952112,0.5159404277801514,253252000
2015-03-31,0.5144987522213593,0.5149793327481668,0.5024833796439385,0.5029639601707458,357276000
2015-04-01,0.5048863887786865,0.5065685349923128,0.4962353101844599,0.5048863887786865,330768000
2015-04-02,0.5077698660199768,0.5092117214974953,0.5017622112553672,0.5060877203941345,192204000
2015-04-06,0.5039250729339287,0.5224287943906228,0.498638344483848,0.520746648311615,515864000
2015-04-07,0.5207467438712221,0.5310799697483284,0.5178630316101452,0.525312602519989,413964000
2015-04-08,0.5257928709342415,0.5310796545101495,0.5207464347666342,0.5291571617126465,366432000
2015-04-09,0.5250721319436621,0.5430952147649225,0.5248318417428108,0.5414130687713623,379432000
2015-04-10,0.5418935917550345,0.5471803188174349,0.5399710986737891,0.54694002866745,258728000
2015-04-13,0.5457385931161224,0.5488625949840233,0.5394905893803205,0.541893720626831,236724000
2015-04-14,0.5397307800683336,0.5418935631855386,0.532040922736351,0.5373277068138123,220276000
2015-04-15,0.5387697702446242,0.5479014292200305,0.5361263485383739,0.5438162088394165,243560000
2015-04-16,0.540692234116648,0.5452580924830023,0.5366070135286825,0.5404519438743591,155284000
2015-04-17,0.5291573419055522,0.5387696945787822,0.5289170517092063,0.5334829092025757,293636000
2015-04-20,0.5358859402948922,0.5392502319505323,0.5298782275151388,0.5308395028114319,231624000
2015-04-21,0.5373279265539371,0.5373279265539371,0.5274752820755129,0.5301187038421631,230456000
2015-04-22,0.5332427204124335,0.5368473032182997,0.5250722219511029,0.5361263751983643,207420000
2015-04-23,0.5262738168478754,0.5390101170812697,0.5202661021141699,0.5339636206626892,259380000
2015-04-24,0.5337232964533974,0.5339635866934386,0.523390071312093,0.5293977856636047,240960000
2015-04-27,0.5310798353577181,0.5428549143856601,0.5265139778643488,0.5334829092025757,248456000
2015-04-28,0.5325217923924981,0.5380488690161288,0.5274752962529505,0.5361263751983643,234484000
2015-04-29,0.5322813034190059,0.537568088395792,0.5298782297557023,0.5320410132408142,195156000
2015-04-30,0.5293976893956979,0.536126273243779,0.5281961238263692,0.5334829092025757,218844000
2015-05-01,0.5378085147876754,0.548382087419274,0.5354054405157321,0.5466999411582947,256968000
2015-05-04,0.5462194486084238,0.5498240896216009,0.5416535890896745,0.5433357357978821,200720000
2015-05-05,0.5414131570728179,0.5421340850867518,0.5269947113817621,0.5293977856636047,292928000
2015-05-06,0.5322814564787086,0.5373279527284435,0.5241110151327918,0.5310799479484558,316484000
2015-05-07,0.5289171528373292,0.5421340901580032,0.5272350065536852,0.5404519438743591,534564000
2015-05-08,0.5048862678009539,0.5248317846467685,0.4923902620153081,0.5005607008934021,1146552000
2015-05-11,0.49359181591705653,0.5008010947642949,0.48974694359026266,0.495754599571228,544144000
2015-05-12,0.4921499718405979,0.5046459203324491,0.491909624372093,0.5005607008934021,388800000
2015-05-13,0.5041655401303392,0.5080104709210647,0.4986384628612622,0.5034446120262146,308524000
2015-05-14,0.5048862757558982,0.5142582802427971,0.503684710275826,0.5116148591041565,293052000
2015-05-15,0.5137776807950433,0.5161807546400777,0.5087312429086108,0.5118552446365356,215824000
2015-05-18,0.5106537483109216,0.5142583882141564,0.5082506741400342,0.5111343860626221,324972000
2015-05-19,0.5118104135185463,0.5135004038458723,0.5069820177350897,0.5079477429389954,253808000
2015-05-20,0.5081891454604628,0.5142246689692925,0.5074648803370425,0.5079477429389954,196824000
2015-05-21,0.5081889509874739,0.5103617455262529,0.5038433619099156,0.5043262243270874,239692000
2015-05-22,0.5055334202651293,0.5074647550781882,0.5023949580246555,0.5036020278930664,212592000
2015-05-26,0.5011878699285486,0.5045677348961427,0.49660087743880904,0.500463604927063,259732000
2015-05-27,0.5038436597510225,0.5296756343805564,0.5021537266304316,0.5272614359855652,432332000
2015-05-28,0.5272612252677868,0.536193750003505,0.5262955578075214,0.5345038175582886,327656000
2015-05-29,0.5345037615923417,0.5378836261288811,0.5335380942331878,0.5342623591423035,335168000
2015-06-01,0.5376423846543672,0.5456092434809966,0.5342625191058621,0.5402979850769043,372660000
2015-06-02,0.5369180164086271,0.5398150763560935,0.529192561588055,0.5296754240989685,224304000
2015-06-03,0.531123968293217,0.5352280982893417,0.5229156507419588,0.5238813757896423,250788000
2015-06-04,0.5207428556518264,0.5349866366002066,0.5207428556518264,0.5332967042922974,323712000
2015-06-05,0.5316069580671815,0.5398152784720001,0.5260542961281992,0.5374010801315308,313320000
2015-06-08,0.5357109441734931,0.5393322115332961,0.5190529646649815,0.5250884294509888,342812000
2015-06-09,0.5255712006160106,0.5316066643530595,0.5246055333251625,0.5277439951896667,256888000
2015-06-10,0.5214671288971992,0.5248469935669385,0.5154316069363761,0.5183286666870117,529460000
2015-06-11,0.5183287157810009,0.5275026432619253,0.5183287157810009,0.5238813757896423,283052000
2015-06-12,0.520501515094531,0.52363997797494,0.5084305261541182,0.5096376538276672,323728000
2015-06-15,0.5069820086805179,0.5110861968262724,0.5031193381699534,0.5086719989776611,306548000
2015-06-16,0.507706251679265,0.5156731099886097,0.5026364536856873,0.514948844909668,256892000
2015-06-17,0.5147074850744219,0.5238814717955694,0.5135004148821242,0.520984411239624,233544000
2015-06-18,0.5253298917367761,0.5330552889983411,0.5238813617630429,0.5296754240989685,299404000
2015-06-19,0.5296751467518817,0.5340206768386792,0.5231568228421969,0.5279852151870728,355656000
2015-06-22,0.5289512078066415,0.5318482680208073,0.5178458870643557,0.5258127450942993,514236000
2015-06-23,0.5267785891875674,0.5308827208270624,0.5081892667407845,0.5122933983802795,414064000
2015-06-24,0.5115689600443698,0.5142246177520777,0.5048092296444127,0.5072234272956848,253368000
2015-06-25,0.5072233789149565,0.5142245687035516,0.5072233789149565,0.511086106300354,350460000
2015-06-26,0.5069818079622207,0.5074646703643805,0.49853214761688,0.5007048845291138,421296000
2015-06-29,0.49491089258278964,0.4999807470566893,0.48501270120827483,0.4857369661331177,391724000
2015-06-30,0.48863390989216005,0.4908067044070859,0.4821155839063778,0.4854954481124878,315916000
2015-07-01,0.4975665234980776,0.5045676548027552,0.4881511375323397,0.49249666929244995,302892000
2015-07-02,0.49225546995068775,0.4961181984195167,0.4898412718525475,0.4929797351360321,145764000
2015-07-06,0.4888755616522051,0.49563529271611173,0.48332290075298834,0.48694416880607605,214776000
2015-07-07,0.484047133896573,0.4859784690560894,0.4625607280621294,0.4777701795101166,594252000
2015-07-08,0.4751145930259831,0.47801162462860564,0.47052759994061516,0.47439032793045044,332492000
2015-07-09,0.4818742749442549,0.48404706988061597,0.4656991292761899,0.4685961604118347,357588000
2015-07-10,0.4746316997118712,0.4811500563701159,0.4734246008906416,0.4768044948577881,216708000
2015-07-13,0.48163282037047556,0.4825984877757645,0.4768044257850275,0.4799428880214691,212472000
2015-07-14,0.4806672686404489,0.48115010245928996,0.47390750883814725,0.480184406042099,249216000
2015-07-15,0.478977261224199,0.4821157239152971,0.47245893334546035,0.4768044948577881,265732000
2015-07-16,0.4797013352123229,0.4874267876148224,0.4780114032915866,0.4874267876148224,282848000
2015-07-17,0.48573715955615077,0.4862199646589666,0.47825310487225337,0.4845300316810608,220372000
2015-07-20,0.48452984611757655,0.4864612384662378,0.474390223353865,0.4755973219871521,188412000
2015-07-21,0.47463171670664195,0.48452993890694507,0.47463171670664195,0.4777701795101166,149720000
2015-07-22,0.4743902514626277,0.4743902514626277,0.462802098140545,0.4685961604118347,356472000
2015-07-23,0.46956193233291027,0.4813914900350806,0.4685962359456975,0.47439032793045044,169916000
2015-07-24,0.4777702047453067,0.4782530385606884,0.46690631439142904,0.4688376784324646,188844000
2015-07-27,0.46473346343220784,0.47149322237704894,0.46087076459194515,0.46618199348449707,192420000
2015-07-28,0.46738914225647715,0.4794601313848875,0.462560746605113,0.4763216972351074,198308000
2015-07-29,0.47535598608638385,0.48597847345746414,0.47342462212986863,0.4821157455444336,232680000
2015-07-30,0.48090872131239765,0.4881513444683569,0.48090872131239765,0.48332294821739197,190180000
2015-07-31,0.48525418476707066,0.4854955872626979,0.4787358569130393,0.48163288831710815,218340000
2015-08-03,0.48549548439682283,0.4903238786404084,0.47921858914786153,0.4898410737514496,397132000
2015-08-04,0.4881512942293736,0.4932210925034122,0.4862199013923463,0.4917725622653961,260100000
2015-08-05,0.5038433965256072,0.5043262589759532,0.49587654022839733,0.49684226512908936,234628000
2015-08-06,0.4956350872425639,0.499256411353391,0.485495437291242,0.4937037527561188,655676000
2015-08-07,0.542229431323281,0.5641986171107849,0.5282270475878422,0.554783284664154,1405248000
2015-08-10,0.5509203737250593,0.5782008094072336,0.5475404514038039,0.5740966796875,662304000
2015-08-11,0.5656470545765614,0.576752375698402,0.5656470545765614,0.5711997151374817,435008000
2015-08-12,0.56202571050121,0.5767522974577431,0.56202571050121,0.5726481676101685,384048000
2015-08-13,0.5733724339718903,0.574579561461207,0.566371244187271,0.5678197741508484,276884000
2015-08-14,0.5673369063720906,0.5716824962224468,0.5639570415278176,0.5683026313781738,214652000
2015-08-17,0.5673369512641903,0.5673369512641903,0.5576801609112866,0.564681351184845,273880000
2015-08-18,0.5629359676900164,0.5668149485826167,0.5551780059048159,0.5595418810844421,287084000
2015-08-19,0.5588143796072503,0.5651177142012814,0.5512988386061289,0.5573597550392151,249248000
2015-08-20,0.5510564630581293,0.5537232364382925,0.5345708130142062,0.5372376441955566,426932000
2015-08-21,0.533358628514873,0.5423287363744167,0.5200246469066758,0.5205095410346985,382664000
2015-08-24,0.49141710888838036,0.5292371080733785,0.4848713575836445,0.5020843148231506,682284000
2015-08-25,0.5241461422710323,0.5260856613430198,0.4916597902774811,0.4916597902774811,622684000
2015-08-26,0.5076606159825564,0.5292374000624329,0.5037816351208301,0.5287525057792664,614976000
2015-08-27,0.5343283728876974,0.5488745034930678,0.5311767054764154,0.5486320853233337,463764000
2015-08-28,0.5486322675527122,0.5544507101672315,0.5447532865426313,0.5510566234588623,320944000
2015-08-31,0.5483896898637028,0.5522686697460096,0.5428136671206095,0.5449955463409424,219352000
2015-09-01,0.5292373600936257,0.5382074701457555,0.5188126251030537,0.522691547870636,353408000
2015-09-02,0.5369950802049461,0.5386921227870246,0.5280249732134555,0.5384497046470642,344044000
2015-09-03,0.5464501688447454,0.5491170000163738,0.5389346850910361,0.5399044156074524,262556000
2015-09-04,0.5306917608678327,0.5391770318146223,0.5270552574629082,0.5272976756095886,287972000
2015-09-08,0.5401468440336209,0.5520262020383521,0.537964964780588,0.5498442649841309,238448000
2015-09-09,0.5515412562882588,0.5561474898653975,0.5377223821533125,0.538934588432312,289392000
2015-09-10,0.5357829070540402,0.5542080142704304,0.5333585523624408,0.5474197864532471,357076000
2015-09-11,0.5413590098115452,0.5527534727907534,0.5391770729215317,0.5491169691085815,301584000
2015-09-14,0.5517838991291195,0.5534809423698722,0.5471776058749618,0.5500868558883667,192460000
2015-09-15,0.550329193608697,0.5590568845708415,0.5486321506162233,0.5561476349830627,327976000
2015-09-16,0.5551776391746077,0.5631780139179626,0.5510562427615406,0.5600263476371765,173508000
2015-09-17,0.5697240109646858,0.5748151975131071,0.5639055698533937,0.5651177763938904,268712000
2015-09-18,0.5573598854722548,0.5694816633739758,0.5539657992200122,0.5646329522132874,326412000
2015-09-21,0.565360308652518,0.5716636452120514,0.5624510586092868,0.5704514384269714,281840000
2015-09-22,0.5580870629901664,0.5619660425410826,0.5520261466041381,0.5549353957176208,228356000
2015-09-23,0.5554202896726261,0.5609963125179795,0.5532384104122792,0.5576022267341614,161632000
2015-09-24,0.5542080784656549,0.5740878123599563,0.5454803890047133,0.5682693719863892,382440000
2015-09-25,0.5752999861677651,0.5835428396763138,0.5668147722928856,0.5723907947540283,369692000
2015-09-28,0.5723910277773129,0.5760275329752197,0.5612389783149716,0.5648754835128784,395584000
2015-09-29,0.5709361743608238,0.575784884554026,0.5629357967619215,0.5748151540756226,380736000
2015-09-30,0.5801487735303756,0.5983314679409861,0.5767546875287447,0.5976041555404663,556380000
2015-10-01,0.5976041857159132,0.5993012288024193,0.5689967558549374,0.5859673023223877,489296000
2015-10-02,0.5828152937276719,0.6012403964996338,0.5767543795600749,0.6012403964996338,386144000
2015-10-05,0.605119570958617,0.6237870978574921,0.6019679038171105,0.6162716150283813,482024000
2015-10-06,0.6097259760120107,0.626938881616411,0.6073016206676787,0.6242721080780029,453216000
2015-10-07,0.6257266428077793,0.6371211055064488,0.6155443287062621,0.6308177709579468,310152000
2015-10-08,0.6281510936394342,0.6361514721252657,0.6174838837908647,0.6344544291496277,460068000
2015-10-09,0.6310604599865657,0.6371213789773957,0.6201508867247618,0.6320302486419678,423248000
2015-10-12,0.6327571103631978,0.6424545862846984,0.6281508772168614,0.6388180255889893,227588000
2015-10-13,0.6337270492252572,0.6439093059939889,0.6315451122885926,0.6400303840637207,298444000
2015-10-14,0.6407575283035324,0.6737288214460951,0.6400302739176529,0.6633040904998779,612148000
2015-10-15,0.66451655767814,0.6785778563041027,0.6577283844112635,0.6650014519691467,526048000
2015-10-16,0.6671831513174057,0.6817292812385669,0.6654860508055395,0.6754259467124939,448396000
2015-10-19,0.6776077905994121,0.6807594574301616,0.6664557476292481,0.6742136478424072,294712000
2015-10-20,0.6713045386421539,0.6763956666955391,0.6662133527875873,0.6732439994812012,264824000
2015-10-21,0.677365356400285,0.6814868115875972,0.6633041216594251,0.664516270160675,386280000
2015-10-22,0.6722744532686676,0.6906995674929276,0.6713047225834323,0.6885176301002502,306884000
2015-10-23,0.6945785018802841,0.6977301697487683,0.6841537676540349,0.6931238770484924,381776000
2015-10-26,0.6936087839976135,0.6953058270654723,0.6836688859986197,0.6899722218513489,247436000
2015-10-27,0.6865780291958029,0.6938510945587509,0.6860931350511322,0.6894872784614563,208268000
2015-10-28,0.6938511460338243,0.6950633525848389,0.6836688306498225,0.6950633525848389,217036000
2015-10-29,0.6839110146254248,0.6909416015351169,0.6698497252037104,0.6710618734359741,327168000
2015-10-30,0.6783352112083111,0.6926389232956855,0.6732440251595604,0.6877901554107666,301160000
2015-11-02,0.6899722069531933,0.6965179608739367,0.6858508084772138,0.6957906484603882,190088000
2015-11-03,0.6916690632204255,0.6955480424448874,0.6831838503555193,0.6909417510032654,376768000
2015-11-04,0.6890022507501307,0.6940933781768972,0.6763955834444144,0.6795472502708435,442264000
2015-11-05,0.6829415737899465,0.6848810928689788,0.6698500656615541,0.6717895269393921,478800000
2015-11-06,0.7382169208775365,0.7743398326533734,0.7229434765106039,0.7648848295211792,1172272000
2015-11-09,0.7573694824140854,0.7636728189764148,0.750823669813912,0.7614908814430237,492568000
2015-11-10,0.7515506610232087,0.7556721160913494,0.7309436746883862,0.7469444274902344,552260000
2015-11-11,0.7474296112266127,0.7527632172404787,0.7370048752457857,0.7396717071533203,619896000
2015-11-12,0.7379743085066086,0.7447625368603372,0.7338529109852497,0.7370045781135559,291080000
2015-11-13,0.7377319848949019,0.7408836524270768,0.7188219797018525,0.72245854139328,292940000
2015-11-16,0.7319134501991442,0.7374894722106722,0.7260949522384683,0.7370045781135559,344280000
2015-11-17,0.7389440967008412,0.7433079123701682,0.7338529109852497,0.7370045781135559,257048000
2015-11-18,0.7400464830659842,0.7561080532099511,0.7320157270043324,0.7551345825195312,350216000
2015-11-19,0.757811669434154,0.7648689560118204,0.7517277376719746,0.7573249340057373,254072000
2015-11-20,0.7629221583599306,0.7682760161864568,0.7582983746925068,0.763895571231842,239744000
2015-11-23,0.7702230430751674,0.7702230430751674,0.7497811353438903,0.7524580359458923,242552000
2015-11-24,0.7524577717855704,0.7651123120446539,0.7490507980298695,0.7585417032241821,195428000
2015-11-25,0.7570816223452275,0.7660857929375212,0.7548913998701261,0.7575682997703552,138300000
2015-11-27,0.7590284488516092,0.7663291324219584,0.7551347393432879,0.763895571231842,86996000
2015-11-30,0.7646256006927957,0.7753333157199013,0.7638955265763716,0.7719262838363647,327244000
2015-12-01,0.7787402675644892,0.7977220780134759,0.7780101934687074,0.7969920039176941,409496000
2015-12-02,0.7982086610860856,0.8064827558331095,0.7892044923295404,0.7909079790115356,294240000
2015-12-03,0.7972354148382994,0.8055095113125595,0.7853109475544093,0.7892046570777893,246656000
2015-12-04,0.7892044835182417,0.8227876554986205,0.7892044835182417,0.8213275074958801,458756000
2015-12-07,0.8210841319046475,0.8210841319046475,0.803319134051892,0.805752694606781,333588000
2015-12-08,0.7957752193126789,0.8201108298644814,0.7906647585030021,0.8167038559913635,314488000
2015-12-09,0.8164605608340939,0.8213276832040193,0.7877445040391292,0.7960186004638672,372676000
2015-12-10,0.7984523095047601,0.8069698042397211,0.7957754091118002,0.8025894165039062,236596000
2015-12-11,0.7945585015185339,0.8001556979850751,0.7889613050519927,0.790664792060852,227320000
2015-12-14,0.791394787915342,0.7969919838281354,0.7831206343786024,0.7926115393638611,275892000
2015-12-15,0.8016155595654549,0.8079428283764557,0.7972351739381934,0.8023456335067749,307296000
2015-12-16,0.8040490761477128,0.8098896673595153,0.7969917918012099,0.8072127103805542,236356000
2015-12-17,0.8084296308719182,0.8167037255337192,0.7945583408752136,0.795045018196106,254160000
2015-12-18,0.7894479716982218,0.7974787292136396,0.7811738754764804,0.7821472883224487,395896000
2015-12-21,0.7906649056105411,0.8013725646414185,0.783607559831259,0.8006424903869629,284216000
2015-12-22,0.8030757763265585,0.8094030456802385,0.7965051683117871,0.8013722896575928,130012000
2015-12-23,0.80258933789738,0.8076997994254204,0.8011291894548882,0.8045361638069153,122524000
2015-12-24,0.8021022510908821,0.80915959345804,0.8008854419148715,0.8072127103805542,52448000
2015-12-28,0.7986954911810185,0.8064828515052795,0.7875010990679309,0.8064828515052795,142024000
2015-12-29,0.806969526987175,0.8220576271523448,0.8047793048614246,0.8196240663528442,203660000
2015-12-30,0.818894147291748,0.825951492352146,0.8123235376916343,0.812566876411438,180344000
2015-12-31,0.8113499525893884,0.8150002646944018,0.8021023869514465,0.8021023869514465,148528000
2016-01-04,0.7857975179383891,0.792854803320098,0.7797135872072184,0.7877443432807922,358076000
2016-01-05,0.8025892277762784,0.813783620271855,0.7909080998597614,0.8003990054130554,490272000
2016-01-06,0.7872577388782703,0.7909081095282663,0.7582983444641046,0.7673025727272034,449344000
2016-01-07,0.7480773790701731,0.7531878980785782,0.7271487416623119,0.7368830442428589,645304000
2016-01-08,0.7463737046720622,0.7471037786328105,0.719604538853711,0.7210646867752075,398472000
2016-01-11,0.721794957381604,0.7273921539251332,0.7093837546882379,0.7222816348075867,409372000
2016-01-12,0.73517958003027,0.7451572224152597,0.7293390442565447,0.7344495058059692,469356000
2016-01-13,0.7400467376259691,0.7449139186902827,0.7113307348768242,0.712060809135437,481672000
2016-01-14,0.6974593687027576,0.7057335241359182,0.6770174639129046,0.6977027654647827,600236000
2016-01-15,0.66971653733354,0.6777472931009527,0.6483011692802187,0.6597388982772827,841452000
2016-01-19,0.673366860848644,0.6923486686343076,0.662415808969121,0.6650927662849426,457140000
2016-01-20,0.6524383398778568,0.6772606858551595,0.6436775084728869,0.6687431931495667,481180000
2016-01-21,0.67604386264233,0.6869948572216719,0.6621725138768088,0.6765305399894714,481456000
2016-01-22,0.6894284818121055,0.6969725615975118,0.6879683335942416,0.6923487782478333,257996000
2016-01-25,0.6921055952902848,0.7001363542749569,0.6901587112214853,0.6916188597679138,270728000
2016-01-26,0.6930787659648221,0.7013528608071268,0.6860214224719556,0.6984325647354126,227944000
2016-01-27,0.6974593494046272,0.6996495720781576,0.677017445180385,0.6901586651802063,231700000
2016-01-28,0.6957558441589456,0.6981894055039098,0.6692300080926319,0.6826146245002747,276776000
2016-01-29,0.6884551733044562,0.71425093565907,0.6857782731799503,0.7127907872200012,310504000
2016-02-01,0.7120609186442616,0.7166846456323213,0.7059769848937256,0.7130343317985535,289884000
2016-02-02,0.7057332678242827,0.709383579701416,0.6779906306630283,0.6828577518463135,341908000
2016-02-03,0.6882118758025442,0.692348924613971,0.67044687077782,0.6862649917602539,326772000
2016-02-04,0.6872381350623854,0.702082895228829,0.6796941146634786,0.6865081191062927,348140000
2016-02-05,0.6818843094762232,0.6894283295751157,0.641243797149565,0.6431906223297119,600428000
2016-02-08,0.63345662547549,0.6366202611327505,0.6047405658236421,0.6137447953224182,608852000
2016-02-09,0.6064440793368204,0.6461111343263876,0.6035237825687333,0.6203153729438782,425372000
2016-02-10,0.6242089759040876,0.642217314839854,0.6154481451183811,0.6188551187515259,335800000
2016-02-11,0.6030370599920729,0.6220188733490717,0.6030370599920729,0.615691602230072,340144000
2016-02-12,0.6254256600735136,0.6273725433835509,0.6023068051537059,0.6261557340621948,340816000
2016-02-16,0.6351600360268908,0.6577922183903503,0.633213210328432,0.6568187475204468,485352000
2016-02-17,0.6650927823934651,0.6794508079092442,0.6624158250128077,0.6731235384941101,771468000
2016-02-18,0.7283656042679657,0.7539180271081961,0.7276355300707581,0.7310425043106079,1068660000
2016-02-19,0.7271488217780007,0.747347445287919,0.7215516247373194,0.740776777267456,525628000
2016-02-22,0.7514843685478287,0.775576639876067,0.7500242203423589,0.7670591473579407,449668000
2016-02-23,0.7609753159216134,0.7763067568850687,0.757324945206184,0.769006073474884,369380000
2016-02-24,0.7658425057628666,0.7755767511686004,0.7446704697867843,0.774359941482544,336852000
2016-02-25,0.7772800728433094,0.7799569723538177,0.7621919724681409,0.7760632634162903,349616000
2016-02-26,0.7797137118653322,0.7816605375189875,0.7631654617265712,0.7709528803825378,361964000
2016-02-29,0.7720519486912688,0.7820658823684128,0.7654574013202661,0.7659458518028259,323344000
2016-03-01,0.7678997518828232,0.7998955845832825,0.7666785093340492,0.7998955845832825,348700000
2016-03-02,0.7954993079976086,0.8074672190144778,0.7940338399984721,0.8045362830162048,233812000
2016-03-03,0.8035590830361508,0.8069784685217408,0.7867063225588322,0.7974530458450317,302004000
2016-03-04,0.8035592708419047,0.8042920047932183,0.7889047082797432,0.7950108051300049,175304000
2016-03-07,0.7906144402250688,0.7959878033877387,0.7796234886479899,0.789881706237793,239968000
2016-03-08,0.7818215916825322,0.7864622202707273,0.7730288431798653,0.7754712700843811,274940000
2016-03-09,0.7823102711475959,0.7835314557504333,0.7649689955772099,0.7749829888343811,222788000
2016-03-10,0.7796235034403017,0.7840199074473724,0.7581301668459314,0.7737616896629333,286084000
2016-03-11,0.7852411332961696,0.7871951101461887,0.7759599325127816,0.7869508266448975,277400000
2016-03-14,0.7832872565972302,0.7920800073127201,0.7796235862024156,0.7889048457145691,190312000
2016-03-15,0.784752582337249,0.7898816617270922,0.7710749790656122,0.7849968075752258,226216000
2016-03-16,0.7791349017021477,0.8111307333591906,0.7754712324073517,0.8084440231323242,363644000
2016-03-17,0.8055132387728592,0.8094210754949992,0.7906143928994955,0.8016053438186646,353680000
2016-03-18,0.8111310701028764,0.8365323075746923,0.8060019309607833,0.8257856369018555,545512000
2016-03-21,0.8184581686244001,0.8284721028720766,0.8096654188847544,0.8282278776168823,337780000
2016-03-22,0.8255411937541475,0.8326241917421975,0.8165041608705337,0.8267623782157898,242012000
2016-03-23,0.8304260522857124,0.8470345337336279,0.8267623824180504,0.8409284949302673,429008000
2016-03-24,0.8333569254891371,0.8436151428316497,0.8306702730885972,0.8421496748924255,244956000
2016-03-28,0.8406842401585631,0.8543618444114661,0.8397072809045113,0.8506982326507568,265388000
2016-03-29,0.8470346724132622,0.8663298676672292,0.8450807536519778,0.8643759489059448,261812000
2016-03-30,0.8675510335235638,0.885380759007152,0.8670625247605918,0.8734128475189209,376700000
2016-03-31,0.8773207049673842,0.879274623470609,0.8633988754937452,0.8702376484870911,379884000
2016-04-01,0.8648641997829416,0.883426714889389,0.8582696526962054,0.8829382061958313,348292000
2016-04-04,0.8902655738314971,0.8949062030596514,0.8709703811553321,0.8743897676467896,393940000
2016-04-05,0.8665740990764103,0.8812286636010149,0.8631546541016855,0.8731686472892761,339568000
2016-04-06,0.8621776314401141,0.8748782763878801,0.8458133747463747,0.8743897676467896,453376000
2016-04-07,0.8687721361466523,0.8765879262247078,0.8616891382599738,0.8653527498245239,378104000
2016-04-08,0.8724358960599751,0.8780534848403259,0.8624219030695782,0.8709704279899597,255936000
2016-04-11,0.8760994436300551,0.8907540650213732,0.8734127911871413,0.8763437271118164,387524000
2016-04-12,0.8792746440820025,0.8804958868491898,0.8582697576356872,0.8753668069839478,292764000
2016-04-13,0.8792746339350456,0.8975928676070382,0.8792746339350456,0.8973486423492432,350716000
2016-04-14,0.8949059109667025,0.9036986578120108,0.8912422421844742,0.8997907638549805,416564000
2016-04-15,0.8995467793380962,0.9149340758759762,0.8966158435281932,0.9068740606307983,436972000
2016-04-18,0.9051644032496698,0.9051644032496698,0.8941734517603254,0.9029662013053894,307320000
2016-04-19,0.9063858462752475,0.9080955399755772,0.8812288331771366,0.8868464231491089,309152000
2016-04-20,0.8853806701759875,0.895638887312691,0.8844037109801243,0.8902655243873596,200172000
2016-04-21,0.8905097887499549,0.8946619674208836,0.8853807090723016,0.889288604259491,178280000
2016-04-22,0.8922194672744473,0.8983255056917524,0.882938209684551,0.8858691453933716,223540000
2016-04-25,0.8861134041308989,0.8951503785987316,0.8836709770252129,0.8902655243873596,191972000
2016-04-26,0.8956389330978779,0.9058971507589829,0.8870904086749474,0.8909983038902283,214536000
2016-04-27,0.8888000862080165,0.9117589483550865,0.8870903930000524,0.9112704396247864,352396000
2016-04-28,0.9056527175684884,0.9110260798802866,0.8819611831716513,0.8841593265533447,381224000
2016-04-29,0.8804959345151878,0.8824498531699914,0.8582698040984649,0.8677952885627747,321904000
2016-05-02,0.8760995643022821,0.8846480897720032,0.8719474433251257,0.8792747259140015,256076000
2016-05-03,0.8692607174483341,0.8729243293188022,0.8612007014548314,0.8687722086906433,224024000
2016-05-04,0.8582695524431341,0.8590022862818545,0.8401956063734858,0.8489883542060852,525764000
2016-05-05,0.8560715489405737,0.8641315642505125,0.8477672501564765,0.8541175723075867,246884000
2016-05-06,0.8526521719029445,0.8651085919493483,0.8509424786087441,0.8629103899002075,183240000
2016-05-09,0.8651084170211029,0.8687720281301474,0.8546059758860338,0.861689031124115,333336000
2016-05-10,0.8670625681593344,0.8797632143116932,0.858758326397591,0.878297746181488,269676000
2016-05-11,0.8809841511121055,0.8905095741851976,0.8760992396310753,0.8807398676872253,328176000
2016-05-12,0.8870904427391659,0.8909983381045098,0.8531406854613287,0.8687722086906433,670540000
2016-05-13,0.9571880217971341,1.001395990776784,0.9525474513102501,1.00090754032135,2110256000
2016-05-16,0.993335693358463,1.0453594953779528,0.9901605333731993,1.0304605960845947,973032000
2016-05-17,1.0258201657377153,1.0399862758134788,1.0126310729466608,1.0326590538024902,628392000
2016-05-18,1.0258205977581534,1.0710056571998385,1.0258205977581534,1.059037685394287,541072000
2016-05-19,1.0548853369426674,1.0712497110658554,1.0534199853291313,1.0636781454086304,398880000
2016-05-20,1.0702720917107864,1.087124906895462,1.0685623993255653,1.0827285051345825,391084000
2016-05-23,1.0873696174180718,1.091521679436737,1.0778441342494476,1.084438681602478,413636000
2016-05-24,1.0877442964942965,1.114191097315792,1.0848057500956274,1.1107627153396606,415788000
2016-05-25,1.1141914000141226,1.1188439635150549,1.0972948120146522,1.1061104536056519,458076000
2016-05-26,1.1080692922277293,1.125945315632027,1.1048858860009416,1.1178643703460693,309964000
2016-05-27,1.1190888241772732,1.1257004963044093,1.1154155821771063,1.1239863634109497,277416000
2016-05-31,1.1288837606671909,1.1465149230443,1.1281490656529403,1.1440660953521729,412524000
2016-06-01,1.138678811149983,1.1572894107534717,1.1352505458747753,1.1462700366973877,387132000
2016-06-02,1.152392006184767,1.1641461933704704,1.141127654642829,1.1543511152267456,329208000
2016-06-03,1.1430868528068647,1.14455600955308,1.1181093198563852,1.1381891965866089,461076000
2016-06-06,1.1411275824676281,1.1499432222993253,1.1264349661813344,1.1323120594024658,322512000
2016-06-07,1.1391683213602954,1.1455351319244824,1.1340259243891844,1.134515643119812,193400000
2016-06-08,1.1347607892769926,1.1389237498389673,1.1215374460760112,1.1308428049087524,234616000
2016-06-09,1.1269247972509195,1.1619421467138067,1.1244759694964757,1.1602280139923096,472168000
2016-06-10,1.1465149687266782,1.1567997652037303,1.1298632433497147,1.131332516670227,400024000
2016-06-13,1.1325567455593202,1.1680639253440328,1.1325567455593202,1.145780086517334,475588000
2016-06-14,1.1430867273648777,1.1533715240590416,1.1303531028293194,1.147984266281128,298344000
2016-06-15,1.1575345696343593,1.1697783594402886,1.1448009441642792,1.1597384214401245,301036000
2016-06-16,1.1511675792654896,1.1663499136473883,1.1399032289929425,1.1643909215927124,246456000
2016-06-17,1.1658602180992854,1.1661050775151918,1.1394134161503564,1.1440660953521729,471000000
2016-06-20,1.1624318070307271,1.1795731316607978,1.1616971121085717,1.1646356582641602,293768000
2016-06-21,1.169533289078871,1.1727166948722985,1.1558201115200584,1.1575343608856201,212508000
2016-06-22,1.1599834420739454,1.1675746698743783,1.154596183152076,1.15655517578125,202620000
2016-06-23,1.1675746208831022,1.1886340534878392,1.1668399256988877,1.1874096393585205,297880000
2016-06-24,1.1386789140859623,1.1597383432278057,1.109293680413605,1.1198233366012573,1017684000
2016-06-27,1.1105180153842351,1.1190887964053815,1.0914175778169395,1.107824444770813,449088000
2016-06-28,1.1288839026446262,1.130108199878136,1.1085590506032683,1.1239863634109497,381920000
2016-06-29,1.1337814397359094,1.151167744850899,1.130842892847947,1.1423521041870117,318932000
2016-06-30,1.144311101998349,1.1582691413996788,1.1350058591640084,1.1511677503585815,430940000
2016-07-01,1.1448005702924149,1.1597380426899426,1.1386786190054992,1.1425966024398804,218488000
2016-07-05,1.1362300495358602,1.161452438511682,1.1271696670010816,1.1594934463500977,371084000
2016-07-06,1.1514125238840942,1.1736963666672333,1.1455354305186172,1.1668397188186646,273104000
2016-07-07,1.174676119997014,1.201367789975807,1.1692888608088974,1.197204828262329,395400000
2016-07-08,1.2099381865169005,1.2510776084283262,1.2052855068503379,1.245200514793396,481932000
2016-07-11,1.2630766418197157,1.2831565187727252,1.2616073682906477,1.2738512754440308,448776000
2016-07-12,1.28805440112253,1.3047060150192031,1.2718923894660763,1.2929519414901733,436760000
2016-07-13,1.2954005386239047,1.3027469069083675,1.2905029986897838,1.2924619913101196,324604000
2016-07-14,1.2993182293166725,1.317439109659886,1.2885435981658175,1.3056849241256714,316892000
2016-07-15,1.2890333941473222,1.2963797605460257,1.2694432394394897,1.290502667427063,428616000
2016-07-18,1.306419971138539,1.3083789636666117,1.2922170709685368,1.297114610671997,252992000
2016-07-19,1.296379976644768,1.3157252751584774,1.2939311485148177,1.3105828762054443,382652000
2016-07-20,1.3149900018843361,1.3348251273635567,1.3096027458400976,1.3277236223220825,296460000
2016-07-21,1.3247857557276939,1.3289487171459435,1.2988287828410647,1.3032366037368774,361308000
2016-07-22,1.3078890600157975,1.3387435674667358,1.2983388414278236,1.3387435674667358,315768000
2016-07-25,1.3468247829782831,1.3666598024418861,1.3409476882780018,1.3634763956069946,312528000
2016-07-26,1.3754751412353854,1.3938408829747442,1.3735161490227206,1.3867394924163818,514508000
2016-07-27,1.398738241276967,1.401187068801496,1.3644554732992242,1.3727812767028809,446676000
2016-07-28,1.3759648835438252,1.386004820975538,1.3715570634153145,1.3757200241088867,221916000
2016-07-29,1.3808622511218354,1.4019216778772354,1.356129699765262,1.398248553276062,409588000
2016-08-01,1.4041256425285666,1.4092680403106135,1.3801276694458224,1.3891880512237549,301120000
2016-08-02,1.3958000658657461,1.3965347610249477,1.3590685773691904,1.372291922569275,282748000
2016-08-03,1.3705778596203846,1.3786588061853926,1.3629866320088437,1.3759651184082031,299828000
2016-08-04,1.3825763433468363,1.4077987295424865,1.3798827732090109,1.401431918144226,272712000
2016-08-05,1.4175940960567406,1.4259199011039934,1.4107375644609497,1.4251853227615356,371588000
2016-08-08,1.4447757848782383,1.4482040514001426,1.4232265142168823,1.4384089708328247,305064000
2016-08-09,1.4455100748815766,1.4560398486115298,1.4384086837558634,1.4420818090438843,372344000
2016-08-10,1.45481543639942,1.4570192882216588,1.4281237712491819,1.4327764511108398,375740000
2016-08-11,1.4403673026788544,1.4680383984229433,1.4374287565036998,1.461916446685791,681064000
2016-08-12,1.5157898589612406,1.5520316260939013,1.4846904905312022,1.5437058210372925,1425744000
2016-08-15,1.5454197340259903,1.5549699517289615,1.521421760062104,1.542236328125,573304000
2016-08-16,1.5400327189780159,1.5424814302590464,1.528278647942663,1.5329313278198242,287652000
2016-08-17,1.5329310681186594,1.5363593333912322,1.4854248395895129,1.497423768043518,595212000
2016-08-18,1.4952202090176898,1.523136172244447,1.4893431149629823,1.520687460899353,331684000
2016-08-19,1.5199528324160927,1.5361147250087592,1.5133411596978705,1.5246055126190186,291560000
2016-08-22,1.5292581094021476,1.533176210985567,1.5111372252826647,1.5309722423553467,244748000
2016-08-23,1.5465506984160549,1.5534198658413438,1.5389454819199229,1.5433614253997803,339764000
2016-08-24,1.5487584614576184,1.5494943934197658,1.5124497940789248,1.5195642709732056,298448000
2016-08-25,1.5200554053307571,1.52079133748466,1.4906160135032405,1.5095062255859375,406032000
2016-08-26,1.5134312370378769,1.5303588429167936,1.501410078473622,1.5217723846435547,300024000
2016-08-29,1.5279055284075094,1.534038645677011,1.5183377110512253,1.520790934562683,274652000
2016-08-30,1.5188280022262188,1.5269238369232403,1.5077882063699735,1.5119588375091553,285544000
2016-08-31,1.5149032217944178,1.5190737371167737,1.5004288395368162,1.5048446655273438,388544000
2016-09-01,1.5060715678727343,1.5548919078116512,1.5048448973611777,1.5492494106292725,428492000
2016-09-02,1.5524383658708096,1.5541556574426363,1.516620436536464,1.5340386629104614,323148000
2016-09-06,1.5394359756160798,1.5485130548477173,1.5315854496713424,1.5485130548477173,306812000
2016-09-07,1.5436064338385684,1.5512116488455037,1.5168657014626943,1.5256974697113037,397988000
2016-09-08,1.5242256616790637,1.5391907827415685,1.5068074338550408,1.5367374420166016,315808000
2016-09-09,1.5198096411287851,1.5283960986043295,1.4474377367443132,1.4601948261260986,697760000
2016-09-12,1.4408140094896926,1.4933142355524662,1.4062226319043274,1.490370273590088,598260000
2016-09-13,1.4866903167447767,1.5038633494777949,1.4604402048237024,1.4687813520431519,471768000
2016-09-14,1.4722159302231606,1.4866903117256587,1.4599495785824579,1.4817837476730347,319048000
2016-09-15,1.4842367471890987,1.5396809199437085,1.4808020478578356,1.537963628768921,515212000
2016-09-16,1.5433613881894301,1.551702536573567,1.5239804398626857,1.5416440963745117,902444000
2016-09-19,1.55783595956483,1.6010138047969589,1.5507214807570238,1.5620065927505493,417128000
2016-09-20,1.5799152127554779,1.5799152127554779,1.539190717692266,1.5477771759033203,331112000
2016-09-21,1.5524385745475169,1.5941444331522938,1.5521932638588123,1.5912004709243774,336212000
2016-09-22,1.6005227390521541,1.6054293030358977,1.5860483577528532,1.595125436782837,308732000
2016-09-23,1.5970881183950998,1.6017492546355614,1.5862936310920857,1.5934081077575684,276132000
2016-09-26,1.57525389710082,1.584821714579793,1.5585716026675052,1.578443169593811,230040000
2016-09-27,1.5723099733285213,1.634868754440531,1.5715740413423447,1.6324154138565063,402752000
2016-09-28,1.6348685778062382,1.6395298308269,1.6174502358830725,1.6383031606674194,319788000
2016-09-29,1.6356041150482865,1.6586650639515261,1.6203938064787118,1.6535130739212036,336684000
2016-09-30,1.662590637222484,1.6974273204173693,1.652777510093556,1.6809903383255005,429932000
2016-10-03,1.6809907757551872,1.7052782892666682,1.6763295216087333,1.6792733669281006,242596000
2016-10-04,1.681727089686421,1.7099398146840925,1.6630820688671346,1.6755938529968262,281624000
2016-10-05,1.6898222904965663,1.7069953233385307,1.6687240531670353,1.6738759279251099,305440000
2016-10-06,1.6537588458247783,1.6640625940675153,1.62554601799842,1.6520415544509888,360212000
2016-10-07,1.663082053020537,1.6674979974327793,1.6353599497880185,1.6400212049484253,286260000
2016-10-10,1.6486067923848489,1.657438676528989,1.6306978304600996,1.6461535692214966,287876000
2016-10-11,1.6407563530010616,1.6432095761170529,1.6098448760750308,1.622356653213501,388540000
2016-10-12,1.6157331126512429,1.6383033312157536,1.6022400904374419,1.6297168731689453,419920000
2016-10-13,1.6105808425713886,1.6142607355481235,1.5627417659470821,1.6032209396362305,390116000
2016-10-14,1.6228477962497834,1.6338875962757111,1.6093547723190564,1.6189225912094116,330636000
2016-10-17,1.6186773844364606,1.6338877011715718,1.6073922729937202,1.6096001863479614,195328000
2016-10-18,1.6319244727463131,1.6434548904756459,1.6253006182418388,1.6341323852539062,269372000
2016-10-19,1.6230927492483418,1.6383030605586737,1.614751486258933,1.6306978464126587,199060000
2016-10-20,1.6498339178639039,1.667006952674459,1.6265277649611847,1.6616096496582031,312084000
2016-10-21,1.6557215386227233,1.6598920534813293,1.6412471579746342,1.656948208808899,279508000
2016-10-24,1.668233386388538,1.736679971269888,1.6679879587557522,1.7347173690795898,339836000
2016-10-25,1.7317730315055284,1.7737241852600987,1.7234318862705198,1.7631750106811523,397460000
2016-10-26,1.7484559665459196,1.789671203701015,1.7467386747462683,1.7702902555465698,333792000
2016-10-27,1.7837833062515411,1.7872178899028235,1.7268671313499306,1.7339816093444824,388664000
2016-10-28,1.7423223665134415,1.7688177852268328,1.7278479870729078,1.7310372591018677,290856000
2016-10-31,1.7366803816783796,1.757288002000739,1.7356990218604615,1.7457575798034668,252388000
2016-11-01,1.7521356880111558,1.7617035051617198,1.675347840158945,1.6939928531646729,473224000
2016-11-02,1.7069955594547057,1.7300564022178575,1.6839345997098223,1.6868785619735718,295848000
2016-11-03,1.694728603621673,1.6962005843319514,1.6348684836699152,1.6672518253326416,309664000
2016-11-04,1.6562124642835745,1.6861425906255996,1.6333969327435227,1.6576844453811646,328780000
2016-11-07,1.7062591715382136,1.7594954414595827,1.7050325013416436,1.7484556436538696,487580000
2016-11-08,1.7550799716558583,1.7607225858908424,1.7295659031891286,1.7457575798034668,429884000
2016-11-09,1.6984089253933108,1.739378851032464,1.6858972616719603,1.716317892074585,456532000
2016-11-10,1.7538530962986603,1.754098406962693,1.6378127295274032,1.6625908613204956,869280000
2016-11-11,1.950606244699638,2.177780264899721,1.9258279994298333,2.158154010772705,2175344000
2016-11-14,2.1610981673731238,2.163551507851318,2.0514364683882085,2.051927089691162,1348796000
2016-11-15,2.0678732102390343,2.1453969865554736,2.0590413254279,2.114485740661621,626092000
2016-11-16,2.142698031885577,2.270759283668886,2.1184105288959807,2.247943878173828,987984000
2016-11-17,2.264626445821516,2.325467924544283,2.223901841606125,2.2665891647338867,832988000
2016-11-18,2.2665893136558437,2.314182852283091,2.252114933370855,2.290386199951172,576060000
2016-11-21,2.3082950241775038,2.314673568223709,2.266834370895472,2.2810635566711426,436436000
2016-11-22,2.2889148656189753,2.299709239038085,2.2663446419510276,2.2975013256073,330368000
2016-11-23,2.302660309278451,2.340251725836745,2.2793193837209693,2.308802843093872,443236000
2016-11-25,2.319858934386086,2.3365662029050402,2.2950434751903024,2.3134708404541016,195564000
2016-11-28,2.306346244972323,2.327721751009857,2.2997123541195545,2.3122429847717285,278736000
2016-11-29,2.3095400347940123,2.32035080187136,2.27342291577493,2.2911128997802734,444568000
2016-11-30,2.2997115874308665,2.313470720480311,2.262857327441851,2.2653143405914307,440500000
2016-12-01,2.2628577188566243,2.264577581496087,2.0827627946240796,2.1532773971557617,1035524000
2016-12-02,2.1191262471488157,2.181778703443042,2.0913626427333183,2.1731793880462646,478292000
2016-12-05,2.2110157257235747,2.27538802617083,2.186691854618335,2.2574522495269775,602284000
2016-12-06,2.2655602229991154,2.302906078371623,2.2498356646482547,2.2945523262023926,498796000
2016-12-07,2.281038983251452,2.341479962554001,2.2628574132938972,2.335829019546509,480804000
2016-12-08,2.3387777479011373,2.373912152279161,2.2861989217210015,2.2967636585235596,381544000
2016-12-09,2.314454890330919,2.3161747537565605,2.228707045616505,2.255979299545288,382312000
2016-12-12,2.2075757042300665,2.2100327173808547,2.150820012603422,2.2011876106262207,601332000
2016-12-13,2.2134725516671514,2.267525672092586,2.2124898400836455,2.2400076389312744,387796000
2016-12-14,2.273668034400745,2.385951154085004,2.2498355204831215,2.3697352409362793,983980000
2016-12-15,2.3807915868928013,2.455483300837601,2.3734207803954064,2.425262689590454,746548000
2016-12-16,2.4527802734462356,2.474155774402337,2.4011841639376037,2.4670307636260986,1089528000
2016-12-19,2.449586932875492,2.5171531770134425,2.4323880693587183,2.4970061779022217,744656000
2016-12-20,2.5694864134396744,2.607569192267661,2.558184289900072,2.583982467651367,848056000
2016-12-21,2.5955295603552377,2.6031461612474076,2.54811032681211,2.6001977920532227,576136000
2016-12-22,2.624522577676849,2.674890197983796,2.6173973301126083,2.631647825241089,718612000
2016-12-23,2.613711616996015,2.698722522603777,2.61100904212093,2.6972482204437256,647692000
2016-12-27,2.7532665888342787,2.8834852675921416,2.7326280019937825,2.882502555847168,1194272000
2016-12-28,2.9385216143073194,2.9466295733828805,2.6704676088567747,2.6842265129089355,2295764000
2016-12-29,2.5773488737203394,2.7392625026382214,2.525752746588905,2.737788200378418,2175368000
2016-12-30,2.7358220515446496,2.7498267477331186,2.611745677883113,2.622556209564209,1212932000
2017-01-03,2.565064272020427,2.613466472548297,2.441725005307629,2.506343126296997,1501996000
2017-01-04,2.5404949770051135,2.5920911118417016,2.4945497882761907,2.564818859100342,1199220000
2017-01-05,2.56825808502203,2.5999527703955954,2.4827558215837606,2.499708890914917,984296000
2017-01-06,2.526980720512505,2.5613782094469117,2.486440931628326,2.533123254776001,822856000
2017-01-09,2.5429513709050635,2.6535144230501206,2.5429513709050635,2.635824203491211,916248000
2017-01-10,2.6488456349308342,2.6827515305072924,2.595283865860237,2.615922451019287,880920000
2017-01-11,2.6043752470447896,2.6092890405852636,2.558921426648245,2.5837366580963135,525664000
2017-01-12,2.5608870466474247,2.57243473075697,2.4967602962585236,2.5414769649505615,625616000
2017-01-13,2.5454075586138436,2.5798050435474065,2.5321400141870813,2.5412309169769287,457820000
2017-01-17,2.530666575695765,2.5355803694425796,2.4709624937796257,2.4842300415039062,580612000
2017-01-18,2.462854718504536,2.536317709563974,2.4350911139714166,2.5294382572174072,654424000
2017-01-19,2.5323863323139486,2.615677136207501,2.5301751135050483,2.5837366580963135,644872000
2017-01-20,2.6063406415777073,2.6240308604784963,2.533614810933331,2.5554816722869873,492024000
2017-01-23,2.5503215535791326,2.6019176631777796,2.5478645401902225,2.5820162296295166,369904000
2017-01-24,2.5920903076557584,2.643195070581905,2.577348458998703,2.637052536010742,428052000
2017-01-25,2.6793113359226726,2.685453868536386,2.612482268143828,2.6483538150787354,522760000
2017-01-26,2.651056851359519,2.701424456011093,2.6215733926108196,2.6940536499023438,458800000
2017-01-27,2.700933411559871,2.7490898033619673,2.6743983190582767,2.7461414337158203,471996000
2017-01-30,2.725257445228101,2.7274686640139563,2.651303107577325,2.7031447887420654,496004000
2017-01-31,2.676855616489389,2.703882067743787,2.6584282456697395,2.682506561279297,362756000
2017-02-01,2.7169043726840854,2.8038807183625636,2.6992143836494837,2.799704074859619,590004000
2017-02-02,2.783733156824373,2.8436830337366654,2.7532669795828824,2.835083484649658,483240000
2017-02-03,2.8365572161306716,2.847613542704469,2.798474443661873,2.810267686843872,372744000
2017-02-06,2.8009313748037066,2.882748102162136,2.8009313748037066,2.8822567462921143,506768000
2017-02-07,2.9164090845113395,2.9709535814793773,2.896753439481351,2.926974058151245,746224000
2017-02-08,2.909038094409948,2.931396313082359,2.859407394644077,2.9141976833343506,449580000
2017-02-09,2.920339771583535,2.925253799333136,2.8402431343632077,2.8594071865081787,842568000
2017-02-10,2.9466288800161626,2.9655473686362037,2.766533959725165,2.791594982147217,1651092000
2017-02-13,2.785943555580527,2.800439606020517,2.65842747071974,2.6628501415252686,1180724000
2017-02-14,2.653267443114901,2.7063378437794103,2.6114991611739393,2.672677516937256,850632000
2017-02-15,2.6756268787262303,2.6977393000380108,2.647617483692082,2.678083658218384,373020000
2017-02-16,2.6876653555494925,2.6888938621951914,2.5960208217407694,2.6350865364074707,647176000
2017-02-17,2.621573406001097,2.6390178268547433,2.574645526248158,2.6345951557159424,563740000
2017-02-21,2.6591651783277963,2.7328739526110786,2.6589193832207045,2.72894287109375,551952000
2017-02-22,2.740997152688993,2.750345401003291,2.705818168851619,2.7247607707977295,433772000
2017-02-23,2.595361682052486,2.61725614007072,2.4521863363258594,2.4721126556396484,1592888000
2017-02-24,2.387978659180872,2.509259547064378,2.354275838106209,2.4959752559661865,1029904000
2017-02-27,2.5141790882899975,2.5835526155466693,2.498434686769974,2.5685462951660156,715400000
2017-02-28,2.578140502477365,2.587980959057692,2.4792463068609387,2.496466636657715,625360000
2017-03-01,2.5532948373300077,2.5675633165889677,2.48736535092147,2.5286943912506104,504804000
2017-03-02,2.515901275052341,2.529923644510873,2.4327512447502864,2.435457229614258,754332000
2017-03-03,2.424879900075746,2.4297998953837587,2.367068371592642,2.421435832977295,864692000
2017-03-06,2.3852728459415076,2.413317592845352,2.341237821345839,2.4027392864227295,883568000
2017-03-07,2.4027396453551186,2.4484967103008395,2.3899473274468948,2.4290621280670166,603400000
2017-03-08,2.4772786898509334,2.4920391432176756,2.4224194936075554,2.424633502960205,638712000
2017-03-09,2.408643581490326,2.44652832059199,2.3960971356290504,2.4241418838500977,478060000
2017-03-10,2.4504640338800736,2.4622721609818687,2.4202052829521365,2.4384095668792725,499740000
2017-03-13,2.4487421249550625,2.515409681730081,2.4480040436582966,2.5055694580078125,774136000
2017-03-14,2.5183619476260257,2.5277099613949283,2.4716207057342334,2.503847599029541,522016000
2017-03-15,2.515409607798153,2.5336138921141043,2.4679302892590274,2.522789716720581,615036000
2017-03-16,2.5333689305860028,2.554279442211624,2.5193465543745366,2.5537872314453125,523100000
2017-03-17,2.571252280564291,2.6106134016797573,2.5537858461205762,2.6093833446502686,1119688000
2017-03-20,2.6268505933323514,2.696470247437388,2.61086008160185,2.6925339698791504,748568000
2017-03-21,2.6753132809216145,2.7050800563340553,2.597575445891804,2.60544753074646,913484000
2017-03-22,2.594377393492777,2.6632591955199154,2.5904413508479407,2.6585850715637207,616764000
2017-03-23,2.6507125648941625,2.670639116630689,2.6248820669110975,2.6344761848449707,533940000
2017-03-24,2.680724625418527,2.6885967077463646,2.6179931335727367,2.6438236236572266,439500000
2017-03-27,2.5973303081659025,2.6669499789827094,2.5481291729721294,2.6630139350891113,506644000
2017-03-28,2.664243002135655,2.6787573492165864,2.6389044797197596,2.6492366790771484,432444000
2017-03-29,2.6566171847505906,2.6689175244648866,2.638412897814142,2.640626907348633,349992000
2017-03-30,2.647759513175775,2.7060629846991056,2.642101439663612,2.691302537918091,525532000
2017-03-31,2.681709521178416,2.7033581071155948,2.6667031976639244,2.679741382598877,440808000
2017-04-03,2.6802330199279134,2.6974533490302455,2.642593931932349,2.666210651397705,445232000
2017-04-04,2.5437001604326093,2.5687928117042675,2.4684224412270614,2.4792466163635254,1271280000
2017-04-05,2.4605507276887484,2.518362258501397,2.447758410919178,2.46079683303833,747048000
2017-04-06,2.465962207415338,2.490808752195363,2.420943006635033,2.4787545204162598,635120000
2017-04-07,2.485151066423069,2.502617505550727,2.453170278908304,2.4681766033172607,429068000
2017-04-10,2.4689145162717248,2.4755565440278815,2.4010169030886455,2.4051990509033203,756332000
2017-04-11,2.3751864850574176,2.4329980116368706,2.3702664899114136,2.4138095378875732,618148000
2017-04-12,2.4138090642709615,2.4280773054651976,2.388716413582347,2.3938825130462646,414092000
2017-04-13,2.3697745246909747,2.391422878807504,2.3491098880767822,2.3491098880767822,506892000
2017-04-17,2.3619011655060476,2.4413610115300317,2.356735067276256,2.441115140914917,497292000
2017-04-18,2.426847026520297,2.44874171418233,2.4010165315609093,2.442591428756714,370116000
2017-04-19,2.4600584316841823,2.4841668992096517,2.4455440831834943,2.452186346054077,380828000
2017-04-20,2.4667006774932543,2.4957293742938464,2.445544066268318,2.4910552501678467,404016000
2017-04-21,2.4807217774796513,2.5040923883328166,2.4689136540559633,2.5013864040374756,341896000
2017-04-24,2.532876552748998,2.5456688704199273,2.5119662771121534,2.532630681991577,371820000
2017-04-25,2.547143783326341,2.5911787920720184,2.5257413074594655,2.576664447784424,388440000
2017-04-26,2.590195513857343,2.5926553939114743,2.556984669727375,2.558952808380127,327004000
2017-04-27,2.566332903343281,2.6071697273257985,2.5483744886970565,2.5988056659698486,319700000
2017-04-28,2.591917806020828,2.5988059400791177,2.560182886754388,2.5658411979675293,348248000
2017-05-01,2.576664462863154,2.628571789867049,2.569530225995984,2.6234054565429688,307732000
2017-05-02,2.596591266982714,2.5978213241230095,2.523035351493277,2.545667886734009,629972000
2017-05-03,2.538780458625805,2.574205316420226,2.5240202380669903,2.5646111965179443,336904000
2017-05-04,2.5707614642987653,2.5818317479483794,2.5468988633033525,2.5547711849212646,209788000
2017-05-05,2.543207914979648,2.5621502781136383,2.5277093832606172,2.555016040802002,228428000
2017-05-08,2.566825113467588,2.568301041626392,2.516885907647979,2.5282022953033447,365240000
2017-05-09,2.5338607970339306,2.5813398959468756,2.5254964989020254,2.5323846340179443,847672000
2017-05-10,2.811600215784396,2.9968426438346047,2.804958188802224,2.983804225921631,2129096000
2017-05-11,2.953300118710733,3.2086542052950953,2.949856051987478,3.111973762512207,1939792000
2017-05-12,3.115171870746878,3.1882355858148634,3.0942613656837508,3.1461684703826904,962620000
2017-05-15,3.18725169664791,3.306564442825433,3.1828234433201725,3.3041043281555176,1087540000
2017-05-16,3.355027525615183,3.3811043660813054,3.280733985412157,3.3656058311462402,1120700000
2017-05-17,3.2989387177487783,3.317635216639987,3.1378049367047187,3.1419870853424072,1271368000
2017-05-18,3.1857756888646738,3.282456135528904,3.1255042841786036,3.273599863052368,1156032000
2017-05-19,3.3745678398059016,3.4038732342598763,3.3299939543738706,3.3492026329040527,1018372000
2017-05-22,3.392791575199932,3.434902755899702,3.381955765717115,3.420619487762451,836608000
2017-05-23,3.44032173579716,3.4425380773387633,3.3420619703145933,3.3745689392089844,681248000
2017-05-24,3.4713511189586894,3.4740601897071843,3.400426777793716,3.412493944168091,815996000
2017-05-25,3.4477083881124697,3.448447246648032,3.360038102252431,3.404858350753784,608228000
2017-05-26,3.3967317272350885,3.577736339233551,3.376538060474399,3.493021249771118,779140000
2017-05-30,3.5388269272658746,3.602609499324451,3.5228198105537465,3.5676400661468506,989652000
2017-05-31,3.6124606598710454,3.6200949075400413,3.498193779091325,3.5548348426818848,887316000
2017-06-01,3.570594557486202,3.5715797805110046,3.5097671932483245,3.555079936981201,503340000
2017-06-02,3.5521259447366567,3.578230018919583,3.531439777033554,3.5373501777648926,487456000
2017-06-05,3.5210957621207415,3.6577726273235704,3.5095213282726676,3.6449668407440186,817376000
2017-06-06,3.6402876459760996,3.6863392498595435,3.615168802818321,3.628467082977295,758728000
2017-06-07,3.652847436669714,3.6910184317670636,3.6373328150567654,3.67230224609375,612612000
2017-06-08,3.779181618403672,3.9402389552156487,3.738055419401065,3.9387614727020264,1161744000
2017-06-09,4.056969118049822,4.149564606312565,3.515432156151196,3.6841237545013428,3692928000
2017-06-12,3.5925127059467448,3.7358388340906044,3.4996708673292556,3.693234920501709,1697532000
2017-06-13,3.802329816191044,3.8114417787452792,3.586848036425052,3.7284505367279053,1672504000
2017-06-14,3.731406762644448,3.7939579908116006,3.6570347337800264,3.7363319396972656,1184640000
2017-06-15,3.6191090078591093,3.7826287930745965,3.60778070405063,3.752338409423828,963824000
2017-06-16,3.7619426381815324,3.8097180891606337,3.6998839187474015,3.733868360519409,924960000
2017-06-19,3.777949685910438,3.879410985021708,3.77425586276484,3.874239444732666,778176000
2017-06-20,3.9163505452755443,3.9830883084248727,3.864388778975007,3.868575096130371,1095444000
2017-06-21,3.896156535484605,3.930879831450466,3.8343439534912007,3.9271857738494873,682652000
2017-06-22,3.935313406573407,3.9486119230150276,3.876209880671573,3.900097608566284,469132000
2017-06-23,3.907731517545169,3.9234925033955306,3.77327076113386,3.7882931232452393,1088588000
2017-06-26,3.82104672036734,3.8565088845271616,3.652847863839055,3.7469210624694824,1063960000
2017-06-27,3.7294362379549546,3.73805547321653,3.6040874276011583,3.6097514629364014,999492000
2017-06-28,3.677227233332566,3.7417486526602435,3.589310584608701,3.737069606781006,994948000
2017-06-29,3.7087504805187193,3.711705445912937,3.5481856179375995,3.6122145652770996,1064424000
2017-06-30,3.629452025797201,3.642996670265678,3.5339013605165364,3.5600054264068604,731060000
2017-07-03,3.572072995991605,3.5868487609261623,3.412739502193934,3.4312093257904053,709072000
2017-07-05,3.4944988766549736,3.551632420683165,3.4755365617586196,3.5228195190429688,820188000
2017-07-06,3.493760401941151,3.580199345405174,3.441798396122879,3.5334088802337646,746284000
2017-07-07,3.590049098322302,3.632406636770228,3.5671463651884,3.614182949066162,654972000
2017-07-10,3.6875707567500564,3.7924795201053314,3.6614666894416916,3.7850916385650635,958492000
2017-07-11,3.7887859831142303,3.846412027139257,3.7469209264610814,3.838777780532837,757956000
2017-07-12,3.8983743960142183,4.014118761027232,3.8555243445048655,4.002051830291748,1145208000
2017-07-13,4.014118717783688,4.095386136962693,3.9094562961653065,3.955754041671753,1369132000
2017-07-14,3.9720067508002272,4.063617235487492,3.965111363227694,4.062139987945557,941948000
2017-07-17,4.096124039718156,4.124937176520044,3.9833346676498143,4.044900894165039,930792000
2017-07-18,3.984073742137029,4.101542401794374,3.97225294333607,4.087012767791748,776640000
2017-07-19,4.096125393381831,4.122475833465685,4.053768067307539,4.065834999084473,687044000
2017-07-20,4.08627545928805,4.125185094579165,4.036530009366627,4.12493896484375,699596000
2017-07-21,4.104497489253721,4.169265285238735,4.090213984466443,4.139713287353516,648332000
2017-07-24,4.14685458073541,4.156458802298689,4.081101807441751,4.091691017150879,652524000
2017-07-25,4.068788925693942,4.086273994619044,4.028401587040156,4.071990489959717,496556000
2017-07-26,4.129370219623227,4.184779922276561,4.0843035988367715,4.119027137756348,640404000
2017-07-27,4.14389944513966,4.1554741135415485,3.880149709281552,3.983088493347168,782856000
2017-07-28,3.9473798569263776,4.072728880769241,3.922507378594652,4.048348426818848,513348000
2017-07-31,4.061894224591559,4.097848887109207,3.955507954597738,4.002051830291748,559672000
2017-08-01,3.9926936979072956,4.052536091647077,3.9648660125120925,4.050812244415283,431384000
2017-08-02,4.081840843512401,4.085780796267162,3.971514181257852,4.048348426818848,478444000
2017-08-03,4.047856226828955,4.103512052865201,4.030863888614545,4.099818229675293,442420000
2017-08-04,4.122475233426843,4.188228024354341,4.099819090857304,4.117796421051025,589096000
2017-08-07,4.146856225418697,4.244869395642132,4.137251530333111,4.244377136230469,717412000
2017-08-08,4.282301416320592,4.298801029766987,4.154736252219313,4.193892478942871,755336000
2017-08-09,4.147838885010441,4.240927060283835,4.129122704186126,4.23846435546875,530784000
2017-08-10,4.239696441922096,4.252009968811545,4.046871260992244,4.0569682121276855,1328088000
2017-08-11,3.8698061420297734,3.915611376345492,3.765636253214771,3.8407468795776367,1497196000
2017-08-14,3.9321129898582523,4.150796180397965,3.920538552553921,4.147102355957031,1279020000
2017-08-15,4.152272803609251,4.178376636947612,4.0779007869894395,4.112131595611572,764532000
2017-08-16,4.12715470874477,4.150549711145425,4.034805347570884,4.067065715789795,596632000
2017-08-17,4.058691364812007,4.0756832305013955,3.974222416676876,3.976438522338867,525444000
2017-08-18,4.030618059177319,4.0476103986572545,3.9313730923427754,3.9771783351898193,601204000
2017-08-21,4.001558664559352,4.012886733949462,3.8754710097611156,3.9193060398101807,623672000
2017-08-22,3.9557866556831405,4.012477361154019,3.936561056899875,4.006561756134033,450456000
2017-08-23,3.973286154424343,4.097759235628306,3.9646588603591386,4.086667537689209,579520000
2017-08-24,4.118708955384752,4.123146009580043,4.045257796631876,4.071630954742432,469700000
2017-08-25,4.095787391581279,4.105893233617583,4.031208917191864,4.0376176834106445,357200000
2017-08-28,4.056596161480304,4.069413222104093,4.001137680884426,4.066208839416504,389496000
2017-08-29,4.0075482259918305,4.081246239775903,3.999414092499709,4.059555530548096,324096000
2017-08-30,4.079272185477017,4.0948009359133435,4.048955133937936,4.083709239959717,384400000
2017-08-31,4.103921044471777,4.180330255354886,4.096526892851023,4.176386833190918,612684000
2017-09-01,4.188956874900141,4.237020733205557,4.180329582520131,4.201527118682861,445432000
2017-09-05,4.150259765318706,4.15518951341106,4.031455939128873,4.089378833770752,695364000
2017-09-06,4.122162301031934,4.135965223157199,4.052161364430852,4.086915016174316,397672000
2017-09-07,4.103675084137066,4.138182381950914,4.065717056541833,4.105893611907959,352868000
2017-09-08,4.094307140597673,4.109095909542186,4.010503333034617,4.034658432006836,498856000
2017-09-11,4.080258330420082,4.176139698039046,4.074835420778974,4.16554069519043,567444000
2017-09-12,4.190189479860947,4.190189479860947,4.115505638539201,4.180576801300049,411488000
2017-09-13,4.155436199304922,4.22814834416494,4.123147427953092,4.199310302734375,580960000
2017-09-14,4.160365144976967,4.253288958659627,4.135963693850091,4.175400733947754,513712000
2017-09-15,4.260683197054313,4.439382553100586,4.255507103065301,4.439382553100586,1364792000
2017-09-18,4.563363153660662,4.712731317671001,4.556461694674351,4.622765064239502,1684460000
2017-09-19,4.572481933740368,4.679454989928982,4.550544890535526,4.617834568023682,874280000
2017-09-20,4.621532051339948,4.668856400388209,4.540439452354384,4.580615997314453,724920000
2017-09-21,4.477094514457188,4.503221802536979,4.377762396709948,4.455404281616211,1075600000
2017-09-22,4.444064996457335,4.493607868316694,4.402163090762314,4.412022113800049,491232000
2017-09-25,4.381212525846245,4.382445197730314,4.194133176679744,4.214837551116943,874580000
2017-09-26,4.349168794371654,4.404134096599956,4.198814838561957,4.238498210906982,1125620000
2017-09-27,4.328712062666812,4.344733506207102,4.257971646840321,4.331423282623291,713720000
2017-09-28,4.338571141706631,4.342515033591728,4.282866313291657,4.330191135406494,435244000
2017-09-29,4.41399682839982,4.430017808798929,4.3688905145201185,4.406355857849121,619092000
2017-10-02,4.456388892786132,4.485473739443541,4.362726058358353,4.412022113800049,503480000
2017-10-03,4.418185971358231,4.450968377182958,4.377023556874145,4.421144008636475,390332000
2017-10-04,4.427306304705824,4.480299932181907,4.390826819565331,4.45811653137207,427848000
2017-10-05,4.482517604789289,4.485968334473253,4.425826441247028,4.455650806427002,437364000
2017-10-06,4.428045462545445,4.482024941530211,4.412024014315431,4.468714714050293,318800000
2017-10-09,4.505438987505107,4.602553028952448,4.486706324991137,4.56952428817749,563492000
2017-10-10,4.718398756124861,4.755864077129769,4.6156159397736465,4.656778335571289,974876000
2017-10-11,4.673293448992143,4.707801211423558,4.627448113519545,4.706322193145752,529508000
2017-10-12,4.709771210460128,4.759314073619313,4.681425877780385,4.708539009094238,528292000
2017-10-13,4.770653416044017,4.806393377062807,4.723822229322731,4.796287536621094,628728000
2017-10-16,4.826112073513968,4.881570554708424,4.763012625127096,4.878612518310547,576640000
2017-10-17,4.8579082352764695,4.902521367394289,4.839668734277744,4.874176025390625,478596000
2017-10-18,4.883050891697038,4.883789930869529,4.764986093004536,4.8699870109558105,567316000
2017-10-19,4.792590212722617,4.880337449288368,4.74354050132985,4.875408172607422,570772000
2017-10-20,4.892415922701324,4.919528592398131,4.844351592070808,4.853225231170654,451620000
2017-10-23,4.8749156560253,4.901289287801833,4.8261122844662685,4.8463239669799805,428696000
2017-10-24,4.8554434515344616,4.898824382684523,4.829562982720472,4.897099018096924,407244000
2017-10-25,4.857661039358588,4.9104082923714545,4.711990462921852,4.773364067077637,828160000
2017-10-26,4.8009717095300655,4.834985841433453,4.777062949567125,4.82340145111084,322744000
2017-10-27,4.87540893720953,4.975726902829086,4.849527997474675,4.975480556488037,572192000
2017-10-30,4.975480513632072,5.079741900316777,4.959705415535346,5.0242838859558105,504056000
2017-10-31,5.056078708862728,5.124107421596166,5.0504094535822395,5.097487449645996,411908000
2017-11-01,5.16009601526241,5.175377953565271,5.043017073862985,5.107102394104004,502576000
2017-11-02,5.077522623736045,5.122135746951973,5.019599279388674,5.076043605804443,342308000
2017-11-03,5.107102090198056,5.14382791519165,5.061256748144263,5.14382791519165,353640000
2017-11-06,5.107100938250456,5.175622824566019,5.094777040616968,5.166996002197266,389944000
2017-11-07,5.189673887263075,5.247597255268565,5.17759633285053,5.2261528968811035,427700000
2017-11-08,5.221716046667525,5.225413592819289,5.108088314347517,5.155412673950195,522988000
2017-11-09,5.0595316338553,5.08565845446584,4.938755617342749,5.060763835906982,978564000
2017-11-10,5.25203312109238,5.389816419245245,5.216293155512763,5.327456474304199,1253256000
2017-11-13,5.327456091914961,5.352843397467768,5.225659112995033,5.240941047668457,582376000
2017-11-14,5.25006039061927,5.2944271749550404,5.206433115372637,5.279145240783691,529292000
2017-11-15,5.224181888099002,5.225414560420066,5.121892181407678,5.175624847412109,501948000
2017-11-16,5.249569981560262,5.279640700215555,5.206928543174439,5.21580171585083,441768000
2017-11-17,5.272737091154528,5.307983891199637,5.19460252376764,5.209637641906738,515664000
2017-11-20,5.225163997778337,5.288756586379311,5.1884381930445915,5.276679039001465,396100000
2017-11-21,5.31636458158839,5.336822610645491,5.28456850935705,5.32523775100708,399176000
2017-11-22,5.352369793529708,5.352369793529708,5.26875426113043,5.301312446594238,356640000
2017-11-24,5.317591963184642,5.3523702201603385,5.293173086913779,5.351383209228516,180752000
2017-11-27,5.360014849625202,5.361247907231137,5.278618934040165,5.281825542449951,422896000
2017-11-28,5.287007348943417,5.296380190043431,5.136302338755271,5.197225570678711,512752000
2017-11-29,5.179959769477037,5.182672873572862,4.716745348963363,4.8447585105896,1396788000
2017-11-30,4.913328114727049,4.999163259213799,4.85043180242646,4.950572490692139,823768000
2017-12-01,4.916039395042334,4.936265115575482,4.747328790335551,4.875834941864014,811548000
2017-12-04,4.934294482624635,4.940461185767688,4.550749352068648,4.6040263175964355,1240844000
2017-12-05,4.498950597021288,4.7530033526278785,4.454059947393627,4.6306633949279785,981488000
2017-12-06,4.580345092739146,4.689859060043696,4.559132830419592,4.668153762817383,467032000
2017-12-07,4.73475077596875,4.775202229266021,4.68936662021728,4.735490798950195,542600000
2017-12-08,4.78531416171226,4.804306828533258,4.7147715836452955,4.72315788269043,466876000
2017-12-11,4.737216948042068,4.8043068705364815,4.721431360662924,4.801346778869629,372748000
2017-12-12,4.757936496844971,4.781121844490045,4.683693798607918,4.707125663757324,455016000
2017-12-13,4.7480696905522,4.749302748407478,4.584785261955489,4.592185020446777,554280000
2017-12-14,4.585772540635936,4.670128107386249,4.5532143507575595,4.599338531494141,438164000
2017-12-15,4.643242059521665,4.745109756138681,4.578372212011946,4.724884033203125,670036000
2017-12-18,4.765336506689484,4.884223354769753,4.735738406280227,4.881263732910156,477704000
2017-12-19,4.871890206992257,4.8770698973589575,4.808746911657305,4.837111949920654,373100000
2017-12-20,4.876330508912359,4.8854563623917,4.7986346728484985,4.854131698608398,288820000
2017-12-21,4.857584473220278,4.882496386005076,4.823299719644372,4.831686019897461,300904000
2017-12-22,4.794935064835423,4.8257666937777355,4.717239228173864,4.816393852233887,466276000
2017-12-26,4.7611420095520245,4.877562237927142,4.731296929589327,4.869915962219238,355080000
2017-12-27,4.856598141610662,4.9323204237606095,4.842045609528948,4.86325740814209,329488000
2017-12-28,4.886933605171521,4.9177652161902765,4.8627617275143,4.868927955627441,240248000
2017-12-29,4.895076043031667,4.895076043031667,4.772736072540283,4.772736072540283,279964000
2018-01-02,4.828970860094172,4.920726156807734,4.797399691428624,4.917026042938232,355616000
2018-01-03,5.034186435117084,5.270973500617158,5.02555361990932,5.240634918212891,914704000
2018-01-04,5.321785372687156,5.378268934306695,5.246062624210568,5.268261432647705,583268000
2018-01-05,5.2830602300766145,5.350149681258216,5.206350951554219,5.312905311584473,580124000
2018-01-08,5.436232596375194,5.549692755787042,5.391341473561443,5.475697040557861,881216000
2018-01-09,5.4811231921568115,5.520587635932108,5.392821463925591,5.474216938018799,497000000
2018-01-10,5.381968265792931,5.520587316474899,5.327704776355258,5.517134189605713,582664000
2018-01-11,5.549691790161697,5.581016916627212,5.505540698045821,5.5269999504089355,406032000
2018-01-12,5.515159511411281,5.5494442526698595,5.459415992187015,5.499866962432861,359916000
2018-01-16,5.5262600999504325,5.611601724843823,5.344723494451286,5.429078578948975,702348000
2018-01-17,5.443631043911312,5.552651518824776,5.349903121083364,5.54278564453125,538408000
2018-01-18,5.5235462047693105,5.59014261736738,5.492468067071487,5.535879135131836,408632000
2018-01-19,5.625907839641956,5.699903545658723,5.599022849167659,5.675731658935547,609380000
2018-01-22,5.683625334380679,5.76576083484544,5.626155229898844,5.764034271240234,550944000
2018-01-23,5.817309339606238,5.915477386203581,5.79881065145596,5.892785549163818,475228000
2018-01-24,5.895994101030131,5.93175890472965,5.760581634796051,5.8160786628723145,579972000
2018-01-25,5.870341226817161,5.913505784199402,5.814844678037979,5.829643726348877,409884000
2018-01-26,5.873299628552618,6.002052299757263,5.860473664919984,6.001805782318115,516356000
2018-01-29,5.9872545657800655,6.1197073798196575,5.934717642105019,6.088628768920898,455116000
2018-01-30,5.947047293640719,6.078019999942073,5.880450906615691,5.986758232116699,570832000
2018-01-31,6.061990289415672,6.1483189276848345,6.029432103138454,6.062730312347412,478576000
2018-02-01,5.883166696214036,6.089862201865626,5.871820775817728,5.932003974914551,519224000
2018-02-02,5.845677062550417,5.869602436828789,5.701878299338071,5.759841442108154,718464000
2018-02-05,5.599022589485811,5.752687189838002,5.056385869019509,5.270974159240723,1165204000
2018-02-06,5.041586756070795,5.566957366578849,5.031720411614622,5.563997745513916,1114800000
2018-02-07,5.662658926393454,5.795604767983694,5.59162284473863,5.6434197425842285,802932000
2018-02-08,5.768722505730133,5.801773740802574,5.364951147326712,5.365198135375977,1144000000
2018-02-09,5.876506858908696,5.89229244484088,5.365195292931244,5.7243218421936035,1674604000
2018-02-12,5.805223397028802,5.808183488222218,5.550431148244483,5.62442684173584,1093172000
2018-02-13,5.5881712854567,5.784013952731397,5.555859609384392,5.737889766693115,625524000
2018-02-14,5.697684279601359,5.983555198711346,5.686584876006259,5.9546966552734375,744988000
2018-02-15,6.037818090864681,6.126119805426468,5.957162652265348,6.079995632171631,698900000
2018-02-16,6.05286503380497,6.166325191511204,6.00526080761794,6.014387130737305,637656000
2018-02-20,6.03683247375609,6.21244938936461,6.033132358722428,6.1436333656311035,686240000
2018-02-21,6.208009965335765,6.214916219731849,5.953217164356499,5.956916809082031,892292000
2018-02-22,5.990728629474634,6.062302201323417,5.911010217415333,5.976413726806641,534364000
2018-02-23,6.036141816174472,6.06970739364624,5.985546543870526,6.06970739364624,415300000
2018-02-26,6.115858491403886,6.120300916884968,6.023552826676477,6.085748195648193,469312000
2018-02-27,6.0590939918623965,6.143255306258499,6.049962468302239,6.072915554046631,455436000
2018-02-28,6.0837750668917785,6.123264036362615,5.9611124025141065,5.972712516784668,523116000
2018-03-01,5.97049105070678,6.024294924446665,5.630145243043967,5.731089115142822,1040120000
2018-03-02,5.623726701513456,5.844371724315521,5.475396195597562,5.837954521179199,913428000
2018-03-05,5.787853502345341,5.8554784572158525,5.664697046299793,5.8159894943237305,620776000
2018-03-06,5.9011390092866725,5.995912827198986,5.858194762797782,5.976661682128906,636808000
2018-03-07,5.873989074269071,6.020839107110441,5.872755250039455,5.9687628746032715,581208000
2018-03-08,5.996158361625562,5.996158361625562,5.90829510712101,5.9524736404418945,411912000
2018-03-09,5.999860572775875,6.0677322060541785,5.983818503411695,6.054898738861084,505524000
2018-03-12,6.096113493864899,6.244196841290378,6.087968655553938,6.164231777191162,605060000
2018-03-13,6.206930755721556,6.281219587830296,6.072421323424346,6.113637924194336,619772000
2018-03-14,6.156582578593625,6.183731420029194,6.076864161460417,6.139059543609619,505496000
2018-03-15,6.152634850782378,6.234820928300313,6.111911582761727,6.153868675231934,401952000
2018-03-16,6.170158142104781,6.201008932815305,6.1326434751537455,6.182004928588867,399456000
2018-03-19,6.125238435700395,6.1541144427405,5.849309007901929,5.948031425476074,713772000
2018-03-20,5.950992259876718,6.198538995992041,5.950992259876718,6.159790515899658,554696000
2018-03-21,6.153373710251023,6.219518174550689,6.1042594095338,6.134616851806641,438688000
2018-03-22,6.0714347105756685,6.117834224409769,5.9317423569067795,5.969009876251221,551196000
2018-03-23,5.9825835268369465,5.985051645860791,5.7387392045262295,5.749845504760742,735620000
2018-03-26,5.873989631946145,6.035154112432693,5.822160535960724,6.0339202880859375,611424000
2018-03-27,6.114624915566505,6.170156417472876,5.426035704164232,5.565974712371826,1409000000
2018-03-28,5.531668673764212,5.661488535439723,5.355695974165066,5.463056564331055,945904000
2018-03-29,5.531176020367693,5.812288391387129,5.447015166874185,5.715787410736084,916628000
2018-04-02,5.64544600505391,5.791308393318002,5.368035658877873,5.455651760101318,922092000
2018-04-03,5.622246762944575,5.685182152012148,5.463056612529633,5.561779022216797,667432000
2018-04-04,5.306581299585368,5.594110820550993,5.281653908568248,5.583745002746582,789168000
2018-04-05,5.641991734284166,5.655072342900288,5.392470663279069,5.463797569274902,701240000
2018-04-06,5.361371538375999,5.469225926853435,5.258700058045322,5.28782320022583,662988000
2018-04-09,5.350759510146956,5.478358388800338,5.296461834531142,5.316453456878662,499524000
2018-04-10,5.546230591759072,5.6518635522267235,5.489218120557853,5.624961853027344,761676000
2018-04-11,5.610153359377357,5.651369959907921,5.551166583719694,5.583745002746582,460244000
2018-04-12,5.676543700399584,5.807844522571264,5.632365171141594,5.790074348449707,593920000
2018-04-13,5.853504372510021,5.86189588403577,5.665438199778203,5.713565349578857,503036000
2018-04-16,5.72022889331756,5.746637250650378,5.619285031639001,5.713318347930908,350792000
2018-04-17,5.765394640750435,5.883861537842281,5.709863135630631,5.862636089324951,447224000
2018-04-18,5.812288139933234,5.904840501847748,5.744910314204756,5.8337602615356445,391364000
2018-04-19,5.719734621822982,5.753053521866553,5.597565792408781,5.652850151062012,471996000
2018-04-20,5.64421243710298,5.728373276907721,5.613608794921182,5.6447062492370605,386200000
2018-04-23,5.662475932895828,5.713564536155137,5.499583847186107,5.525498390197754,427508000
2018-04-24,5.551167715232185,5.646928214098621,5.394198979811333,5.45935583114624,414596000
2018-04-25,5.429738994494694,5.468734626217747,5.190337035569514,5.347305774688721,588492000
2018-04-26,5.508716548831038,5.566716180055462,5.442819217675992,5.5585713386535645,375824000
2018-04-27,5.66420402844602,5.683948511019761,5.543762355224279,5.585966110229492,400848000
2018-04-30,5.6022549472281975,5.6518630564261825,5.531421861966759,5.55067253112793,327844000
2018-05-01,5.5425283074189835,5.608672297835369,5.484034874135928,5.605957508087158,253788000
2018-05-02,5.602502275922489,5.6469270071822075,5.5593108980859665,5.585472583770752,268248000
2018-05-03,5.61731103135347,5.77650119612448,5.5721453424345535,5.750339508056641,443144000
2018-05-04,5.721709946592055,5.903359377958248,5.704433582860858,5.900150775909424,400660000
2018-05-07,6.004550480167392,6.1945914406877725,5.994678002389146,6.137578964233398,687616000
2018-05-08,6.137824217780074,6.182743228106615,6.088956593850457,6.180028438568115,506616000
2018-05-09,6.200020247984949,6.315031869436815,6.172871408225406,6.31281042098999,596760000
2018-05-10,6.365627858101965,6.4293037385316465,6.347857680745201,6.420172214508057,994080000
2018-05-11,6.2387690999360315,6.4117803545020395,6.183484734377589,6.2819600105285645,1214456000
2018-05-14,6.319967962252316,6.3796952200504125,6.278751362181617,6.3024444580078125,523140000
2018-05-15,6.239014863309367,6.241730123647981,5.960370685970159,6.060574054718018,963528000
2018-05-16,6.022072909521446,6.133629261000511,5.98529873377014,6.071681022644043,553828000
2018-05-17,6.073408476923989,6.20717742641007,6.057365938004435,6.113637924194336,519784000
2018-05-18,6.165467725314809,6.228649788472439,6.065017203183081,6.069953441619873,483716000
2018-05-21,6.167196037454024,6.170897981314448,5.93544465443084,6.027997016906738,640624000
2018-05-22,6.041323114883037,6.066497173587623,5.929519639285764,5.989987373352051,518264000
2018-05-23,5.933928567254295,6.114455749992318,5.933187626474796,6.113220691680908,442956000
2018-05-24,6.109517249719566,6.159156049041339,6.056421040337045,6.1169257164001465,437372000
2018-05-25,6.129519361984635,6.172490154599155,6.093957505386535,6.156190872192383,292112000
2018-05-29,6.1381647626251565,6.207066616853725,6.092477487474644,6.139152526855469,352684000
2018-05-30,6.172737036191554,6.256455793707795,6.148041055491183,6.247812271118164,390996000
2018-05-31,6.215955021628862,6.302390723741467,6.205335970678587,6.228055953979492,493868000
2018-06-01,6.27275548937051,6.368328832655594,6.264111966209933,6.362154483795166,421968000
2018-06-04,6.3962358990052675,6.562686157423873,6.364131446836049,6.540707111358643,642024000
2018-06-05,6.543914988062976,6.5836756580591445,6.49921549937126,6.546137809753418,391712000
2018-06-06,6.456246604314873,6.551325839817572,6.439947320258317,6.548115253448486,371356000
2018-06-07,6.54441104065344,6.55626515110124,6.402409480601927,6.492549896240234,369448000
2018-06-08,6.419944099483215,6.519715336481239,6.4011751689720855,6.477238655090332,360456000
2018-06-11,6.464642795892608,6.506131708027877,6.423400706985754,6.436242580413818,265372000
2018-06-12,6.462668702728651,6.496748686247066,6.412535785065475,6.484647750854492,319160000
2018-06-13,6.486128776463721,6.560957201601177,6.471064079513934,6.480201721191406,338208000
2018-06-14,6.525148193149158,6.648133524098915,6.510330320187141,6.591579914093018,430016000
2018-06-15,6.53453251050194,6.605656702720537,6.503662646855872,6.5508317947387695,432260000
2018-06-18,6.506872565569409,6.564167113288093,6.479707408653355,6.546633243560791,356268000
2018-06-19,6.4436510475121525,6.510824177560597,6.297945737501037,6.425129413604736,594932000
2018-06-20,6.4661241210647935,6.530827129095634,6.42784532730209,6.477978229522705,369780000
2018-06-21,6.509836625133135,6.528111436405862,6.341904501110473,6.349560260772705,359516000
2018-06-22,6.370304891370609,6.383640883093514,6.182122422974086,6.1974334716796875,434160000
2018-06-25,6.091241664685308,6.0949458975569915,5.816870304050774,5.9052815437316895,665816000
2018-06-26,6.018389427689778,6.06654634444472,5.924791592282413,5.97615909576416,478884000
2018-06-27,6.019624146145529,6.085809055214943,5.815882832784347,5.821316242218018,453892000
2018-06-28,5.8114372247181025,5.960106789022831,5.803781464255762,5.9482526779174805,338012000
2018-06-29,6.013201264125445,6.025795841393051,5.849220226089044,5.850455284118652,392300000
2018-07-02,5.781060607474855,5.986036462138636,5.760562974904809,5.982332229614258,357572000
2018-07-03,6.016907816419056,6.02283487255158,5.840578956309271,5.848975658416748,222732000
2018-07-05,5.904046169080395,5.999372222900518,5.865273724519082,5.994433403015137,306216000
2018-07-06,5.969984577675324,6.116431311579673,5.948746002347929,6.108034610748291,296352000
2018-07-09,6.182121848214617,6.191753135209769,6.076917218855485,6.155449867248535,303880000
2018-07-10,6.1677995454859555,6.276214315335852,6.12754521237883,6.25423526763916,360016000
2018-07-11,6.161623756217614,6.196197845946506,6.102353215201451,6.112972736358643,367508000
2018-07-12,6.158166230815989,6.252257211947357,6.148287650487848,6.204347133636475,345508000
2018-07-13,6.222870610407252,6.222870610407252,6.115196322029052,6.157179355621338,246988000
2018-07-16,6.129519939422607,6.182369318371083,6.117172182602028,6.129519939422607,197036000
2018-07-17,6.080374488036394,6.280164220203169,6.054937565831061,6.26509952545166,362136000
2018-07-18,6.257691464173221,6.271521101669961,6.165081880761804,6.2159552574157715,277640000
2018-07-19,6.197186071303986,6.257691203872095,6.182121847244534,6.224104404449463,235752000
2018-07-20,6.221636644148038,6.2604090951912506,6.185086544665598,6.195952892303467,222352000
2018-07-23,6.1695282541515954,6.171256959174944,6.008016804034138,6.159402847290039,301584000
2018-07-24,6.207312253221584,6.293747965843255,6.124580773514485,6.142115116119385,354620000
2018-07-25,6.151499265351744,6.232748859308306,6.093710597044604,6.22015380859375,319112000
2018-07-26,6.200149896435694,6.330296861360285,6.183356496555523,6.293499946594238,325124000
2018-07-27,6.330049308044474,6.336964125777198,6.170019794304843,6.2238569259643555,295420000
2018-07-30,6.237935315883295,6.24386237118974,5.9941865206363545,6.029007911682129,340340000
2018-07-31,6.018635951492422,6.121617776607149,5.979863502534976,6.047036170959473,283988000
2018-08-01,6.078398625046564,6.133470345215362,6.023079610640119,6.086794853210449,283556000
2018-08-02,6.0156714934528015,6.193234903708827,5.956895533128454,6.189283847808838,269668000
2018-08-03,6.213732007171925,6.24954115667295,6.196939078955605,6.225832939147949,214288000
2018-08-06,6.213238314749932,6.276953560080871,6.1668101149710575,6.273496150970459,207508000
2018-08-07,6.322147310792175,6.3641303384937755,6.295475801210022,6.345608234405518,258132000
2018-08-08,6.346844486555111,6.426859030354189,6.312023093891665,6.3819122314453125,262100000
2018-08-09,6.399692432306545,6.402408900905554,6.325851778497302,6.333507537841797,204280000
2018-08-10,6.251765215114743,6.324618115629183,6.240652044831633,6.292266368865967,256396000
2018-08-13,6.300907621798384,6.445625606567104,6.299178917511731,6.325109481811523,375208000
2018-08-14,6.430315804827358,6.4703233082922385,6.347337505917876,6.456246376037598,466220000
2018-08-15,6.476990475627023,6.510824098989789,6.319677881261507,6.3982110023498535,591136000
2018-08-16,6.467854785831434,6.470324431761707,6.297699808218942,6.357710838317871,801260000
2018-08-17,6.2465778832406516,6.247318823920055,6.019128407167273,6.046047210693359,1143188000
2018-08-20,6.005547500028259,6.2530000783979345,5.895403556422801,6.120630264282227,854388000
2018-08-21,6.136928575750965,6.26040802205969,6.117171883183038,6.25596284866333,673988000
2018-08-22,6.22336509341703,6.495513651438657,6.219907683542983,6.490574359893799,749856000
2018-08-23,6.452047705061095,6.655048033237471,6.438218067769765,6.589850902557373,720684000
2018-08-24,6.598248160623286,6.737285957048397,6.593802986980405,6.722715377807617,531512000
2018-08-27,6.752350168671855,6.8876837319511655,6.720986658952772,6.813596248626709,505776000
2018-08-28,6.80766947918854,6.830389936878084,6.656283448787694,6.776058673858643,475384000
2018-08-29,6.768398346735638,6.906276927029086,6.747642542911635,6.881320476531982,420108000
2018-08-30,6.850187526357965,6.961133067458658,6.827702068188191,6.864519119262695,346608000
2018-08-31,6.844504215708833,6.948283718005384,6.834620229159438,6.935434818267822,306592000
2018-09-04,6.92233777363557,7.04761441530764,6.89392202218405,7.010056495666504,391720000
2018-09-05,6.992512159021578,7.027846509784896,6.798790389765232,6.879590034484863,393156000
2018-09-06,6.86328339021093,6.865754387009713,6.705884711613528,6.738748073577881,322796000
2018-09-07,6.646827226850209,6.842773021466372,6.602103281781058,6.717496395111084,295420000
2018-09-10,6.73998283713233,6.818064533811941,6.696247189809734,6.788413047790527,220140000
2018-09-11,6.742205830628544,6.82967711783467,6.72145002782594,6.740723609924316,243112000
2018-09-12,6.700940495678086,6.720461034008451,6.471884399764803,6.627059459686279,419092000
2018-09-13,6.69278742429834,6.795084219203515,6.6754909216929175,6.704648017883301,305536000
2018-09-14,6.794837751538681,6.896393207765107,6.758020705637157,6.830419063568115,386936000
2018-09-17,6.804968414447565,6.853893011025709,6.749372174860046,6.768645286560059,205528000
2018-09-18,6.7725997161266855,6.875143483659319,6.690070408518071,6.696741580963135,299520000
2018-09-19,6.678210314545184,6.738254170118639,6.628297404478133,6.720463275909424,224860000
2018-09-20,6.598643650742844,6.640896597613992,6.525750919570143,6.579617500305176,430584000
2018-09-21,6.59147966883762,6.636944968454805,6.476580921521153,6.50969123840332,435128000
2018-09-24,6.478803182974891,6.568745459725228,6.391826290001171,6.565286159515381,293912000
2018-09-25,6.63126152780852,6.657206284213501,6.54576683950899,6.63224983215332,280388000
2018-09-26,6.637192277821345,6.677468628208718,6.579619421984382,6.595433235168457,268548000
2018-09-27,6.630519451204281,6.651769641806608,6.575911989638935,6.607292652130127,214428000
2018-09-28,6.738993765849072,6.966072798971072,6.711071933386092,6.94383430480957,709396000
2018-10-01,7.021422892901421,7.216626899443846,6.982876196623898,7.149911880493164,622060000
2018-10-02,7.122484349927857,7.233923319338518,7.0565102065126695,7.07874870300293,383964000
2018-10-03,7.148922712280652,7.156335701221132,6.981146162855355,7.084925651550293,320552000
2018-10-04,7.04884985073549,7.073064954441898,6.824241331969578,6.901087760925293,391220000
2018-10-05,6.876376790776237,6.938397228730931,6.61075063925457,6.668076515197754,426636000
2018-10-08,6.585053972584242,6.7001996604893135,6.4264196004584395,6.567016124725342,408612000
2018-10-09,6.546509105683578,6.640899017646924,6.493631281096995,6.56133508682251,273500000
2018-10-10,6.455576410594485,6.501289130737477,6.06862728814772,6.0708513259887695,684940000
2018-10-11,5.9838745927855195,6.1170586080207165,5.788423638256717,5.809920787811279,725436000
2018-10-12,6.066404681163061,6.165983528734327,5.921607494025776,6.091855049133301,608236000
2018-10-15,6.078513088385394,6.078513088385394,5.815110862410267,5.816099166870117,449760000
2018-10-16,5.9285267036712055,6.085431459598973,5.879355141777879,6.074312210083008,408712000
2018-10-17,6.136333099959747,6.174385886285073,5.956942874208668,6.0058674812316895,329668000
2018-10-18,6.075055312843688,6.1133545945773635,5.858353599410608,5.918644428253174,524020000
2018-10-19,5.973745000606559,5.993265073204709,5.626330784670169,5.66265344619751,613608000
2018-10-22,5.714788641979605,5.814614426683505,5.6107622113299325,5.713305950164795,368844000
2018-10-23,5.446692920678344,5.539600601257539,5.3547740157676325,5.4622602462768555,626436000
2018-10-24,5.423959874143082,5.470413473372287,4.913463727809758,4.927300930023193,884288000
2018-10-25,4.829945482552465,5.182795505816304,4.785715455981453,5.135600566864014,951720000
2018-10-26,4.900120648375631,5.061472989970796,4.771879092966843,4.899626731872559,664784000
2018-10-29,5.040470986827069,5.043930288047178,4.349101831615991,4.586559295654297,758016000
2018-10-30,4.609537761042516,5.025890930686624,4.586557922121637,5.016006946563721,807192000
2018-10-31,5.180325571282585,5.252971359393127,5.040964292333446,5.209482669830322,745772000
2018-11-01,5.245804253494164,5.398755746051347,5.119539328840467,5.389366149902344,566528000
2018-11-02,5.379976973905602,5.485486106246861,5.1941621159627385,5.310543537139893,452960000
2018-11-05,5.297447817908284,5.320675090197485,5.072345367733753,5.2327094078063965,379332000
2018-11-06,5.224802648403968,5.308814644584688,5.178101615555267,5.215166091918945,299012000
2018-11-07,5.281635940010454,5.372072180659999,5.218132769231509,5.282624244689941,483812000
2018-11-08,5.223566509948047,5.224307855973232,5.036516377365908,5.089889049530029,511352000
2018-11-09,5.001183419593437,5.172172359413141,4.96757870861497,5.0819830894470215,413240000
2018-11-12,4.9908039983071895,5.012795535089188,4.661674649055503,4.683419227600098,617116000
2018-11-13,4.781022019519366,5.045906439734066,4.7748442925051275,4.924830436706543,644712000
2018-11-14,5.097548498019646,5.111880088075978,4.764713354751783,4.872446060180664,526580000
2018-11-15,4.866515335628465,5.072839031740589,4.830686599283498,5.000934600830078,840708000
2018-11-16,4.0355393745942125,4.216906185200407,3.9932859463314143,4.062966823577881,1963520000
2018-11-19,3.997734232135896,3.9984751069736695,3.5737207698359827,3.5754504203796387,1697820000
2018-11-20,3.3125420597976776,3.8116717964470435,3.294010057699916,3.6836771965026855,1692032000
2018-11-21,3.8205676343005828,3.8373699877352068,3.548517165205157,3.575697422027588,1025496000
2018-11-23,3.5411042864079247,3.696279150859607,3.5282553867654127,3.5828630924224854,411968000
2018-11-26,3.7036921041454702,3.7921517085392544,3.6214097555911566,3.781773805618286,814832000
2018-11-27,3.7558282999320816,3.8796224789173923,3.7199997967894065,3.7985756397247314,738060000
2018-11-28,3.915945530644681,3.9604225251910212,3.7837502809066104,3.955233573913574,804524000
2018-11-29,3.957459192484639,3.9945602780610026,3.861985568722618,3.8921611309051514,549172000
2018-11-30,3.9018092054503914,4.052934766168461,3.8515989008053126,4.042299270629883,729564000
2018-12-03,4.269109523663654,4.320556542831907,4.13900780009926,4.205790042877197,890804000
2018-12-04,4.161268247019662,4.166215184297463,3.870889727888633,3.8859777450561523,812112000
2018-12-06,3.7457353951942864,3.9201109339239735,3.7301529664919557,3.9151642322540283,692308000
2018-12-07,3.919368571213714,3.929509650956116,3.60178260931714,3.651003360748291,681676000
2018-12-10,3.6062352421479384,3.7808582378512963,3.6025250386487686,3.7561240196228027,629472000
2018-12-11,3.847639836085052,3.8558020941995017,3.5864475764226538,3.6653494834899902,671912000
2018-12-12,3.6710379820779226,3.778878709960328,3.5819952376689588,3.682910442352295,654136000
2018-12-13,3.7296588879193635,3.7937202293347596,3.646799558352823,3.682663917541504,471384000
2018-12-14,3.6411098175180965,3.724711218599533,3.5988145883619054,3.622312068939209,471820000
2018-12-17,3.592384297015108,3.664360454269048,3.4934476571239874,3.551325559616089,662868000
2018-12-18,3.5951037805352972,3.7182797160456222,3.567896337416654,3.6344311237335205,564372000
2018-12-19,3.6007927912193085,3.6542186236920204,3.3744756216447698,3.4259226322174072,745364000
2018-12-20,3.417513707699646,3.5072985491377735,3.281970637111503,3.3415799140930176,749588000
2018-12-21,3.3680460478871606,3.4009425299153957,3.1773459475817654,3.204800844192505,863740000
2018-12-24,3.1286182331904175,3.2149402884743288,3.07939725587932,3.1432113647460938,463840000
2018-12-26,3.1892171385127157,3.29310045136717,3.0784083029190215,3.2921111583709717,695100000
2018-12-27,3.239922220622022,3.2743026307070826,3.0962169090431018,3.2443742752075195,637044000
2018-12-28,3.264903795478063,3.3982208288197224,3.2231032137878097,3.3057150840759277,628728000
2018-12-31,3.3490000177104666,3.381401609081078,3.271334844675895,3.3020052909851074,465140000
2019-01-02,3.231265932474815,3.4251813233405146,3.2166727958069883,3.3692822456359863,508752000
2019-01-03,3.3091773655520575,3.3430631258197834,3.1582993402427686,3.165719509124756,705552000
2019-01-04,3.2386857717405726,3.4066304289007823,3.208015561696313,3.368540048599243,585620000
2019-01-07,3.4256759528263236,3.5837269755322927,3.374476139704022,3.546873092651367,709160000
2019-01-08,3.6282481901467687,3.630474453555184,3.3861011187874763,3.4585721492767334,786016000
2019-01-09,3.5097721385841463,3.5738337130783755,3.459314643836755,3.5265915393829346,617260000
2019-01-10,3.5072984808573757,3.600793287782794,3.446947117236109,3.5921363830566406,523156000
2019-01-11,3.569875552926927,3.703934678034914,3.5421734584487603,3.6811792850494385,874764000
2019-01-14,3.62899051315197,3.746230250626292,3.605493030231585,3.721001386642456,730168000
2019-01-15,3.753650026175904,3.792977375770266,3.6885994045834214,3.7069027423858643,617012000
2019-01-16,3.7341102764253997,3.7670065139285382,3.6759851770109733,3.681426525115967,470104000
2019-01-17,3.6485304526702196,3.792482988633846,3.6213227673825545,3.7526609897613525,493436000
2019-01-18,3.8023764058608873,3.9074964658686007,3.7509293895857754,3.8815255165100098,651336000
2019-01-22,3.851350487859088,3.8629755092016564,3.6495200389920854,3.6796956062316895,661552000
2019-01-23,3.734852323382457,3.823400426503734,3.6613920018215467,3.692556858062744,591020000
2019-01-24,3.7769007584765713,3.9215951539983154,3.772201261818545,3.90403413772583,708972000
2019-01-25,3.8446722994703926,3.979225857998161,3.742273131670087,3.961169958114624,1154572000
2019-01-28,3.3774443033526267,3.5033409413140952,3.240170086234414,3.4135560989379883,2511528000
2019-01-29,3.3675510942287774,3.4157827988388343,3.240417705613786,3.2550108432769775,1153932000
2019-01-30,3.3309445957984027,3.41256718894163,3.2515480304894466,3.398221492767334,974228000
2019-01-31,3.395005804093513,3.591147461293076,3.3732397014718236,3.555530309677124,842852000
2019-02-01,3.5740798692574787,3.6307210199896716,3.5265905041281727,3.579768657684326,625048000
2019-02-04,3.5955991333519037,3.7269373511870465,3.573585827707394,3.689836263656616,528592000
2019-02-05,3.701707937419983,3.7454873368415127,3.6680696167812545,3.70888090133667,542424000
2019-02-06,3.742025598227512,3.8486298495881885,3.736584249388209,3.7843210697174072,702464000
2019-02-07,3.738068038238784,3.740294065936095,3.603514488462521,3.6463043689727783,637120000
2019-02-08,3.5792745411478237,3.6754902556945326,3.5649288473641456,3.6648547649383545,461604000
2019-02-11,3.620827893385403,3.674995583440222,3.574080373450749,3.622312068939209,495180000
2019-02-12,3.6606498049286715,3.754639489176909,3.6463038756947745,3.7390568256378174,591060000
2019-02-13,3.7684905278835923,3.8543179542394554,3.754886686438638,3.7813522815704346,605372000
2019-02-14,3.780363471800342,3.85036103826904,3.7373259145717483,3.8221640586853027,827264000
2019-02-15,4.030424790642507,4.0531799465823735,3.8689110205307045,3.8916664123535156,1516748000
2019-02-19,3.8810312508872418,3.9547390207378252,3.8619860591357598,3.8743529319763184,551892000
2019-02-20,3.9035394354037853,3.9886247899066,3.8924092963662886,3.921595335006714,540988000
2019-02-21,3.9342088753308824,3.9586954108076955,3.8382403759313135,3.8528335094451904,448548000
2019-02-22,3.9045286584847316,3.9562228841737697,3.890924815563206,3.937424898147583,401740000
2019-02-25,4.020779204193187,4.088055860925728,3.9164009851696213,3.925058126449585,656020000
2019-02-26,3.920357878991418,3.9762569453200745,3.85233891154522,3.885730028152466,488464000
2019-02-27,3.871384176289545,3.8978495329332135,3.7870406978695046,3.8439292907714844,500256000
2019-02-28,3.8377401565705016,3.8600238468726964,3.797134499315095,3.819417953491211,324944000
2019-03-01,3.8691848495966012,3.9157328559809574,3.810999841616156,3.8736417293548584,357188000
2019-03-04,3.912018998445061,3.93479784486016,3.825360256341027,3.881812334060669,409992000
2019-03-05,3.8662133367413505,3.913504191633946,3.81198982074945,3.8753745555877686,362924000
2019-03-06,3.866461294665398,3.8748794253731376,3.761975742505738,3.7646992206573486,403524000
2019-03-07,3.741177514158119,3.7508338899849236,3.6495669725600584,3.695619821548462,450104000
2019-03-08,3.606485619695741,3.7404352313278832,3.5851922406276207,3.7297885417938232,422416000
2019-03-11,3.7533094740706834,4.012542344270088,3.706266081637575,3.9897637367248535,859728000
2019-03-12,4.017493763725384,4.070231563832342,3.9414817310682904,4.023931503295898,579576000
2019-03-13,4.061320252215489,4.204183169950624,4.053892196545153,4.174966812133789,768900000
2019-03-14,4.1841277449219305,4.196012444273688,4.091526640746061,4.0992021560668945,519384000
2019-03-15,4.142282668685876,4.247015902836144,4.138816338373653,4.204429626464844,661484000
2019-03-18,4.235874273040399,4.289602867842203,4.156148199585518,4.183136463165283,486992000
2019-03-19,4.2774697332762965,4.394830508005415,4.260633475294349,4.350510597229004,854972000
2019-03-20,4.379480733777656,4.432713945030418,4.2834133044747515,4.318077087402344,719148000
2019-03-21,4.341103778806309,4.580529035221039,4.336151742184459,4.554283618927002,824312000
2019-03-22,4.527048099584981,4.575576733359796,4.3809663334740065,4.394831657409668,747644000
2019-03-25,4.354226799557572,4.41835393455882,4.236618512354495,4.302726745605469,525212000
2019-03-26,4.444103339017081,4.500060029751345,4.3230287371521126,4.379233360290527,703508000
2019-03-27,4.404735669585235,4.451035744697865,4.300745269243785,4.370071887969971,474372000
2019-03-28,4.396069894129766,4.4542551465713105,4.33565655567904,4.388642311096191,480264000
2019-03-29,4.4552447468224665,4.470100855017658,4.404982950293312,4.445836067199707,456896000
2019-04-01,4.537446476833416,4.543388825178386,4.465891308838393,4.513182163238525,483824000
2019-04-02,4.537199956058425,4.575329599601486,4.49436573598606,4.531009674072266,440920000
2019-04-03,4.580528702250554,4.729086484341547,4.575576665988681,4.670158386230469,783504000
2019-04-04,4.654806651779727,4.703583209838008,4.598602512706384,4.6612443923950195,457376000
2019-04-05,4.704327064503946,4.7451806577978,4.667930587471102,4.727848529815674,481744000
2019-04-08,4.69739320876047,4.773652946849277,4.673376356993114,4.748645782470703,424192000
2019-04-09,4.715221950029587,4.726363797358077,4.643914221577702,4.686005592346191,439972000
2019-04-10,4.6852630598394,4.782072888648219,4.6808064150538,4.756322860717773,444772000
2019-04-11,4.758798735051136,4.7902436522966525,4.6931858939844835,4.742457389831543,374600000
2019-04-12,4.781081803558154,4.785043527312434,4.695908756984894,4.7045745849609375,471708000
2019-04-15,4.696898637705237,4.701850673879405,4.5334852219749955,4.573100566864014,440092000
2019-04-16,4.612221218072452,4.678824360554035,4.579538533320794,4.660006999969482,394964000
2019-04-17,4.694917379370334,4.715715361796158,4.614943847719535,4.637227535247803,351004000
2019-04-18,4.643914610123186,4.677835075304446,4.584986497216023,4.612717151641846,380988000
2019-04-22,4.5891937719440214,4.682042311390829,4.557749338601909,4.666443824768066,279936000
2019-04-23,4.6795672814140925,4.752113246455217,4.669911140835929,4.720915794372559,346856000
2019-04-24,4.7313148195504775,4.77390157804458,4.670654025026676,4.733295917510986,318204000
2019-04-25,4.693183938079209,4.715467624296581,4.548340449918366,4.627818584442139,499296000
2019-04-26,4.474308567948586,4.478765682764023,4.290840064615995,4.409438610076904,868988000
2019-04-29,4.41736306956025,4.467872804201856,4.3453124950681685,4.4401421546936035,391920000
2019-04-30,4.407954333030912,4.50699270305737,4.388889511735497,4.481490612030029,362920000
2019-05-01,4.533733907422859,4.575825277390426,4.468120597847033,4.4683685302734375,354280000
2019-05-02,4.478024292877047,4.577310123321939,4.434942613606475,4.535714149475098,394684000
2019-05-03,4.544132641497214,4.554036242671163,4.469853507557636,4.531257629394531,336824000
2019-05-06,4.345312096343458,4.465148916011705,4.3081727695524865,4.453016757965088,422176000
2019-05-07,4.404735191064911,4.404735191064911,4.238102919582582,4.286136627197266,555220000
2019-05-08,4.258653604290829,4.386165459503043,4.246768906991969,4.306191921234131,419168000
2019-05-09,4.237360513333889,4.247016653445677,4.095240473162634,4.213838577270508,660248000
2019-05-10,4.183137160102314,4.248502530035827,4.0605768553508845,4.17991828918457,569500000
2019-05-13,4.048196620812912,4.071223161776661,3.90731436932487,3.9231605529785156,656912000
2019-05-14,3.962773458445312,4.047204061783778,3.9241486876273477,4.012045383453369,524880000
2019-05-15,3.9565864067558403,3.987535925842952,3.8974110830490076,3.951139450073242,502320000
2019-05-16,3.9456922618955095,4.008829309242451,3.9033534368531897,3.966242551803589,781088000
2019-05-17,3.924399560038237,4.053397147563898,3.8362553328985705,3.8756229877471924,1022068000
2019-05-20,3.7770782421499702,3.832044602329322,3.7325108720313556,3.757270574569702,572064000
2019-05-21,3.8179323897499655,3.8550717152495353,3.7793073589998123,3.8392255306243896,361848000
2019-05-22,3.8006010721733703,3.8265985550973993,3.7575191579868314,3.768413543701172,325868000
2019-05-23,3.7062662664840973,3.7062662664840973,3.5879153992055115,3.6475861072540283,591844000
2019-05-24,3.666403490211776,3.701562190682717,3.5871728021513483,3.593858003616333,357584000
2019-05-28,3.6114378335259345,3.6441205203044094,3.5468150765767805,3.5487959384918213,428356000
2019-05-29,3.5012569849778905,3.536167989916481,3.440100802270634,3.474764347076416,559800000
2019-05-30,3.4779868948997428,3.5136814493654405,3.4100680734583735,3.4482414722442627,394300000
2019-05-31,3.3994088797142488,3.4665839936190226,3.356030054188708,3.3577651977539062,389720000
2019-06-03,3.3689200673298636,3.407589187225042,3.2868723543429175,3.316122055053711,478644000
2019-06-04,3.380073758704025,3.5498707664377065,3.3580126175634724,3.5446653366088867,641836000
2019-06-05,3.618286189030962,3.6237395991365746,3.465840812619028,3.502031087875366,511616000
2019-06-06,3.506245378096939,3.588541076371301,3.5037665336174677,3.5640010833740234,408140000
2019-06-07,3.569949577094456,3.64084271992165,3.550862761690876,3.606635570526123,348856000
2019-06-10,3.662656572032276,3.747679089034784,3.662656572032276,3.679264545440674,402780000
2019-06-11,3.739002687057581,3.7766803600690517,3.69735924180774,3.736771821975708,383872000
2019-06-12,3.6933929368091096,3.6995900468198903,3.608866389264014,3.6239869594573975,358892000
2019-06-13,3.646048302277105,3.6933931379177904,3.6284488871211047,3.6750502586364746,308080000
2019-06-14,3.5820955420182883,3.6063875513942576,3.540699839937277,3.585317850112915,394428000
2019-06-17,3.5835836567075794,3.6319201821071303,3.5607788058530936,3.5949862003326416,276040000
2019-06-18,3.6562113084451453,3.844846944658722,3.6453047255230837,3.7895700931549072,581920000
2019-06-19,3.8247695314867194,3.83617183775806,3.769492434784261,3.7955198287963867,331644000
2019-06-20,3.8859947743227137,3.8998759223738366,3.805434236160283,3.8198111057281494,350168000
2019-06-21,3.804938523304347,3.8540184995073092,3.7553625891879383,3.761807441711426,434428000
2019-06-24,3.7831255402682706,3.8136146627483147,3.7360284449265437,3.7841169834136963,282948000
2019-06-25,3.789075426226583,3.8639348357073615,3.75214144315759,3.7548680305480957,311868000
2019-06-26,3.8820289983345857,4.008695191075361,3.8691392925448316,3.94771671295166,584072000
2019-06-27,4.033235703770046,4.065211995295478,3.997293166334973,4.046125411987305,445440000
2019-06-28,4.090000855943441,4.099172535654574,4.02431311470183,4.070914268493652,397668000
2019-07-01,4.277644134618608,4.31185152757884,4.081571927225259,4.119001865386963,709756000
2019-07-02,4.102393303924036,4.123463244452716,4.008199582806831,4.021337032318115,400228000
2019-07-03,4.04463680121385,4.050338189355726,3.9744873640486977,4.034225940704346,246636000
2019-07-05,3.9759747370589933,3.9804364668473564,3.908551413976536,3.9717607498168945,396552000
2019-07-08,3.912270157498809,3.931108994720168,3.8669084444589887,3.8969016075134277,329788000
2019-07-09,3.8547624323267926,3.9273909624271464,3.842120704699303,3.899380683898926,342860000
2019-07-10,3.942759447031385,4.024807158528224,3.9288782974941214,3.9675474166870117,452076000
2019-07-11,4.0404239269596784,4.162380430510887,4.003242204498823,4.121728420257568,682560000
2019-07-12,4.149490556221436,4.225589614779402,4.149490556221436,4.154695987701416,506392000
2019-07-15,4.175765327689639,4.191877105022038,4.118009631723078,4.146267414093018,289840000
2019-07-16,4.131394575199453,4.168576288590352,4.08603262955534,4.141557693481445,341444000
2019-07-17,4.143294244202891,4.213691922837337,4.114044537783741,4.206751346588135,348204000
2019-07-18,4.2171612926417925,4.281113866380775,4.160644778812667,4.218400478363037,442192000
2019-07-19,4.256574572737633,4.2630191902095085,4.169320948320158,4.175270080566406,344896000
2019-07-22,4.196586434552319,4.259547552006564,4.189149903404396,4.246657848358154,315940000
2019-07-23,4.285823730358957,4.356220919527254,4.27020696470607,4.354238033294678,428176000
2019-07-24,4.397370101083042,4.434304085953327,4.321519244560178,4.428602695465088,366236000
2019-07-25,4.387205625277258,4.399847588394193,4.274420818683589,4.2977213859558105,392700000
2019-07-26,4.324739894049131,4.386213612469726,4.324739894049131,4.3396124839782715,274160000
2019-07-29,4.332425018793409,4.349528713326907,4.245419617794768,4.33341646194458,248160000
2019-07-30,4.287062718608438,4.36117840703827,4.2726856121064625,4.349032402038574,197772000
2019-07-31,4.317550656604295,4.3185425722487985,4.1400696204793555,4.182209014892578,359416000
2019-08-01,4.192621578676747,4.282849534099801,4.035962197152709,4.088016986846924,421212000
2019-08-02,3.9955575466156006,4.064716026033805,3.9482129443116163,3.9955575466156006,428348000
2019-08-05,3.812375298408641,3.8136147205570112,3.6909147646156164,3.7377638816833496,589156000
2019-08-06,3.8123750449167093,3.8577367578319723,3.728839936114921,3.776432514190674,361272000
2019-08-07,3.715701362547377,3.8265032575055913,3.698349930565544,3.8146049976348877,372560000
2019-08-08,3.872113689689733,3.9241682321295746,3.8148537166454655,3.922928810119629,309300000
2019-08-09,3.88202880975371,3.8854990968057885,3.771474872818401,3.821794271469116,341816000
2019-08-12,3.769740219929557,3.8217947688812868,3.732310521570911,3.7541239261627197,279200000
2019-08-13,3.7526364487941066,3.914005523627661,3.713719586465195,3.868147850036621,351956000
2019-08-14,3.7801513712523787,3.7913059351939533,3.676290244404949,3.719916820526123,419880000
2019-08-15,3.7387555114348254,3.7585857940072143,3.6534852490944294,3.687692403793335,477200000
2019-08-16,3.949947796045755,4.004232969258714,3.8887215756327413,3.955153226852417,1007960000
2019-08-19,4.068186623792393,4.2491380163327985,4.052074371012667,4.233273506164551,815112000
2019-08-20,4.227820566684187,4.228316524725922,4.140071452642333,4.161141395568848,463188000
2019-08-21,4.227077668594591,4.299458243371762,4.205512236323074,4.244429111480713,427244000
2019-08-22,4.2540949437817,4.296482089527698,4.2114595826774135,4.250624656677246,303488000
2019-08-23,4.1742780845028475,4.228563495368226,4.006711906139541,4.0265421867370605,568056000
2019-08-26,4.105119141208708,4.129163404115451,4.062979745491093,4.1011528968811035,318208000
2019-08-27,4.139327140718047,4.142053727566777,3.9814285909595064,4.010678291320801,290968000
2019-08-28,3.9843768009846867,4.052858819281227,3.945172959795155,4.000256538391113,255612000
2019-08-29,4.091567574133514,4.17592983118858,4.088093850840398,4.143673896789551,357976000
2019-08-30,4.189822620583614,4.239447619790014,4.13821277285186,4.156325817108154,290616000
2019-09-03,4.083626605631765,4.1166269680501015,4.0506262432134275,4.073453426361084,296140000
2019-09-04,4.133995918409182,4.194786537943837,4.133995918409182,4.187342643737793,227728000
2019-09-05,4.289320824737236,4.465985130466954,4.287583963874514,4.459782123565674,695676000
2019-09-06,4.4364590608238235,4.493279507064552,4.394774390362867,4.432737350463867,376976000
2019-09-09,4.463753240386079,4.564988124663979,4.462264366813369,4.478640556335449,417524000
2019-09-10,4.445887854419998,4.571686777215572,4.436211123418617,4.545137882232666,352812000
2019-09-11,4.559775977547078,4.621806991543993,4.530745319125762,4.573670864105225,361512000
2019-09-12,4.620070801973529,4.6746579318485,4.564242786613247,4.572182655334473,327840000
2019-09-13,4.505685182985416,4.542655711861558,4.470699502841421,4.514369487762451,324592000
2019-09-16,4.4394371416410685,4.505934323774935,4.429015973241978,4.471445083618164,231832000
2019-09-17,4.478144219521308,4.497001705724106,4.431744940740635,4.492783546447754,223048000
2019-09-18,4.485835233944061,4.501466982396567,4.379389794587787,4.4657368659973145,258152000
2019-09-19,4.471691417465602,4.490052922551778,4.379637324063444,4.3903069496154785,245476000
2019-09-20,4.389316468547482,4.412888093082189,4.274683134549825,4.284855842590332,350244000
2019-09-23,4.285103736213856,4.383608854453236,4.281381552536594,4.338201999664307,249712000
2019-09-24,4.369464638144138,4.398991271139277,4.245402614103785,4.280884265899658,317268000
2019-09-25,4.280388033094018,4.441917038852592,4.235725626464752,4.4223151206970215,308432000
2019-09-26,4.412638803204647,4.4213231082739,4.349366896832507,4.400232315063477,234564000
2019-09-27,4.358548034890815,4.409165469798091,4.201237158861238,4.26177978515625,362056000
2019-09-30,4.287584600438513,4.329269267332629,4.256320627008765,4.319096088409424,186184000
2019-10-01,4.342171953292758,4.491046514914633,4.312645312736866,4.317359447479248,366008000
2019-10-02,4.295524372954725,4.30743441273116,4.221335322035488,4.293539524078369,293372000
2019-10-03,4.298006794716774,4.504942251858928,4.267735711769522,4.498739242553711,450588000
2019-10-04,4.500972383555039,4.544394398140428,4.43596406550409,4.515115737915039,265524000
2019-10-07,4.5798738708531,4.673168379605846,4.571189566754258,4.573670864105225,480984000
2019-10-08,4.482113110767932,4.482113110767932,4.379389852954471,4.397502899169922,444436000
2019-10-09,4.474173273041271,4.533227019421583,4.445391073078044,4.483850002288818,292412000
2019-10-10,4.481616559238391,4.592279671048792,4.4764059770211055,4.541414260864258,309124000
2019-10-11,4.62528122390011,4.697981398600452,4.606423740557816,4.6148600578308105,446404000
2019-10-14,4.6061769102518095,4.649102475168107,4.575161388848153,4.628260135650635,200040000
2019-10-15,4.718328018520987,4.944865345798221,4.704432656393893,4.87241268157959,664124000
2019-10-16,4.838420013873234,4.943128605047771,4.8074045009637905,4.818818092346191,428944000
2019-10-17,4.863232267535024,4.908142667329887,4.766463550442048,4.820803165435791,263436000
2019-10-18,4.821299651818596,4.853804039838178,4.652327188895104,4.726516246795654,307440000
2019-10-21,4.787803109175514,4.876879959848776,4.768945622235089,4.863481044769287,261868000
2019-10-22,4.9203018050100775,5.025258402248578,4.845864750381245,4.8535566329956055,328720000
2019-10-23,4.771674477667987,4.854795818554513,4.739914530586785,4.840652942657471,279916000
2019-10-24,4.8818427463901735,4.918068851684468,4.847849951665782,4.884572505950928,232020000
2019-10-25,4.964964701044121,5.095974232582891,4.957272817695496,5.075131893157959,423092000
2019-10-28,5.1188000557823345,5.183312379594485,5.089521403946788,5.130958557128906,330792000
2019-10-29,5.117062478727796,5.123513946836008,5.015580109240692,5.034933567047119,211236000
2019-10-30,5.061732101187581,5.067439134059727,4.968933541298537,5.036919593811035,205960000
2019-10-31,5.016077771145991,5.036920109101198,4.9081438972641935,4.987791538238525,209732000
2019-11-01,4.952556278001397,5.059001717512267,4.9274957882342845,5.026745796203613,283640000
2019-11-04,5.107633763062573,5.235417981160858,5.084558595545801,5.223011493682861,376716000
2019-11-05,5.222764879702714,5.248817800370786,5.153041963491564,5.200930118560791,300868000
2019-11-06,5.176862082382492,5.202418554291357,5.064461594469839,5.151801586151123,269012000
2019-11-07,5.238148345811392,5.252787672770663,5.124755440517977,5.169417858123779,280340000
2019-11-08,5.152544596640886,5.187033827049236,5.115077619954896,5.155521869659424,189100000
2019-11-11,5.1547785599665294,5.188523361182357,5.068679459008743,5.165448188781738,243436000
2019-11-12,5.203659404546127,5.256758143748969,5.168673715892408,5.200930118560791,283504000
2019-11-13,5.169666553241721,5.197208349649521,5.108876400162783,5.175125598907471,300188000
2019-11-14,5.184057390287869,5.207629485656896,5.124259667709916,5.2053961753845215,518080000
2019-11-15,5.20316285160327,5.254772716233634,4.978362355062665,5.066446781158447,1053628000
2019-11-18,5.059003616100386,5.293728865611318,5.056026341908343,5.2671799659729,574588000
2019-11-19,5.23616413074978,5.259735754780786,5.102673310673208,5.160734176635742,414564000
2019-11-20,5.137905085323587,5.32350168129509,5.125250610623569,5.239883899688721,472588000
2019-11-21,5.235418033874935,5.2909975839068375,5.193484910317572,5.215071678161621,288388000
2019-11-22,5.237652934895209,5.284052222975251,5.209118712049796,5.232690811157227,224100000
2019-11-25,5.360474506227291,5.493717346201479,5.347572038234067,5.488754749298096,506476000
2019-11-26,5.471135649951697,5.475850257245019,5.377841134297487,5.3842926025390625,385244000
2019-11-27,5.4297329618014505,5.46399899846414,5.392735152261117,5.419055461883545,215784000
2019-11-29,5.388265940558016,5.4165725647475265,5.357972055708968,5.381809711456299,141556000
2019-12-02,5.374857125280522,5.388265925001773,5.18068101535842,5.195827484130859,372036000
2019-12-03,5.012578685454581,5.160321333465781,4.975332691476216,5.156348705291748,465232000
2019-12-04,5.239778035168698,5.262125719687644,5.171493654075639,5.200048923492432,273424000
2019-12-05,5.221901514415001,5.237544802595156,5.152623486406264,5.183165550231934,184884000
2019-12-06,5.252194759398877,5.301111409899657,5.242262242631657,5.26833438873291,232236000
2019-12-09,5.245490357941851,5.322962283735688,5.236799642574766,5.26833438873291,211880000
2019-12-10,5.29837989918918,5.3649266281715455,5.245738789092667,5.313278675079346,256388000
2019-12-11,5.323706490073684,5.402171561329519,5.3212233612455915,5.3967084884643555,233796000
2019-12-12,5.3679037545257575,5.581944387739859,5.358964871782885,5.563817977905273,404348000
2019-12-13,5.566798685120836,5.685737844111824,5.507949532561871,5.561832427978516,454704000
2019-12-16,5.609259960549348,5.662894219865034,5.581201029609997,5.590636730194092,320976000
2019-12-17,5.609260297605238,5.691201663596999,5.59982459645416,5.668605804443359,321196000
2019-12-18,5.703367280451248,5.759236487706067,5.694924738269037,5.698897838592529,343548000
2019-12-19,5.7334122035345985,5.860048908461118,5.728445946806113,5.846640110015869,445360000
2019-12-20,5.912941069493935,5.969058471948528,5.8938214926801225,5.943731307983398,603044000
2019-12-23,5.9722845488565195,6.004316104397407,5.919395280275833,5.93007230758667,355060000
2019-12-24,5.914677192066785,5.942239305321778,5.880410678591197,5.925106048583984,138864000
2019-12-26,5.928581552767337,5.967317503415552,5.909710155763721,5.939259052276611,182852000
2019-12-27,5.954406178482756,5.967814978639957,5.855331570059291,5.881652355194092,254644000
2019-12-30,5.859800376154702,5.865014803315386,5.7373849496396545,5.76867151260376,258056000
2019-12-31,5.733413701629686,5.852104710968625,5.714294129198366,5.8426690101623535,231004000
2020-01-02,5.928333669430895,5.957137107849121,5.877927533796915,5.957137107849121,237536000
2020-01-03,5.83770244367291,5.905490488683201,5.812871628462756,5.861788272857666,205384000
2020-01-06,5.7686728146404915,5.891584610374977,5.742600672952375,5.8863701820373535,262636000
2020-01-07,5.9146772215510675,6.003322975997539,5.869733680543367,5.957634449005127,314856000
2020-01-08,5.953413535981772,6.010027738144992,5.913436250059325,5.968808650970459,277108000
2020-01-09,6.054969947829537,6.106617880822172,5.980726162554703,6.034360408782959,255112000
2020-01-10,6.141381463186683,6.171674874881469,6.052487541574924,6.066640853881836,316296000
2020-01-13,6.149576949548927,6.281924462411108,6.1269806168674785,6.256845474243164,319840000
2020-01-14,6.214135687983089,6.239463317637183,6.126979903415702,6.140140533447266,359088000
2020-01-15,6.152804323990373,6.17515201126615,6.07185611872183,6.09768009185791,263104000
2020-01-16,6.1510665656595895,6.187071227811606,6.1277257200512425,6.181111812591553,284192000
2020-01-17,6.200230549789076,6.207679936211552,6.142375022038857,6.1898016929626465,253792000
2020-01-21,6.153299405091713,6.190049040692616,6.1225091826587485,6.156527519226074,217916000
2020-01-22,6.201719881814991,6.296821384646895,6.182848483712182,6.2104105949401855,239240000
2020-01-23,6.250388482356197,6.287137649039151,6.161742732978473,6.278695106506348,244516000
2020-01-24,6.393910829739287,6.44357246252044,6.165468171441158,6.21959924697876,373512000
2020-01-27,5.915670782034059,6.015242215037423,5.766438191541949,5.964339256286621,470536000
2020-01-28,6.030140227168706,6.189553496525558,5.977002312846959,6.157273769378662,310976000
2020-01-29,6.142872452573034,6.178877113475648,6.0572061577627805,6.096935749053955,258848000
2020-01-30,5.999350551604108,6.117048404680771,5.944474963033555,6.103639602661133,290504000
2020-01-31,6.057951111711317,6.069869941674612,5.8290121077994055,5.8707275390625,370420000
2020-02-03,5.852601361983941,5.98693566495872,5.846393775927354,5.9675679206848145,255564000
2020-02-04,6.109102961892305,6.15553648227727,6.059193155429683,6.136416435241699,271544000
2020-02-05,6.257093597361398,6.267274284490505,6.143368843165741,6.2265520095825195,208220000
2020-02-06,6.260818503807543,6.313210964202881,6.17987029595165,6.313210964202881,218284000
2020-02-07,6.273232096107117,6.295331607709039,6.2218323319492725,6.247159957885742,189752000
2020-02-10,6.269756297361858,6.5304786470167295,6.26479004009398,6.529734134674072,529608000
2020-02-11,6.637747456396143,6.766370485265698,6.575918833727905,6.651900768280029,638556000
2020-02-12,6.70454318700568,6.773821209071166,6.665807226145709,6.767364978790283,374644000
2020-02-13,6.709509062531158,6.790705436408653,6.6821951180236105,6.723662376403809,528016000
2020-02-14,7.132873132572073,7.324317975721568,7.101586559371794,7.195694923400879,1041924000
2020-02-18,7.092645781534283,7.382420676341161,7.073278042077014,7.3640456199646,620164000
2020-02-19,7.486212147683812,7.831855742382065,7.486212147683812,7.814225673675537,694332000
2020-02-20,7.766304072638066,7.854453011250892,7.358583618194485,7.665243148803711,810052000
2020-02-21,7.553256665361849,7.578335650197736,7.21729687382683,7.301969528198242,768180000
2020-02-24,6.709011544937188,6.999034626035026,6.654632306032912,6.785738468170166,856916000
2020-02-25,6.860728377866259,6.922557012925543,6.40533302083709,6.506890773773193,1055496000
2020-02-26,6.507137545574785,6.8396210206918395,6.505648047340765,6.645941257476807,747732000
2020-02-27,6.333136140736128,6.633767803366144,6.183814297198913,6.275991439819336,906416000
2020-02-28,6.024057286664083,6.769424425321909,6.007410894172658,6.710043430328369,1133252000
2020-03-02,6.87973918151174,6.896882687253615,6.4846945394968625,6.868061542510986,890744000
2020-03-03,6.92371612752799,6.983345447200676,6.520969308117952,6.606189727783203,652792000
2020-03-04,6.713272817524511,7.0782541898391145,6.638735826633761,7.068812847137451,597408000
2020-03-05,6.8697998032135255,7.03626513615308,6.7455719569568915,6.790045738220215,540328000
2020-03-06,6.610909961054981,6.668303457897392,6.410157592567672,6.6099162101745605,515412000
2020-03-09,5.960452643701263,6.444941485450852,5.917718514026595,6.098097324371338,614160000
2020-03-10,6.373883859992634,6.486682891845703,6.111763432916438,6.486682891845703,580648000
2020-03-11,6.347049964055862,6.375373996903059,6.026790637877311,6.123688220977783,499964000
2020-03-12,5.601682018569501,5.866535787380021,5.361673914199751,5.374345302581787,816540000
2020-03-13,5.726903333954018,5.988278725229075,5.456335393232123,5.983806610107422,634836000
2020-03-16,5.277447705392959,5.617583927857783,4.820040827756893,4.879670143127441,726972000
2020-03-17,4.991723260570334,5.48739257970352,4.745503860622238,5.398196697235107,833632000
2020-03-18,4.971598580707773,5.2160788021116335,4.489097754797849,5.039178371429443,874268000
2020-03-19,5.017811170475434,5.384780539879821,4.804885019488233,5.291361331939697,765512000
2020-03-20,5.44118067542152,5.722432568837711,5.096572776070153,5.1119771003723145,804636000
2020-03-23,5.110981742226345,5.378568908515311,4.9323421367905205,5.2844038009643555,643876000
2020-03-24,5.689635534109391,6.277482011070205,5.666032412800152,6.191019058227539,1101644000
2020-03-25,6.305806086188471,6.505067588828619,6.053871996434698,6.102569580078125,793432000
2020-03-26,6.309283618914253,6.515005185894308,6.211392299943983,6.391274452209473,696108000
2020-03-27,6.211392945580001,6.53736691560444,6.178596798409605,6.279221534729004,638828000
2020-03-30,6.344564958091358,6.607928356954407,6.300588285202859,6.598735332489014,602252000
2020-03-31,6.6387362963410945,6.84247037341055,6.403945729901024,6.54929256439209,949960000
2020-04-01,6.351770314533199,6.497862107975411,5.994739393513251,6.039212703704834,656912000
2020-04-02,6.068281658432572,6.3604656947871625,6.02032998749771,6.347297668457031,675764000
2020-04-03,6.309781665017789,6.3512737262282615,5.922936292466646,6.060083866119385,663212000
2020-04-06,6.341583273592423,6.705322589635028,6.284189783712524,6.668550968170166,727884000
2020-04-07,6.889677611131811,6.9132812099097904,6.39276612718909,6.435749053955078,784520000
2020-04-08,6.544572565930502,6.657371589711409,6.474756468687239,6.63252592086792,542444000
2020-04-09,6.757996129395736,6.780853821789025,6.470284155436127,6.533143520355225,525564000
2020-04-13,6.47351356124016,6.7132733578706585,6.385311898450525,6.704577445983887,398408000
2020-04-14,6.832531266209441,7.088937428093513,6.804952670297664,7.054899215698242,530948000
2020-04-15,6.887192650096263,7.060366418638952,6.841973904473054,6.977630615234375,366148000
2020-04-16,7.132666503087581,7.42882556643318,7.119498475685138,7.3219895362854,745620000
2020-04-17,7.4039814626527125,7.425348767967748,7.12918964215133,7.262858867645264,539120000
2020-04-20,7.136641723005758,7.2921748539610265,7.087695825238775,7.13192081451416,449388000
2020-04-21,7.014153273806916,7.075272975745173,6.636500486196766,6.69612979888916,735160000
2020-04-22,6.88793701048303,7.152294134687176,6.842469952682461,7.109559535980225,483356000
2020-04-23,7.151549634129626,7.283230864116009,7.031296775991979,7.056390762329102,424160000
2020-04-24,7.046203587942154,7.1970158065298095,6.971666595888947,7.195028305053711,352328000
2020-04-27,7.3291949610384926,7.540630723793758,7.304597615042217,7.38112211227417,479388000
2020-04-28,7.5282088970585805,7.558023795022882,7.233540652145725,7.239006519317627,442904000
2020-04-29,7.373419444699916,7.468081190476738,7.298385815748439,7.415408611297607,379160000
2020-04-30,7.361494701113532,7.4154098329912435,7.2479507252078275,7.261864185333252,375916000
2020-05-01,7.064839149933948,7.1778864977303005,6.977631222999146,7.025831699371338,342096000
2020-05-04,6.9786235872010405,7.250931203108053,6.9786235872010405,7.2372660636901855,317556000
2020-05-05,7.341121062746931,7.460379689479762,7.237266284339808,7.29813814163208,368896000
2020-05-06,7.377394924097072,7.50336195004351,7.339629553455483,7.398761749267578,323464000
2020-05-07,7.537649417392085,7.6377770415196595,7.486467694868089,7.574669361114502,373732000
2020-05-08,7.646224187677115,7.77045203954479,7.612434291582904,7.764240741729736,339216000
2020-05-11,7.759270817320762,8.062387051955826,7.730698470823319,8.015677452087402,469060000
2020-05-12,8.073319236258097,8.122016340245983,7.744612362664973,7.754302024841309,493060000
2020-05-13,7.868592632588932,8.02859789180375,7.547836208662022,7.731942176818848,625852000
2020-05-14,7.793311639813385,7.986361863355957,7.640014298285512,7.98089599609375,602312000
2020-05-15,7.8410132881203465,8.44799027470349,7.825360647564114,8.438301086425781,987660000
2020-05-18,8.706386193673236,8.861422715441426,8.626880430887004,8.696199417114258,774460000
2020-05-19,8.73595121255931,9.031364852697052,8.708620932289517,8.751107215881348,717320000
2020-05-20,8.935461979417953,8.987140816354259,8.833843488059705,8.914591789245605,587536000
2020-05-21,8.995587993509218,8.996581270452394,8.683527484566827,8.721044540405273,761068000
2020-05-22,8.770735645480487,9.036832475277743,8.659427960573646,8.970494270324707,1038764000
2020-05-26,9.100188817327473,9.125034961912307,8.618433305062045,8.663900375366211,770780000
2020-05-27,8.571723864190476,8.579425553108482,7.947354407491266,8.472590446472168,1175892000
2020-05-28,8.360284982055731,8.706384140840894,8.327488838944653,8.434574127197266,734896000
2020-05-29,8.501658565221103,8.82067584991455,8.432587896373802,8.82067584991455,745256000
2020-06-01,8.778686633499351,8.786140002346322,8.63582439463739,8.751852989196777,389876000
2020-06-02,8.741912690475665,8.78265883465834,8.604516362463158,8.770732879638672,391320000
2020-06-03,8.76775678707256,8.811484680323433,8.646261351566654,8.71533203125,365440000
2020-06-04,8.67804533176041,8.892063372207687,8.62783444992384,8.716325759887695,424280000
2020-06-05,8.744165593384547,8.945505990790243,8.658160503689484,8.86894702911377,481748000
2020-06-08,8.826438305141293,8.838866568264795,8.636034697013924,8.754602432250977,387736000
2020-06-09,8.749630411526866,9.057607058117851,8.701159524507204,8.994221687316895,468488000
2020-06-10,9.115279467841278,9.44562750483646,9.101110275596922,9.313139915466309,632180000
2020-06-11,9.097627526364212,9.208240685971829,8.735711592301131,8.745903015136719,583652000
2020-06-12,9.110057459617575,9.134665556600186,8.653435597146515,8.881373405456543,570908000
2020-06-15,8.764794924642382,9.129693970720945,8.69370339239362,9.12124252319336,400004000
2020-06-16,9.172198981222923,9.213709970031696,8.788159278394854,9.016593933105469,535716000
2020-06-17,9.061587043912771,9.245776080449938,9.0183351251666,9.183136940002441,408304000
2020-06-18,9.174186691720614,9.229369050917883,9.062330430075383,9.165238380432129,254408000
2020-06-19,9.189600491316718,9.390940867747382,9.174437570476622,9.208242416381836,524160000
2020-06-22,9.24677073049293,9.476696958868198,9.220173275389165,9.472222328186035,398468000
2020-06-23,9.496334887853113,9.58731147203892,9.353656826229907,9.395913124084473,375108000
2020-06-24,9.422009526009353,9.501800926783156,9.092158480480832,9.182638168334961,449372000
2020-06-25,9.302200068122893,9.450595828120123,9.129693078827199,9.435681343078613,376072000
2020-06-26,9.445626707798452,9.445626707798452,9.072773021964302,9.102601051330566,592084000
2020-06-29,9.117265272317514,9.151816358411867,8.849058649941636,9.14734172821045,342248000
2020-06-30,9.260692369521378,9.471727334858345,9.21346457243952,9.443390846252441,367892000
2020-07-01,9.466256631521325,9.520942134354888,9.359123415191961,9.47545337677002,326648000
2020-07-02,9.58383127402163,9.681767761145823,9.523428968107915,9.557234764099121,364056000
2020-07-06,9.685992386533162,9.852036371881187,9.656909656197096,9.782934188842773,315892000
2020-07-07,9.889322168841927,10.01236361484961,9.79436877481935,9.815248489379883,357800000
2020-07-08,9.936547196680957,10.166474321926895,9.908459152504701,10.157525062561035,365480000
2020-07-09,10.320836753485086,10.50950040463489,10.174926255888597,10.44884967803955,494548000
2020-07-10,10.528143708751548,10.594262798531828,10.319345634913779,10.419270515441895,497676000
2020-07-13,10.534358603416077,10.730479036979467,9.96762041708971,9.994714736938477,457076000
2020-07-14,10.01733260465022,10.343206836594302,9.729489407314276,10.317604064941406,542676000
2020-07-15,10.354644503548622,10.373286429515986,9.998195897240302,10.16871452331543,403984000
2020-07-16,9.957678504058652,10.148330579277705,9.838862314759108,10.076743125915527,344964000
2020-07-17,10.166974030828735,10.189842154212721,10.03001277488039,10.143111228942871,266284000
2020-07-20,10.21544491768399,10.470973936765288,10.098617130568732,10.450591087341309,284852000
2020-07-21,10.45283007760043,10.499561960626455,10.227875286408675,10.269386291503906,277036000
2020-07-22,10.308161365872728,10.541815989518545,10.23259614351377,10.379003524780273,367292000
2020-07-23,10.390188199099878,10.486633131352665,9.973835145892702,10.071771621704102,411660000
2020-07-24,9.818480016011662,10.305426819954247,9.721041347995266,10.136151313781738,473292000
2020-07-27,10.173683955005732,10.381984204127468,10.159266334109978,10.36185073852539,292132000
2020-07-28,10.31487200985098,10.322577211722987,10.150816447226648,10.15703010559082,271636000
2020-07-29,10.331277485949975,10.456058901678837,10.287778082878747,10.405599594116211,284508000
2020-07-30,10.315618860396064,10.562199580657735,10.236325247506235,10.553251266479492,308880000
2020-07-31,10.502789580184212,10.704877134724839,10.373285104214844,10.553995132446289,386080000
2020-08-03,10.671071020858617,11.03522477261038,10.653919693105369,10.94723129272461,412720000
2020-08-04,10.986754217813543,11.16348648071289,10.843578365613316,11.16348648071289,310336000
2020-08-05,11.179645121303212,11.30666338727199,11.102339920529543,11.222149848937988,249924000
2020-08-06,11.28478763323173,11.29299064832197,11.114766846759562,11.27061939239502,244316000
2020-08-07,11.24775201691962,11.43890190925991,10.974326380325055,11.135398864746094,342516000
2020-08-10,11.269376954121983,11.342952810941906,10.794360663161397,11.101095199584961,427796000
2020-08-11,11.010367521177148,11.073007607753555,10.733958811085435,10.787899017333984,354512000
2020-08-12,10.927841955068276,11.40136571350768,10.895527711592601,11.37476921081543,464412000
2020-08-13,11.479914503905402,11.654659304257047,11.290753978168782,11.377504348754883,374460000
2020-08-14,11.464004577753204,11.63775467378837,11.375017379271375,11.497810363769531,366436000
2020-08-17,11.783416144782285,12.338719720568694,11.749611305924368,12.266386032104492,621300000
2020-08-18,12.37874242255525,12.424479620147759,12.017074833283205,12.19057559967041,503448000
2020-08-19,12.226119746907969,12.244513237961666,12.028755255290813,12.069024085998535,622624000
2020-08-20,11.906461006424056,12.30417121176024,11.810761365998337,12.071510314941406,921388000
2020-08-21,12.131913399248386,12.735439599242884,12.125450359088568,12.610906600952148,999868000
2020-08-24,12.810006820500528,12.838592680399442,12.435910109440096,12.647442817687988,490564000
2020-08-25,12.558456133077177,12.688209041803288,12.501782219926314,12.677023887634277,289076000
2020-08-26,12.725993596684159,12.794847352960309,12.605188982462465,12.699893951416016,321244000
2020-08-27,12.708343746936956,12.776452196578415,12.494574167929203,12.555971145629883,317604000
2020-08-28,12.6024516518253,13.072743893029559,12.570137408216738,13.072495460510254,537160000
2020-08-31,13.107296770619834,13.497301743517985,12.963127187794592,13.29794979095459,500840000
2020-09-01,13.406853896827913,13.9178162444731,13.36358999116668,13.746004104614258,511316000
2020-09-02,14.623964634932472,14.646840546330916,13.824575879843783,14.268653869628906,874012000
2020-09-03,13.75371449896683,13.809161891775185,12.808869413540275,12.944877624511719,945128000
2020-09-04,12.714382677983597,13.1035102928297,11.64123800223023,12.554008483886719,1463684000
2020-09-08,11.670826550949025,12.481901768077714,11.64074109472669,11.848358154296875,795728000
2020-09-09,12.3327152920004,12.739744895840701,12.16537815920074,12.64600658416748,736200000
2020-09-10,12.918769110397905,12.994356938663318,12.100980363374202,12.244945526123047,698684000
2020-09-11,12.417751873748696,12.583845521051666,11.83120166985141,12.098493576049805,636928000
2020-09-14,13.010018564432801,13.242748060678332,12.562709107373127,12.802400588989258,1201744000
2020-09-15,13.207939772230896,13.226588220643817,12.758144242528516,12.92050838470459,727556000
2020-09-16,12.886941792074117,13.021706504588948,12.445848717637983,12.44659423828125,556384000
2020-09-17,12.066419314288503,12.52143733948817,11.969448508524536,12.395872116088867,792512000
2020-09-18,12.525414964806158,12.563954399639542,11.923698214828766,12.123109817504883,698460000
2020-09-21,11.86029133531131,12.454548957933197,11.839902392739468,12.44932746887207,721044000
2020-09-22,12.50676444797782,12.57936828464074,12.089541368263983,12.569173812866211,646452000
2020-09-23,12.507264838221865,12.657943496885007,12.013708288878673,12.057966232299805,647012000
2020-09-24,12.006745263131892,12.50129674587653,11.948810907879453,12.280998229980469,731240000
2020-09-25,12.379958380976724,12.813592456026164,12.179303301507392,12.803894996643066,588016000
2020-09-28,12.969490173812693,12.980928128577803,12.680815317290046,12.964268684387207,573808000
2020-09-29,12.867301941188636,13.369810463799372,12.863075426348399,13.153987884521484,621460000
2020-09-30,13.08611024398529,13.548587396692142,13.078899748003277,13.457086563110352,689184000
2020-10-01,13.683348208064956,13.688071736035704,13.387710370072455,13.540626525878906,525004000
2020-10-02,13.153239241621401,13.446140634224474,12.98018265968585,12.991372108459473,552496000
2020-10-05,13.164179678210838,13.570214312585838,13.151001225511452,13.568473815917969,479820000
2020-10-06,13.754956254284847,14.065263568306756,13.590851607157786,13.66196346282959,784420000
2020-10-07,13.923786729329015,14.042638475157641,13.788275536042313,13.888230323791504,418084000
2020-10-08,13.998625545872363,14.008074497442983,13.683346224032253,13.763657569885254,378900000
2020-10-09,13.692299667418414,13.749239048406054,13.586626375698904,13.688072204589844,346892000
2020-10-12,13.913591020870141,14.269151250700197,13.837009167737346,14.148807525634766,434744000
2020-10-13,14.218924012166369,14.270641893386932,13.942681134228518,14.17093563079834,344604000
2020-10-14,14.212956496432877,14.264922886129455,13.884250206462303,14.018766403198242,276100000
2020-10-15,13.73581225732956,13.929753875044918,13.693045357210385,13.894198417663574,267224000
2020-10-16,13.96058405122219,14.044874357852594,13.717659097272511,13.736556053161621,242392000
2020-10-19,13.827559686516892,13.907622529912283,13.334002276993704,13.424509048461914,298068000
2020-10-20,13.509794959370556,13.724871990223454,13.43371011402251,13.57145881652832,229212000
2020-10-21,13.551067921694733,13.716664549188273,13.404368249373105,13.451361656188965,219596000
2020-10-22,13.449124433979557,13.537889759866344,13.159951596832498,13.288500785827637,290480000
2020-10-23,13.37701701892779,13.519490174370686,13.21912885025494,13.51650619506836,233484000
2020-10-26,13.354143296213284,13.618451231858877,12.967751138200027,13.06994342803955,336896000
2020-10-27,13.233798365065633,13.369061027837251,13.119919622663886,13.324056625366211,250520000
2020-10-28,13.126383860690956,13.1880477042623,12.54058019226142,12.55848217010498,376520000
2020-10-29,12.768833625636255,13.121161290029033,12.680813836244223,12.953327178955078,320080000
2020-10-30,12.780276391790489,12.866306261983306,12.233260497280058,12.465991020202637,416820000
2020-11-02,12.589067357205305,12.767095978819652,12.327743402774802,12.51248550415039,299652000
2020-11-03,12.639544890552855,13.033893157969803,12.534368595745603,12.948857307434082,272900000
2020-11-04,13.316595469383337,13.752467924102277,13.264629085574473,13.71939754486084,410228000
2020-11-05,14.08565213447711,14.261193784268926,13.915082519116078,14.083165168762207,319028000
2020-11-06,14.03318712124654,14.509588050674013,13.819603063155224,14.482983589172363,383348000
2020-11-09,14.47353602436871,14.611781731679114,13.536896506652354,13.556787490844727,582976000
2020-11-10,13.532668624695363,13.532668624695363,12.559727213621446,12.700708389282227,644068000
2020-11-11,12.982921036937629,13.362102772719238,12.87799325466072,13.345194816589355,404744000
2020-11-12,13.405860329921897,13.691302714348726,13.243744694427015,13.3837308883667,365812000
2020-11-13,13.553303624919582,13.594578522857725,12.988385945494162,13.224845886230469,346312000
2020-11-16,13.101023821758483,13.575435787930013,13.084613831121814,13.441914558410645,413776000
2020-11-17,13.478959935350014,13.522472345327744,13.231559991334292,13.349416732788086,312028000
2020-11-18,13.392187433545983,13.531925147427977,13.113458475022282,13.35588550567627,510924000
2020-11-19,13.141057386140876,13.414316335999356,13.028919120198557,13.36732292175293,565936000
2020-11-20,13.380998788450635,13.421278723505878,12.994108622693009,13.016736030578613,341088000
2020-11-23,13.09978409118747,13.309887218980153,12.944878906259452,13.068703651428223,361356000
2020-11-24,13.071185886209618,13.090579854954449,12.815083440234448,12.887438774108887,346500000
2020-11-25,12.961783178468291,13.197496680970419,12.949351195798258,13.162935256958008,259916000
2020-11-27,13.30242518425179,13.334749099812084,13.099034635548598,13.189291954040527,167276000
2020-11-30,13.19302333396702,13.339723024481057,12.901861463493518,13.328782081604004,286952000
2020-12-01,13.419040904899328,13.45534283154815,13.156472492583589,13.31734561920166,296948000
2020-12-02,13.278058816081627,13.599306136815693,13.162439563503987,13.471006393432617,283360000
2020-12-03,13.517765463078833,13.589893604205523,13.260592994303533,13.327248573303223,199520000
2020-12-04,13.37947526765477,13.490403730262978,13.320032329165677,13.488662719726562,202244000
2020-12-07,13.531445119380862,13.66077804492372,13.430715060040114,13.536916732788086,223244000
2020-12-08,13.51527623845567,13.528955743710782,13.2133337505307,13.281482696533203,271920000
2020-12-09,13.232237965404359,13.34515509436293,12.802206372644868,12.864385604858398,401300000
2020-12-10,12.802953380691694,13.001678158655883,12.783552731095787,12.905673027038574,207764000
2020-12-11,12.900698238186449,12.953178094559908,12.757188653902821,12.946462631225586,209264000
2020-12-14,13.020829182897314,13.320035433419807,13.010383117244352,13.240446090698242,270156000
2020-12-15,13.370772848841048,13.394898420852309,13.119072012231975,13.291930198669434,193016000
2020-12-16,13.3536122578648,13.368287035609647,13.144689988892607,13.17453670501709,223116000
2020-12-17,13.2981479389699,13.310833124873806,13.110864499454864,13.27277946472168,231384000
2020-12-18,13.31033340523875,13.336199985751847,13.003417409299962,13.203883171081543,342064000
2020-12-21,13.007647270428471,13.301381917619228,12.900947489997865,13.263825416564941,302332000
2020-12-22,13.250890109024171,13.268797376296831,12.987001278734812,13.210100173950195,185580000
2020-12-23,13.187964500320144,13.206867037891026,12.938253278699113,12.94248104095459,179144000
2020-12-24,12.970338727219502,13.065100006417657,12.872344955272986,12.927062034606934,97884000
2020-12-28,12.995460995273767,12.995460995273767,12.697747147078497,12.833794593811035,212564000
2020-12-29,12.858663762892384,13.005406770053444,12.776338151206707,12.876819610595703,170372000
2020-12-30,12.923579073766286,13.145932243119045,12.830559761023274,13.07828140258789,225396000
2020-12-31,13.069081697926531,13.083506947592985,12.84871807733126,12.98799991607666,192424000
2021-01-04,13.036994722740106,13.582431124501683,12.895971895425573,13.046196937561035,560640000
2021-01-05,13.032517804717118,13.374503578803857,13.019833567840328,13.335952758789062,322760000
2021-01-06,13.15463728846822,13.177021848439159,12.521404624259176,12.549757957458496,580424000
2021-01-07,12.900948633864056,13.30909383140625,12.820364960072336,13.275516510009766,461480000
2021-01-08,13.293921984293585,13.352121093819683,12.97506646287518,13.208611488342285,292528000
2021-01-11,13.349880341033488,13.889347964433247,13.293919414175052,13.551589965820312,518344000
2021-01-12,13.68191531056961,13.683905850197878,13.276507474572712,13.415539741516113,291476000
2021-01-13,13.42076271951395,13.555070063446028,13.316302084530966,13.462298393249512,210028000
2021-01-14,13.505328397210821,13.529951129095025,13.112853322479959,13.132501602172852,283120000
2021-01-15,13.160110379541644,13.256861253737839,12.78255862740494,12.793501853942871,277780000
2021-01-19,12.949447095978456,13.026798268994698,12.778081329831359,12.958401679992676,226188000
2021-01-20,13.044455477389974,13.361569918313185,12.9897384021598,13.297152519226074,258572000
2021-01-21,13.349632577259866,13.927402474262239,13.184982279201542,13.7963285446167,337780000
2021-01-22,13.66948319202541,13.770711361469516,13.55731179569324,13.64212417602539,246820000
2021-01-25,13.71101709190849,13.75752722329833,13.168565561333795,13.583176612854004,251112000
2021-01-26,13.510798746043035,13.574718980112987,13.318789463563826,13.366294860839844,163980000
2021-01-27,13.162099460401164,13.164835741319445,12.728088683861888,12.851452827453613,371272000
2021-01-28,12.92954887671929,13.271286051874542,12.893981971050982,12.984017372131348,228316000
2021-01-29,13.007894722708423,13.26631196684961,12.845234024057874,12.92308235168457,271552000
2021-02-01,12.986258366188409,13.202641846107586,12.83653046690739,13.169065475463867,217204000
2021-02-02,13.329982105238058,13.50234215963588,13.21731262471154,13.487171173095703,220440000
2021-02-03,13.566019319830755,13.860252136761225,13.447133386803362,13.461061477661133,245408000
2021-02-04,13.461555570894452,13.603324148408923,13.26929767552563,13.594121932983398,201340000
2021-02-05,13.654558033830845,13.666745108660233,13.476227305081746,13.521245002746582,169152000
2021-02-08,13.65679743774099,14.399466174887932,13.65679743774099,14.364645957946777,434624000
2021-02-09,14.267146028109993,14.508401703607138,14.149503050968287,14.190044403076172,287560000
2021-02-10,14.389020780396104,14.828503172781936,14.267895756343098,14.688475608825684,485352000
2021-02-11,14.903366783802442,15.19386796154073,14.848400177999755,15.172477722167969,450828000
2021-02-12,14.972756737304856,15.212768570411933,14.699167593247982,14.884462356567383,374756000
2021-02-16,14.986936092155004,15.293604492895591,14.873272272609666,15.251570701599121,321960000
2021-02-17,15.093136657546811,15.14536793027898,14.704143611075722,14.829497337341309,274756000
2021-02-18,14.653407246591904,14.796916836680797,14.500197331565527,14.752894401550293,233868000
2021-02-19,14.947389223018012,15.099106694714642,14.770551858754157,14.849892616271973,271724000
2021-02-22,14.698922288674808,15.055582861112889,14.251480563869782,14.282073020935059,325884000
2021-02-23,14.003011915069953,14.165673573330455,13.320781350681472,14.069419860839844,391780000
2021-02-24,14.050268938182565,14.43229798344174,13.68540047372523,14.42458724975586,448320000
2021-02-25,13.973411797379338,14.300972267995904,13.148418506907399,13.2391996383667,824436000
2021-02-26,13.68191671453805,13.78339344846942,13.292426514142514,13.644112586975098,500932000
2021-03-01,13.803791109861447,13.853534691004315,13.483692697486628,13.770711898803711,353184000
2021-03-02,13.828659823403687,13.849054792199592,13.32724682102197,13.337444305419922,264116000
2021-03-03,13.357345042013627,13.382464939307132,12.733064929422051,12.739034652709961,377592000
2021-03-04,12.735053297663734,12.90840960500294,12.021733103971219,12.3067626953125,573344000
2021-03-05,12.485591641546508,12.485591641546508,11.619310040664693,12.39754581451416,542840000
2021-03-08,12.386105043337611,12.407245758297348,11.507139163665444,11.53375244140625,543112000
2021-03-09,12.072160122978335,12.556330138602013,12.001500032074086,12.46029281616211,521824000
2021-03-10,12.779008634694895,12.917840255866876,12.397843341761316,12.408541679382324,384376000
2021-03-11,12.88798468790623,12.983774296200266,12.673516798492331,12.931276321411133,299916000
2021-03-12,12.587679111203993,12.827027841808514,12.52970858536921,12.794434547424316,243964000
2021-03-15,12.803143022661203,13.143505256096866,12.706110083817578,13.128079414367676,221988000
2021-03-16,13.29253898601918,13.447792080632617,13.053937175424602,13.227602005004883,272128000
2021-03-17,12.977304441307208,13.38882407684222,12.92729502883546,13.277360916137695,243864000
2021-03-18,13.07359132528923,13.120863512138007,12.656099908286295,12.66157341003418,293896000
2021-03-19,12.688941772839797,12.85962068483066,12.552100433738472,12.784233093261719,299208000
2021-03-22,12.850911525294125,13.330353977872695,12.844939742774393,13.123101234436035,297804000
2021-03-23,13.190776400457926,13.280594218123273,12.958892409753085,13.008155822753906,222048000
2021-03-24,13.088271002303621,13.096233063845542,12.576235180945393,12.582454681396484,245840000
2021-03-25,12.439641491398485,12.65386069712674,12.2132310027731,12.4752197265625,295144000
2021-03-26,12.494376096658991,12.7946811973975,12.314243149074345,12.777762413024902,363968000
2021-03-29,12.758855578432918,12.999945925065388,12.639181685648806,12.886242866516113,273520000
2021-03-30,12.78049983259111,12.913111935410978,12.644155840330791,12.810107231140137,200204000
2021-03-31,12.953168820976972,13.405989749424087,12.92032686561511,13.28432559967041,314776000
2021-04-01,13.507254271126333,13.803577899001159,13.446545573751832,13.745607376098633,308276000
2021-04-05,13.801089845669066,13.946887903270396,13.667233455346796,13.920515060424805,255672000
2021-04-06,13.932706614577354,13.986945247012809,13.707540408844991,13.79511833190918,191744000
2021-04-07,13.814276132527263,14.175289010956332,13.645837117597932,14.07576847076416,251284000
2021-04-08,14.184495575099847,14.402198005906836,14.180762736178757,14.248437881469727,244416000
2021-04-09,14.145930293598289,14.339001489543403,14.107117501169766,14.331039428710938,195172000
2021-04-12,14.221316464351995,15.278976816323755,14.071536912958104,15.136163711547852,869324000
2021-04-13,15.15855755137292,15.624814088647074,15.05331389396944,15.604412078857422,676212000
2021-04-14,15.550174265451684,15.645216922969265,15.1545777941743,15.203841209411621,385500000
2021-04-15,15.587493880373994,16.13660177459163,15.556642200301264,16.05997085571289,598480000
2021-04-16,15.976123314232588,16.08833436820493,15.789272566562536,15.836297035217285,335208000
2021-04-19,15.46209570767448,15.731797798065214,15.160048993973174,15.288182258605957,404420000
2021-04-20,15.249869097697879,15.422786959373079,14.891344758656516,15.098597526550293,334132000
2021-04-21,15.04634851396947,15.28893180639827,15.029928007995823,15.286941528320312,216776000
2021-04-22,15.301371562848711,15.364567873838729,14.712703881625139,14.779134750366211,277788000
2021-04-23,14.862731103886027,15.261562107775354,14.82889448109433,15.192146301269531,227500000
2021-04-26,15.11228113181427,15.404872871832849,15.05256804757207,15.403877258300781,197796000
2021-04-27,15.503895773425132,15.59545520137398,15.28096851185869,15.308088302612305,164572000
2021-04-28,15.290921556787088,15.457868581848174,15.1426349303623,15.203591346740723,209416000
2021-04-29,15.326252116986469,15.362577303047306,14.999325442438934,15.251362800598145,173196000
2021-04-30,15.101831865428135,15.291418896124943,14.925181167243966,14.937621116638184,201912000
2021-05-03,15.052568004352894,15.173734835232782,14.716684635138343,14.765698432922363,203912000
2021-05-04,14.567153783566326,14.567402449672667,13.94315656113804,14.282523155212402,405324000
2021-05-05,14.638561381478151,14.742561720214292,14.318601150830188,14.389261245727539,292024000
2021-05-06,14.42583403228446,14.501470291554716,14.1499124041879,14.453451156616211,193380000
2021-05-07,14.737334332362575,14.899055557162523,14.601487668316276,14.741314888000488,229328000
2021-05-10,14.716434736221853,14.73509513395343,14.181758011696585,14.197432518005371,268904000
2021-05-11,13.758792529289508,14.28600545214214,13.684151890616677,14.237737655639648,285584000
2021-05-12,13.942409127844432,14.191958844362496,13.643597898091196,13.692611694335938,303408000
2021-05-13,13.9665447300379,14.013320537107868,13.394547147231089,13.599809646606445,285404000
2021-05-14,13.82348120873412,14.259383355821084,13.682658380691983,14.174790382385254,258616000
2021-05-17,14.089201626218934,14.101392907740392,13.787155864136253,14.097661018371582,216980000
2021-05-18,14.19867545367631,14.335268109499602,13.936934476221778,13.948628425598145,186256000
2021-05-19,13.501530662163134,14.012074425864109,13.478392376887879,13.998390197753906,344000000
2021-05-20,14.234009371252007,14.613434058507865,14.202163019709412,14.542525291442871,321592000
2021-05-21,15.091131488505768,15.14910295826252,14.798291095690491,14.919955253601074,672992000
2021-05-24,15.139646676419222,15.669596789817742,15.10332149837306,15.53723430633545,554816000
2021-05-25,15.690495669194577,15.742744016405416,15.408353645148921,15.5728120803833,435408000
2021-05-26,15.658900271738665,15.718115073854618,15.511609264757215,15.6248140335083,370440000
2021-05-27,15.624565789324397,15.67457520145046,15.385964013483283,15.413829803466797,581476000
2021-05-28,15.426765997018279,16.19954708212294,15.426765997018279,16.166704177856445,644536000
2021-06-01,16.19208371844466,16.30976731502325,15.827089363864259,16.186609268188477,472804000
2021-06-02,16.17442249509747,16.837730875688383,16.157752372791514,16.69790267944336,594168000
2021-06-03,16.620775911295805,17.176353059547317,16.50358961055061,16.888486862182617,580008000
2021-06-04,17.030548852392332,17.576422190681168,17.013631964827372,17.494070053100586,617120000
2021-06-07,17.487104196499413,17.727197966588108,17.110416805068787,17.534624099731445,575756000
2021-06-08,17.443312869189647,17.53711123572053,17.16838498606947,17.37339973449707,323848000
2021-06-09,17.435868075658778,17.49484773698549,17.17705361088442,17.279085159301758,381656000
2021-06-10,17.27086894747683,17.412221498632054,17.09766275489283,17.34552574157715,287772000
2021-06-11,17.399776046347206,17.857430256597556,17.36418966363082,17.74394989013672,416308000
2021-06-14,17.82433623634231,17.957226532251276,17.582195733025387,17.93657112121582,321376000
2021-06-15,17.83329105855584,17.93407895613419,17.647143687325773,17.707366943359375,243032000
2021-06-16,17.709613082018276,17.872864694606672,17.504302577299367,17.729022979736328,307124000
2021-06-17,17.693435236474446,18.749097779560163,17.675268955812072,18.572158813476562,809656000
2021-06-18,18.698329309981435,19.286633450241315,18.499240721357857,18.553741455078125,968856000
2021-06-21,18.35116743365587,18.45195723428612,17.741461763180403,18.343204498291016,672384000
2021-06-22,18.387258337480024,18.87726379771211,18.30214755921342,18.800613403320312,580144000
2021-06-23,18.921059344157953,19.065398486357704,18.82151504268745,18.970333099365234,332356000
2021-06-24,19.14005430634004,19.331426768379632,19.001188991925353,19.117904663085938,320924000
2021-06-25,19.192566694456715,19.257270776737716,18.80832746643894,18.944204330444336,278364000
2021-06-28,19.2729482217132,19.987176571497116,19.23089123211505,19.89385414123535,495436000
2021-06-29,19.791820384449192,20.00708358846568,19.56734872951691,19.935413360595703,367632000
2021-06-30,19.90803865725093,20.070544083019442,19.77315668561849,19.911273956298828,326568000
2021-07-01,20.033212727409474,20.362702460566606,19.927695282223045,20.119815826416016,480136000
2021-07-02,20.3470264154675,20.411730494811923,20.195221786226497,20.39356231689453,342764000
2021-07-06,20.642919053523535,20.746942264644705,20.257436236959123,20.604097366333008,446708000
2021-07-07,20.758388543871092,20.779790118854034,20.23926744508326,20.27883529663086,418428000
2021-07-08,19.76593893142942,20.041176667969573,19.61089900392695,19.81197738647461,503300000
2021-07-09,19.87145390678074,19.988667035276382,19.664153655569276,19.958803176879883,296624000
2021-07-12,20.14768905227268,20.439103283844226,20.09567744553801,20.418947219848633,321984000
2021-07-13,20.30745722182195,20.36793111155692,20.022264856454754,20.157644271850586,290708000
2021-07-14,20.264903197063806,20.324629020047354,19.66266291046804,19.751007080078125,380100000
2021-07-15,19.721394132584212,19.75648307783893,18.772490778787795,18.879749298095703,550564000
2021-07-16,18.943704278756737,19.069626505196034,17.99057088100206,18.078168869018555,688224000
2021-07-19,17.83354040544613,18.95515041008201,17.784016036287866,18.6940975189209,749060000
2021-07-20,18.644572891370625,18.75208011096828,18.08115440605644,18.527111053466797,434687000
2021-07-21,18.79588046130681,19.437939116174313,18.65651959928261,19.32147216796875,371017000
2021-07-22,19.55241818326864,19.79629973923482,19.1880862893461,19.504636764526367,323826000
2021-07-23,19.56635412004103,19.61015406998916,19.162205646075567,19.468801498413086,195672000
2021-07-26,19.222927760778727,19.35332891748849,18.827737126381447,19.206005096435547,203943000
2021-07-27,19.17713490295772,19.532507034154946,18.655524613503584,19.12039566040039,248863000
2021-07-28,19.230890227163382,19.556398512743925,18.908368517411507,19.414051055908203,202191000
2021-07-29,19.42997730193718,19.762455536602744,19.239848425490685,19.57232666015625,190781000
2021-07-30,19.32943476558114,19.540467738094375,19.175142927792987,19.410066604614258,183497000
2021-08-02,19.610152354563404,19.869961658246222,19.27269777815783,19.659923553466797,217444000
2021-08-03,19.649967848258107,20.129769849720965,19.13233905420484,19.724626541137695,301811000
2021-08-04,19.898832456745314,20.22533758250286,19.73757062827696,20.181537628173828,231309000
2021-08-05,20.406499107972277,20.638436193057032,20.249218807263766,20.54287338256836,211435000
2021-08-06,20.430395502608686,20.476185237621273,20.117826497097322,20.273115158081055,178497000
2021-08-09,20.352750666567054,20.41446817532741,20.051133065996048,20.20244026184082,146443000
2021-08-10,20.229314798148827,20.33682202830791,19.744534522125157,19.845075607299805,179238000
2021-08-11,19.951584652682246,19.957557803565333,19.341381532525443,19.609153747558594,185925000
2021-08-12,19.779376396027782,19.937649714347675,19.53051661292987,19.81421661376953,151652000
2021-08-13,19.81421606765823,20.121806766278755,19.760461505395682,20.095924377441406,183063000
2021-08-16,20.043170247358894,20.194477444097572,19.364279545633938,19.8590145111084,210876000
2021-08-17,19.595219037943533,19.679832352567306,19.179126204409833,19.36925506591797,204585000
2021-08-18,19.41106426442262,19.54445389093999,18.913344667898965,18.953163146972656,285913000
2021-08-19,19.405093949250475,20.40153007897719,18.67643200408069,19.70770835876465,766555000
2021-08-20,19.899825465212288,20.76983992496617,19.84209132480141,20.7210636138916,675741000
2021-08-23,20.875356807002596,21.896676532709122,20.854452674261367,21.85785484313965,575807000
2021-08-24,21.653790746731485,21.858850614050873,21.43678457528005,21.693607330322266,297299000
2021-08-25,21.637863490780983,22.367520297278727,21.62293250890913,22.111692428588867,347701000
2021-08-26,22.098749850642953,22.23811072383032,21.6906199517518,21.96735191345215,237940000
2021-08-27,22.0828224516965,22.61836882879445,22.06589978843184,22.532760620117188,304722000
2021-08-30,22.725878636923216,22.93790654996559,22.44815174673323,22.58452606201172,262580000
2021-08-31,22.595478601704784,22.595478601704784,22.02300120526445,22.28683853149414,259850000
2021-09-01,22.386398003393204,22.597468221617223,22.25895905860022,22.34259033203125,201767000
2021-09-02,22.41925336542852,22.493925233851396,22.197231693882596,22.297788619995117,187834000
2021-09-03,22.227096544764898,22.885197091806518,22.102644720659796,22.74282455444336,280532000
2021-09-07,22.73287172125641,22.798582279426377,22.42323471429615,22.5626220703125,198107000
2021-09-08,22.414274113005263,22.510848859948066,21.88062343636692,22.241037368774414,254434000
2021-09-09,22.21415637158111,22.43916513590544,22.033950346554978,22.079748153686523,196856000
2021-09-10,22.24999788331724,22.526778660735864,22.172340814379883,22.37942886352539,248376000
2021-09-13,22.584521910954482,22.8632946864074,21.76214402740333,22.054855346679688,297500000
2021-09-14,22.17732073359658,22.311728968222578,21.989150344510975,22.144466400146484,199755000
2021-09-15,22.211165569828992,22.268911777280785,21.869669360408633,22.243024826049805,166538000
2021-09-16,22.085725107931477,22.17931276849567,21.830847186019156,22.144466400146484,156033000
2021-09-17,22.202206286674826,22.223114103504372,21.734268077405748,21.8039608001709,294503000
2021-09-20,21.053270591267214,21.339012693768538,20.57139376968549,21.020416259765625,349440000
2021-09-21,21.323075920601713,21.33104025944371,20.858124883226342,21.1528263092041,204688000
2021-09-22,21.272302669855954,21.86369765838028,21.103048096770816,21.84478187561035,268726000
2021-09-23,22.042908323767797,22.436176576629713,21.794004654713568,22.38340950012207,248555000
2021-09-24,21.973217562960425,22.0518716003552,21.765134441649685,21.984169006347656,217655000
2021-09-27,21.614791948311225,21.703402346102116,21.231482000300172,21.565011978149414,245215000
2021-09-28,21.1209676506168,21.325068556326013,20.560435036406435,20.608224868774414,343069000
2021-09-29,20.84817598919537,20.924838000257065,20.377248680273436,20.427030563354492,218394000
2021-09-30,20.676924594998866,20.97361809338779,20.59727549936959,20.625152587890625,221009000
2021-10-01,20.65900918749452,20.76753046725814,20.114406955736236,20.651044845581055,240978000
2021-10-04,20.4140815960762,20.451915057453423,19.469243927312622,19.64546775817871,345635000
2021-10-05,19.86251239664923,20.557451354715955,19.766932724840515,20.36131477355957,279282000
2021-10-06,20.031766035969262,20.62913326033317,19.991940541553486,20.609222412109375,297202000
2021-10-07,20.99950393304236,21.22849675315436,20.880031234621082,20.982580184936523,256919000
2021-10-08,21.00846523888015,21.113004324739432,20.683894639844777,20.739648818969727,151258000
2021-10-11,20.48477154135317,20.970630442278978,20.42105112712711,20.604244232177734,163388000
2021-10-12,20.736658129015513,20.96465394291127,20.437974535668676,20.580347061157227,162134000
2021-10-13,20.826269685815685,20.897954452846133,20.62216872749453,20.847177505493164,180652000
2021-10-14,21.194646843821843,21.6595979888479,21.029374431188767,21.650638580322266,243589000
2021-10-15,21.714352723357937,21.83482237210731,21.567002955469743,21.766124725341797,226994000
2021-10-18,21.653626407282953,22.193249435993522,21.54908541210571,22.12455177307129,189494000
2021-10-19,22.178310762287502,22.280859708119866,21.940360443621927,22.192251205444336,161473000
2021-10-20,22.207184914348492,22.334623846905142,21.88560143025834,22.006071090698242,146276000
2021-10-21,22.000095437948342,22.61140310749031,21.986156894632483,22.592485427856445,187590000
2021-10-22,22.72291561933294,23.02856856064082,22.46206541817937,22.626340866088867,249384000
2021-10-25,22.872258622224397,23.25258344955109,22.67014969676888,23.06441307067871,230235000
2021-10-26,23.883805688435576,25.14823704248469,23.819090189484406,24.608612060546875,485898000
2021-10-27,24.36667464722999,24.97997251638669,24.175515291453934,24.343774795532227,245990000
2021-10-28,24.768901535208865,24.840586291381936,24.415458790011783,24.83162498474121,234204000
2021-10-29,24.89136560174538,25.596261077566012,24.890370533831586,25.454883575439453,292503000
2021-11-01,25.536526170254046,25.78045075190704,25.116375810653224,25.7137451171875,265740000
2021-11-02,25.708759787654955,26.56100485226317,25.686855006308992,26.285219192504883,294112000
2021-11-03,26.55304424185898,26.666544637188032,26.11995237716791,26.481359481811523,239910000
2021-11-04,27.109594976799624,31.22745739408231,26.999081675284867,29.670316696166992,1153631000
2021-11-05,30.05462047753978,31.262300425460428,29.28102744943848,29.62152862548828,851260000
2021-11-08,30.016790243473928,30.963620114278918,29.775850888827506,30.66891860961914,503101000
2021-11-09,32.14043594172841,32.16831303240709,29.832600226347303,30.522560119628906,646746000
2021-11-10,29.22726785132228,30.714715789314535,28.65180150099656,29.329814910888672,636206000
2021-11-11,30.334390000111334,30.455854738894605,29.646420236957336,30.256731033325195,332172000
2021-11-12,29.878398271524592,30.5454602165024,29.500063610739595,30.256731033325195,413054000
2021-11-15,30.418020909460683,30.509616521619076,29.118743398652445,29.89333152770996,384909000
2021-11-16,29.62849963276353,30.25673114722093,29.575730654228828,30.0705509185791,264484000
2021-11-17,30.28460468714921,30.37520712128107,28.673700206648128,29.132678985595703,428508000
2021-11-18,32.225063319518526,32.616337669436994,31.183648858814088,31.536096572875977,781711000
2021-11-19,32.101611886418695,32.94290770891931,31.7650946968093,32.84035873413086,533867000
2021-11-22,33.37001612006789,34.49506179185787,31.76010847564054,31.81586265563965,754335000
2021-11-23,31.39670967652622,32.21809257052514,30.744581358909567,31.60678482055664,532163000
2021-11-24,31.323035910804574,32.71092196803006,30.792372310199486,32.53071594238281,435162000
2021-11-26,32.45703660205331,32.5665548230208,31.212520168167917,31.364849090576172,283069000
2021-11-29,32.22407162500823,33.26548239676256,31.89551689877383,33.22964096069336,454964000
2021-11-30,33.023541458568594,33.20673647061269,31.724265919380148,32.5327033996582,622066000
2021-12-01,33.07737399441328,33.14707524856972,31.246211893152907,31.30097770690918,484368000
2021-12-02,31.08091852606124,32.33952934929724,30.89272325657991,31.989028930664062,472890000
2021-12-03,31.863572220980746,31.99202385703251,30.001543883661746,30.562145233154297,544325000
2021-12-06,29.752605337087843,30.112066268959172,27.918459673671148,29.908937454223633,658938000
2021-12-07,30.825026722109563,32.310666695449044,30.520329586656192,32.28875732421875,593053000
2021-12-08,31.862581858961434,32.152341627398386,31.287044980537615,31.690319061279297,475551000
2021-12-09,31.59870999003878,32.06770457756878,30.2982780084175,30.360013961791992,488507000
2021-12-10,31.01719680171708,31.171536668842634,29.733692678385772,30.069255828857422,488825000
2021-12-13,30.12004076791297,30.164848996545945,27.996133009770343,28.04094123840332,598344000
2021-12-14,27.580909846868153,28.555736152702433,27.13382466783278,28.216190338134766,667035000
2021-12-15,28.27891810418674,30.36996527334218,27.71931388041696,30.329139709472656,698297000
2021-12-16,31.01918913294205,31.027154448930762,27.97323064778504,28.265975952148438,707366000
2021-12-17,27.86568776813946,28.798693182569515,27.64164666608465,27.682472229003906,713758000
2021-12-20,27.188587940382853,28.02400974051841,27.02927023764738,27.60082244873047,461847000
2021-12-21,28.25303433423604,28.99585421850797,27.28418102866078,28.951045989990234,524385000
2021-12-22,28.767827479708327,29.428996155845503,28.327710555903725,29.274656295776367,395184000
2021-12-23,29.628139385488993,29.930844139118374,29.305521344818228,29.513629913330078,343022000
2021-12-27,29.533547027159024,30.954463182806666,29.51363183960114,30.813068389892578,403686000
2021-12-28,31.17850318637374,31.19642609485194,29.884044529382255,30.192724227905273,420591000
2021-12-29,30.143938112049966,30.41776532723958,29.24080342780943,29.873096466064453,343139000
2021-12-30,29.69983733274605,30.32715249863817,29.41406215423733,29.45986557006836,308864000
2021-12-31,29.547489426670328,29.901972573947273,29.205951342168785,29.28561019897461,266530000
2022-01-03,29.68789094158686,30.58007095463998,29.65801815616507,29.992586135864258,391547000
2022-01-04,30.147918368019972,30.33810404913154,28.22813864702251,29.16512680053711,527154000
2022-01-05,28.825575893064034,29.290585804595278,27.41561451686952,27.486310958862305,498064000
2022-01-06,27.522158750832368,28.316756884231587,26.94961135088401,28.057865142822266,454186000
2022-01-07,28.02102606266158,28.300828200556737,26.94164598984423,27.130836486816406,409939000
2022-01-10,26.467677335784416,27.351892036172703,25.534671748451636,27.283185958862305,594681000
2022-01-11,27.206514697544513,27.945351930449434,26.724578863489402,27.698408126831055,404089000
2022-01-12,27.947340025615873,28.47308885587238,27.490297267388375,27.87963104248047,383413000
2022-01-13,28.258006149078067,28.35857536952985,26.385025255824416,26.461698532104492,540171000
2022-01-14,26.187871987265602,27.081048984239747,26.098255540756934,26.82713508605957,395832000
2022-01-18,26.148042698978056,26.524431382788112,25.660132004918143,25.792564392089844,424270000
2022-01-19,25.96781525631739,26.42983583830402,24.94519334293258,24.960128784179688,488315000
2022-01-20,25.196122322501015,25.469949535319014,23.975347395495497,24.047040939331055,435181000
2022-01-21,23.406777774518208,24.717166987692867,23.16381858614929,23.27434539794922,718958000
2022-01-24,22.234793190271247,23.280315624921982,20.79894189888275,23.272350311279297,913982000
2022-01-25,22.449878275649777,22.845186990931126,21.906206530046255,22.228824615478516,664616000
2022-01-26,23.140922442388803,23.954438826073826,22.204929341327563,22.674917221069336,755959000
2022-01-27,23.46752776900946,23.892707465812897,21.58259629005917,21.85045051574707,573353000
2022-01-28,21.91815335328116,22.760547192328307,21.205206336859245,22.742624282836914,543774000
2022-01-31,23.083163840300895,24.40450780299976,22.95371892485848,24.38160514831543,564680000
2022-02-01,24.996975734573237,25.0378013064162,23.78815060803622,24.532962799072266,518925000
2022-02-02,25.684034709186335,25.70693546964293,24.448324260936168,25.134387969970703,543419000
2022-02-03,24.353721569885078,24.970081897966594,23.678612777764215,23.845895767211914,410178000
2022-02-04,23.869797957184883,24.529971431012495,23.531247360390374,24.21531867980957,354829000
2022-02-07,24.26809450688,25.074640699200273,24.098819192519745,24.622577667236328,376868000
2022-02-08,24.255151985606606,25.12243902776342,23.877768026793564,25.000959396362305,410359000
2022-02-09,25.51276352295215,26.611061657409135,25.244911267514784,26.59114646911621,524282000
2022-02-10,25.884177747563196,26.81021133314306,25.490861274047543,25.713905334472656,513200000
2022-02-11,25.80550800141122,26.040501880764474,23.671644989793617,23.846893310546875,605472000
2022-02-14,23.831961302784133,24.768949487290513,23.653723589292724,24.163541793823242,440424000
2022-02-15,24.842635318538136,26.431831823132374,24.678339744131332,26.38204574584961,699869000
2022-02-16,26.147049472381745,26.468672364813905,25.44306293139375,26.397974014282227,732676000
2022-02-17,25.52072674309447,25.675066590866578,24.06197445592718,24.402515411376953,810595000
2022-02-18,24.56282527786153,24.879470249477556,23.001511680532914,23.541200637817383,761255000
2022-02-22,22.93679145884349,23.961403708378384,22.90194083125501,23.2902774810791,633422000
2022-02-23,23.700525696809972,24.052021400692805,22.20592541181683,22.29155731201172,566511000
2022-02-24,20.925403538862675,23.698529751346676,20.800936466850946,23.646751403808594,735801000
2022-02-25,23.6198702807105,24.113754059814244,23.28131966006848,24.05401039123535,528866000
2022-02-28,23.88971413278726,24.559845228253224,23.605929341272788,24.281038284301758,477319000
2022-03-01,24.187436042997348,24.273069823879005,23.03337702743395,23.37690544128418,412056000
2022-03-02,23.658754033910338,24.309080821194527,23.319150331128935,24.120853424072266,389642000
2022-03-03,24.162677458354135,24.226416539633046,23.372924502534758,23.61692237854004,365095000
2022-03-04,23.288275695324913,23.58306351436936,22.38996771003813,22.84210968017578,431415000
2022-03-07,22.723594140609173,22.938711412053266,21.24268191605436,21.264591217041016,450821000
2022-03-08,21.221763621611906,22.281406917450838,20.56546109047921,21.42592430114746,557467000
2022-03-09,22.295352427006858,23.124942518382856,22.15592615939423,22.91978645324707,492742000
2022-03-10,22.438763775975826,22.694711650925896,21.79242045485743,22.565244674682617,428066000
2022-03-11,22.927755670439296,23.05025324732895,21.95575122647575,22.009531021118164,367209000
2022-03-14,21.779474563363422,22.170865393438028,21.072381995476352,21.2426815032959,385354000
2022-03-15,21.42990862446335,22.943686459312385,21.23471186606526,22.878952026367188,491996000
2022-03-16,23.40379479526486,24.49630397600163,23.077138455679332,24.39571762084961,671422000
2022-03-17,24.02125655135491,24.740298995053305,23.808131941746627,24.66461181640625,471941000
2022-03-18,24.69747741085638,26.460231824316143,24.523194587296928,26.34470558166504,730719000
2022-03-21,26.39848559475205,27.04084554919752,25.86069533534459,26.624555587768555,591727000
2022-03-22,26.6175847985813,27.126494456861913,25.965267440901066,26.415416717529297,547007000
2022-03-23,26.019044893201844,26.503055368285953,25.470301882639813,25.52906036376953,502120000
2022-03-24,26.05888056620905,28.204061734841595,25.80094009952853,28.034757614135742,877379000
2022-03-25,27.77184031036565,28.241908164028267,27.15935821789396,27.57863426208496,579016000
2022-03-28,27.642371675676337,28.134348798162176,27.094622152271164,28.10347557067871,425494000
2022-03-29,28.57753047133925,28.827502401169717,27.865457327415218,28.5386905670166,488984000
2022-03-30,28.188131660804462,28.379345100642087,27.390410153130244,27.576644897460938,463487000
2022-03-31,27.668271007248077,28.13236299140276,27.158367800089522,27.174301147460938,523440000
2022-04-01,27.26293568960486,27.383440643848896,26.15947167732759,26.602649688720703,517235000
2022-04-04,26.618580799031673,27.445182845672498,26.504051817215565,27.24799346923828,397120000
2022-04-05,27.142430269538746,27.207164711525582,25.714300606563835,25.824846267700195,436615000
2022-04-06,24.831930039640117,25.19643100477937,23.90474143009996,24.307086944580078,703833000
2022-04-07,24.340944116539315,24.620793903525843,23.3818870718976,24.108898162841797,557992000
2022-04-08,23.819090390264524,23.825066344638063,22.967590974113833,23.024356842041016,524781000
2022-04-11,22.123067055304997,22.228632138318666,21.571334019140274,21.827281951904297,575207000
2022-04-12,22.44474204972869,22.631972169880864,21.194878517496804,21.415969848632812,662258000
2022-04-13,21.639052358381548,22.40789137072251,21.367169228856223,22.112106323242188,516943000
2022-04-14,22.412867562077835,22.683755302120506,21.076362421603775,21.17097282409668,569097000
2022-04-18,21.113215008567124,21.997578418558497,20.99271005360588,21.693828582763672,525701000
2022-04-19,21.631084290617952,22.281410987109858,21.226746193463015,22.107128143310547,512781000
2022-04-20,22.42482103543778,22.57719456880331,21.11321307776146,21.394058227539062,468974000
2022-04-21,21.620132221860942,22.300336872596574,19.918128505755924,20.100379943847656,656209000
2022-04-22,20.219882348509838,20.402133738806455,19.42017020020564,19.435108184814453,624713000
2022-04-25,19.12339284572606,19.863351272784346,19.01782777863427,19.820528030395508,641566000
2022-04-26,19.637283370463635,19.706996516542763,18.593573098917023,18.711090087890625,653143000
2022-04-27,18.52186245193841,19.088533303599878,18.215124690050864,18.33961296081543,499460000
2022-04-28,18.889349582079028,19.954970677927243,18.414303098537996,19.701013565063477,570327000
2022-04-29,19.322576485275174,20.045604367770206,18.441199089362883,18.47107696533203,500435000
2022-05-02,18.46510132890273,19.493871705119716,18.31571574556032,19.453041076660156,572049000
2022-05-03,19.320582473628384,19.743843804731753,19.054675285256874,19.52175521850586,475751000
2022-05-04,19.84144231861461,20.316488927908352,18.67423920836695,20.25075912475586,648855000
2022-05-05,19.785671961147454,19.84343319196136,18.424267408174938,18.76685905456543,626331000
2022-05-06,18.659301905995807,19.432124326152934,17.916355461387795,18.59855079650879,633297000
2022-05-09,17.960177470867976,18.180271567332927,16.758117645822335,16.880615234375,644455000
2022-05-10,17.61658525253339,18.12350232079174,16.955303927577983,17.52297019958496,761474000
2022-05-11,17.27598789699067,17.680326019393185,16.500177504520302,16.561922073364258,670167000
2022-05-12,16.15260039731434,16.719271193750508,15.5032701645604,16.108779907226562,708728000
2022-05-13,16.71927867526598,17.854611494178222,16.525077208824772,17.633520126342773,670437000
2022-05-16,17.437322904145635,17.715180072849822,17.035972816221634,17.19332504272461,521446000
2022-05-17,18.00000966759252,18.295794716695035,17.561812268275418,18.102588653564453,585830000
2022-05-18,17.632522266505582,18.043831705127655,16.79496540151223,16.868661880493164,545161000
2022-05-19,16.86766690277533,17.614596699783718,16.665496886231242,17.05390167236328,621310000
2022-05-20,17.26104666528793,17.338726466049714,15.690502001783667,16.62565803527832,739105000
2022-05-23,16.20738076943158,16.845757510491026,16.112770346149613,16.828826904296875,639889000
2022-05-24,16.44241123290059,16.529054964044875,15.715399228807048,16.087867736816406,588550000
2022-05-25,15.954417701062567,17.040950964789868,15.934499121271301,16.905508041381836,781132000
2022-05-26,15.970354791394591,18.017938165633957,15.956412162178278,17.777925491333008,996575000
2022-05-27,18.111552116018746,18.80370666474349,18.02590373672392,18.733993530273438,738379000
2022-05-31,18.902297823512807,19.12139838703036,18.27487779966752,18.59556007385254,664100000
2022-06-01,18.64735401344506,18.975005819632933,18.047817122189745,18.245006561279297,544514000
2022-06-02,18.217119410706687,19.538686849184053,18.12350434729059,19.511796951293945,648656000
2022-06-03,19.003885365597327,19.252861948714582,18.446176451745462,18.64336585998535,598779000
2022-06-06,19.06065056239769,19.25783996366541,18.488003681659272,18.709095001220703,422406000
2022-06-07,18.396384003134806,18.92222248536811,18.113546177196397,18.848526000976562,388914000
2022-06-08,18.72599902469666,19.105520032436974,18.46302425711577,18.575586318969727,363252000
2022-06-09,18.409237816459715,18.859482332873327,17.970945836791113,17.97791862487793,395574000
2022-06-10,17.531657297722646,17.628280755740548,16.803494968741788,16.90808868408203,465248000
2022-06-13,15.9378697072585,16.248658440141707,15.54539961251888,15.586240768432617,604153000
2022-06-14,15.669911913017133,16.003611048891642,15.352150439310131,15.774504661560059,469680000
2022-06-15,16.032502129668625,16.802501270573813,15.864158686622957,16.462825775146484,563936000
2022-06-16,15.79841368067241,15.880095995991596,15.341196388689442,15.540419578552246,545749000
2022-06-17,15.587237016415061,15.932889702329279,15.268479912389294,15.818336486816406,630334000
2022-06-21,16.41102650097026,16.94195585735891,16.343289760595702,16.501672744750977,483089000
2022-06-22,16.162992114105894,16.59729988882193,16.117171209417034,16.296472549438477,437135000
2022-06-23,16.454853928901507,16.520597628121397,15.791440668578582,16.161996841430664,463680000
2022-06-24,16.435931025834183,17.07344531824859,16.246668257795235,17.059499740600586,472153000
2022-06-27,17.24477402510874,17.2627037776178,16.561437091028537,16.80349349975586,427968000
2022-06-28,16.83437555051828,17.13520290564429,15.883083968904495,15.919940948486328,461149000
2022-06-29,15.752590608725741,15.758566876112974,15.111091360585093,15.481646537780762,482352000
2022-06-30,15.30135010720161,15.506550493203868,14.80428823063541,15.10013484954834,686070000
2022-07-01,14.84114455708728,15.004507273555733,14.336113363533372,14.466604232788086,577610000
2022-07-05,14.119958420855697,14.912867067960342,14.00042449691902,14.90589427947998,651397000
2022-07-06,14.951712254279894,15.259512337175808,14.731569789510388,15.071246147155762,529066000
2022-07-07,15.39598259559198,15.883083111902556,15.329242378034209,15.79642105102539,492903000
2022-07-08,15.37008313178978,15.974726402731946,15.329241976596508,15.776498794555664,467972000
2022-07-11,15.465709825855997,15.466706345467303,14.97960489954158,15.093162536621094,437321000
2022-07-12,15.20871031951737,15.371077457553127,14.819228872129182,15.023432731628418,458483000
2022-07-13,14.53334264284129,15.315294091621414,14.408828056730547,15.10511302947998,521918000
2022-07-14,15.049333517821207,15.412915948428,14.670808992131683,15.312308311462402,456235000
2022-07-15,15.598193546303452,15.720715108541247,15.385023849466009,15.700793266296387,385935000
2022-07-18,16.23869470882499,16.83138346936928,15.939860454756344,16.038475036621094,670517000
2022-07-19,16.421983978769592,17.043561498221212,16.109204079525067,16.9260196685791,702366000
2022-07-20,16.88119289080597,17.86336417339984,16.735759920763662,17.737852096557617,760538000
2022-07-21,17.815545920988264,18.073538999996114,17.476866119251895,17.979904174804688,557049000
2022-07-22,17.823521523852246,17.897233590693222,17.070456538486788,17.251750946044922,536671000
2022-07-25,16.95290981659082,17.05750351772412,16.58434768859962,16.9578914642334,480748000
2022-07-26,16.823414211540268,16.85329839532214,16.414010963419933,16.46879768371582,397865000
2022-07-27,16.965860804114296,17.86635161594308,16.84732342255859,17.720918655395508,569776000
2022-07-28,17.90519966314176,18.069557945364984,17.372277332995978,17.91416358947754,474646000
2022-07-29,17.743823285267034,18.17314926190656,17.623292897636773,18.092464447021484,435460000
2022-08-01,18.11139169183046,18.77281459022145,17.92013786214502,18.369386672973633,476469000
2022-08-02,18.05163093309131,18.864462341148062,18.021746740904135,18.45406150817871,489527000
2022-08-03,18.113388905855146,18.89434491533446,18.066570532098716,18.81963539123535,418146000
2022-08-04,18.775804825428892,19.199153667911663,18.68714973891171,19.140382766723633,409652000
2022-08-05,18.736958353398986,19.154331957599457,18.593518416599398,18.915264129638672,386068000
2022-08-08,17.43403710855411,18.168174706690454,17.175046511530418,17.723905563354492,981859000
2022-08-09,17.185009085897445,17.379251571998445,16.659059498937633,17.0196533203125,668263000
2022-08-10,17.62927686575505,18.047646040112355,17.249755809744542,18.0267276763916,597422000
2022-08-11,18.06059303930121,18.634356491462075,17.80658220790549,17.872325897216797,509327000
2022-08-12,18.089482668919175,18.645316458949107,17.883285741988434,18.636350631713867,478094000
2022-08-15,18.62838336929725,19.0895848654129,18.54072573092658,18.958097457885742,457666000
2022-08-16,18.846530011794016,19.067668063926604,18.42915644764587,18.805688858032227,451240000
2022-08-17,18.451071242381392,18.615429517874343,18.074538853147352,18.2637996673584,446799000
2022-08-18,18.229934589865376,18.791743657859055,18.11239277422747,18.700101852416992,415447000
2022-08-19,18.33452802598433,18.448085673185464,17.700997988903634,17.779691696166992,441588000
2022-08-22,17.422084130919913,17.4898208696324,16.90011871477872,16.96785545349121,409593000
2022-08-23,16.923028743581053,17.397180176245477,16.904101521089547,17.114282608032227,369986000
2022-08-24,16.94593725189229,17.338408253803493,16.829392914726995,17.155122756958008,522661000
2022-08-25,16.778590073936765,17.877307466202186,16.76763310909007,17.84343910217285,770691000
2022-08-26,17.78766010205869,17.85439937298572,16.17394986366487,16.196861267089844,769127000
2022-08-29,15.957791581811284,16.274555614443177,15.705773773179859,15.739641189575195,496132000
2022-08-30,15.898026205963157,15.976718964475275,15.123047357717592,15.407937049865723,530181000
2022-08-31,15.324260876966457,15.479655236596056,14.900911041431531,15.03538703918457,573710000
2022-09-01,14.153821399390251,14.32415782874737,13.218468667025244,13.882878303527832,1178865000
2022-09-02,14.045247525726571,14.115970968690647,13.538223289757255,13.594006538391113,743157000
2022-09-06,13.677680890653752,13.725494835509304,13.299156360470214,13.412714004516602,535751000
2022-09-07,13.514346107743526,13.788360189278626,13.298124529340985,13.664804458618164,512657000
2022-09-08,13.410720161896329,13.957751553071784,13.321043803751946,13.939815521240234,624873000
2022-09-09,14.106215606366773,14.422078851833046,14.075327622967663,14.3353910446167,486612000
2022-09-12,14.31745960241249,14.494820624243188,14.147072491296276,14.452971458435059,484159000
2022-09-13,13.752489132610048,13.87205855128794,13.052010885075777,13.083895683288574,714956000
2022-09-14,13.206457215881514,13.242328333669455,12.866680788407212,13.080909729003906,588507000
2022-09-15,12.968313711994472,13.185531175680374,12.74412043844494,12.882621765136719,523625000
2022-09-16,12.696293036048875,13.164607373852498,12.571741421226356,13.150657653808594,670751000
2022-09-19,12.96532227645463,13.41470462187878,12.963329595471533,13.33399486541748,569685000
2022-09-20,13.167592327350967,13.434630547690615,13.01015914814262,13.128731727600098,524818000
2022-09-21,13.16560130347165,13.980666732546284,13.062970156786745,13.213428497314453,807679000
2022-09-22,13.023116575574866,13.101833667672771,12.383420232786193,12.515942573547363,759162000
2022-09-23,12.375447364597502,12.565762199000392,12.213031967666868,12.471102714538574,663309000
2022-09-26,12.446193464778984,12.61359104915648,12.170186671175692,12.184136390686035,547343000
2022-09-27,12.462135725855696,12.690314364148412,12.21402932430884,12.368473052978516,553854000
2022-09-28,12.365482557221197,12.77700114543241,12.309683684312093,12.690313339233398,542414000
2022-09-29,12.403346432766009,12.455159943744142,11.903147353863744,12.176164627075195,532763000
2022-09-30,12.043642606978148,12.587684528904116,12.03168556856468,12.09545612335205,565638000
2022-10-03,12.302708290891008,12.632521236553906,12.061575828714862,12.467116355895996,547478000
2022-10-04,12.832799262641858,13.172576558568696,12.832799262641858,13.119766235351562,584182000
2022-10-05,12.864685926402442,13.273215022829856,12.57572625208159,13.161616325378418,507131000
2022-10-06,13.172578310658011,13.60701418955063,13.055997427970787,13.082901000976562,644157000
2022-10-07,12.460140492344351,12.624548544092065,11.978873372705873,12.032679557800293,672478000
2022-10-10,11.993820717893747,12.080508526082841,11.367077348214593,11.628137588500977,698699000
2022-10-11,11.51952842526829,11.803505925509853,11.242525784323794,11.544439315795898,667482000
2022-10-12,11.537465911080686,11.692905516404727,11.304305077714478,11.458748817443848,492590000
2022-10-13,10.931645390841727,12.03467479522763,10.77421216389864,11.917098045349121,850103000
2022-10-14,12.013746032922157,12.067552210711673,11.163806456580973,11.186723709106445,713432000
2022-10-17,11.476681483829186,11.90513926216049,11.475685618444233,11.845354080200195,580774000
2022-10-18,12.299719755620746,12.44718861782601,11.576324213052954,11.924072265625,659362000
2022-10-19,11.836388541745388,12.30569968628764,11.791549885257231,12.007771492004395,523131000
2022-10-20,12.069549247006899,12.723196239361652,12.061577571391497,12.150259017944336,652398000
2022-10-21,12.054600015489106,12.45316565230335,11.84435745216042,12.421279907226562,609494000
2022-10-24,12.463132178101741,12.664407237339118,12.020724633774568,12.553805351257324,517457000
2022-10-25,12.648463058883129,13.252289101955755,12.618569993696527,13.213428497314453,505482000
2022-10-26,12.822836454280946,13.339973788252896,12.662413746395243,12.849739074707031,532953000
2022-10-27,13.581103507861755,13.788357505858176,13.074925547389961,13.128731727600098,583113000
2022-10-28,13.056995159747698,13.800319496329138,13.014149183187982,13.78437614440918,521040000
2022-10-31,13.728575742782882,13.788360930226967,13.24930122851385,13.448583602905273,486341000
2022-11-01,13.761458357625319,13.875049746891053,13.470505974860513,13.494420051574707,432817000
2022-11-02,13.800317291584546,14.159025547914593,13.16360959020308,13.17158031463623,672628000
2022-11-03,12.996212781616933,13.731565367636188,12.909524971705448,13.372856140136719,500065000
2022-11-04,13.93582958769378,14.177957930344933,13.647865776966073,14.105219841003418,612576000
2022-11-07,14.176960552458848,14.360300516988321,13.90394423701555,14.249698638916016,410061000
2022-11-08,14.747906191962752,14.837583500238217,14.165004638425565,14.549620628356934,595292000
2022-11-09,14.111200483462575,14.160025457423117,13.709646169682191,13.726585388183594,454414000
2022-11-10,14.746909510215898,15.716418731024099,14.49481681539553,15.693501472473145,700819000
2022-11-11,15.750296571579392,16.330208574296904,15.426462616385566,16.268430709838867,655487000
2022-11-14,16.159822116780518,16.480667518589406,15.864883468839679,16.23654556274414,527852000
2022-11-15,16.662013391587355,16.937022370999905,16.32323291950231,16.60621452331543,545876000
2022-11-16,16.104024034799696,16.30330545087524,15.816060231495598,15.852927207946777,649547000
2022-11-17,15.65862661617727,16.20765063781741,15.479272015975031,15.620762825012207,710894000
2022-11-18,15.90872657967121,15.944598642065296,15.065761621009438,15.35372543334961,492072000
2022-11-21,15.092665143329405,15.421481294578124,15.025905097362354,15.262055397033691,404739000
2022-11-22,15.273018351397763,16.000400326908423,15.067756948943385,15.98047161102295,472866000
2022-11-23,16.040256006522444,16.467718033836586,15.99043611685495,16.459745407104492,427241000
2022-11-25,16.259463735177064,16.427856209576845,16.113987567674407,16.21163558959961,167934000
2022-11-28,15.968509153770949,16.29832303773038,15.668590235782947,15.770223617553711,303741000
2022-11-29,15.770224418844657,15.874848252781751,15.464326492119582,15.58289909362793,298384000
2022-11-30,15.644692293883454,16.873584309435355,15.54502609510109,16.866607666015625,565298000
2022-12-01,16.942353455622023,17.207465887298017,16.579566121809616,17.077899932861328,470977000
2022-12-02,16.60348347475057,16.876570523827933,16.390195940502668,16.819759368896484,371389000
2022-12-05,16.62342349091921,16.9383705081479,16.41711252133541,16.55465316772461,352255000
2022-12-06,16.474917069486207,16.517773048794822,15.766285923687203,15.93372631072998,352694000
2022-12-07,15.719443294997907,16.132064232758374,15.614792692114394,16.0662841796875,372388000
2022-12-08,16.218777273371813,17.121758517727503,15.905822476444317,17.111791610717773,515456000
2022-12-09,17.1028160194911,17.524406752700667,16.91843304409184,16.944345474243164,465338000
2022-12-12,16.980232212594135,17.47956229907445,16.74103213701686,17.476572036743164,457328000
2022-12-13,18.469253821514982,18.727391594817203,17.65198641095761,18.011783599853516,656589000
2022-12-14,17.927063332040404,18.19118159319031,17.361953248979066,17.6151065826416,496888000
2022-12-15,17.088863487866476,17.262283446585172,16.64435056625301,16.895509719848633,478542000
2022-12-16,16.80780430040909,16.98421452775994,16.355316696171542,16.515779495239258,478232000
2022-12-19,16.516777854754576,16.55365331311345,16.091200695343332,16.19983673095703,354039000
2022-12-20,16.01047455766742,16.255655184218554,15.799181990346474,16.031404495239258,403260000
2022-12-21,16.060304842306547,16.571595897427166,16.048343794868938,16.446014404296875,325025000
2022-12-22,16.040369896727526,16.084223899243984,14.832408745526728,15.287885665893555,565045000
2022-12-23,15.145362798947778,15.287885933378956,14.833406075775102,15.155329704284668,349326000
2022-12-27,15.023768425094323,15.049681806653775,14.009160162650081,14.073944091796875,464902000
2022-12-28,13.880591262742838,14.214474984092547,13.837734330636081,13.989228248596191,351066000
2022-12-29,14.354010861447797,14.634073714841978,14.179593796870332,14.554340362548828,354923000
2022-12-30,14.286236129267657,14.580253211433105,14.18557284700013,14.565303802490234,310490000
2023-01-03,14.801512873667992,14.946030156445817,14.049028593833635,14.267298698425293,401277000
2023-01-04,14.518459253168668,14.803505525216863,14.193545359327329,14.699851989746094,431324000
2023-01-05,14.44271407621345,14.515470784077749,14.100856590990329,14.217467308044434,389168000
2023-01-06,14.425770004011499,14.959984206467885,13.987236581425599,14.809487342834473,405044000
2023-01-09,15.233070349137327,16.002497216572273,15.090546259586656,15.575923919677734,504231000
2023-01-10,15.455326689560788,15.908810437445068,15.42044347056914,15.855987548828125,384101000
2023-01-11,15.787213885276108,15.97458710786154,15.511136552629589,15.947676658630371,353285000
2023-01-12,16.046348710283624,16.581557963434708,15.440374057820266,16.455978393554688,551409000
2023-01-13,16.223754839739726,16.865609768709138,16.111132436686006,16.84268569946289,447287000
2023-01-17,16.842691082523842,17.66892924665794,16.842691082523842,17.643014907836914,511102000
2023-01-18,17.60812825910423,17.81344118394388,17.224410962438323,17.319095611572266,439624000
2023-01-19,16.979228061683155,17.139692742246442,16.67524604897352,16.709131240844727,452932000
2023-01-20,16.954316196674295,17.796501732635843,16.76893705940326,17.779558181762695,564967000
2023-01-23,18.00380774628692,19.18087416913429,17.758629060077922,19.129047393798828,655163000
2023-01-24,18.764261688305943,19.430036855773828,18.75728504510627,19.200801849365234,496204000
2023-01-25,18.849976169985318,19.30545403532492,18.518085645970668,19.258609771728516,449537000
2023-01-26,19.6353463490083,20.098796881945777,19.21375566797564,19.73600959777832,489535000
2023-01-27,19.397143724678738,20.559258451353738,19.34033446522059,20.297134399414062,542142000
2023-01-30,19.883524636147044,20.072890161486782,19.086189204794305,19.0981502532959,488611000
2023-01-31,19.10612138016746,19.621398819093155,18.886855153366426,19.471899032592773,498017000
2023-02-01,19.62538402504865,21.1213817226709,19.545650683627567,20.873212814331055,660477000
2023-02-02,20.93001702371723,21.87585386658417,20.631017540918208,21.636653900146484,564276000
2023-02-03,20.93002073586232,21.67253897459517,20.719723419819307,21.029687881469727,429366000
2023-02-06,20.736674085112327,21.498128373359062,20.716740268950403,21.01873207092285,452197000
2023-02-07,21.310748940899305,22.184827328430092,21.079521682438997,22.09911346435547,664150000
2023-02-08,22.312397048764478,22.801761973525313,21.93466031131526,22.131004333496094,559651000
2023-02-09,22.530670219439532,22.943290193315832,22.046289671543487,22.26256561279297,523876000
2023-02-10,21.617720531696698,22.00442614178306,20.741650010159365,21.194135665893555,550737000
2023-02-13,21.466228060003054,21.974528792175906,20.892147277807663,21.715394973754883,474919000
2023-02-14,21.506095265379177,22.972194156462287,21.294801814356916,22.894454956054688,675474000
2023-02-15,22.47385907538401,22.778839139042542,22.032336407803555,22.688142776489258,420575000
2023-02-16,22.059246323523663,22.474856585066412,21.853933394359046,21.92868423461914,412026000
2023-02-17,21.558916936890704,21.667552957905706,20.90510286763505,21.316726684570312,465888000
2023-02-21,20.9300198380873,21.422373121018033,20.54929284097226,20.586170196533203,410015000
2023-02-22,20.637998793039895,21.03367523119019,20.352950629424083,20.68484115600586,513184000
2023-02-23,23.361891451181727,23.80839853574855,22.94827344265805,23.58514404296875,1117995000
2023-02-24,23.14760888799269,23.395779705379205,22.870535374988126,23.208404541015625,589716000
2023-02-27,23.59112499865335,23.800424307289973,23.37584516662916,23.422687530517578,452994000
2023-02-28,23.294117844928124,23.745609343959064,23.128670637340598,23.13863754272461,455963000
2023-03-01,23.11471933360439,23.1785071533375,22.432998534976818,22.622365951538086,460026000
2023-03-02,22.413065090524846,23.302091014748385,22.35725003920354,23.236310958862305,389415000
2023-03-03,23.24229205590769,23.82035928556431,23.052924647625705,23.810392379760742,412393000
2023-03-06,23.811388454961868,24.16719726800564,23.408733477576387,23.47551155090332,437429000
2023-03-07,23.525353628386604,24.04869267419401,23.167487988654617,23.214340209960938,515154000
2023-03-08,23.412709959422333,24.12345598243845,23.34990950267541,24.104515075683594,513573000
2023-03-09,24.098530680368395,24.376649400404656,23.30903605829536,23.36186981201172,501257000
2023-03-10,23.334958480231546,23.55226936391661,22.654118224508185,22.892362594604492,474866000
2023-03-13,22.680036313439018,23.224308845911295,22.22647555282617,22.89335823059082,421890000
2023-03-14,23.421686584006782,24.142399436597263,23.38579924402724,23.986892700195312,474910000
2023-03-15,23.685843355775486,24.209182394285897,23.286112651373358,24.1513671875,524486000
2023-03-16,23.95100522634043,25.507066846417814,23.81842456983862,25.460216522216797,583253000
2023-03-17,25.89981804779798,26.3154988744337,25.58681016478867,25.643630981445312,848547000
2023-03-20,25.533976817306044,25.941683502515943,25.050510315188035,25.81807518005371,432747000
2023-03-21,26.09719563603672,26.3085249951989,25.300723004441352,26.116134643554688,547408000
2023-03-22,26.341419806309574,27.501739659700768,26.15401470388089,26.38428497314453,797295000
2023-03-23,27.02923780216144,27.412024025202122,26.60558279418749,27.104997634887695,564889000
2023-03-24,26.945507300688142,27.08107684454534,26.27164474000593,26.694303512573242,454920000
2023-03-27,26.752116326767855,26.914600875564393,26.281609108296,26.447084426879883,361026000
2023-03-28,26.363349230566957,26.42914045882786,25.768237406573,26.326465606689453,356104000
2023-03-29,26.740153636460196,26.99235175803325,26.51287415863534,26.898649215698242,393694000
2023-03-30,27.142878284799256,27.41202476602436,27.016279163221007,27.296390533447266,364516000
2023-03-31,27.054157877093186,27.74596305741618,27.01926873122524,27.689144134521484,433933000
2023-04-03,27.42198793508251,27.911434092903463,27.249534811234103,27.876544952392578,398716000
2023-04-04,27.877541083680732,27.911433934646436,27.22062515381667,27.36616325378418,368592000
2023-04-05,26.744141067760594,26.91260524763218,26.31151378285065,26.795976638793945,515015000
2023-04-06,26.499912714821207,26.99434412357807,26.34340972671135,26.951480865478516,397654000
2023-04-10,26.738158599933065,27.5336348544528,26.584646372375655,27.49176788330078,395279000
2023-04-11,27.636309871277366,27.702101097960746,27.04019987081764,27.083065032958984,314378000
2023-04-12,27.283432024560906,27.381121633610334,26.364347344202034,26.41119956970215,446259000
2023-04-13,26.64944384985563,26.801959813420947,26.2457260175079,26.379301071166992,353615000
2023-04-14,26.420166433717664,26.79796735162646,26.137064342301827,26.673362731933594,395660000
2023-04-17,26.480975507689482,26.920580610646343,26.349393053761112,26.916593551635742,321471000
2023-04-18,27.445915621619545,28.02109026862938,27.270471706452536,27.579490661621094,604812000
2023-04-19,27.274456503625604,27.911435269103396,27.145864822992923,27.842653274536133,358660000
2023-04-20,27.583478463404116,27.941344132346945,26.91460125196495,27.018272399902344,427713000
2023-04-21,26.86674681011275,27.097017022999495,26.63747478782608,27.033218383789062,345103000
2023-04-24,26.927557165010345,27.279439347819814,26.586637967974482,26.956464767456055,339282000
2023-04-25,26.992351504330397,27.160817581589445,26.142050802636824,26.15799903869629,378527000
2023-04-26,26.916589185581422,27.243550787203798,26.620527761607924,26.8707332611084,406337000
2023-04-27,27.27645073990056,27.40803318885761,26.540784192741274,27.139883041381836,377161000
2023-04-28,27.138887339013703,27.670200494580325,26.985373211032865,27.661230087280273,292216000
2023-05-01,27.751940608520385,28.96608841417271,27.69213092438785,28.81855583190918,570329000
2023-05-02,28.58928408497182,28.744790786364405,27.994172302997715,28.120769500732422,402730000
2023-05-03,27.7519454686492,28.27727905481044,27.38510937944624,27.714065551757812,383387000
2023-05-04,27.563536466695737,27.770878726472898,27.153837196427407,27.47481918334961,321850000
2023-05-05,27.737984173927828,28.66404461724112,27.643285351598674,28.589282989501953,361494000
2023-05-08,28.43177824846798,29.127570281349225,28.260323339916525,29.058788299560547,344979000
2023-05-09,28.80759252115136,28.881357865661336,28.360013303057926,28.480628967285156,314869000
2023-05-10,28.91325569457964,29.02091579172388,28.370977656526804,28.793636322021484,369350000
2023-05-11,28.804604853160228,28.8584349085419,28.15666111611045,28.48760986328125,322149000
2023-05-12,28.438761858901234,28.688969297483915,27.957289789783168,28.2503604888916,274222000
2023-05-15,28.417825655834598,28.877367906038913,28.062952724719878,28.861417770385742,293926000
2023-05-16,28.749776627024,29.775523171518977,28.740806219257955,29.1205997467041,449405000
2023-05-17,29.49042519794485,30.103479719693794,29.336912970483333,30.08254623413086,432535000
2023-05-18,30.31381549594501,31.72732974738972,30.22410000650582,31.577804565429688,748725000
2023-05-19,31.436252487669602,31.480113941471256,30.818214581828073,31.16511344909668,473908000
2023-05-22,30.803260867315778,31.420304387689416,30.582961110509476,31.077392578125,372000000
2023-05-23,30.901948183114918,31.18903735658012,30.534115833189922,30.59093475341797,356253000
2023-05-24,30.114442718121378,30.510188241482325,29.711721267992726,30.44140625,721419000
2023-05-25,38.40114883242656,39.3551225285011,36.51912017458201,37.859867095947266,1543911000
2023-05-26,37.770151547520655,39.04610163074743,37.43122683133464,38.822811126708984,714397000
2023-05-30,40.4666011461992,41.8053518099001,39.82264450499864,39.984130859375,923401000
2023-05-31,39.363100391824844,40.16754710014043,37.702369501651916,37.714332580566406,1002580000
2023-06-01,38.367256795979486,39.92332013723305,38.21872982052202,39.64420700073242,635873000
2023-06-02,39.970174994520356,40.37190020075976,38.934459847678006,39.20261001586914,482731000
2023-06-05,38.78593912971028,39.43986257050264,38.584578349321845,39.04711151123047,396094000
2023-06-06,38.707187926911864,39.03614220536465,38.02734198652988,38.531742095947266,388729000
2023-06-07,38.79592088897545,39.37813348202799,37.24168951720886,37.36032485961914,511998000
2023-06-08,37.60856808894223,38.745079216522015,37.39024024122493,38.39216232299805,417772000
2023-06-09,38.91754848393105,39.58948588191824,38.448989234454245,38.6513671875,427717000
2023-06-12,39.08005597622932,39.40904425940009,38.49983605891858,39.36119079589844,388701000
2023-06-13,40.06304374400525,40.975245031840466,39.618409221786045,40.896484375,613208000
2023-06-14,40.69908893155934,42.86842954641151,40.42791802705582,42.865440368652344,740465000
2023-06-15,42.47165262178882,43.15655089419858,42.018042951563174,42.52249526977539,568622000
2023-06-16,43.317050916384595,43.587221609742976,42.53046366608263,42.561370849609375,655709000
2023-06-20,42.86643489919533,43.85540013452972,42.54342497305457,43.673954010009766,451153000
2023-06-21,43.36789026011788,43.481543651220214,41.951240766861545,42.91328430175781,551603000
2023-06-22,42.12370778383283,43.293118838626924,42.10476872123709,42.893348693847656,417737000
2023-06-23,42.33406238779236,42.67800411415032,41.88643500339502,42.07984161376953,358140000
2023-06-26,42.33107342513513,42.633147684220695,39.97729771593512,40.50767135620117,594322000
2023-06-27,40.6741558821747,41.811663295004514,40.32423200211447,41.747859954833984,462175000
2023-06-28,40.53558567810239,41.716961105450416,40.39402188289312,40.991188049316406,582639000
2023-06-29,41.43083429013432,41.472705590731,40.475765515924735,40.697086334228516,380514000
2023-06-30,41.552463254955796,42.41980006839875,41.37401012697036,42.17255783081055,501148000
2023-07-03,42.38690406882019,42.76673879586181,42.07286928017555,42.28322219848633,198209000
2023-07-05,42.00607674642851,43.04488832876735,41.95623049336352,42.187522888183594,323618000
2023-07-06,41.71596810959315,42.04994216880029,41.21949078738844,41.97417449951172,303582000
2023-07-07,42.19249796154775,43.08177063947781,42.05093416959679,42.37294387817383,355881000
2023-07-10,42.52648316911527,42.6800113034601,41.521564138261944,42.050941467285156,353908000
2023-07-11,42.351013330555574,42.62716617688633,41.93828245284964,42.275245666503906,298244000
2023-07-12,42.90132541025079,43.80056583036438,42.64610822063504,43.76766586303711,481277000
2023-07-13,44.38177994624532,46.01376808541058,44.35585853064173,45.8363151550293,478204000
2023-07-14,46.44046575236375,47.94086182574558,44.92212700668265,45.32987594604492,772075000
2023-07-17,46.147361621458764,46.353725148743315,45.123503715655524,46.31883239746094,510488000
2023-07-18,46.55809821761458,47.749441291791726,45.594058117307526,47.348670959472656,569164000
2023-07-19,47.318758229746216,47.67167506140343,46.59896746805592,46.93294143676758,427502000
2023-07-20,46.36470161642384,46.942928804835816,44.92412321467116,45.38072204589844,537865000
2023-07-21,45.647898491989125,45.72566275241697,43.96506361938245,44.173423767089844,963769000
2023-07-24,44.594129747804274,44.970975292246095,43.90524600694248,44.475494384765625,382516000
2023-07-25,44.803489544215395,46.04168599596265,44.78554306973034,45.53923034667969,348081000
2023-07-26,45.88017875854229,45.91208233149028,44.49343628066657,45.31291961669922,364237000
2023-07-27,46.37665740516835,47.24997638304764,45.61000946610031,45.759552001953125,455976000
2023-07-28,46.52519903560094,46.88310168130462,46.23907847934213,46.60694885253906,331194000
2023-07-31,46.610938817532,46.985787745643954,46.36369657868276,46.58601379394531,251055000
2023-08-01,46.3178432431884,46.7564993884591,45.88616945228999,46.36470031738281,237858000
2023-08-02,45.69077362331721,45.69974496060761,43.254251209069714,44.13355255126953,530142000
2023-08-03,43.66597942336427,44.979947380659944,43.66597942336427,44.37879180908203,324176000
2023-08-04,44.84735241415571,45.50233976816819,44.25716479958756,44.54328536987305,362666000
2023-08-07,44.97296695444659,45.400655128648054,44.42664342016852,45.27803039550781,322154000
2023-08-08,44.715756986658505,45.10356664242382,43.92119480836412,44.52733612060547,353843000
2023-08-09,44.138528337331145,44.17641407263371,42.005076934408166,42.42379379272461,586449000
2023-08-10,42.03100536995648,43.440680497496174,41.70699899277936,42.25830841064453,492705000
2023-08-11,41.623246353337215,41.889431464332574,40.51464942799337,40.72998809814453,533085000
2023-08-14,40.362116194769875,43.66597480294201,40.18765244113688,43.619117736816406,690286000
2023-08-15,44.42365913256692,45.1294930156629,43.57625763398883,43.8055534362793,676512000
2023-08-16,44.38378002605648,44.538304546583966,43.273186375605505,43.352943420410156,527451000
2023-08-17,43.83545631480397,43.927173858554056,42.86941961752367,43.21137237548828,452395000
2023-08-18,42.504541812711565,43.44465716941068,41.53252668330837,43.16651153564453,583768000
2023-08-21,44.35785535241688,46.920987674468684,44.08668826541733,46.82328796386719,692573000
2023-08-22,47.98770953500303,48.03955236680591,45.194285260085415,45.52825927734375,755293000
2023-08-23,45.725664540283454,47.055582524189234,45.06967688525946,46.971839904785156,779046000
2023-08-24,50.0623439279402,50.11219017259599,47.014698817328394,47.01868438720703,1156044000
2023-08-25,46.86814754737519,47.658720291728024,44.8862279220612,45.87718963623047,925341000
2023-08-28,46.33977183033874,46.836249134555814,44.750651224061855,46.69169235229492,685192000
2023-08-29,46.52320461271005,48.930815739681876,46.24904457849089,48.63472366333008,701397000
2023-08-30,48.893934114542816,49.77423173710802,48.27682864513261,49.11326217651367,735206000
2023-08-31,49.22890833319217,49.5917929853516,48.80819868484659,49.203983306884766,528570000
2023-09-01,49.609737178375475,49.64761910935292,47.99469138418687,48.36056900024414,463830000
2023-09-05,48.07545346857959,48.701534160638424,47.71356516049565,48.39945983886719,382653000
2023-09-06,48.29675585100986,48.404432152677344,46.441297415473116,46.92086410522461,468670000
2023-09-07,45.38944205496558,46.206003567946354,45.01755163903208,46.103309631347656,433330000
2023-09-08,45.805199355822154,46.46721981309031,45.13619596961709,45.43629837036133,473069000
2023-09-11,46.01058127939669,46.02553600450633,44.180049901886676,45.04347229003906,473966000
2023-09-12,44.604786051563885,45.53700334292315,44.398401689358636,44.736392974853516,349256000
2023-09-13,44.46719292129203,45.79323440179784,44.37048163678398,45.34955978393555,398355000
2023-09-14,45.81317890696642,45.8500674873585,44.99661733815953,45.44527816772461,370097000
2023-09-15,45.20598272428771,45.46321387121769,43.67754676368698,43.7692756652832,506831000
2023-09-18,42.620715019700796,44.11026598094779,41.8749411626801,43.835086822509766,500271000
2023-09-19,43.70247908606619,43.835082475156234,42.87395226873784,43.390411376953125,373064000
2023-09-20,43.470171462670386,43.7722706240914,42.09727282869751,42.113224029541016,367108000
2023-09-21,41.45918352017172,41.974642407997244,40.85797836127287,40.894866943359375,450736000
2023-09-22,41.448210386933276,41.98959657847822,41.10822617218465,41.48609924316406,479236000
2023-09-25,41.46715374615769,42.40933950772004,41.05438505683627,42.096275329589844,419091000
2023-09-26,41.87593746027921,42.69249905291122,41.53096703896299,41.78620529174805,402282000
2023-09-27,42.203947925620064,42.74433372903221,41.50503521048072,42.34153366088867,444935000
2023-09-28,42.333560978932496,43.316624912259975,41.989590912054574,42.960689544677734,424663000
2023-09-29,43.696494927606466,44.01255232767132,43.178042888017536,43.36947250366211,397830000
2023-10-02,43.89888394531724,45.040474760812266,43.73038848028064,44.64864730834961,433298000
2023-10-03,44.67456903988094,44.995612589410996,43.117220102153354,43.387413024902344,470850000
2023-10-04,43.61174925416727,44.011556163058,43.16308846642664,43.90985870361328,361821000
2023-10-05,43.918830935362585,44.7663021604217,43.75731457253386,44.554931640625,393483000
2023-10-06,44.061407980133865,45.65265626506475,43.89490543600504,45.625736236572266,434436000
2023-10-09,44.708478616295075,45.469207213017526,44.23589096073579,45.1381950378418,409675000
2023-10-10,45.17508286360557,46.121254553965194,44.95374378600032,45.66162872314453,368582000
2023-10-11,46.058434229249364,46.71946192056243,45.91286908713578,46.66661834716797,378137000
2023-10-12,46.637711102575786,47.4672343606174,46.19204354796514,46.80521011352539,481325000
2023-10-13,46.82015931103437,46.975696805222135,45.14516179262674,45.32562255859375,474115000
2023-10-16,44.928816083518186,46.08735476029038,44.77826474104746,45.95774459838867,375099000
2023-10-17,43.86898271179327,44.620739164515385,42.35350830716708,43.807167053222656,812333000
2023-10-18,42.464174898094846,43.090307040885016,41.700456999229225,42.070350646972656,627294000
2023-10-19,42.68352817211386,43.168081135080946,41.75729348052896,41.975643157958984,501233000
2023-10-20,41.76525628510223,42.34353094427575,40.95567404426186,41.263755798339844,477266000
2023-10-23,41.10623502417962,43.119224175669935,40.82308027803106,42.8470344543457,478530000
2023-10-24,42.94873204239224,43.56688484318148,42.56388363101051,43.53298568725586,401463000
2023-10-25,43.2687809491176,43.52003332524121,41.4312699860838,41.65460205078125,398379000
2023-10-26,41.7283746394427,42.13017450154096,39.7612500826686,40.2059211730957,541001000
2023-10-27,41.00752725918924,41.08330116511961,39.895845748458264,40.37940216064453,416784000
2023-10-30,40.96465211390715,41.64162722288695,40.36045387343674,41.038429260253906,388028000
2023-10-31,40.329553945294535,40.75727737613491,39.11318548755272,40.6585693359375,517969000
2023-11-01,40.762263418347544,42.2548076213784,40.74730869060931,42.198974609375,437593000
2023-11-02,43.19897442959199,43.75331849640394,42.766268706986494,43.37644577026367,409172000
2023-11-03,43.888915693159674,45.174074907327345,43.59279923092805,44.8709831237793,424610000
2023-11-06,45.150160738276554,45.79822684123437,44.765308496847304,45.61477279663086,400733000
2023-11-07,45.582863690228386,46.080374555632474,45.02353336587058,45.81816101074219,343165000
2023-11-08,45.96273036829276,46.72744863605115,45.831123444068034,46.43532180786133,346719000
2023-11-09,47.32565087128028,48.08637928139042,46.610786911501705,46.8101921081543,540496000
2023-11-10,47.35856537074028,48.327671293296795,47.142212446906164,48.191078186035156,421245000
2023-11-13,48.17611002726251,48.96974108943456,47.95576746252599,48.475215911865234,384136000
2023-11-14,49.53207498617207,49.68561577211886,48.89398123487497,49.50814437866211,416954000
2023-11-15,49.78631108074614,49.81123435682442,48.05647674137133,48.742427825927734,475497000
2023-11-16,48.53405091082967,49.37753247238456,48.18609109090698,49.332664489746094,339756000
2023-11-17,49.37653194691317,49.56895804695832,48.861073108178935,49.151206970214844,325205000
2023-11-20,49.16516232495467,50.39748190834169,49.0345518906684,50.25889587402344,414120000
2023-11-21,49.97674154704206,50.36657612795036,49.07543401602206,49.795284271240234,565747000
2023-11-22,49.703557028583894,50.18511670142029,47.547992253967436,48.57093811035156,899420000
2023-11-24,48.32567707703601,48.7753343936509,47.6028335530589,47.63374328613281,294645000
2023-11-27,47.65766154840481,48.38548731555285,47.510103445888454,48.09834671020508,395662000
2023-11-28,48.09236930689928,48.17911204503058,47.33164078012809,47.67860412597656,401491000
2023-11-29,48.2349412356402,48.616800180789156,47.71748568176772,47.99665069580078,382005000
2023-11-30,47.88100118212253,47.96674744990859,46.283773941411816,46.6307373046875,526247000
2023-12-01,46.38646445632827,47.05945375436282,46.04946966832762,46.62574768066406,369317000
2023-12-04,45.939790296925786,45.939790296925786,44.87596630034032,45.37447738647461,437543000
2023-12-05,45.33460369954444,46.46532533448676,45.14016755025648,46.431427001953125,371718000
2023-12-06,47.078540477295284,47.25004424942053,45.2807500654452,45.37148666381836,380590000
2023-12-07,45.56792757808214,46.49424361639184,45.47220434901942,46.46133804321289,350823000
2023-12-08,46.46033554439932,47.603023362522045,46.41546362240292,47.36870193481445,359224000
2023-12-11,47.35375382727248,47.39363533790565,45.697554757992016,46.49224853515625,509728000
2023-12-12,45.912927610504205,47.52824471452688,45.912927610504205,47.51927185058594,372387000
2023-12-13,47.49135110162281,48.45356234904266,47.47041188410191,47.94902420043945,447792000
2023-12-14,48.25014760759364,48.52933716331639,47.28494671232897,48.210262298583984,391232000
2023-12-15,48.05471159561218,49.26121358218172,47.980924159413945,48.74869918823242,479948000
2023-12-18,49.25723229515319,50.28724399732617,49.0079548114807,49.932273864746094,412587000
2023-12-19,49.281159865930675,49.55636317420033,48.75368939419547,49.46063995361328,464444000
2023-12-20,49.511498623849185,49.85450624808912,47.958999057496804,47.971961975097656,397894000
2023-12-21,48.66993565248791,48.953115280045736,48.27906644393615,48.848419189453125,300425000
2023-12-22,49.05282392386867,49.24028032151343,48.326927237730985,48.688880920410156,252507000
2023-12-26,48.82647560877794,49.456649028909844,48.81849930781512,49.13657760620117,244200000
2023-12-27,49.36791528650649,49.536425600159234,48.94314392704513,49.27418518066406,233648000
2023-12-28,49.49952822100173,49.73982902864742,49.26919303504833,49.378875732421875,246587000
2023-12-29,49.66903507790819,49.85250521620105,48.610104092310245,49.378875732421875,389293000
2024-01-02,49.10167999879026,49.15253129584884,47.457447488056715,48.02878952026367,411254000
2024-01-03,47.34776169269325,48.044738980527136,47.183237655059315,47.4315185546875,320896000
2024-01-04,47.62895205059956,48.35983539054749,47.37070168440111,47.85928726196289,306535000
2024-01-05,48.3219454810566,49.4038088927802,48.16639428593929,48.955108642578125,415039000
2024-01-08,49.36891016503661,52.1239255155236,49.336004592518634,52.101985931396484,642510000
2024-01-09,52.24956456447165,54.16800408255062,51.54061697774943,52.986427307128906,773100000
2024-01-10,53.4610522035269,54.442205820352854,53.334416522190715,54.192928314208984,533796000
2024-01-11,54.840053191345746,55.18605048150879,53.40521272938546,54.6635627746582,596759000
2024-01-12,54.4621436511034,54.81113441098262,54.172984660391826,54.551883697509766,352994000
2024-01-16,54.85899129297286,56.67073742609818,54.74133230021394,56.21904754638672,449580000
2024-01-17,56.18415168775575,56.30779386315222,54.58179762947745,55.8910026550293,474394000
2024-01-18,57.094513264905174,57.43353079531085,55.94484563035105,56.94195556640625,491650000
2024-01-19,57.82140334356974,59.32803795704181,57.05961145486245,59.31906509399414,543501000
2024-01-22,59.87546063771517,60.15664716031092,58.89928981630902,59.48160171508789,452955000
2024-01-23,59.39783691409728,59.73685443495751,58.41568304614902,59.6999626159668,294654000
2024-01-24,60.12972459836109,62.66736781993211,59.764781198476165,61.18466567993164,560271000
2024-01-25,62.169802358134476,62.53773920716308,60.67413746929077,61.43892288208008,482777000
2024-01-26,60.78382411519858,61.60444749366959,60.39794531790314,60.854618072509766,390309000
2024-01-29,61.055035142050976,62.30840232360706,60.73097744998884,62.28447341918945,348733000
2024-01-30,62.71822182118426,63.30950657239777,62.0800682128746,62.59258270263672,410735000
2024-01-31,61.262435580323725,62.08904212424609,60.52457632784889,61.349185943603516,453795000
2024-02-01,61.920518253499914,63.00836847438385,61.4718218777784,62.84484100341797,369146000
2024-02-02,63.78909411738613,66.40750360669273,63.50591457080732,65.96878051757812,476578000
2024-02-05,68.02782694293316,69.29615400361993,67.01077810938553,69.13162994384766,680078000
2024-02-06,69.42876454653677,69.55240673067756,66.10839412447636,68.02583312988281,683111000
2024-02-07,68.12155362100862,70.01706057362387,67.40462981569888,69.89640808105469,495575000
2024-02-08,69.87146734419171,70.58938759388047,69.25426071915464,69.4397201538086,414422000
2024-02-09,70.32916305952648,71.97638935285751,70.00909157292358,71.92454528808594,436637000
2024-02-12,72.39017991002451,74.39536957580593,71.0440830164451,72.03919982910156,613710000
2024-02-13,70.19655257557241,73.2377338167756,69.41880791459157,71.9195556640625,602580000
2024-02-14,72.99045103936953,74.02145939035373,71.7301040369102,73.68643188476562,504917000
2024-02-15,73.65551962549853,73.76120847442633,72.19076331535655,72.44801330566406,420122000
2024-02-16,73.88583129588693,74.18696038926223,72.29145377198925,72.40312957763672,495327000
2024-02-20,71.7390740272432,71.74805069531128,67.53825202114858,69.25128936767578,704833000
2024-02-21,67.80945371472042,68.68890843457064,66.05653886283757,67.2770004272461,673755000
2024-02-22,74.80817959484354,78.34791554573746,74.00550573707999,78.31102752685547,865100000
2024-02-23,80.556523512217,82.15588435298636,77.34582786788651,78.58922576904297,829388000
2024-02-26,79.46967086730548,80.41294376465017,78.27812461798902,78.86343383789062,503973000
2024-02-27,79.151576284054,79.25029679601072,76.9389952975712,78.47354125976562,391705000
2024-02-28,77.39567785845682,78.7048791588161,76.90210568945557,77.43855285644531,393110000
2024-02-29,78.86540846143546,79.7588149945745,78.12355544458728,78.88335418701172,507289000
2024-03-01,79.76879352380037,82.06214938054762,79.20542398518815,82.04120635986328,479135000
2024-03-04,83.88685110747949,87.44155024884783,83.47704345209779,84.99065399169922,615616000
2024-03-05,85.02756212891575,85.85221432148215,83.1798336316164,85.71958923339844,520639000
2024-03-06,87.77173362164056,89.4688902523757,86.78254975478006,88.44779968261719,582520000
2024-03-07,89.90165539673119,92.5032385135836,89.34723648723485,92.405517578125,608119000
2024-03-08,94.86749190765931,97.12306133342042,86.26003174516178,87.27912902832031,1142269000
2024-03-11,86.18327264614543,88.54453635942917,83.92670614472016,85.53013610839844,678364000
2024-03-12,87.79865287127926,91.69852817689657,85.90505025020566,91.65166473388672,668075000
2024-03-13,90.7961026211969,91.24382347923168,88.18354935724443,90.62957763671875,635713000
2024-03-14,89.32230691373881,90.3882676423802,86.35376650266996,87.6939468383789,602318000
2024-03-15,86.68283850567245,89.29139794365639,86.01175546714047,87.5872573852539,642086000
2024-03-18,90.13100922298294,92.1422727821745,86.83739891650431,88.20350646972656,668976000
2024-03-19,86.45348714580204,90.28655945618765,84.76829741224358,89.1438217163086,672171000
2024-03-20,89.54167399398385,90.15293760178423,87.97215190090783,90.11504364013672,479063000
2024-03-21,92.0375720151123,92.38458214165158,90.1479556941056,91.1750259399414,480372000
2024-03-22,90.88185279949899,94.50851255895188,90.5757265000991,94.02090454101562,586719000
2024-03-25,93.67389236206901,96.49085678359809,93.24411810029538,94.73187255859375,552136000
2024-03-26,95.57846759747075,96.10097979295517,92.23899068459922,92.29782104492188,513648000
2024-03-27,92.8472628285773,92.97489725482532,88.8696059634602,89.99340057373047,586067000
2024-03-28,89.74410000319172,91.04040671298513,88.93939536436407,90.09909057617188,435212000
2024-04-01,90.04225806770008,91.96277679415357,88.9503702442798,90.10607147216797,452441000
2024-04-02,88.19651163521841,89.83783523468522,87.37087059473389,89.19766235351562,433064000
2024-04-03,88.23242095077572,90.11704664082849,88.14866014711569,88.71105194091797,370067000
2024-04-04,90.14893737073052,90.3762935173085,85.63580564756691,85.66073608398438,434965000
2024-04-05,86.61901544259366,88.22942906906539,85.68169327218381,87.75777435302734,399678000
2024-04-08,88.44778434677862,88.57741956926614,86.48538552016859,86.88524627685547,283220000
2024-04-09,87.19336556349879,87.38581757145292,82.78593537872872,85.11129760742188,501700000
2024-04-10,83.68737890315158,87.15150043777531,83.47099303047223,86.7915267944336,431929000
2024-04-11,87.17144056555283,90.48100403591603,86.67884945614712,90.35835266113281,431637000
2024-04-12,89.44397103875566,89.91862324437524,87.28113907907206,87.93527221679688,426805000
2024-04-15,88.84466403718538,90.35535577476978,85.68467584656017,85.7564697265625,443077000
2024-04-16,86.18724040676238,87.86744694735988,85.81929391974823,87.16645050048828,370453000
2024-04-17,88.08881052064652,88.52257881551526,83.71129364888468,83.79605865478516,495400000
2024-04-18,84.72840551757585,85.94493790164843,82.16770633584548,84.43025207519531,447260000
2024-04-19,82.91358934859076,84.08424741361141,75.3910397359179,75.98334503173828,875198000
2024-04-22,77.88192715774476,79.8453305652036,76.18277728835372,79.29190826416016,596341000
2024-04-23,80.53935534918725,82.53366896329221,80.03579390039872,82.18865203857422,438559000
2024-04-24,83.71130021339918,83.84292866853282,78.95785602564062,79.45045471191406,512208000
2024-04-25,78.64375119701494,83.08608614140688,78.00058847000186,82.39705657958984,424641000
2024-04-26,83.5796943254643,88.0798637130723,83.14991996305922,87.48555755615234,551011000
2024-04-29,87.34594249418755,87.74180926182623,85.0235621625501,87.50748443603516,388971000
2024-04-30,86.99194868469957,88.5664614931565,86.05462655663052,86.15633392333984,363709000
2024-05-01,84.83509209424766,85.7554641296908,81.0239535153908,82.80487823486328,559863000
2024-05-02,84.20889135183461,85.99180970266082,82.96344197206183,85.57300567626953,377898000
2024-05-03,87.53938813243457,89.0271426544853,86.79251724081982,88.53654479980469,398341000
2024-05-06,89.13584021044993,91.95779560513117,88.80179361610953,91.87802124023438,376203000
2024-05-07,90.8389759868272,91.52003263915564,88.75791206874568,90.29652404785156,437342000
2024-05-08,89.22857828050421,90.93471200217493,89.16575387590268,90.15493774414062,325721000
2024-05-09,90.27160575755214,90.8130611604946,87.98014293885268,88.49467468261719,378013000
2024-05-10,90.04825498881232,91.14113963076369,88.97331691934616,89.62246704101562,335325000
2024-05-13,90.22075318829799,90.73927900416781,88.27729700712642,90.14198303222656,289680000
2024-05-14,89.34425178727211,91.39041950305226,88.68114159761363,91.09626007080078,296507000
2024-05-15,92.20907765380471,94.59228164011105,91.3385587292716,94.3609390258789,417735000
2024-05-16,94.64014935721045,95.54656142094716,93.83543705567772,94.09071350097656,323952000
2024-05-17,94.10069011001252,94.47062985340762,91.54497378951851,92.21605682373047,359691000
2024-05-20,93.48345064124587,94.92932496808272,93.17433446559033,94.5105209350586,318764000
2024-05-21,93.33287026664621,95.1287520032466,92.915062881723,95.11479187011719,328946000
2024-05-22,95.18757861855156,95.74698053068366,92.98386328100148,94.68002319335938,548648000
2024-05-23,101.73792243712086,106.01771960058372,101.23136351439217,103.50389099121094,835065000
2024-05-24,104.15201429523188,106.1722546778935,102.70713677897801,106.16627502441406,429494000
2024-05-28,109.93054124400538,114.61219142145016,109.57056763172464,113.57714080810547,652728000
2024-05-29,112.72856525449089,115.16361558831227,110.58567348866953,114.4985122680664,557442000
2024-05-30,114.32403150789189,115.48970655822384,109.35121090850546,110.18582916259766,484553000
2024-05-31,112.20007402311614,112.39652011050696,106.63594514688756,109.3212890625,613263000
2024-06-03,113.29794252397816,114.67301940917969,111.68453916444382,114.67301940917969,438392000
2024-06-04,115.38699108204422,116.26847269779265,113.72073695926161,116.1059341430664,403324000
2024-06-05,118.03444216742467,122.10084264977675,117.13400975669744,122.09187316894531,528402000
2024-06-06,123.69529221491227,125.22991785379394,117.98358173920542,120.65396881103516,664696000
2024-06-07,119.42945596831338,121.34599585382935,117.68643254910567,120.54428100585938,412386000
2024-06-10,120.02775723865274,122.74999082651334,116.6773100476689,121.44371795654297,313434100
2024-06-11,121.43374431859081,122.53071289546243,118.41211249470811,120.57612609863281,222551200
2024-06-12,122.72018841720352,126.52963983604721,122.23154359875069,124.85427856445312,299595000
2024-06-13,129.03269675342705,129.44156821528892,126.8088590238474,129.25209045410156,260704500
2024-06-14,129.60114223243076,132.4731792100278,127.9656714477386,131.51583862304688,309320400
2024-06-17,132.62277611443673,133.36072299109455,129.2221885999668,130.61831665039062,288504400
2024-06-18,130.77784081405005,135.95351045158046,130.32908658545526,135.20558166503906,294335100
2024-06-20,139.41396587386305,140.3713064535189,129.16235380151105,130.4188690185547,517768400
2024-06-21,126.76897377617152,130.2692833981682,123.95676122395307,126.22048950195312,649445800
2024-06-24,122.89967494041525,124.11630717061917,117.71403760101381,117.78384399414062,476060900
2024-06-25,120.86531742755339,126.15068514494095,118.9905115651875,125.74181365966797,414192600
2024-06-26,125.78171327779911,127.76621614131051,122.2614619181134,126.05097198486328,362975900
2024-06-27,123.75731038151326,126.06093675176166,122.58056851355609,123.64761352539062,252571700
2024-06-28,124.23598924744037,127.35734339260638,122.41104074475835,123.19886016845703,315516700
2024-07-01,123.12905433583957,124.49526638375627,118.50186772113265,123.9567642211914,284885500
2024-07-02,120.79550474728765,123.06921506851164,120.69578241236393,122.33125305175781,218374000
2024-07-03,121.32405134915433,127.92576599121094,121.02487672675784,127.92576599121094,215749000
2024-07-05,127.02825932218164,128.4942089959331,125.33295662282136,125.4825439453125,214176700
2024-07-08,127.13793933281039,130.40888813496693,126.68918503314605,127.84597778320312,237677300
2024-07-09,129.99007251430768,133.45049207075732,128.29475452643044,131.01722717285156,285366600
2024-07-10,133.6599006676726,134.72695337207693,132.0543457649315,134.5374755859375,248978600
2024-07-11,135.37515978161727,135.7740491933907,126.69918573397183,127.0482177734375,374782700
2024-07-12,127.90582806874107,131.5557253023775,126.86870653322082,128.8831329345703,252680500
2024-07-15,130.19948360408995,131.02719355977734,126.82881950170466,128.08534240722656,208326200
2024-07-16,128.0853283678797,128.68366239858466,124.2359867587292,126.01107025146484,214769500
2024-07-17,121.01489915039261,121.51351843622722,116.39768730256174,117.66417694091797,390086200
2024-07-18,121.51351868069985,122.062002939552,116.23812571295703,120.755615234375,320979500
2024-07-19,120.01767057688257,121.26421889531369,117.04590364640599,117.60435485839844,217223800
2024-07-22,120.01766653236042,123.72739542032818,119.52902173833405,123.19886016845703,258068900
2024-07-23,122.44096551828241,124.34569507405075,121.76284290265906,122.2514877319336,173911000
2024-07-24,118.84092133007209,119.6187662154648,113.1267484514862,113.93450927734375,327776900
2024-07-25,112.72785127466838,116.30793416547407,106.00646529957123,111.9699478149414,460067000
2024-07-26,115.86915683172242,115.87912373985303,111.27188621900741,112.74779510498047,293399100
2024-07-29,113.3760676606231,115.95891218291776,110.99266783046404,111.2818603515625,248152100
2024-07-30,111.21204752075072,111.68075088933978,102.2568489765504,103.44356536865234,486833300
2024-07-31,112.58823561538453,118.01320824039244,110.57380945153913,116.69685363769531,473174200
2024-08-01,117.20545726694776,119.82819978465332,106.51505772619602,108.90843200683594,523462300
2024-08-02,103.47348325737674,108.41978599115991,101.09008352011347,106.97378540039062,482027500
2024-08-05,91.80578374541406,103.12444802394918,90.43957172286065,100.17261505126953,552842400
2024-08-06,103.5532409944739,107.4125566839897,100.2723330626157,103.96211242675781,409012100
2024-08-07,107.51229690555586,108.4995686514933,98.41748524596572,98.63687896728516,411440400
2024-08-08,101.71834517220758,105.20868054576371,97.2507125463917,104.68014526367188,391910000
2024-08-09,105.348288539487,106.30563671378638,103.14439207443418,104.46074676513672,290844200
2024-08-12,106.02641463942724,110.76329830179426,105.96658275414626,108.71895599365234,325559900
2024-08-13,112.1295103919247,115.90904559128121,111.27188458899278,115.81929016113281,312646700
2024-08-14,118.20269875673235,118.27250515954668,113.75501518576698,117.75394439697266,339246400
2024-08-15,118.4320598996148,122.89968462856436,117.14562117487446,122.52073669433594,318086700
2024-08-16,121.60328301302395,124.6548308372553,120.84537951120186,124.23599243164062,302589900
2024-08-19,123.93683014253082,129.6410369873047,123.07920421225627,129.6410369873047,318333600
2024-08-20,128.04543898793298,129.52136317375601,125.54237540722741,126.89862060546875,300087400
2024-08-21,126.96838480042898,128.99278501613637,126.31021145414125,128.14512634277344,257883600
2024-08-22,129.66097288180268,130.38895283197962,122.7600756761678,123.39830780029297,376189100
2024-08-23,125.51243939894613,129.24211690201355,124.87420736161047,129.0127410888672,323230300
2024-08-26,129.2122143703238,130.89753484404284,124.02656901853358,126.11079406738281,331964700
2024-08-27,124.70469880770285,128.84323320422493,123.53792378071748,127.94572448730469,303134600
2024-08-28,127.76621672239743,127.97564354365645,122.30135293496008,125.26315307617188,448101100
2024-08-29,121.02487540717718,124.08639756190335,116.38771446055243,117.2652816772461,453023300
2024-08-30,119.1999366155988,121.4138076730475,116.89631773014244,119.0403823852539,333751600
2024-09-03,115.68965014821475,115.8890948214911,106.99372848681783,107.70176696777344,477155100
2024-09-04,105.11893873548212,112.95722819494392,103.83249985400072,105.9167251586914,372470300
2024-09-05,104.70008464878364,109.34722045042044,104.47072401794104,106.91395568847656,306850700
2024-09-06,107.74165540315337,107.85135225389573,100.6712300257278,102.5460433959961,413638100
2024-09-09,104.59038905946406,106.25578342210773,103.40368021481835,106.1760025024414,273912000
2024-09-10,107.51227545978944,109.09788856046698,104.66017286820772,107.80147552490234,268283700
2024-09-11,109.08794174088705,116.86640671242463,107.12338026732812,116.5871810913086,441422400
2024-09-12,116.52733397843357,120.46676839354188,115.07124183313299,118.82118225097656,366052700
2024-09-13,118.76132975848293,119.63897203588232,117.28528706438033,118.7812728881836,238358300
2024-09-16,116.47745888999548,117.86373849865818,114.05396151496328,116.46748352050781,248772300
2024-09-17,117.85376774830212,118.48208669803358,114.52270945275087,115.28067016601562,231925900
2024-09-18,115.57986510061662,117.38501890816246,112.917012138231,113.06661224365234,310318900
2024-09-19,117.03596036023049,119.3397837869768,116.93622949013678,117.55457305908203,293506400
2024-09-20,116.74673611998301,118.30256661567998,115.08120699289479,115.6895751953125,382462400
2024-09-23,116.2381155598996,116.67693294698849,114.55263556044001,115.94889068603516,206228500
2024-09-24,116.20818172536411,121.47405850127808,115.07123304654733,120.54654693603516,354966800
2024-09-25,121.69345582540069,124.60564732192762,121.28455699350084,123.17947387695312,284692900
2024-09-26,126.46066959704271,127.32833649308198,121.47405025345233,123.70805358886719,302582900
2024-09-27,123.63824105329503,123.69807805046355,118.9408465511356,121.07511901855469,271009200
2024-09-30,117.99339940741461,121.1748653861715,117.83383152489164,121.11502838134766,226553700
2024-10-01,121.4441210323085,122.11233379004094,115.4801287113044,116.6868896484375,302094500
2024-10-02,116.12839015216998,119.06051706230515,114.83186611894942,118.53193664550781,221845900
2024-10-03,120.59640479294298,124.02720146176961,120.01795510176126,122.521240234375,277118000
2024-10-04,124.60565935860969,124.70539023390367,121.50398120040512,124.58570861816406,243678100
2024-10-07,124.65551433206126,130.29039598837593,124.61562046227938,127.37821197509766,346250200
2024-10-08,129.91139625758697,133.12278019873037,129.07364789501582,132.53436279296875,285722500
2024-10-09,133.75111306364067,134.16001952786942,131.02842299164354,132.29501342773438,246191600
2024-10-10,131.55700075403345,134.63872798675436,130.64943234270237,134.44923400878906,242311300
2024-10-11,133.65139075503694,135.41665858843493,133.3023364675461,134.4392852783203,170209500
2024-10-14,136.10479144805439,139.22642006970023,135.9352482142016,137.7005157470703,232347700
2024-10-15,137.50104323972985,138.1991821543322,128.3954862474048,131.24783325195312,377831000
2024-10-16,133.62146232310147,136.25439701653355,131.22789086287455,135.3568115234375,264879700
2024-10-17,138.96710708195366,140.51296215395072,136.50371585796043,136.5635528564453,306435900
2024-10-18,138.2989120156457,138.52829226592988,136.9126323168706,137.63070678710938,176090200
2024-10-21,137.76036967912168,143.325439453125,137.63071268872676,143.325439453125,264554500
2024-10-22,142.5275764963188,144.0335302578968,141.400595506541,143.20574951171875,226311600
2024-10-23,141.6498992013604,142.0488226372904,137.09213731314802,139.18650817871094,285930000
2024-10-24,140.44316244306268,140.9717429059513,138.08947737101022,140.0342559814453,172354900
2024-10-25,140.55287134358582,143.74432048434818,140.42322956503693,141.16123962402344,205122100
2024-10-28,142.6173258267159,142.7569505719539,139.67522319765803,140.1439666748047,173586700
2024-10-29,139.91457158033694,141.8793009979601,138.52829188537018,140.87200927734375,157593600
2024-10-30,139.16657905851807,139.9544735111022,136.4438889013892,138.9671173095703,179418100
2024-10-31,137.2317836775648,137.24175143875112,131.756469630996,132.40472412109375,270039600
2024-11-01,134.3395349599235,136.94255111570317,134.2098931927627,135.03765869140625,207127800
2024-11-04,136.84282779526694,138.58814473225323,135.207217103038,135.68592834472656,187528200
2024-11-05,137.08217511986183,139.99435925396384,136.9625011145287,139.5355987548828,160537400
2024-11-06,142.57743460752744,146.09798683530676,141.58011068537002,145.2203369140625,242043900
2024-11-07,145.9982557303204,148.53145192465237,145.77884323892675,148.48159790039062,207323300
2024-11-08,148.37188826922187,149.369212218998,145.8685954157921,147.2349395751953,175665800
2024-11-11,148.2821074463959,148.4516658981078,143.18579701946294,144.8712615966797,182325600
2024-11-12,146.3871892091523,149.2495037052901,145.61924560605905,147.8931427001953,198634700
2024-11-13,148.67106495867824,148.93036366610121,145.5095351466514,145.87855529785156,191903300
2024-11-14,147.24491377788954,148.60127501764129,145.16051028397845,146.3672637939453,194463300
2024-11-15,144.48230195229198,144.85132212671857,139.705127384455,141.60003662109375,250132900
2024-11-18,139.1266784396513,141.1711953957962,136.7829612819808,139.77493286132812,221205300
2024-11-19,140.94184642833903,146.7362969039442,140.61272765546158,146.61660766601562,227834900
2024-11-20,147.0155246522584,147.16511715506326,142.34804073132528,145.4995880126953,309871700
2024-11-21,148.95033233522298,152.48085228758558,140.3234713661803,146.27749633789062,400946600
2024-11-22,145.539474391015,146.7661937868221,140.72241318136372,141.57012939453125,236406200
2024-11-25,141.61001503848368,141.66985203296244,135.45652887967213,135.65599060058594,344941900
2024-11-26,137.33150030488406,138.9272246590056,135.30693397114106,136.5535888671875,190287700
2024-11-27,134.64867978414378,136.8527720620769,131.44727893138864,134.97779846191406,226370900
2024-11-29,136.41396798376013,138.97709782710584,135.68592576491588,137.88003540039062,141863200
2024-12-02,138.45846440112203,140.07412408062024,137.45117284579777,138.25900268554688,171682800
2024-12-03,137.89001081273594,140.16390831614373,137.58084280749418,139.88465881347656,164414000
2024-12-04,141.61999054867616,145.39984134699782,139.91456002292938,144.7515869140625,231224300
2024-12-05,144.73166589534063,146.15793025557377,143.57468662612678,144.68179321289062,172621200
2024-12-06,144.22297517109268,145.32009789302302,140.9415450143936,142.068603515625,188505600
2024-12-09,138.6076455444956,139.58508599383495,136.77244688316378,138.44805908203125,189308600
2024-12-10,138.64753308216282,141.4502189353748,133.44114274667672,134.7178192138672,210020900
2024-12-11,137.00184953896905,139.8045203384501,134.85746151474785,138.94676208496094,184905200
2024-12-12,136.72258646567687,138.07904108019704,135.44592508954074,136.98190307617188,159211400
2024-12-13,138.57773734651352,139.2360201486468,132.19441524956173,133.89996337890625,231514900
2024-12-16,133.83011579862796,134.0495433619733,130.07992554881972,131.6558074951172,237951100
2024-12-17,128.75340490862754,131.24688636654815,126.52922370948323,130.05001831054688,259410300
2024-12-18,133.51097335742298,136.34356467427952,127.94552085179448,128.57388305664062,277444500
2024-12-19,131.41643441707996,133.6805197239663,129.21220544602065,130.33924865722656,209719200
2024-12-20,129.4715360054975,134.92727495716574,127.88568536239204,134.34878540039062,306528600
2024-12-23,135.92467137837366,139.42551415908295,134.76769223262775,139.3058319091797,176053500
2024-12-24,139.63497303105362,141.53001300601622,138.28848684636677,139.85440063476562,105157000
2024-12-26,139.33575896662117,140.48276971800976,137.37089410442982,139.56515502929688,116205600
2024-12-27,138.18876430649956,138.65754010210347,134.3587799168467,136.65277099609375,170582600
2024-12-30,134.47843254273522,139.90425017541338,133.67054705312722,137.13150024414062,167734700
2024-12-31,137.67011945974758,137.71002369221526,133.48107297196478,133.9398651123047,155659200
2025-01-02,135.64539681236818,138.51789243847597,134.27897378808947,137.94937133789062,198247200
2025-01-03,139.6449446721197,144.52219430432945,139.36567593719187,144.09332275390625,229322500
2025-01-06,148.2025685915748,151.7632676182901,147.43458721714921,149.04037475585938,265377400
2025-01-07,152.63098706400407,152.73073241075815,139.6449312609891,139.77459716796875,351782200
2025-01-08,142.20825109505992,143.57467420574872,137.20133554653654,139.74468994140625,227349900
2025-01-10,137.09161147098868,139.55517244006612,133.870037595658,135.55563354492188,207602500
2025-01-13,129.65108668370792,133.14196124495902,129.1723272147668,132.88262939453125,204808900
2025-01-14,135.6952813829554,136.02442280388445,129.71092511662002,131.4164581298828,195590500
2025-01-15,133.30152233922777,136.094224818832,130.9476750631476,135.88478088378906,185217300
2025-01-16,138.2785134363621,138.38822723428095,133.14194748607855,133.22174072265625,209235600
2025-01-17,136.33360735729912,138.13888566634566,135.10681862678206,137.3509521484375,201188800
2025-01-21,138.79717036536638,141.4602070208564,136.7325601923546,140.4628143310547,197749000
2025-01-22,144.28284886721386,147.40467804215123,143.29542449743752,146.6865692138672,237651400
2025-01-23,144.67181084027297,146.8461195709751,143.34527675360425,146.83615112304688,155915500
2025-01-24,147.98314630855361,148.58158800111045,141.51007758845265,142.24813842773438,234657600
2025-01-27,124.47459855123269,128.06520275177593,116.39571246675482,118.1112289428711,818830900
2025-01-28,121.49239920882492,128.66365497133788,115.94689837533355,128.6536865234375,579666400
2025-01-29,126.17017448185184,126.55915701971556,119.7369947161038,123.37747192382812,467120600
2025-01-30,122.77903527699785,124.67408285834512,117.79207196266405,124.32499694824219,392925500
2025-01-31,123.45726093608867,127.51664871512425,118.8792323275003,119.7569351196289,388161100
2025-02-03,114.45081126895413,118.26085104341853,112.71535011762803,116.3558349609375,371235700
2025-02-04,116.65504874608332,120.88399164410859,116.39572451460701,118.34064483642578,256550000
2025-02-05,121.44253659311748,124.67408679210826,120.44514389878061,124.50453186035156,262230800
2025-02-06,127.08778823658054,128.4342745987464,124.8835510706209,128.34449768066406,251483600
2025-02-07,128.88305586640928,130.03005111642076,124.6740584360869,129.50143432617188,228186300
2025-02-10,129.7508034170435,134.64800487659767,129.621152724233,133.22174072265625,216989100
2025-02-11,132.23433823730105,134.12937845518158,130.67840791626125,132.45376586914062,178902400
2025-02-12,129.68099034166102,131.89520313508,128.74343886096966,130.79806518554688,160278600
2025-02-13,131.21697039655388,136.14409236479662,130.82798788427175,134.93724060058594,197430000
2025-02-14,136.1241301373402,138.88691174540978,135.14668970558725,138.4879608154297,195479600
2025-02-18,140.90166414837108,143.06600437599374,137.57036112568994,139.03652954101562,219176600
2025-02-19,139.14625788985987,140.99144057578553,136.86223517532474,138.8669891357422,167536000
2025-02-20,139.6648967001902,140.29325896288867,136.43333891646114,139.74468994140625,143903600
2025-02-21,139.6748562571626,141.09116717483585,133.68053207054632,134.07948303222656,228217600
2025-02-24,136.20394796569565,138.22865397806314,129.74084737496105,129.94032287597656,251381100
2025-02-25,129.64109140603463,129.86051900489684,124.11554286315072,126.2998275756836,271428700
2025-02-26,129.6510837247691,133.38132271635274,128.1549946612343,130.93771362304688,322553800
2025-02-27,134.64801060127058,134.6579790491402,119.69709659183455,119.83673095703125,443175800
2025-02-28,117.71228067710521,124.76384661623277,116.09650940652436,124.59429168701172,389091100
2025-03-03,123.18796891235903,123.37746834229016,111.98724605192426,113.76260375976562,411381400
2025-03-04,110.36150296756519,118.9989197292815,109.82291000037466,115.68757629394531,398163300
2025-03-05,117.27343224392774,117.97160407078815,114.21143704412195,116.9941635131836,284337900
2025-03-06,113.2339891683523,115.04924353236196,109.93262184934352,110.28170776367188,321181900
2025-03-07,110.95994642430617,113.18413566485785,107.27956464269721,112.39619445800781,341755500
2025-03-10,109.61344966651625,111.5583622176382,105.18502403072868,106.70106506347656,366487400
2025-03-11,106.71103594468934,111.94734728122161,104.49682307629253,108.47642517089844,354865700
2025-03-12,113.83293253862912,116.46629097878981,112.59604629385464,115.4488525390625,323857500
2025-03-13,116.73559490158165,117.46376184203,113.50374766538481,115.28924560546875,299033100
2025-03-14,118.31162236591584,121.57339292473429,117.85278046649132,121.36392211914062,277593500
2025-03-17,122.43123309193861,122.58085727393843,117.73308248243704,119.22930908203125,255501500
2025-03-18,117.70316017412442,118.7205909220559,114.25186503478537,115.1396255493164,299686900
2025-03-19,116.97498651717953,120.14698705841565,115.3889900516623,117.22435760498047,273426200
2025-03-20,116.25680439544837,119.89761619602571,116.17700382075364,118.23181915283203,248829700
2025-03-21,116.64582513098318,117.6931791575635,115.1296446207881,117.4039077758789,266498500
2025-03-24,119.57842622721644,121.91254366285413,119.03978374206928,121.10458374023438,228452500
2025-03-25,120.24675110401866,120.9848874515059,118.6208466122723,120.38639831542969,167447200
2025-03-26,118.4313220614094,118.5410383402261,112.42646191953317,113.47382354736328,293463300
2025-03-27,111.0698805170997,114.16208047077859,110.38162149260253,111.1496810913086,236902100
2025-03-28,111.20953292547101,112.58606625933987,108.79562251910656,109.39411163330078,229872500
2025-03-31,104.86553641067388,110.68087252083329,103.38926370156523,108.10736083984375,299212700
2025-04-01,108.2470125996811,109.92278683325367,106.20217397842941,109.87291717529297,222614000
2025-04-02,107.0200962834212,111.69830029652357,106.5213541109438,110.14221954345703,220601200
2025-04-03,103.24961220285616,105.36427425680411,101.344413349133,101.54391479492188,338769400
2025-04-04,98.66118836013088,99.87811296890389,91.87829121020437,94.07275390625,532273800
2025-04-07,87.23998007579976,101.49403230771996,86.40209687721266,97.39437103271484,611041300
2025-04-08,103.54884894952201,105.5837179566193,94.2223717079774,96.05774688720703,476243400
2025-04-09,98.6412345329499,114.8104562069238,97.28465510127192,114.04239654541016,612918300
2025-04-10,109.09486759895934,110.58111717003517,98.9005761841806,107.29939270019531,437812400
2025-04-11,108.22705265135043,111.26938298194372,107.20962195648086,110.65093994140625,313417300
2025-04-14,113.82294410726054,114.00249160148302,108.79562187923341,110.4314956665039,264705000
2025-04-15,110.69084593782598,113.33418114021705,110.22202704858428,111.9177474975586,228966900
2025-04-16,104.28700420641553,106.52136728458446,100.19731179816195,104.2271499633789,397016900
2025-04-17,104.1872406628714,104.20719461222582,99.79831546993584,101.23468780517578,292517500
2025-04-21,98.52153569265882,99.18985605733366,94.80092295909544,96.66622161865234,288501100
2025-04-22,98.53150383378456,99.55891150664588,97.03527729423074,98.64122772216797,241004800
2025-04-23,104.25707410535361,104.53637615126361,101.76336291481968,102.45162963867188,247526000
2025-04-24,103.21967869312851,106.27197821529161,102.85060676252529,106.1622543334961,220815000
2025-04-25,106.58121206849437,111.63845793071249,105.46403435389149,110.73075103759766,251064700
2025-04-28,109.41405834561021,110.09234799288485,105.75328507903306,108.45647430419922,207708500
2025-04-29,107.39914795371472,109.9227823722281,107.16973079396023,108.7457504272461,170444300
2025-04-30,104.20719367744803,108.64599609375,103.81817538074749,108.64599609375,235044600
2025-05-01,112.79553450528941,114.6508560442669,111.02001354244473,111.32923126220703,236121500
2025-05-02,113.8927727544179,115.10970497913567,113.08481279973248,114.21196746826172,190194800
2025-05-05,112.62597685282235,114.38154406705421,112.3766057315755,113.53368377685547,133163200
2025-05-06,111.19957134225872,114.4513652140045,110.541227943435,113.25438690185547,158525600
2025-05-07,112.7656187028628,117.38396890879066,111.99755142427854,116.7655258178711,206758800
2025-05-08,117.95253638522973,118.38145500376595,115.55857217968354,117.07475280761719,198428100
2025-05-09,117.05479580716789,117.9325869721132,114.92017974547274,116.35655975341797,132972200
2025-05-12,121.66318211752383,122.69058990478516,119.97743092665668,122.69058990478516,225023300
2025-05-13,124.66561195964681,130.88991289915035,124.15689275092413,129.6031494140625,330430100
2025-05-14,132.86491109788813,135.09928149974084,131.34873063875938,134.99952697753906,281180800
2025-05-15,133.95217934435928,135.95713281870513,132.32629004982778,134.49082946777344,226632600
2025-05-16,135.87733175434735,136.0070096021913,133.1242801768634,135.05938720703125,226542500
2025-05-19,132.0569351401713,135.5281759604627,132.0569351401713,135.22894287109375,193154600
2025-05-20,133.9521612557517,134.24144022899694,132.28636428496227,134.0419464111328,161514200
2025-05-21,132.72526966841644,137.0543482410567,130.26148202288624,131.46844482421875,270608700
2025-05-22,131.89735290411087,133.9122755767364,131.21907084385478,132.495849609375,187344000
2025-05-23,129.67296865108418,132.3462194682512,128.8350854296202,130.959716796875,198821300
2025-05-27,133.81252390577552,135.31873506532702,132.9746406768617,135.1591339111328,192953600
2025-05-28,135.68780317037033,136.904735369061,134.45091702175245,134.4708709716797,304021100
2025-05-29,141.8921589021039,143.12904506361895,137.56308016740775,138.83985900878906,369241900
2025-05-30,138.37105052724368,139.26878048564038,132.5856374053386,134.7900848388672,333170900
2025-06-02,135.14916370580715,137.7725372671851,135.05937854437917,137.03440856933594,197663100
2025-06-03,138.4308667634816,141.64276735349586,137.60295298700936,140.86473083496094,225578800
2025-06-04,141.83231333868676,142.03180718032695,139.18897047063936,141.56298828125,167120800
2025-06-05,141.8123566062966,143.63775490128222,138.48076233301106,139.63784790039062,231397900
2025-06-06,142.1514855332369,142.90958336053123,141.1540012092415,141.3634796142578,153986200
2025-06-09,142.8297985646697,144.63524295526028,141.58294302195193,142.27120971679688,185114500
2025-06-10,142.3310452201821,143.92701105784593,141.17395971410352,143.5978546142578,155881900
2025-06-11,144.25623511410478,144.6353103750697,141.52293261104455,142.4805908203125,167694000
2025-06-12,141.62269259555393,144.64527893066406,141.50299102868564,144.64527893066406,162365000
2025-06-13,142.13144281545507,143.22875794239724,140.50544068193668,141.62269592285156,180820600
2025-06-16,142.9993260342438,145.82238955213242,142.84968384945327,144.33604431152344,183133700
2025-06-17,144.13651543605366,144.86472525299953,143.42824573031362,143.7674102783203,139108000
2025-06-18,143.6576946584193,145.2936820241915,142.7698725249477,145.1240997314453,161494100
2025-06-20,145.09416929186932,145.84233449814036,142.30101614416546,143.4980926513672,242956200
2025-06-23,142.15140884759998,144.4258301714446,141.6825573691225,143.81732177734375,154308900
2025-06-24,145.2038906048871,147.5980282297711,145.14403982802034,147.5381622314453,187566100
2025-06-25,148.90484638085596,154.07216728635598,148.8948611020321,153.93251037597656,269146500
2025-06-26,155.59840525486092,156.33660039378947,153.6232534017049,154.64076232910156,198145700
2025-06-27,155.65826650868465,158.32174817747665,154.880175871103,157.3640899658203,263234500
2025-06-30,158.01250107649778,158.2718747820143,155.57848281781088,157.603515625,194580300
2025-07-01,155.9076636637482,156.81544119896878,151.1194180014287,152.92498779296875,213143600
2025-07-02,152.6057523429847,157.21446053326332,152.59578228626097,156.8653106689453,171224100
2025-07-03,157.98256705200242,160.58618269349765,157.3840439934681,158.9501953125,143716100
2025-07-07,157.81297934590498,158.92026447090194,156.95508262544374,157.85289001464844,140139000
2025-07-08,158.9402376292259,159.8280598400772,158.00253468758166,159.6085968017578,138133000
2025-07-09,160.82559421950873,164.01776272716893,160.76574343834326,162.48153686523438,183656400
2025-07-10,163.91802564623063,164.0975779997467,161.214648514871,163.6985626220703,167704100
2025-07-11,163.319494380175,167.4792915182188,163.07010595303956,164.5165557861328,193633300
2025-07-14,164.96544774793,165.08516454052796,161.62365204151925,163.66864013671875,136975800
2025-07-15,170.77121644956358,171.97824787505814,168.78607915204378,170.28240966796875,230627400
2025-07-16,170.64153593048928,171.32985042878116,168.4868162544787,170.95077514648438,158831500
2025-07-17,171.59919907952485,173.73396348002274,170.41210769028996,172.57679748535156,160841100
2025-07-18,173.2152376188811,173.82374603307778,170.8410547534149,171.98825073242188,146456400
2025-07-21,172.32739806402674,172.9558617527255,170.58167912560677,170.96075439453125,123126100
2025-07-22,170.9208530826869,170.97073381366536,164.17739532245605,166.62139892578125,193114300
2025-07-23,169.1152710575868,170.84103463039327,167.55908978070133,170.36221313476562,154082200
2025-07-24,172.01814916975516,173.4047480967394,170.88093864849802,173.31497192382812,128984600
2025-07-25,173.18529303585547,174.29257821699642,172.53688923976992,173.0755615234375,122316800
2025-07-28,173.59427940607588,176.56698483220254,173.5443986824528,176.31759643554688,140023500
2025-07-29,177.52466141853475,178.9411858321479,174.5918511336965,175.0806427001953,154077500
2025-07-30,176.07819353379378,179.4499298230835,175.60934208925488,178.83145141601562,174312200
2025-07-31,182.4525537970388,182.8515843840116,175.4996037416905,177.4348602294922,221685400
2025-08-01,173.6641186818972,176.1081221843386,170.47194991004753,173.29502868652344,204529000
2025-08-04,174.7315205700618,179.75918483209097,174.0930867713682,179.55967712402344,148174600
2025-08-05,179.18058718831315,179.81902093485988,175.46968627980374,177.82391357421875,156407600
2025-08-06,175.898641889325,179.4599006050506,175.81883576850015,178.9810791015625,137192300
2025-08-07,181.12583532286254,183.43018196887525,178.3626072705472,180.32778930664062,151878400
2025-08-08,181.10587113034643,182.85159004607542,179.95867528141937,182.2530517578125,123396700
2025-08-11,181.6046387082212,183.39025298215157,179.80903915640334,181.61460876464844,138323200
2025-08-12,182.51242163652668,184.02869221788941,179.0209838780724,182.71192932128906,145485700
2025-08-13,182.1732462738988,183.51994981646104,178.9112567337155,181.14576721191406,179871700
2025-08-14,179.31025614092474,182.57226061200618,179.02097229994772,181.57470703125,129554000
2025-08-15,181.43506987144983,181.45500998578265,177.6044521364236,180.00856018066406,156602200
2025-08-18,180.15820389652,182.49247589603021,180.14821861780752,181.5647430419922,132008000
2025-08-19,181.98369406640825,182.0535301239894,175.0606849397743,175.21031188964844,185229200
2025-08-20,174.74146841521826,175.56943975883806,168.38705663117767,174.9709014892578,215142700
2025-08-21,174.42225404103465,176.46722675550242,173.38478976711397,174.5519256591797,140040900
2025-08-22,172.18775194658505,178.15311905934888,170.78119751777692,177.55459594726562,172789400
2025-08-25,177.91369740024777,181.46498591558236,176.13805314258047,179.3701171875,163012800
2025-08-26,179.61950918930867,181.94381103857447,178.37256711704984,181.32533264160156,168688200
2025-08-27,181.5347912004848,182.04355325393357,178.66184732021665,181.15573120117188,235518900
2025-08-28,180.37766708382995,184.01873199506826,175.97845161993425,179.729248046875,281787800
2025-08-29,177.674269227683,177.71416467354967,172.72639675993378,173.75387573242188,243257900
2025-09-02,169.58412249632292,171.9583050821389,166.81092453439402,170.36221313476562,231164900
2025-09-03,170.6415475595936,171.98825125424256,168.4668876205481,170.20262145996094,164424900
2025-09-04,170.1527518438138,171.43958949445846,168.9955858311417,171.24008178710938,141670100
2025-09-05,167.61895876455202,168.61651253460658,163.66865435915497,166.61143493652344,224441400
2025-09-08,167.14011909123317,170.54178073137314,166.9406114031506,167.89825439453125,163769100
2025-09-09,168.67632677148754,170.56170237945196,166.33208505275803,170.3422393798828,157548400
2025-09-10,176.2078799889887,178.85139113084074,175.04074401948455,176.8961944580078,226852000
2025-09-11,179.2505624618324,179.8491345673521,176.05821341780958,176.74656677246094,151159300
2025-09-12,177.34510547722002,178.1731234709029,176.02825318201792,177.39498901367188,124911000
2025-09-15,175.25011923668302,178.4225264520066,174.0928881658194,177.3251495361328,147061600
2025-09-16,176.5769489507663,177.0757538913052,173.96321593348455,174.46202087402344,140737800
2025-09-17,172.22736966160153,172.78602876073558,168.00748411706098,169.8829803466797,211843800
2025-09-18,173.56417834624654,176.67673180432445,172.54662713675344,175.81878662109375,191763300
2025-09-19,175.34988368438943,177.65435995090164,174.76128231706025,176.2477264404297,237182100
2025-09-22,174.88102184557565,184.10891359634738,174.2924356467209,183.17115783691406,269637000
2025-09-23,181.53508786527138,181.98400930831284,175.78885990523673,178.0035400390625,192559600
2025-09-24,179.34032288959435,179.35029350783142,174.9807575937583,176.54701232910156,143564100
2025-09-25,174.06298508983102,179.82916955782613,172.71622074990066,177.26531982421875,191586700
2025-09-26,177.74415791919978,179.3403398828169,174.51189629291883,177.7641143798828,148573700
2025-09-29,179.99875523700084,183.56023005067578,179.88903275637574,181.41537475585938,193063500
2025-09-30,181.64480411708308,186.9022123120565,181.04623211551163,186.13404846191406,236981000
2025-10-01,184.79726069745416,187.6903232769056,183.46045188172369,186.79248046875,173844900
2025-10-02,189.146847340247,190.59337868298996,187.6105195355423,188.43853759765625,136805800
2025-10-03,188.7378093314507,189.90501102540352,184.93691825112066,187.1715545654297,137596900
2025-10-06,185.0566446584491,186.78250559975277,182.8918329061041,185.09654235839844,157678100
2025-10-07,185.78489078203316,188.6081286768816,183.56022492696124,184.5977325439453,140088000
2025-10-08,186.12408236678675,189.14683908131633,186.09414006589398,188.6580047607422,130168900
2025-10-09,191.77054228398893,194.83321191134357,190.60334055524348,192.1097412109375,182997200
2025-10-10,193.04749823427522,195.15245586263575,181.61489659616785,182.7222442626953,268774400
2025-10-13,187.52073401073042,189.65561858658472,185.51554359294212,187.86990356445312,153482800
2025-10-14,184.3283771191491,184.35830419700528,179.27048784899807,179.59970092773438,205641400
2025-10-15,184.35831474003746,184.42813951825556,176.86625456034105,179.4001922607422,214450500
2025-10-16,181.79445210488134,182.84194556906473,179.34034021746592,181.37545776367188,179723300
2025-10-17,179.74934657743225,183.65999082680747,179.3203816221287,182.78208923339844,173135200
2025-10-20,182.69231029505525,184.75735492260156,181.2956472677441,182.20347595214844,128544700
2025-10-21,182.35309871753384,182.35309871753384,179.37025499304198,180.7270050048828,124240200
2025-10-22,180.7070509305708,183.00155667206866,176.33751483638122,179.84910583496094,162249600
2025-10-23,179.988777912505,182.59254038327154,179.3602787988416,181.72462463378906,111363700
2025-10-24,183.40059008116805,187.0219186862977,183.06140638753934,185.81480407714844,131296700
2025-10-27,189.53590332097463,191.54109366524804,187.97961914819697,191.03231811523438,153452700
2025-10-28,192.58860677151606,202.6644582837766,191.45133202040452,200.54953002929688,297986200
2025-10-29,207.482921843539,211.6828666070652,204.29057291407037,206.545166015625,308829600
2025-10-30,204.65966800141675,205.66726375798942,200.9286166610889,202.4050750732422,178864400
2025-10-31,205.95656932325562,207.4729406961805,201.5870481318289,202.00604248046875,179802200
2025-11-03,207.58265732795536,210.83485992622803,205.068676268978,206.38552856445312,180267300
2025-11-04,202.51479915904252,203.48248192945988,197.4569099225941,198.21510314941406,188919300
2025-11-05,198.29492759193732,202.43500266122365,194.18476438007542,194.74343872070312,171350300
2025-11-06,195.95054108781363,197.1476699621838,185.9345440647224,187.63047790527344,223029800
2025-11-07,184.45808484875374,187.86992448023628,178.48241062826605,187.7003173828125,264942300
2025-11-10,194.6436788693004,199.46213677715232,193.32682642239038,198.5742645263672,198897100
2025-11-11,194.69355355890158,194.9529266552934,190.84277869998112,192.69833374023438,176483300
2025-11-12,195.25221648764446,195.4218083488666,190.673190567689,193.33680725097656,154935300
2025-11-13,190.59336353184335,190.98243076168436,183.4105757073767,186.4133758544922,207423100
2025-11-14,182.4229582335574,190.55347333374138,180.14840873831534,189.71548461914062,186591900
2025-11-17,185.52550787171305,188.54826454585316,183.8794576828592,186.1540069580078,173628900
2025-11-18,182.94170515591497,184.35830936263392,179.22060933347112,180.92652893066406,213598900
2025-11-19,184.34831228056447,187.41098174033533,182.39300555425,186.07418823242188,247246400
2025-11-20,195.4816571057099,195.53154064523628,179.42014682895694,180.208251953125,343504800
2025-11-21,180.80682891210233,184.11888595894638,172.51667761994415,178.4524688720703,346926200
2025-11-24,179.0610093294625,183.06141961318156,176.0581937395723,182.1136932373047,256618300
2025-11-25,174.49194072660026,177.73417270583553,169.14475137656873,177.39498901367188,320600300
2025-11-26,181.19589856886267,182.47283807635972,177.81400147563977,179.82916259765625,183852000
2025-11-28,178.5821404669205,178.86147001761242,176.07814512953246,176.5769500732422,121332800
2025-12-01,174.34231895632354,179.8690869073362,173.26489832447646,179.489990234375,188131000
2025-12-02,181.32556167204697,185.21624923794855,179.56977380817938,181.0262908935547,182632200
2025-12-03,180.6472109015755,182.01393165685582,178.68191808959097,179.1607666015625,165138000
2025-12-04,181.1960032737075,184.08924235816875,179.53989011299373,182.951904296875,167364900
2025-12-05,183.46070200471706,184.22890867632069,180.48766317737477,181.98416137695312,143971100
2025-12-08,182.213626289633,187.56111397793046,181.9741810893209,185.11683654785156,204378100
2025-12-09,185.12679644575,185.2864265695677,182.89203560496765,184.53817749023438,144719700
2025-12-10,184.53819180758595,185.0469957406681,181.61502392815055,183.35096740722656,162785400
2025-12-11,179.85912243695617,180.89670300875093,176.20766331092784,180.50759887695312,182136600
2025-12-12,180.68718311570447,182.39319766595756,174.21232912082112,174.6114044189453,204274900
2025-12-15,177.52459033283526,178.0034654802094,174.6213802569945,175.87843322753906,164775600
2025-12-16,175.8485164107673,178.07332144734244,174.4916907151964,177.30511474609375,148588100
2025-12-17,175.68889685369163,175.71882560019336,169.91240520818417,170.5409393310547,222775500
2025-12-18,174.1225483861358,175.7387615308714,171.41888356310693,173.73345947265625,176096000
2025-12-19,176.2575523358494,181.0263919449467,175.92832091222974,180.56747436523438,324925900
2025-12-22,183.49062822521734,183.73007341419415,181.9243013805983,183.26116943359375,129064400
2025-12-23,182.5428423541149,188.88799500778453,182.47299846788633,188.76828002929688,174873600
2025-12-24,187.50124372172942,188.4689804086018,186.154389299292,188.169677734375,65528500
2025-12-26,189.47662851874142,192.240166195598,187.5611125998212,190.085205078125,139740300
2025-12-29,187.2717899684254,188.31932652162573,185.47598909796272,187.7805938720703,120006100
2025-12-30,187.8005508490403,188.5487999407664,186.49359631469858,187.1021728515625,97687300
2025-12-31,189.12746144975497,190.11514057964584,186.0546497967401,186.0646209716797,120100500
2026-01-02,189.39681300359115,192.47959571470966,187.8204997023152,188.4091339111328,148240500
2026-01-05,191.31233377676458,193.1779786425506,185.7154296257417,187.6808319091797,183529700
2026-01-06,190.07522846701318,191.72137039337454,186.3838692947835,186.80288696289062,176862600
2026-01-07,188.12978540958392,190.9232365533545,186.12446806753155,188.66851806640625,153543200
2026-01-08,188.66852284990722,189.10749810453436,183.28113525242415,184.60801696777344,172457000
2026-01-09,184.64792389684447,185.9049768874807,183.2412119543349,184.42843627929688,131327500
2026-01-12,182.79226917353867,186.6831584288149,182.59273912358015,184.5082550048828,137968500
2026-01-13,184.5681140987238,187.6708543554723,182.97184323887342,185.376220703125,160128900
2026-01-14,183.88968589856495,184.02935843961012,180.3778995796448,182.71243286132812,159586100
2026-01-15,186.06460797964908,189.25713440169068,185.895006678512,186.6133270263672,206188600
2026-01-16,188.63857958929228,189.99540517049002,185.6455833269296,185.79522705078125,187967200
2026-01-20,181.47532662721457,181.95421697054311,177.19534884297914,177.65428161621094,223345300
2026-01-21,178.6320081827799,184.94723253133864,177.9835164834521,182.8920440673828,200381000
2026-01-22,184.31869154642928,185.7353746560278,183.5005985718231,184.40847778320312,139636600
2026-01-23,187.06227125943187,189.15737478680413,186.38386606278428,187.23187255859375,142748100
2026-01-26,186.7230748442759,188.6784906596197,185.55580805974404,186.03468322753906,124799600
2026-01-27,186.80288446054914,189.55643562401056,185.2664711415707,188.07989501953125,143711600
2026-01-28,190.82347487286611,191.9009553855833,189.3968053634026,191.07289123535156,148552700
2026-01-29,190.89331059974717,193.0283141326731,185.62563804704834,192.06057739257812,171764400
2026-01-30,190.76362243793778,194.0359639826301,189.0276790286862,190.68380737304688,179489500
2026-02-02,186.7629812920276,189.8557504766133,184.4484052141589,185.17669677734375,165794100
2026-02-03,185.8052108647954,185.8351396091497,175.81857039871747,179.91897583007812,204019600
2026-02-04,179.04104143486663,179.16075641282603,171.50866453387607,173.78334045410156,207014100
2026-02-05,174.5215964583249,176.40719862825284,170.6307075914073,171.47872924804688,206312900
2026-02-06,176.277498975506,186.56342663955238,174.1923819783884,184.97714233398438,231346200
2026-02-09,183.82983865020864,193.20790343822367,183.52056478242866,189.59634399414062,196387400
2026-02-10,190.93321971968697,192.0306425866914,187.6808205923615,188.09983825683594,136764800
2026-02-11,192.00071425091673,192.80882083578368,188.329312674443,189.6063232421875,144192700
2026-02-12,192.5793648877844,193.1580126884611,186.07458174632154,186.5035858154297,189932500
2026-02-13,187.04232046551596,187.0622780376601,181.16607138035295,182.3832244873047,161888000
2026-02-17,181.3256935584433,186.71308084037668,178.76168607280786,184.53817749023438,162276900
2026-02-18,188.3093443160685,189.92555739322245,186.3239846890322,187.5411376953125,164749100
2026-02-19,186.62329889395997,187.9900957055448,185.22657333636724,187.46133422851562,126554500
2026-02-20,186.13446388219373,189.88568076730476,185.50592973146237,189.3768768310547,178422300
2026-02-23,190.9531700210539,193.49722008283115,189.13742673270812,191.1028289794922,171584800
2026-02-24,191.04296985904048,193.31764595479845,186.96250644177093,192.39979553222656,175123600
2026-02-25,193.9960453222018,197.16862939564908,193.33758246616242,195.10345458984375,250637100
2026-02-26,193.81646526905493,193.8364076167612,183.88969739169633,184.45835876464844,360807900
2026-02-27,180.82687141264745,182.16373952566906,175.96824531148394,176.77635192871094,311636500
2026-03-02,174.60143816018197,183.0317240302905,174.23230678711255,182.0540008544922,209095300
2026-03-03,178.0732983803544,180.47766036606842,176.50695643346228,179.62965393066406,178099400
2026-03-04,180.01876499488523,184.26881453838726,179.63964723402094,182.61268615722656,177731200
2026-03-05,180.74705501791135,183.6303076754259,177.4647422536165,182.9119873046875,198779700
2026-03-06,179.42014994688597,182.3333312190456,176.40721126414203,177.40487670898438,189021900
2026-03-09,176.4171820751478,182.48298979408452,175.1501427003192,182.2235870361328,177213600
2026-03-10,181.97417604353973,186.00475307627937,181.5850871183009,184.33865356445312,179118500
2026-03-11,185.4860219488843,187.1921136401388,184.02934488988058,185.60574340820312,145280400
2026-03-12,183.63027948516628,184.51824924312825,181.33552155955923,182.72235107421875,155762700
2026-03-13,184.49827615888313,185.6656060713691,179.5296376335348,179.83892822265625,160988400
2026-03-16,182.55273992235968,188.44926587891726,180.9962999229416,182.8021697998047,217307400
2026-03-17,184.63795767039014,184.97717862722422,181.26566108165355,181.5150909423828,182497800
2026-03-18,182.06384475172882,182.96180140975886,179.91875397930713,179.98858642578125,156683100
2026-03-19,177.60403750119184,179.56954607641802,175.38909905828712,178.1527862548828,170968500
2026-03-20,177.59405294207926,177.85345450506617,171.32837633709812,172.30613708496094,241323500
2026-03-23,176.85574153065542,177.96321071223454,174.36144294367455,175.23944091796875,182836300
2026-03-24,174.4312942297872,175.81812366395545,173.58322660302642,174.80044555664062,147667800
2026-03-25,176.69612335614488,180.8067226806179,176.44669348987364,178.2725067138672,162602100
2026-03-26,175.66847416549638,176.10745794358192,170.74970926821888,170.8494873046875,186152200
2026-03-27,169.61229451028825,170.58008352629554,166.62910808502988,167.13795471191406,196212700
2026-03-30,168.3950875250076,169.0635577295173,163.89537828689438,164.79331970214844,185627000
2026-03-31,166.58922503111532,174.22177306603788,166.57925331681818,174.0022735595703,226181300
2026-04-01,175.59862725595661,176.96549806235143,174.3514779146501,175.3491973876953,168132000
2026-04-02,171.7873183615289,177.0852211444685,170.9791680862979,176.98544311523438,143143200
2026-04-06,176.75597747742694,177.3845303646084,175.35916114415525,177.23487854003906,107564300
2026-04-07,175.32922705160684,177.8235255680002,173.26395579650787,177.69383239746094,132534900
2026-04-08,184.079243714486,184.83750503722598,179.8888249511496,181.66476440429688,147732700
2026-04-09,181.42529878487736,183.6601958045732,180.20807985372045,183.49058532714844,116428500
2026-04-10,183.88967366981893,189.56669990817062,183.87970195572368,188.1998291015625,160459500
2026-04-13,185.605746824658,189.2274732756209,185.3164148846483,188.87826538085938,133648200
2026-04-14,190.40477641072036,196.0618438720703,190.33494396561244,196.0618438720703,161307000
2026-04-15,196.09178511161633,199.94298301571828,195.2936216855987,198.41647338867188,185338400
2026-04-16,196.97974400923295,199.39423847906178,195.36344336942167,197.8976593017578,134012900
2026-04-17,199.44410763257105,201.2400056483541,198.8155547450397,201.2200469970703,160324400
2026-04-20,199.52392392325544,201.70893187328167,197.38880498867078,201.59918212890625,119381400
2026-04-21,201.66904795828867,202.28762917830338,198.54618104306965,199.42417907714844,107945300
2026-04-22,200.53164182940822,202.03819274902344,198.54617460274403,202.03819274902344,107501000
2026-04-23,201.99828375930824,203.3651545152774,196.77022843278436,199.18470764160156,113561800
2026-04-24,199.50398270942756,210.46890943516505,199.35431566144254,207.79502868652344,214134400
2026-04-27,209.17187844164343,216.33551207209098,206.90706623150768,216.1160125732422,187172400
2026-04-28,209.01225288404052,214.2402930542568,207.72518626919629,212.68385314941406,180275400
2026-04-29,212.2149257168926,212.23488436877426,207.10660696252424,208.77279663085938,123711800
2026-04-30,209.45124259423534,209.82040915320695,198.24685712515335,199.11488342285156,225239200
2026-05-01,200.8209691272831,202.5370477944956,196.67045257290908,197.99742126464844,128647000
2026-05-04,199.04502180842945,201.2699318245734,194.29588290907526,198.02734375,125368100
2026-05-05,198.84548202478717,199.7833407086998,195.58293528206713,196.05186462402344,113406600
2026-05-06,199.43413852494058,207.7950323152332,198.15705885791613,207.3560333251953,188362800
2026-05-07,207.86487247229027,213.7115092245668,206.02907228582575,211.01766967773438,168307900
2026-05-08,212.5441790763045,217.30330524675068,212.40449895841255,214.709228515625,136421400
2026-05-11,213.55186573785767,221.79303819063418,213.40221390900197,218.93955993652344,160685800
2026-05-12,218.05159434962442,223.23973257586303,214.42986778297353,220.27650451660156,159176600
2026-05-13,224.41703053540263,227.32039781394542,221.0647077692387,225.3149871826172,150405400
2026-05-14,229.32582552778115,236.00055597235212,228.77707677625682,235.202392578125,180782900
2026-05-15,229.23602944473367,230.9720668751014,223.7286287034134,224.80616760253906,180977600
2026-05-18,229.34577348371204,229.4754818886306,217.8719993892805,221.81300354003906,146280900
2026-05-19,219.11914008419038,223.96805720569674,217.41304835521052,220.1068878173828,140948200
2026-05-20,222.6710257508039,225.61431038954527,219.9971448577806,222.9603729248047,184201600
2026-05-21,221.78305837384474,226.8814055684356,217.43300079554024,219.0093994140625,203381800
2026-05-22,220.39621757095847,220.50596731800164,214.3101381389001,214.83892822265625,169275700
2026-05-26,216.04617181279934,217.68243116855118,211.5165320236786,214.37001037597656,187202600
2026-05-27,213.63168066177133,213.66161102691768,208.30386252985457,212.1151580810547,167601200
2026-05-28,210.79815519844968,215.02849096688144,210.73829446983814,213.76138305664062,143996000
2026-05-29,214.09065053210412,217.36316924965476,210.64852132770383,210.6584930419922,289410600
2026-06-01,215.23801892090273,224.35717434911126,215.20808855445495,223.8483428955078,212850700
2026-06-02,226.66188583823322,231.75026086454594,220.84519513709748,222.3118438720703,193362900
2026-06-03,221.2143597561905,222.31185725112735,214.02079575535723,214.26025390625,160907000
2026-06-04,213.67091279390368,221.35231998810906,210.73419644348996,218.4156036376953,169022200
2026-06-05,214.2902104723603,214.62982678346356,204.10161444712602,204.87075805664062,219655500
2026-06-08,209.94507132882276,210.23475572682116,205.76975069388217,208.40679931640625,138372800
2026-06-09,210.3845825512031,211.16370951624515,199.11719156565087,207.95730590820312,180962500
2026-06-10,204.20149632565034,206.98838641050182,199.696542748819,200.19598388671875,161746600
2026-06-11,201.26479475008583,205.43013200106668,199.31696212361035,204.64100646972656,158643200
2026-06-12,204.6310298517525,206.83856645475237,203.21261880599855,204.96066284179688,112001800
2026-06-15,208.68648640498938,212.47225882321928,208.10713284720606,212.21253967285156,149936700
2026-06-16,210.94395209283806,211.25361840198772,207.05830064217733,207.1781768798828,125694100
2026-06-17,208.29691745433288,208.9761653200819,202.8530121596522,204.42124938964844,128363500
2026-06-18,207.09826842291386,211.1537281092123,206.26919428756833,210.4545135498047,241272000
2026-06-22,211.2036686200953,213.7508214450341,207.48782537372824,208.41677856445312,122041400
2026-06-23,201.94403040148535,203.54224815949766,199.77645766483005,199.81640625,153496200
2026-06-24,199.89631590195674,201.44458647582786,196.36027935647695,198.77757263183594,151810700
2026-06-25,199.85637045714446,200.5755669254449,191.9152592982058,195.52122497558594,149550000
2026-06-26,192.90414096411192,195.33143282930595,191.0062707295152,192.31480407714844,179304100
2026-06-29,193.63333194293918,195.96071419295149,189.58785574691487,194.7520751953125,148835700
2026-06-30,197.0195429632178,200.4057532237791,194.89191886651452,199.86634826660156,166476700
2026-07-01,195.98069896251877,199.62662840490702,193.23377271109229,197.35916137695312,146147600
2026-07-02,196.9196593659626,199.8363939026278,192.1350197738411,194.61224365234375,142068700
2026-07-06,194.20269428466304,197.32920075051607,193.77318221313826,195.33143615722656,108999000
2026-07-07,192.15498377986222,198.18824142626735,190.92636281467173,196.7098846435547,124154600
2026-07-08,194.9618356993413,204.93069180759116,194.84197470333905,203.891845703125,147419100
2026-07-09,204.23147485952867,204.36131918975943,198.73762239526957,202.5533447265625,132037400
2026-07-10,201.7742207048944,210.7641612313501,201.69430829342895,210.72421264648438,148421000
2026-07-13,208.3069001369788,210.33464515051216,202.77309911383117,203.30250549316406,121411000
2026-07-14,207.96729575339148,212.31243993744155,203.57221964678251,211.5632781982422,124379600
2026-07-15,211.7230919717581,213.57101502024952,205.80969553973085,212.26248168945312,124797200
2026-07-16,209.93509060438328,210.84407715298516,205.61992700554663,207.16818237304688,122986100
2026-07-17,202.41350482950477,206.41901728963356,197.74872640584337,202.58331298828125,144281900
2026-07-20,205.63989694335598,207.50781723343968,202.05391309694542,203.05279541015625,88701500
2026-07-21,207.30802440628602,208.4167843613107,203.78197113093626,207.0583038330078,108685600
2026-07-22,205.57996827489498,214.15038042761168,204.72092886821054,211.82298278808594,137645600
2026-07-23,209.22588688656515,210.63429930291466,205.72979894313582,208.5266571044922,110505300
2026-07-24,207.21812923496972,211.6731509810223,204.5810805834776,206.6088104248047,114836800
2026-07-27,207.96729627325774,208.51668459839084,195.22156333884286,196.2903594970703,154353700
2026-07-28,194.78204700134697,198.47790843456414,192.52457850774027,196.789794921875,134111500
2026-07-29,195.63110696844683,196.84974460884015,189.79762268066406,189.79762268066406,147680800
2026-07-30,193.23377181769484,197.02952748682713,191.3059363552755,194.82199096679688,129010200
2026-07-31,198.2182038580375,201.77422236802423,194.73209918257555,200.52561950683594,139961200
2026-08-03,197.46904862701152,208.50670133078404,196.62999113475112,206.40904235839844,128406900
2026-08-04,211.06382570110384,212.82185300096492,208.8163406042335,211.70310974121094,134922000
2026-08-05,216.6176127852948,221.9716224388697,216.15812022814887,218.9749755859375,158187400
2026-08-06,221.28239358061882,223.38005249670454,216.75745800384053,218.7452392578125,113940600
2026-08-07,221.29237770419127,224.50877992471257,220.41337164588714,223.70968627929688,105669400
2026-08-10,223.15029107269072,223.88946943306019,216.5277120448001,217.3068389892578,115846600
2026-08-11,221.92167541427946,221.9516406634887,215.95834695389817,217.25689697265625,101273100
2026-08-12,220.7929293559802,224.84840415873398,219.95387191061064,223.8395233154297,108783600
2026-08-13,224.80845001468583,226.97602279610956,223.45996804263754,225.04818725585938,98867200
2026-08-14,226.51654155338588,227.23573802273873,224.24907448357243,224.90834045410156,75680900
2026-08-17,225.72741618855906,227.66525027466162,224.60867289832842,224.7584991455078,93678700
2026-08-18,220.20359791537197,221.39227027986857,218.44557057093272,219.49440002441406,103128200
2026-08-19,221.4222404106533,222.62089613745684,216.51772459764655,217.31683349609375,96797300
2026-08-20,218.1159423024499,219.6142657707553,215.41896310784705,216.60763549804688,92457000
2026-08-21,218.17587248780362,218.49552214328025,214.26025565862156,214.48001098632812,98869300
2026-08-24,215.28910206110334,215.34903256074918,207.01835779182306,208.24697875976562,135187300
2026-08-25,210.79412790131315,214.48998931653267,209.87515802586688,212.81187438964844,122309000
2026-08-26,212.40232405945306,213.3612577394914,208.99613188036045,209.4256591796875,179900000
2026-08-27,222.61090164325523,230.21239627098788,220.6530857022795,227.7251739501953,298909800
2026-08-28,227.10587153371227,229.00374173344596,216.56766062888835,217.3068389892578,195116400
2026-08-31,218.62536478578363,221.05265670783686,215.96834944345454,220.53323364257812,124702700
2026-09-01,216.50774446342592,220.1636574397174,214.8595947199138,217.1969757080078,109756200
2026-09-02,218.5454508199983,227.6952163087265,218.23579974693772,224.1591796875,157104700
2026-09-03,225.76737972053164,230.14247379152744,224.49879494304554,228.1946563720703,134681600
2026-09-04,230.83170360414334,234.49759976142684,229.37334400327853,230.10252380371094,135352400
2026-09-08,232.84944771666764,233.44878317831424,224.59868561283858,225.47769165039062,122965600
2026-09-09,225.0281992525124,225.92718720955042,223.21024142511232,223.4199981689453,82955500
2026-09-10,220.52999877929688,220.99000549316406,217.1999969482422,218.36000061035156,105768000
2026-09-11,221.24000549316406,222.0,218.14999389648438,218.2899932861328,89060100
2026-09-14,211.24000549316406,212.77000427246094,208.92999267578125,210.9600067138672,132267200
2026-09-15,213.3800048828125,213.94000244140625,211.16000366210938,212.1699981689453,88059700
2026-09-16,214.13999938964844,216.75999450683594,212.5,213.89999389648438,96563600
2026-09-17,218.3800048828125,219.91000366210938,217.14999389648438,219.33999633789062,94191300
2026-09-18,219.35000610351562,222.72999572753906,218.02999877929688,222.27000427246094,190287400
2026-09-21,222.94000244140625,228.5,221.55999755859375,227.3800048828125,109806100
2026-09-22,226.85000610351562,229.97999572753906,226.5,228.8699951171875,95746700
2026-09-23,228.02999877929688,228.9499969482422,224.02000427246094,225.50999450683594,89547300
2026-09-24,222.0800018310547,224.94000244140625,221.08999633789062,224.5800018310547,77469900
2026-09-25,225.1300048828125,226.94000244140625,223.1300048828125,225.07000732421875,89947700
2026-09-28,229.75,233.2100067138672,228.0399932861328,228.86000061035156,142344300
2026-09-29,230.97000122070312,232.82000732421875,227.02999877929688,227.2100067138672,101494900
2026-09-30,229.27000427246094,232.3699951171875,228.1699981689453,228.3800048828125,121732200
2026-10-01,229.97999572753906,232.2899932861328,228.16000366210938,230.86000061035156,98591400
2026-10-02,236.05999755859375,237.8800048828125,233.60000610351562,233.9499969482422,135167800
2026-10-05,236.08999633789062,240.10000610351562,235.14999389648438,238.89999389648438,127171500
2026-10-06,242.10000610351562,243.3699951171875,238.92999267578125,239.24000549316406,101701900
2026-10-07,237.69000244140625,239.0800018310547,236.3800048828125,237.47000122070312,81772400
2026-10-08,234.9199981689453,237.07000732421875,229.85000610351562,230.47999572753906,118311700
