Date,Open,High,Low,Close,Volume
2000-01-03,80.96658051926102,80.96658051926102,76.3895223612521,79.75655364990234,36345200
2000-01-04,77.44170952383587,78.70434609215928,74.02206881795996,74.28511810302734,33786600
2000-01-05,73.65386541499647,75.44260214650353,70.91815041386803,72.39122772216797,42496600
2000-01-06,73.1277354490092,74.07471331813305,67.13020894455808,67.41956329345703,37134800
2000-01-07,69.81329419877794,75.75820922851562,69.44502512613933,75.75820922851562,28138200
2000-01-10,76.59998045225402,79.07264465641332,75.70561254862193,77.86261749267578,29675600
2000-01-11,77.23129966042258,78.17827744917436,73.23294899680397,74.07470703125,32546600
2000-01-12,74.91648981098515,75.12035315228962,72.39121487353621,72.4438247680664,29050000
2000-01-13,74.49559008454624,77.02086432470034,73.2987153144732,76.8104248046875,25165200
2000-01-14,78.28349996666353,78.80959875676209,77.44174190250587,78.59915924072266,21898600
2000-01-18,77.49433340181841,79.49350833003912,76.96823473649717,79.02001953125,16752400
2000-01-19,78.69779052957892,80.80876159667969,77.803422725449,80.80876159667969,19006000
2000-01-20,80.3878919412085,81.54530923355574,79.13183112962712,80.01962280273438,25958000
2000-01-21,81.22964267483006,81.28225254702878,80.01961561425941,81.01920318603516,18698200
2000-01-24,82.01883462278775,82.17666432379376,76.57370993808054,77.12611389160156,28340400
2000-01-25,77.33648515516711,79.22386366193012,75.25839592820854,78.28346252441406,33276200
2000-01-26,78.49396352474095,78.54657341986477,74.91649065632112,75.1269302368164,23095600
2000-01-27,77.23127682345583,77.86259516261215,73.7590259580961,76.231689453125,30739200
2000-01-28,75.75826156971067,76.15283584871958,71.33902964481088,72.39122772216797,35313800
2000-01-31,72.28598282976849,75.75823528010672,70.28680717654345,75.49518585205078,36014600
2000-02-01,75.36367009282314,77.862639956285,74.44299698523194,77.52067565917969,26417600
2000-02-02,77.65218487787054,79.73027519133659,77.52066017448662,78.17828369140625,26169200
2000-02-03,79.38830665726736,81.33487216178618,77.67848560600083,81.22965240478516,30579800
2000-02-04,81.65051878115955,82.69613995433966,80.99289540180098,81.78204345703125,26640000
2000-02-07,81.86096474119854,83.01838198046998,81.01920674900113,82.91316223144531,17761000
2000-02-08,83.64969325559292,86.5958459740289,83.64969325559292,86.38540649414062,21999400
2000-02-09,85.91191365983751,86.02370962831709,83.12359068128798,83.33403015136719,27258200
2000-02-10,84.01797042790717,86.06975555419922,82.95919669286546,86.06975555419922,26341600
2000-02-11,85.91190174852355,85.91190174852355,82.49226083385483,84.070556640625,24876000
2000-02-14,84.16924876318241,84.1758249995105,82.28186893702151,83.96538543701172,22814600
2000-02-15,83.28143911880802,84.70190586309596,80.7035550273225,84.57038116455078,30572800
2000-02-16,84.09688169956206,85.59626307487487,83.59708790779113,84.17579650878906,25310600
2000-02-17,85.17539042329263,86.9115163553301,83.86014350508243,85.96453857421875,30080200
2000-02-18,86.38538755386595,86.70104670448909,82.86052703857422,82.86052703857422,25271200
2000-02-22,83.33405097285404,84.12319918282425,81.0192162236081,83.12361145019531,37226200
2000-02-23,83.90618312959191,88.38459920540132,83.4655753805769,87.75328063964844,32170800
2000-02-24,88.27936771554008,89.90369755953131,85.85931353501871,89.64722442626953,48868200
2000-02-25,89.38416394299573,90.48897114888327,87.4375988659558,87.59542846679688,32617600
2000-02-28,86.91152049944951,88.96330578969075,84.5966858130235,87.54283905029297,38216200
2000-02-29,89.01591557808726,90.1470279805275,88.3319871487048,89.85767364501953,23978600
2000-03-01,90.27854850317127,91.38335591492337,89.64722998217007,90.59420776367188,24468400
2000-03-02,90.96244012504238,91.06765983600252,88.17411778459862,88.49635314941406,32739200
2000-03-03,90.9098781742403,93.54037233437457,90.06812004299734,93.48776245117188,32017200
2000-03-06,94.0664669273287,95.30279912687692,92.80382978736455,94.22429656982422,23268400
2000-03-07,95.8025569396765,95.85516680070873,91.54115819606652,92.80379486083984,39471000
2000-03-08,93.4351217548499,94.2768796084972,89.46307688295173,93.64556121826172,43512600
2000-03-09,93.6192428547403,97.22301814867103,91.83050767235135,96.80213928222656,30101400
2000-03-10,96.69693820237073,98.012184913502,95.54609733013086,96.38127899169922,29750600
2000-03-13,92.59342621260159,96.06567969557415,92.19885195317289,93.85606384277344,37544200
2000-03-14,94.90823950451106,95.434338393117,88.38461328579744,90.3837890625,39106800
2000-03-15,89.64722061620738,90.06809958623651,85.75409014343781,86.5958480834961,51202600
2000-03-16,88.70026497676456,91.9620778050916,85.01757307381466,91.54119873046875,55282200
2000-03-17,90.90988360564721,93.48776803659439,90.85727371930135,93.27732849121094,31422400
2000-03-20,93.43514361079876,93.85602263607262,89.436792870697,90.64682006835938,21167200
2000-03-21,89.33156350155005,94.22428164386109,87.17455872913335,94.06645202636719,33435100
2000-03-22,95.53952447991622,97.61761435709502,93.54034940819992,95.96040344238281,24370200
2000-03-23,96.36815411160732,99.11702052478132,95.59215832989791,97.6439437866211,19227400
2000-03-24,98.89339751730822,101.43182360067576,96.81530777030268,98.95915985107422,22063000
2000-03-27,99.32742860312169,100.59006540739865,98.59089046729345,99.11698913574219,11752600
2000-03-28,98.47252341916618,99.16960419133338,95.22386397151905,96.59172058105469,18336300
2000-03-29,97.1178092176264,97.17041908177463,92.5933609008789,92.5933609008789,27189500
2000-03-30,90.27855682373047,94.9082264044346,87.12196392779583,90.27855682373047,42328700
2000-03-31,91.02823583393881,93.11947835634832,87.54283162992294,92.17250061035156,31349900
2000-04-03,90.71257305666398,91.85683778856622,84.80711484259379,86.6484603881836,31551300
2000-04-04,87.22716821124406,87.49021757255662,74.33774950692874,85.80670166015625,66213000
2000-04-05,82.0714211910405,87.49023938506433,81.01922348346307,84.28103637695312,37631500
2000-04-06,86.17495453066942,87.43759122708948,83.96534031193431,86.2801742553711,30499900
2000-04-07,87.64803908103237,90.3837521856024,86.38540226353851,89.75243377685547,20645500
2000-04-10,90.59422262241779,90.64683250779666,83.54449798164892,84.28103637695312,26988200
2000-04-11,81.75579940327597,85.43849307009022,80.0196723889207,82.28189849853516,34497100
2000-04-12,82.1766148650128,83.12359250110129,75.96865036176598,77.44172668457031,34824400
2000-04-13,78.12566757202148,80.80877130681819,74.07470703125,74.07470703125,46330500
2000-04-14,72.44378598629964,74.49557077458265,65.6571132250559,67.65628814697266,60851300
2000-04-17,65.67026768502166,75.75820986695868,65.65711521803085,75.44255065917969,55398500
2000-04-18,75.3241794705391,78.28348458331564,73.54859640287316,77.44172668457031,36260900
2000-04-19,77.8625868949008,78.80956430308203,74.96904481434706,75.07426452636719,28082500
2000-04-20,76.07390750786637,76.57370150601625,72.44382478446195,73.44341278076172,21255600
2000-04-24,70.2341969245303,71.75988359929538,67.23543346033686,71.33900451660156,31190900
2000-04-25,72.81205224019052,76.17908355765599,72.39117332550734,76.15277862548828,28663200
2000-04-26,76.28432043291127,77.79685437252934,73.33816736791607,73.5486068725586,25688300
2000-04-27,70.70767872431507,77.84946993475091,69.23460208422517,76.8104248046875,37010400
2000-04-28,78.75696623608431,79.75655364990234,77.54693936672562,79.75655364990234,24828400
2000-05-01,80.59834568796595,81.54532363991332,79.33570841870278,80.49312591552734,23205700
2000-05-02,79.86175993179977,80.4930781921302,75.54775181954182,75.86341094970703,20307900
2000-05-03,75.33734199342018,75.96866050174494,71.98346241794495,75.02168273925781,26589700
2000-05-04,74.91645504395557,76.3895314071794,73.75903790142254,75.17950439453125,17750700
2000-05-05,74.17992310905326,77.70478470359693,74.10100829723511,76.96824645996094,20571200
2000-05-08,76.17911283186456,76.38955237007413,73.86427791155928,73.96949768066406,13903000
2000-05-09,74.49562387688215,75.0217229155607,70.9707603177359,72.39122772216797,19825800
2000-05-10,71.02332608453159,71.53627232847543,66.91975613298088,67.13019561767578,34847500
2000-05-11,69.65549091468709,71.7598864105991,68.07719429275309,71.2337875366211,24709700
2000-05-12,71.8651061853947,73.70645224431769,70.7076886626431,71.2337875366211,17832000
2000-05-15,71.39160762605985,74.60081032701021,69.55026181403915,74.33776092529297,17950800
2000-05-16,75.7582330670918,77.02087028487665,74.12732666078634,76.4421615600586,23758800
2000-05-17,75.1269258028675,76.1791236432438,73.86428839441595,74.86387634277344,20339400
2000-05-18,74.9164456292422,75.21895234438837,71.8650735460287,72.18073272705078,19063000
2000-05-19,70.49721867416136,71.54941596780557,68.44543395155517,68.76109313964844,28178100
2000-05-22,68.70852661132812,69.23462558997535,63.61851899291619,68.70852661132812,43879800
2000-05-23,68.49806307073226,69.55026066014442,62.50053681108288,62.97402572631836,31898500
2000-05-24,63.131843422943696,67.23541324543503,60.81700916410242,66.91975402832031,49476000
2000-05-25,67.55108870724005,69.23460493670399,64.3944957769952,65.44669342041016,29632700
2000-05-26,65.44669342041016,66.7093305925081,63.76317719094622,65.44669342041016,18203200
2000-05-30,67.34061843727173,72.33855496191299,67.34061843727173,72.02289581298828,31590400
2000-05-31,71.10225038169918,72.9567485881031,69.65547873131315,69.97113800048828,29675400
2000-06-01,71.7072612069366,74.39036489112864,70.70767355988465,73.5486068725586,28993500
2000-06-02,77.9678578395869,79.07266554176728,69.44505556562396,78.80961608886719,31677200
2000-06-05,77.65214740517573,80.23003034748848,77.33648826938233,79.00685119628906,23784300
2000-06-06,78.44133108478702,79.96701760488014,76.49476552466824,76.8104248046875,23200500
2000-06-07,77.07348460273157,79.12527019966436,75.38996821550467,78.86222076416016,22524400
2000-06-08,79.6513209304605,79.86176035167705,77.12604787586201,78.49390411376953,19313800
2000-06-09,79.756552734375,79.756552734375,78.2834765625,78.914794921875,17014600
2000-06-12,79.38831255258607,79.38831255258607,75.75823066648373,76.3895492553711,16484700
2000-06-13,76.17909345955685,79.65134495702284,75.21896331063633,79.33568572998047,25187900
2000-06-14,79.86177780379111,79.86177780379111,77.02084499654163,77.54694366455078,20274500
2000-06-15,77.3364990234375,79.02001464843751,76.4947412109375,78.914794921875,18807800
2000-06-16,79.75656469937029,80.23005353993383,78.33609817767966,79.33568572998047,21203400
2000-06-19,79.13842168024608,82.70274148668561,78.02046159335545,82.49230194091797,20042500
2000-06-20,82.7027422407983,83.91276963999574,81.80837416313064,82.17664337158203,20988300
2000-06-21,81.49269495601148,83.93905410091433,81.38747520784361,83.22882080078125,20880600
2000-06-22,83.01839332880937,83.33405261903297,79.54614113634965,80.17745971679688,21526700
2000-06-23,79.96705935952441,80.38793861931138,76.91568472606887,77.02090454101562,24888100
2000-06-26,78.33614896713419,79.48041440705036,77.44178057731466,79.12529754638672,22169200
2000-06-27,78.92797450069463,80.01962953878123,77.75740464057769,78.17828369140625,14786000
2000-06-28,78.27038658552982,80.38793527319076,77.86265981958267,79.12529754638672,19259800
2000-06-29,78.2309146708743,78.59918393966792,76.28434853582228,77.1392593383789,21355800
2000-06-30,77.28391464896823,79.0858030606273,76.86303560390918,78.65177154541016,15153100
2000-07-03,78.7043830290867,80.17745971679688,78.49394350227095,80.17745971679688,5212000
2000-07-05,78.80960484006707,79.09895919695649,76.4947699849516,77.07347869873047,16489000
2000-07-06,77.07351124033015,79.75661640978875,75.8108735135261,79.12529754638672,23594700
2000-07-07,79.96702391782878,81.65054021083571,79.49353496042059,80.75617218017578,16603200
2000-07-10,79.70393339030622,80.703520673749,79.12522496304986,79.53295135498047,12659400
2000-07-11,79.17786236813194,80.59832900197883,78.12566486157868,79.96701049804688,14374600
2000-07-12,80.33529806749986,82.28186390148643,79.65136953123431,81.8609848022461,18252600
2000-07-13,82.43967336083426,83.96535972169208,81.75574499217386,82.91316223144531,19566700
2000-07-14,84.38624502620343,85.12278332443711,83.17621782196235,84.701904296875,17219400
2000-07-17,84.96495160189542,85.91192939064719,84.07058369029652,85.64888000488281,13140500
2000-07-18,84.49149769155224,84.8334620346376,82.7948284508595,83.75495910644531,20684000
2000-07-19,82.75535288813182,83.28145176218224,80.51943267341751,81.8609848022461,21828500
2000-07-20,82.38706018203223,84.59667482292964,81.87411392610962,84.491455078125,19521200
2000-07-21,82.86055510806054,83.76807547352978,81.65052795410156,81.65052795410156,14411400
2000-07-24,82.43967463844702,83.33404251901727,79.33569199411492,79.96701049804688,18579200
2000-07-25,80.49311550728024,81.65053285444374,78.96742900420107,80.59833526611328,19065700
2000-07-26,80.38790614308876,80.91400500528174,78.49395023919399,80.49312591552734,20318700
2000-07-27,79.07265883465202,80.01963678476761,77.07348316218577,77.33653259277344,26141800
2000-07-28,77.59954672065571,78.17825520467416,72.39117036448965,73.1277084350586,36485600
2000-07-31,73.75905014667205,75.86344530064272,72.15444884176941,75.28473663330078,27609900
2000-08-01,75.60036452836422,75.74504163515128,73.81162938990606,74.28511810302734,15751800
2000-08-02,73.96949747163956,76.08704531888955,72.81208001475757,72.96990966796875,23578200
2000-08-03,70.91809598742145,76.81040069854252,70.12894803503916,76.12647247314453,35874700
2000-08-04,77.44170660053311,78.08617732462042,75.02165326926645,75.86341094970703,22283400
2000-08-07,76.49474361595422,78.30978395622273,75.96864496660103,77.65216064453125,15103300
2000-08-08,77.49436532738675,79.33571141459552,77.02087633353305,79.2304916381836,14832300
2000-08-09,78.86224060266763,79.49355940669166,76.91567429026023,77.12611389160156,18649800
2000-08-10,77.28389571156033,77.63901231881223,75.33733060514255,75.60037994384766,15336200
2000-08-11,75.126901515314,76.69204529688304,73.96948426507807,76.652587890625,21050600
2000-08-14,76.9156063243907,78.28346252441406,75.92917156475846,78.28346252441406,12539300
2000-08-15,78.07302310902585,79.11206772250515,77.44170486286123,78.28346252441406,14090300
2000-08-16,78.65175289070297,79.7039502537893,77.4417259231537,79.0726318359375,15245300
2000-08-17,78.23089069236974,80.70355502494633,78.17828081295322,80.59833526611328,14492400
2000-08-18,80.75616841554016,81.33487711428344,79.70397078146146,80.17745971679688,14706700
2000-08-21,80.80877270124346,81.53215852457816,79.44091587166513,80.38789367675781,13560100
2000-08-22,80.80877270124346,81.95303754906381,80.19060663403017,80.38789367675781,14878200
2000-08-23,79.70395001609788,82.01878420798455,78.9805643311333,81.703125,21396400
2000-08-24,82.01882693642064,83.07102484452098,80.86140923751029,82.96580505371094,13567700
2000-08-25,82.90001444623545,84.1363465671217,81.65052985597805,82.51859283447266,11764700
2000-08-28,82.70272273339596,84.04427453346058,82.43967336083426,82.91316223144531,12314200
2000-08-29,83.01837094624837,83.47870728704665,82.3739000691308,83.33403015136719,11162800
2000-08-30,82.75533193402586,83.75491954162058,82.29499553579144,83.22882080078125,10545300
2000-08-31,83.86011698442485,85.85929166786785,83.22879866333759,85.54363250732422,15588700
2000-09-01,86.70106571397305,87.13509714124264,85.175379484783,86.38540649414062,14071900
2000-09-05,85.54369567027643,85.64891546814886,83.68919673277506,83.75495910644531,16348300
2000-09-06,83.5444748799006,83.7417618955175,80.3878826300303,80.80876159667969,20964900
2000-09-07,81.49270381563028,83.68916629742664,81.28226429641626,82.5975112915039,16669700
2000-09-08,82.29499463370846,82.49228165936063,79.76972070536068,80.07222747802734,23475200
2000-09-11,79.54614590731533,80.91400291365807,77.44175051294192,78.12567901611328,27262100
2000-09-12,78.70436983330306,79.70395741808431,76.46845023576604,76.91563415527344,24256000
2000-09-13,75.96866997295523,79.02004314361409,75.75823044394427,78.70438385009766,34093100
2000-09-14,80.17741726290795,80.75612565522553,77.98095586479351,78.28346252441406,28615300
2000-09-15,78.38872367759667,78.80960273089921,76.33693829274684,76.863037109375,24994600
2000-09-18,77.28389820104182,78.2834857203201,74.07469616546419,75.65299224853516,29218500
2000-09-19,76.38954466545366,78.9411238088934,75.65300635600714,78.44132995605469,27568700
2000-09-20,78.5991468845302,80.16429053902469,76.86302115013294,79.6513442993164,33123200
2000-09-21,78.91482980842264,79.53299597525529,73.23296206221622,73.8642807006836,25031400
2000-09-22,73.75907752236505,78.49396837615454,73.65385772561417,78.23091888427734,33710100
2000-09-25,78.80957677442588,79.33567541777985,75.7582046429728,76.15277862548828,20560800
2000-09-26,76.40269655884771,77.86262069691486,74.85070513279433,75.28473663330078,26011200
2000-09-27,76.28431380086235,76.75780264514356,74.07469919421668,75.38994598388672,28482900
2000-09-28,74.6797290190088,78.283506009359,74.6797290190088,77.07347869873047,29050000
2000-09-29,77.44175354863556,77.82317522881736,74.65342954178931,74.70603942871094,27198800
2000-10-02,75.96862797366096,75.96862797366096,72.3911579582808,73.02247619628906,24968200
2000-10-03,74.12731399990264,74.75863250096639,70.08950608684903,70.70767211914062,35731200
2000-10-04,70.28679519987455,73.11457606962998,69.12937791364907,72.07553100585938,37672100
2000-10-05,71.75985109198736,73.39075679862343,71.18114261543907,72.28594970703125,23443100
2000-10-06,72.02287892261184,72.86463645567378,68.39279956128223,69.86587524414062,36335800
2000-10-09,69.49759158135903,70.5497882744909,66.8144900138728,69.55020141601562,28834600
2000-10-10,68.86637447932578,70.12901236129967,65.55195003914433,65.92021942138672,35283200
2000-10-11,64.71018176299232,67.72209875968444,64.02625301265175,64.86801147460938,48462600
2000-10-12,66.70933996064096,66.97238940843528,62.63207351982891,63.23708724975586,53223600
2000-10-13,62.86879363426795,68.70848910991963,62.81618376511794,68.39282989501953,42410200
2000-10-16,68.2876164273518,69.28720403299099,67.13019919976955,69.02415466308594,27644900
2000-10-17,69.97114766520053,70.01060507929745,65.65713705727087,65.8675765991211,52101400
2000-10-18,64.6048997976841,68.34019937882056,62.7635549337436,65.65709686279297,64354400
2000-10-19,69.35297089267705,71.64150055991122,68.55067026220989,71.60204315185547,44278900
2000-10-20,71.12855696626369,73.9694904545612,71.03648967729109,72.65424346923828,40692200
2000-10-23,72.54898834228516,73.65379527135549,70.81286316803178,72.54898834228516,28989200
2000-10-24,72.7594601024281,73.23294899680397,69.33981808749112,69.44503784179688,31466200
2000-10-25,68.39282799685556,69.02414640913423,64.72328972548581,65.55189514160156,48635400
2000-10-26,65.81493866611534,67.34062469434663,61.974418664015886,67.23540496826172,69991300
2000-10-27,68.06404281251339,68.90580102314158,65.22310885164327,67.10391235351562,51046400
2000-10-30,65.81492373425534,67.23538971413136,63.723682152771204,64.61804962158203,35496700
2000-10-31,65.65713355654762,69.49765499054439,65.55191379123264,68.7742691040039,43863800
2000-11-01,67.6036646336685,69.70805886351033,66.65668723023968,68.182373046875,45186400
2000-11-02,69.18198428502896,70.07635214270614,68.23500655337078,69.02415466308594,26594300
2000-11-03,69.76070367886304,70.6550716747459,68.7216585071756,69.91853332519531,29837100
2000-11-06,70.39199768945609,70.81287659940799,69.0241412321124,69.39241027832031,23485800
2000-11-07,68.5506554869212,69.41871827704722,67.55106803162457,69.12936401367188,24334400
2000-11-08,69.12936531751886,69.2345850516399,63.65793914322513,63.72370147705078,40338200
2000-11-09,62.921426774646314,64.76277287591104,61.44834989363452,63.710575103759766,64955900
2000-11-10,62.50055200131513,63.710579523226116,60.396156311035156,60.396156311035156,49235500
2000-11-13,59.725373053504065,62.44793465272788,57.46314795656447,60.488216400146484,75023400
2000-11-14,61.448348364026444,63.9736229543289,61.237908814834576,63.842098236083984,44829500
2000-11-15,63.6053557018471,65.70975125856661,62.960884562601755,65.13104248046875,37760900
2000-11-16,63.44750000968397,64.81535656047318,61.34310531616211,61.34310531616211,33898700
2000-11-17,61.60615664934094,63.28967245871661,59.764811232836294,61.30364990234375,49913800
2000-11-20,59.712196218703475,60.65917377988115,58.29172987693696,58.8046760559082,46862300
2000-11-21,59.08091577235943,59.87006424661178,57.60783862042171,58.712646484375,42128600
2000-11-22,57.607816907299394,59.02828362556157,55.9769106752206,56.082130432128906,56623700
2000-11-24,57.5551877635289,59.44914275391925,57.38420571578533,59.29131317138672,19987900
2000-11-27,61.08006050130428,61.3957197287012,57.87085835610225,58.554786682128906,35416600
2000-11-28,58.02867212794111,58.87042983786591,54.977300429463696,55.095672607421875,48812700
2000-11-29,55.39820390566813,56.18735210945258,52.60988025229643,52.9781494140625,66189300
2000-11-30,51.97855973202311,54.082954862874246,50.92636216659754,53.01760482788086,74792600
2000-12-01,53.92510360106826,56.20047992374748,52.29419802874327,53.872493743896484,57112500
2000-12-04,53.97773327460656,55.01677833520449,51.97855796813965,54.714271545410156,49106300
2000-12-05,55.608614222545945,59.764792579765555,55.135125548938646,59.50174331665039,76531800
2000-12-06,59.42285768424764,60.856476871406336,57.02910821578082,57.23954772949219,63352100
2000-12-07,56.397773283764835,58.068136438391264,55.135136568456666,55.97689437866211,41481100
2000-12-08,59.843736711670374,61.86921703114229,56.92388845892514,57.23954772949219,65856900
2000-12-11,60.65918566920177,62.94771522393748,59.72536039111995,62.605751037597656,51829800
2000-12-12,61.869194366814426,62.18485352174715,60.02784929637352,60.317203521728516,31054500
2000-12-13,61.8166090819369,61.86921896200664,57.50259891621876,57.85771560668945,51661600
2000-12-14,57.67357637503863,58.66001154678957,54.92471036309266,55.029930114746094,41562700
2000-12-15,54.082958945556165,55.24037635489686,52.66249212500167,53.76729965209961,59026100
2000-12-18,54.8457761015743,55.52970424480736,52.662467028945684,53.872493743896484,42950000
2000-12-19,53.41216959156899,55.43764955145612,49.4532769426987,49.76893615722656,80489200
2000-12-20,48.24325922139058,49.13762716769771,46.086254174414556,46.914859771728516,81432100
2000-12-21,46.30984368318964,49.45328379687391,45.66537269753889,47.19105911254883,85875600
2000-12-22,48.50630310153173,51.136796762135404,48.40108335510758,50.92635726928711,57240000
2000-12-26,51.005279006409694,52.12323896400248,48.821968971581434,51.24202346801758,37082800
2000-12-27,50.242424611512774,52.346819359638964,49.61110618707492,51.82072067260742,33955500
2000-12-28,51.16310758969064,52.59672679978737,50.715923615898994,51.715511322021484,30996900
2000-12-29,51.82074252747366,52.38629885455015,48.821978746696,49.137638092041016,49191000
2001-01-02,49.29545109174405,49.40067083793774,44.13968352825321,44.981441497802734,62514100
2001-01-03,43.92924336461095,54.92470667383692,43.90293842846447,52.5572624206543,118175700
2001-01-04,51.87333225013041,53.556848104090015,50.70276263292412,51.61028289794922,58465400
2001-01-05,51.61026695706197,51.61026695706197,47.13842935120033,47.664527893066406,68782000
2001-01-08,47.40149146917085,48.40107896963061,45.04719985624588,48.19063949584961,55576500
2001-01-09,48.61151844341162,49.76893554920713,47.6645408113971,48.19063949584961,53318900
2001-01-10,47.243672593731745,50.82114446051767,46.92801331136828,50.66331481933594,74258300
2001-01-11,49.88730008234049,53.60944770250985,49.8215377568958,52.13637161254883,65451700
2001-01-12,52.82030426063395,54.3986002046768,51.76810696460539,52.807151794433594,60793900
2001-01-16,52.66247976700725,52.96498651891563,50.97896393029973,52.175838470458984,32203300
2001-01-17,54.2933984745272,55.22722388433617,53.14913353574719,53.76729965209961,61388800
2001-01-18,53.97771825656085,56.18733245419784,52.767691434045354,56.029502868652344,54934700
2001-01-19,57.3579075190394,57.50258465334562,55.18775050444607,55.819068908691406,56292500
2001-01-22,55.45077197116198,56.39774910159928,54.50379484072468,55.87165069580078,35777100
2001-01-23,55.47710424330423,57.58149890402701,54.97731051138257,57.0422477722168,49859500
2001-01-24,57.292154109677796,58.18652198834127,56.18734673015233,56.50300598144531,53905400
2001-01-25,56.29255956457567,56.9633353911629,54.20131728168606,54.29338455200195,57151900
2001-01-26,53.50424279450518,55.503418041497504,53.03075392021752,55.17460632324219,45681400
2001-01-29,54.50383708726115,56.60823234159555,54.08295803639427,56.39779281616211,31514100
2001-01-30,56.524063414666884,57.0206976612722,55.55604021736745,56.18735885620117,42439300
2001-01-31,56.60822549249934,57.231124614227724,54.12504196166992,54.12504196166992,59322200
2001-02-01,54.335476922190146,55.22773827245479,53.53580303584245,54.84053039550781,45142600
2001-02-02,54.66376583067034,54.96679922031199,50.50547931222402,51.810203552246094,47471000
2001-02-05,51.507166070921336,52.10481663570527,50.606485351620094,51.76811218261719,36016300
2001-02-06,51.759692809419626,53.131755824774146,51.48191117117455,51.8522834777832,42417700
2001-02-07,50.934777841427945,51.515592946996435,49.3101877702979,51.010536193847656,61972200
2001-02-08,51.26307153753026,51.76812513245026,49.31019292762934,49.486961364746094,48269500
2001-02-09,49.03240597075859,49.327020001183506,47.13845037532156,47.475154876708984,55385200
2001-02-12,47.34887445382599,48.77144392588256,46.818566160848846,48.04753494262695,50540400
2001-02-13,48.52736608257435,49.81525522227371,46.279869807257505,46.507144927978516,58914000
2001-02-14,46.63339777993257,48.611527935303265,45.55594528027531,48.35900115966797,63048200
2001-02-15,49.495369791665695,50.91794286771258,49.07449079137763,49.158668518066406,67801300
2001-02-16,47.10477778351155,47.87077744928479,45.90106356428903,46.40612030029297,66779700
2001-02-20,46.919585762770666,47.003760266563035,44.02393659317163,44.60475158691406,55298400
2001-02-21,43.392608329987446,45.51383809668964,42.86230008554921,43.350521087646484,72349000
2001-02-22,43.30845641236645,43.906103913760724,41.15355444450032,42.929664611816406,103855500
2001-02-23,42.16366036547804,43.434713593420156,40.59798989681079,43.0811767578125,93337900
2001-02-26,43.838755575630536,44.276466883888276,42.298336985884525,43.89767837524414,78342700
2001-02-27,43.384217526110916,43.83876771562167,41.16197643657298,41.246150970458984,66741700
2001-02-28,41.62493766754896,42.264672395014735,39.4447841135128,39.94142150878906,102187900
2001-03-01,39.53737752495197,41.414497633328835,38.510431653326556,41.07779312133789,101773000
2001-03-02,39.73097571394013,41.77644778066121,38.4262515391763,39.310096740722656,95927100
2001-03-05,39.98352078833548,40.707433467955966,39.638400000499345,40.02560806274414,43888400
2001-03-06,41.498666059360026,42.643457378688865,41.330313828096656,41.58284378051758,60828600
2001-03-07,42.424615360855235,42.44986707979241,41.22090085537377,41.59968948364258,55215500
2001-03-08,41.54075700975354,41.92796813941995,40.48855948457182,40.82526397705078,48965200
2001-03-09,39.77304849047095,39.87405850817799,37.83700656065814,37.9632682800293,79990900
2001-03-12,37.037366448393236,37.83703750255782,35.18549748376293,35.60637664794922,80674000
2001-03-13,36.01041874963836,37.66026744443943,35.46327778578016,37.41615676879883,80024400
2001-03-14,35.94305551281565,38.03903045064138,35.61477051371409,36.826900482177734,97190000
2001-03-15,38.04747618154001,38.14007010923166,35.3959362256832,35.4801139831543,74135500
2001-03-16,35.25280769310682,36.027223110983485,34.141687965079264,34.68041229248047,77784500
2001-03-19,34.88245221472438,36.414451599121094,34.30164031988786,36.414451599121094,53248200
2001-03-20,36.565984177052805,36.877437100733744,33.83868872664645,33.96495056152344,104796200
2001-03-21,34.10805116098156,35.185500898322,33.42622569285322,33.96495056152344,96200700
2001-03-22,34.17536894398796,36.02723693847656,33.24102038625809,36.02723693847656,130208100
2001-03-23,36.658555354025985,36.8942497460128,34.93295232706787,36.02723693847656,95277500
2001-03-26,36.59121913122607,36.616470842201366,34.975042196719926,35.19390106201172,57666200
2001-03-27,35.18547179106747,36.80164827114628,34.86560296076161,36.40602111816406,69945300
2001-03-28,35.26965749180256,35.52218422100548,33.40095391580811,33.417789459228516,77863500
2001-03-29,33.14844006113852,34.18380230073128,32.323517379456156,32.78648376464844,79654700
2001-03-30,33.081072808686734,33.65346822960664,31.986788578475288,32.954811096191406,63661300
2001-04-02,32.971641344194005,33.54403672903663,31.397555641401883,31.481733322143555,69713600
2001-04-03,31.313388941963517,31.776355062249674,29.14165240567615,29.175323486328125,89015700
2001-04-04,29.217427446097865,30.14336342742347,28.283075295320106,28.661867141723633,76473900
2001-04-05,30.30328835889603,31.953133287783448,30.059177765352448,31.40599250793457,87035800
2001-04-06,31.0608687147271,31.229217730873888,29.882406335389664,30.261198043823242,86123600
2001-04-09,30.968278118197148,31.473331642379957,30.17702352964488,31.1871337890625,51638700
2001-04-10,31.902630080535868,34.05752854572788,31.80161680669099,33.50196838378906,94265100
2001-04-11,35.48851646418845,35.77471430708722,34.04911108272045,34.51207733154297,92829500
2001-04-12,33.9228422199785,36.02723693847656,33.670315495969035,36.02723693847656,79531500
2001-04-16,35.303326111117315,35.7157889059752,33.72082352888899,33.88075637817383,65229800
2001-04-17,33.62823411832902,35.94306871305558,33.58614685881714,34.72251892089844,94694300
2001-04-18,36.80166723708185,40.40439108092778,36.363952615045505,38.34208297729492,128891400
2001-04-19,38.80503445566039,41.03569397676667,38.3673232123,40.65690231323242,110467600
2001-04-20,40.55591246998393,41.61652644500995,36.237691777339904,40.7411003112793,80598100
2001-04-23,39.55419784331978,40.16868061173348,37.786504652506174,38.00536346435547,79317600
2001-04-24,37.96328848816888,39.07440890755562,36.82691635367635,37.28988265991211,88888300
2001-04-25,36.95316168085779,38.36731477295858,36.27975300000936,37.9632682800293,68418400
2001-04-26,38.63669077301604,38.93130476792015,36.927919969417026,36.995262145996094,71110200
2001-04-27,38.00536346435547,38.27472568582309,37.23936404498486,38.00536346435547,55580000
2001-04-30,38.93130815346671,40.042428475232846,38.13163739783375,38.84713363647461,73859100
2001-05-01,38.88921011386948,40.471715640814864,38.215804531462226,40.44646072387695,54498300
2001-05-02,41.07779617616997,41.582852981715945,39.98351124739901,41.229312896728516,77566500
2001-05-03,40.320219245466994,40.320219245466994,38.88922965683102,39.394283294677734,67124900
2001-05-04,38.131621092415,40.57271957397461,37.97168829409789,40.57271957397461,72673400
2001-05-07,40.404405102416135,40.90945888177489,39.646821222324384,39.73099899291992,45561600
2001-05-08,40.65689405497296,40.69898129547213,39.55419358306172,40.57271957397461,56970700
2001-05-09,39.60470921830287,40.36229262545384,39.09123637690628,39.18383026123047,60984600
2001-05-10,40.33704139575025,40.44647083369739,38.48517638400911,38.52726364135742,61130300
2001-05-11,38.58619361072813,39.07441166654204,37.954875000088634,38.34208297729492,48760400
2001-05-14,38.13163205844388,38.18213868819813,36.49020351852329,37.72758865356445,43108000
2001-05-15,37.79492402814321,38.97338294430131,37.52556180667558,38.00536346435547,69007600
2001-05-16,37.29828867815664,40.00033040234057,37.087849231518305,39.688880920410156,80110500
2001-05-17,39.94139508762872,41.06935029629962,39.78145910327046,40.320186614990234,73810700
2001-05-18,40.10134488006431,40.724247123981456,39.63837868838275,40.43804931640625,41095100
2001-05-21,40.547466240942704,43.05590697389378,40.10975506943323,42.97172927856445,85426900
2001-05-22,43.19061404740699,43.72933877726581,42.23942639003288,42.84549331665039,77233900
2001-05-23,42.45826701699558,42.46668639412436,40.943103450019656,40.95152282714844,65618000
2001-05-24,41.22089547845964,42.07948913190807,40.6316641620477,42.00373077392578,61792500
2001-05-25,42.05420400904904,42.10471061512277,40.42119561193218,41.237701416015625,36191100
2001-05-29,40.825253362653235,40.825253362653235,38.805033355132394,38.821868896484375,66609600
2001-05-30,38.241065229686726,38.5946020394401,37.104693242848754,37.39930725097656,81397400
2001-05-31,37.49191492060419,38.59461622288176,37.28989151860775,37.65184783935547,68018300
2001-06-01,38.33364446102266,38.91445608823186,37.31511846695482,38.762939453125,61874300
2001-06-04,38.99864922826502,39.27642769529111,38.12322014778225,38.5777702331543,41696000
2001-06-05,38.973416051096365,40.707439634466894,38.889241489527976,40.278141021728516,68146400
2001-06-06,40.47173546182991,41.15355754310447,39.621557888687626,39.966678619384766,61169500
2001-06-07,39.672058119082706,41.658607647049486,39.62155147969211,40.99361801147461,65400200
2001-06-08,41.010441655296205,41.05252890371379,39.52052994174479,39.85723114013672,56391400
2001-06-11,39.47843538802975,39.56260986928884,38.291557220393116,38.762939453125,48809400
2001-06-12,37.76967797918461,39.3942710650208,37.23095340977707,38.552513122558594,78450500
2001-06-13,38.94814134417244,39.35218478119864,37.4750649085126,37.50031661987305,68535400
2001-06-14,37.05419375878633,37.374062751518345,35.353841928335335,35.56428146362305,91050300
2001-06-15,35.18547727042313,36.254510118645086,34.747762805801045,35.858882904052734,84589400
2001-06-18,35.892558403021035,36.33868908809935,34.848780345280865,35.379085540771484,63539100
2001-06-19,36.46495317589647,36.666976491433886,34.73093068862682,35.20231628417969,73386900
2001-06-20,34.764609625862754,36.170347352454606,34.74777407817905,36.00199508666992,83588600
2001-06-21,35.91782324519914,37.230967280647306,35.60637358954808,36.49021911621094,67212600
2001-06-22,36.71747057314429,37.20569158840327,35.85046115555434,36.40602111816406,51870400
2001-06-25,36.709062368344526,36.868995212649615,35.90097555861641,36.49862289428711,39212100
2001-06-26,35.80838256303413,36.94475446666509,35.757875932031034,36.62488555908203,55155100
2001-06-27,36.767986558471186,37.16361381223817,36.19559091044513,36.86058044433594,53289400
2001-06-28,37.374060688419824,39.02390578334921,37.33197021484375,37.33197021484375,89963700
2001-06-29,37.95489150848692,39.15860643987697,37.62660620193579,38.46836471557617,59719600
2001-07-02,38.4262601365958,39.12491771870625,38.0390489542025,38.25790786743164,50884300
2001-07-03,38.089546341885814,38.45991867519847,37.71075463108214,38.41783142089844,24758400
2001-07-05,37.76968538266599,38.03063155195765,36.57439041137695,36.57439041137695,44409800
2001-07-06,36.2039917003502,36.28816938404435,34.92452301870216,35.0592041015625,53434800
2001-07-09,35.26124502716274,35.93465084073517,34.932959893736935,35.36225509643555,45547500
2001-07-10,35.993557494352174,36.09457072934113,34.007012038664136,34.0911865234375,58620000
2001-07-11,34.02385615969429,34.596251845491835,33.56088991087177,34.51207733154297,77840200
2001-07-12,35.88414614614786,36.89425643641045,35.606364451628515,36.70064926147461,70363300
2001-07-13,36.515480574052724,37.399326258690934,36.11143692424822,36.321876525878906,62474200
2001-07-16,36.50703855703692,36.91950133336521,35.26965665015505,35.64844512939453,53390800
2001-07-17,35.20232236872002,36.532301665846575,34.966631135731404,36.448123931884766,59813000
2001-07-18,35.58109289626501,36.06931061748986,34.629905942348095,35.0592041015625,64797200
2001-07-19,35.741038562598675,36.49020255675775,35.14339124265733,35.892555236816406,76590200
2001-07-20,34.92452301870216,35.47166351298777,34.81509363542492,35.0592041015625,49012800
2001-07-23,35.55585058644184,35.690531704869414,34.13327786130876,34.18378448486328,55329400
2001-07-24,33.99017752859699,34.42789192698256,33.08949702783945,33.796573638916016,70422900
2001-07-25,33.78815324057216,34.276374243199825,33.16525434672741,34.0911865234375,68859600
2001-07-26,34.0491229323136,35.26125369469666,33.65349551475567,34.59626388549805,69199300
2001-07-27,35.050787224385644,35.57267605626304,34.76458950153987,35.31173324584961,47452900
2001-07-30,35.46325923413915,35.60635652779669,34.84877638698056,35.10130310058594,39459400
2001-07-31,35.21915568999413,36.01040707292217,34.932957834713434,35.15181350708008,55732500
2001-08-01,35.88413071351227,36.61645899430415,35.69894299680944,36.279754638671875,53864800
2001-08-02,36.86059117563343,37.037359621355456,36.044084720080356,36.96160125732422,53187300
2001-08-03,36.64170169058158,36.64170169058158,35.82519912710325,36.34708786010742,51513700
2001-08-06,35.799963318956465,36.06932559653925,35.6484466364347,35.77471160888672,31105700
2001-08-07,35.43800283667972,36.04406949289052,35.30332171430524,35.58951950073242,38407500
2001-08-08,35.22755812313178,35.90096684552177,33.922834342840005,34.0911865234375,76045200
2001-08-09,34.01543923334507,34.41106650438672,33.65348305155203,34.23429489135742,66861400
2001-08-10,34.02384761904536,34.3016292252414,33.022157025869454,33.906002044677734,68491900
2001-08-13,34.16696857727478,34.798287284755055,33.838683363153514,34.59626388549805,48425700
2001-08-14,34.92455597835158,35.10132446435707,34.1248848893534,34.17538833618164,51267600
2001-08-15,34.19220747119066,34.453153595037065,32.88748327406222,32.91273498535156,58935300
2001-08-16,32.52554919942033,33.325220447933646,32.020495364071905,33.29996871948242,68227300
2001-08-17,32.35718396302373,32.66021742795868,31.742700864040167,31.784788131713867,56649300
2001-08-20,31.86053605477012,32.53394496103158,31.58275761033116,32.22249221801758,49921300
2001-08-21,32.230914691158084,32.533948085871344,30.85043208062164,30.88409996032715,56445600
2001-08-22,31.52383856129449,31.852123676056014,30.757838889833593,31.725858688354492,65221400
2001-08-23,31.70901403936252,32.37400345638396,31.397564559777592,31.414400100708008,54711800
2001-08-24,31.86896232107685,33.15685119225066,31.776368415897913,33.081092834472656,58450600
2001-08-27,33.06424234686265,33.5861344473154,32.685453940181986,33.123165130615234,50927500
2001-08-28,33.097920646987,33.19893069673448,31.995216632817403,32.08781051635742,65275500
2001-08-29,32.298269714666006,32.36561192965169,31.254491070816286,31.61644744873047,59060500
2001-08-30,30.97668703183466,31.405985316810394,30.092841965953955,30.446378707885742,76105800
2001-08-31,30.32855357715021,31.170311961959737,30.252795194075215,30.83361053466797,54309000
2001-09-04,30.73257869093755,31.565920402424197,29.756139681597954,29.857152938842773,74073600
2001-09-05,29.87398470377669,30.227521426269977,28.74602916226547,29.739303588867188,95461200
2001-09-06,29.242669770974242,29.89923988101196,28.434579776637694,28.535593032836914,88701800
2001-09-07,28.29990444321336,29.54570595873826,28.072629386785884,28.367246627807617,95528800
2001-09-10,28.19046238884296,28.889119501123204,28.064197469116866,28.70393180847168,80371300
2001-09-17,26.30493515442738,27.609659295876646,26.170254014878775,26.262847900390625,97700900
2001-09-18,26.540633555084227,27.357138336681928,25.564194284432443,25.673622131347656,66285300
2001-09-19,25.79146550802738,26.094498912391217,23.78808210441073,25.227487564086914,116632800
2001-09-20,24.663506984517902,25.32849652735855,24.24262801477851,24.385726928710938,90840200
2001-09-21,23.072594003676716,24.385736452564377,22.89582553800163,23.72916603088379,112341900
2001-09-24,24.478319564888885,25.252736893854795,24.065858388285683,24.92445182800293,85696500
2001-09-25,25.008631698302956,25.614698541310823,24.368896972613054,25.000215530395508,83860600
2001-09-26,25.21064841758781,25.252735668157797,23.914340549303375,24.133197784423828,59759800
2001-09-27,23.905922224198083,24.2342088720354,23.08099993014406,23.973262786865234,70050700
2001-09-28,24.27630036170726,25.185398919258986,23.830168052662774,24.394145965576172,84810800
2001-10-01,24.284723693143675,24.39415154956704,23.442965517336454,24.183712005615234,53460800
2001-10-02,24.11636913802046,24.756105483875068,23.90592961394432,24.25946807861328,74133400
2001-10-03,23.922760382854083,26.607968623268288,23.847002040876582,26.09449577331543,136198600
2001-10-04,26.641642469171614,27.9463684348547,26.043995012933255,26.347026824951172,127371500
2001-10-05,26.094497593503775,26.852079460597082,25.471596875870343,26.734233856201172,96443400
2001-10-08,26.203922574931436,27.230866629234566,26.060823668505726,26.81840705871582,67789600
2001-10-09,26.81840773472389,26.95308887292818,25.98506759001266,26.17025375366211,57564800
2001-10-10,25.985070900382393,27.390806864308587,25.884059231097883,27.357135772705078,73840600
2001-10-11,27.937950710018196,29.67197358470612,27.895863446434763,29.209007263183594,117232200
2001-10-12,28.897554295919452,29.293178380818556,27.89586019954144,29.082738876342773,111901600
2001-10-15,28.720783682077172,29.082739899392287,28.33357575087332,28.956478118896484,78322000
2001-10-16,29.1753353816111,29.54570778663699,28.67869797818541,29.4278621673584,81346800
2001-10-17,30.193859086589455,30.303288527589196,27.188783231154353,27.315048217773438,141530300
2001-10-18,27.525483488091048,28.232560240097015,27.27295676474281,28.0557918548584,94448200
2001-10-19,27.660177627153455,28.409341983467524,26.93626499173217,28.240989685058594,73434200
2001-10-22,28.14839379329549,29.040658664771833,27.96320916793458,28.998571395874023,74104900
2001-10-23,29.310026011981712,29.798247404980085,28.6197844095762,29.15009307861328,104062200
2001-10-24,29.124821622738743,30.033921682532835,28.889130441777983,29.781394958496094,90171400
2001-10-25,29.208992780512837,30.993518202260162,28.81336563467681,30.976682662963867,118551900
2001-10-26,30.72418874118692,31.195574710729854,30.311725616455078,30.311725616455078,93823900
2001-10-29,30.303295320092765,30.429560335014237,28.65345001220703,28.65345001220703,92146800
2001-10-30,28.37566554997146,28.69553453574181,27.643336882203396,28.09788703918457,96092200
2001-10-31,28.65343862068456,29.42785431856993,28.350405274189786,28.535593032836914,106175500
2001-11-01,28.99013183922083,29.932902703866628,28.43457192768517,29.74771499633789,92716000
2001-11-02,29.688812342816885,30.17703043307356,29.368943325098744,29.966590881347656,64917700
2001-11-05,30.52214278643624,31.27972624899733,30.43796827328583,30.943021774291992,64473000
2001-11-06,30.808351794141483,32.15516697010936,30.631583325818845,32.14674758911133,107214900
2001-11-07,31.65851789174499,32.69387981364853,31.565924000907366,32.10464859008789,92562100
2001-11-08,32.44977689778165,33.1652732708203,31.355491916075447,31.776371002197266,105916300
2001-11-09,31.641681606676205,32.0541444168344,31.246054340917503,31.7595272064209,74121900
2001-11-12,31.14503765106201,32.28140936201817,30.555806566804677,31.98679542541504,112994400
2001-11-13,32.85381392844123,33.24944121857866,32.51711265285895,33.131595611572266,97931800
2001-11-14,33.63665283134941,33.87234728234648,32.60971013512418,33.36729049682617,88660100
2001-11-15,32.96324646497427,33.762917287566374,32.78647803785824,33.232608795166016,86349700
2001-11-16,33.23259707476561,33.40094927452442,32.761211557651144,33.1400032043457,64035500
2001-11-19,33.493551504663685,34.08278274536133,33.241024747522395,34.08278274536133,69196300
2001-11-20,33.73766679835124,33.86392858899918,32.3908518874066,32.508697509765625,85176500
2001-11-21,32.38243394764093,32.78647743550547,31.96997108089569,32.3403434753418,60867900
2001-11-23,32.62654019491937,33.1905197510755,32.466607323409,33.06425476074219,27046000
2001-11-26,33.316780111444416,33.97335026341039,32.83697514148662,33.88075637817383,75267500
2001-11-27,33.712403851578884,34.486822803080685,32.99691090829114,33.83866882324219,100289700
2001-11-28,33.44304063423657,33.98176517087155,32.56761165667896,32.61811828613281,101568200
2001-11-29,32.85380833098999,33.670314484782416,32.65178824227009,33.62822723388672,83774700
2001-11-30,33.44303704392398,33.70398311817745,33.13158755669003,33.37569808959961,66018200
2001-12-03,33.07267654430094,33.333619500421925,32.719136472290245,32.803314208984375,60449800
2001-12-04,33.114755909347835,34.3773927591536,32.35717251504376,34.36897659301758,79378700
2001-12-05,34.68041855855746,36.32184674777922,34.61307639993975,36.06931686401367,115773700
2001-12-06,35.94305131011995,36.397601199288964,35.65685358853766,36.11981964111328,77702100
2001-12-07,35.757886464334305,35.858896545040885,34.629930394777666,35.12656784057617,81632600
2001-12-10,34.78143962944159,35.54743926616303,34.411067272593954,34.51207733154297,69088000
2001-12-11,34.899269451754094,35.572674891983105,34.62149111249419,34.705665588378906,66056500
2001-12-12,34.93295284268826,35.30332516263218,34.17536944842621,34.98345947265625,76093400
2001-12-13,34.26797068435806,34.51208129834033,33.468299865722656,33.468299865722656,79582600
2001-12-14,33.560915967325506,34.057553691734284,33.308389018366924,33.762939453125,70006300
2001-12-17,33.68716435700595,34.714110413164754,33.68716435700595,34.34373474121094,62295500
2001-12-18,34.64674820997802,34.932945968037714,33.80499047580844,34.73092269897461,50850400
2001-12-19,34.14171893372156,34.7814538500269,33.939695522173295,34.09962844848633,79596200
2001-12-20,33.75447172583542,33.922823854380816,32.559177714157705,32.651771545410156,83048800
2001-12-21,33.18210215411047,33.42621276930056,32.95483029699115,33.232608795166016,56205000
2001-12-24,33.28311873269619,33.358877096256755,32.95483356095127,33.097930908203125,13660400
2001-12-26,33.140008146995726,33.92284326323632,32.96323975585794,33.40937042236328,37672900
2001-12-27,33.54404888404683,33.838666056824785,33.333609422513156,33.67873001098633,34255200
2001-12-28,33.9144375755085,34.34373283106125,33.86393092912769,33.9481086730957,38240400
2001-12-31,33.93126629234163,34.04911189911638,32.752803802490234,32.752803802490234,46176900
2002-01-02,33.308389018366924,33.79661056926731,32.76966400430745,33.762939453125,61708800
2002-01-03,33.93124731370467,34.97502485651338,33.889156868211444,34.93293762207031,85769100
2002-01-04,35.31173651721039,35.597934266570185,34.45314326913101,35.07604217529297,86876900
2002-01-07,35.44642617845219,35.53902006251528,33.762910354909856,34.6888427734375,75166200
2002-01-08,34.59625692892351,35.16023653061576,34.37740123386758,34.92454528808594,66956800
2002-01-09,35.38750666575617,35.85888908502306,34.4279030710464,34.604671478271484,85123000
2002-01-10,34.65518709030699,34.966639968058146,34.24272732839248,34.83195877075195,75548000
2002-01-11,34.806685964180616,35.017125427594166,34.06594136492191,34.385807037353516,60832900
2002-01-14,34.08279175514926,34.24272466103824,33.417801990413956,33.63665771484375,71310700
2002-01-15,33.69556257128725,34.30162919440573,33.299938602130304,33.95650863647461,66916100
2002-01-16,33.274666700321035,33.61978708208451,32.63493253328976,32.643348693847656,90942000
2002-01-17,33.23259759370217,33.645060328999435,32.836970399748786,33.37569808959961,75285900
2002-01-18,32.68545988770709,33.20734887207313,32.17198706924389,32.483436584472656,81985600
2002-01-22,32.82854410350844,32.84537963965678,31.422810551149478,31.481733322143555,81773800
2002-01-23,31.69218477820677,32.56761051399727,31.43965485084941,32.3487548828125,74968800
2002-01-24,32.778045654296875,33.257847315282774,32.63494837799101,32.778045654296875,77251200
2002-01-25,32.38243335325818,32.954829086656275,32.28983945358317,32.68546676635742,58832100
2002-01-28,32.9548136789727,33.156833719218376,32.3403277613446,32.870635986328125,47795900
2002-01-29,32.93797999991644,33.16525496631134,31.574330201547067,31.96995735168457,83339800
2002-01-30,31.98680575276675,32.70229880755253,31.018782715301647,32.214080810546875,101385500
2002-01-31,32.466617646835005,32.61813439899199,32.003651220156705,32.41611099243164,69655500
2002-02-01,32.32350746134988,32.727550903235276,31.734276237789242,32.10464859008789,61207100
2002-02-04,31.953136479103502,32.04573038321626,30.816764336570504,31.077707290649414,82763300
2002-02-05,30.79992306756797,31.42282535430208,30.463218608081686,30.564231872558594,86853800
2002-02-06,31.0103701445419,31.052457409519377,30.050766374424473,30.35379981994629,98507600
2002-02-07,30.294861060941066,30.766243318258777,29.46151952438886,29.62145233154297,97725900
2002-02-08,29.848731428305108,30.505304709258947,29.43627189605136,30.446378707885742,80483100
2002-02-11,30.421147513247803,30.976707918779955,30.286466300120413,30.83361053466797,57641200
2002-02-12,30.56422868192116,31.128204899977057,30.336953677151193,30.581064224243164,51477700
2002-02-13,30.909352829441552,31.271309003395928,30.816758941539025,31.102956771850586,60984700
2002-02-14,31.271302310778754,31.62483903141424,30.30327959485599,31.04402732849121,77482300
2002-02-15,31.00195550543475,31.06929449051035,30.000261209869226,30.118106842041016,79719900
2002-02-19,29.772983028468342,29.84874138573375,28.889137667740126,29.192171096801758,72437200
2002-02-20,29.37734628671136,29.604618049829476,28.560840254813392,29.587785720825195,106552700
2002-02-21,29.284756558811754,29.41943768722815,28.182052612304688,28.182052612304688,109307800
2002-02-22,28.291493696173532,28.788131164027096,27.853779045603215,28.325164794921875,99824200
2002-02-25,28.61978100956224,29.671978840796147,28.577693738523475,29.469955444335938,88994700
2002-02-26,29.655150757830448,29.823503095432386,28.931237953879762,29.360536575317383,94683300
2002-02-27,29.789816787745988,29.89082685435305,28.6702802542997,28.956478118896484,95159300
2002-02-28,29.04905686392432,29.43626784698656,28.40932242369024,28.434574127197266,95711200
2002-03-01,28.74605182147294,30.09286403219886,28.695545159425617,30.084447860717773,86081600
2002-03-04,30.050766569726125,31.33865551051142,29.798239767167587,31.271316528320312,105734600
2002-03-05,31.086138276858534,31.877390024718316,30.985128166952784,31.498598098754883,91452600
2002-03-06,31.2123649046251,31.944692919395564,30.80831854021773,31.650075912475586,86943400
2002-03-07,32.08780041389871,32.264571959116886,31.15344891751199,31.71742820739746,85496000
2002-03-08,32.180416417967066,32.853822352859176,32.09624188025035,32.55078887939453,84443700
2002-03-11,32.28141331784102,32.988490063386074,32.037305973764106,32.43292999267578,71035200
2002-03-12,31.62483932555915,31.98679542541504,31.414399881970894,31.98679542541504,82652100
2002-03-13,31.490169394103514,31.700608912431136,31.035619263863314,31.212390899658203,71376200
2002-03-14,31.195554860416124,31.481752729265892,30.917773159303625,31.027202606201172,70700500
2002-03-15,31.05243489381594,31.422810263589504,30.799908276002245,31.338632583618164,63966500
2002-03-18,31.675339748455453,31.936282552360097,31.18711879358149,31.515403747558594,78938300
2002-03-19,31.650098894751636,31.885793313643727,31.33023317298331,31.464914321899414,58947600
2002-03-20,31.035621861317885,31.212393511907273,30.3369642717448,30.35379981994629,61816500
2002-03-21,30.429555682034138,31.262894377721437,30.219116163378445,31.161884307861328,89198800
2002-03-22,31.09453272920332,31.26288493549144,30.69890873713519,30.87567710876465,58930100
2002-03-25,30.884096965304533,31.060868569112596,29.89924173904592,29.932912826538086,87421900
2002-03-26,29.81506419924817,30.656822125294273,29.798231866452706,30.210691452026367,92457500
2002-03-27,29.991830200125218,30.303279675473284,29.798226298635818,29.974994659423828,64531800
2002-03-28,30.320128723543313,30.61474278943814,30.21911864538687,30.35379981994629,59539400
2002-04-01,30.134935808566212,31.060871536757553,29.71405680785704,30.934606552124023,70730500
2002-04-02,30.286456691502412,30.42955724126802,29.461534121428695,29.53729248046875,77759800
2002-04-03,29.714076342586154,29.840341410229293,28.87231778777604,29.486801147460938,85766400
2002-04-04,29.040644882505454,29.596204917033074,28.855457133979158,29.25950050354004,90521500
2002-04-05,29.46993783278197,29.6046189462509,28.771280560115343,28.93121337890625,68426000
2002-04-08,28.173636554141716,29.29317283630371,28.131546092371693,29.29317283630371,74950700
2002-04-09,29.276341410305932,29.44469364790355,28.190476060457584,28.27465057373047,80910200
2002-04-10,28.417748075833597,28.830210900114114,27.887442858825345,28.485090255737305,85748700
2002-04-11,28.333575311011042,28.493508181577038,27.677005071679808,27.77801513671875,90665600
2002-04-12,28.047363244498165,28.451406511052767,27.73591382860095,28.215715408325195,78360100
2002-04-15,28.451426499331543,28.586107682802062,27.94637286408028,28.443010330200195,69306800
2002-04-16,28.981730620324033,29.646720266582648,28.96489507359002,29.629884719848633,72064700
2002-04-17,29.798233877032544,29.88240839089601,29.16691538990094,29.478364944458008,69130100
2002-04-18,29.276344886561407,29.58779768696687,28.619774614126975,28.91438865661621,91086100
2002-04-19,29.503610501311158,29.512029877572164,28.939634311769538,29.006973266601562,62286800
2002-04-22,28.6281873827388,28.6281873827388,27.98845273313007,28.27465057373047,64625600
2002-04-23,28.27465736614583,28.569271444427855,27.525493100469287,27.786436080932617,73070300
2002-04-24,27.954783198933224,28.038960927941996,27.104609007782823,27.357135772705078,68953900
2002-04-25,27.18877535174087,27.550731450030494,26.936248662737913,27.289785385131836,103073700
2002-04-26,27.491811101810068,27.59282114416181,26.102910978031062,26.128164291381836,100193400
2002-04-29,26.29651518567195,26.557459671057018,25.7241195876461,26.195505142211914,85326800
2002-04-30,26.119749067048165,27.096186528932932,26.04399072513477,26.7089786529541,95357900
2002-05-01,26.658477535840618,26.801576468712604,25.740961131930728,26.56588363647461,109975700
2002-05-02,26.42277192966427,26.9278268371363,25.639937063911407,25.682025909423828,85852200
2002-05-03,25.648367035564085,25.68203812799349,24.81502676424894,25.033884048461914,92103200
2002-05-06,24.941287040324866,25.23590264024761,24.284716875067964,24.385726928710938,96491200
2002-05-07,24.638258636469704,24.705599216597534,23.922763969157728,24.158456802368164,101954400
2002-05-08,25.36216501976897,26.83524135633885,25.252737198340842,26.74264907836914,129741500
2002-05-09,26.57431279318858,26.843675227974344,25.926158431031112,26.05242347717285,106477200
2002-05-10,26.10291993180547,26.17026051831423,24.831864956617174,24.882369995117188,112282800
2002-05-13,25.143307350732293,26.0776574600185,24.97495514076641,25.892471313476562,93971200
2002-05-14,26.978344921696,27.48340167947686,26.826829820993026,27.416059494018555,107284700
2002-05-15,27.003599071576364,28.308323372380936,26.80999350499372,27.61808204650879,150522100
2002-05-16,27.39081295288699,27.8201082275757,27.12145058228765,27.660175323486328,89916300
2002-05-17,28.022124811562524,28.123134873264284,27.33188350300522,27.719091415405273,82695000
2002-05-20,27.441312717164642,27.525490453616847,26.885754106315517,27.113027572631836,78144200
2002-05-21,27.239287565963696,27.432891507646296,26.09449624901292,26.372276306152344,104180000
2002-05-22,26.069247604699115,26.591138329641012,25.597863521398338,26.431203842163086,89543100
2002-05-23,26.624803033758546,27.020428689025298,25.926144005208236,26.961505889892578,94445800
2002-05-24,26.591139717362065,26.675315852297384,26.102920061368692,26.296524047851562,55874600
2002-05-28,26.49012233560282,26.53221119677916,25.66519992285721,26.178672790527344,68829400
2002-05-29,25.808297321688613,26.010319026873898,25.454758936232913,25.48843002319336,73470200
2002-05-30,25.26115832172779,25.85880574406551,25.168564425946904,25.707290649414062,92080500
2002-05-31,25.892480378206766,26.128173233567864,25.252744004106262,25.286415100097656,79907400
2002-06-03,25.25273949368778,25.463178989468513,24.23421310476149,24.394145965576172,77043700
2002-06-04,24.20054118742584,24.983376341851063,24.08269558758579,24.714014053344727,98366200
2002-06-05,24.764521461830437,25.08438880880114,24.385729703749043,24.966543197631836,95347100
2002-06-06,24.840273459328582,24.840273459328582,23.4850428554441,24.309965133666992,91129700
2002-06-07,23.257770857223868,24.234211531334058,23.16517857684962,23.821748733520508,106049200
2002-06-10,23.872255063318004,24.200540137501946,23.68706729385973,23.779661178588867,73142900
2002-06-11,24.074276827486933,24.15003516871132,23.03049719959362,23.11467170715332,84609500
2002-06-12,22.929489078809127,23.535554296541477,22.584368406909668,23.451379776000977,152974400
2002-06-13,23.36720631007038,23.745996512202513,23.022085598882185,23.29986572265625,97556300
2002-06-14,22.609628354980686,23.3335393981237,22.054068007801064,23.249364852905273,122106800
2002-06-17,23.569217823425326,24.200536157981364,23.49345949483656,24.04060173034668,87618100
2002-06-18,23.830167404359575,24.53724421938878,23.804915693089463,24.42781639099121,100513400
2002-06-19,23.65339660857035,23.83858276308081,22.937902093716254,23.013660430908203,93507600
2002-06-20,22.954734093929943,23.106250744930218,21.607921380680875,22.27290916442871,99913200
2002-06-21,22.18874394479164,22.542282409658732,21.591094861206866,21.734193801879883,168755100
2002-06-24,21.422734669650353,22.559106310064745,21.22071140348401,22.163480758666992,219672100
2002-06-25,22.3739317216177,22.49177734968592,21.296480703979125,21.431161880493164,136336400
2002-06-26,20.564148848788662,21.70052250591806,20.530477757068788,21.591093063354492,149080300
2002-06-27,21.885712480973815,22.0961520240601,21.060789857401883,22.062480926513672,121371100
2002-06-28,21.927790296597703,22.517021405493765,21.759439698002833,21.969879150390625,87842000
2002-07-01,21.86044654290077,22.00354541384305,20.858756051830174,20.917678833007812,64753900
2002-07-02,20.707235376053376,20.833498683332195,19.436181324326466,20.160093307495117,111629600
2002-07-03,20.07592576666179,20.833507537841797,19.882321839515093,20.833507537841797,101067000
2002-07-05,21.262810613651336,22.2139965966781,21.086040571002265,22.17190933227539,56768300
2002-07-08,22.054058150802604,22.348672138443295,21.11128857377493,21.363815307617188,97288500
2002-07-09,21.254390749838617,21.447994715897032,20.698830565611654,20.757753372192383,91039600
2002-07-10,21.035533605196058,21.069204698054033,20.059094389679895,20.118017196655273,115365200
2002-07-11,20.000171374131817,20.951357260085018,19.806567408795708,20.875598907470703,170271200
2002-07-12,21.254390670542275,21.48166572838522,20.665159395881176,20.875598907470703,130027800
2002-07-15,20.77458072819984,21.5826673664805,19.99174579391206,21.523744583129883,140207200
2002-07-16,21.254387242495635,21.90254121897912,20.959771652682615,21.203882217407227,148281700
2002-07-17,21.94463149878306,22.256082675087807,20.95135677041108,21.591093063354492,157954700
2002-07-18,21.36381365617411,21.523748098191557,20.63990299253991,20.81667137145996,114052300
2002-07-19,20.47996917014187,20.799836458328624,20.03383691544844,20.193771362304688,124116400
2002-07-22,20.07593348125026,20.62307599260177,19.43619705371455,19.697141647338867,150034800
2002-07-23,19.73922398175475,19.9917507170226,18.754367145368818,18.855377197265625,150786800
2002-07-24,18.35873935588869,19.915991792539764,18.215640448617496,19.882322311401367,186493600
2002-07-25,19.570874482058407,19.697137867289058,18.350324678601332,18.729116439819336,153915500
2002-07-26,18.99005346186794,19.2257461983321,18.52708736421648,19.0826473236084,96034200
2002-07-29,19.587707572973052,20.30320214029652,19.427773115447607,20.059091567993164,96735200
2002-07-30,19.974913370109995,20.78300173996939,19.857067785026082,20.463132858276367,117394300
2002-07-31,20.202189188348395,20.362123635636696,19.66346465709401,20.075925827026367,93831300
2002-08-01,19.983335440453285,20.118016596817377,19.074236832232636,19.133159637451172,85149700
2002-08-02,19.17524878019542,19.22575381318247,18.367160224772366,18.729116439819336,86706000
2002-08-05,18.61127065669048,18.78803907328419,17.929445492762074,18.047292709350586,84897800
2002-08-06,18.35032114869682,19.368849018753583,18.341904982756308,18.939552307128906,115364600
2002-08-07,19.528793693705868,19.671892672528408,18.485011962572905,19.192089080810547,125677100
2002-08-08,19.150002694726783,19.86549762200872,18.771210790422625,19.84024429321289,111697900
2002-08-09,19.528786277561466,19.958081445475724,19.259422368432045,19.638214111328125,93576900
2002-08-12,19.40252595491071,19.764482239420186,19.276262545449036,19.697141647338867,62870900
2002-08-13,19.554030226268623,20.092756225103795,18.981634755614255,19.023723602294922,88434400
2002-08-14,19.082648189989236,20.37053812097468,18.914295998367763,20.235857009887695,102613500
2002-08-15,20.404201174516377,20.665145544434136,19.96648689847531,20.648311614990234,120307800
2002-08-16,20.311618512815944,21.04394863162798,19.97491565581507,20.79142189025879,95853000
2002-08-19,20.85034379252644,21.540585021064366,20.77458545226976,21.29647445678711,76015900
2002-08-20,21.195464445638194,21.405903923286665,20.917684399363242,21.203882217407227,89981300
2002-08-21,21.372227261287104,21.759436634030546,21.043942275556546,21.675260543823242,101365500
2002-08-22,21.66684924943013,22.06247490445495,21.397486964687623,22.020387649536133,80345500
2002-08-23,21.71735999980532,21.725777774112665,21.001866844470012,21.170217514038086,75211200
2002-08-26,21.296479887876828,21.372238247453623,20.71566793848968,21.254392623901367,83335400
2002-08-27,21.40590828981142,21.473248872174494,20.32845736647609,20.51364517211914,92340400
2002-08-28,20.219038558456838,20.27796139366743,19.688729830507842,19.764488220214844,115562300
2002-08-29,19.528787574940598,20.387379573334947,19.377270867716277,20.02542495727539,97028200
2002-08-30,19.8823195016105,20.202186752087304,19.680296221227138,19.772890090942383,59474900
2002-09-03,19.41093815808821,19.722389310522427,18.80487300331528,19.05739974975586,81828100
2002-09-04,18.93955567586854,19.377270236814862,18.72069839539538,19.133159637451172,82717600
2002-09-05,18.85537955055957,18.93955567466328,18.459753854455972,18.661775588989258,91576600
2002-09-06,19.07424779064887,19.545632108739934,19.02374272937799,19.234182357788086,86008800
2002-09-09,19.082651906899148,19.67188308681898,18.846959113826053,19.427772521972656,72679500
2002-09-10,19.554039070257563,19.924413060935162,19.385688423968517,19.907577514648438,74615800
2002-09-11,20.303197416128853,20.49680131120201,19.71396635531218,19.739219665527344,73902800
2002-09-12,19.554048642481796,19.579301974274056,19.116333857910398,19.200510025024414,70763500
2002-09-13,19.023725714005238,19.427769053838055,18.956385157366434,19.35201072692871,79716100
2002-09-16,19.242584307903837,19.360429889112844,18.83012316814668,19.07423210144043,58853600
2002-09-17,19.40251335160587,19.537194448283607,18.670185089111328,18.670185089111328,89139700
2002-09-18,18.52709935461264,18.981647976688123,18.33349534160876,18.459758758544922,92358300
2002-09-19,18.26614224296,18.62809669562388,18.13987730692163,18.165130615234375,86247700
2002-09-20,18.37556777159668,18.434490544877896,18.080952299665434,18.240886688232422,78116900
2002-09-23,18.055714299098682,18.114637117085426,17.51698795137765,17.693758010864258,72757500
2002-09-24,17.40755382884554,18.055707804617104,17.382300513566175,17.70216941833496,91507300
2002-09-25,17.971531940313273,18.552345355539828,17.761092459994675,18.40924644470215,98051900
2002-09-26,18.653364345300528,18.796463324708245,17.98837610371873,18.18198013305664,104453500
2002-09-27,18.139884122065574,18.69544426946675,17.937862396240234,17.937862396240234,92249700
2002-09-30,17.735832912517335,17.878931773074285,17.247613553945143,17.44121742248535,91502500
2002-10-01,17.60115615266192,18.510254547723164,17.23078225674048,18.5018367767334,102096000
2002-10-02,18.106213056360822,18.493420929004614,17.651663008795516,17.88735580444336,94829700
2002-10-03,17.727423528952098,18.013621385442125,17.407556186388778,17.45806121826172,74354800
2002-10-04,17.626419248375203,17.693759848142022,16.927759923722004,17.12978172302246,81837100
2002-10-07,17.054020957407786,17.331801093204785,16.70890023128201,16.969844818115234,79861800
2002-10-08,17.070857746098117,17.348637902068177,16.633143074410015,17.003517150878906,94103100
2002-10-09,16.784657723425028,17.281295153350968,16.700481588508957,16.88566780090332,103301000
2002-10-10,16.919338230446638,17.85368863517486,16.759403740960263,17.744260787963867,109610500
2002-10-11,18.139894439876922,18.83855390781978,18.030466544885478,18.703872680664062,124777400
2002-10-14,18.4092486536135,18.939555501216105,18.333490303166553,18.922719955444336,78890300
2002-10-15,19.730811363370567,19.89074425490133,19.51195405306262,19.83182144165039,118176000
2002-10-16,19.11632278566345,19.49511451551548,18.577598197008047,19.175247192382812,97441900
2002-10-17,19.865493184057517,20.042261629558283,19.00689946312903,19.82340431213379,95754500
2002-10-18,19.5961284663189,20.075930309793304,19.30151282043209,20.042259216308594,84941900
2002-10-21,19.798144680445827,20.580979724509408,19.6129569290605,20.446298599243164,85311500
2002-10-22,19.974911561376828,20.488384316505673,19.907571003780056,20.320032119750977,89947000
2002-10-23,20.075931989178518,20.732502311792548,19.9244152668749,20.707250595092773,88093500
2002-10-24,20.77458737316545,20.926104067688605,20.134851110470983,20.18535614013672,88674800
2002-10-25,20.193772914247106,20.833509145311698,20.193772914247106,20.79142189025879,71557300
2002-10-28,21.043953288104742,21.077624384018296,20.345294103160715,20.614656448364258,90272000
2002-10-29,20.46314043932654,20.59782161661129,19.671888924160193,20.134855270385742,90293800
2002-10-30,20.252693611337143,20.867178067797923,20.075925231832134,20.673572540283203,103531100
2002-10-31,20.757753123568015,21.077622077640857,20.505226353953493,20.665159225463867,81493100
2002-11-01,20.513646181460295,21.380656021353957,20.32004059280504,21.254392623901367,86658400
2002-11-04,21.927788455694163,22.575942299960253,21.717349020973394,21.801525115966797,110562400
2002-11-05,21.641592512908257,22.02880194017511,21.515329162580702,21.969879150390625,79603300
2002-11-06,22.129818830340596,22.399181136373905,21.582674839993704,22.281333923339844,116251700
2002-11-07,21.877294855489552,21.96988876884615,21.304899037514776,21.498504638671875,82711600
2002-11-08,21.456403516281785,21.776272340421084,21.01027135862451,21.10286521911621,76937600
2002-11-11,21.001858973357855,21.06078176589981,20.328451730887416,20.463132858276367,74384300
2002-11-12,20.538893125970308,21.38065105412914,20.538893125970308,20.98502540588379,88748800
2002-11-13,20.79141635607189,21.633174077280866,20.614646399744778,21.237546920776367,119341800
2002-11-14,21.532164704097873,22.239241392562903,21.48165968507197,21.969879150390625,85720100
2002-11-15,21.80153056419962,22.264498399596906,21.67526719291886,22.256080627441406,69291300
2002-11-18,22.483353609901513,22.533860241837935,21.877288476397037,21.927793502807617,76238000
2002-11-19,21.717356446251976,21.927795952923123,21.296477432909683,21.591093063354492,88139200
2002-11-20,21.51533502875676,22.517027544782213,21.498501088175406,22.508609771728516,75104700
2002-11-21,22.668543690439165,23.434543358674954,22.517026990256085,23.341949462890625,105472900
2002-11-22,23.038920186523498,23.518722052534905,22.99683131769063,23.333534240722656,73808600
2002-11-25,23.36720042767789,23.737574367981846,23.182014260288835,23.56080436706543,72666100
2002-11-26,23.384042639787566,23.459801003851044,22.643294547950493,22.76955795288086,80017900
2002-11-27,23.173598093119313,23.73757601186767,23.13150923021215,23.493465423583984,73643900
2002-11-29,23.745995522127657,23.813337712260243,22.91265518555108,23.333534240722656,34652100
2002-12-02,23.922765691128397,24.234216900091788,23.20727097231481,23.56922721862793,85136000
2002-12-03,23.19043275485332,23.21568607338395,22.668543682761694,22.87056541442871,76595500
2002-12-04,22.3570950740913,22.685381830541093,22.062479412877874,22.36551284790039,130115900
2002-12-05,22.685374550963004,22.727461800976766,21.99513176984733,22.05405616760254,84933200
2002-12-06,21.725773765764647,22.491773425619115,21.66685096201061,22.281333923339844,81727900
2002-12-09,22.070897452744894,22.348677569688697,21.21230538570801,21.22913932800293,75855200
2002-12-10,21.397481233065104,21.84361340112064,21.338558449751726,21.54899787902832,69578300
2002-12-11,21.414319895004095,21.944626627670203,21.313308247792346,21.65001106262207,64237600
2002-12-12,21.885721349500017,22.466535173322754,21.515347154037855,21.76787567138672,62296400
2002-12-13,21.481670753447663,21.523758023400337,21.05237385671937,21.077627182006836,72647800
2002-12-16,21.22913859832375,21.852039396559572,21.102875205057572,21.75944709777832,60278500
2002-12-17,21.72577437092067,22.0540610953782,21.59951098714133,21.826786041259766,62562700
2002-12-18,21.50691421826802,21.549003077592275,21.08603525818038,21.363815307617188,67130700
2002-12-19,21.187043868622037,21.70051663986677,20.884010547162774,21.094449996948242,95969700
2002-12-20,21.321724578964666,21.422736219354945,21.102867362723696,21.31330680847168,65578600
2002-12-23,21.195469848419577,21.68368949679148,21.15338097884584,21.60793113708496,45941700
2002-12-24,21.46483688106444,21.658440906822175,21.313320128549144,21.338573455810547,16772700
2002-12-26,21.490083524263493,21.809950875786754,21.187050113485412,21.279644012451172,33795400
2002-12-27,21.19546075324967,21.759438519319975,20.8335046578653,20.892427444458008,42490200
2002-12-30,20.909270101763212,21.01869794189099,20.5052266228707,20.732500076293945,57396400
2002-12-31,20.65674411033144,20.799841443017616,20.437886816269916,20.51364517211914,46015400
2003-01-02,20.808250245869072,21.506909088759798,20.580976881827233,21.380645751953125,65903200
2003-01-03,21.43115667503345,21.64159616291332,21.27964159240168,21.616344451904297,39059500
2003-01-06,21.641600205776605,22.38234824058724,21.212304983167886,22.155073165893555,67223400
2003-01-07,22.23083572183996,22.668550406376717,22.096154527448107,22.432857513427734,88726100
2003-01-08,22.21398621535645,22.70220563968762,21.751020101180945,21.801525115966797,74989900
2003-01-09,22.08772233169493,22.710622850465754,22.07088679200575,22.474931716918945,75391100
2003-01-10,22.180321350397744,22.94632092353656,22.07089192250602,22.8116397857666,82594300
2003-01-13,23.005231538803546,23.123077070568797,22.500176736841812,22.67694664001465,72870300
2003-01-14,22.651708504472825,22.99682916902573,22.60120347211841,22.79480743408203,46993800
2003-01-15,22.929488791257153,23.02208268932179,22.373928613921432,22.508609771728516,55131000
2003-01-16,22.550696230780428,22.71062908515732,22.096146167538645,22.256080627441406,68740300
2003-01-17,21.801534721547103,21.835205816589866,21.271227818833026,21.30489730834961,77289400
2003-01-21,21.389067806772708,21.506913397330717,21.060782744203532,21.06920051574707,67729600
2003-01-22,21.01027711619202,21.490080483884256,20.934520379741492,20.98502540588379,80020200
2003-01-23,21.380646034554342,21.75101988553809,21.136537127571625,21.47323989868164,78471100
2003-01-24,21.490076291738728,21.490076291738728,20.740910790062177,20.892427444458008,74519700
2003-01-27,20.580971080639685,21.069190356062414,20.513630546289136,20.648311614990234,76561000
2003-01-28,20.850344968860345,21.08603616915541,20.555729362965625,20.858762741088867,65217200
2003-01-29,20.841932343683002,21.42274592667962,20.488393850405878,21.170217514038086,95717500
2003-01-30,21.313316938463164,21.397493077875488,20.614657710735628,20.623075485229492,70333800
2003-01-31,20.252694275798884,20.841925437865473,20.210607023733736,20.57256317138672,90505600
2003-02-03,20.639909770299422,20.86718485113725,20.522062540128207,20.614656448364258,53158800
2003-02-04,20.35371525074942,20.454725344179973,20.05068175940479,20.362133026123047,68235700
2003-02-05,20.479970736235686,20.926103025044647,20.21060845073815,20.26953125,80107700
2003-02-06,20.235852872580285,20.496797271269422,20.084336252204285,20.378950119018555,103552000
2003-02-07,20.505227118566747,20.580985473381244,19.907578053421958,20.042259216308594,72312400
2003-02-10,20.10959523473427,20.412628585231722,19.882321827386924,20.219024658203125,67572600
2003-02-11,20.412627260237784,20.715660591065188,20.134847242154542,20.32845115661621,77823300
2003-02-12,20.261110074667872,20.47996729625506,20.017001146510434,20.050670623779297,51753000
2003-02-13,20.075925470818863,20.185353287216177,19.629793222835968,20.151683807373047,77387400
2003-02-14,20.05909621000039,20.623074222342648,19.882327773032898,20.614656448364258,67510400
2003-02-18,20.791426298066472,21.330150983478163,20.77459075026581,21.254392623901367,73976800
2003-02-19,21.21230355807346,21.245973045288576,20.799840699624294,21.111291885375977,45541400
2003-02-20,21.1702099545411,21.27122160463355,20.909265466297033,21.027111053466797,59759800
2003-02-21,20.985028129408413,21.355402115414215,20.63148968947697,21.187049865722656,70228500
2003-02-24,21.153373540584244,21.220714102696732,20.79983518811226,20.825088500976562,56646600
2003-02-25,20.580981431352118,21.001860384095306,20.269530299890814,20.850343704223633,74440700
2003-02-26,20.774590160772554,20.993447459392378,20.3705466581788,20.387380599975586,60005600
2003-02-27,20.555728116198242,20.97660706894143,20.429464751480445,20.850343704223633,66424000
2003-02-28,20.884013331425773,21.229133946643483,20.808254990960833,21.17862892150879,50185800
2003-03-03,21.27122891130791,21.44799735278258,20.673579787813484,20.749338150024414,60414400
2003-03-04,20.75775666607868,20.850350579984866,20.555734894804896,20.623075485229492,56043500
2003-03-05,20.538895840656608,20.85876479472945,20.47155526172433,20.665159225463867,69096500
2003-03-06,20.56415141002015,20.774590942901195,20.39579914150482,20.614656448364258,59108600
2003-03-07,20.269525094592566,20.78299779884558,20.16851346544306,20.656734466552734,73291000
2003-03-10,20.479971734664502,20.580983399413476,20.126433316331998,20.210609436035156,55948000
2003-03-11,20.252699384898015,20.404216099396503,20.017008145034726,20.033842086791992,54934200
2003-03-12,20.000168272352646,20.40421168661614,19.81498210886333,20.395793914794922,77859800
2003-03-13,20.740915741643402,21.59109147886681,20.538894022727828,21.565839767456055,128537600
2003-03-14,21.658428833683523,21.86886829364281,21.346979332038153,21.65001106262207,89794400
2003-03-17,21.405907263170747,22.559114881520618,21.338566684037367,22.390764236450195,141040800
2003-03-18,22.559115322601997,22.702214256749087,22.239247966845834,22.66854476928711,96548700
2003-03-19,22.60119505353694,22.685371146457417,22.163480654770815,22.474931716918945,91315100
2003-03-20,22.340258782264257,22.845312313478974,22.028807606190895,22.559114456176758,92789700
2003-03-21,22.90423490027688,23.0473338275651,22.0540607149171,22.87056541442871,93304600
2003-03-24,22.281327042088083,22.390756448572237,21.860448167511635,21.91937255859375,85244500
2003-03-25,22.011973849017558,22.52544680040638,21.89412822956156,22.230831146240234,78731500
2003-03-26,22.306590679599967,22.533865762416525,22.188745053928965,22.35709571838379,67880200
2003-03-27,22.112982693709846,22.432850022192238,21.96988377176421,22.197158813476562,64113100
2003-03-28,22.003551825070463,22.247662395962468,21.843618973995532,21.953046798706055,45374700
2003-03-31,21.54900828830821,21.658436137960134,21.220721528300032,21.254392623901367,89345300
2003-04-01,21.41432888373036,21.60793288283258,21.254394377481148,21.422746658325195,73159500
2003-04-02,21.9362159761017,22.357095032618375,21.910964260247457,22.011974334716797,75843800
2003-04-03,22.42443987748002,22.601209949672196,22.146659711629308,22.289758682250977,70138200
2003-04-04,22.36550801310155,22.39076132906976,21.86045293241823,21.927793502807617,65665700
2003-04-07,22.8200613427639,22.895819696016375,21.94463219652469,21.961467742919922,83842700
2003-04-08,22.011976628227394,22.129823868088817,21.784701528701458,21.93621826171875,54250600
2003-04-09,21.969888192075587,22.121404917035445,21.389074614904878,21.431161880493164,76457100
2003-04-10,21.431152546868642,21.69209861755371,21.29647142901048,21.69209861755371,57017500
2003-04-11,21.902536533918962,22.020382102426105,21.346976560206066,21.47323989868164,67974500
2003-04-14,21.549010584516488,22.0035591848866,21.456416667272453,21.910966873168945,52476200
2003-04-15,21.86044904242448,22.272910163354126,21.759439007577722,22.121395111083984,64655700
2003-04-16,22.43284850056144,22.584365184758894,21.9867178254532,22.070892333984375,70711600
2003-04-17,22.020381136472906,22.710622188351472,22.011963366873733,22.57594108581543,70179900
2003-04-21,22.676953642914228,22.81163475095841,22.407591426825864,22.660118103027344,52729600
2003-04-22,22.50018540697799,23.11466821014351,22.432844847802667,23.08941650390625,70757200
2003-04-23,23.148354105807943,23.358793688588015,22.94633229900227,23.257781982421875,70327100
2003-04-24,23.0304959205145,23.358780977237167,22.954737583497618,23.131505966186523,72383900
2003-04-25,22.996830526688587,23.081006655932804,22.60962257990176,22.685380935668945,63277900
2003-04-28,22.769549823889363,23.257769326039416,22.685375321004585,23.131505966186523,59666200
2003-04-29,23.266191112799085,23.619729544717604,23.072587153910042,23.341949462890625,79903800
2003-04-30,23.274616718736944,23.392463972722044,23.08943047036971,23.106266021728516,60202100
2003-05-01,23.09783954137656,23.459795731551036,22.88740004527753,23.308279037475586,66022600
2003-05-02,23.24093474362733,23.813330338298623,23.20726365898752,23.804912567138672,85004100
2003-05-05,23.84700174779393,24.16686905013651,23.71232060938381,23.779661178588867,80520300
2003-05-06,23.75441020263023,24.32680590001124,23.745992429959806,24.08269691467285,77338300
2003-05-07,23.914347398558114,24.1500402436211,23.670238385391237,23.813337326049805,70353200
2003-05-08,23.44295855078895,23.729156373956062,23.367200209037314,23.37561798095703,80249100
2003-05-09,23.60290087244505,23.973273327193198,23.569229773544475,23.914350509643555,58528200
2003-05-12,23.872253231376263,24.377306658893822,23.712318789715333,24.276296615600586,67487300
2003-05-13,24.099521624521916,24.402554902493424,24.023764910554398,24.124774932861328,64934300
2003-05-14,24.301558687461707,24.38573321870065,23.872261834932765,24.074283599853516,62181200
2003-05-15,24.20054235774803,24.394146311283787,24.040607889140862,24.34364128112793,62232100
2003-05-16,24.183708516462303,24.36047854275165,23.97326900287208,24.158456802368164,70590400
2003-05-19,24.00693810030332,24.14161924936462,23.240938462944932,23.308279037475586,91334800
2003-05-20,23.367200209037314,23.535550830854195,23.072584613950486,23.37561798095703,71817800
2003-05-21,23.27460794744729,23.358784066992087,23.09783954137656,23.308279037475586,63648500
2003-05-22,23.36720131982534,23.838585331056574,23.24935571839901,23.644981384277344,62401400
2003-05-23,23.60288968022109,23.779658049048454,23.527131349144906,23.65339469909668,37922500
2003-05-27,23.510300352952903,24.596167299100863,23.485047035870053,24.49515724182129,101422100
2003-05-28,24.545660000072328,24.747681701471084,24.37730777947715,24.570913314819336,76290400
2003-05-29,24.604578314151027,25.084379968272835,24.545655529332628,24.671918869018555,97336000
2003-05-30,24.857114330619236,25.14331217920673,24.78977375480606,25.075971603393555,78093700
2003-06-02,25.32007748065631,25.421089134740086,24.671923514560326,24.899198532104492,102937000
2003-06-03,24.781355006871195,25.15172735650472,24.688761116699858,25.1348934173584,81672600
2003-06-04,25.092810198574348,25.740964364479442,25.017051836038622,25.60628318786621,87046100
2003-06-05,25.362163340618956,25.825131121919025,25.227482212920023,25.791460037231445,88747900
2003-06-06,26.271261965711247,26.490119201355892,25.28640681359889,25.362163543701172,157178100
2003-06-09,25.25274198211057,25.43792817865665,24.857116269046898,25.025466918945312,94941800
2003-06-10,25.1348869677505,25.42108473163641,24.98337031563143,25.40424919128418,69660100
2003-06-11,25.311664620966148,25.79146645854073,25.08438955931732,25.69045639038086,87338200
2003-06-12,25.791463209238145,25.88405709799111,25.471595892995172,25.799880981445312,79450500
2003-06-13,25.808297808590982,25.86722060635761,25.13489211193548,25.219066619873047,83353600
2003-06-16,25.395838993442403,26.010321949791066,25.252740068831322,25.993486404418945,71211800
2003-06-17,26.11132854422194,26.18708687815402,25.724119103510684,25.892471313476562,67571200
2003-06-18,25.808301453479064,26.28810328079891,25.6315330352143,26.027158737182617,80215700
2003-06-19,26.077667306012522,26.29652461939059,25.572612090949768,25.60628318786621,79467200
2003-06-20,25.833555100203956,25.909313453428027,25.463181107278068,25.572608947753906,71512400
2003-06-23,25.530515518708974,25.564186603351317,24.88236158907499,25.176977157592773,86509400
2003-06-24,25.025466624611745,25.362169525974583,24.857115976693365,24.983379364013672,83004400
2003-06-25,24.97496104692426,25.40425783888562,24.80660879714591,24.848697662353516,94255300
2003-06-26,25.008619204514446,25.488422417371293,24.924444723282843,25.437915802001953,79187500
2003-06-27,25.463188203262877,25.732550598446206,25.05914461048788,25.109649658203125,82451900
2003-06-30,25.38742363907001,25.53894035080009,25.08439021560986,25.210655212402344,72043000
2003-07-01,25.0002095393034,25.572603545881424,24.629835624614074,25.547351837158203,105852500
2003-07-02,25.597860359687683,26.0860799298999,25.572607041986274,26.069244384765625,81972500
2003-07-03,25.84197083230967,26.178673705863755,25.64836527518087,25.74095916748047,50050400
2003-07-07,26.06923927627952,26.852074310834595,26.06082150536192,26.843656539916992,88554600
2003-07-08,26.751068202836752,27.197200493889916,26.61638705941049,27.171945571899414,81874500
2003-07-09,27.087771084094115,27.348717204536232,26.87733159662356,27.10460662841797,89588400
2003-07-10,26.8099974142094,26.927843041509586,26.372282790628333,26.599557876586914,102928700
2003-07-11,26.641644030261446,26.927841917928333,26.607974540520384,26.801578521728516,67728100
2003-07-14,27.22245285200795,27.567573490933285,26.995177815000755,27.121442794799805,84524600
2003-07-15,27.38238635522737,27.483399625866927,26.88575061879047,27.15511131286621,75059000
2003-07-16,27.323464877085122,27.357135968930145,26.708981900647707,27.070938110351562,80138700
2003-07-17,26.666894562365805,26.801575718294842,26.128169938649652,26.246015548706055,116260400
2003-07-18,26.43119880419745,26.557462173181307,26.02715538123877,26.330188751220703,80519000
2003-07-21,26.296519799013232,26.347024829603622,25.7662129639992,25.993486404418945,111325300
2003-07-22,26.187093285403932,26.515378409081364,25.976653774220747,26.38069725036621,91471500
2003-07-23,26.422787830110376,26.633227367732857,26.08608489101966,26.599557876586914,69050400
2003-07-24,26.80999349123116,26.953092420096514,26.1618394248689,26.246015548706055,82999700
2003-07-25,26.203931947845625,26.8015811021712,25.900900088895547,26.76791000366211,82709600
2003-07-28,26.81840483268982,26.927832643567385,26.599547605409054,26.843656539916992,56180800
2003-07-29,26.87733059731724,26.953088938431996,26.296517183946058,26.641637802124023,80560100
2003-07-30,26.69213940198886,26.717392714294675,26.372272140409923,26.448030471801758,56617300
2003-07-31,26.75949383456118,27.214044031275815,26.532218736203863,26.76791000366211,85544100
2003-08-01,26.675304499480163,26.75948059859074,26.34701787350146,26.481698989868164,73545400
2003-08-04,26.448041888585117,26.7679092882407,25.959822211936306,26.473295211791992,96344600
2003-08-05,26.439612494152932,26.49853528354651,25.336910220503682,25.429502487182617,111041800
2003-08-06,25.555772871491875,25.90089351599666,25.336915603301488,25.412673950195312,96816000
2003-08-07,25.43793067930194,25.68204131311187,25.269580012854018,25.513689041137695,67326600
2003-08-08,25.614686415254255,25.715696437586423,25.193807575977715,25.31165313720703,66677100
2003-08-11,25.320077125677173,25.757791611360638,25.27798987362235,25.589439392089844,63712200
2003-08-12,25.68203652709759,26.010321630190298,25.530519831662204,25.976652145385742,59676100
2003-08-13,26.077669216548173,26.153427584634205,25.799889068741514,25.985076904296875,57969700
2003-08-14,25.993487025026702,26.254433167946885,25.816718610976917,26.01032257080078,50271500
2003-08-15,26.094507074598994,26.33861775014314,26.03558425099221,26.237606048583984,28116300
2003-08-18,26.355442952341825,26.944672598458432,26.288102375484897,26.91100311279297,67224100
2003-08-19,27.028846009213993,27.256121021876528,26.809988768004786,27.24770164489746,68205000
2003-08-20,27.020441818230548,27.373981995863417,26.95310281980965,27.180377960205078,58233500
2003-08-21,27.432886431411294,27.626490337269047,27.16352419621345,27.474973678588867,77161400
2003-08-22,27.99687050467285,28.089464401211135,27.25612575447062,27.306629180908203,92989800
2003-08-25,27.239285425202365,27.390802100011644,27.113020459177477,27.36554718017578,43044700
2003-08-26,27.171945426963863,27.432891545795492,26.776319770950224,27.390804290771484,79838500
2003-08-27,27.348716294241335,27.634914116117343,27.24770303166041,27.60965919494629,47532100
2003-08-28,27.72750433175566,27.87902101207003,27.373967551723194,27.853769302368164,55311000
2003-08-29,27.81167688856763,28.165213602999366,27.761170267484097,28.106290817260742,53148800
2003-09-02,28.19047781247785,28.527179097547005,27.887444408179174,28.510343551635742,80303100
2003-09-03,28.70394880941955,28.788126542777675,28.325160247990688,28.49350929260254,85234800
2003-09-04,28.47667140605609,28.804956474530023,28.36724197954759,28.75444984436035,63736100
2003-09-05,28.59450692587434,28.905956341245485,28.341977075035125,28.569252014160156,91024100
2003-09-08,28.6197666776353,29.065897307132598,28.577679427672578,29.040645599365234,69296000
2003-09-09,28.889124288561018,28.948047071250993,28.55241992086044,28.695520401000977,87817500
2003-09-10,28.409322858566917,28.52716842480469,27.870598435165192,28.005279541015625,111624500
2003-09-11,28.013714174689635,28.43459330933847,27.786439056652906,28.316747665405273,96914900
2003-09-12,28.064197489961845,28.48507627462771,27.82008702420357,28.46824073791504,104963000
2003-09-15,28.485091392421282,28.544014196662374,28.14838690157047,28.19047737121582,54594200
2003-09-16,28.215730137989723,28.98172983278522,28.215730137989723,28.956478118896484,87463800
2003-09-17,28.89753949537259,29.040636743820574,28.645009650499077,28.838613510131836,79794700
2003-09-18,28.762876990635018,29.343692220629464,28.6197796337715,29.276350021362305,91469900
2003-09-19,29.284743305075818,29.34366607139992,28.92278733419923,29.107975006103516,69796000
2003-09-22,28.72921233072655,28.788135156180836,28.42617882207415,28.552440643310547,97477500
2003-09-23,28.594538107620817,29.09117576556693,28.54403144016642,29.057504653930664,77826500
2003-09-24,29.04906491073381,29.057484288268917,27.921109149906364,27.963199615478516,115057400
2003-09-25,28.09788517544575,28.40091859333293,27.57599286195019,27.601247787475586,117604800
2003-09-26,27.685413766663796,27.921104925157234,27.373964277075864,27.424470901489258,106581000
2003-09-29,27.57598606424805,27.921106658199623,27.315043182876984,27.895854949951172,96862800
2003-09-30,27.710664270487115,27.744335351967795,27.239281973961887,27.289785385131836,119122500
2003-10-01,27.449720225015717,27.97160912110617,27.289784200451034,27.90427017211914,106653600
2003-10-02,27.862198378403555,28.13998015803931,27.719101009054043,27.99687957763672,83911100
2003-10-03,28.49350342057742,29.015395626688107,28.468251711300027,28.779701232910156,112862800
2003-10-06,28.855457880895212,28.99855838420181,28.67027333862673,28.99013900756836,49162900
2003-10-07,28.754449301224945,29.166912078857422,28.62818433371154,29.166912078857422,80104600
2003-10-08,29.301596532605515,29.326848244548916,28.804959194390104,28.981727600097656,71387400
2003-10-09,29.385768363740777,29.688801723604296,28.981724954273275,29.200580596923828,118216100
2003-10-10,29.26793525892868,29.486790994962032,29.158505785385525,29.469955444335938,68356200
2003-10-13,29.579379315425424,29.772983294376736,29.39419150466663,29.663557052612305,60919800
2003-10-14,29.545696475824403,29.823478081541477,29.427850901659976,29.739303588867188,62274900
2003-10-15,30.134937647091956,30.17702490752022,29.486783561129865,29.613048553466797,97045200
2003-10-16,29.545698660908602,29.90765478606882,29.512030787979583,29.848731994628906,73955000
2003-10-17,29.8066414820237,29.873983642611897,29.12481655579748,29.133235931396484,97794400
2003-10-20,29.166912232144238,29.528868382463315,29.040647263967248,29.495197296142578,75544300
2003-10-21,29.579363161180307,29.84030918737007,29.411010989801444,29.67195701599121,73455600
2003-10-22,29.368931582302555,29.402602667768395,28.99013989844045,29.09956932067871,88141400
2003-10-23,28.74603082851001,29.049060946333025,28.66185311990535,28.762863159179688,95409600
2003-10-24,28.443001550322975,28.813373887776,28.19047481064811,28.788122177124023,101778600
2003-10-27,28.85546784125435,28.998568393956543,28.653447687036785,28.796545028686523,63604500
2003-10-28,28.981723716257807,29.80664604339711,28.931217088087525,29.764558792114258,107375700
2003-10-29,29.62987261656228,29.806640968484324,29.520443213017295,29.73088264465332,74075200
2003-10-30,30.14336752181759,30.30330045155496,29.579387760332626,29.789827346801758,95062600
2003-10-31,29.831904234325044,29.873994705805448,29.512038486228537,29.613048553466797,55473200
2003-11-03,29.823488370464016,30.286454661995297,29.764565563053793,30.101266860961914,71141200
2003-11-04,30.042343542510338,30.19386024785985,29.840323409412406,29.899246215820312,60033900
2003-11-05,29.899237839692674,30.210687330747984,29.587788348637364,30.16860008239746,67412700
2003-11-06,30.12653243853212,30.27804920003271,29.747740534780647,30.25279426574707,90567400
2003-11-07,30.370630197613995,30.45480471323842,29.96658353167131,29.991838455200195,63505200
2003-11-10,30.050750557086797,30.084421635766862,29.537277845893605,29.62145233154297,68896400
2003-11-11,29.587797539554707,29.714059323827218,29.335267548905247,29.512039184570312,75607100
2003-11-12,29.604617245178762,30.269606609556348,29.57936554130774,30.14334487915039,80364600
2003-11-13,30.059188779487048,30.21912491505747,29.924507576984833,30.109695434570312,64243000
2003-11-14,30.143351258084845,30.320119644691406,29.41943895744669,29.495197296142578,90932200
2003-11-17,29.32685226404556,29.385775074023954,28.83863102587908,29.192171096801758,108063100
2003-11-18,29.352099266205286,29.43627698912343,28.468254047401455,28.518760681152344,108588500
2003-11-19,28.62819275947025,28.95648112941559,28.518766513874258,28.796545028686523,86320300
2003-11-20,28.552428559267803,29.192166409238506,28.45983788063554,28.518760681152344,117324500
2003-11-21,28.687109903783192,28.838623367023303,28.39249272108226,28.813371658325195,81787500
2003-11-24,29.057488367078168,29.67197136027679,29.015401106649904,29.613048553466797,92057500
2003-11-25,29.70564245304026,29.84032361304198,29.537290200275066,29.613048553466797,72519800
2003-11-26,29.79822161049588,29.899231627761303,29.30158447661926,29.74771499633789,72842900
2003-11-28,29.680381700040186,29.882405005900488,29.638294447875978,29.781394958496094,24802600
2003-12-01,30.05917822418014,30.311704988815148,29.85715809689294,30.219114303588867,82767300
2003-12-02,30.151760758000627,30.34536464496441,29.949740706843123,30.050750732421875,62504500
2003-12-03,30.168594155481028,30.404285268781084,29.67195701599121,29.67195701599121,107568500
2003-12-04,29.781398955087187,30.059177425489345,29.52887219716197,29.991838455200195,102334800
2003-12-05,29.68880122590951,29.882405155676445,29.42785512350111,29.495197296142578,87490200
2003-12-08,29.47836924185351,29.739315410554326,29.276345883657342,29.663557052612305,86961200
2003-12-09,29.831901749728168,29.84873729470773,28.91438542017942,28.981727600097656,109949500
2003-12-10,29.040660796933935,29.20901309593836,28.729211130960216,29.091167449951172,103504200
2003-12-11,29.04065213818109,29.789816273774534,29.032235970714094,29.71405792236328,108374700
2003-12-12,29.722479863116952,29.747731578746844,29.377359168281597,29.663557052612305,72189400
2003-12-15,30.24437326398452,30.294879913434887,29.16692376413237,29.276350021362305,106091400
2003-12-16,29.284747453945077,29.478351315159912,28.973294832336066,29.335250854492188,89854700
2003-12-17,29.301592480825832,29.461525319438554,29.09956918005848,29.385766983032227,68539900
2003-12-18,29.419439980963265,30.000251790470784,29.419439980963265,29.932912826538086,89978100
2003-12-19,29.974996954029468,30.00866803800979,29.629876370859414,29.848731994628906,89762300
2003-12-22,29.75614217994218,30.03392384411094,29.705638758130945,29.941329956054688,63580000
2003-12-23,29.96657679484326,30.32011674530031,29.907654004942287,30.16860008239746,66999800
2003-12-24,30.180402038178542,30.33197797439705,30.146717782950567,30.230928421020508,44840300
2003-12-26,30.28144997603532,30.390922193532187,30.163558301334323,30.188819885253906,25497600
2003-12-29,30.34040375134129,30.761447392463687,30.331984291934386,30.685659408569336,63296200
2003-12-30,30.761428785443428,30.80353569393242,30.567749213157292,30.786693572998047,48249400
2003-12-31,30.837214059692325,30.85405617917183,30.525642880086046,30.70248031616211,60494600
2004-01-02,30.870905840061035,30.980378037267712,30.50038875791631,30.6182804107666,55234100
2004-01-05,30.80354634906984,31.29195517588589,30.78670422230967,31.233009338378906,69717900
2004-01-06,31.224582237311893,31.510888685224728,31.11511004632341,31.443523406982422,60033000
2004-01-07,31.392993794886166,31.729829788208008,31.216156343929946,31.729829788208008,71830000
2004-01-08,31.87298212325352,31.999296420361567,31.66246043627746,31.982454299926758,76800900
2004-01-09,31.755105732200214,32.294040995531944,31.654056173402402,31.771947860717773,94296500
2004-01-12,31.872986639018343,32.294030072623904,31.72983341349956,32.277191162109375,77668400
2004-01-13,32.22665511215788,32.302443035931034,31.66245541022318,31.95718765258789,92973900
2004-01-14,32.06667709350586,32.20983035316802,31.78878681913968,32.06667709350586,68122400
2004-01-15,31.9403495965263,32.38665453088625,31.687724222592475,32.15087127685547,104427700
2004-01-16,32.31931364073311,32.5298354798504,32.14247285452025,32.47930908203125,77324100
2004-01-20,32.6140244338101,32.84138827658633,32.260349486584765,32.45402908325195,81998100
2004-01-21,32.32773250931136,32.55509647687446,31.999318960267413,32.319313049316406,112180300
2004-01-22,32.46244311950411,32.58033474889896,32.04982241662209,32.1256103515625,90061900
2004-01-23,32.176127461691664,32.386649106762626,31.814029975185193,32.00770950317383,88751300
2004-01-26,31.982454646518192,32.54665444412736,31.864563014502977,32.49612808227539,84538000
2004-01-27,32.42876526489261,32.52981800624978,31.73825426048498,31.78036117553711,97191600
2004-01-28,31.948764073312518,32.04981677698868,31.157203835015057,31.241411209106445,127959700
2004-01-29,31.35931968688965,31.41826551688532,30.87090771000345,31.35931968688965,143925900
2004-01-30,31.325643496649533,31.527742619397177,31.131963832221523,31.216171264648438,84264700
2004-02-02,31.325647232079024,31.561430640836505,31.00565316854529,31.131967544555664,94507900
2004-02-03,31.081435917535284,31.35932621303781,31.02249007527247,31.098278045654297,73488700
2004-02-04,30.83722032946415,31.03932259200348,30.593017578125,30.593017578125,109933000
2004-02-05,30.744588013462305,30.913006017889465,30.593015343014738,30.710906982421875,96784500
2004-02-06,30.82038291353927,31.393002330495253,30.76143708052677,31.266691207885742,107174100
2004-02-09,31.443536197781686,31.47722045675835,31.199330138662482,31.258275985717773,58817700
2004-02-10,31.207765397061287,31.502494751215398,31.18250058648448,31.308815002441406,65042700
2004-02-11,31.359337195274396,31.72143183356485,31.21618066228219,31.645647048950195,92503000
2004-02-12,31.595117953934686,31.746693934861845,31.35933452240725,31.367753982543945,70556400
2004-02-13,31.4856214846289,31.974033316965954,30.9551059593711,31.10668182373047,90570400
2004-02-17,31.39298767642126,31.67929725125152,31.342464535884172,31.527721405029297,69678600
2004-02-18,31.58668279831959,31.721416593417754,31.42668742048648,31.6203670501709,70972100
2004-02-19,31.889810525769153,31.915075301706317,31.005620463279584,31.14035415649414,100843800
2004-02-20,31.15722120317578,31.27511287754297,30.77828138391896,31.039329528808594,132347600
2004-02-23,31.157210264329734,31.182471839308814,30.40775355842699,30.694063186645508,125199800
2004-02-24,30.56775403998507,30.86248638441742,30.399336016353242,30.6182804107666,124521900
2004-02-25,30.677232558688118,30.879331658846517,30.593025135673333,30.803546905517578,74457100
2004-02-26,30.710903464475756,31.02247464897634,30.576169718829078,30.879318237304688,71327600
2004-02-27,30.95511944166115,31.106695372038377,30.54249857409545,30.795124053955078,99383900
2004-03-01,30.88774102436155,31.216154329893072,30.710903584814716,31.199312210083008,79700700
2004-03-02,31.1403710152099,31.308789025982083,30.82879978328051,30.83721923828125,91536000
2004-03-03,30.7445978563876,30.84565061877983,30.49197237502159,30.66880989074707,83938300
2004-03-04,30.68564491125064,31.014061494505683,30.643541209491747,30.95511245727539,65905600
2004-03-05,30.668805203535385,31.283531504395373,30.61828204236817,30.845645904541016,118107100
2004-03-08,30.896184523342797,31.00565678115302,30.08778141714819,30.1214656829834,112599500
2004-03-09,30.155138194028233,30.298291449562626,29.91093218037965,30.028823852539062,126140400
2004-03-10,30.104599648102564,30.31512132396342,29.582506791413277,29.63302993774414,134226100
2004-03-11,29.531989200141464,29.919348427770036,29.30462533723596,29.363571166992188,152132000
2004-03-12,29.62462074400465,29.9698762834964,29.599359162090384,29.902507781982422,118369600
2004-03-15,29.776204613506064,29.80988887326032,29.31305728496239,29.380422592163086,115813600
2004-03-16,29.565668668276615,29.68356030872524,29.161467381464345,29.43093490600586,123265100
2004-03-17,29.649873283324013,29.995128717520036,29.624611709114003,29.894079208374023,91684700
2004-03-18,29.784601856074165,29.860389777837423,29.447769146697226,29.759340286254883,111249700
2004-03-19,29.70881712066827,29.860392980451746,29.237250634502594,29.26251220703125,99976700
2004-03-22,29.0772628747204,29.09410500007714,28.656219377722735,28.892005920410156,133870400
2004-03-23,29.127785479740364,29.178311849269154,28.63937354454835,28.65621566772461,125945800
2004-03-24,28.75727751002608,29.16147895728854,28.639382610472083,28.984638214111328,118876800
2004-03-25,29.17830169427351,29.860389777837423,29.15303691214881,29.759340286254883,142122000
2004-03-26,29.725673325274133,29.96145989239,29.64146590207315,29.658308029174805,78430800
2004-03-29,29.902498215667645,30.281437884687183,29.885659307983158,30.13828468322754,103864000
2004-03-30,30.03724324703656,30.264607133859503,29.91093211811746,30.23934555053711,95716500
2004-03-31,30.24776232066952,30.315130819954483,29.986717416707407,30.180397033691406,85993900
2004-04-01,30.155130513806753,30.525647562270237,30.12986572455933,30.449859619140625,93048600
2004-04-02,31.06457379613128,31.29193756094453,30.75300265722665,31.241411209106445,145964000
2004-04-05,31.165627861376333,31.578251764513904,31.131946834179992,31.536148071289062,67351600
2004-04-06,31.291929962898596,31.367717866100826,31.089827816924444,31.14035415649414,98611400
2004-04-07,31.148788728957076,31.249838234428037,30.870898573529608,31.10668182373047,91004900
2004-04-08,31.451937245369958,31.4856214846289,30.93826705204749,31.10668182373047,77176300
2004-04-12,31.174052453172063,31.35931256957281,31.140368211589003,31.300363540649414,55285700
2004-04-13,31.44352686860288,31.460368993094214,30.702489452518055,30.845645904541016,100624400
2004-04-14,30.66038116349105,31.11510881985162,30.618277464710914,30.997217178344727,113663200
2004-04-15,30.94670497491375,31.039335082005188,30.33198169694342,30.44145393371582,123565500
2004-04-16,30.483546898757194,30.58459642889021,30.138291392854946,30.39091682434082,110736600
2004-04-19,30.323541444757602,30.811953285407565,30.298279871036367,30.76142692565918,85838700
2004-04-20,30.828808899524727,30.98038483281087,30.011983393739104,30.04566764831543,119545100
2004-04-21,30.230923241774363,30.407760732963865,30.020401501127765,30.306711196899414,117850500
2004-04-22,30.315127279881004,31.165633604040597,30.298285157026516,31.089845657348633,137623300
2004-04-23,31.224580253127737,31.376152922617756,31.073004371331486,31.334049224853516,91855600
2004-04-26,31.308784046978253,31.40141409878741,30.862479119867803,31.10668182373047,74392200
2004-04-27,31.11511515994563,31.317214240193007,30.896170741986182,31.047746658325195,87548500
2004-04-28,30.913008193163314,30.921430860745794,30.331969409924874,30.483545303344727,111740700
2004-04-29,30.39090632782493,30.60142798340357,29.725657125243092,30.011966705322266,156917100
2004-04-30,30.02881659126969,30.14670823492172,29.23725611795864,29.279359817504883,150829200
2004-05-03,29.473049271327582,29.9109349602642,29.380419173934218,29.5572566986084,117007200
2004-05-04,29.649873269907225,30.10460087931748,29.498297400103805,29.683557510375977,126176000
2004-05-05,29.826713883385022,30.062500379415706,29.64145696573287,29.919343948364258,97528500
2004-05-06,29.666714973397497,29.84355241491536,29.346721118051402,29.69197654724121,102733300
2004-05-07,29.548841623408524,30.011988966760676,29.397265661975762,29.447792053222656,137686000
2004-05-10,29.19515609741211,29.388838943193736,28.984634337682376,29.19515609741211,156951400
2004-05-11,29.447773047354563,29.793028467274134,29.405666142337715,29.63302993774414,120493600
2004-05-12,29.574084919562633,29.717241333390856,28.858312487339305,29.69197654724121,197765400
2004-05-13,29.523578946022294,29.851992446255576,29.405684037457192,29.48147201538086,137841700
2004-05-14,29.641451856489933,29.734081905502695,29.16988215801849,29.26251220703125,133689900
2004-05-17,28.950957169403456,29.186740543896335,28.72359325301065,28.984638214111328,150652400
2004-05-18,29.18673592839361,29.38883822621877,29.13620955086056,29.245681762695312,96686400
2004-05-19,29.60777411927613,29.902503237843842,29.161469107643175,29.211992263793945,141646900
2004-05-20,29.287766316676166,29.489868482324592,29.10250947816213,29.346712112426758,94938500
2004-05-21,29.48146075501717,29.61619452960829,29.25410012039375,29.489883422851562,111329200
2004-05-24,29.725660787236784,29.86039453491315,29.473035411881842,29.69197654724121,99861800
2004-05-25,29.599352478733945,30.38249346431715,29.430934475283728,30.28144073486328,146321400
2004-05-26,30.197254356626104,30.475141525268555,30.15515062953585,30.475141525268555,93789700
2004-05-27,30.559340883283074,30.736178399008555,30.365661240492223,30.66880989074707,110183400
2004-05-28,30.63512890367675,30.778282165527344,30.491972429518878,30.778282165527344,56379500
2004-06-01,30.542492121692877,30.778275424776016,30.40775834674443,30.73617172241211,90592700
2004-06-02,30.78670478020467,30.870912203224247,30.458288120890845,30.66880989074707,103519800
2004-06-03,30.56775976337655,30.61828614361845,30.163558358362998,30.29829216003418,97301400
2004-06-04,30.601455918847783,30.83723936039998,30.45829939197076,30.475141525268555,91233200
2004-06-07,30.68563879894667,31.24141590345522,30.601431412202242,31.199312210083008,107532600
2004-06-08,31.07299646092367,31.31719913071086,31.03088956157256,31.241411209106445,72530900
2004-06-09,31.140379809884003,31.19932564845581,30.736178397259923,30.803546905517578,98215200
2004-06-10,30.896184693050998,31.022499084472656,30.778292974288608,31.022499084472656,57101300
2004-06-14,30.828802611317368,30.828802611317368,30.399336483836517,30.584596633911133,85129900
2004-06-15,30.78668812252533,31.14878562774339,30.78668812252533,30.98036766052246,91937700
2004-06-16,30.96354150730114,31.0730137242842,30.86249195978988,30.92985725402832,64743300
2004-06-17,30.86248380482417,30.870903259764056,30.525647785714437,30.643539428710938,77844200
2004-06-18,30.56776770302435,31.02249560639047,30.534083440780627,30.685659408569336,78641500
2004-06-21,30.753025302044286,30.84565540913572,30.365665956305353,30.44145393371582,65373100
2004-06-22,30.449859370426257,30.904587025489725,30.33196772925565,30.887744903564453,101524300
2004-06-23,30.79512866786574,31.317221832773065,30.744602279400745,31.258275985717773,94393900
2004-06-24,31.174050636520857,31.451937582622186,31.089840037470534,31.199312210083008,92343200
2004-06-25,31.15722550429008,31.48563898887959,31.14038337529733,31.435115814208984,81005400
2004-06-28,31.569848530304874,31.595110116757144,31.073016985462484,31.1740665435791,94033200
2004-06-29,31.241435648390876,31.654059813755794,31.224596730244325,31.468799591064453,68265900
2004-06-30,31.536155202383853,31.915094951706727,31.451944584586208,31.78036117553711,97809500
2004-07-01,31.712993802184464,31.712993802184464,30.963536944982476,31.190900802612305,122141800
2004-07-02,31.190905935838384,31.199325393148055,30.84565036461138,31.005645751953125,74056400
2004-07-06,30.82037851621763,30.82037851621763,30.171974445591683,30.340389251708984,130232600
2004-07-07,30.281440409053946,30.559330593602812,30.247756166265077,30.39933204650879,95623100
2004-07-08,30.15512623735886,30.424593727537115,29.936181893897857,30.062496185302734,108755400
2004-07-09,30.180394577792963,30.348812599993682,30.003557100020174,30.10460662841797,86014700
2004-07-12,29.953032791796648,30.054082327151242,29.67514576649482,29.978294372558594,81844500
2004-07-13,30.04566376591164,30.15513597298539,29.81829989536165,29.93619155883789,81222000
2004-07-14,29.641452603669848,30.02039226268056,29.515138313230995,29.63302993774414,119489200
2004-07-15,29.742500270024628,29.88565667115945,29.52355915407834,29.531978607177734,90405700
2004-07-16,29.83514404588249,29.851986172137725,29.153052387927588,29.19515609741211,120387100
2004-07-19,29.287794994236048,29.44779363562827,29.026749989536054,29.136219024658203,106387900
2004-07-20,29.254092051180628,29.969864428955567,29.22882726695286,29.83513069152832,117453700
2004-07-21,29.953036649988046,30.020405157106588,28.917269945344692,28.967796325683594,136086800
2004-07-22,29.03515776911984,29.565673449232676,28.841478155305552,29.363571166992188,132135800
2004-07-23,29.153055891930652,29.186740148489744,28.656224350760354,28.80780029296875,107107100
2004-07-26,28.8330620560113,28.976215312855064,28.378334277259626,28.681486129760742,112962200
2004-07-27,28.790941840523494,29.22882729059263,28.66463076850524,29.077251434326172,103474700
2004-07-28,28.976221748518434,29.1614819689284,28.47097069033765,28.950960159301758,154299800
2004-07-29,29.228852068483853,29.405689646601626,29.05201449036608,29.287797927856445,98959800
2004-07-30,29.270950354115662,29.557260137411212,29.17832345825318,29.380422592163086,83007800
2004-08-02,29.144628622440027,29.489884128864638,29.018314300352657,29.43935775756836,81249000
2004-08-03,29.338308081216766,29.414096031630535,28.790950304638802,28.824634552001953,85746500
2004-08-04,28.757275159673622,29.01832009943891,28.63938026975526,28.83306312561035,86721000
2004-08-05,28.92569966289273,28.967806600931294,28.29413414001465,28.29413414001465,109722900
2004-08-06,28.12570274849783,28.13412220378465,27.502557051159457,27.553083419799805,148808600
2004-08-09,27.62886601007657,27.755177088729234,27.49413226546355,27.62044334411621,79281900
2004-08-10,27.75517846239002,28.193063957130654,27.7214942214932,27.965700149536133,105819800
2004-08-11,27.662554568181324,27.82255314192947,27.409929129792406,27.721500396728516,121217700
2004-08-12,27.527816728730798,27.670973157174632,27.258349205866672,27.342559814453125,113691800
2004-08-13,27.49414055456775,27.569928509530712,27.241511896486653,27.384668350219727,91416100
2004-08-16,27.46046560722696,27.948874539528145,27.443623476829277,27.69624900817871,77851300
2004-08-17,27.88992653069448,28.159394171585625,27.780457510043977,28.0078182220459,89573100
2004-08-18,27.839390636925916,28.555163128725194,27.797283727273793,28.504636764526367,106608500
2004-08-19,28.403593773878047,28.504643313184626,28.134126194189207,28.35306739807129,104690200
2004-08-20,28.268856703301683,28.748845974686628,28.218330333358743,28.639373779296875,91962400
2004-08-23,28.673055182371076,28.858315308149404,28.55516354316896,28.70673942565918,83390800
2004-08-24,28.841483190707542,28.89200957316571,28.470966022936402,28.69832992553711,86610500
2004-08-25,28.68990339844504,29.136208473746557,28.546750152520755,29.094104766845703,88394600
2004-08-26,29.018319493715275,29.09410745807002,28.892008361328852,28.967796325683594,57663400
2004-08-27,29.026741562969427,29.20357907203766,29.001476767168853,29.102529525756836,58597200
2004-08-30,28.97620468830967,28.993046808640678,28.580422891295992,28.614107131958008,62355700
2004-08-31,28.64779281616211,28.7320002097543,28.336221605103614,28.64779281616211,81262000
2004-09-01,28.57200865555193,29.026736350620638,28.46253645955985,28.858318328857422,96630600
2004-09-02,28.7825467868604,29.372008592894726,28.765704653852744,29.287797927856445,83054000
2004-09-03,29.001475328094592,29.19515495398363,28.673061909747663,28.748849868774414,90213700
2004-09-07,28.96778804478761,29.14462550696118,28.73200154958321,28.99304962158203,95556500
2004-09-08,28.89200192181656,29.203573167028065,28.782529728301945,28.88357925415039,101466100
2004-09-09,29.00990258025933,29.262528079491275,28.748854410745395,29.12779426574707,104397500
2004-09-10,29.14462241413359,29.633031050064897,29.026730785195202,29.574085235595703,108591600
2004-09-13,29.683567943099902,30.079349876946175,29.590937855407617,29.961458206176758,109350500
2004-09-14,29.851977510493164,30.07934133050781,29.776189570488285,30.00355339050293,76466300
2004-09-15,29.826710713909222,29.851975500413776,29.574085335005513,29.683557510375977,90128700
2004-09-16,29.691972045494335,29.95302004742236,29.582503100564747,29.74249839782715,67121000
2004-09-17,29.66671271666784,29.910918619600253,29.607766907312524,29.83513069152832,83903400
2004-09-20,29.717239072817687,30.121440285099432,29.624609026029137,29.83513069152832,110678100
2004-09-21,29.927771865950874,30.188816772354976,29.826719116078113,29.953033447265625,93688400
2004-09-22,29.843555647576054,29.860397769398183,29.36356641871734,29.43093490600586,101393400
2004-09-23,29.456204174069786,29.59936064078518,29.371996755277518,29.405677795410156,92503200
2004-09-24,29.46461737698037,29.63303216045683,29.262515139580106,29.30461883544922,103247400
2004-09-27,29.15304192534097,29.254094646606074,28.9509429074227,29.051992416381836,86017600
2004-09-28,29.094100717698435,29.211992365536123,28.82463317626758,29.110942840576172,87070300
2004-09-29,29.08567764914805,29.57408630270236,29.077254982602273,29.5404052734375,95096200
2004-09-30,29.489887120230534,29.70040887019308,29.380414910804056,29.5909366607666,74514600
2004-10-01,29.851977556567565,30.441438956147973,29.776189616445713,30.39933204650879,118252700
2004-10-04,30.618288941001797,30.83723018410543,30.525658841582278,30.57618522644043,108032600
2004-10-05,30.50880821355992,30.72775260797328,30.449862387134775,30.6182804107666,89754400
2004-10-06,30.57618188272809,30.896172648247354,30.407763830592753,30.862491607666016,87815500
2004-10-07,30.769850648307358,30.879319613062126,30.458276237619405,30.51722526550293,82374300
2004-10-08,30.382501723100162,30.517235520023366,29.894089701561604,29.961458206176758,115073000
2004-10-11,30.07934504939517,30.197236701243696,29.978292308690783,30.10460662841797,51181600
2004-10-12,29.835143564659635,30.18039911655535,29.64146393430907,30.05408477783203,97884100
2004-10-13,30.357228538140514,30.433016478734125,29.83513562088797,29.986711502075195,132442500
2004-10-14,30.05408694047667,30.129874906702828,29.750938287879343,29.851987838745117,99383700
2004-10-15,29.885661753230043,30.197232967780693,29.708821085014524,30.00355339050293,129183400
2004-10-18,29.902502124732813,30.525647796616468,29.809875271135585,30.43301773071289,108933400
2004-10-19,30.635122353640725,30.79511770837849,30.13829095362633,30.214078903198242,129973500
2004-10-20,30.171974212378323,30.508807034315904,30.02039831819914,30.35723114013672,106524200
2004-10-21,30.517226894342805,30.980373989588806,30.399332044589208,30.820375442504883,122627600
2004-10-22,30.82879901590113,30.887744836358177,30.096184381430447,30.14670753479004,114321100
2004-10-25,30.087760785038935,30.155129270512692,29.885661753230043,30.00355339050293,102863000
2004-10-26,30.020394308435314,30.180389636562424,29.818292072421965,30.16354751586914,98164500
2004-10-27,30.180400286397703,31.064591054812396,30.07092806941464,30.92985725402832,152423400
2004-10-28,30.887753714002454,31.25827086512605,30.79512362314475,31.123537063598633,111113900
2004-10-29,31.081436578446127,31.35932687985767,30.879334249027952,31.073017120361328,100779200
2004-11-01,31.14037443014788,31.308792459389238,30.988798525061327,31.190900802612305,72356000
2004-11-02,31.23300059013632,31.62035976020077,31.174054769139833,31.291946411132812,108930700
2004-11-03,31.797191438448472,31.915086271299614,31.283521264972887,31.50246238708496,140980100
2004-11-04,31.37615425381907,31.81403979621912,31.249843155167326,31.679306030273438,112513700
2004-11-05,32.01613495244321,32.1340265699676,31.670879552990765,31.965608596801758,117017900
2004-11-08,31.957181064691742,32.08349210340461,31.872970493244985,31.999284744262695,66486000
2004-11-09,31.940353209049288,32.125613336630174,31.839303690508025,31.931930541992188,85038700
2004-11-10,31.940363296233265,32.049835516404386,31.704579941071422,31.822471618652344,95122300
2004-11-11,31.923532355811016,32.319314451215355,31.881428629393376,32.243526458740234,99338800
2004-11-12,32.2855901558907,32.639264874065624,32.14243380879292,32.555057525634766,102418100
2004-11-15,32.53824358970572,32.723503771443426,32.42035191489345,32.6982421875,82696000
2004-11-16,32.555073898283,32.57191601890032,32.268764272400595,32.49612808227539,97197500
2004-11-17,32.698241466366476,33.11086231910942,32.698241466366476,32.934024810791016,125242500
2004-11-18,32.82454230427605,33.14453618017395,32.74875436557144,33.08559036254883,94901100
2004-11-19,33.04348052380495,33.08558421252426,32.49612293353733,32.5719108581543,118448900
2004-11-22,32.51296690760876,32.900326005629076,32.4034947408445,32.88348388671875,79882600
2004-11-23,32.84982002666945,32.967714932175625,32.51298707643208,32.83298110961914,91925300
2004-11-24,32.917175693015054,33.16980111014335,32.900333570232306,33.11927795410156,74051700
2004-11-26,33.152952738701565,33.245582790394565,32.98453475492392,33.018218994140625,31248900
2004-11-29,33.22874493033527,33.38032081393487,32.816124190107885,33.009803771972656,94765400
2004-11-30,33.094019770655095,33.16980773215451,32.891920681528035,32.94244384765625,87663100
2004-12-01,33.06874962339729,33.649788369543174,33.06874962339729,33.61610412597656,102375000
2004-12-02,33.53191364528791,34.01190311518162,33.48138725444882,33.742435455322266,122005600
2004-12-03,33.97821045386898,34.18031275494978,33.75084978207534,33.79295349121094,114227700
2004-12-06,33.78454376618698,34.04559200253688,33.607706192679785,33.910858154296875,70415100
2004-12-07,33.978207600102415,34.104521929207394,33.28769654889066,33.329803466796875,121439800
2004-12-08,33.3466387775614,33.66663268770782,33.26243137545752,33.52347946166992,10121300
2004-12-09,33.25400795812089,33.84346612723003,33.043486265637306,33.7255744934082,134346000
2004-12-10,33.54875045354883,33.74243010257905,33.46454302781652,33.62453842163086,86177300
2004-12-13,33.87716203653398,33.96979212709824,33.6666402715451,33.91926574707031,74296400
2004-12-14,33.919262776945295,34.18031089910354,33.89400119529695,34.08768081665039,91985000
2004-12-15,34.09610234558963,34.256097711192105,33.80979265135423,33.961368560791016,95179300
2004-12-16,33.96978220949885,34.06241227301943,33.53189668068736,33.6413688659668,86101300
2004-12-17,33.70003580529814,33.84456337906048,33.52150460512723,33.555511474609375,97947000
2004-12-20,33.64051357637334,33.810544620923224,33.23244101529706,33.325958251953125,106397600
2004-12-21,33.48749439212143,33.75954283466908,33.39397713191944,33.734039306640625,83184700
2004-12-22,33.61502252441671,33.94658140059248,33.572515558279186,33.77655029296875,75298000
2004-12-23,33.67454205529585,33.929587164341164,33.61503163795443,33.80206298828125,45782000
2004-12-27,33.9890867843236,34.02309365287983,33.49600016255208,33.657527923583984,67157700
2004-12-28,33.725534946073154,34.006086718173194,33.674527891562704,33.98058319091797,62563100
2004-12-29,33.93809603037056,34.142134116163675,33.92109582937354,34.02311325073242,46594800
2004-12-30,34.06559960334332,34.10810656623699,33.946578810011694,33.997589111328125,41717600
2004-12-31,34.031577984171356,34.10809178144297,33.8190400187582,33.93806076049805,44112300
2005-01-03,34.08258717918299,34.25261819471908,33.470476820481764,33.580997467041016,100970900
2005-01-04,33.725525850322626,33.78503946965595,32.77335658707364,32.96889114379883,136623200
2005-01-05,32.88388666184197,33.12192823503762,32.705355481945226,32.76486587524414,127925500
2005-01-06,32.841373475979346,32.909383951254746,32.59482861157678,32.603328704833984,102934600
2005-01-07,32.781872174134335,33.04541729805005,32.48431693855166,32.77336883544922,123104000
2005-01-10,32.679852893834386,33.04541863835771,32.63734592790522,32.75636672973633,88764200
2005-01-11,32.62033456995181,32.73085524898279,32.36528959324962,32.526817321777344,106398800
2005-01-12,32.671342172584616,32.815866458356666,32.31427664014165,32.798866271972656,127754900
2005-01-13,32.798859404038915,33.02839754595703,32.31426987367878,32.36528015136719,101982400
2005-01-14,32.475802583736964,32.747850926889086,32.46729924878542,32.67133712768555,93460900
2005-01-18,32.543827203901195,32.97740666901031,32.49282014429316,32.91789627075195,91760400
2005-01-19,32.92639925204126,32.94340268775863,32.35679874934122,32.373802185058594,104981000
2005-01-20,32.00822969659445,32.14425391066697,31.72767793084127,31.75318145751953,120963900
2005-01-21,31.86370220446506,31.923212595540942,31.44712946693389,31.498136520385742,138569200
2005-01-24,31.5576429978222,31.62565671808735,30.996542777925427,31.056053161621094,137499000
2005-01-25,31.260084299521274,31.532132635433495,31.166567075975454,31.209074020385742,119171300
2005-01-26,31.421623689119425,31.70217546425399,31.30260290321016,31.583154678344727,107465800
2005-01-27,31.532141690573717,31.68516932885355,31.34510718977105,31.54064178466797,103654700
2005-01-28,31.642669206840367,31.68517617263867,31.132575888039884,31.38762092590332,111648600
2005-01-31,31.761677957487706,31.906202234982167,31.67666081507416,31.795684814453125,89139900
2005-02-01,31.872205366237054,32.00822957981329,31.770184773750074,31.897708892822266,76610300
2005-02-02,31.999745181503847,32.0762590496178,31.719196493802663,31.94873809814453,100160500
2005-02-03,31.7786892899204,31.804192817451476,31.45563055454298,31.583154678344727,90157900
2005-02-04,31.583163930860266,32.1527644997441,31.583163930860266,32.09325408935547,99302000
2005-02-07,32.135751096910724,32.22926835368623,31.897709529171717,32.025230407714844,71551400
2005-02-08,32.016733577836156,32.31428556785175,31.98272670952767,32.084747314453125,72821700
2005-02-09,32.11026635148214,32.13576989349345,31.506658741330806,31.549165725708008,93276600
2005-02-10,31.67666869364973,31.727678991785066,31.353613201345496,31.583154678344727,110373000
2005-02-11,31.48111688098312,32.178241025895716,31.396103006948476,32.05072021484375,108684100
2005-02-14,32.05073479402415,32.25476948174679,32.04223145690985,32.19525909423828,54908900
2005-02-15,32.22077129369387,32.71385790803314,32.15275755760656,32.40780258178711,131406500
2005-02-16,32.33127571469017,32.44179636973489,32.16124792917168,32.28876876831055,80273900
2005-02-17,32.34827471784907,32.42478850809708,31.821181520069263,31.855188369750977,115628300
2005-02-18,31.86370214491379,31.94021596802165,31.67666763441167,31.75318145751953,69158800
2005-02-22,31.481142399385792,31.92322203746983,31.277107639084875,31.36212158203125,121232000
2005-02-23,31.489626815103176,31.51513033404535,31.20057504249421,31.40460968017578,95010100
2005-02-24,31.328093948247165,31.82968366263302,31.251580153067223,31.804180145263672,99334600
2005-02-25,31.778686639358284,32.05073505390965,31.702172820073656,31.98272132873535,79988700
2005-02-28,31.846729369248063,31.965750265749946,31.38764598867548,31.6426944732666,95731300
2005-03-01,31.770175351121875,32.05072703264342,31.736171740117648,31.9912166595459,78460600
2005-03-02,31.804200594349375,32.32279406811114,31.761693623712535,31.974231719970703,107270600
2005-03-03,32.05923267817414,32.07623610815777,31.47262893756593,31.710670471191406,89793800
2005-03-04,31.965719378073853,32.09324349714604,31.795691543408353,31.897708892822266,86622300
2005-03-07,31.96571622214332,32.55232322027283,31.93171260441119,32.356788635253906,93563900
2005-03-08,32.314274195654754,32.484305234285564,32.00822221780608,32.03372573852539,89595200
2005-03-09,32.02522615750203,32.2462675065584,31.85519834200969,31.94021224975586,98063000
2005-03-10,31.974222715650967,32.02522976882139,31.523643116255872,31.897708892822266,97043600
2005-03-11,32.04222085989346,32.152741504317646,31.472620698383867,31.600141525268555,102857500
2005-03-14,31.65966839182725,31.761685744663247,31.481133970522794,31.74468231201172,65576200
2005-03-15,31.812692866719594,31.86370316478189,31.447130414695938,31.48963737487793,93856300
2005-03-16,31.379109396780656,31.60865082014485,31.05605073688967,31.132564544677734,159578000
2005-03-17,31.124060131565166,31.362101614720363,31.064549760776366,31.209074020385742,100429600
2005-03-18,31.243088982336726,31.277095843920286,30.903026852646793,31.039051055908203,108899400
2005-03-21,31.11557387733095,31.24309802363652,30.81802186004963,31.098573684692383,92752500
2005-03-22,31.12408192968155,31.243102754616782,30.69900570172758,30.71600914001465,114016300
2005-03-23,30.681994687309036,31.022056882932276,30.66499125322053,30.826519012451172,97444900
2005-03-24,30.93704507383922,31.158086512222553,30.83502769470215,30.83502769470215,77566800
2005-03-28,30.954045466931287,31.124076577488648,30.869031533189453,30.894535064697266,59739000
2005-03-29,30.835019975867223,31.098568319328262,30.554468199627422,30.647985458374023,119554300
2005-03-30,30.80101902767162,31.26860216816153,30.792518931185835,31.22609519958496,114711000
2005-03-31,31.22609305307757,31.243096487954134,30.97954811197782,31.090068817138672,86578900
2005-04-01,31.30260037242398,31.35361066643518,30.715996585123328,30.7755069732666,143814300
2005-04-04,30.81801083045522,31.115562741244368,30.630976347631986,30.99654197692871,100090300
2005-04-05,31.02204784709968,31.175072223177736,30.962534223587795,31.081558227539062,66266600
2005-04-06,31.166579949238166,31.37911800214979,30.962541991490742,31.030555725097656,82168900
2005-04-07,31.056047534653686,31.413113015204566,31.039044107668204,31.40460968017578,88618000
2005-04-08,31.45561416418774,31.515124526133725,31.115552173292247,31.149559020996094,92332900
2005-04-11,31.24310664431806,31.268610183386677,30.94555454493537,31.013565063476562,70976000
2005-04-12,30.979558945660365,31.234607314926688,30.5289791146194,31.166593551635742,144848500
2005-04-13,31.081581907750767,31.1155855488565,30.588491816355376,30.656505584716797,108995500
2005-04-14,30.656491298278134,30.69049492353761,30.18040487083735,30.222911834716797,158057900
2005-04-15,29.959362565115423,30.069880007286773,29.483276203586115,29.534286499023438,170013300
2005-04-18,29.50877497169246,29.755319828609768,29.44926459148104,29.542781829833984,110084000
2005-04-19,29.77232588149524,29.840336360699514,29.542784433419364,29.746822357177734,96922100
2005-04-20,29.93386622856615,30.001879979520417,29.40677263096714,29.500289916992188,140457400
2005-04-21,29.85735816687602,30.35894832661646,29.721333881679023,30.282434463500977,124505100
2005-04-22,30.146407482541758,30.154910823835742,29.60231039040821,29.831851959228516,114996800
2005-04-25,30.01037447585084,30.14639870929828,29.88285358122273,30.078388214111328,72170100
2005-04-26,30.001878115520096,30.350440459819374,29.789340021604097,29.797840118408203,104958800
2005-04-27,29.64480694693401,29.96786569797986,29.52578615525221,29.840341567993164,112539300
2005-04-28,29.68730611232672,29.882843925104236,29.517278307764087,29.542781829833984,98181900
2005-04-29,29.755322827757258,29.806333120111056,29.202722678012638,29.738319396972656,144435900
2005-05-02,29.840342147188206,29.97636637504666,29.66181095620025,29.857345581054688,67648800
2005-05-03,29.797832216959012,30.120890942107007,29.780828784785637,30.0103702545166,103428700
2005-05-04,30.00186695484808,30.46094984526589,29.959360000492225,30.375932693481445,90480600
2005-05-05,30.39294910621831,30.537473461376496,30.205914535473248,30.40144920349121,79341700
2005-05-06,30.57996551780349,30.62247246507454,30.36742753837605,30.486448287963867,77310200
2005-05-09,30.49495532985388,30.656486306597134,30.316424164785698,30.630979537963867,66298400
2005-05-10,30.48647365908312,30.57148762437461,30.282435602078692,30.40995979309082,77194700
2005-05-11,30.452458026919953,30.630989248586022,30.010378399646378,30.562978744506836,131952400
2005-05-12,30.63099018660329,30.77551778219264,30.31643470407221,30.477962493896484,116602200
2005-05-13,30.5969693874962,31.005041924725454,30.511952248653284,30.809507369995117,133273500
2005-05-16,30.80953026477833,31.064575384688446,30.71601296409387,31.013565063476562,79093200
2005-05-17,30.903029214631417,31.23459127580387,30.78400843306477,31.200584411621094,91665900
2005-05-18,31.28559967961339,31.761686069505824,31.209085853435557,31.625661849975586,128105900
2005-05-19,31.70216707900935,31.897701638866,31.62565327358089,31.889198303222656,92619700
2005-05-20,31.838203874535864,32.04223860779304,31.753186699784028,32.0167350769043,66530100
2005-05-23,32.01673304605046,32.29728484032541,31.96572274443499,32.178260803222656,93068200
2005-05-24,32.10175042825422,32.30578841360841,32.05074336422099,32.2802848815918,100830000
2005-05-25,32.16974866743073,32.20375552244639,31.957210688191118,32.14424514770508,76470600
2005-05-26,32.2887920538346,32.53533706093685,32.2887920538346,32.467323303222656,84066800
2005-05-27,32.42481499491619,32.518332286396415,32.32279760560792,32.48432540893555,50076900
2005-05-31,32.4673162168935,32.50982642772381,32.237774699319615,32.373802185058594,75281500
2005-06-01,32.33128903144346,32.883889291202365,32.32278893589533,32.63734436035156,110875700
2005-06-02,32.586322451851586,32.86687088012695,32.56081569068329,32.86687088012695,75926500
2005-06-03,32.841391123972684,32.84989122179759,32.32279759364651,32.39080810546875,96998400
2005-06-06,32.40779590060659,32.467306285877626,32.271771699548104,32.399295806884766,52681400
2005-06-07,32.43331751876761,32.70536604545253,32.08475514126042,32.127262115478516,108953400
2005-06-08,32.20377748879312,32.26328790412677,31.931728949246615,32.05924987792969,79211900
2005-06-09,32.01672645600249,32.35678857729664,31.880702256099372,32.26327133178711,99383300
2005-06-10,32.22077687040692,32.22077687040692,31.778697238545373,31.923221588134766,85971700
2005-06-13,31.863710078843837,32.26328272601825,31.846706642466856,32.07624816894531,82331300
2005-06-14,32.04225216532827,32.16977635987653,31.880724329565467,31.94873809814453,62593600
2005-06-15,32.16124084554592,32.195244449316924,31.66815129554503,32.05072021484375,103952000
2005-06-16,32.08472476679815,32.305762769321134,32.01671107797805,32.22074890136719,90450100
2005-06-17,32.429251750787344,32.51434426298968,32.12291351314489,32.22502517700195,83915700
2005-06-20,32.09738640869844,32.40372464634089,31.978255593186656,32.22502517700195,67580000
2005-06-21,32.199515113994536,32.34417311051232,32.08038423543331,32.20802307128906,97845600
2005-06-22,32.335661667338435,32.420754215402376,32.02081534421469,32.17398452758789,75221100
2005-06-23,32.22500273286642,32.48879453068145,31.765498942510142,31.816553115844727,122163300
2005-06-24,31.808069160507813,31.83359626642916,31.450673447251692,31.459184646606445,142144100
2005-06-27,31.44216188931842,31.535765595060873,31.22942737483869,31.31451988220215,72780800
2005-06-28,31.442150818898696,31.70593944649113,31.399604580197007,31.61233901977539,73330300
2005-06-29,31.697459735237164,31.70596769212894,31.459197989393452,31.54429054260254,71513600
2005-06-30,31.603836903370148,31.663402303878122,31.27197160166262,31.29749870300293,87803700
2005-07-01,31.365581979257044,31.484712805636654,31.21241284646282,31.254959106445312,55254800
2005-07-05,31.144327929574043,31.646381454075925,31.144327929574043,31.57830810546875,79288700
2005-07-06,31.510223319271887,31.722957753230936,31.365565462293265,31.42513084411621,79101000
2005-07-07,31.127296001161692,31.561272707553833,31.10176566826637,31.53574562072754,119466300
2005-07-08,31.552792125783245,32.17397666382739,31.476207552814962,32.13993835449219,101320700
2005-07-11,32.22502108515216,32.471793883704144,32.165455684959724,32.4377555847168,96283700
2005-07-12,32.437746622876695,32.72706559219493,32.34414294955756,32.59091567993164,86059300
2005-07-13,32.607930351973685,32.70153401245343,32.48028840657957,32.66749572753906,72135400
2005-07-14,32.905771864613925,33.08447131685601,32.7781331085221,32.990867614746094,99135200
2005-07-15,33.041940462142136,33.18659843567002,32.8887712865994,33.092994689941406,67239200
2005-07-18,33.00788270013968,33.0929751937225,32.922786960486306,32.956825256347656,58644000
2005-07-19,33.10998338653695,33.3567560807761,33.05041801152329,33.33973693847656,77860900
2005-07-20,33.13551114449624,33.67160277648871,33.10147610528097,33.577999114990234,91433100
2005-07-21,33.66309804546254,33.77371761410605,33.365267889860384,33.58651351928711,127286000
2005-07-22,33.595025639830226,33.688629321897245,33.37378322900202,33.543968200683594,71666600
2005-07-25,33.57801694612247,33.72267811236845,33.35677446642255,33.41633987426758,51872700
2005-07-26,33.51844110414541,33.63757188275062,33.348252886393574,33.543968200683594,67324900
2005-07-27,33.569494164612976,33.833282783953976,33.382286824897555,33.79924774169922,78351100
2005-07-28,33.8247837422209,33.96944163658942,33.731180047713885,33.960933685302734,66163700
2005-07-29,33.926895732855996,33.96944198186327,33.629068743734386,33.68012619018555,74725700
2005-08-01,33.73119293147182,33.89287328230952,33.629081246676165,33.73970413208008,59748300
2005-08-02,33.782244861782,34.15665647540107,33.73969860392755,34.1056022644043,79284100
2005-08-03,33.9609276719194,34.14813502778506,33.93540057650867,34.08856964111328,61916400
2005-08-04,33.93541717537771,33.98647139117137,33.67162515818086,33.756717681884766,72035500
2005-08-05,33.70564693229481,33.85881599668444,33.55247786790518,33.59502410888672,66029500
2005-08-08,33.629073916433846,33.70565847485517,33.30571653131366,33.348262786865234,63415400
2005-08-09,33.50143480194535,33.68864223785323,33.45038058929521,33.56951141357422,62143600
2005-08-10,33.65458567803733,33.773716437700685,33.16104349570774,33.280174255371094,102317500
2005-08-11,33.29721323400012,33.646097772015445,33.27168288024273,33.552494049072266,92446700
2005-08-12,33.288703208929974,33.458891507008495,33.161064419924934,33.36528778076172,86367300
2005-08-15,33.30571941261962,33.722680543667664,33.254665199969466,33.56951141357422,63061100
2005-08-16,33.441860113062816,33.4673904583773,32.96533694813388,33.02490234375,94596000
2005-08-17,33.118489095976386,33.331223491236464,33.00786954761101,33.220603942871094,74470500
2005-08-18,33.075953580112085,33.27166889761922,32.99086109287257,33.0504264831543,72559400
2005-08-19,33.09296686899588,33.186570536032775,33.007874396818565,33.03340148925781,52024300
2005-08-22,33.08446477647823,33.339745484267084,32.846199969281024,33.0504264831543,88056300
2005-08-23,33.05042894693109,33.11850229258324,32.85471361483417,32.956825256347656,57482900
2005-08-24,32.88877718585661,33.33977359136515,32.72709677929842,32.76113510131836,95025700
2005-08-25,32.820684552115466,32.9227962223551,32.752611187312866,32.837703704833984,52328800
2005-08-26,32.78665435443156,32.84621978064046,32.5654118065231,32.727088928222656,63840700
2005-08-29,32.55689553582568,33.05894922575264,32.55689553582568,32.982364654541016,74940400
2005-08-30,32.81217363676298,32.897266146602604,32.60794706864823,32.86322784423828,87373600
2005-08-31,32.88024045832643,33.19508657742224,32.74409052200902,33.169559478759766,93426300
2005-09-01,33.186568697290625,33.31421064455418,32.99936137358929,33.118492126464844,74884400
2005-09-02,33.18658297094366,33.21211007294783,32.965340512741925,32.990867614746094,53244900
2005-09-06,33.144037241799396,33.53546796036981,33.10149098909757,33.47590255737305,78106600
2005-09-07,33.441861544483615,33.595030638644225,33.36527699740331,33.535465240478516,57440100
2005-09-08,33.433358570343586,33.67162019847685,33.416339418895326,33.52696228027344,73529700
2005-09-09,33.53546093294805,33.7737224950069,33.450368445375695,33.71415710449219,75342100
2005-09-12,33.72267726519861,33.91839263549719,33.680131010102606,33.807769775390625,51689900
2005-09-13,33.76520629809224,33.960921568564736,33.6460755461585,33.722660064697266,66145800
2005-09-14,33.73967866734212,33.76520575775669,33.314209848061985,33.33973693847656,98644000
2005-09-15,33.40781969281946,33.47589628123603,33.22912351733155,33.32272720336914,80421500
2005-09-16,33.39932026744706,33.57801648854701,33.28018945338043,33.52696228027344,71034100
2005-09-19,33.45887218450872,33.509929618268146,33.10998783566078,33.26315689086914,73387500
2005-09-20,33.32272565898033,33.64608294683181,33.02489871363703,33.127010345458984,115202800
2005-09-21,33.03343518533178,33.07598146482019,32.73560798283993,32.76113510131836,116404300
2005-09-22,32.710060747190056,32.95683358544528,32.539875717013985,32.8802490234375,118686100
2005-09-23,32.761108152328,33.08446545338055,32.684523613817404,32.97384262084961,70154000
2005-09-26,33.161064151416,33.21211836817591,32.8036684037378,32.982364654541016,69327600
2005-09-27,33.0078842404939,33.10148793544547,32.769619404416076,32.90576934814453,64089500
2005-09-28,32.98236475307644,33.14404509615722,32.81217970193929,32.91429138183594,72044500
2005-09-29,32.87172765299231,33.36526988198058,32.71855859149628,33.35676193237305,117634600
2005-09-30,33.331226415779625,33.595018257632645,33.297191376564356,33.577999114990234,79248500
2005-10-03,33.646093488733094,33.824789711927686,33.620563138225826,33.66311264038086,81685600
2005-10-04,33.71417161578601,33.935417372415515,33.4333636890753,33.441871643066406,85348600
2005-10-05,33.450383281985296,33.47591039036525,32.95683754616106,32.982364654541016,106152200
2005-10-06,32.956839422507024,33.067462308571244,32.267578242360344,32.54838943481445,162213700
2005-10-07,32.67601929973986,32.82067719631921,32.48881190786471,32.624961853027344,91119900
2005-10-10,32.56541228728199,32.72708941136837,32.38671600601721,32.44628143310547,64012000
2005-10-11,32.539875712173576,32.539875712173576,32.16546085527061,32.28459167480469,114736900
2005-10-12,32.097391584460375,32.38671071710134,31.850618714781245,31.901676177978516,146109500
2005-10-13,31.884660140300053,32.25907183546336,31.765529293933188,32.1484489440918,138569600
2005-10-14,32.23353438186491,32.39521144347635,32.029307820713186,32.38670349121094,131463200
2005-10-17,32.395203994471125,32.497315628531744,32.18246952997049,32.488807678222656,64080400
2005-10-18,32.454775259242986,32.48881355878098,32.25905990600586,32.25905990600586,88070400
2005-10-19,32.09738088317163,32.90576934814453,32.00377718822006,32.90576934814453,132879900
2005-10-20,32.939826402516694,33.05895726535692,32.4207534320792,32.59945297241211,132576900
2005-10-21,32.90577300405907,32.97384960652214,32.616457181804265,32.80366134643555,110032000
2005-10-24,32.956823655806055,33.339746350473284,32.73558123559299,33.32272720336914,110820900
2005-10-25,33.263175493371016,33.348268017821646,32.990875519842916,33.195098876953125,86665800
2005-10-26,33.16956023422611,33.41633301381894,32.9823528502494,33.02490234375,89878100
2005-10-27,32.99937912459003,33.016398276451405,32.361175537109375,32.361175537109375,132231100
2005-10-28,32.471802133451284,32.66751753324547,32.26757553371248,32.60795211791992,95243900
2005-10-31,32.718558312825216,33.229119682750046,32.69302797207996,33.075950622558594,115279100
2005-11-01,32.9993690431684,33.19508436067553,32.939803652886674,33.0504264831543,73502300
2005-11-02,32.95683618515038,33.578020683293246,32.93981703157599,33.48441696166992,101409900
2005-11-03,33.81629561880491,34.11412277952751,33.76523814293563,33.986480712890625,137054000
2005-11-04,34.037525654980065,34.23324103796763,33.901375682203,34.1056022644043,100944500
2005-11-07,34.21620947758301,34.28428606232022,33.99496706932751,34.148136138916016,65324500
2005-11-08,34.10560776806923,34.335358246772635,34.02902319314412,34.15666198730469,78859700
2005-11-09,34.139644854282906,34.3183443704071,34.063060274821716,34.173683166503906,72458800
2005-11-10,34.19069182862188,34.62466881498865,33.96944611316343,34.5480842590332,120763100
2005-11-11,34.692754395804194,34.82039319137763,34.616169820031345,34.64169692993164,80057200
2005-11-14,34.692754395804194,34.76933897157704,34.548093198867946,34.64169692993164,53652400
2005-11-15,34.65868802963649,34.80334910947219,34.360861168312006,34.4799919128418,79543500
2005-11-16,34.57362580411767,34.701264607994986,34.42896459777011,34.69275665283203,65895700
2005-11-17,34.81186812154379,35.16075251829761,34.76081068077358,35.152244567871094,94425500
2005-11-18,35.33095824296861,35.441581129733585,35.11822367015166,35.271392822265625,108820200
2005-11-21,35.22882186470524,35.381990909461585,35.09267196337401,35.35646057128906,69731400
2005-11-22,35.288396454519415,35.62876967365574,35.194792764283996,35.48411178588867,88814000
2005-11-23,35.50965226493948,35.75642513289667,35.49263311065914,35.569217681884766,64101200
2005-11-25,35.603236231650136,35.68832870975611,35.50963255809159,35.645782470703125,22930200
2005-11-28,35.73938051301341,35.73938051301341,35.313911697382295,35.34794998168945,74716200
2005-11-29,35.543706909569835,35.61178031190629,35.17780303955078,35.17780303955078,77443000
2005-11-30,35.126728390359524,35.305427882086,35.05014382135437,35.09269332885742,88044400
2005-12-01,35.32244047931703,35.78194785028208,35.3139325262568,35.74790954589844,91914100
2005-12-02,35.688350431086675,35.850030782390974,35.628785010944654,35.833011627197266,72929200
2005-12-05,35.79046344145734,35.79046344145734,35.42455973960958,35.569217681884766,61519900
2005-12-06,35.764916138938105,36.003180939883535,35.65429655764333,35.688331604003906,81509400
2005-12-07,35.739404418779024,35.764931526049516,35.42455819351365,35.62027359008789,83885500
2005-12-08,35.7053635424183,35.73940184704405,35.11821739494542,35.364990234375,112043200
2005-12-09,35.36497922036135,35.54367539488658,35.21181014331962,35.501129150390625,56526900
2005-12-12,35.628780364990234,35.688345777364994,35.46710328084039,35.628780364990234,44863600
2005-12-13,35.58623387924076,35.918099244952565,35.535176420642216,35.773441314697266,76611600
2005-12-14,35.696850756380776,35.82448951233952,35.49262420234746,35.65430450439453,73581600
2005-12-15,35.739382835262525,35.798948213635725,35.407517656877666,35.7138557434082,72607200
2005-12-16,35.70619400888676,35.77443157818287,35.44176569984815,35.46735763549805,63743000
2005-12-19,35.54411610756001,35.578236511888996,34.88731622068167,34.90437316894531,75341700
2005-12-20,34.92997360229492,35.100572411568606,34.75937479302124,34.92997360229492,70257700
2005-12-21,34.989689456014005,35.32235540870907,34.92998034932014,35.083518981933594,68935000
2005-12-22,35.06645556405013,35.3650010702052,35.05792383307314,35.31382369995117,59149500
2005-12-23,35.407649963384216,35.475890795592214,35.22852265969117,35.31382369995117,38000400
2005-12-27,35.41616801406232,35.552646371858486,34.947023862506796,35.00673294067383,55656300
2005-12-28,35.02381281042829,35.16881972343656,34.861742432474884,34.96410369873047,50302400
2005-12-29,34.99819339195471,35.074962654428234,34.67405939831091,34.733768463134766,47301700
2005-12-30,34.58024241996661,34.61436282758175,34.42670383959962,34.46935272216797,60026500
2006-01-03,34.67406407590602,35.3905762043511,34.25609731185454,35.237037658691406,109350400
2006-01-04,35.32232862179374,35.603816986083984,35.245559363705475,35.603816986083984,92769400
2006-01-05,35.61236693148724,35.825614637663804,35.57824651756256,35.75737380981445,77656900
2006-01-06,36.04738945301596,36.42270748414724,35.87679389766717,36.40564727783203,110053900
2006-01-09,36.40564468778256,36.610360641197424,36.26916630087219,36.55065155029297,80768800
2006-01-10,36.388592937823894,36.610369147871474,36.294763414914556,36.57625198364258,84369400
2006-01-11,36.678599786249826,36.94302807239236,36.567710085106015,36.85772705078125,100761400
2006-01-12,36.81510549614972,36.92599527961114,36.550677013712075,36.678627014160156,82429200
2006-01-13,36.627416764010086,36.72124625465977,36.44828951126126,36.661537170410156,64572100
2006-01-17,36.380046285505884,36.49946443540354,36.252096408386656,36.42269515991211,77962100
2006-01-18,35.85119926262595,36.2179855360398,35.84267078706113,36.004737854003906,121021900
2006-01-19,36.183886850875915,36.525084648549935,36.07300033244971,36.269187927246094,111094000
2006-01-20,36.21800493602288,36.24359688422833,35.100588566113515,35.18588638305664,188569400
2006-01-23,35.279690352255066,35.35645963339869,35.04085403487526,35.19438934326172,111381900
2006-01-24,35.279689541779575,35.56970645789288,35.23704066521306,35.34792709350586,77956900
2006-01-25,35.51852666963488,35.544115345382494,35.04085403487526,35.19438934326172,99826400
2006-01-26,35.399104514719546,35.5611715326599,35.16879669728826,35.44175338745117,112600600
2006-01-27,35.65502427746405,36.15828911354514,35.603846898342184,35.91945266723633,110830400
2006-01-30,35.97913098309271,36.09854910403321,35.885301529810945,35.9876594543457,53942600
2006-01-31,35.970621808706454,36.05592284421229,35.66354784259082,35.82561492919922,100988100
2006-02-01,35.603841368292464,35.97062445933909,35.56972095157584,35.95356750488281,89168700
2006-02-02,35.83415731566978,35.893869690653524,35.32236391957729,35.33942413330078,94047400
2006-02-03,35.0749719366894,35.16880142164369,34.784955007694705,34.90437316894531,121094200
2006-02-06,34.73377378606436,34.98113855514313,34.622884111297715,34.810543060302734,58162800
2006-02-07,34.750846261797456,34.912913340704975,34.49494642134123,34.65701675415039,87327000
2006-02-08,34.90438754914281,35.100578327912366,34.708200024275456,35.057926177978516,89907800
2006-02-09,35.15175717422074,35.288235599580915,34.657024102503506,34.72526168823242,78213400
2006-02-10,34.69965929938461,35.02379665184483,34.34140154058098,34.93849563598633,102575900
2006-02-13,34.71672877122193,34.75084918667479,34.37553112449712,34.537601470947266,70643100
2006-02-14,34.605848110606914,34.98969475021945,34.4693696669561,34.88733673095703,94340300
2006-02-15,34.79349466458459,35.194398118156435,34.7423140464279,35.109100341796875,92254300
2006-02-16,35.23703631326878,35.44175219706494,35.10055797277124,35.433223724365234,103859600
2006-02-17,35.364996348552474,35.364996348552474,35.143220181290204,35.15174865722656,81770200
2006-02-21,35.15174767127949,35.202928287166735,34.63995452801286,34.75937271118164,85101400
2006-02-22,34.784954261795995,35.43322891454231,34.69965650670343,35.19438934326172,91983900
2006-02-23,35.13468783576005,35.433236550725546,35.04086158649813,35.10057067871094,66517100
2006-02-24,35.13468026391676,35.21998127291012,34.98114170162952,35.19438934326172,57085400
2006-02-27,35.279688183608215,35.714711914080596,35.254099509433544,35.58676528930664,64945000
2006-02-28,35.49295337764708,35.58678290125803,34.947039699076655,35.057926177978516,117564600
2006-03-01,35.168808652983195,35.62942444443287,35.1005710841952,35.53559494018555,80962300
2006-03-02,35.441758138830714,35.68912618929729,35.3223399776126,35.56117630004883,69856500
2006-03-03,35.356475830078125,35.83414868365803,35.30529520123645,35.356475830078125,112066100
2006-03-06,35.43322379162809,35.50999306167245,34.93848777269765,35.04937744140625,99581000
2006-03-07,34.98967562478019,35.03232450500232,34.67407000645522,34.84466552734375,96441100
2006-03-08,34.76789536704595,35.04938382645498,34.54611924312746,34.861724853515625,103961900
2006-03-09,34.972602528225416,35.1005523756203,34.52051870752312,34.563167572021484,108556700
2006-03-10,34.52905686300076,34.793485103292745,34.281688824072845,34.59729766845703,124474900
2006-03-13,34.75083804695841,34.92143356173286,34.648476833412694,34.69965744018555,69169100
2006-03-14,34.665547959919124,35.33087978812977,34.665547959919124,35.288230895996094,118201000
2006-03-15,35.42469500913215,35.58676528930664,35.24556778210827,35.58676528930664,84375800
2006-03-16,35.69766611750279,35.757375217270315,35.25411373463029,35.288230895996094,101371200
2006-03-17,35.28737983821184,35.50077715139498,35.19348449942172,35.38127517700195,78219600
2006-03-20,35.48367448656715,35.577569744678605,35.33856600125439,35.46660232543945,60240100
2006-03-21,35.0910530090332,35.85928134574432,35.06544637466483,35.0910530090332,136566000
2006-03-22,34.8947203597639,35.23615401709116,34.877648188469976,35.1764030456543,112282800
2006-03-23,35.073974609375,35.18494209891827,34.84350517240844,35.073974609375,75158200
2006-03-24,35.19346483598271,35.423934196193855,35.01421197454608,35.25321578979492,81795500
2006-03-27,35.236131769320686,35.43245673096742,35.20199070447293,35.261741638183594,54400400
2006-03-28,35.33005838335225,35.56906233033709,34.988624638543136,35.116661071777344,100522800
2006-03-29,35.167869724123335,35.93609792006347,35.142259838263314,35.78245162963867,130669100
2006-03-30,35.85928826065583,36.10682996123283,35.67150081210178,35.8934326171875,115915600
2006-03-31,35.96171888105733,36.01293215618186,35.7141771973393,35.79100036621094,71074600
2006-04-03,35.97878341628667,36.16657081216541,35.76538613210035,35.83367156982422,80730700
2006-04-04,35.89342083947209,36.115355827919295,35.79099105967246,36.02999496459961,89952600
2006-04-05,36.10681188231313,36.422638881631734,36.029988746675265,36.37142562866211,91628200
2006-04-06,36.354355939643895,36.653110789630844,36.226316286115974,36.47385787963867,91712800
2006-04-07,36.60189325397889,36.74700180524091,36.10681012481447,36.12388229370117,116604300
2006-04-10,36.192179006352525,36.277536613557885,35.92756521412151,36.07267379760742,58981900
2006-04-11,36.18363952754606,36.21778387123687,35.60319870953769,35.78245162963867,91481900
2006-04-12,35.79953482667008,35.91904006639194,35.680032843133056,35.79100036621094,58751200
2006-04-13,35.76539617983377,36.1324398722442,35.671500827423884,35.93611145019531,63476900
2006-04-17,35.88488107773018,36.02998963965176,35.33004694479626,35.560516357421875,104072100
2006-04-18,35.654421381496114,36.32875763299942,35.654421381496114,36.2433967590332,124291700
2006-04-19,36.311687090487105,36.405582427978516,36.1068242399436,36.405582427978516,79050300
2006-04-20,36.39703643041224,36.55068271931343,36.175104710990425,36.27753448486328,81408000
2006-04-21,36.4141187673269,36.465335296652654,35.697103637689864,35.85074996948242,130181200
2006-04-24,35.80807778194463,35.910507603363754,35.61175260081409,35.816612243652344,78556400
2006-04-25,35.910502757507544,35.93610939536057,35.55199680282568,35.739784240722656,77660800
2006-04-26,35.73123550415039,35.90195395272662,35.59466139652612,35.73123550415039,82537000
2006-04-27,35.5690561002542,36.26900215531094,35.42394751676829,36.07267379760742,173950100
2006-04-28,35.85074169202658,36.038532333344634,35.66295105070853,35.72270202636719,88876600
2006-05-01,35.78245648111358,35.893423985062036,35.26176982206004,35.37273406982422,92875500
2006-05-02,35.52635326129551,35.620248519406964,35.33856600125439,35.46660232543945,85148100
2006-05-03,35.48368304884938,35.54343399912345,35.236141537038165,35.41539764404297,74971600
2006-05-04,35.44957087477324,35.84222451927212,35.44957087477324,35.705650329589844,88696800
2006-05-05,35.936103422910136,36.029998754346,35.799529283417336,35.98731994628906,80392200
2006-05-08,35.91904691962829,36.08976221086177,35.910509201355346,36.02147674560547,45079100
2006-05-09,35.93608949857144,36.00437816994985,35.82512529185613,35.8848762512207,48528800
2006-05-10,35.79098478474231,35.83366358082765,35.46662007336358,35.56904983520508,92424200
2006-05-11,35.53489709700586,35.551969261077204,34.681308430532766,34.775203704833984,140989700
2006-05-12,34.62158987647019,34.67280316041722,34.29722496800227,34.30575942993164,153920800
2006-05-15,34.16063036102138,34.433778566056176,33.96430529216409,34.28013229370117,127896500
2006-05-16,34.28866212256942,34.365485248378064,33.94722854045112,34.024051666259766,132397500
2006-05-17,33.87042592910005,33.981393457185646,33.4863100674076,33.563133239746094,207897100
2006-05-18,33.708245899236736,33.853354530223534,33.28998567217263,33.332664489746094,139690900
2006-05-19,33.4606972469757,33.69116672141297,33.07658145624692,33.5887336730957,194306300
2006-05-22,33.29850723702757,33.49483558296258,32.96560803022406,33.264366149902344,169591800
2006-05-23,33.51189779521593,33.61433080465385,32.92292264377207,32.93999481201172,142243900
2006-05-24,32.88878944168147,33.32412173871503,32.63271334375927,33.16193771362305,234981600
2006-05-25,33.3838622971418,33.61433169017377,33.13632073542044,33.597259521484375,123510900
2006-05-26,33.67408091462749,33.785048377290074,33.48629032491897,33.70822525024414,91319600
2006-05-30,33.54604605274238,33.571655936186865,32.95707083245585,32.9826774597168,105606200
2006-05-31,33.04243052202804,33.341188635806205,32.8973219501061,33.13632583618164,137066200
2006-06-01,33.230222544834014,33.921630859375,33.15339939877391,33.921630859375,119357400
2006-06-02,34.109429150301445,34.143573505291116,33.55459803455141,33.836280822753906,128864100
2006-06-05,33.767978225808015,33.767978225808015,33.102176666259766,33.102176666259766,103190600
2006-06-06,33.16193001230262,33.247290862575845,32.735135529486975,33.07657241821289,127271000
2006-06-07,33.119249446312864,33.43507643499631,32.82049462677221,32.82902908325195,130754700
2006-06-08,32.66686450507184,32.91440619570584,32.001065860372755,32.77783203125,280562200
2006-06-09,32.9144016888254,33.06804800982295,32.53028588633151,32.564430236816406,144146200
2006-06-12,32.607093346132416,32.6583065910155,31.915685234564535,31.924222946166992,145607500
2006-06-13,32.001066492101636,32.26567710935444,31.719380440746725,31.79620361328125,207099500
2006-06-14,31.89008266318863,32.18883748356781,31.753508565846243,32.12055206298828,201876800
2006-06-15,32.308363390663175,33.11073965722573,32.26568456410225,32.99123764038086,200700400
2006-06-16,32.928004086549045,33.039046260008774,32.6290481484367,32.74863052368164,120006100
2006-06-19,32.885295018645174,32.91946234093433,32.38133841919327,32.48383712768555,129450100
2006-06-20,32.53509431067804,32.868217620535965,32.40696845686693,32.526554107666016,102871700
2006-06-21,32.57780189154463,33.303842966941176,32.569261688519745,33.0390510559082,129548100
2006-06-22,32.962169170874176,33.039044015219254,32.44967238082378,32.62050247192383,143100500
2006-06-23,32.59487824432205,32.910917819362325,32.39842103506052,32.58633804321289,88050200
2006-06-26,32.60341828764459,32.791335294887524,32.518003243466026,32.6717529296875,65157700
2006-06-27,32.68885304834394,32.74010405567992,32.02260624485976,32.05677032470703,128227500
2006-06-28,32.13362438875235,32.321541368865546,31.92862700896942,32.29591751098633,91576300
2006-06-29,32.441148428210795,33.278228759765625,32.3728170023579,33.278228759765625,181997200
2006-06-30,33.41488080695074,33.43196447081846,33.03904997698823,33.11592483520508,82719200
2006-07-03,33.218419419315,33.3123779296875,33.150088030737464,33.3123779296875,21598500
2006-07-05,33.00487632343851,33.039043644625316,32.53508706143267,32.58633804321289,93724000
2006-07-06,32.68882816087947,32.86820166242528,32.46674388988294,32.552162170410156,70615200
2006-07-07,32.37280872530027,32.60343007966865,32.09093311248696,32.19343185424805,108063300
2006-07-10,32.278852682211514,32.39843509990351,31.749268749037675,31.911561965942383,105109800
2006-07-11,31.84322681555549,32.23614465712515,31.672396654776847,32.150726318359375,136114200
2006-07-12,32.0823839715299,32.15071536087763,31.46738517552363,31.544260025024414,154458900
2006-07-13,31.29656084910996,31.638227669605126,31.01468849182129,31.01468849182129,177745500
2006-07-14,31.00614989513509,31.074484573308702,30.570527726097094,30.698650360107422,172448500
2006-07-17,30.707198431400876,30.963446996246077,30.63886374297427,30.775529861450195,134311000
2006-07-18,30.93781053174727,31.0317690609228,30.356978949913042,30.878019332885742,206964900
2006-07-19,30.852381114076056,31.458839604802993,30.826757254740688,31.279462814331055,192517600
2006-07-20,31.390511995678647,31.433219523589504,30.78405662756818,30.81822395324707,152292100
2006-07-21,30.64740977661206,30.715741212387872,30.42532527899116,30.49365997314453,119343000
2006-07-24,30.61323215748992,31.117188953450576,30.579064821877832,31.10010528564453,130269300
2006-07-25,31.168423918294604,31.3819647684221,30.954883068167103,31.279462814331055,108869600
2006-07-26,31.18549914602629,31.49299844054327,30.946334476234973,31.253833770751953,107170500
2006-07-27,31.38196797369887,31.63821636834949,30.963426431015264,31.04884147644043,99698700
2006-07-28,31.202613726663145,31.723654352282214,31.176989846182693,31.698030471801758,93556100
2006-07-31,31.672405135976287,31.877402687155243,31.51011187805084,31.689485549926758,78015300
2006-08-01,31.407587846443956,31.43321170514189,30.97196269833084,31.159879684448242,98552800
2006-08-02,31.270917573957266,31.71508286163962,31.270917573957266,31.510082244873047,87370600
2006-08-03,31.194059392411482,31.89447338095151,31.159892061659285,31.70655632019043,99205600
2006-08-04,31.988425926093246,32.14217562733458,31.27946860832761,31.561344146728516,123493800
2006-08-07,31.527168001905647,31.55279185881853,31.202585028053033,31.356334686279297,69634800
2006-08-08,31.44175516362434,31.518629998092845,30.97196269833084,31.159879684448242,124139900
2006-08-09,31.595524071246675,31.868856258373768,31.117191114585918,31.202606201171875,145342200
2006-08-10,31.11717561583915,31.50154983078142,31.014676911312904,31.42467498779297,102481300
2006-08-11,31.305108215127053,31.33927229473542,31.065940107608327,31.202606201171875,86903200
2006-08-14,31.467401157512594,31.83469192962918,31.347818721637797,31.407609939575195,109281100
2006-08-15,31.77489110055376,32.244680495837784,31.680932569821753,32.20197296142578,133712100
2006-08-16,32.441125635659155,32.97924949157436,32.321543280650175,32.96216583251953,135452100
2006-08-17,32.85113959973716,33.29530517531093,32.83405593240243,33.081764221191406,129492200
2006-08-18,32.99634860089851,33.167182013063304,32.69738931501603,33.13301467895508,97754500
2006-08-21,32.88530166889538,32.93655266269338,32.68030095207923,32.81696701049805,66668400
2006-08-22,32.76572454055208,33.1500989098667,32.629058460170924,32.82551574707031,102058600
2006-08-23,32.8511367019218,33.030510305549235,32.38988749970032,32.57780456542969,96056300
2006-08-24,32.6717529296875,32.75716797386607,32.389877418823104,32.6717529296875,78985300
2006-08-25,32.60343006778386,33.00488808890147,32.50947478858993,32.7315559387207,73572900
2006-08-28,32.70591981380212,33.13300154573986,32.66321229228335,32.979251861572266,80035000
2006-08-29,32.95364160374552,33.10738809300531,32.61197477380373,33.081764221191406,104842000
2006-08-30,33.07322183835897,33.3380105186661,32.970719841101854,33.235511779785156,75687200
2006-08-31,33.278210755962654,33.33800194312779,33.10737739618711,33.20133590698242,61207200
2006-09-01,33.38072204589844,33.49176099113275,33.22697230501498,33.38072204589844,69388500
2006-09-05,33.39779235922532,33.722375409467546,33.184251479029825,33.705291748046875,85582800
2006-09-06,33.39780061411953,33.474675480325985,32.97926221017686,33.03050994873047,97888600
2006-09-07,32.92800248571263,33.22696166766604,32.76571259268091,32.87675476074219,115877400
2006-09-08,32.91946957361032,33.158634365430494,32.85113491401832,33.073219299316406,96627000
2006-09-11,32.80843921000426,33.4405220056233,32.73156431943407,33.278228759765625,142377500
2006-09-12,33.26966110420488,33.995698604055384,33.26966110420488,33.8931999206543,124102400
2006-09-13,33.91883581937444,34.1494603826881,33.8505044256383,34.123836517333984,116054300
2006-09-14,34.03842671901947,34.3544696765505,33.96155184534656,34.15801239013672,98116000
2006-09-15,34.44260334338628,34.57934804273481,34.18620743963915,34.28022003173828,137825600
2006-09-18,34.28876495361328,34.528070621297054,34.134926760191846,34.28876495361328,117806700
2006-09-19,34.37423873846419,34.39987735532437,33.775979349799584,34.058013916015625,159060800
2006-09-20,34.35713683438264,34.647719708623335,34.34858845735318,34.553707122802734,116635500
2006-09-21,34.63917394252143,34.75882514794797,34.254581713722075,34.34004592895508,121886900
2006-09-22,34.314413287206435,34.322958406116264,33.929817731235914,34.07510757446289,100996400
2006-09-25,34.2204002641053,34.75028565689476,33.912723823049696,34.67336654663086,136473400
2006-09-26,34.63064685094894,34.86994938636313,34.52808908723608,34.84431076049805,113375600
2006-09-27,34.75882789169873,34.99813358169266,34.61353806228374,34.80156326293945,113003800
2006-09-28,34.844295986810586,34.946853707039836,34.55371306261841,34.89557647705078,85943600
2006-09-29,34.955408855455545,34.98104747541558,34.71610311490538,34.74174499511719,85438200
2006-10-02,34.69899149796337,34.78445895362588,34.25457376951858,34.305850982666016,97068800
2006-10-03,34.203302007342494,34.59644262276863,34.08365079919114,34.45115280151367,116261400
2006-10-04,34.39132039520922,35.30580103120699,34.30585293468357,35.2972526550293,149209500
2006-10-05,35.29725755497228,35.519469722936066,35.194699848354766,35.46818923950195,91799900
2006-10-06,35.34853757832434,35.51946926062923,35.24597987304167,35.39126968383789,85450400
2006-10-09,35.34854576500644,35.673315710577015,35.31435876857766,35.510929107666016,62786100
2006-10-10,35.553669132260374,35.68186876726158,35.30582150364468,35.570762634277344,98181800
2006-10-11,35.40836016142853,35.75022349691279,35.186148015288644,35.50237274169922,136561300
2006-10-12,35.69040540656125,36.10918795582581,35.639128172948176,36.06645584106445,95260200
2006-10-13,36.09209546708569,36.33994630398392,36.01517635426388,36.26302719116211,80470200
2006-10-16,36.263004644263575,36.4253878880344,36.237366042681195,36.29719161987305,62017400
2006-10-17,36.040816739413586,36.06645861844611,35.69040815498426,35.89552688598633,146149100
2006-10-18,36.083539510897985,36.16045860061842,35.59638636275208,35.72458267211914,120366100
2006-10-19,35.63059368417016,35.98955076065533,35.54512942132983,35.81007385253906,108198400
2006-10-20,35.92971388452861,35.96390088307089,35.58785041960904,35.89552688598633,105454300
2006-10-23,35.827151131754675,36.391226799282286,35.7416868998422,36.26302719116211,126960500
2006-10-24,36.13480695270229,36.28009997630354,35.82713067707576,36.01515579223633,103541700
2006-10-25,36.032269852696665,36.33994630398392,35.93825724144207,36.26302719116211,125399500
2006-10-26,36.39122852373042,36.68180823010294,36.08355205786349,36.596343994140625,130260700
2006-10-27,36.51087294699053,36.596337167009295,35.963894114267994,36.07499694824219,129375000
2006-10-30,36.03225861670079,36.451041047085845,35.946794411438745,36.305747985839844,103899900
2006-10-31,36.37413422330169,36.5450626914614,36.160470377850494,36.39122772216797,135811800
2006-11-01,36.51942493825066,36.55361193679294,35.741688652797684,35.89552688598633,148960600
2006-11-02,35.73315523138001,36.01518991105548,35.6733295944715,35.929725646972656,100216400
2006-11-03,35.98097552040874,36.05789460365024,35.562196380732956,35.83568572998047,119263300
2006-11-06,35.95534379096942,36.50232259410099,35.94679867353024,36.357032775878906,101283300
2006-11-07,36.3570191464456,36.82707867540631,36.29719356604604,36.6048698425293,139706500
2006-11-08,36.399763147543986,36.9211033132426,36.29720544191086,36.77581024169922,180245700
2006-11-09,36.97236843916251,37.04928750828332,36.4681219327593,36.6048698425293,124278000
2006-11-10,36.61342693609255,36.78435861898154,36.46813386454917,36.77581024169922,82419400
2006-11-13,36.79289865819795,37.21168106046697,36.750166558435865,37.15185546875,89146200
2006-11-14,37.17751133077098,37.57920042751044,36.955302352730016,37.545013427734375,121962800
2006-11-15,37.596264363055546,37.94667268458247,37.53643553036878,37.698822021484375,116565900
2006-11-16,37.82703432608142,37.96377901541145,37.621918922211655,37.86122131347656,113513200
2006-11-17,37.6561059096068,37.86122131347656,37.56209332439543,37.86122131347656,95162500
2006-11-20,37.74157816945352,38.015067606458516,37.6133785694975,37.938148498535156,107184100
2006-11-21,37.96377616104144,38.04069524677195,37.81848636591176,37.989418029785156,68092200
2006-11-22,38.100540519478855,38.24583037722009,37.82704778327162,38.228736877441406,69852700
2006-11-24,37.94669840860446,38.33983908263223,37.92960491057047,38.160362243652344,51762900
2006-11-27,38.04070260529251,38.126170083887025,37.29715347290039,37.29715347290039,159506300
2006-11-28,37.18602919654161,37.46806684760809,37.040739444355374,37.408241271972656,118268400
2006-11-29,37.60483198452724,37.758670194374936,37.31424906150948,37.66465759277344,139515500
2006-11-30,37.64757557736221,37.84414595872593,37.42536657328864,37.63903045654297,123457100
2006-12-01,37.60484157254648,37.9039696900455,36.97239507522461,37.31425857543945,144559600
2006-12-04,37.42535585744288,38.01506683268458,37.42535585744288,37.82704162597656,89782400
2006-12-05,37.938152275111776,38.07489700722661,37.767220544905335,37.96379089355469,84697500
2006-12-06,37.84413512297285,37.946696104950604,37.66465829488858,37.82704162597656,78207500
2006-12-07,37.895405536263674,38.01505672316714,37.348426818847656,37.348426818847656,124936100
2006-12-08,37.22879186951398,37.82704806496447,37.15187275006295,37.51937484741211,133798700
2006-12-11,37.45953855367327,37.921049878618824,37.391164573532706,37.65610885620117,72931300
2006-12-12,37.647562736157,37.71593672039773,37.228783493561096,37.43389892578125,110985900
2006-12-13,37.69029166516418,37.698840042598306,37.28005757509615,37.50226974487305,79035500
2006-12-14,37.57919089510204,38.091982720660376,37.55354902164848,37.921051025390625,109104200
2006-12-15,38.23252845151869,38.30098248946765,37.950146976391665,38.01860427856445,99942300
2006-12-18,38.146950900902695,38.29241773665062,37.47950542235756,37.64208984375,121588700
2006-12-19,37.351163983699394,37.70199951631449,37.12012547233472,37.522300720214844,136535200
2006-12-20,37.565078541305816,37.744774027128685,37.36826546914952,37.385379791259766,67213400
2006-12-21,37.428183852650534,37.47096804481749,36.97466227585187,37.12013244628906,102952300
2006-12-22,37.13725173092258,37.145807264807615,36.73507308959961,36.73507308959961,92858600
2006-12-26,36.7350468046912,36.89762794597622,36.69226263742911,36.88907241821289,50848600
2006-12-27,36.97466463164234,37.13724914215009,36.88053744434308,37.07735061645508,54129200
2006-12-28,36.966097530056715,37.12012319484967,36.837741721321315,36.897640228271484,69016000
2006-12-29,36.957539363329765,37.31693367536265,36.897640855361594,36.93186950683594,75152500
2007-01-03,37.188582959112814,37.70200300889259,36.3842291246161,37.00033187866211,167689500
2007-01-04,37.05166831178873,37.83035221719705,36.92331575889832,37.70199966430664,136853500
2007-01-05,37.60787235269658,37.60787235269658,37.205693840592446,37.522300720214844,138958800
2007-01-08,37.55652153276805,37.75333135005328,37.34259739255933,37.54796600341797,106401600
2007-01-09,37.65920086986051,37.898798105340255,37.33403855579015,37.73621368408203,121577500
2007-01-10,37.616426972228474,38.21541532818858,37.49662995388124,38.18118667602539,121070100
2007-01-11,38.25819610539112,38.71171754561937,38.206856395940726,38.574806213378906,174029800
2007-01-12,38.5234726484358,38.80585091205021,38.48068845870325,38.77162551879883,104217300
2007-01-16,38.805843483811294,38.84863092957789,38.6175924321783,38.74594497680664,95690500
2007-01-17,38.5833583765115,38.7544983429332,38.360878705119624,38.4293327331543,127142600
2007-01-18,38.32664464613009,38.369428815637285,37.60785950005142,37.71910095214844,189029800
2007-01-19,37.62498676772056,37.89025066847805,37.57364378811071,37.79612350463867,127544300
2007-01-22,37.830342373456766,37.84745669556702,37.23135415649068,37.385379791259766,123441700
2007-01-23,37.359713796909446,37.63353645049427,37.22280247011704,37.291259765625,133103600
2007-01-24,37.53085473461871,37.92447440122049,37.453841907307606,37.9073600769043,117615300
2007-01-25,37.95870267030888,38.052829820995015,37.29126034976876,37.419612884521484,158337600
2007-01-26,37.48806052820285,37.50517484794112,37.04309800767616,37.282691955566406,146284300
2007-01-29,37.188554061278474,37.57361798333846,37.137214381151665,37.31690979003906,104191500
2007-01-30,37.37683340848692,37.47096057101478,37.23992206232566,37.334049224853516,69605900
2007-01-31,37.291266444969324,37.813238727703656,37.07734225452565,37.71055603027344,157772500
2007-02-01,37.881700010133166,37.99294151481841,37.52230563508254,37.65066146850586,147365600
2007-02-02,37.75335754256405,37.864599086632246,37.59933179361598,37.7875862121582,98189200
2007-02-05,37.770463635261684,37.95871801272389,37.6164379199244,37.75334930419922,96347800
2007-02-06,37.821796686027305,37.84746654376058,37.342605334920634,37.70199966430664,121110200
2007-02-07,37.89024771386994,38.20685783377266,37.753336376477115,38.044273376464844,117823800
2007-02-08,37.99295188257619,38.16408868820893,37.84748168071797,38.035736083984375,89521900
2007-02-09,38.13839545527365,38.266751245088216,37.4196102136034,37.54796600341797,133472000
2007-02-12,37.539403830031375,37.556518151414004,37.29980985912061,37.40249252319336,126940000
2007-02-13,37.462395976888374,37.65065027280391,37.393941946515845,37.530853271484375,93648000
2007-02-14,37.68487831708688,38.25819346114885,37.68487831708688,38.164066314697266,133370000
2007-02-15,38.189733482108686,38.38654327392578,38.121276199273396,38.38654327392578,110452500
2007-02-16,38.21540598240038,38.360876086406456,38.138393165979075,38.2581901550293,72342200
2007-02-20,38.19831292594197,38.60904708744162,38.01861734232805,38.54914855957031,93629000
2007-02-21,38.437883984991856,38.686036745476336,38.36087443610667,38.668922424316406,95864000
2007-02-22,38.814413446894115,38.97699468922641,38.56626055263054,38.865753173828125,116344400
2007-02-23,38.86574741816026,38.89997607386382,38.55769930950108,38.72883605957031,113467100
2007-02-26,38.91708612823399,38.93420045420644,38.300983450121265,38.54058074951172,101623700
2007-02-27,37.9672570340176,38.0613841818124,36.84629658284835,36.95753479003906,317813200
2007-02-28,36.9233249034608,37.445297303913804,36.73507052886229,37.07735061645508,214978700
2007-03-01,36.40990227182405,37.257043635119835,36.144638323168756,36.90620803833008,231806500
2007-03-02,36.6067145360889,36.91476596086675,36.341450570260605,36.350006103515625,183359400
2007-03-05,36.067630767822266,36.62383187335331,35.99061790530565,36.067630767822266,171885400
2007-03-06,36.39276904092104,36.78639188945482,36.36709919192513,36.66659164428711,155551800
2007-03-07,36.675155250793175,36.77783792447797,36.495459755788936,36.5211296081543,119979300
2007-03-08,36.906175473174606,37.00030257095464,36.65802280888577,36.769264221191406,120900700
2007-03-09,37.07735320105215,37.085908734937185,36.49547897011787,36.73507308959961,128597600
2007-03-12,36.68371434609569,37.03454984082723,36.6494889610227,36.97465133666992,81310100
2007-03-13,36.79494907779669,37.000317671698355,36.24730384635633,36.255859375,171231800
2007-03-14,36.307216079734765,36.79496300258457,36.024834564282614,36.786407470703125,192586700
2007-03-15,36.70937589989384,36.84628718972291,36.55535029080832,36.7008171081543,111627400
2007-03-16,36.76674861492351,36.852374118684345,36.48419261821023,36.67256546020508,108328800
2007-03-19,36.86951150256448,37.15206759341171,36.77532505018871,37.049320220947266,95913200
2007-03-20,37.04074847556645,37.32330777503107,36.99793735129953,37.31474685668945,78755700
2007-03-21,37.36612988680269,38.05111787533227,37.1178207202481,38.033992767333984,173333500
2007-03-22,38.051133572506885,38.05969776317919,37.75145222461073,37.897010803222656,114856300
2007-03-23,37.89699881348944,37.991185283396014,37.73431517128397,37.77712631225586,68530300
2007-03-26,37.79423870231766,37.94836137097131,37.35755998531868,37.931236267089844,114237300
2007-03-27,37.87129286234565,37.87985704580379,37.631547985981236,37.66579818725586,76419200
2007-03-28,37.50312693390324,37.70006077357167,37.25481777099422,37.26338195800781,142795000
2007-03-29,37.520230240271324,37.54591625382643,36.903739784721445,37.30617141723633,124407000
2007-03-30,37.29761998094273,37.56305089854915,37.006499776973655,37.27193069458008,120418700
2007-04-02,37.391808003269034,37.46886933981437,37.075001738040285,37.32331085205078,89617700
2007-04-03,37.52026948858859,37.93982665778014,37.49458344816444,37.8113899230957,105814500
2007-04-04,37.83705938482384,37.999746279645436,37.785687326484734,37.96549606323242,85147200
2007-04-05,37.92268177206789,38.1709909209913,37.87130645172093,38.153865814208984,54220200
2007-04-09,38.28230847758522,38.31655869943627,37.99975231301635,38.059688568115234,63050200
2007-04-10,38.05112045611906,38.25661849975586,38.025434425519684,38.25661849975586,76364500
2007-04-11,38.22235328975431,38.239478392197235,37.73429930210852,37.85417175292969,114012300
2007-04-12,37.79424510434057,38.2052378682758,37.631561489328746,38.153865814208984,113801300
2007-04-13,38.162433703428036,38.290870394609605,37.922688697255225,38.230934143066406,94572000
2007-04-16,38.385055431152196,38.659050646902344,38.385055431152196,38.58198928833008,72803200
2007-04-17,38.659045433419855,38.701856567679776,38.49635855043991,38.667606353759766,81852300
2007-04-18,38.47068357437863,38.72755372000785,38.385061281262594,38.539180755615234,82002500
2007-04-19,38.36791452385335,38.74465697381555,38.29085319701117,38.659034729003906,95413000
2007-04-20,38.97585911977068,39.10429254684695,38.701863889137705,38.873111724853516,122377400
2007-04-23,38.92446880455865,39.04434126352861,38.821721449195756,38.93303298950195,85303300
2007-04-24,39.0700305064249,39.24127827601596,38.81316048517807,39.129966735839844,108143700
2007-04-25,39.25841174817059,39.66084363603468,39.12997833262368,39.65228271484375,106818100
2007-04-26,39.746453658907114,39.94339071466663,39.6693955931049,39.857765197753906,99308300
2007-04-27,39.70364920684513,39.986208560729494,39.63515204808168,39.87489700317383,96536500
2007-04-30,39.80639189849397,39.840638837899505,39.31833463318226,39.35258483886719,93290500
2007-05-01,39.361166154485325,39.50672469257823,39.09573184432196,39.31835174560547,135044400
2007-05-02,39.46390766360208,39.883464637566156,39.42965744811923,39.746463775634766,91971600
2007-05-03,39.82353218019369,40.00334421018371,39.75503500337727,39.892032623291016,98003600
2007-05-04,40.0461343481168,40.14888169258663,39.74644996618429,39.92626190185547,93591800
2007-05-07,39.95194792140313,40.05469526587296,39.87488659648096,39.92626190185547,47487900
2007-05-08,39.789262998832285,40.04613298439909,39.64370127170102,40.01188278198242,95138900
2007-05-09,39.806398655717054,40.2173913948649,39.78070936395285,40.09751892089844,116021000
2007-05-10,39.96051896288028,40.05470541345544,39.44677884409945,39.54952621459961,171196300
2007-05-11,39.59233044771613,40.05469512939453,39.54095514251667,40.05469512939453,104767900
2007-05-14,40.046138705522324,40.140325142484386,39.54952049836947,39.780704498291016,118899200
2007-05-15,39.74646068513426,39.98620890859217,39.37828232930262,39.47246551513672,179438500
2007-05-16,39.55808405425811,39.86632938258492,39.309774954630456,39.857765197753906,144420500
2007-05-17,39.80639300705287,39.87489015405089,39.6351452401386,39.669395446777344,109869100
2007-05-18,39.79783622466547,39.99477005004883,39.712213958422296,39.99477005004883,104961700
2007-05-21,40.020467132111555,40.44858507921198,39.96052761453923,40.25164794921875,112831400
2007-05-22,40.277327752114665,40.48282248916222,40.131765985949365,40.285888671875,98029100
2007-05-23,40.40576102554936,40.5598837110148,40.071829629134236,40.09751892089844,119220600
2007-05-24,40.1232075326565,40.27733022805643,39.361158242223645,39.523841857910156,206268600
2007-05-25,39.609480257586625,39.86635369872303,39.54098306855667,39.77216720581055,87143200
2007-05-29,39.81496049901878,40.12320587709986,39.737899154498514,40.08039474487305,99702400
2007-05-30,39.797827637867236,40.41431827390002,39.686516102743674,40.40575408935547,132036500
2007-05-31,40.51707774656143,40.68832555961405,40.42289128606847,40.594139099121094,109457700
2007-06-01,40.73969920640908,40.90238282565818,40.55988721365139,40.61982345581055,125089800
2007-06-04,40.474269837368226,40.79107619369612,40.44858380656021,40.73970413208008,64782700
2007-06-05,40.62839255477761,40.73970413208008,40.24308576125416,40.73970413208008,151160400
2007-06-06,40.55989057444416,40.568454761908086,40.20883401287475,40.30302047729492,183166500
2007-06-07,40.16600190775052,40.42287187081368,39.66082289833882,39.677947998046875,221373300
2007-06-08,39.660828909625124,40.18313309790913,39.52383135747517,40.16600799560547,177587800
2007-06-11,40.140330243029894,40.405761217709404,40.03757960804432,40.08895492553711,97100400
2007-06-12,39.874898673811835,40.27733052210295,39.77215129822182,39.849212646484375,153967700
2007-06-13,40.02045769766525,40.32013888347625,39.84920990593899,40.285888671875,147985300
2007-06-14,40.32869603399336,40.662630666474996,40.32013511503315,40.55131912231445,101531900
2007-06-15,40.925785064697266,41.02004514623927,40.83152825198872,40.925785064697266,100378400
2007-06-18,41.00291121819292,41.020049713912,40.84866802555495,40.93436050415039,75713200
2007-06-19,40.814389758178045,41.01147753375066,40.71155879531398,40.925785064697266,109621300
2007-06-20,40.98577895005522,41.062897283107525,40.48020473076331,40.54018783569336,161889500
2007-06-21,40.52304906712738,40.951501681661185,40.34309975354335,40.90865707397461,143181300
2007-06-22,40.82296391858798,40.88294702212979,40.394511311098455,40.523048400878906,153328700
2007-06-25,40.53161863377668,40.771554332281866,40.1203044962689,40.35166931152344,136602600
2007-06-26,40.54018912435746,40.548756738690926,40.05175338649579,40.120304107666016,128211900
2007-06-27,40.077449264966425,40.7544050336523,40.01746617344573,40.737266540527344,141196200
2007-06-28,40.72011947631836,41.0028963812758,40.677274886940886,40.72011947631836,116546300
2007-06-29,40.942935695551434,41.02862819000734,40.45449991807327,40.788692474365234,124794700
2007-07-02,40.88294848087855,41.17429639512039,40.85724236953883,41.15715789794922,80863100
2007-07-03,41.20857452133556,41.405662340966366,41.16572991164785,41.3970947265625,34803300
2007-07-05,41.422796827535954,41.79126631907197,41.379952221997,41.69700622558594,73588500
2007-07-06,41.73985964643587,41.91124137362079,41.559910303867255,41.8683967590332,65804300
2007-07-09,41.902671072877965,41.97122179805808,41.74842785517977,41.894100189208984,66768800
2007-07-10,41.66273278431163,41.90266847967919,41.49992196185455,41.54276657104492,104383100
2007-07-11,41.448517205006624,41.825557708740234,41.40567258471917,41.825557708740234,99637600
2007-07-12,41.96264936489307,42.56248039947274,41.91980148913682,42.468223571777344,107667100
2007-07-13,42.52821386573474,42.819561818433655,42.47679836743451,42.759578704833984,74232200
2007-07-16,42.751005207220594,42.913819307467485,42.63960660213078,42.71672821044922,77799500
2007-07-17,42.81099354522793,43.10234151569538,42.77671654427065,43.0423583984375,124833700
2007-07-18,42.802411744780834,42.990928649902344,42.53676997864708,42.990928649902344,144915900
2007-07-19,43.19658264340188,43.41080890195254,43.11089344751493,43.11946105957031,116563800
2007-07-20,43.09376599900793,43.15374910526843,42.62246876317507,42.88810729980469,163721300
2007-07-23,43.033776180783015,43.110897772351336,42.7767020296662,42.90523910522461,107464100
2007-07-24,42.58819510572953,42.93095527281492,42.0312053395685,42.271141052246094,175496200
2007-07-25,42.48535891118161,42.56247723661056,42.03976784086764,42.33111572265625,170258700
2007-07-26,42.039768276191964,42.391099260619185,41.174292235078276,41.971214294433594,318522000
2007-07-27,41.89409946402179,42.091187290150266,41.122886657714844,41.122886657714844,246387600
2007-07-30,41.31996805184142,41.75698824717059,41.08860326531405,41.602745056152344,166517200
2007-07-31,41.962636317297836,41.97977480850461,40.643001913873334,40.72869110107422,260224500
2007-08-01,40.608726295932264,41.071455767564046,40.25739538647103,41.04574966430664,301153900
2007-08-02,41.07145580288313,41.4999082913181,40.95148962913463,41.422786712646484,177369900
2007-08-03,41.34568587648103,41.39710137766751,40.403091236571825,40.63445281982422,166048400
2007-08-06,40.67729080905599,41.148588014351056,40.3002504297528,41.105743408203125,190869100
2007-08-07,41.02862519934667,41.662733267926804,40.68586178417663,41.3970947265625,167109700
2007-08-08,41.5684694125132,42.03976988303156,41.47421258724342,41.85124969482422,164831200
2007-08-09,41.294260115195655,41.96264838921128,40.86580751826708,40.8829460144043,242418200
2007-08-10,40.44591463524563,40.98576567357675,39.957479071128475,40.51446533203125,247006400
2007-08-13,40.857246469929954,41.02862819000734,40.68586474985257,40.788692474365234,116935100
2007-08-14,40.87436883180561,40.908645816055575,40.04316994232623,40.09458541870117,153529800
2007-08-15,40.000336170938,40.35166718249112,39.25482954034166,39.33195114135742,214854100
2007-08-16,39.01489318530325,39.34051808054394,38.03802176841516,38.94634246826172,362468700
2007-08-17,39.68328094482422,39.9232133545316,39.06630815548077,39.68328094482422,223246600
2007-08-20,39.837525743967795,40.03461355541402,39.48619472898381,39.87179946899414,144715100
2007-08-21,39.82893097572286,40.38592035100933,39.75180942020369,40.29166030883789,115027200
2007-08-22,40.600163146360615,40.87437250735178,40.50590306561363,40.84009552001953,115814100
2007-08-23,40.95148821792924,41.002900422716586,40.47162027063862,40.72869110107422,118663400
2007-08-24,40.6001565169305,41.32852440022488,40.548741044327535,41.302818298339844,88189200
2007-08-27,41.1828572121958,41.302823394237784,40.994337058225085,41.02861404418945,72490400
2007-08-28,40.78868201882043,40.874374491310405,40.02603699224442,40.0517463684082,106024800
2007-08-29,40.317378778636915,41.234266848536684,40.317378778636915,41.19999313354492,113201000
2007-08-30,40.98577019143946,41.76555365772529,40.91721621826414,41.414222717285156,138930000
2007-08-31,41.86838551191783,42.03976719306444,41.65415922769298,41.876953125,94687200
2007-09-04,41.92837362177432,42.84526196634743,41.911235124727696,42.57105255126953,98480900
2007-09-05,42.468229771930886,42.54535138318393,41.876962996046046,42.14260482788086,114049300
2007-09-06,42.18543227934163,42.296830843351614,41.82553375246293,42.10831069946289,99222600
2007-09-07,41.585604052522235,41.64558714887457,41.088600787198075,41.32853317260742,152438000
2007-09-10,41.662716800061894,41.7741153562852,40.96862589850282,41.302818298339844,125199400
2007-09-11,41.56846576599778,41.97978309851974,41.49991505646652,41.928367614746094,103064500
2007-09-12,41.85124622027932,42.30540488816429,41.79983073626393,41.93693542480469,93993400
2007-09-13,42.23686493817175,42.28827716645081,41.93694610826125,42.14260482788086,80807500
2007-09-14,41.81697795726795,42.25400149051245,41.756994847816244,42.1768798828125,99801200
2007-09-17,41.988368573366564,42.07405781394148,41.63703745687343,41.825557708740234,84882300
2007-09-18,42.06547510629401,42.91381266651581,41.842681199426266,42.87953567504883,151452100
2007-09-19,43.09375961869624,43.350830503013675,42.828117852562485,42.990928649902344,127025800
2007-09-20,42.89667724484977,43.06805567679839,42.776707766118065,42.870967864990234,109970600
2007-09-21,43.107622636426335,43.3133883889847,42.87613739124905,43.176212310791016,86829500
2007-09-24,43.287633557141596,43.69058611819619,43.15045759093584,43.37336730957031,107226800
2007-09-25,43.22762892573165,43.784908294677734,43.17618996711348,43.784908294677734,101102200
2007-09-26,44.03353187300581,44.16213251392682,43.82776626878554,43.999237060546875,96124600
2007-09-27,44.256436618622246,44.28215936033032,44.033526903860995,44.222145080566406,73423200
2007-09-28,44.18786491581421,44.307893515119446,43.87921807729556,44.07640838623047,75546000
2007-10-01,44.110687455136656,44.71940557455729,44.05067317691394,44.58222961425781,100404100
2007-10-02,44.61653161360189,44.63367902021989,44.34217964878078,44.5908088684082,71046000
2007-10-03,44.445053327567074,44.64224356464116,44.153554005254755,44.28215789794922,106785000
2007-10-04,44.3678928789985,44.43648249581701,44.01637926913596,44.385040283203125,84129300
2007-10-05,44.72797250305813,45.353841224968534,44.63366669849365,45.28525161743164,115674700
2007-10-08,45.26812439676182,45.57677122721226,45.19096268914921,45.568199157714844,63022400
2007-10-09,45.67106414628748,45.82538750677914,45.46529857545433,45.76537322998047,93965600
2007-10-10,45.773953700346034,45.92827708917083,45.619630311521234,45.876834869384766,91777500
2007-10-11,46.116901522317946,46.24550218335902,44.82229994898113,45.148094177246094,239786700
2007-10-12,45.35385334726992,45.90255727209415,45.268116314932776,45.89398193359375,131676000
2007-10-15,45.962587713213,46.04832150514828,45.18239843267765,45.542484283447266,121578700
2007-10-16,45.259538653140545,45.67963861280374,45.16522956449245,45.328125,193676600
2007-10-17,45.971131825673325,46.005426629803985,45.16522355179803,45.91111755371094,183985200
2007-10-18,45.72251692369375,46.20263124904373,45.54247078115396,46.10832214355469,144491200
2007-10-19,46.09974682493269,46.09974682493269,44.916601961316395,44.959468841552734,245111500
2007-10-22,44.719410483712245,45.54246633586157,44.59938191409045,45.49959945678711,207052100
2007-10-23,45.96257754137502,46.476986720213425,45.73109242973759,46.45126724243164,162360600
2007-10-24,46.074023417564824,46.24549092387203,45.096640970735294,46.0997428894043,298293400
2007-10-25,46.202615460950945,46.279777132662595,45.225236466291626,45.48244094848633,233833100
2007-10-26,46.365508003629095,46.46838912878348,45.81680103823104,46.23690414428711,146690300
2007-10-29,46.459824830854146,46.579856654336304,46.15975344848069,46.425533294677734,101896600
2007-10-30,46.24548452898779,46.77704419074114,46.21119299478805,46.51983642578125,114616600
2007-10-31,46.69989741199534,47.21430656493949,46.331236319856366,47.18001174926758,148431900
2007-11-01,46.879930887840736,46.95709257236282,46.271212749129276,46.296932220458984,181974200
2007-11-02,46.65700912475586,46.76846559710726,45.953982029368284,46.65700912475586,217882900
2007-11-05,46.176917402675386,46.639887647589994,45.945432280218085,46.35696029663086,150588900
2007-11-06,46.5798723640793,46.88851591695821,46.10832678912426,46.87994384765625,131884700
2007-11-07,46.485551939638796,46.79419868796106,45.70536300161666,45.739654541015625,197908200
2007-11-08,45.55962604491241,45.72252480813248,43.553424819443265,44.35076141357422,380626400
2007-11-09,43.49341186186939,43.82777819801995,42.86754608154297,42.86754608154297,309414900
2007-11-12,42.79895972399985,43.07331504887782,41.71012684799972,41.77871322631836,283216000
2007-11-13,42.34454689116727,43.54483907567598,42.310252081202314,43.50197219848633,255625900
2007-11-14,44.05925363219482,44.10212051472509,42.78180287191179,42.944698333740234,263284100
2007-11-15,42.86753444521575,43.33050460215208,42.327402595456704,42.71321105957031,251548800
2007-11-16,43.004716170409246,43.28764350540513,42.30168877322003,43.10759735107422,263623700
2007-11-19,43.004709195008076,43.25334167260931,42.36169619671517,42.610328674316406,198651100
2007-11-20,42.83324972080587,43.53627718964156,41.950179349824616,42.78181076049805,300763600
2007-11-21,42.3959914004296,43.01328166053882,41.881579034716445,42.275962829589844,212225400
2007-11-23,42.55031146685436,42.84181080354664,42.32739847792514,42.73035430908203,46463300
2007-11-26,42.84180905187402,43.18474731773363,41.92444420313693,41.9930305480957,150352100
2007-11-27,42.35313752238163,42.91041366814222,42.09592962530137,42.833251953125,211369300
2007-11-28,43.407678043712295,44.325043267491644,43.381955292120374,44.13642501831055,216868100
2007-11-29,43.964942290418726,44.48792673405436,43.89635593596815,44.32503128051758,172087300
2007-11-30,44.76225969264625,44.79655449058106,43.681999721955286,43.99064636230469,171417400
2007-12-03,43.80205598944424,44.17928919407968,43.570570862554085,43.622013092041016,108625700
2007-12-04,43.28763165821356,43.67343679775143,43.193322572359286,43.441951751708984,113374100
2007-12-05,43.89635094003878,44.58223075914988,43.86205613144998,44.222145080566406,137614200
2007-12-06,44.265011911439174,44.89944951702789,44.247864507162056,44.85658264160156,99724500
2007-12-07,44.83086327242244,45.045200920574544,44.650820432902584,44.86515808105469,88992300
2007-12-10,44.97660692261921,45.173797147249,44.856578374630004,45.045196533203125,75657900
2007-12-11,45.113792301195595,45.30241049918641,43.90492796155147,43.999237060546875,167064300
2007-12-12,44.79657542506838,44.95089881736202,43.630577914642494,44.393619537353516,162975200
2007-12-13,44.00781639274752,44.265020968464825,43.70774166229931,44.153564453125,153476200
2007-12-14,43.80204268673578,44.23929005771332,43.65629138272126,43.699161529541016,128396700
2007-12-17,43.53626099498214,43.71630710068808,42.618896144681855,42.636043548583984,134377000
2007-12-18,43.07329472862331,43.09901419954257,42.16450193325844,42.77322006225586,154251700
2007-12-19,42.773228135307875,43.03900804359119,42.533170973331686,42.76465606689453,137970900
2007-12-20,43.39909969107962,43.690599114795525,43.039013899125024,43.63916015625,167341700
2007-12-21,44.35407711471432,44.542891957028104,44.18242755569662,44.499977111816406,107573500
2007-12-24,44.63727960194697,44.97199759156142,44.58578704503846,44.834678649902344,34499800
2007-12-26,44.74028508839879,45.169407322924926,44.62871239071801,45.05783462524414,58492100
2007-12-27,44.91193052795758,45.05783050285536,44.37981664859,44.51713562011719,65778900
2007-12-28,44.66303507341142,44.766023474819036,44.13950551584746,44.474220275878906,67545400
2007-12-31,44.25967001106255,44.354077432896695,43.95070145740285,43.959285736083984,70135600
2008-01-02,44.00218593290775,44.17383544878468,43.02378794853411,43.264095306396484,152344100
2008-01-03,43.2641015782784,43.56448581915229,43.04095946704962,43.444332122802734,114103700
2008-01-04,42.74915650536316,42.76632178694407,41.37596344437457,41.539031982421875,212617600
2008-01-07,41.53902811113255,41.71067436305945,40.70653003872906,41.34162902832031,235083600
2008-01-08,41.42744958227422,41.84798742367111,40.26881790161133,40.26881790161133,261669800
2008-01-09,40.431895489894984,41.161401943450045,39.87403530262864,41.127071380615234,254011800
2008-01-10,40.70651593790404,41.5475947219754,40.586362293599734,41.1871337890625,249958500
2008-01-11,40.96400424232873,40.99833480359155,40.08001357043748,40.38039779663086,211685200
2008-01-14,40.929656590354604,41.20429441789352,40.60352621636535,41.08414077758789,168048500
2008-01-15,40.65502723133736,40.78376517216185,39.7796177459796,39.95126724243164,241094900
2008-01-16,39.64229798046593,40.26023484528559,39.015780114275685,39.52214431762695,265625900
2008-01-17,39.68521026223806,39.97701339923766,38.79263557565792,38.97286605834961,254098800
2008-01-18,39.17027840919785,39.59940065868326,38.603837170834815,38.92138671875,273063300
2008-01-22,36.75858925366323,38.42358130650411,36.672762895924556,37.91721725463867,325732000
2008-01-23,36.509722214022425,37.89149639792675,35.71155455839996,37.771339416503906,390129000
2008-01-24,37.92581382920347,38.5609160415368,37.81424442923391,38.54375076293945,250249100
2008-01-25,39.367662467276865,39.367662467276865,37.71125081815674,37.75416564941406,199299100
2008-01-28,37.77990643239988,38.14036739013562,37.39369592486767,38.045963287353516,163711200
2008-01-29,38.24335813283953,38.34634650775413,37.79707080962108,38.114620208740234,138520000
2008-01-30,37.97730717186316,38.89562823591151,37.917230337687435,38.08029556274414,220824400
2008-01-31,37.6511845801098,39.12736613961378,37.608273010716914,38.732574462890625,246824100
2008-02-01,39.05011536551518,39.37624911384307,38.518004820095484,39.127357482910156,161920300
2008-02-04,39.11878561575565,39.14453190291901,38.56950638937487,38.57809066772461,100209900
2008-02-05,37.90862937229983,38.27767449058433,37.45376117838937,37.47950744628906,188990400
2008-02-06,37.694092159920295,37.90865325811822,36.707113072575325,36.7414436340332,178285000
2008-02-07,36.32948704130987,37.58252308017819,36.1750027873187,36.99891662597656,286254800
2008-02-08,37.07615310899499,37.5653520808504,36.85300776544637,37.41944885253906,173781300
2008-02-11,37.565346170469645,37.95155668589123,37.367950412352286,37.822818756103516,119562300
2008-02-12,38.054560071412915,38.34636332324918,37.34221558718743,37.608272552490234,145412400
2008-02-13,38.09747130891401,38.5180125376454,37.90007547467447,38.432186126708984,148685900
2008-02-14,38.492252070295244,38.492252070295244,37.66833840242531,37.73699951171875,170868900
2008-02-15,37.531030418947026,37.745591537240074,37.290723014120516,37.608272552490234,100053300
2008-02-19,38.106056866532974,38.19188000640841,37.13623967101454,37.539615631103516,110507600
2008-02-20,37.12764021092581,37.83998442159281,37.110478209122725,37.711246490478516,137338800
2008-02-21,38.071713378106885,38.16612076429038,37.196303897962416,37.35078811645508,127857000
2008-02-22,37.479529126427835,37.49669440627042,36.561207935474556,37.48811340332031,157364700
2008-02-25,37.44519930789222,37.82282561705949,37.19630767792321,37.67692565917969,121444300
2008-02-26,37.4623577910044,38.17469872038951,37.22204720699678,37.822818756103516,148375900
2008-02-27,37.56534369839377,38.15753093377556,37.47951732620278,38.01163101196289,125682600
2008-02-28,37.865745544433594,38.217625650308754,37.71984555431254,37.865745544433594,129196700
2008-02-29,37.462362971292656,37.56535136499911,36.77576494940428,36.86159133911133,188724500
2008-03-03,36.83586091845399,36.89594105942666,36.25225753502172,36.621299743652344,132963800
2008-03-04,36.38956726352394,36.93884320692247,36.06343344440249,36.8272705078125,183851000
2008-03-05,36.8959074546007,37.36794095444705,36.689927473862646,37.007476806640625,183208300
2008-03-06,36.98175193825768,37.13623619472668,36.13208852767821,36.19216537475586,152752200
2008-03-07,35.977604343709366,36.59554137083058,35.51415484731108,36.10634231567383,242552400
2008-03-10,36.05483110894944,36.16640375218079,35.333905975812165,35.41114807128906,146801900
2008-03-11,35.92610791534748,36.77576796243673,35.62572043767511,36.75860595703125,196755300
2008-03-12,36.904516097915625,37.2821425258794,36.5612169641717,36.65562438964844,155566100
2008-03-13,36.24364860251624,37.187719093874456,35.88318764551979,36.93882751464844,208967900
2008-03-14,37.18774337634946,37.23065495535355,35.82313421078008,36.26083755493164,309589800
2008-03-17,35.43691793094386,36.05485177500748,35.230937800293916,35.59998321533203,193130600
2008-03-18,36.252234981344465,37.19630225355972,36.14066232315629,37.187721252441406,216300400
2008-03-19,37.34221867454685,37.419460814476246,36.243666705722674,36.269412994384766,216157200
2008-03-20,36.375070784875255,37.019257421749096,36.160341905917306,37.01066970825195,128397000
2008-03-24,37.173832456848416,38.44502600054194,37.173832456848416,38.29042434692383,125018000
2008-03-25,38.39349761358331,38.71129521684697,38.03275164308098,38.505157470703125,118107500
2008-03-26,38.367727791496094,38.52233273876408,38.0327514979156,38.393497467041016,124824600
2008-03-27,38.17019007198217,38.23031387348957,37.543182373046875,37.543182373046875,143868600
2008-03-28,37.80943760299359,38.08429013294852,37.216787449622146,37.35421371459961,111822300
2008-03-31,37.4916340358853,37.80943160892016,37.31985041277183,37.5517578125,113644800
2008-04-01,38.15300009699426,39.17511097348992,38.14441238924661,39.15793228149414,137494400
2008-04-02,39.25241956657105,39.52727212833733,38.797192348988595,39.07204818725586,132486800
2008-04-03,38.90025845455843,39.43278480042562,38.77141990284034,39.15793228149414,140033800
2008-04-04,39.312548119317846,39.8107172191456,38.99475042064317,39.38985061645508,139261000
2008-04-07,39.63032836086384,39.86223575012052,39.20946194356465,39.30393981933594,102297100
2008-04-08,39.00332260131836,39.269587380220585,38.80577258206836,39.00332260131836,97435200
2008-04-09,39.05486215272364,39.07204084416814,38.333373494556426,38.56528091430664,127182300
2008-04-10,38.591051555473285,39.37266408136744,38.591051555473285,39.114990234375,112773800
2008-04-11,38.668359253168,38.73707075926742,37.895334331417175,38.03276062011719,120135400
2008-04-14,37.97262994490207,38.2045373794176,37.74931349490595,37.8609733581543,89274600
2008-04-15,37.99839956608057,38.09287746015116,37.51740600521859,37.912506103515625,124232300
2008-04-16,38.38491632605275,39.06346007122752,38.350562210684096,38.96897888183594,134027900
2008-04-17,39.011914803251685,39.05486317123317,38.63399341111797,38.883079528808594,124953100
2008-04-18,39.91378485338734,40.3088850041964,39.69905608318664,40.11992263793945,133022500
2008-04-21,40.04262761330319,40.43773111425808,39.93097099106745,40.40337371826172,83303200
2008-04-22,40.15426752173838,40.17144621118437,39.44995763695302,39.8021125793457,104689600
2008-04-23,40.09415933752539,40.4205480109152,39.74200425819735,40.24017333984375,131086200
2008-04-24,40.25735802492949,41.04756178177124,39.845079086077945,40.60092544555664,166509000
2008-04-25,40.643854848967344,40.66962124878247,39.99966864158536,40.497840881347656,121945400
2008-04-28,40.592321137979376,40.90153105977916,40.48066454794109,40.57514572143555,71244000
2008-04-29,40.49782560675998,41.021760772224,40.42052315997033,40.884334564208984,91270600
2008-04-30,40.970254952834395,41.279464943471105,40.39478007548243,40.54938507080078,132152700
2008-05-01,40.566556455638754,41.84634129142869,40.55796874700294,41.82916259765625,143596900
2008-05-02,42.22426237580068,42.25002877799589,41.51995231945805,41.889286041259766,124990000
2008-05-05,41.8892867349561,42.11260320284796,41.5714890887828,41.769039154052734,75624700
2008-05-06,41.648789096105624,42.19849416268517,41.34816688522574,42.026710510253906,139582600
2008-05-07,42.035304970555046,42.28439114276591,41.11626605039884,41.26228332519531,140008300
2008-05-08,41.434068761607264,41.8291689488617,41.27946377068139,41.571495056152344,128058700
2008-05-09,41.26227308627679,41.62301577596222,41.14202552304832,41.408287048339844,97062000
2008-05-12,41.46843144975597,42.25004427589132,41.399719926530814,42.164154052734375,89606500
2008-05-13,42.18131762012869,42.370279975086156,41.88069539392356,42.27579879760742,85448100
2008-05-14,42.43899405966332,42.88563029536876,42.121196396825205,42.18132019042969,143598200
2008-05-15,42.18991445538931,42.962939459709965,42.06966684949532,42.91999435424805,157248900
2008-05-16,43.0058817922573,43.04023918501216,42.47335531056215,42.954345703125,146563200
2008-05-19,42.988698029724155,43.34944405813421,42.37886912444866,42.64513397216797,140048700
2008-05-20,42.49053215390252,42.49053215390252,41.99235981018651,42.318748474121094,137163700
2008-05-21,42.370287804070585,42.60219202154935,41.245107728055956,41.38253402709961,192806700
2008-05-22,41.48561171053624,41.82058818055421,41.32241896979731,41.52855682373047,153198200
2008-05-23,41.382521473063214,41.5285354380321,41.07331157489331,41.39970016479492,121698400
2008-05-27,41.48560859541452,42.18133117232743,41.477020884021364,42.12979507446289,106984300
2008-05-28,42.32732584714171,42.39604061287426,41.87210199191485,42.30155944824219,121363000
2008-05-29,42.32734543374888,42.91999909468611,42.301579022926184,42.679500579833984,143993000
2008-05-30,42.84268909142366,43.151899073214814,42.731029203221006,42.954345703125,94153600
2008-06-02,42.87704145937988,42.87704145937988,42.052483725892074,42.4304084777832,144359900
2008-06-03,42.59359021222618,42.85985501195508,41.80338679691802,42.198490142822266,167606900
2008-06-04,42.069656116164815,43.03163999438501,42.03529872996035,42.73960876464844,174870800
2008-06-05,42.85126433128932,43.46968411490636,42.6880716779461,43.418148040771484,126653700
2008-06-06,43.04022422749189,43.12611440302883,42.10400689753856,42.11259460449219,189136000
2008-06-09,42.19849597360547,42.25002877799589,41.184975984917145,41.889286041259766,208897300
2008-06-10,41.4598230804904,42.03529449721498,41.36534191619225,41.69173049926758,162798500
2008-06-11,41.60584068196765,41.67455545346832,40.66962321752522,40.68680191040039,170366900
2008-06-12,40.97884542293087,41.32241283044446,40.36901638727079,40.729759216308594,189913200
2008-06-13,40.97882783183543,41.631604970591475,40.764099113442036,41.545711517333984,167855000
2008-06-16,41.3310031023168,42.10402817887272,41.28805799284187,41.91506576538086,136343900
2008-06-17,42.043885481151364,42.138366645449516,41.63160671771428,41.69173049926758,122932000
2008-06-18,41.45123204251604,41.614427972091136,41.08190164624167,41.245094299316406,169338100
2008-06-19,41.16779729128674,42.09542381182304,40.89294474620185,41.889286041259766,221304200
2008-06-20,41.54032844157949,41.55751584255686,40.5776700475011,40.7581672668457,197434200
2008-06-23,40.92149203153316,41.03322985141909,40.3799968969347,40.440162658691406,131488800
2008-06-24,40.25105450928046,40.71518971941302,39.890056813858784,40.233863830566406,178293800
2008-06-25,40.405755890622565,41.256676281596356,40.345590166681454,40.8870849609375,179023400
2008-06-26,40.13072410344929,40.13932108313051,39.22823468535784,39.23683166503906,190028300
2008-06-27,39.19385332420708,39.451710254050695,38.652361640624456,39.23683166503906,181351800
2008-06-30,39.116499558427755,39.39154718753237,38.80707712341123,38.82426452636719,132912400
2008-07-01,38.514829733417024,39.41731892324573,38.40309197733195,39.37434387207031,245494300
2008-07-02,39.494669985232164,39.649382771567794,38.36870543551972,38.428871154785156,199576400
2008-07-03,38.66095905203231,38.746912463158644,38.059298289297494,38.360130310058594,123118300
2008-07-07,38.71253273478512,39.07352724041001,38.02492181065139,38.592201232910156,181011300
2008-07-08,38.635173864750094,39.54625705223349,38.480461006727005,39.511878967285156,206151200
2008-07-09,39.50327596899419,39.563441706972206,38.446073786083055,38.46326446533203,168500300
2008-07-10,38.52342462489056,39.039131812535246,38.14523957253688,38.918800354003906,238811500
2008-07-11,38.514828171947805,38.91020387279029,37.689692140415794,38.299949645996094,265514700
2008-07-14,38.79846162886207,38.83284297594208,37.87878190657896,38.01630401611328,177389800
2008-07-15,37.827218820135876,38.61797359581101,37.21696451986924,38.02490997314453,283891100
2008-07-16,38.12803658569431,39.00474114466501,37.749848376656786,38.970359802246094,186047800
2008-07-17,39.20243370805922,39.382930859509024,38.660938974924115,39.22821807861328,197555100
2008-07-18,38.79846527585058,38.824249649191415,38.32573318481445,38.32573318481445,160661000
2008-07-21,38.67815369328811,38.841460272962856,38.23980272743077,38.48905944824219,128107800
2008-07-22,37.84442355335405,38.51484711361336,37.698307657664174,38.48905944824219,152524500
2008-07-23,38.549203277422805,39.443098663495164,38.43746881325315,38.996150970458984,169259100
2008-07-24,39.17666795851504,39.202452341324644,38.377319303544915,38.41169738769531,145561000
2008-07-25,38.660942161182774,39.090699192692746,38.47184801810688,38.91020202636719,111616700
2008-07-28,38.901614774727264,39.12509032309978,37.99912543869798,38.179622650146484,124028500
2008-07-29,38.34291505763462,39.1422632355554,38.30853371521571,38.970359802246094,142290900
2008-07-30,39.08212161658307,39.38295035122122,38.57500797905927,39.16807174682617,165679900
2008-07-31,38.78129322934119,39.66659539180293,38.69534309106146,39.07352828979492,180473100
2008-08-01,39.116500120483934,39.15088148446444,38.162441860929924,38.575008392333984,180350400
2008-08-04,38.566394535624475,38.60936958240093,38.07647178904391,38.188209533691406,116298000
2008-08-05,38.58359387116952,39.51187082808885,38.54061881474621,39.47748947143555,151657400
2008-08-06,39.494677431139685,40.23386015437073,39.17665810095414,40.07914733886719,133463700
2008-08-07,39.838496700299686,40.268253960405566,39.60643066517568,39.769737243652344,152805800
2008-08-08,39.743933357252125,40.77534765242187,39.66657695723579,40.67220687866211,143121500
2008-08-11,40.65503075817467,41.497354482810124,40.517508584331885,41.041812896728516,157290100
2008-08-12,41.03320526888713,41.3941996231597,40.835514137220365,41.084774017333984,140549300
2008-08-13,41.01603101465819,41.35983483083455,40.61205816989382,40.99884033203125,169652100
2008-08-14,40.86128080798279,41.65203181345503,40.81830578008268,41.471534729003906,158069200
2008-08-15,41.540333787534436,41.74661541367904,41.22231108914823,41.39421463012695,123115900
2008-08-18,41.51452126408716,41.5231182393208,40.620626009339375,40.91286087036133,151399100
2008-08-19,40.706601346831064,40.90428925973454,40.18229705318886,40.40576934814453,155410600
2008-08-20,40.68940017543078,40.878494338494136,40.173692994622364,40.47452163696289,155466700
2008-08-21,40.173704027634535,40.465939051359605,39.86427832265656,40.285438537597656,118916200
2008-08-22,40.50031761276468,40.981646857161664,40.46593952864058,40.81834030151367,96515500
2008-08-25,40.53467011909323,40.57764515274491,39.85565343952808,39.958797454833984,128076500
2008-08-26,39.98460204720739,40.19948060295628,39.640795046494546,39.90724563598633,107225500
2008-08-27,39.92442957565256,40.47451806092264,39.78690745433504,40.16509246826172,108489900
2008-08-28,40.32840848046425,40.63783414615158,40.25105534282919,40.49171829223633,112808600
2008-08-29,40.06196009046817,40.5003109193873,39.46889315401755,39.64079666137695,133184300
2008-09-02,40.28542191161796,40.465922350886544,38.97036648697819,39.15086364746094,162277500
2008-09-03,39.0649256253442,39.22823216212552,38.49764631799343,38.78128433227539,161682900
2008-09-04,38.557807777895356,38.600782832407,37.526390075683594,37.526390075683594,219004700
2008-09-05,37.19977853591595,37.629535693784796,36.79580903709432,37.34589767456055,247977500
2008-09-08,37.8358156713305,38.00771916796865,36.68406650627731,37.277130126953125,311065100
2008-09-09,37.259926826599994,37.63811504683971,36.40041291337937,36.486366271972656,214180600
2008-09-10,36.83878441157393,37.11382873265478,36.486383670264914,36.78721237182617,160658100
2008-09-11,36.27150122647455,37.5521755953391,36.24571356995366,37.47481918334961,203398200
2008-09-12,37.15679752790015,37.569363939957015,36.87315955408011,37.32870101928711,172094300
2008-09-15,36.443394433818455,37.208361359185645,36.12537189726135,36.16835021972656,616772300
2008-09-16,35.6526623327075,36.82160261882705,35.60968726193882,36.45201110839844,349506500
2008-09-17,35.98784721789927,36.46057922215598,34.543863557736124,34.56105422973633,340088000
2008-09-18,35.32602310952262,36.07380262952569,33.95080205914736,35.72999572753906,423934000
2008-09-19,37.646302311614214,37.69790911569011,36.2099441009747,36.89802169799805,263394000
2008-09-22,36.76040797203388,36.84641603382402,35.09182401292829,35.1606330871582,164698200
2008-09-23,35.43585708065921,35.90890790585436,34.78218410537412,34.89399719238281,184011200
2008-09-24,35.100429216355536,35.487468802188246,34.851001226509695,35.134830474853516,159270800
2008-09-25,35.46166012837363,36.141134886524824,35.289640745411745,35.693885803222656,148586800
2008-09-26,34.670361744322086,35.68527209026819,34.59295321688567,35.33263397216797,182678600
2008-09-29,34.62735902589029,34.730572596760375,31.978273045814756,32.52873229980469,307954400
2008-09-30,32.44271499281834,33.80166047731021,32.33950145146831,33.466224670410156,195436700
2008-10-01,33.40603362289469,33.51784670310603,32.709356666034594,33.11360168457031,174033300
2008-10-02,32.898588764424225,32.898588764424225,31.51383718297513,31.608448028564453,192124000
2008-10-03,32.047070625461096,32.83835806167977,31.049362662225466,31.11817169189453,272116100
2008-10-06,30.326899862287863,30.559125535434596,28.30568115004316,29.982864379882812,394046600
2008-10-07,30.223689225317475,30.275296023579802,27.755221459212997,28.08205795288086,329365700
2008-10-08,27.479990863886577,29.346392379796328,27.385380044002368,27.858430862426758,452066500
2008-10-09,28.512104809902397,28.96795337849555,26.63709881568571,27.110151290893555,352433900
2008-10-10,26.250055248871917,27.93583780075447,25.269547497197017,26.938129425048828,472339100
2008-10-13,28.262664397583766,30.31828671667724,27.86702229453551,30.215076446533203,276998700
2008-10-14,31.092375606719028,31.092375606719028,28.546496822396325,28.907737731933594,341595900
2008-10-15,28.580916511142192,28.684126848213232,26.267265375898074,26.318870544433594,312088500
2008-10-16,26.499483527149383,27.755221044287527,25.157737961856572,27.746618270874023,494783500
2008-10-17,27.239159161057152,28.94214540969754,27.01553467102361,27.781017303466797,326571300
2008-10-20,28.176663846902976,28.606710630946647,27.2649667645682,28.55510711669922,232783400
2008-10-21,28.09065726180228,28.606712117065104,27.075746536254883,27.075746536254883,239932400
2008-10-22,26.981138330945075,27.178959475322323,25.553381372813426,26.32746696472168,289993600
2008-10-23,26.224245071411133,26.740301390358926,24.8566965644235,26.224245071411133,377966900
2008-10-24,24.280442491207545,26.017831996778128,24.16002990940508,25.381362915039062,322129500
2008-10-27,25.0889367875851,25.974834012502132,24.65028874265524,24.67609214782715,239302300
2008-10-28,25.52757433537418,27.41977897642464,24.813696824157766,27.402578353881836,327239500
2008-10-29,27.44559175569863,28.45190316121297,26.877930005228105,27.33378028869629,341316000
2008-10-30,28.099254346585393,28.434693582860287,27.505790985784834,28.245471954345703,255292100
2008-10-31,27.841226017422,28.752926319750507,27.600400884390314,28.288475036621094,224261000
2008-11-03,28.219679619146348,28.632524262007983,27.961648846484955,28.22827911376953,128455500
2008-11-04,28.778726481486334,29.25177722988689,28.365882013009696,29.028154373168945,182487600
2008-11-05,28.838940083601738,28.899146378812002,27.454190372270208,27.51439666748047,183893900
2008-11-06,27.08434934700237,27.411185858779884,26.146847119769802,26.284461975097656,220677200
2008-11-07,26.59409497550643,27.075746946617603,26.31026414461076,26.82632064819336,176946200
2008-11-10,27.49718960722329,27.49718960722329,26.146843025456835,26.465078353881836,142584500
2008-11-11,26.215645874603634,26.45647261200476,25.561974707798818,25.888811111450195,162869800
2008-11-12,25.50177929267338,25.63079302673608,24.641685544923863,24.69329071044922,184946400
2008-11-13,24.60728004334081,26.25865992983779,23.46335554554072,26.19845199584961,317943900
2008-11-14,25.613594063103264,26.164053572475943,24.830908833026957,24.925518035888672,259407000
2008-11-17,24.504066330813124,25.14053539441236,24.306245197633295,24.400856018066406,202835200
2008-11-18,24.56427533438732,24.727693594875653,23.557965651167226,24.37505531311035,252661800
2008-11-19,24.426658979960262,24.753495480930322,23.04190933895072,23.102115631103516,244180600
2008-11-20,22.818281472446035,23.609567569400955,21.906581168227458,21.983989715576172,342472400
2008-11-21,22.371030554169025,22.9472932241487,21.545339999340843,22.938692092895508,282746800
2008-11-24,23.41174944699463,24.63308254176061,23.20532716005512,24.34065055847168,225058200
2008-11-25,24.607281565975118,24.633083327353855,23.669779290914647,24.228839874267578,202968700
2008-11-26,23.979407246270927,25.25234693611894,23.919200960767636,25.243745803833008,164912000
2008-11-28,24.95991735724688,25.106133338917804,24.796499109379756,25.045927047729492,41238200
2008-12-01,24.512671827816494,24.521272962159774,23.127920368022387,23.162324905395508,149161500
2008-12-02,23.48055497645887,23.98801033932029,23.084912701955865,23.936405181884766,181743000
2008-12-03,23.334332752821535,24.69328023198349,23.282727609194556,24.615873336791992,230944900
2008-12-04,24.22883316465549,24.753490707378877,23.497753385573255,23.919198989868164,188868700
2008-12-05,23.652579649434074,25.002926661485603,23.17952871264489,24.891115188598633,212283700
2008-12-08,25.45016692849776,26.19844735870741,25.321153230926942,25.871612548828125,185782500
2008-12-09,25.527580062075316,26.51668744184405,25.432969234624046,25.811410903930664,178148300
2008-12-10,25.88882109688812,26.198453718118657,25.47597650824836,25.72540283203125,162335100
2008-12-11,25.639393228038028,26.035037190664333,24.891112613405635,25.020126342773438,167161400
2008-12-12,24.676085885293926,25.68239546462479,24.486864243053265,25.527578353881836,158600100
2008-12-15,25.570573274089735,25.59637666352646,24.71908110865108,25.080320358276367,107887000
2008-12-16,25.303955720762065,26.370471669802185,25.02872601010635,26.284461975097656,169300100
2008-12-17,26.017831735083874,26.31886482706055,25.64799121984096,25.96622657775879,159813500
2008-12-18,25.96622617392327,26.146845042001207,25.252348553451633,25.5103759765625,142656400
2008-12-19,25.779970658715442,26.15896166246304,25.547407885310342,25.719676971435547,118308900
2008-12-22,25.71967905160026,25.771359124465715,24.754975048459023,25.159805297851562,95379600
2008-12-23,25.263177743221604,25.512967879386682,24.884186548952094,25.030614852905273,68764800
2008-12-24,25.151203373363348,25.159815353216207,24.96170695898944,25.09952163696289,27194700
2008-12-26,25.15119576202968,25.177034979529815,24.95308578487502,25.090900421142578,20937000
2008-12-29,25.1598093592519,25.185650221295912,24.513802594072995,24.884180068969727,52688300
2008-12-30,24.95308730124558,25.487120281394972,24.92724808217523,25.400985717773438,77089500
2008-12-31,25.375147001115277,25.90918002641345,25.366535022617178,25.616323471069336,89189700
2009-01-02,25.624936280849735,26.81358806445546,25.573256197096505,26.727455139160156,107891500
2009-01-05,26.555187932942385,26.985859162242704,26.348465940023875,26.718843460083008,91751900
2009-01-06,26.916945879454225,27.24425521848119,26.79635848763587,26.98585319519043,136791700
2009-01-07,26.469047667071287,26.61547591926327,26.00392369373675,26.21925926208496,133879800
2009-01-08,26.167577324492715,26.529341142014733,25.9091753017827,26.494888305664062,131926600
2009-01-09,26.503502543943544,26.520729783960885,25.771361272006978,25.900562286376953,117137900
2009-01-12,25.935026375076674,25.96947922499575,25.15120473557013,25.426834106445312,102726200
2009-01-13,25.418212822268945,25.823043133367097,25.13396991386383,25.435440063476562,186266700
2009-01-14,25.14258547775921,25.220106426305005,24.522417889392848,24.660232543945312,136294000
2009-01-15,24.608547680509435,25.27178160355089,24.17787655794433,25.065059661865234,192567200
2009-01-16,25.409597931298237,25.495732490149837,24.720524746245562,25.34069061279297,175478100
2009-01-20,25.237326695729095,25.34930210570344,24.083127975463867,24.083127975463867,135105800
2009-01-21,24.487959872217463,25.142580164442585,24.203717001911283,25.108125686645508,149179600
2009-01-22,24.565483392858127,25.17703565227647,24.341534192219267,24.772205352783203,200602700
2009-01-23,24.367375937598215,25.28039837112152,24.238173270436103,24.892793655395508,170164100
2009-01-26,24.927252585936877,25.487124886312227,24.763597049775314,25.073680877685547,140398700
2009-01-27,25.08228538827837,25.469888389481603,25.08228538827837,25.254552841186523,110591300
2009-01-28,25.676615138736675,26.40014284825982,25.676615138736675,26.141740798950195,139722800
2009-01-29,25.823042692121273,26.18480653689896,25.392371526570695,25.478506088256836,130731800
2009-01-30,25.668008163383647,25.77998361851992,24.92725466357396,25.030614852905273,140334200
2009-02-02,24.78943583075696,25.504349984938745,24.754981344829975,25.332080841064453,126796100
2009-02-03,25.383754267848232,26.210643641484545,25.004764879358145,25.72829246520996,120541100
2009-02-04,25.78859530714252,26.58964410733928,25.659394258728952,25.762754440307617,175780900
2009-02-05,25.392368895860656,26.50350117644764,25.375141656732186,26.33123207092285,217578900
2009-02-06,26.42598091880752,27.140894932115653,26.339846363843172,27.020307540893555,164513200
2009-02-09,27.037541681784205,27.278718183323186,26.8652741602968,27.13228988647461,98856900
2009-02-10,26.960022956502648,27.287334067352514,25.92641281327302,26.133134841918945,232795200
2009-02-11,26.16757914861788,26.296781811859518,25.607706965131186,26.01253890991211,169117200
2009-02-12,25.711066248217527,26.365686549179788,25.530183523128507,26.33123207092285,201151400
2009-02-13,26.25372168464468,26.512125446740527,26.090067775819314,26.210655212402344,145066700
2009-02-17,25.400987451107156,25.556029347629764,25.030609952276535,25.168424606323242,157783300
2009-02-18,25.332080054054668,25.556029276981537,24.866956008652917,25.185651779174805,161271900
2009-02-19,25.340692998362684,25.504348511299227,24.73775267252082,24.79804801940918,155322400
2009-02-20,24.522414662198585,25.108127688405798,24.453507343990683,24.866952896118164,210752400
2009-02-23,25.004766437354796,25.021992033992266,23.885020511919834,23.99699592590332,169473500
2009-02-24,24.126202258526877,24.961703844867166,24.083134150232834,24.78943634033203,181337300
2009-02-25,24.64299780499776,25.125348917043,24.238165969868657,24.625770568847656,220224700
2009-02-26,24.789433362856194,24.93586162770765,23.85918369288228,23.936704635620117,211218500
2009-02-27,23.686910531079146,24.100354393330452,23.59216236323327,23.712751388549805,204492600
2009-03-02,23.359606875412826,23.695529889495447,22.799732994768107,22.9461612701416,188180400
2009-03-03,23.135654139756653,23.39405616630571,22.75666307698869,22.928932189941406,158758800
2009-03-04,23.26485421937259,23.867792804750096,23.18733328594292,23.540483474731445,164911000
2009-03-05,23.28208692792099,23.46296805316239,22.756667509663014,22.83418846130371,199626900
2009-03-06,22.95477909561345,23.09259377498489,22.145116622145796,22.653308868408203,218421600
2009-03-09,22.472423926960868,23.09258987951714,22.076205558445256,22.17095375061035,181098800
2009-03-10,22.61023391645534,23.59216354939124,22.532712983025668,23.540483474731445,175068200
2009-03-11,23.78165909079604,24.108968409751714,23.48018898685693,23.902246475219727,173094900
2009-03-12,23.885024566562187,24.77220783775671,23.635236122675735,24.694686889648438,184395100
2009-03-13,24.686063251610168,24.841105084915682,24.39320682045078,24.75497055053711,156783500
2009-03-16,24.91862916402481,24.961695615239922,24.28123615733833,24.341529846191406,190269800
2009-03-17,24.462119772999262,25.263168334960938,24.37598521871349,25.263168334960938,169773800
2009-03-18,25.15981366878571,26.01254419061754,25.047839866509047,25.581872940063477,208033900
2009-03-19,25.93501750163839,25.952243099264024,25.37514368536336,25.564640045166016,146753400
2009-03-20,25.61553675908835,25.908877488291782,25.002971714364794,25.175525665283203,149410800
2009-03-23,25.796725734688884,26.694003952881815,25.19278999145625,26.65949249267578,179499000
2009-03-24,26.43517422723173,26.64223806177436,26.15046124903598,26.16771697998047,118757600
2009-03-25,26.392038301156422,26.788910265698476,25.589664860428933,26.28850555419922,190555200
2009-03-26,26.573214337298605,27.142640241269508,26.245363707520205,27.099502563476562,182459500
2009-03-27,26.74576954772444,26.901067827748683,26.495566397552714,26.590471267700195,156108100
2009-03-30,26.14183442691322,26.159090158546405,25.55515436175926,25.934770584106445,162919700
2009-03-31,26.13320237399235,26.702628226019414,26.115946646210492,26.15908432006836,150243800
2009-04-01,25.831236441259005,26.64223598527564,25.701821760456088,26.547332763671875,137950000
2009-04-02,27.021848619323148,27.841477516338546,26.94419949663341,27.401466369628906,212272400
2009-04-03,27.686187369851627,27.953646268730886,27.461867799306336,27.910505294799805,134577300
2009-04-06,27.59990310935193,27.893245528181843,27.306562336118702,27.84147834777832,160413700
2009-04-07,27.53951672231337,27.53951672231337,26.926951429694746,27.10813331604004,147531200
2009-04-08,27.375581849032436,27.73794550632334,27.16851807743519,27.565391540527344,126126000
2009-04-09,28.083052418168872,28.47992426776471,27.979521346794613,28.419530868530273,131871500
2009-04-13,28.333258502524945,28.531694448181625,28.065799641234413,28.37639617919922,119310500
2009-04-14,28.20384075227559,28.36776852300321,27.84148033713924,28.03129005432129,124069000
2009-04-15,27.83284989195205,27.97952192971529,27.47911735272314,27.95363998413086,124808200
2009-04-16,28.341887709692394,28.84229402721834,28.048546869706794,28.678369522094727,171168000
2009-04-17,28.617977489094617,28.902692155775693,28.410915268958064,28.738767623901367,129835400
2009-04-20,28.22109367616429,28.31599852532524,27.66029738114828,27.815595626831055,123080500
2009-04-21,27.71206540869065,28.246983130926104,27.677557242089783,28.203842163085938,145490200
2009-04-22,28.039923615313793,28.928572449016897,27.94501873187085,28.29012680053711,165040500
2009-04-23,28.471304916777157,28.59209174437847,28.031295288916056,28.56620979309082,181666600
2009-04-24,28.76462819298766,29.273660434899014,28.531680900127327,29.06659507751465,141170000
2009-04-27,28.833664916609965,29.385838433986404,28.773271503820915,29.101123809814453,120749100
2009-04-28,28.919929383235928,29.256407744038743,28.781886894414452,28.885417938232422,108968000
2009-04-29,29.11837835571705,29.679178070156617,29.075240675651088,29.282302856445312,141413600
2009-04-30,29.670548409811676,30.110561301370154,29.36858135967861,29.57564353942871,144120400
2009-05-01,29.567012541818723,29.799959924788098,29.34269137694741,29.653287887573242,100112000
2009-05-04,29.920752188574912,30.27448643666661,29.7827096354463,30.239974975585938,119317400
2009-05-05,30.188217927944482,30.24861135294805,29.87762129010053,30.214099884033203,113569500
2009-05-06,30.447034633428732,30.490172305940316,29.730936763201356,30.222713470458984,178840500
2009-05-07,30.429783177422113,30.429783177422113,29.230537940825002,29.515249252319336,216484700
2009-05-08,29.739576262731504,29.972523721979414,29.23054365723301,29.53251075744629,183507300
2009-05-11,29.15287927450411,29.955252340128467,29.05797443796037,29.63602638244629,142775900
2009-05-12,29.696420106056017,29.748187278716646,28.91993226330382,29.273666381835938,147842200
2009-05-13,29.01483827703159,29.032094001951258,28.436783011398223,28.488550186157227,175548300
2009-05-14,28.557579963195057,29.075242021531007,28.54032752332528,28.807783126831055,140021700
2009-05-15,28.764633958994075,29.178761465584415,28.66972912163513,28.790515899658203,121326400
2009-05-18,28.988966031430937,29.575647776767507,28.80778577539318,29.541139602661133,114333400
2009-05-19,29.47211465879783,29.97252099789363,29.290934415136633,29.679180145263672,129086400
2009-05-20,29.791335229864906,30.231348121423384,29.489368179731837,29.57564353942871,131873700
2009-05-21,29.35131379231802,29.558375888561407,28.738750428408377,29.03209114074707,139253200
2009-05-22,29.144255060399175,29.30818282281923,28.74738320930729,28.937192916870117,83510600
2009-05-26,28.68699395503723,30.050166976884256,28.626600546848454,30.015655517578125,144857200
2009-05-27,29.92938058135836,30.360764002606388,29.705062650434883,29.80859375,121348800
2009-05-28,29.9897588000674,30.257217570539435,29.515237935391497,30.1536865234375,118931300
2009-05-29,30.170952597471256,30.628217895975645,29.989769088892018,30.524686813354492,111535700
2009-06-01,30.852524822864474,31.49097340299515,30.723111838389645,31.396068572998047,119126200
2009-06-02,31.223511684069233,31.741173446608293,31.15449209044607,31.4392032623291,126858600
2009-06-03,31.344327926635742,31.378836106689317,30.999219796539645,31.344327926635742,93329800
2009-06-04,31.41335764125433,31.741210140754163,31.352964192819638,31.69807243347168,89280600
2009-06-05,31.8878517283947,31.991386086749586,31.421956989377584,31.732553482055664,121958800
2009-06-08,31.534129872656287,31.879237952810122,31.163139838409013,31.63766098022461,89194100
2009-06-09,31.78433324153656,32.06904461171862,31.637661154744013,31.87923812866211,109187800
2009-06-10,32.06041929027949,32.06904551153541,31.309812975617103,31.767078399658203,133404700
2009-06-11,31.72394071098927,32.12081271265493,31.706684977282762,31.767078399658203,147909800
2009-06-12,31.63767290436759,31.68081389904246,31.232174542229487,31.620420455932617,109452500
2009-06-15,31.318430433349043,31.34431567226294,30.69724064970947,30.973325729370117,112152900
2009-06-16,31.09410560703892,31.22351860797718,30.645466629828295,30.671348571777344,110550300
2009-06-17,30.80079136559821,31.24080121329145,30.585099553922028,30.9647159576416,153421800
2009-06-18,30.912930199140014,31.111366130807294,30.688609030338018,30.904300689697266,126266700
2009-06-19,31.141003235613894,31.408791140551653,31.02006782539774,31.236024856567383,122044700
2009-06-22,30.950946533179422,31.002774083647115,30.25124494469658,30.303075790405273,137714900
2009-06-23,30.38945798042488,30.458562481150356,30.035288764198985,30.23396873474121,114903100
2009-06-24,30.49311672783593,30.985498246384456,30.47583977864672,30.743627548217773,103314600
2009-06-25,30.54495410019822,31.408781972736666,30.47584628867907,31.34831428527832,112538200
2009-06-26,31.20146814382835,31.52972372444942,31.141000444140587,31.41742515563965,87677300
2009-06-29,31.503786266512744,31.7456568835295,31.201444700001787,31.486509323120117,93817600
2009-06-30,31.572901218195916,31.72839046506839,31.192818223197147,31.42605209350586,97843000
2009-07-01,31.581560311682264,31.8234311542261,31.434707803535588,31.443347930908203,85976000
2009-07-02,31.175548769416206,31.184185598434016,30.665890181075973,30.75227165222168,113309800
2009-07-06,30.56223433258596,30.70044667521344,30.268532692597294,30.58814811706543,107632500
2009-07-07,30.59678057133322,30.65725155187466,29.810697367194983,29.827974319458008,149773000
2009-07-08,30.009378454106038,30.121673692659012,29.629292122876087,29.983461380004883,152776400
2009-07-09,30.09575552907958,30.242604648211667,29.931629461477662,30.035287857055664,97851500
2009-07-10,29.948891498388782,30.35489139185161,29.85387326152104,30.16484832763672,108482000
2009-07-13,30.190778355127573,30.752264375191817,29.78477828728397,30.743627548217773,127140300
2009-07-14,30.709075989345152,30.91639610016878,30.579503803416586,30.855928421020508,115631700
2009-07-15,31.37423304625266,31.901168659367592,31.218743740899324,31.892528533935547,160869700
2009-07-16,31.745666678579088,32.34170658095135,31.719752903114518,32.27260208129883,120142500
2009-07-17,32.26395960502383,32.45400273187267,32.10847037310037,32.44536590576172,104906500
2009-07-20,32.61813914261912,32.82545928273226,32.48856693838501,32.756351470947266,97168800
2009-07-21,32.88592019844465,32.98094177246094,32.51447402469435,32.98094177246094,130587600
2009-07-22,33.00685535859265,33.42149225580272,32.937750856678214,33.25736618041992,113808600
2009-07-23,33.222816702966284,34.11256158592086,33.162349020028984,33.99162292480469,160239300
2009-07-24,33.628835881228746,34.008919145795154,33.49926031852203,33.73249435424805,109312300
2009-07-27,33.97434926845824,34.04345377956876,33.576985972416836,33.99162292480469,94718600
2009-07-28,33.844762323352626,34.19893147292358,33.62880544446204,33.75838088989258,111564300
2009-07-29,33.965701872911794,34.06072343868081,33.68927729716967,33.98297882080078,126538200
2009-07-30,34.3371604345805,34.70860671044815,34.129840280163315,34.181671142578125,108969900
2009-07-31,34.18167280841864,34.423543587657846,34.043460463818775,34.0780143737793,78208300
2009-08-03,34.44081311980052,34.60494250911798,34.24213312321125,34.58766555786133,111722800
2009-08-04,34.423536168543855,34.71723774942398,34.35443165875875,34.58766555786133,100690800
2009-08-05,34.66540620473188,34.67404303174631,34.08663993753136,34.31987380981445,118093000
2009-08-06,34.39760759771801,34.49262914114796,33.896589407687465,34.01752471923828,116937500
2009-08-07,34.48402114461903,34.61359669640744,34.198959544024966,34.44947052001953,107442100
2009-08-10,34.32853454269602,34.423552877867614,33.98300194032309,34.20759582519531,87163200
2009-08-11,34.09529341469578,34.12120720113045,33.7324839283982,33.91388702392578,91922700
2009-08-12,33.8879769433358,34.74316823686682,33.8620631540673,34.440826416015625,147240000
2009-08-13,34.64814014439691,34.69133088352494,34.24213994706067,34.630863189697266,110107000
2009-08-14,34.44081829004535,34.51856293475055,33.93115968480952,34.23350143432617,124480200
2009-08-17,33.654734040589915,33.69792477634575,33.22282009254772,33.24009704589844,131797200
2009-08-18,33.44741400353258,33.784306323663024,33.352392416779566,33.7151985168457,84496200
2009-08-19,33.317842748287056,34.034821506562274,33.29192896505755,33.94843673706055,88036300
2009-08-20,33.93114638943104,34.41489102196486,33.862041896349474,34.34578323364258,81473500
2009-08-21,34.54447930222342,34.86409470377067,34.328522326402485,34.803627014160156,114660200
2009-08-24,34.86408360859651,35.04548661969819,34.63948657988319,34.76906204223633,109904900
2009-08-25,34.84680884973021,35.209614894725604,34.76906422648246,34.87272262573242,92900400
2009-08-26,34.79497509703855,35.07139966878386,34.62221221112835,34.812252044677734,96407500
2009-08-27,34.80363712822784,34.95912645962406,34.268061299977376,34.898658752441406,121957800
2009-08-28,35.33055262016375,35.486041862618535,34.691318701711744,34.933189392089844,114300900
2009-08-31,34.6740506775691,34.725881536808046,34.37171223677988,34.57902908325195,96415300
2009-09-01,34.45808778883277,35.06276786180056,33.827493938317076,33.93115234375,162958900
2009-09-02,33.749742252576446,34.095274592082426,33.723828480447715,33.90523147583008,92757200
2009-09-03,34.069357926200986,34.18165643214989,33.706551931160796,34.129825592041016,76783100
2009-09-04,34.19032031119938,34.8813821833177,34.138489435074405,34.864105224609375,74866600
2009-09-08,35.140513813238044,35.22689527181212,34.95047065008537,35.192344665527344,71024400
2009-09-09,35.218250126176606,35.66744085420271,35.062760901273705,35.49467468261719,99280800
2009-09-10,35.511958152094756,35.87476421334757,35.416936575507236,35.831573486328125,99289100
2009-09-11,35.85748689170111,35.95250846730339,35.606979359489245,35.866127014160156,93868400
2009-09-14,35.63289492687368,36.030254903685126,35.59834102578363,36.00434112548828,90435600
2009-09-15,35.97843348030927,36.237581192177174,35.90932566634879,36.11664581298828,91594600
2009-09-16,36.280767666041854,36.695404615367636,36.14255534959993,36.64357376098633,96888500
2009-09-17,36.54856343488801,36.850901913222444,36.46217865876226,36.634944915771484,102169600
2009-09-18,36.78278791344202,36.85195928170349,36.49744736098563,36.696319580078125,87444200
2009-09-21,36.4887988911431,36.9211306237433,36.454211560912036,36.80872344970703,71351400
2009-09-22,37.0162528544083,37.03354652359855,36.69632492203381,36.877906799316406,75638400
2009-09-23,37.03355980788246,37.32754239428068,36.644460357603485,36.704986572265625,143924100
2009-09-24,36.85196048370843,36.91248666982253,36.11699776750599,36.37639617919922,111016400
2009-09-25,36.108354303509046,36.39369490493299,35.95271787360442,36.05647659301758,109216000
2009-09-28,36.255345317679975,36.88654935519245,36.22075798176507,36.67038345336914,84478500
2009-09-29,36.670399931490444,36.851978578992586,36.34182668951177,36.5061149597168,106686400
2009-09-30,36.65308819967184,36.834666757724534,35.97000318783964,36.53203582763672,173102700
2009-10-01,36.402330893495055,36.42827304061672,35.451202392578125,35.451202392578125,140119100
2009-10-02,35.20911180647714,35.66738257558685,35.20911180647714,35.34745788574219,145286400
2009-10-05,35.5290346969275,35.79708165499153,35.30422356641904,35.63279342651367,97054200
2009-10-06,35.83165671516027,36.4369218664441,35.814363048160196,36.26398849487305,124628000
2009-10-07,36.22073475285808,36.38502284387848,36.116976110085254,36.36772918701172,93787600
2009-10-08,36.58392173245972,36.8519653640538,36.43692719069473,36.52339553833008,107850400
2009-10-09,36.44557396713025,36.79143744617669,36.367754107119545,36.73091125488281,62828000
2009-10-12,36.877898110169156,37.06812182958128,36.55797025317587,36.80872344970703,53221900
2009-10-13,36.77414317750102,36.9643702318526,36.63579712845351,36.817378997802734,70939300
2009-10-14,37.27564946688555,37.362114510165235,37.05083507687041,37.31888198852539,91004900
2009-10-15,37.1200184682896,37.28430340847715,37.06813745107897,37.232425689697266,85772800
2009-10-16,37.09406885859784,37.171888712645305,36.73090844023312,36.99030685424805,111859300
2009-10-19,37.01626938317093,37.41401405686008,36.826042235566725,37.36213302612305,83512000
2009-10-20,37.578294631869674,37.578294631869674,37.12866898018549,37.37077713012695,89847900
2009-10-21,37.362112337585266,37.88955764683871,37.23241478020756,37.30158615112305,110397400
2009-10-22,37.2324233809572,37.604229068501276,36.99896376563204,37.44858932495117,85871800
2009-10-23,37.811746624050144,37.811746624050144,37.197836133164856,37.29294967651367,117020400
2009-10-26,37.353464992977756,37.83767445667364,36.99895307915916,37.1718864440918,107068600
2009-10-27,37.12003049674677,37.27567030038178,36.47153241441148,36.60987854003906,121438200
2009-10-28,36.480167322832955,36.59257454898509,35.710617009763254,35.78843688964844,143553600
2009-10-29,35.99595508773903,36.48016470703262,35.91813521343389,36.393699645996094,85207600
2009-10-30,36.36775023473824,36.44557008646281,35.38203101341711,35.41661834716797,162796500
2009-11-02,35.45121050552575,35.94406853404523,35.13993105626499,35.56361770629883,142456600
2009-11-03,35.37339439311215,35.7279064038117,35.31286819360958,35.676025390625,95107000
2009-11-04,35.90947946453432,36.203465230394244,35.6933135572382,35.736549377441406,107970600
2009-11-05,36.15158771513059,36.66173939098887,36.12564556318525,36.61850357055664,135204800
2009-11-06,36.419640398172916,36.877914481099204,36.385056351018584,36.834678649902344,96312300
2009-11-09,37.12002522818021,37.63017711248039,37.07679268851369,37.62152862548828,101620800
2009-11-10,37.57828297061284,37.84632990048428,37.52640526049141,37.71662902832031,72846500
2009-11-11,38.00196894347725,38.16625385328746,37.70798316383836,37.958736419677734,84676200
2009-11-12,37.98468141025168,38.18355369059904,37.65610823912398,37.742576599121094,92426100
2009-11-13,37.85499498375199,38.16627460181929,37.72529734184524,38.05386734008789,87959500
2009-11-16,38.21811352221704,38.607212616023496,38.14893888401665,38.44292449951172,87776100
2009-11-17,38.339210823148484,38.564022064208984,38.26139091308289,38.564022064208984,81884000
2009-11-18,38.44294525573958,38.46888740828564,38.088433289624184,38.34783172607422,100240800
2009-11-19,38.088439051364986,38.11438120783538,37.48317374246807,37.751220703125,114558000
2009-11-20,37.55234419432117,37.656102913211875,37.422643321885154,37.56098937988281,70912100
2009-11-23,37.95008622852782,38.391066527362014,37.9241473751011,38.16625213623047,91621500
2009-11-24,38.14894866806606,38.17489081325873,37.81173046642365,38.03654479980469,60670000
2009-11-25,38.16626409273874,38.23543878812063,38.05385686195868,38.20085144042969,37630100
2009-11-27,37.15461257928597,37.89822413590298,37.09408636406657,37.62152862548828,61230000
2009-11-30,37.53505208238676,37.71663067258813,37.275653625180475,37.66475296020508,84819400
2009-12-01,37.950108566876104,38.304620732245645,37.94146337678843,38.05386734008789,81817800
2009-12-02,38.18354801262415,38.468888610537874,38.02790828620397,38.10572814941406,81653600
2009-12-03,38.24408197348993,38.47754161053409,37.9414509431165,37.950096130371094,72460400
2009-12-04,38.43431223693821,38.676417081139476,37.75122694259193,38.14897155761719,125062600
2009-12-07,38.12301258300137,38.29594593695381,37.88955304992998,37.96737289428711,67471900
2009-12-08,37.75121471978785,38.04520049188966,37.49181628521098,37.73392105102539,86621400
2009-12-09,37.69933837802056,38.14896392618644,37.45723358225065,38.1143798828125,78820500
2009-12-10,38.278672343810605,38.51213199930067,38.25273348156652,38.30461120605469,76722400
2009-12-11,38.512119998964934,38.55535252204423,38.001968310397025,38.15760803222656,66643700
2009-12-14,38.41702370906426,38.56401501318336,38.209502887354965,38.520782470703125,47965500
2009-12-15,38.39972476552447,38.62453593464576,38.192203972278485,38.30461120605469,61171100
2009-12-16,38.45160464550982,38.650476946475756,38.29596487980934,38.35649108886719,61629700
2009-12-17,38.18355415959723,38.22678669091146,37.83768731222191,37.88956832885742,90440900
2009-12-18,38.24725646209529,38.52441023107229,38.108679577606786,38.50708770751953,96442600
2009-12-21,38.7063020405021,39.08739105189111,38.68897951235402,38.94015121459961,82357400
2009-12-22,39.07006792302087,39.225967370022175,39.00077781149391,39.17399978637695,51569100
2009-12-23,39.25194515671322,39.46847177531995,39.15667291589682,39.45981216430664,73932200
2009-12-24,39.50311560563562,39.82357406616211,39.4944526909562,39.82357406616211,31770400
2009-12-28,39.91883836456763,40.10071988945412,39.78892110168686,40.03143310546875,49381400
2009-12-29,40.040104290160826,40.05742681714845,39.83224057417769,39.86688232421875,32410200
2009-12-30,39.823573443742596,40.066082188033576,39.80625091858841,39.98813247680664,57612700
2009-12-31,40.06609113059736,40.083413659617854,39.6243782043457,39.6243782043457,50079200
2010-01-04,40.12670068022174,40.26527753608716,40.07473312029738,40.204647064208984,62822800
2010-01-05,40.17866493621324,40.273937144108125,39.979460912402494,40.204647064208984,62935600
2010-01-06,40.187355442885725,40.31726947600303,39.90153862294443,39.96216583251953,96033000
2010-01-07,40.02277752711502,40.074745102577594,39.77160586828003,39.98813247680664,77094100
2010-01-08,39.90152620382542,40.317256927490234,39.780271822414946,40.317256927490234,88886600
2010-01-11,40.36922131007294,40.39520344576505,39.94482770481003,40.15269470214844,104673400
2010-01-12,39.91019473723192,39.96215902004628,39.43383345186988,39.650360107421875,90673900
2010-01-13,39.771613055767766,40.265296852045644,39.503122127191006,40.144039154052734,100661000
2010-01-14,40.066085648661414,40.291275191182336,40.031443899294764,40.178680419921875,75209000
2010-01-15,40.24796784018851,40.31725463823141,39.5377608145957,39.71097946166992,126849300
2010-01-19,39.806253987402044,40.39520667231371,39.797594376124266,40.35190200805664,84388200
2010-01-20,40.06609814110646,40.360574578111354,39.34723123261328,39.77162170410156,145680000
2010-01-21,39.88420655600961,40.1440378640618,39.234626633911944,39.39918899536133,204939600
2010-01-22,39.269270848593976,39.39052523615993,38.143333001851765,38.24726486206055,171098700
2010-01-25,38.48111386661565,38.62835039264238,38.21261964958929,38.37718200683594,154218700
2010-01-26,38.33386974591444,38.87951773056804,38.15198818567453,38.41181945800781,140816500
2010-01-27,38.342543494656596,38.844883655918075,38.11735390545314,38.714969635009766,161632700
2010-01-28,38.455137196187636,38.481119338843804,37.5197404133489,37.71894454956055,221439800
2010-01-29,38.03074568705395,38.12601795424225,36.92213015017533,37.060707092285156,212099600
2010-02-01,37.15597024281231,37.48508833461077,37.138647716307005,37.46776580810547,136827100
2010-02-02,37.52840338247556,37.91814873859997,37.268568739812984,37.80555725097656,110727700
2010-02-03,37.62366767851637,38.082706400790336,37.60634515088959,38.0134162902832,93581600
2010-02-04,37.73626555063553,37.81421527938106,36.9134635925293,36.9134635925293,151652500
2010-02-05,37.008738828317064,37.25991056381207,36.480413213632694,37.22526550292969,213618600
2010-02-08,37.16463507924319,37.39848426404156,36.93078589444482,36.95676803588867,94354400
2010-02-09,37.398468207231,37.68428155220481,37.03470186352516,37.33784103393555,118956000
2010-02-10,37.33784885052176,37.511070797886546,37.02605000605191,37.2598991394043,94102900
2010-02-11,37.26854945293429,37.92679202792754,37.034700377918234,37.82285690307617,93050800
2010-02-12,37.485094705506484,38.004760677184734,37.3811628327447,37.90082550048828,93938500
2010-02-16,38.17796626929648,38.41181205658388,37.97875891816046,38.38582992553711,83861400
2010-02-17,38.559047494160886,38.602352142333984,38.3338580373682,38.602352142333984,82691700
2010-02-18,38.57638064596641,38.91416162031587,38.49843093619855,38.844871520996094,65752600
2010-02-19,38.74095539490683,39.01810929677224,38.64568312165276,38.82756805419922,80416500
2010-02-22,38.98344910096478,39.00077162609922,38.59370384920821,38.749603271484375,72055000
2010-02-23,38.723622800612915,38.74960824361581,38.065383280711615,38.24726486206055,95814400
2010-02-24,38.44648317309572,38.792927240348895,38.385855956916735,38.637027740478516,86591000
2010-02-25,38.22995620106959,38.71497723118939,37.96146518948483,38.62836456298828,97961300
2010-02-26,38.61968549121063,38.85353462163524,38.45512646043797,38.76692199707031,66222400
2010-03-01,38.940135113102116,39.39917365938078,38.93147550457598,39.32988357543945,77290100
2010-03-02,39.468475329034,39.71098410644998,39.36454346784634,39.45115280151367,76368500
2010-03-03,39.546432466573414,39.68500940878739,39.34722831863675,39.49446487426758,65735500
2010-03-04,39.5204463341573,39.67634579140719,39.32124220632345,39.6243782043457,54470900
2010-03-05,39.91884890840261,40.308597496056656,39.83223957956132,40.22198486328125,68136300
2010-03-08,40.23930719652256,40.395206630835226,40.2219846700507,40.29993438720703,58712400
2010-03-09,40.213320944767325,40.75030599472253,40.187338809684675,40.52511978149414,98002800
2010-03-10,40.55110068954566,40.94950883378176,40.533778165370144,40.8542366027832,102578900
2010-03-11,40.75897110349811,41.01013946533203,40.6896810009688,41.01013946533203,67510300
2010-03-12,41.14007232298629,41.16605446929944,40.793628287113386,41.01881790161133,64068300
2010-03-15,40.93219807043295,41.036133245349234,40.629062070096985,40.914878845214844,60150500
2010-03-16,41.04477679544324,41.235321237620575,40.90619992038699,41.1746940612793,74950600
2010-03-17,41.23535106787284,41.486522868092784,41.16606092825257,41.287315368652344,75643500
2010-03-18,41.32193765062116,41.46917746414794,41.22666541315099,41.425872802734375,77829400
2010-03-19,41.54813240540231,41.574145589780564,41.02791502229778,41.17531204223633,86337100
2010-03-22,41.010575427869675,41.712871896196084,40.967224529013826,41.548133850097656,71902800
2010-03-23,41.608820974483905,41.87759847952496,41.418073087710816,41.83424758911133,59182600
2010-03-24,41.7648831449312,41.7648831449312,41.53945653232001,41.634830474853516,62995700
2010-03-25,41.9816371251913,42.1377029612111,41.53078394053479,41.574134826660156,76294800
2010-03-26,41.74754483675921,41.903610684585146,41.392062251702555,41.617488861083984,78067900
2010-03-29,41.825581953265825,41.96430679774344,41.70419482031938,41.81690979003906,57993300
2010-03-30,41.946962401035975,42.094356089410525,41.66951273442196,41.955631256103516,49437300
2010-03-31,41.825578211609894,42.00765393354956,41.678181217091435,41.7562141418457,59947400
2010-04-01,41.92962100879529,42.22441169037132,41.435413587838546,41.7562141418457,83728600
2010-04-05,41.85158310229328,42.24174767962191,41.73886815607379,42.1463737487793,56220300
2010-04-06,42.05102245624249,42.39783633556755,41.95564847405499,42.26778030395508,54097100
2010-04-07,42.207070066495405,42.3718047686271,41.93828926121236,42.163719177246094,77211500
2010-04-08,42.04232888856663,42.328447359509774,41.82557116824655,42.25908660888672,68314300
2010-04-09,42.26776473750712,42.52787339747649,42.16372193501158,42.51053237915039,54227300
2010-04-12,42.52788221416282,42.657938224840656,42.43250824732731,42.545223236083984,44280600
2010-04-13,42.50186566166334,42.78798420978377,42.36314081553741,42.7619743347168,59376000
2010-04-14,42.987410463436724,43.28219790985055,42.9180463766605,43.273529052734375,69004800
2010-04-15,43.23882641940775,43.51627601947023,43.23882641940775,43.464256286621094,72254200
2010-04-16,43.30820462141458,43.45559832258569,42.65793128868302,42.94404983520508,127388000
2010-04-19,42.78797002332203,43.05675077059035,42.39780879683141,42.918025970458984,98251700
2010-04-20,43.15213334480747,43.24750728417339,42.85734267197678,43.13479232788086,69543700
2010-04-21,43.429578893027305,43.51628066199905,43.10877837887927,43.37755584716797,74748700
2010-04-22,42.96140042650382,43.66369697301811,42.709960554700466,43.62034606933594,110477200
2010-04-23,43.61166982779998,43.84576865475718,43.429594064876035,43.80241775512695,77205200
2010-04-26,43.84575224668248,43.915116306102554,43.61165350733034,43.707027435302734,67361000
2010-04-27,43.53363598502443,43.72438390840595,42.6666047805071,42.779319763183594,112608000
2010-04-28,43.00472981348431,43.03074298864791,42.46717160036734,42.80531311035156,130082100
2010-04-29,43.048088122802554,43.63766943521161,43.013406090905406,43.55096435546875,84180200
2010-04-30,43.53362570025716,43.60298976781292,42.657925845860795,42.69260787963867,110897000
2010-05-03,42.874677172415474,43.498937149588485,42.85733615812452,43.29085159301758,74169700
2010-05-04,42.76197548234098,42.76197548234098,41.68685872287692,41.990318298339844,141136500
2010-05-05,41.54813721545848,42.05101694381152,41.30536951623252,41.77356719970703,128560200
2010-05-06,41.48742288888412,41.8949284275133,36.9701931676519,40.37762451171875,274356800
2010-05-07,40.07415650028661,40.57703254233552,38.39211497292662,39.37186050415039,288200400
2010-05-10,41.123284858658245,41.44408543583294,41.0192420539591,41.41807556152344,136041600
2010-05-11,41.001894141828416,41.955626857390214,40.923861224558046,41.374717712402344,113016100
2010-05-12,41.60014903222213,42.18973040586027,41.5307882686852,42.15504837036133,85462400
2010-05-13,41.97299226222333,42.302465138528035,41.38341061303069,41.48745346069336,102844300
2010-05-14,41.17530063061549,41.201310500323714,40.212895761884646,40.689762115478516,147386100
2010-05-17,40.767816403390505,40.98457425114941,39.94413592041421,40.81983947753906,120969600
2010-05-18,41.16661083246277,41.2533158734449,40.07415377576098,40.256229400634766,153072100
2010-05-19,40.108851241006704,40.42965508147106,39.49326004572754,39.935447692871094,159000300
2010-05-20,39.155112172909035,39.25915494647974,38.36611424945592,38.452816009521484,189289800
2010-05-21,37.8545660118211,39.57128666314752,37.707172357887984,38.877662658691406,190631100
2010-05-24,38.86031673281793,39.302504253640656,38.704250938111045,38.72159194946289,113038000
2010-05-25,37.8719183259251,38.808310184484746,37.48175367341644,38.756290435791016,155643000
2010-05-26,39.0250504733622,39.51058885756114,38.25339367715043,38.322757720947266,140203200
2010-05-27,39.18980834236502,39.78805864061261,39.09443438739917,39.77071762084961,110671600
2010-05-28,39.84008399589922,39.87476603742397,39.189810600887135,39.53662109375,128535300
2010-06-01,39.38921638653071,40.10018150207883,39.129107762603944,39.17245864868164,104242700
2010-06-02,39.39787782113873,40.12618381545149,39.12910039359829,40.10017395019531,97249300
2010-06-03,40.21290429316214,40.55104590094891,39.952795618515495,40.48168182373047,98928400
2010-06-04,39.623330069018024,40.134878655374266,38.96438444551074,39.09444046020508,112849900
2010-06-07,39.29384675027544,39.41523056755305,38.340113922413416,38.38346481323242,88436600
2010-06-08,38.452819356111384,38.56553429997443,37.79387732286832,38.31409454345703,133030100
2010-06-09,38.58289053420561,38.93837321357061,37.88059403267205,37.993309020996094,101949200
2010-06-10,38.461488669099154,39.120430653544545,38.35744589417834,39.07707977294922,76892300
2010-06-11,38.67825217462774,39.484591242861754,38.67825217462774,39.44990921020508,74346800
2010-06-14,39.81406636132334,40.09151935505105,39.37188195741763,39.441246032714844,68085000
2010-06-15,39.649333323869456,40.55104649617745,39.406565664963956,40.4990234375,76332600
2010-06-16,40.38630386580934,40.87183908857527,40.31693980115098,40.663753509521484,78399700
2010-06-17,40.889189570045694,40.906530590224506,40.438332967780966,40.79381561279297,77111900
2010-06-18,40.87113463093045,41.123051031649005,40.706087668596005,40.827701568603516,75921400
2010-06-21,41.34889119254425,41.41838672013934,40.24567785866989,40.48021697998047,95488100
2010-06-22,40.65395114980869,40.94930050492769,40.0893149184273,40.16749572753906,94493400
2010-06-23,40.210932316217765,40.367293948215355,39.68972577164935,40.00244903564453,92397600
2010-06-24,39.82870424716321,39.950321398855976,39.26406809751102,39.39436721801758,114145900
2010-06-25,39.611111649541186,39.74167037088439,39.123699506385115,39.4022216796875,88740300
2010-06-28,39.40221577770561,39.645921812779385,39.00184062858563,39.26295471191406,71350000
2010-06-29,38.662390371933,38.69720646997674,37.487375285046454,37.74848937988281,136384200
2010-06-30,37.62662953573556,38.009596584052,37.11310380354667,37.17403030395508,101313200
2010-07-01,37.28717180305334,37.39161673240518,36.355863159075305,37.069576263427734,158695000
2010-07-02,37.13050892401957,37.26976995973047,36.634391276784214,36.96513748168945,78565300
2010-07-06,37.51348023339182,37.748483880582334,36.773656519094,37.07828903198242,88591900
2010-07-07,37.200140711245126,38.30552330295152,37.16532462262187,38.26200485229492,72448400
2010-07-08,38.566644081374264,38.62757058176742,38.018302257590626,38.47090148925781,78264600
2010-07-09,38.45350062319412,38.845173427598844,38.366463697880114,38.83646774291992,47851200
2010-07-12,38.80165585274444,39.193325345864906,38.697207555682766,38.94961929321289,60927500
2010-07-13,39.289058670032375,39.6023968466517,38.99312853880803,39.45443344116211,93310500
2010-07-14,39.5327648060681,39.872216712113165,39.376099037444845,39.65462112426758,87687100
2010-07-15,39.576298147430904,39.81130184942185,39.158514895084615,39.68944549560547,95992500
2010-07-16,39.55016973222785,39.715544490904406,38.55793446114819,38.592750549316406,98831900
2010-07-19,38.705908265193216,39.001838428336356,38.383864371018404,38.92350387573242,81800800
2010-07-20,38.29683959146833,39.39352035522461,38.17498654218947,39.39352035522461,89061200
2010-07-21,39.811281312366795,39.82868603368744,38.78423010173802,38.853858947753906,83577000
2010-07-22,39.402207376216566,40.02017801638513,39.376096969524795,39.837398529052734,82890300
2010-07-23,39.5675818172986,40.12462600390056,39.497952954095986,40.089813232421875,81056100
2010-07-26,40.14202924011916,40.43795934382504,39.959249760836215,40.42055130004883,64850900
2010-07-27,40.59463767076117,40.66426986173808,40.22037294487437,40.40315246582031,67655600
2010-07-28,40.35962634913674,40.54240915564885,39.93314088118011,40.08110427856445,51988200
2010-07-29,40.31610520796621,40.39443974260291,39.38479647408802,39.78517150878906,85669500
2010-07-30,39.45442083168207,40.11590974405623,39.22811963411747,39.8722038269043,98958100
2010-08-02,40.37704059343847,40.72519489523512,40.22037148965453,40.62074661254883,68706800
2010-08-03,40.59463777275307,40.646861916116954,40.255189141501866,40.44667434692383,60856600
2010-08-04,40.629437887068775,40.899257541282374,40.47276883884724,40.855735778808594,43820600
2010-08-05,40.655557681152786,40.83833717289132,40.49018623437674,40.760005950927734,39150200
2010-08-06,40.3161105639033,40.777412151244505,40.08110692877329,40.69907760620117,71339200
2010-08-09,40.907975536674726,41.073347008449474,40.725196017305976,40.97760772705078,26927600
2010-08-10,40.64686034334315,40.86445595190468,40.28129799443212,40.62074661254883,86694500
2010-08-11,39.95056455048578,39.96796928148926,39.349998403230835,39.51537322998047,92219700
2010-08-12,38.75811437208818,39.37608819478983,38.688485529678175,39.20201110839844,66000200
2010-08-13,39.05405924990863,39.21943403887557,38.91479819197336,38.92350387573242,46387300
2010-08-16,38.73201947096449,39.26295330281701,38.55794231491104,38.993133544921875,55472900
2010-08-17,39.27165836782989,39.846110698148365,39.193323808229835,39.489253997802734,56927100
2010-08-18,39.410912348582,39.880919621632835,39.26294894053557,39.64591598510742,61835400
2010-08-19,39.410908080379755,39.567577154429436,38.7842351044259,39.04534912109375,82969500
2010-08-20,38.98442881898754,39.193318737397625,38.76683321716722,39.09757614135742,65806700
2010-08-23,39.34129135761998,39.46314438162621,38.69720681898519,38.71461486816406,69612200
2010-08-24,38.27072877472855,38.40128418892217,37.835537420256756,37.99220657348633,79095800
2010-08-25,37.72237497273882,38.52312522149293,37.661448467735596,38.35775375366211,87247900
2010-08-26,38.488302584765,38.57533947811058,37.86162632789399,37.89644241333008,91199000
2010-08-27,38.17497423865243,38.43608830584419,37.40033440054384,38.35775375366211,109568800
2010-08-30,38.174981668563234,38.5144303540032,37.94868033143916,37.9573860168457,49373200
2010-08-31,37.757195311934524,38.16627284576864,37.583118140820964,37.82682418823242,72066900
2010-09-01,38.38386828015797,39.088879325394046,38.35775786671266,38.95832061767578,83523100
2010-09-02,39.02796120738804,39.41092840801396,38.93221857716992,39.39352035522461,41816800
2010-09-03,39.828699552959094,40.0550008498754,39.64592003485055,40.046295166015625,64041100
2010-09-07,39.88092277591106,40.06370228980556,39.71555130908921,39.7764778137207,51195200
2010-09-08,39.88962517588752,40.42926130973501,39.880919492945104,40.255184173583984,66879800
2010-09-09,40.61202600300135,40.646842081588,40.31609597550287,40.41183853149414,61476400
2010-09-10,40.45536950524539,40.62074094940852,40.25518197170739,40.559814453125,66995700
2010-09-13,40.87314911452726,41.23000569942761,40.85574107133154,41.12556076049805,64523400
2010-09-14,41.073331811377585,41.517228560169805,40.97759256540227,41.29963302612305,91405800
2010-09-15,41.195193913577526,41.60427131755485,41.07333760830776,41.560752868652344,67108200
2010-09-16,41.48242921989396,41.76095135026392,41.37798425106665,41.72613525390625,66885800
2010-09-17,41.9983117593391,41.9983117593391,41.65806838251993,41.86745071411133,76372600
2010-09-20,42.02449903971316,42.68754056469267,41.97215593322881,42.60029983520508,84475000
2010-09-21,42.626457975792036,42.89690614891783,42.408352892680554,42.59156036376953,82272000
2010-09-22,42.41708405959617,42.76605359311966,42.24259929283443,42.478153228759766,88315900
2010-09-23,42.198983106149825,42.888196172603,42.15536274215086,42.46070861816406,85040000
2010-09-24,42.94054181482109,43.35057722247897,42.879472640743955,43.324405670166016,79495900
2010-09-27,43.298234332312774,43.40292387010349,43.053954306773896,43.08885192871094,43859800
2010-09-28,43.19354185327087,43.219716733968234,42.390916509654396,43.07140350341797,104922900
2010-09-29,43.0103478053205,43.21100420409814,42.84458903972718,43.001625061035156,81679200
2010-09-30,43.2197120058499,43.48143748804842,42.530499017911744,42.80967330932617,122458600
2010-10-01,43.167374443576044,43.21099481156419,42.556679307679715,42.7573356628418,77675400
2010-10-04,42.635199756404845,42.79223575262166,42.05067947005854,42.29495620727539,71359900
2010-10-05,42.774779775451385,43.4116463965561,42.74860822313843,43.324405670166016,99301300
2010-10-06,43.27205152067544,43.3680182994027,42.67008262868596,42.949256896972656,81831200
2010-10-07,43.19354872488084,43.21972360974233,42.74861561848704,43.10630798339844,75693300
2010-10-08,43.123741686048135,43.50760547328804,42.818395869836834,43.402915954589844,83223900
2010-10-11,43.42909475061644,43.638477150978744,43.28950759304836,43.420372009277344,46880000
2010-10-12,43.35058065247997,43.80423978724786,42.97543950888384,43.71699905395508,88571700
2010-10-13,43.996185204303856,44.275359619406174,43.86532074121522,44.074703216552734,71122900
2010-10-14,44.100853794081424,44.179371768970206,43.76933308588212,43.9874382019043,68464000
2010-10-15,44.52833909990654,44.92965169496203,44.17064686031016,44.920928955078125,104654000
2010-10-18,44.929634524483106,45.121568008776926,44.755149841308594,44.755149841308594,72399400
2010-10-19,44.33642578125,44.75518737525218,43.987456122237525,44.33642578125,105739800
2010-10-20,44.45855386244551,44.99073097152444,44.3800358737614,44.659210205078125,80861400
2010-10-21,44.93839408920188,45.11287891537119,44.310253374222114,44.746463775634766,85885400
2010-10-22,44.755184212770175,45.09542777585339,44.676666211441656,45.05180740356445,47406900
2010-10-25,45.235022714102506,45.566543590735805,45.235022714102506,45.269920349121094,51413900
2010-10-26,45.04308538483166,45.49674458558007,44.85987449343746,45.392051696777344,60498300
2010-10-27,45.1564827661479,45.56652145840033,45.0692420489972,45.53162384033203,57483400
2010-10-28,45.72357225506421,45.75846988446143,45.22629268422776,45.62760543823242,61220000
2010-10-29,45.62758532701494,45.793347329578445,45.5141697454746,45.52289581298828,46668700
2010-11-01,45.688669024528444,46.02018980711746,45.348425499670036,45.55780792236328,60555600
2010-11-02,45.932943924277204,46.17722061669075,45.87187475117382,46.046356201171875,48137500
2010-11-03,46.08996719754285,46.27317466639381,45.67992858133598,46.2557258605957,126225800
2010-11-04,46.76174576181746,46.98857699573641,46.67450502755367,46.82281494140625,84201000
2010-11-05,46.848989824101935,46.944956628604515,46.683227769771776,46.82281494140625,77937100
2010-11-08,46.74430487396545,46.962410059092896,46.63088924585329,46.88389205932617,39623500
2010-11-09,47.067096418500846,47.14561441293328,46.42150365005412,46.63088607788086,66828700
2010-11-10,46.691951217889105,46.910056369320934,46.32553283291297,46.86643600463867,83553700
2010-11-11,46.159766463581164,46.6570458601655,45.94166134830663,46.56980514526367,85163600
2010-11-12,46.325538441933745,46.56109243336307,45.461843801380425,45.81081008911133,99164300
2010-11-15,46.04636513152206,46.13360920146176,45.618880836890966,45.636329650878906,56723400
2010-11-16,45.31353936067011,45.58399103186559,44.36260046726727,44.88605499267578,101097000
2010-11-17,44.912217186244554,45.252460726379454,44.79880156352597,45.01690673828125,77836200
2010-11-18,45.505466200702635,46.055092205215495,45.47929464316142,45.74102020263672,71488300
2010-11-19,45.67993120634173,45.880587492521535,45.48799765955252,45.77589797973633,54506100
2010-11-22,45.59268874368011,46.15976333618164,45.5141707743802,46.15976333618164,69918900
2010-11-23,45.68866643548858,45.75846168177147,45.16521540044892,45.42694091796875,76818300
2010-11-24,45.87186730401697,46.45638738826014,45.85441849624586,46.34297180175781,53444200
2010-11-26,46.04636617579849,46.35171543548092,45.9503993606989,46.03764343261719,23640300
2010-11-29,45.97656358644247,46.15104836180303,45.45310926036079,46.00273513793945,89269100
2010-11-30,45.522918794517004,46.01147565331442,45.26119321331248,45.444400787353516,118862100
2010-12-01,46.11614807112128,46.63959903887622,46.098699261793435,46.40404510498047,81758800
2010-12-02,46.47384752478252,46.944955465383316,46.421501088708894,46.875160217285156,56844600
2010-12-03,46.67450069917235,47.05836455356419,46.67450069917235,46.99729537963867,38014200
2010-12-06,47.00602183482886,47.06709100925554,46.83153705302959,46.9798469543457,39312000
2010-12-07,47.54692711202572,47.564375925007305,46.95368078273493,47.00602722167969,59067300
2010-12-08,47.1281612258087,47.241576835689195,46.840260830270616,47.18050765991211,48066900
2010-12-09,47.46840926429725,47.49458081984011,47.06709654854306,47.2241325378418,51679800
2010-12-10,47.36370418918471,47.59053202825482,47.189219444043246,47.53818893432617,44696200
2010-12-13,47.721409927197456,47.75630755170785,47.34626878376229,47.372440338134766,53110200
2010-12-14,47.49457294216482,47.65160890541683,47.311365427710896,47.459678649902344,69884800
2010-12-15,47.433505065843086,47.72140544900624,47.1368819413812,47.25029754638672,76951900
2010-12-16,47.2939164828736,47.686506389885494,47.16305539921646,47.61671447753906,65519400
2010-12-17,47.67617100241561,47.79855154383603,47.56253049911678,47.658687591552734,36844200
2010-12-20,47.7461000032216,47.86848054128935,47.34399156825052,47.69365310668945,48159600
2010-12-21,47.87723480645855,47.98213195800781,47.74611086605673,47.98213195800781,35775400
2010-12-22,47.96462241396357,48.043296068421554,47.89469212923342,47.973365783691406,35766500
2010-12-23,47.88594232167365,47.964615965554685,47.73733840246397,47.85097885131836,21664800
2010-12-27,47.711121365742414,47.95588236415066,47.38768337828179,47.8772087097168,29263700
2010-12-28,47.973376676432494,48.00834015942706,47.68490543304732,47.78980255126953,24160500
2010-12-29,47.92091872365512,47.99085234760727,47.8422450640183,47.89469528198242,24132700
2010-12-30,47.89469209980468,47.903432134908634,47.68489457650612,47.78105163574219,27553300
2010-12-31,47.71984923639849,47.74607266965222,47.387671298507975,47.60620880126953,38540100
2011-01-03,48.05205474457807,48.68144084610716,48.034571334171765,48.349266052246094,90994300
2011-01-04,48.52409479841549,48.55906162017306,48.0083458486601,48.314300537109375,43851500
2011-01-05,48.16566930722655,48.74260824141186,48.139445871232944,48.725128173828125,43787400
2011-01-06,48.777591137534465,48.917455066671444,48.67269402433651,48.88248825073242,46139600
2011-01-07,48.96989951175377,48.99612295330392,48.35799364350694,48.838775634765625,72261700
2011-01-10,48.73390186582768,49.109786936226115,48.58529784640614,49.02237319946289,55551800
2011-01-11,49.22340522207477,49.26711207070918,48.90871057651693,49.092281341552734,56663800
2011-01-12,49.328318868847646,49.441959381103516,49.12726463000721,49.441959381103516,51979300
2011-01-13,49.47691076792508,49.59055125238222,49.31082339419473,49.45943069458008,47364500
2011-01-14,49.47691471497181,49.844059642269016,49.354534184079206,49.826576232910156,43867400
2011-01-18,49.45068940794076,50.0276285566014,49.380759107755445,49.96643829345703,65805600
2011-01-19,50.05384422498479,50.05384422498479,49.23214415142232,49.398231506347656,67767200
2011-01-20,49.18843262554156,49.25836290821017,48.672683869214254,49.04856872558594,92357800
2011-01-21,49.2933218348236,49.38073884245434,48.6464526514455,48.67267608642578,59673300
2011-01-24,48.76884419087082,49.35452326907942,48.67268712797243,49.34578323364258,64103300
2011-01-25,49.10102341996459,49.43320148571809,48.996126311954676,49.41571807861328,55305100
2011-01-26,49.48564532341312,49.809079976581856,49.34578141923595,49.67795944213867,60547700
2011-01-27,49.835309942955426,50.13252119508188,49.75663627813904,49.983917236328125,53656100
2011-01-28,49.97517940310742,50.018889593108035,48.48912631242729,48.71640396118164,123359900
2011-01-31,48.78634712306952,49.09229850509525,48.419202130018675,48.95243453979492,70571300
2011-02-01,49.3195768342064,49.98393317891488,49.26712993067995,49.87029266357422,76952900
2011-02-02,49.76538345767009,49.97517769015715,49.686709786832644,49.79160690307617,48661000
2011-02-03,49.69546938514199,49.94897390591718,49.30210421073558,49.87904357910156,45341900
2011-02-04,49.87026982156696,50.19370447211115,49.73914928818777,50.15874099731445,47647800
2011-02-07,50.254892429754506,50.674484091907004,50.17621878468728,50.39475631713867,45627100
2011-02-08,50.41224930878361,50.76191078419111,50.316095570934564,50.72694396972656,38099900
2011-02-09,50.64826640282087,50.805613721171156,50.48217904883721,50.6395263671875,62540800
2011-02-10,50.307371679282404,50.788153893164846,50.25492477189684,50.718223571777344,70194700
2011-02-11,50.569589819892926,51.120305402278525,50.499659535012974,51.0853385925293,47853500
2011-02-14,51.0853340722147,51.27764817419994,51.03288719685016,51.20771789550781,48506100
2011-02-15,51.08534808495629,51.198988570448144,50.90177730159037,51.13779830932617,39723800
2011-02-16,51.26891273407127,51.609830792963464,51.25142932917699,51.469966888427734,53061700
2011-02-17,51.21647075814221,51.54864883533116,51.18150394272884,51.452491760253906,38361900
2011-02-18,51.45250388236015,51.548660980091825,51.146549177339395,51.338863372802734,44334300
2011-02-22,50.63953131585076,50.81436205717153,49.7741209803534,49.8527946472168,92598100
2011-02-23,49.85280789759487,50.02763868538392,49.06607435447403,49.441959381103516,97842900
2011-02-24,49.546857181676494,49.852808563428674,49.074815048727444,49.70420455932617,98716100
2011-02-25,49.98390468905225,50.45594655945561,49.9314544808014,50.39475631713867,54094600
2011-02-28,50.595829019149235,50.74443299514784,50.20246064941861,50.499671936035156,51402800
2011-03-01,50.7182003395513,50.7182003395513,49.564322220936376,49.686702728271484,91993900
2011-03-02,49.660480039774676,50.27238258573074,49.642996633516105,49.94894790649414,61552900
2011-03-03,50.412244893373824,51.024150754433045,50.412244893373824,50.936737060546875,64146600
2011-03-04,50.91925672234269,50.92799675841036,50.34231763792923,50.674495697021484,62328400
2011-03-07,50.88430210226975,50.92800896231934,49.53810947117644,49.99266815185547,98470000
2011-03-08,49.9314734847147,50.42099894418168,49.62552215668495,50.19371795654297,62399100
2011-03-09,50.01014198094359,50.06259220372553,49.58181016605768,49.8527946472168,84764200
2011-03-10,49.29334382803387,49.40698432134787,48.873752008050666,49.074806213378906,102894400
2011-03-11,48.79507012077442,49.52935651581336,48.79507012077442,49.38075256347656,81679400
2011-03-14,49.1097755283125,49.46817710117963,48.83004763410495,49.2059326171875,73565800
2011-03-15,47.76356970401375,48.795067278256006,47.61496576033375,48.50659942626953,101276500
2011-03-16,48.10448926261188,48.37547705224787,47.003061367398004,47.33523941040039,176507700
2011-03-17,48.086999611213905,48.28805708572603,47.317749858911796,47.772308349609375,94434500
2011-03-18,48.33868043512091,48.33868043512091,47.62961856134384,47.664634704589844,94887200
2011-03-21,48.391208164330976,48.8288999989268,47.70840997094506,48.58379364013672,57423000
2011-03-22,48.65382711339413,48.68008755552149,48.39120933482544,48.49625778198242,36162100
2011-03-23,48.32117969487658,48.907685156278326,47.98853296221622,48.76762390136719,60365100
2011-03-24,49.13528225749275,49.73929573754749,48.86391214014,49.63425064086914,69502400
2011-03-25,49.791829201152304,50.08945981310938,49.6605203014297,49.756813049316406,74131100
2011-03-28,49.97565922527956,49.98441159361784,49.45918267089547,49.485443115234375,37824000
2011-03-29,49.37163872831577,49.96689987182617,49.22282177277638,49.96689987182617,47994800
2011-03-30,50.21201040687494,50.273286999754845,49.96690403535531,50.20325469970703,44935900
2011-03-31,50.1157193856099,50.31705724617819,50.02818234686681,50.27328872680664,50004300
2011-04-01,50.52715074612689,50.6847200871113,50.150735469255686,50.2995491027832,68031800
2011-04-04,50.439611282065066,50.49213550978618,49.914382362150015,50.13322830200195,48659100
2011-04-05,50.036934944111756,50.32581318406978,49.89687367788714,50.00191879272461,55349400
2011-04-06,50.3870875414961,50.53590116929626,49.83559486927584,50.12446975708008,49532100
2011-04-07,50.10697798911503,50.422113401188014,49.73056262931498,50.08946990966797,60697000
2011-04-08,50.31705594178963,50.395840610345644,49.590489188949924,49.85310363769531,42782200
2011-04-11,50.045686217775675,50.150734669639675,49.51170494775796,49.6867790222168,42451700
2011-04-12,49.4591873402126,49.581740544462825,49.15280432958705,49.34538650512695,50422800
2011-04-13,49.71305069928987,49.896880510258214,49.371651524827385,49.76557159423828,49979800
2011-04-14,49.42416601624834,49.7480604099797,49.22282815327492,49.67802810668945,53544100
2011-04-15,49.48545521094628,49.783085897058456,49.266609216432165,49.59050369262695,68530000
2011-04-18,49.09150471702425,49.257826367786876,48.426211435328135,49.240318298339844,69065000
2011-04-19,49.37164832120891,49.546722412109375,49.109030506209734,49.546722412109375,38608400
2011-04-20,50.42209232536831,50.719722872912996,50.36081574257881,50.66720199584961,67397500
2011-04-21,51.15742993075537,51.183693716451195,50.91232352642307,51.06989288330078,43666800
2011-04-25,51.11365819660033,51.227459022602964,51.01736544685381,51.20119857788086,25376800
2011-04-26,51.332501005660355,51.67390012349304,51.21870018660816,51.49007034301758,49400000
2011-04-27,51.586363138251144,51.9015018132794,51.35000913197995,51.84022521972656,56465500
2011-04-28,51.68264799097736,51.8489696710366,51.5425867500529,51.76143264770508,48100000
2011-04-29,51.66515383832408,51.9015078721869,51.63013768382789,51.71767807006836,44831200
2011-05-02,51.79645775523577,51.94527473743184,51.49007476148532,51.62138366699219,48149400
2011-05-03,51.5951162283194,51.64764045466721,51.06113495407445,51.37627029418945,38100000
2011-05-04,51.402529981190426,51.53383552761139,50.868545410170256,51.297481536865234,53097200
2011-05-05,51.0436435521572,51.62139687341184,50.84230562770899,51.01737976074219,72200000
2011-05-06,51.525084406741165,51.82271499421545,51.043624046236104,51.183685302734375,72507000
2011-05-09,51.27122518081779,51.577608152870134,51.069887322137106,51.37627029418945,40022000
2011-05-10,51.52507855190973,51.892738056193856,51.45504626195653,51.8139533996582,38053600
2011-05-11,51.73517253715114,51.9190056420981,51.08739050419553,51.43754196166992,61900000
2011-05-12,51.279978526248215,51.81395977589799,50.9823479359674,51.74393081665039,66100000
2011-05-13,51.621380651469615,51.70891769047783,51.11365647511481,51.13116455078125,63506600
2011-05-16,50.89482977216106,51.05239917338279,50.13324655913955,50.247047424316406,73115300
2011-05-17,49.98442864240831,50.39586022044465,49.87938348989964,50.387107849121094,63136000
2011-05-18,50.31705776053134,50.89481090438401,50.25578116492,50.807273864746094,42351100
2011-05-19,50.96483709688925,51.06988219972468,50.64094274255095,50.95608139038086,35015800
2011-05-20,50.90357347249972,50.956094367631394,50.500894353651574,50.570926666259766,44703300
2011-05-23,49.87936749078821,50.02818447015631,49.590492579216445,49.82684326171875,43700000
2011-05-24,49.949405421561316,49.9581577910632,49.511713481328194,49.52046585083008,39314800
2011-05-25,49.45916974213614,49.949385724037555,49.43290930466179,49.71303176879883,41369000
2011-05-26,49.564228290510904,50.15948952327595,49.55547592208381,50.01942825317383,40564100
2011-05-27,50.10696701746518,50.32581295364688,50.06319515876966,50.27328872680664,30127200
2011-05-31,50.74599938517536,51.087398529052734,50.48338157666278,51.087398529052734,47590100
2011-06-01,50.96482742836189,51.087380581640964,49.931874651691174,49.975643157958984,51795000
2011-06-02,50.071947553088705,50.25577732587997,49.80057740802272,50.0806999206543,50198100
2011-06-03,49.502958305217206,49.88812935393497,49.257851884632835,49.327880859375,57773700
2011-06-06,49.21407584374929,49.48544267101275,48.898937157215194,48.92519760131836,50175600
2011-06-07,49.056496192142866,49.24907830730513,48.80263415474337,48.837650299072266,46311100
2011-06-08,48.732605587433106,48.820145954940145,48.34743798837286,48.48749923706055,46426400
2011-06-09,48.50501042610547,48.81139338375057,48.34744109379548,48.575042724609375,45307500
2011-06-10,48.34743577710528,48.4437285072971,47.78719080797847,47.83095932006836,53740600
2011-06-13,47.85721975945761,48.08482136524252,47.6646376383974,47.83095932006836,37736800
2011-06-14,48.198630647745475,48.557537852942794,48.172366864412204,48.4437370300293,40565300
2011-06-15,47.97980109040729,48.2774318016487,47.428308202657746,47.524600982666016,59022400
2011-06-16,47.550845695553,47.70841503989491,46.938076394148254,47.340755462646484,66316200
2011-06-17,47.727656326134536,47.90312296849185,47.05209904326152,47.192474365234375,70337000
2011-06-20,47.06086634265138,47.57850091832293,47.06086634265138,47.43812561035156,37402900
2011-06-21,47.60482523219025,48.50849450960589,47.40303591500741,48.45585250854492,55892800
2011-06-22,48.254074413797305,48.53482512445986,48.09615172069807,48.10492706298828,36833300
2011-06-23,47.587284361074424,48.578683678213125,47.42936169436328,48.552364349365234,80743300
2011-06-24,48.32426073622648,48.36812740449089,47.61360866181882,47.71011734008789,56298300
2011-06-27,47.762763193368386,48.719071431466844,47.65748250432264,48.47341537475586,49968900
2011-06-28,48.578700841873385,49.20161973479352,48.50851482454384,49.19284439086914,47028800
2011-06-29,49.30690469557582,49.491146772153854,49.04370125091956,49.39463806152344,65407300
2011-06-30,49.570095113342646,50.08772986875271,49.54377577983769,50.052635192871094,50347200
2011-07-01,50.07896698889946,50.87735260306496,49.93858825982032,50.80716323852539,53203900
2011-07-05,50.85979890972468,51.114226957370704,50.736970883934326,51.061588287353516,43128800
2011-07-06,51.00015522753431,51.3160005169301,50.83345724323572,51.22826385498047,49282700
2011-07-07,51.61430329160688,52.07929592950223,51.535341961887696,51.930145263671875,54799800
2011-07-08,51.48270962696889,51.7985550051535,51.21073091868495,51.78977966308594,69519500
2011-07-11,51.245827550799724,51.509030927069844,50.6755507798707,50.85102081298828,52080800
2011-07-12,50.84224810301365,50.947528782679896,50.41234669525674,50.464988708496094,84000700
2011-07-13,50.83347124165312,51.184411292469925,50.491306532853535,50.6755485534668,82378100
2011-07-14,50.807131320033704,51.04401525631783,49.89469023511952,50.08770751953125,98774200
2011-07-15,50.649232104351825,50.754512786865234,50.28074804214859,50.754512786865234,68281500
2011-07-18,50.473749531489155,50.701861524887484,49.991209564116616,50.48252487182617,59512200
2011-07-19,50.96508801386921,51.67574029778546,50.96508801386921,51.63187026977539,73904600
2011-07-20,51.921372557601,51.93014455108865,51.324776596089556,51.41250991821289,57085500
2011-07-21,51.4651660110944,52.04421479736642,51.184415287254176,51.75469207763672,70148800
2011-07-22,51.72837731161565,52.37761555159793,51.69328262906242,52.289878845214844,43620400
2011-07-25,51.87751174771453,52.47410777651501,51.78100307440679,52.1845817565918,48916100
2011-07-26,52.14948698151726,52.49165500805954,52.04420631394154,52.316184997558594,40918900
2011-07-27,51.97402272891266,52.01788939686986,50.833469281152105,50.96507263183594,83969500
2011-07-28,50.99139284867911,51.70204493044976,50.78960349512228,51.05280685424805,61031900
2011-07-29,50.64044100554571,51.42127885435535,50.394781709934435,50.8860969543457,82860500
2011-08-01,51.500258434002745,51.60553911413131,50.0350875204584,50.64923095703125,85421100
2011-08-02,50.412350596613756,50.64046265815851,49.315667003682826,49.368309020996094,90853300
2011-08-03,49.42970234508742,49.90347026216765,48.561127830440334,49.84205627441406,103612300
2011-08-04,49.131425303901175,49.210386657012094,47.52587890625,47.52587890625,132830000
2011-08-05,48.008426915620596,48.28040233235612,45.90279286441114,47.22758865356445,214111800
2011-08-08,45.77996880459867,46.60467381715947,44.384986877441406,44.384986877441406,204804500
2011-08-09,45.05175303361032,46.569565814523415,43.80592228937488,46.52569580078125,193707100
2011-08-10,45.47288022904454,46.53446891323616,44.56921086887412,44.62185287475586,205917900
2011-08-11,45.26233138739358,47.104758729272966,45.04299463970255,46.58712387084961,143825300
2011-08-12,46.87664173547702,47.2889958195552,46.39410164483107,46.99946975708008,90483300
2011-08-15,47.19249745309455,47.69258499145508,46.96438535153269,47.69258499145508,73554300
2011-08-16,47.22758363696757,47.683801064350114,46.65730683252034,47.288997650146484,89219200
2011-08-17,47.350400595360135,47.74520391728008,46.5169205939955,47.008235931396484,84416600
2011-08-18,45.736082626882684,45.74485462094375,44.2884592895366,44.70081329345703,130019400
2011-08-19,44.23583392128615,45.33251766602426,43.85857779216437,43.89366912841797,96674600
2011-08-22,44.946460911607964,44.955236250845374,43.91996711037734,44.05156707763672,77107700
2011-08-23,44.349874054166904,45.86768341064453,44.16563205439602,45.86768341064453,75688400
2011-08-24,45.73608966686683,46.31513842157368,45.36760227015569,46.22740173339844,80197700
2011-08-25,46.201085093365094,46.41164981044684,45.314966245425055,45.4728889465332,93623700
2011-08-26,45.3237367515353,46.77136034850504,44.87629134431172,46.61343765258789,91573300
2011-08-29,47.078427102995825,47.96454585979158,47.06087976614284,47.91190719604492,45985800
2011-08-30,47.73642218953837,48.51726002691819,47.473218912989516,48.22773742675781,61617900
2011-08-31,48.517270618030004,48.90330529826187,47.90312727414366,48.30670928955078,60900400
2011-09-01,48.4295472608614,48.81557867376716,47.78030911294301,47.868045806884766,57158400
2011-09-02,47.008247636120515,47.91191385537074,46.49061284085395,46.74504089355469,58185700
2011-09-06,45.65711995307205,46.82398924403819,45.54306395275415,46.75380325317383,52992200
2011-09-07,47.42059386140601,47.947003949391,47.288993849519095,47.938228607177734,48952200
2011-09-08,47.69256418601845,48.40321282693098,47.56096085046554,47.7188835144043,61422800
2011-09-09,47.385498956430446,47.58729166460772,46.36777680743546,46.65730285644531,63663500
2011-09-12,46.13967897050461,47.28900474801354,46.122131628846475,47.253910064697266,65973000
2011-09-13,47.42938020039505,47.98210640273526,47.20126810533539,47.88560104370117,59020000
2011-09-14,48.131242404107255,49.11386980992459,47.65747436410504,48.569915771484375,90757300
2011-09-15,49.096338814819774,49.37708959564114,48.596251277305875,49.28935623168945,83536100
2011-09-16,49.398335348642156,49.793874286241014,49.30164768022694,49.74113464355469,91902100
2011-09-19,49.1258354260108,50.0223889269907,48.72150836273113,49.758697509765625,73042900
2011-09-20,50.01362152271599,50.409157136990544,49.424707204073506,49.53897476196289,66570100
2011-09-21,49.79387528399492,50.039986915423746,48.668786355278506,48.67757797241211,79938000
2011-09-22,47.43822394739391,47.868919294243874,46.365874682713745,47.09542465209961,151885500
2011-09-23,46.699878070373366,47.79859530008182,46.66471831429816,47.596431732177734,85940600
2011-09-26,47.83376109994115,48.238091668197775,46.77020341737509,48.15019226074219,96261400
2011-09-27,48.96764196937004,49.398340715553296,48.32599133556137,48.65121078491211,81148600
2011-09-28,48.86215629508435,49.19616729583231,47.81617862410779,47.930442810058594,76757100
2011-09-29,48.66000051524318,48.721528426165506,46.55925322027336,47.3591194152832,116900200
2011-09-30,46.72625916397639,47.12179814692316,46.1109766741725,46.13734817504883,104870100
2011-10-03,45.72423906217889,46.453785916986675,44.924372660728146,44.950740814208984,99149500
2011-10-04,44.4936533533836,45.961541360644155,44.03658656951284,45.87364196777344,137013700
2011-10-05,45.759378649619116,47.18331531079111,45.407787777543014,47.05146789550781,108825700
2011-10-06,46.98993889039963,47.85133281840064,46.77019543877634,47.84254455566406,71939200
2011-10-07,47.81617071912886,48.0447024062687,47.21846833366336,47.52610778808594,72525200
2011-10-10,48.33477726434318,49.1697998046875,48.24687786066208,49.1697998046875,48230200
2011-10-11,49.03794444175928,49.62685522228727,48.95883667316402,49.50379943847656,66449100
2011-10-12,49.97845497612358,50.30367437042394,49.714763484717366,49.74991989135742,85627600
2011-10-13,49.65324190644555,50.26852101375866,49.600502260238855,50.206993103027344,63443700
2011-10-14,50.822252292778956,51.147471579592434,50.54976927500553,51.1386833190918,65643600
2011-10-17,50.9013725349047,51.05958808686966,50.07513837143576,50.347618103027344,65161300
2011-10-18,50.268516947194264,51.23539026464866,49.802661845623504,50.97169876098633,91434600
2011-10-19,50.69041821788132,50.84863377256154,49.82023602015915,49.987239837646484,67639400
2011-10-20,49.978458006114,50.03119429578089,49.037956172834186,49.74113464355469,80378300
2011-10-21,50.26851999920146,50.681638836933516,49.908140806611655,50.36520767211914,60455800
2011-10-24,50.54978882328808,51.55182191178446,50.373996721149226,51.41118621826172,61449500
2011-10-25,51.24416643176382,51.261746308260655,50.294876572064936,50.400352478027344,65299200
2011-10-26,50.68164364269723,50.787119589963666,49.40713059823987,50.338844299316406,98193800
2011-10-27,51.54302022934228,52.035246737057655,51.00684570467454,51.727603912353516,104455500
2011-10-28,51.43755709064844,51.86825245795508,51.41997720889843,51.806724548339844,42950000
2011-10-31,51.35844961653395,51.54303334651986,50.90138274726912,50.93654251098633,60520200
2011-11-01,49.6796029655091,50.901376094326345,49.32801208033011,49.609283447265625,99933000
2011-11-02,50.12788044502602,50.2421479908737,49.55654942182632,50.031192779541016,65003800
2011-11-03,50.42672795159773,51.13869796470271,49.84660535488892,51.06837844848633,78994200
2011-11-04,50.82226356322068,51.0244271297487,50.29488063775791,50.804683685302734,61527800
2011-11-07,50.76951930143622,51.20021788861713,50.250924685696866,51.16505813598633,65559000
2011-11-08,51.53424287435336,51.84188241115048,50.954120209950595,51.75398635864258,62906900
2011-11-09,50.751939777284896,50.83104753951744,49.77627849408959,49.93449401855469,69539000
2011-11-10,50.426721460831864,50.47066947630071,49.42469195486005,49.90812683105469,66052400
2011-11-11,50.338837306740366,50.998067753366584,50.27730939996348,50.84864044189453,54471000
2011-11-14,50.708003402399584,50.98927478392464,50.34762423525689,50.53221130371094,44617600
2011-11-15,50.382783205988844,51.29691685811751,50.330043565397816,51.09475326538086,52203900
2011-11-16,50.7255812959439,51.12112020853875,50.154250291546205,50.25093460083008,68342800
2011-11-17,50.11910965998946,50.13668954648298,48.7654885771736,49.0731315612793,101706900
2011-11-18,49.081903411854555,49.13464305369554,48.607256694343796,48.69515609741211,60417000
2011-11-21,48.03592995217439,48.106246127888284,47.27122016578539,47.76344680786133,52283700
2011-11-22,47.640401350952395,48.06230855609118,47.35033826134549,47.92167282104492,51940100
2011-11-23,47.56128113942433,47.6140174306786,46.814151267466606,46.84052276611328,48437300
2011-11-25,46.638356255988015,47.17452751747345,46.47134906936037,46.480140686035156,25448100
2011-11-28,47.614011955312826,48.15897815774861,47.587643812717886,48.097450256347656,46710700
2011-11-29,48.07107899267753,48.431458139630145,47.657963560280585,47.79859924316406,52056700
2011-11-30,49.099479257656355,49.60928234148134,48.93247208206027,49.56533432006836,66918600
2011-12-01,49.55653935428525,50.039974230479885,49.53016786258902,49.90812683105469,45362200
2011-12-02,50.40035639262626,50.40035639262626,49.723546183513925,49.767494201660156,36938900
2011-12-05,50.51463308497973,50.64647716333339,50.03119473862458,50.312469482421875,40492200
2011-12-06,50.356405270887414,50.49704093209895,50.00481444134927,50.17182159423828,38670000
2011-12-07,50.0311825800081,50.40035328632502,49.530167827378364,50.17182159423828,44576200
2011-12-08,49.84661296417112,50.233363656362066,49.23133051542883,49.32801818847656,51692600
2011-12-09,49.451080299082086,50.26852646227929,49.43350376812776,50.119102478027344,55757900
2011-12-12,49.591701662320155,50.11029635387346,49.13463822337536,49.55654525756836,55411700
2011-12-13,49.881770908266716,50.08393451134758,48.80942163251484,49.0115852355957,68557700
2011-12-14,48.8270061110647,48.862165876568326,47.97440359223033,48.246883392333984,63682800
2011-12-15,48.65999121089349,48.712727494160454,48.044708866299665,48.115028381347656,58732900
2011-12-16,48.37157282542285,49.02393378364572,48.28341748429765,48.36275863647461,60978900
2011-12-19,48.54790559628884,48.662510274285026,47.75449376848759,47.8867301940918,46733900
2011-12-20,48.66246810306095,49.3677205816455,48.636018823114036,49.30601119995117,81758800
2011-12-21,49.01512230658781,49.050385792572634,48.036585792342414,48.60078811645508,78552300
2011-12-22,48.70655920746506,49.041555488425324,48.63603225866921,49.015106201171875,40334100
2011-12-23,49.11208841300811,49.438270568847656,48.99748714378836,49.438270568847656,26594600
2011-12-27,49.40208861275432,49.78149072186272,49.34914713978863,49.62267303466797,21443500
2011-12-28,49.56091804826675,49.64032859361382,48.91681178749693,49.049163818359375,38180100
2011-12-29,49.12855468572874,49.43737147957817,48.969733658648856,49.40208053588867,28077900
2011-12-30,49.2962238848648,49.51680838829824,49.252107657348596,49.26093292236328,21832400
2012-01-03,50.21383517060944,50.46088863378432,50.07266128224508,50.205013275146484,39514100
2012-01-04,50.12560506413678,50.48736338011876,49.905020643029445,50.41677474975586,29403400
2012-01-05,50.31089116252163,50.87558669703909,50.11677581033717,50.83147048950195,41260600
2012-01-06,50.84030349164386,51.122651320586534,50.64619146290303,51.00794982910156,46325200
2012-01-09,51.1403003281902,51.15794748886812,50.67266235070656,50.84030532836914,39195500
2012-01-10,51.37853088312169,51.52853006284754,50.857951434399624,51.21088790893555,35949900
2012-01-11,51.202063784587274,51.431473507893195,51.00795174854197,51.316768646240234,37144100
2012-01-12,51.43144762991747,51.590268630494116,51.05204228030106,51.51968002319336,26188300
2012-01-13,51.246160149914616,51.35203970031603,50.89322382744294,51.33439254760742,35980400
2012-01-17,51.7844005708507,52.02263216373378,51.607935716138506,51.80204772949219,41790800
2012-01-18,51.899093183245775,52.49026107788086,51.77556646772964,52.49026107788086,48692700
2012-01-19,52.72849471771104,52.91378817605431,52.63144040677521,52.81673049926758,47774500
2012-01-20,52.58733221220257,52.763800447649885,52.552041257794414,52.73733139038086,41041700
2012-01-23,52.74614147482553,53.12554691801993,52.44614655150556,52.754966735839844,40958300
2012-01-24,52.51674311778568,52.79909092762447,52.419685427056464,52.65791702270508,38440200
2012-01-25,53.16966865597454,53.45201981833636,52.79026653916756,53.31966781616211,61591800
2012-01-26,53.549076793973356,53.64613448493378,52.87850158547167,53.13438034057617,37852700
2012-01-27,53.01967173720727,53.39025195007402,52.99320268367426,53.29319763183594,45532300
2012-01-30,52.843208061665514,53.416728953675346,52.64027078017703,53.337318420410156,42797800
2012-01-31,53.60202097031078,53.69907866615953,53.063794377587044,53.40790557861328,51449600
2012-02-01,53.71672136557843,54.034363483489315,53.52260598999927,53.840248107910156,46146700
2012-02-02,54.016725501617934,54.184368485283095,53.796141034023414,54.00790023803711,46373600
2012-02-03,54.510826168780625,54.810821144197945,54.422593738420254,54.74905776977539,36453800
2012-02-06,54.54611973077127,54.72258795489606,54.404945824641715,54.70494079589844,28541300
2012-02-07,54.66082386493289,54.92552451472515,54.41376700805559,54.819644927978516,37935700
2012-02-08,54.82846154480159,55.110809326171875,54.62552428730739,55.110809326171875,41171100
2012-02-09,55.32257579211502,55.56962927697728,54.98728651562244,55.50786590576172,46856400
2012-02-10,55.11079983161412,55.2696208520044,54.925509763108955,55.119625091552734,58090500
2012-02-13,55.53432812729709,55.70197442784156,55.27845277768073,55.631385803222656,36810200
2012-02-14,55.507851913769734,55.78137775009845,55.313736586965454,55.772552490234375,51648200
2012-02-15,56.037266398466436,56.34608661602165,55.296102588525656,55.38433837890625,105709100
2012-02-16,55.401997799691216,56.204925157693175,55.26082386968599,56.14316177368164,83642300
2012-02-17,56.1519725494152,56.196088762706246,55.719628946971135,55.96668243408203,76112300
2012-02-21,56.028449659309935,56.37256085883874,55.772570892431546,56.12550735473633,38141300
2012-02-22,56.01962043175441,56.187263378193364,55.790210751520995,55.86962127685547,43174700
2012-02-23,55.940208918771646,56.301967224274776,55.66668303281521,56.240203857421875,54250000
2012-02-24,56.39902422663973,56.531376228116905,56.29314464496871,56.43431854248047,41364900
2012-02-27,56.125498375861994,56.699019193893356,55.87844491128283,56.513729095458984,42678500
2012-02-28,56.566654814805986,57.08723068237305,56.49606620275266,57.08723068237305,43717500
2012-02-29,57.13137054703265,57.31666067073219,56.646082081365094,56.83137893676758,59784400
2012-03-01,57.043140012000386,57.33431310107655,56.875493676162016,57.281368255615234,67558900
2012-03-02,57.20195315219582,57.42253757120163,57.0519573628804,57.237247467041016,33358200
2012-03-05,57.20194939537133,57.27253802042571,56.46078566155481,56.64607238769531,45788800
2012-03-06,56.0901985168457,56.22255049741466,55.79020361129334,56.0901985168457,54638600
2012-03-07,56.35491333763063,56.654908318909804,56.2666809055462,56.52255630493164,42741800
2012-03-08,56.85784419374649,57.299013048802365,56.73431745286704,57.13136672973633,43711100
2012-03-09,57.22843165238686,57.47548516538337,57.193137331715455,57.36960220336914,43117200
2012-03-12,57.351952808238664,57.44901049768113,57.10489931936792,57.39607238769531,32687300
2012-03-13,57.704895891784346,58.463706970214844,57.59018766467291,58.463706970214844,61559100
2012-03-14,58.52546307006801,58.88721803779202,58.30487863823302,58.66663360595703,59926900
2012-03-15,58.84311481437478,58.957816314275725,58.5431164375284,58.83428955078125,65531200
2012-03-16,58.92530508401283,58.92530508401283,58.65131826509696,58.792728424072266,53023100
2012-03-19,58.889952402561434,59.34955060332201,58.73086175508726,59.208133697509766,60966200
2012-03-20,58.89880137618583,59.3760733893597,58.73971070512787,59.314205169677734,47290600
2012-03-21,59.32304763793945,59.65006249289395,59.24349892786237,59.32304763793945,39648100
2012-03-22,58.96950736324118,59.34071666574465,58.934153133031806,59.19930648803711,56953900
2012-03-23,59.27000017751823,59.287680661793146,58.82808247445143,59.163944244384766,45541700
2012-03-26,59.561681106339094,60.19804382324219,59.508653127640684,60.19804382324219,40855300
2012-03-27,60.24222737357438,60.53388794664186,60.215706645905215,60.286415100097656,37278200
2012-03-28,60.32176589876376,60.55156499026373,59.69424357551253,60.04777908325195,44421900
2012-03-29,59.74727326775417,60.03894057580051,59.39373774980064,59.8179817199707,53975300
2012-03-30,60.08315555802401,60.1185030530716,59.46446650458803,59.70310592651367,39480900
2012-04-02,59.64122692531063,60.40131930794035,59.53516422992661,60.32177734375,40031600
2012-04-03,60.37479029539405,60.58691563337395,59.968226845625395,60.3040885925293,45539900
2012-04-04,59.853341250347874,59.888695479589266,59.13743665181637,59.48213195800781,54088100
2012-04-05,59.376071961923074,59.90637193832414,59.331877487585466,59.85334396362305,42979900
2012-04-09,59.11091294204272,59.64121961079477,59.00485700279583,59.40258026123047,36908200
2012-04-10,59.376069993833674,59.60586911513819,58.26243536011314,58.44804000854492,69254200
2012-04-11,58.96066076384154,59.11975141106848,58.580611258973256,58.73086166381836,62950000
2012-04-12,58.8457663507961,59.46444847350095,58.757384153713886,59.40258026123047,57407400
2012-04-13,59.19931434124137,59.39375251849159,58.47456938363163,58.50108337402344,55227500
2012-04-16,58.79274210678812,58.82809634054212,57.661433599182395,57.84703826904297,57588000
2012-04-17,58.094506435963694,59.2081342352682,58.00611749746365,59.02252960205078,47362400
2012-04-18,58.85460344917166,59.216979245435596,58.69551953057363,58.872283935546875,42536100
2012-04-19,58.660165809051385,59.367230178198625,57.997289169965306,58.209407806396484,81110900
2012-04-20,58.527568605372416,58.78388162509856,57.961914611193166,58.050296783447266,59906900
2012-04-23,57.50234285752382,57.60840555867271,56.998556827545144,57.520023345947266,70514400
2012-04-24,57.4139565008695,57.65259587544774,56.96319848243403,57.21067810058594,49661500
2012-04-25,58.39500662773003,58.76621589021648,58.306624433299326,58.73086166381836,57526900
2012-04-26,58.72204409390586,59.2081496667036,58.64249537714886,59.0755729675293,41799500
2012-04-27,59.323040279150824,59.61470086490621,59.01369246438388,59.42909622192383,46003800
2012-04-30,59.25234810843762,59.36724432573284,58.960680699382664,59.00487518310547,37787700
2012-05-01,58.942975424116064,59.77377598004471,58.854586503948276,59.10206604003906,37643800
2012-05-02,58.810401441143206,59.31418729044756,58.668984556994815,59.26999282836914,38299300
2012-05-03,59.30535165202612,59.34954611753442,58.49222473445153,58.64247512817383,51297600
2012-05-04,58.10332874136221,58.642468795323516,57.17530575406422,57.184139251708984,107554000
2012-05-07,56.839464004314905,57.51118093333695,56.82179025968843,57.2371940612793,50267800
2012-05-08,56.87480453754941,57.21949979134865,56.10586871203075,57.025054931640625,72659700
2012-05-09,56.36218072115303,57.16647075546208,56.13238164188513,56.848289489746094,85715300
2012-05-10,57.10461921890322,57.12229296410018,56.521287852010076,56.7334098815918,49448900
2012-05-11,56.53895894973624,57.32557201830592,56.485927605095114,56.72456359863281,47099900
2012-05-14,56.23846219492298,56.63618890354217,56.10588550152813,56.194271087646484,46360000
2012-05-15,56.34452549999052,56.804117093953884,55.911444526384074,56.0086669921875,66908600
2012-05-16,56.20311858024559,56.371046168252896,55.513727736086494,55.628623962402344,52825900
2012-05-17,55.64629030454254,55.73467589024178,54.4442733115556,54.4531135559082,62253900
2012-05-18,54.62104339343758,54.762456964899236,53.70185349315408,53.74604797363281,79496500
2012-05-21,53.85209592812846,55.30158557216376,53.78138747155855,55.24855422973633,61473000
2012-05-22,55.407654004677084,55.63745315478581,54.78897176568899,55.18669509887695,62954800
2012-05-23,54.71825310090734,55.42532079339485,54.24098114414151,55.292747497558594,56951100
2012-05-24,55.37230724867073,55.42533523219362,54.523822425083075,54.930389404296875,83131200
2012-05-25,54.983401337847,55.08062377467995,54.70057426973183,54.85966491699219,32078900
2012-05-29,55.37229102930546,55.81420874423507,55.04526949273104,55.55789566040039,44216700
2012-05-30,55.05411949172993,55.283915260729025,54.514979244519694,55.089473724365234,56431800
2012-05-31,55.018765255177485,55.16017881414344,54.43543390299725,54.85083770751953,55260100
2012-06-01,53.86094125831567,54.196799736639974,53.37483234353054,53.39250946044922,71430800
2012-06-04,53.54276250288231,53.87861760483901,53.06549046759825,53.799072265625,74119500
2012-06-05,53.61344469223748,54.12607074183965,53.58693071434903,54.0200080871582,47916900
2012-06-06,54.42659252923094,55.30158779935158,54.37356118466775,55.25739669799805,58781800
2012-06-07,55.84072043212454,55.84072043212454,54.992239263523764,55.03643035888672,38414800
2012-06-08,54.94803373000491,55.63742749076732,54.76242914392279,55.56671905517578,39730800
2012-06-11,55.99098324316953,56.01750060351744,54.594524765048995,54.629878997802734,51008900
2012-06-12,54.886180624259154,55.319261482412905,54.51497135003998,55.292747497558594,48802600
2012-06-13,55.133667188548415,55.54906763931008,54.72710023897577,54.9127082824707,50840100
2012-06-14,54.90386385320658,55.33694475959686,54.62103674471031,55.11598587036133,65170600
2012-06-15,55.26923240782845,55.88048269904705,55.242657483623766,55.80075454711914,41536100
2012-06-18,55.5704325542097,56.4651600530233,55.48184721223264,56.323421478271484,32191200
2012-06-19,56.60689717735169,57.147276535782666,56.562601128183964,56.90808868408203,36476500
2012-06-20,57.032102087105656,57.20041894167814,56.52716166132917,56.95237731933594,51389700
2012-06-21,56.90809690173421,56.97010732434656,55.472993239497036,55.535003662109375,42492700
2012-06-22,55.72102586201413,56.19053420814488,55.57042674122962,56.11966323852539,29504200
2012-06-25,55.65902511607445,55.67673948224084,54.87946121149107,55.038917541503906,33136400
2012-06-26,55.22493929679216,55.54385190193831,54.97689766137352,55.384395599365234,30611100
2012-06-27,55.59701078648045,55.96907667939664,55.53500036754682,55.72103500366211,35705800
2012-06-28,55.30466295390362,55.34009843588782,54.516242065979874,55.100914001464844,49793400
2012-06-29,56.16396986144922,56.83723068237305,55.99565296656103,56.83723068237305,44761300
2012-07-02,56.91695359395472,57.032113868509306,56.58032319458401,57.00553894042969,33425600
2012-07-03,57.04098367355252,57.483917236328125,56.95239831272335,57.483917236328125,15895100
2012-07-05,57.43075136430104,57.80281383125913,57.12069930850263,57.51933670043945,37016200
2012-07-06,57.253575585005244,57.30673219512405,56.38542980372606,56.801788330078125,40684100
2012-07-09,56.739772576474024,56.925803797809294,56.41199941966761,56.69547653198242,35628300
2012-07-10,57.00554325395684,57.147285225945154,55.91592718915618,56.137393951416016,47365700
2012-07-11,56.06651217658735,56.217107914797104,55.366676573660975,55.827327728271484,43432000
2012-07-12,55.38439657921074,55.53499232357525,54.799724585870216,55.30466842651367,57680400
2012-07-13,55.455273117182365,56.27027251837788,55.41984100528951,56.1462516784668,32357200
2012-07-16,56.02222137389252,56.27026301180934,55.76531917501361,55.986785888671875,27621400
2012-07-17,56.341143266434536,56.46516749258307,55.48185452223616,56.27913284301758,42467800
2012-07-18,56.17280941160659,57.209275246593315,56.155091671426696,57.040958404541016,44489700
2012-07-19,57.439609834211275,57.85596838238433,57.33331012565882,57.66993713378906,53017800
2012-07-20,57.65222040660509,57.66993477109527,56.881513758032675,56.90808868408203,40573100
2012-07-23,55.80076213009017,56.41200912505952,55.37554300914748,56.21711730957031,48657800
2012-07-24,56.31455303320338,56.39428118154754,55.41096847840747,55.774173736572266,57269700
2012-07-25,55.34010445760098,55.76532014973955,55.05662732950859,55.40211486816406,46264400
2012-07-26,56.1994043745036,56.456306629760526,55.78304915938904,56.137393951416016,41928200
2012-07-27,56.54487290324054,57.572474757486646,56.37655606801534,57.4661750793457,42621000
2012-07-30,57.60791766344885,57.85595928925826,57.226994664205144,57.4218864440918,37821300
2012-07-31,57.510493610381616,57.7408209612151,57.35103725343996,57.40419387817383,34588300
2012-08-01,57.81166602736549,57.82938038857882,57.00552404030693,57.2358512878418,30920200
2012-08-02,56.80179537881957,57.599070284629164,56.615760737574256,57.0321159362793,40534900
2012-08-03,57.95341674916265,58.36091475272163,57.74967112669754,58.11287307739258,42117400
2012-08-06,58.41407381143424,58.8127112693703,58.29005296858173,58.555809020996094,23523600
2012-08-07,58.803849537641135,59.28221853283153,58.71526418859749,59.04303741455078,28223300
2012-08-08,58.892431969296354,59.14047360931693,58.79498607377001,59.01645278930664,20723500
2012-08-09,59.00759896724469,59.273361759691255,58.90129249854035,59.19363021850586,20726200
2012-08-10,58.981019477546766,59.24677549080855,58.83042372750228,59.229061126708984,20312000
2012-08-13,59.2113284791496,59.37964531916068,58.91013703768422,59.370784759521484,19890300
2012-08-14,59.59226205053471,59.716289631686415,59.22906014418021,59.397377014160156,24218700
2012-08-15,59.353074230534375,59.636551329648555,59.344213670323164,59.54796600341797,29100400
2012-08-16,59.76943396283862,60.389538018199325,59.698562996903874,60.256656646728516,35699900
2012-08-17,60.389526186302426,60.531268090400935,60.247791040829895,60.52240753173828,22584800
2012-08-20,60.47815295678017,60.619894958047404,60.238971777929976,60.61103439331055,26924000
2012-08-21,60.770467384158195,61.01850903231193,60.13264214111829,60.371829986572266,41391000
2012-08-22,60.23892726008408,60.73501038064223,60.07061044762659,60.619850158691406,44555700
2012-08-23,60.34526130136377,60.5401463603314,59.96433822841512,60.12379455566406,28800400
2012-08-24,59.98206789440392,60.63760773647308,59.8846219607494,60.495872497558594,38384800
2012-08-27,60.752752360052874,60.832477135252645,60.46041466706449,60.59329605102539,20671400
2012-08-28,60.54013944226426,60.76160616265644,60.336393844335106,60.59329605102539,27337900
2012-08-29,60.59329605102539,60.743891798821366,60.336393844335106,60.59329605102539,26672400
2012-08-30,60.32753942767592,60.35411435544926,59.88460594177723,59.982051849365234,24425400
2012-08-31,60.41611644001511,60.63758315241785,59.76943742463063,60.38068771362305,42128000
2012-09-04,60.26551089651209,60.54898797193986,59.72513166544251,60.318660736083984,32017200
2012-09-05,60.29209212969588,60.54899431223884,60.097200352689,60.256656646728516,26129300
2012-09-06,60.62873056333343,61.61204332676818,60.61100944115509,61.594322204589844,43100000
2012-09-07,61.45257983223053,61.61203612004488,61.328559026000164,61.50572967529297,32958600
2012-09-10,61.3462764820633,61.479157855049564,60.673015815259646,60.71731185913086,25490000
2012-09-11,60.72615658107913,60.965337583169486,60.5224042944924,60.619850158691406,29810100
2012-09-12,60.841335077605336,60.956495334146204,60.424976579809474,60.79703903198242,42203400
2012-09-13,60.85021062643204,61.88667346647331,60.7882002024628,61.62091064453125,45417800
2012-09-14,61.84237751039222,62.391617522604285,61.824663142927655,62.17015075683594,38880300
2012-09-17,62.2055768703046,62.22329123509798,61.97524957622077,62.19671630859375,31798400
2012-09-18,62.03727932217037,62.2764672524976,62.02841875769852,62.24988555908203,27169800
2012-09-19,62.2410570539139,62.52453440457169,62.06387948560705,62.36507797241211,36484600
2012-09-20,62.063851630575826,62.365049982199295,61.895541464515475,62.30303955078125,42520200
2012-09-21,62.61394924545586,62.66725066301703,62.258590646611204,62.320777893066406,23678500
2012-09-24,61.8055253546906,62.0631602406491,61.672264996035736,61.95655059814453,32341600
2012-09-25,62.11644713658385,62.25859329332519,61.05926390190286,61.085914611816406,41299600
2012-09-26,61.00596296597535,61.04149950939075,60.27748077071617,60.588417053222656,32770400
2012-09-27,60.739466743218415,61.565672978967484,60.63285708192981,61.423526763916016,25339500
2012-09-28,61.21919826993188,61.40576008832726,60.86383952055308,60.91714096069336,30112600
2012-10-01,61.210321445836804,61.59233097150759,60.63286424034765,60.828311920166016,37715300
2012-10-02,61.09479652029586,61.28136505421922,60.5262254225448,61.005958557128906,33254300
2012-10-03,61.17475230043719,61.51233925435302,60.93488235647186,61.3968505859375,38236000
2012-10-04,61.494580594803566,61.778866157887244,61.29913299932683,61.610069274902344,26128600
2012-10-05,61.921005690573836,62.00985043628425,61.12145720239997,61.281368255615234,25207900
2012-10-08,60.92603609057633,61.05041065515263,60.57956312098443,60.721702575683594,30911500
2012-10-09,60.561791605374324,60.71281689446772,59.61121070063141,59.75335693359375,67974000
2012-10-10,59.735560441707186,59.90435732872807,59.34467201930993,59.45127487182617,45134300
2012-10-11,59.89546397509538,59.939886343332475,59.22916911894967,59.264705657958984,30469400
2012-10-12,59.25584014299164,59.5756623258161,59.12258654840153,59.238075256347656,24891200
2012-10-15,59.46015788848235,59.75332927483423,59.104799248471195,59.673370361328125,22220100
2012-10-16,59.762217109842,60.58842318868329,59.74445222528665,60.517356872558594,33960600
2012-10-17,60.206431599923796,60.677285903790214,60.126479428906386,60.48183822631836,33439400
2012-10-18,60.28635586860727,60.48180343364624,59.55787380303562,59.779972076416016,61707600
2012-10-19,59.70889932196671,59.76220073893497,58.278585891505806,58.34965896606445,75362600
2012-10-22,58.32303974188426,58.80277308727558,58.18977934962471,58.65174102783203,38621500
2012-10-23,58.17198848234354,58.58952758403455,57.91435364646903,58.0920295715332,52591200
2012-10-24,58.42074904451791,58.5184728560041,57.79886962797821,57.88771438598633,39872400
2012-10-25,58.287488685409166,58.38521249689535,57.71891747925501,57.88771438598633,52688700
2012-10-26,57.887724581434256,58.29638478421367,57.434641991826915,58.056514739990234,54213100
2012-10-31,57.98543077202148,58.09204041369861,57.50570432923275,57.70114517211914,38524500
2012-11-01,58.06539205570975,58.63396327860331,57.896595144008856,58.51847457885742,26945000
2012-11-02,58.784961269416044,58.820497801607154,57.843266889003424,57.896568298339844,44083000
2012-11-05,57.905479018541655,58.3940980738436,57.78110449135632,58.278602600097656,28094700
2012-11-06,58.37633755563272,58.78499776267271,58.15423917498678,58.385223388671875,29608400
2012-11-07,57.76333075172699,57.83440384410692,56.768334570020485,57.00819778442383,70737800
2012-11-08,57.168106745426755,57.30136709424978,56.11091995239258,56.11091995239258,58585800
2012-11-09,56.14645426026789,56.95489198483728,56.11091771680408,56.35078430175781,51542100
2012-11-12,56.67947875255801,56.74166599805832,56.19086322836239,56.341888427734375,32663700
2012-11-13,55.90658504555561,56.48404198835021,55.77332470831035,55.95100402832031,43288300
2012-11-14,56.22639490711328,56.288582147240156,55.204741581113936,55.293582916259766,82655300
2012-11-15,55.32911960043233,55.51568472169679,54.90269133130759,55.10702133178711,55124200
2012-11-16,55.1514681255415,55.50682347940504,54.46740474844021,55.3469123840332,70873100
2012-11-19,55.95101012208187,56.70614646713018,55.93324184925057,56.66172409057617,55306400
2012-11-20,56.6439411551866,56.7594332042186,56.137557371904826,56.67947769165039,52012700
2012-11-21,56.741681904217366,56.87493887238025,56.5018152947822,56.794986724853516,19611700
2012-11-23,57.11480260015481,57.67448790510426,57.079266056965594,57.65672302246094,16462900
2012-11-26,57.51458418412542,57.94101597887328,57.33690822342415,57.905479431152344,26430900
2012-11-27,57.89657607891122,58.10090947199479,57.61229056107845,57.71001434326172,25828600
2012-11-28,57.43461802040527,58.25193808484015,57.0792594078113,58.207515716552734,37295800
2012-11-29,58.51847574920447,58.75833898513652,58.26084084963078,58.554012298583984,41136100
2012-11-30,58.562859679034204,58.60728203620891,58.287460042671334,58.45625686645508,33497400
2012-12-03,58.90935329418023,58.9626614972994,58.31413145291901,58.340782165527344,28240000
2012-12-04,58.36742406240053,58.42961130839481,57.923227511612396,58.30523681640625,49584500
2012-12-05,58.21640832741038,58.22529415768333,57.345786741933466,57.65672302246094,54076200
2012-12-06,57.47904749929523,58.172000011345474,57.328022255269055,58.02985382080078,47512300
2012-12-07,58.314127018940766,58.37631426959925,57.48792110139125,57.68336868286133,30089400
2012-12-10,57.523457311770294,58.154215644234526,57.523457311770294,57.85216522216797,33219600
2012-12-11,58.251952547954915,58.93601245527148,58.207530168638066,58.6073112487793,40750800
2012-12-12,58.91823618100115,58.91823618100115,58.32301436947513,58.48292541503906,45917700
2012-12-13,58.36744226631135,58.77610918504668,57.772220329311,58.02096939086914,45467700
2012-12-14,57.6300801445234,57.8166419382035,57.2747214422217,57.47016906738281,39630300
2012-12-17,57.523474441238534,58.251956780806786,57.44352228614268,58.23419189453125,42302900
2012-12-18,58.527352772854385,59.21141946334879,58.36744169514562,59.122581481933594,55596000
2012-12-19,59.29135409518272,59.3091257529571,58.8293926615715,58.86492919921875,34832500
2012-12-20,58.971532034258985,58.998189520920555,58.571757847055075,58.86492919921875,40754300
2012-12-21,57.959973076134204,58.3173109098551,57.70983863722527,58.24584197998047,51152900
2012-12-24,58.093965248470994,58.19223330559894,57.99569719134305,58.12969970703125,11418300
2012-12-26,58.17438412491952,58.22798241842349,57.4329092584017,57.62051010131836,21751300
2012-12-27,57.67410475158732,57.74557368217982,56.816498031434435,57.53117370605469,52933200
2012-12-28,57.09344168781802,57.557979567396366,56.950507217780576,56.9773063659668,33082100
2012-12-31,56.91477602320069,58.290522506363395,56.79864410249378,58.183319091796875,57544000
2013-01-02,59.61266705869274,60.05933770203011,59.38933173702406,60.03253173828125,70695900
2013-01-03,60.03253964940522,60.15760690076887,59.541205966377746,59.719871520996094,47366500
2013-01-04,59.74666985120327,59.74666985120327,59.38040342457502,59.52333450317383,33972500
2013-01-07,59.37147311471882,59.63947828124212,59.18387222441431,59.54121017456055,26766200
2013-01-08,59.53225603868509,59.69305772465315,59.11238459112113,59.425052642822266,28734900
2013-01-09,59.51439979599595,59.809197244784265,59.45186617768894,59.64839553833008,25600300
2013-01-10,60.05934623884879,60.09507389761934,59.45187380493788,60.005741119384766,37528000
2013-01-11,59.97894388165435,60.11294646110985,59.85387662500371,60.08614730834961,21158600
2013-01-14,59.78240364939911,59.987875166152705,59.5590683038927,59.818138122558594,36768500
2013-01-15,59.52333450317382,59.61267409490875,59.25533617493084,59.52333450317383,31675300
2013-01-16,59.603728486427926,59.969994849847374,59.49652508423912,59.764530181884766,33822300
2013-01-17,60.005722367893654,60.282662754228696,59.90745429784767,60.050392150878906,32024200
2013-01-18,59.871746365433204,59.97894980271147,59.648410982844716,59.91641616821289,31992000
2013-01-22,59.97894066673117,60.05934493635646,59.612674239216275,60.01467514038086,32123100
2013-01-23,60.354128894231344,60.55960036776769,60.264796137949105,60.38092803955078,31975700
2013-01-24,59.5501594543457,60.10402693201009,59.46081983412981,59.5501594543457,42596300
2013-01-25,59.73773847009384,60.023607429189944,59.62159973268837,59.8538703918457,39240100
2013-01-28,59.86281725374839,60.193349254627094,59.791348296283566,59.987884521484375,32926100
2013-01-29,59.91638378648425,60.130783729513645,59.52331154455428,59.996788024902344,35554700
2013-01-30,60.10400145035037,60.28267379937623,59.73773506224048,59.87173080444336,34445000
2013-01-31,59.84491323557159,60.166516549174524,59.684111578770114,59.73771667480469,34870500
2013-02-01,60.15759426881339,60.55066658522085,59.916395139160464,60.4434700012207,53120800
2013-02-04,60.095061577255095,60.2647985920601,59.37145736155405,59.38932800292969,48483700
2013-02-05,59.64838204340574,60.452390393776795,59.505451012035145,60.26478958129883,35120300
2013-02-06,60.06825637817382,60.345196766369135,59.889590876336605,60.06825637817383,43593200
2013-02-07,60.139724327782986,60.184394110342325,59.46078316366202,60.12186050415039,46017900
2013-02-08,60.42561311606605,60.863348503573576,60.41667779348104,60.73828125,39837200
2013-02-11,60.77399785746714,60.800797001689226,60.550662568080206,60.756134033203125,17650400
2013-02-12,60.67573070666798,60.79186942093092,60.44346690944657,60.50600051879883,22057900
2013-02-13,60.68466729844413,60.95267238165703,60.54172943655662,60.720401763916016,23494700
2013-02-14,60.443474561971456,60.791877117565775,60.407740092724204,60.702537536621094,24478800
2013-02-15,60.693605576140115,60.84547195005629,60.35413154544192,60.523868560791016,25333600
2013-02-19,60.64000926549068,60.9794833454417,60.622145437118704,60.961612701416016,23436500
2013-02-20,60.943726447980886,60.97052558850461,60.01465095446838,60.02358627319336,38200300
2013-02-21,59.80026161829531,59.86279522915607,59.165990189378356,59.38039016723633,45855600
2013-02-22,59.719869241132294,59.987874378482495,59.48759857647238,59.978939056396484,21968000
2013-02-25,60.36305751943559,60.57745747386347,59.18384754660478,59.23744583129883,40927600
2013-02-26,59.31786148294511,59.56799594716274,58.9247891445157,59.460792541503906,42088800
2013-02-27,59.46078413001445,60.43452951728774,59.38038669888331,60.06825637817383,36339500
2013-02-28,60.07722465361013,60.51496014418963,59.93428672120945,59.94322204589844,28557300
2013-03-01,59.73774110066448,60.30054372176555,59.44293680671224,60.19334030151367,31617200
2013-03-04,59.99679222079485,60.470261918603846,59.916387976753676,60.461326599121094,19380500
2013-03-05,60.818698393431305,61.43509946916734,60.818698393431305,61.35470199584961,35581900
2013-03-06,61.54228325897242,61.56015390221654,61.12241174622973,61.202816009521484,29071100
2013-03-07,61.27427355043349,61.461881212191265,61.149206319696916,61.36361312866211,21775900
2013-03-08,61.56907257816449,61.65840533316217,61.19387091778282,61.4350700378418,26159900
2013-03-11,61.35468826059435,61.631621916455614,61.167087382528265,61.6137580871582,23187900
2013-03-12,61.43507434976055,61.578012220311024,61.09560713068237,61.390411376953125,27575400
2013-03-13,61.470822178270986,61.54229112908022,61.09562041000392,61.310020446777344,34297300
2013-03-14,61.524415362535045,61.64948259435913,61.38147748864869,61.515480041503906,31530800
2013-03-15,61.5593595635198,61.59517673794624,61.192238649219426,61.34446334838867,30752600
2013-03-18,60.78034861559825,61.46086123577755,60.64604275691507,61.210147857666016,36163000
2013-03-19,61.398178068276124,61.514578747133726,60.54754248344185,61.09374237060547,33125100
2013-03-20,61.52354431152344,61.65785701196259,61.23701373858619,61.52354431152344,28035400
2013-03-21,60.959427879425654,61.111645723737304,60.681846528204254,60.82511520385742,30050800
2013-03-22,61.07584279676428,61.46086891308122,61.00420844223367,61.41609573364258,28837200
2013-03-25,61.61309647249097,61.74740920047978,60.896773308932545,61.19225311279297,24909800
2013-03-26,61.42504878662991,61.54145631501011,61.29073608619076,61.52354431152344,19725200
2013-03-27,61.10267728647832,61.648877046233224,61.01313779813368,61.60411071777344,22539500
2013-03-28,61.60413740637118,61.83693881063818,61.460868697811776,61.75635528564453,23662800
2013-04-01,61.80111219335167,61.863790535915264,61.16537276694184,61.33550262451172,28112800
2013-04-02,61.630995714053675,62.02497098140672,61.577266535129574,61.81903076171875,29431900
2013-04-03,61.85483938025143,61.9443788908345,61.102692462214726,61.25491714477539,35131200
2013-04-04,61.22804635008062,61.42503736323267,60.9415158304303,61.27281951904297,32287400
2013-04-05,60.30576798383125,60.85196777761435,60.162506159839644,60.762428283691406,55610800
2013-04-08,60.789306529564584,61.10269826206578,60.6102274914003,61.08479309082031,17891600
2013-04-09,61.24598302041367,61.74740992392228,60.96840155760351,61.49669647216797,30931400
2013-04-10,61.71158094560618,62.83084209231883,61.675763769140026,62.696529388427734,55271300
2013-04-11,62.54430197807983,62.81292734491413,62.4726676360671,62.66965866088867,37233600
2013-04-12,62.5174492902726,62.66966716413297,62.15033519264301,62.624900817871094,32783700
2013-04-15,62.39210082725626,62.490596366034325,61.317612735131995,61.38924026489258,48795800
2013-04-16,61.738420413718686,62.27567104039314,61.613063755874784,62.204036712646484,27682600
2013-04-17,61.66681796395533,61.6847231374516,60.62814028403654,60.986305236816406,60204800
2013-04-18,61.14746398241371,61.18328115196533,59.884934373568726,60.14460372924805,56798200
2013-04-19,60.261009286074014,61.09373966475095,60.1714629493824,60.96837615966797,43062800
2013-04-22,61.18329701666658,61.819036570344,60.95944477249446,61.595184326171875,34412100
2013-04-23,61.94437698410355,62.409986523659505,61.62202929078536,62.186134338378906,53078300
2013-04-24,62.033910759877294,62.38311959013333,61.89064892687719,62.15926742553711,44500700
2013-04-25,62.32042121842815,62.72335908399389,62.311465221924806,62.49055099487305,26437100
2013-04-26,62.33837135353655,62.47267722614392,62.02497276697829,62.29359817504883,24079800
2013-04-29,62.49058337148375,63.10841765326596,62.46372219948057,62.86665344238281,31664000
2013-04-30,62.94722563085105,63.33225159182158,62.71441748827169,63.32329559326172,30135800
2013-05-01,63.34121611316532,63.439711626923696,62.902467717331525,63.02782440185547,28537200
2013-05-02,63.13528333235525,63.959057879254104,63.081554153086024,63.824745178222656,31744200
2013-05-03,64.44256111658912,64.773857942319,64.38883878407634,64.57687377929688,34061700
2013-05-06,64.69330872607766,64.92611700938005,64.63958636509612,64.82762145996094,19244300
2013-05-07,64.9350404140304,64.97981358470082,64.55001437311559,64.79177856445312,25838100
2013-05-08,64.75596232791425,65.15889354405104,64.64851081561193,65.10517120361328,24252100
2013-05-09,64.97980020772792,65.45436566086113,64.89026071624671,65.01561737060547,29337200
2013-05-10,65.14993759611835,65.43646810101774,65.03353009537959,65.40960693359375,20663700
2013-05-13,65.30215360051383,65.65136243008135,65.2394752678075,65.49018859863281,29730100
2013-05-14,65.50809589819465,66.0274276898964,65.48122790202565,65.83043670654297,36009800
2013-05-15,65.70508287453983,66.02743052817009,65.5439090477247,65.96475219726562,27214400
2013-05-16,66.01846802112696,66.34976477549934,65.85729422687781,65.89310455322266,27253400
2013-05-17,66.23339071171264,66.55573842954932,66.01849451029722,66.52887725830078,31114500
2013-05-20,66.40349772471207,66.64525501419695,66.16173360380247,66.43035888671875,25132400
2013-05-21,66.39456185016999,66.74377072494669,66.16175365650994,66.50200653076172,25900000
2013-05-22,66.58259106059246,67.11087891119195,65.57973086357372,65.91999053955078,59843200
2013-05-23,65.33796133354558,65.991605732911,65.21260468623097,65.76775360107422,48222100
2013-05-24,65.3290260474193,65.74986928172477,65.14994701774455,65.73196411132812,26430300
2013-05-28,66.50201899024594,66.74378322972665,65.95582582157684,66.1617660522461,27057100
2013-05-29,65.90208812711302,66.08117399089704,65.47229571688574,65.8483657836914,32090300
2013-05-30,65.87525346525447,66.51099316681417,65.85734828738417,66.19760131835938,32390500
2013-05-31,65.94683356876659,66.44826011364619,65.51703450785244,65.58866882324219,38347600
2013-06-03,65.59765631992931,65.72301301634438,64.85446531159175,65.7051010131836,47613100
2013-06-04,65.83940318294431,66.09907253583167,65.09621229344877,65.36483764648438,35251900
2013-06-05,65.14995305714535,65.40066645450197,64.46048438298692,64.51421356201172,48654200
2013-06-06,64.60376918063194,64.83657746393433,63.99489070759992,64.82762145996094,62524100
2013-06-07,65.09620848657958,65.78567699771803,64.93503465046906,65.71404266357422,31969800
2013-06-10,65.83937834372708,66.04532528088032,65.59762108234398,65.74088287353516,25390000
2013-06-11,65.0872802734375,65.66929063931421,64.86342803073775,65.0872802734375,40278900
2013-06-12,65.46333815981227,65.4901993308846,64.23662563990193,64.33512115478516,42081900
2013-06-13,64.24558329267504,65.29320997999564,64.06650425997017,65.14994812011719,28221500
2013-06-14,65.14990700346661,65.22153447248753,64.62161257697203,64.72010803222656,27690700
2013-06-17,65.2305163358852,65.72299380745605,65.00666418179402,65.346923828125,32441900
2013-06-18,65.43648893698486,66.00955012925498,65.41857693204801,65.88419342041016,24853100
2013-06-19,65.90208825519028,65.9737226008431,65.07831377446436,65.14994812011719,43145100
2013-06-20,64.3977967382096,64.61269976043336,63.385987293089705,63.60088348388672,60908400
2013-06-21,63.57754775119114,63.74821587071197,62.733198342665546,63.26316452026367,51558900
2013-06-24,62.742184036690254,63.1194439219686,62.11341756122634,62.6343994140625,41492300
2013-06-25,63.23620163222732,63.343986224001256,62.70623559486376,63.09247970581055,28897400
2013-06-26,63.63142941216808,63.775151352562304,63.406869020081594,63.658382415771484,23742300
2013-06-27,63.99072163120505,64.33205778229609,63.89191451936698,63.9278450012207,23545000
2013-06-28,63.730240262558354,64.39494399622254,63.58652516679293,64.0176773071289,28301100
2013-07-01,64.44883331756954,64.94286892742171,64.3500261955991,64.41290283203125,24942800
2013-07-02,64.38596517401372,64.8350860229248,64.08954376900274,64.43985748291016,23067900
2013-07-03,64.2062887976527,65.00572297725336,64.15238966155313,64.7003173828125,18847500
2013-07-05,65.06862081428697,65.22132023479256,64.54763906463813,65.19437408447266,28795900
2013-07-08,65.53568527967239,65.56263142253759,65.01470367415422,65.25723266601562,20558500
2013-07-09,65.56263542487157,65.79618009902242,65.25723664970624,65.65245819091797,26108600
2013-07-10,65.58961881434008,66.12856942273626,65.55369516995255,66.0297622680664,25598900
2013-07-11,66.7393208156233,67.39503302360701,66.69440601648527,67.34114074707031,47768900
2013-07-12,67.38605991936427,67.68248119577079,67.20641439895643,67.6375732421875,31412600
2013-07-15,67.7094455294898,67.8351987981679,67.52081562647267,67.79029083251953,19783600
2013-07-16,67.84416976793332,67.89806205731082,67.52978665816823,67.70045471191406,31747100
2013-07-17,67.90702421553154,68.03277741837414,67.6824639457361,67.87109375,24631500
2013-07-18,67.86213843308437,68.0327996337924,67.59266328012126,67.70045471191406,36278800
2013-07-19,67.11659265229339,67.13455446339049,66.80220956031344,66.99981689453125,37732400
2013-07-22,67.2513249774487,67.35013206337216,66.99083419210841,67.19742584228516,21135900
2013-07-23,67.32320458485204,67.33218891962386,66.64952339079532,66.70342254638672,24739500
2013-07-24,67.35913518024218,67.38608133156187,66.76629929209047,66.91899871826172,24426900
2013-07-25,67.23334934096074,67.42197916187536,66.88303583739987,67.34114074707031,23162200
2013-07-26,67.07168163934607,67.70943219145177,66.96389706059107,67.70045471191406,20885600
2013-07-29,67.56573795469517,67.85317500834049,67.39506984836079,67.57472229003906,20958400
2013-07-30,67.8172596521226,68.22146574326966,67.68252200405976,67.93402862548828,24104600
2013-07-31,68.06875301235605,68.45499720659909,67.93401539054288,68.05976867675781,25007600
2013-08-01,68.52685104271907,68.8502185601499,68.45499007150346,68.75141143798828,16880000
2013-08-02,68.76036698656372,69.15558845671382,68.60766077340018,69.13762664794922,18105300
2013-08-05,69.10171008768079,69.2364476661661,68.96697250919547,69.18254852294922,15462800
2013-08-06,69.09271554389099,69.15559215748667,68.49089554904138,68.76934814453125,23675400
2013-08-07,68.57173951308366,68.77833803332693,68.14957184656473,68.64360046386719,20281200
2013-08-08,69.02085556575561,69.1466156477455,68.53581131295843,68.98493194580078,19994000
2013-08-09,68.86817330510213,69.11070234479224,68.50887533895595,68.70648956298828,18558500
2013-08-12,68.44600468816486,68.99393259246997,68.43702720668001,68.86817932128906,20515900
2013-08-13,68.9579884866457,69.40710918159154,68.46395983402807,69.25440979003906,23917000
2013-08-14,69.22747170938203,69.32627882202354,68.89511988931162,68.99392700195312,29921000
2013-08-15,68.2214239039926,68.25735437830978,67.62858821035226,67.82620239257812,39406600
2013-08-16,67.83520189221889,68.14959193129302,67.68250246657914,67.79927825927734,23825000
2013-08-19,67.80823309080657,68.38310696839723,67.6645180479275,67.68247985839844,29586900
2013-08-20,67.80825189743408,68.29330315112469,67.75435959803704,67.97891998291016,18842800
2013-08-21,67.76330709866605,68.34715829954504,67.4938320420793,67.7453384399414,30705100
2013-08-22,68.0418128065632,68.45500319068042,68.00588231406944,68.41009521484375,17269500
2013-08-23,68.89512547182221,68.95800210741267,68.62565711345138,68.86817932128906,20697300
2013-08-26,68.92208243961306,69.41611121822781,68.76039867407522,68.90411376953125,27525500
2013-08-27,68.08671634446497,68.42804568699124,67.33218983330221,67.4938735961914,40068900
2013-08-28,67.41300430967567,68.04177040387646,67.41300430967567,67.75433349609375,20490400
2013-08-29,67.73641698685456,68.57177527650137,67.63760984125399,68.2304458618164,27287900
2013-08-30,68.30228824157723,68.30228824157723,67.54776177646953,67.79029083251953,26228500
2013-09-03,68.3472054468507,68.6615955140864,67.85317663969761,68.17654418945312,27241500
2013-09-04,68.4100849909165,69.02088271290425,68.20348640321382,68.90411376953125,27142900
2013-09-05,68.94903515417941,69.21850355369702,68.92208899953168,69.02088928222656,17809700
2013-09-06,69.25442213605943,69.46999818921365,68.31127262036023,69.10172271728516,27715100
2013-09-09,69.39816630597977,70.02693285121146,69.3712201473329,69.91016387939453,25161900
2013-09-10,70.31431856412563,70.35024903373608,69.99095119066784,70.2514419555664,27619400
2013-09-11,69.78438476519072,70.16164455282504,69.69455513219688,70.11672973632812,28132900
2013-09-12,70.13466157139591,70.28736090242991,69.92806311826412,70.07178497314453,18332700
2013-09-13,70.14367588501074,70.18859070150766,69.7394699486938,70.11672973632812,16932500
2013-09-16,70.70957317123568,70.70957317123568,69.76641683908404,69.9281005859375,25704300
2013-09-17,70.0807973769484,70.4850101554792,70.0448737483595,70.39518737792969,27174300
2013-09-18,70.50297470139745,71.38325440278176,70.35925962235774,71.23953247070312,31714700
2013-09-19,71.46410959579472,71.5808854062321,71.28446399163947,71.41021728515625,26435700
2013-09-20,71.57958452434781,71.66067259019144,71.1291151267783,71.16515350341797,26328900
2013-09-23,71.46246946540424,71.54355753636524,70.68766150279795,71.02101135253906,30319400
2013-09-24,71.17416930771013,71.39940402070921,70.786765326407,71.02101135253906,21871300
2013-09-25,71.07507487681663,71.17417871352244,70.63361670561186,70.77776336669922,22746400
2013-09-26,71.06605843537763,71.49851213467771,71.03903136797481,71.32733154296875,22421700
2013-09-27,70.9129050752148,71.36337455749181,70.80478992496553,71.23724365234375,25151600
2013-09-30,70.49843601275525,71.25522103611283,70.27320139290619,71.06602478027344,28031900
2013-10-01,71.07503905775613,71.82281967654977,71.03900069224152,71.78678131103516,33129700
2013-10-02,71.30029256445049,71.85887706739457,71.22821581433824,71.75977325439453,25503800
2013-10-03,71.669694103033,71.8228520703364,70.54352044882832,70.92191314697266,42998200
2013-10-04,70.9219072069169,71.63364972159657,70.85884176250822,71.5345458984375,22852700
2013-10-07,70.90386489053492,71.48947635377131,70.87683783238211,70.93990325927734,20227100
2013-10-08,70.93989622563994,71.0029616462823,69.54344566181204,69.57047271728516,43660700
2013-10-09,69.73265590538725,69.76869427778233,68.78666753246257,69.35426330566406,64526700
2013-10-10,70.10204589251144,70.98496894171011,70.0840301408867,70.82279968261719,48062700
2013-10-11,70.64257849287416,71.43540175705841,70.63356718486808,71.38134765625,25214100
2013-10-14,70.9399139847161,71.88590240478516,70.885859860238,71.88590240478516,31471900
2013-10-15,71.83186314806933,72.17421746331956,71.51652902703374,71.60662841796875,38684000
2013-10-16,71.93995354179894,72.4534883238664,71.88589941956556,72.41744995117188,46735900
2013-10-17,72.09311678089084,72.85892022822867,72.03005134243426,72.8318862915039,32193500
2013-10-18,73.49859584807812,74.0391578040611,73.29137688024859,74.01213073730469,39628200
2013-10-21,74.18328269647672,74.36347454470719,73.94003229338583,74.17427825927734,31176900
2013-10-22,74.46259392451077,74.68782862671823,73.81391688237446,74.28240203857422,43944800
2013-10-23,73.92199325343253,74.05712850500565,73.4715240852181,73.83189392089844,38021300
2013-10-24,73.87699165113783,74.30944535836589,73.7688765059262,74.15628051757812,23155100
2013-10-25,74.84999732327701,75.03018233423829,74.32745116842472,74.68782806396484,35824500
2013-10-28,74.69681374034413,74.8229445794519,74.37247533303405,74.70581817626953,28618400
2013-10-29,74.95810873193773,75.01216973639309,74.50763931197747,74.83197784423828,36878100
2013-10-30,75.09325356684458,75.21938445896856,74.39953366016266,74.7599105834961,33535500
2013-10-31,74.57067672157136,75.04817990105468,74.30941060499907,74.58869934082031,31309900
2013-11-01,74.84096592096783,74.93105840226481,74.23733873530082,74.60671997070312,30867800
2013-11-04,74.83197094328108,74.84098225546227,74.45357831507789,74.71485137939453,16834000
2013-11-05,74.42654006518286,74.97611317413678,74.21031672065521,74.7959213256836,27975600
2013-11-06,75.1112581018698,75.13828516172677,74.53465791286604,74.77790832519531,25576800
2013-11-07,74.78690974908831,74.8950179742237,73.30937110090335,73.3724365234375,52173200
2013-11-08,73.64274103032886,74.38151062598669,73.43552894023964,74.36349487304688,31470500
2013-11-11,74.25537284702881,74.4535804790725,74.00311108756135,74.24636840820312,24822900
2013-11-12,74.02114057824576,74.47161001154,73.98510219874805,74.36349487304688,20108500
2013-11-13,73.8769881152592,75.27344612786075,73.8769881152592,75.26443481445312,31345900
2013-11-14,75.06618850394628,75.55269607314635,74.90401931421293,75.49864196777344,31101200
2013-11-15,75.51666091441768,75.64279174804688,75.32746466397391,75.64279174804688,20511300
2013-11-18,75.62479883498891,75.77795676869019,74.75989848314897,74.90404510498047,31679600
2013-11-19,74.85900176229278,75.2193786578329,74.56169718156843,74.68782806396484,25545300
2013-11-20,74.88600587645494,75.16529459430203,74.29138320458266,74.50760650634766,32177400
2013-11-21,74.82297668813356,75.3275002610702,74.75991124151648,75.26443481445312,28125000
2013-11-22,75.39054155865412,75.69685738021307,75.33648744275924,75.66983032226562,25361300
2013-11-25,75.94010620725868,76.02118737208781,75.66081747469369,75.85001373291016,21695100
2013-11-26,75.86805207302426,76.43564101671052,75.7058828214543,76.24644470214844,26621000
2013-11-27,76.39959966818105,76.79600799700215,76.33653423812203,76.77799224853516,21638100
2013-11-29,77.08430012735928,77.33656182154452,77.00321895720646,77.23746490478516,16708900
2013-12-02,77.32755703574071,77.44467657219317,76.89510350936551,77.0122299194336,26354600
2013-12-03,76.95815452021766,77.15636206295281,76.65183877134649,76.94915008544922,37147000
2013-12-04,76.62482432789825,77.27349429229155,76.38156707683724,77.02123260498047,37193200
2013-12-05,77.0843036206846,77.1744029786473,76.7329381202011,76.92213439941406,39829300
2013-12-06,77.5708130063661,77.6428897448898,77.11133239029766,77.48072052001953,36842900
2013-12-09,77.79602813720703,77.95819732138318,77.66088600479117,77.79602813720703,22590000
2013-12-10,77.66992764594583,77.88615101808502,77.58884645900004,77.74200439453125,26965900
2013-12-11,77.73297435601694,77.84108945284922,76.63382826254272,76.741943359375,36830600
2013-12-12,76.76898161094545,76.95817790278221,76.48969282875065,76.54374694824219,33662600
2013-12-13,76.90410638708195,76.94014474979633,76.3184950217993,76.44462585449219,34072000
2013-12-16,76.82303046026341,77.30953812316127,76.76897634448008,76.86808013916016,24902500
2013-12-17,76.86807795004697,77.05727422351652,76.57076657447381,76.71492004394531,24454900
2013-12-18,76.80502997553172,77.67894168031069,75.72390620332894,77.60686492919922,68387200
2013-12-19,77.4807251210911,77.48973643234571,77.04827153788443,77.39063262939453,44964100
2013-12-20,77.5370515090369,78.3414334624318,77.48282568153422,78.17874908447266,40475400
2013-12-23,78.82046404189548,79.00122833251953,78.58547391181051,79.00122833251953,28181800
2013-12-24,79.01925002844058,79.09155569776206,78.8746386897976,79.03732299804688,13852500
2013-12-26,79.18195453492524,79.36271185888953,79.0283101200106,79.29944610595703,15241100
2013-12-27,79.39884929947922,79.44404206942791,79.00118188481487,79.10059356689453,15827400
2013-12-30,78.98313903808594,79.09159759952819,78.75718887333676,78.98313903808594,18983700
2013-12-31,79.12772120923218,79.49827575683594,79.10060140730573,79.49827575683594,24890500
2014-01-02,79.12773423145765,79.15484714239687,78.64871418821322,78.87466430664062,29177500
2014-01-03,78.87467448230592,78.94698018443898,78.28720961496582,78.30528259277344,35723700
2014-01-06,78.32334797558143,78.41372663880134,77.72683638652005,78.01605224609375,32073100
2014-01-07,78.37759881963841,78.85661209355325,78.23298739595351,78.73912048339844,25860600
2014-01-08,78.75719841976304,79.12776004468559,78.5854740671938,78.91084289550781,27197400
2014-01-09,79.20003866744763,79.20907860355443,78.37758376345151,78.64871978759766,23674700
2014-01-10,78.83850579814559,78.99215019929537,78.25103420471781,78.90177154541016,38008900
2014-01-13,78.7933383199025,79.06448126405724,77.43763739003181,77.73589324951172,48842300
2014-01-14,77.99798744037575,79.28138252067868,77.99798744037575,79.2181167602539,37178900
2014-01-15,79.56156255995253,80.02250277840172,79.48022381899443,79.86885833740234,39835600
2014-01-16,79.80560798076843,79.99540530843015,79.67907642899395,79.8779067993164,31630100
2014-01-17,79.63384909860001,79.86883911946558,79.23617473951205,79.42597198486328,36895800
2014-01-21,79.9321060669398,80.06767060461749,79.36270742689541,80.03152465820312,26412700
2014-01-22,80.2394027709961,80.43823997307798,80.00441272349475,80.2394027709961,29376900
2014-01-23,79.99539752318198,80.00443056496361,79.40792572114398,79.9682846069336,35011900
2014-01-24,79.57963610480972,79.69712768644595,78.36853985949931,78.3956527709961,63974600
2014-01-27,78.39565611608663,78.53122757480583,77.04899525583117,77.63646697998047,63519300
2014-01-28,77.27497204851069,77.67264662583167,77.10324768185785,77.59130096435547,44378800
2014-01-29,76.92244232169497,77.49183401528374,76.60611360303453,76.75975799560547,51939300
2014-01-30,77.69973588699604,78.44989201288827,77.61839025029091,78.17874908447266,65833600
2014-01-31,77.31109286208108,78.34142484399047,77.22974723432489,77.97086334228516,45187000
2014-02-03,77.82624408364458,78.17872564764544,75.98249065132137,76.18132781982422,65596900
2014-02-04,76.5699825397008,77.0489957206745,76.3349924695332,76.74170684814453,37675500
2014-02-05,76.48865209480533,76.81402090412533,75.68427000938988,76.54288482666016,41721800
2014-02-06,76.76881749237522,77.61838528249727,76.75073762073075,77.51896667480469,32308600
2014-02-07,77.95277844099228,78.95599735865142,77.72682835855461,78.90177154541016,38359400
2014-02-10,78.87466343373656,79.3898294222317,78.82043761245822,79.35368347167969,30205400
2014-02-11,79.52538624735601,80.41111357291537,79.43500759669462,80.2574691772461,38635500
2014-02-12,80.4201727483638,80.59189015707172,80.1671028123324,80.4111328125,32507200
2014-02-13,79.82366056536637,81.07090278364764,79.8055875892104,81.00763702392578,40454500
2014-02-14,80.98052894242323,81.3510904825056,80.73650582478321,81.17032623291016,33212400
2014-02-18,81.30589780278846,81.7216452342262,81.10706057569845,81.56800079345703,29546600
2014-02-19,81.41435138966688,81.60414866883247,80.84495265671947,81.00763702392578,41749900
2014-02-20,81.0618916148105,81.54090490986992,80.7184429161245,81.38726043701172,41814800
2014-02-21,81.64935568276002,81.76685419225244,81.17938233114761,81.27880096435547,31192200
2014-02-24,81.46860115533632,82.08318595701132,81.37822245709495,81.71263122558594,31500400
2014-02-25,81.83006945905919,81.99275376794193,81.36008950208762,81.6221923828125,26771700
2014-02-26,81.83915031479168,82.10124643112796,81.22456560674286,81.54993438720703,42953700
2014-02-27,81.56171319706769,82.16069400808739,81.43465645157644,82.07901763916016,28742400
2014-02-28,82.0608794682981,82.5509585541112,81.26223591590343,81.98827362060547,48609800
2014-03-03,81.21688164624184,81.59805900716245,80.6542034558756,81.38024139404297,38885700
2014-03-04,82.26960543426657,82.56909931155793,82.18792213860822,82.41481018066406,33189000
2014-03-05,82.55096977290052,82.78693534793221,82.37853259221477,82.6417236328125,27203300
2014-03-06,82.83231407708631,82.89584247546738,82.26963595544713,82.56912994384766,24063900
2014-03-07,82.83233076356586,82.9140141059829,81.74327030790715,82.1607437133789,31167800
2014-03-10,82.11531997084745,82.27867963161195,81.70691735689957,82.2332992553711,18131700
2014-03-11,82.4329714327336,82.64170456997543,81.63432103194997,81.87936401367188,27484300
2014-03-12,81.50724794520822,82.23329235974019,81.20776102898103,82.18791198730469,27977200
2014-03-13,82.49648968418772,82.52371514013117,80.65415997523276,81.02625274658203,48542000
2014-03-14,80.76308034961971,81.11702520632932,80.43636095510703,80.47266387939453,38732300
2014-03-17,80.98996447145191,81.59802976842836,80.94459101136826,81.18054962158203,28467200
2014-03-18,81.28041649841732,82.26057506295666,81.25319102563748,82.1607437133789,31250200
2014-03-19,82.18791985635329,82.27868060991416,81.1805364236732,81.71599578857422,40869400
2014-03-20,81.46189239435903,82.18793004433176,81.29853271140216,81.9428939819336,31634500
2014-03-21,82.4122507681369,82.45773491946186,80.80221313387784,80.95684814453125,62754000
2014-03-24,81.24793390516946,81.31160755718348,79.51054886312558,80.24734497070312,77735300
2014-03-25,80.66578158283046,81.1842690741108,79.83801707680118,80.51114654541016,41723300
2014-03-26,80.91139652323552,81.09332626177213,79.46509153639647,79.47418975830078,40930400
2014-03-27,79.36502241266437,79.71977668544802,78.59184020121049,79.02845764160156,64784500
2014-03-28,79.28314980728732,80.05633192670254,78.96477457584434,79.18309020996094,39895100
2014-03-31,79.80162979767275,80.28373129955676,79.70157020974501,79.7470474243164,33924300
2014-04-01,80.13818578883719,81.20244835704916,79.7834315994332,81.14787292480469,38683800
2014-04-02,81.49352475532017,81.57539483943499,80.9932337920453,81.35708618164062,34631600
2014-04-03,81.4389558319895,81.57540135647675,80.24734592727675,80.71125793457031,30319100
2014-04-04,81.24791986931353,81.3297899448497,78.35530443198628,78.56452178955078,131213200
2014-04-07,78.0733592358013,78.80105734444292,77.27288229441295,77.81866455078125,83995800
2014-04-08,77.90961592327791,78.6464121587078,77.63672483020304,78.5372543334961,51495700
2014-04-09,78.82834221944519,79.92899093725421,78.61912478849891,79.88350677490234,45685200
2014-04-10,79.9380809492801,79.9380809492801,77.19100830857623,77.40931701660156,73659600
2014-04-11,76.71799190416887,77.7185878611091,76.32685868088441,76.50878143310547,93657400
2014-04-14,77.18188746189706,77.51845211553106,76.39960730256905,77.10911560058594,46500700
2014-04-15,77.39112591625134,77.80955382294644,75.75379329013262,77.36383819580078,84631500
2014-04-16,78.03695415829931,78.39170837402344,77.40021066193982,78.39170837402344,46970900
2014-04-17,78.09151337967707,78.80102166380307,77.89139423494275,78.40988159179688,53719500
2014-04-21,78.59183396440832,78.9920654296875,78.22798149968389,78.9920654296875,25947900
2014-04-22,79.26492819412373,79.81980144310876,79.12848270111155,79.61968231201172,38593400
2014-04-23,79.61968340501349,79.64697111600931,78.87378923153437,78.91927337646484,34376700
2014-04-24,80.22002964530407,80.2382191368018,78.81920284320165,79.67424774169922,48926300
2014-04-25,79.20127237689827,79.29223374607133,78.20978165506898,78.40080261230469,44334000
2014-04-28,78.77375905379786,79.23767113352321,77.4184156960687,78.65550994873047,58623800
2014-04-29,78.89200195834387,79.42867889184663,78.5099531057827,79.28314208984375,36742700
2014-04-30,78.91926215991845,79.57419489035924,78.71914305451651,79.49232482910156,38689400
2014-05-01,79.6197011395506,80.18367273873949,79.41958196113171,79.7288589477539,37127200
2014-05-02,80.00174850105998,80.14729225523266,79.39229964525526,79.58332061767578,40074200
2014-05-05,79.11031594198083,80.01994357026179,78.91929497283078,80.00174713134766,27924400
2014-05-06,79.87442589892257,79.9199100711512,78.92841202383198,78.96479797363281,33698500
2014-05-07,79.12850588259631,79.2103759783507,77.80045037068331,78.73736572265625,67489100
2014-05-08,78.45537155052881,79.61969363532835,78.27344882724402,78.66458892822266,46556900
2014-05-09,78.61912372348083,79.0102639187184,78.09153798294481,78.9556884765625,35081500
2014-05-12,79.42868993536,80.28374218819876,79.3559180542868,80.25645446777344,38951100
2014-05-13,80.32920176438506,80.60209278851394,80.15637725968332,80.3110122680664,30311900
2014-05-14,80.06541026191002,80.36558900535759,79.70156481035713,79.89258575439453,26483600
2014-05-15,79.87437941478518,80.01082491215412,78.7555416041536,79.26493072509766,59680300
2014-05-16,79.35590594565124,79.82891616054356,78.81013080069722,79.78343200683594,66804100
2014-05-19,79.54692416835141,80.4656499104249,79.41048559172779,80.33830261230469,32017000
2014-05-20,80.30193586804143,80.59301646757575,79.71977466897278,80.0472412109375,33716000
2014-05-21,80.19280001448274,80.85682450357343,80.14731584294054,80.81134033203125,36837700
2014-05-22,80.90229141867547,81.3934912189355,80.77494409341273,81.16608428955078,30617100
2014-05-23,81.24795015951923,81.7755359188449,81.06602738591472,81.75733947753906,22687300
2014-05-27,82.12118240489093,82.79430491675988,82.04841052795695,82.77611541748047,29725200
2014-05-28,82.7488379077823,82.86708701745795,82.45775730404232,82.52143096923828,30468100
2014-05-29,82.81249087154085,83.05808725021433,82.64875763912276,83.04899597167969,33036100
2014-05-30,83.0671807984968,83.18542987196444,82.62146527860365,83.0580825805664,29906400
2014-06-02,83.15818012644775,83.17637657061667,82.4486714818806,82.97625732421875,30409900
2014-06-03,82.703329504783,83.07628010584428,82.5941786478144,82.93983459472656,21774500
2014-06-04,82.73062753525899,83.38556051836639,82.6032802263112,83.24911499023438,20118300
2014-06-05,83.32187872165235,84.1041589372629,83.03989641366734,83.94952392578125,35583100
2014-06-06,84.25880914575599,84.431640625,84.09507588644809,84.431640625,22680600
2014-06-09,84.44981358311769,84.57716781755211,84.14054356495325,84.36795043945312,23399500
2014-06-10,84.2951960162883,84.55898887808067,84.19513641561159,84.51351165771484,20626000
2014-06-11,84.22240925934142,84.61354937292339,84.14054611319757,84.49530029296875,22878200
2014-06-12,84.31338517376136,84.40434654654469,83.44014350320721,83.7312240600586,35275900
2014-06-13,84.09507099206766,84.18603930631753,83.61296946213865,83.97682189941406,39447100
2014-06-16,83.83126716593482,84.29517215787114,83.64933751623833,84.04957580566406,25212300
2014-06-17,83.9859037744595,84.32246148801819,83.84945826954616,84.09505462646484,19977900
2014-06-18,84.17694454514056,84.6863338143085,83.66755527597263,84.56808471679688,34514000
2014-06-19,84.69543441899515,84.75000985939754,84.13146275517263,84.51351165771484,38422200
2014-06-20,84.54905503113973,84.70411252922653,84.3940044916087,84.61289978027344,25897500
2014-06-23,84.60379587630563,84.65851796646781,84.37577788922093,84.63115692138672,20837900
2014-06-24,84.62203206026001,85.34256971579948,84.30280827832647,84.54906463623047,31945800
2014-06-25,84.35753597837967,85.23312424930704,84.34842026868704,85.08719635009766,32818600
2014-06-26,85.14193517004196,85.15105784008391,84.47612638670525,85.1328125,22563900
2014-06-27,85.02334736987949,85.52498276180278,84.99598632504544,85.50674438476562,22877800
2014-06-30,85.4884909858575,85.8624367971417,85.4337619472496,85.65266418457031,19751900
2014-07-01,85.95365516569699,86.82012765851326,85.91717145413621,86.59210968017578,31862500
2014-07-02,86.6468160674891,86.86571133863256,86.5647329502685,86.73802185058594,18777300
2014-07-03,87.02080641083968,87.2853012084961,86.78366570551654,87.2853012084961,15291700
2014-07-07,87.18497166225104,87.29442282305206,86.85663209696426,87.02080535888672,23266400
2014-07-08,86.85660410587303,86.92044885612565,85.61618585077433,85.97189331054688,40612400
2014-07-09,86.19994474802267,86.71070294841113,85.95368135957926,86.6103744506836,29919000
2014-07-10,85.49764217107034,86.69246143026895,85.39731367697217,86.33675384521484,44245300
2014-07-11,86.55564993471509,86.89311218261719,86.29114817157985,86.89311218261719,19566300
2014-07-14,87.28527436326033,87.61362079008907,87.13934648386758,87.4129638671875,19579000
2014-07-15,87.54979784690184,87.67748738263664,86.491797842448,87.11200714111328,39467500
2014-07-16,87.74132775307567,87.83254052422151,87.36738183389598,87.45858764648438,22052600
2014-07-17,87.22145023899755,87.5315583637007,86.02663804458426,86.30026245117188,43111500
2014-07-18,86.74717078560055,87.71396490459506,86.64684230624557,87.66836547851562,36682200
2014-07-21,87.4859467526961,87.70484904831878,87.14848455775306,87.55891418457031,29750700
2014-07-22,87.96934528517383,88.25209234878412,87.87813947308169,88.11528015136719,25770400
2014-07-23,88.42537724052701,88.78108476232971,88.2612040028829,88.6807632446289,28947500
2014-07-24,88.8357928035049,88.93612125603427,88.4527243257866,88.58041381835938,24707200
2014-07-25,88.12440437875406,88.35242239229596,87.7686968343133,88.23384857177734,29898900
2014-07-28,88.32508288419393,88.48925618525807,87.5771838368039,88.26123809814453,25603400
2014-07-29,88.45273189641412,88.65338186009096,88.03317271798751,88.10614013671875,27022200
2014-07-30,88.59864850242907,88.76282169440769,88.10612892649324,88.45272064208984,35348500
2014-07-31,87.72306861024356,87.8689964841329,86.537372451572,86.6650619506836,50047900
2014-08-01,86.482667906413,86.95694229092575,85.77125285036527,86.34585571289062,60708000
2014-08-04,86.52826062834038,87.27615928181086,86.20902990767298,86.93869018554688,33230500
2014-08-05,86.59208832380078,86.83834461790573,85.87155085493515,86.27285766601562,50331100
2014-08-06,85.73475584039777,86.74715617349547,85.6617884206929,86.20903015136719,34431900
2014-08-07,86.61037151375437,86.7745447809634,85.63445458050029,85.93544006347656,33274700
2014-08-08,86.072244088689,86.65596965909467,85.70741386754605,86.5556411743164,40236900
2014-08-11,86.89307985862959,87.34000006382487,86.82923510910967,87.06637573242188,28277500
2014-08-12,86.97514701115861,87.25788697612528,86.58295595077551,87.02986907958984,28152300
2014-08-13,87.38563122622972,87.98760219058319,87.34003179346733,87.95111846923828,27996500
2014-08-14,88.06968108136941,88.42538864906508,87.95111421165686,88.40715026855469,25006600
2014-08-15,88.91790620716795,89.04559574322903,87.99671840537842,88.83582305908203,55205500
2014-08-18,89.3009868362859,89.60196535488755,89.17329033442802,89.51988220214844,38938300
2014-08-19,89.7296292803852,90.07622104915369,89.67490719418227,90.02149200439453,21363400
2014-08-20,89.94853154230937,90.20391055599801,89.86644145444875,90.02149200439453,23435600
2014-08-21,90.06709103533814,90.24950261350644,89.93027887243409,90.20390319824219,19339500
2014-08-22,90.24040028932644,90.52314036498777,90.03974334844808,90.34072875976562,24692000
2014-08-25,90.76939443329157,90.91532928062547,90.44105494390331,90.65995025634766,24124700
2014-08-26,90.79678131567184,90.85150341552229,90.54139527973447,90.75117492675781,20100400
2014-08-27,90.7784860677992,90.87881450140434,90.5778292005889,90.76936340332031,15589100
2014-08-28,90.45929540397209,90.77851919167163,90.36808960156604,90.66907501220703,23563900
2014-08-29,90.86974906017586,91.12513511652905,90.54140251770886,91.00656127929688,17906300
2014-09-02,91.22545073930372,91.29841817924454,90.8971111766862,91.27105712890625,18326800
2014-09-03,91.51727784533013,91.51727784533013,90.5687293303014,90.73290252685547,25950700
2014-09-04,90.94269588383455,91.40785453994906,90.42281513590312,90.65083312988281,24663500
2014-09-05,90.78764874667772,91.16159465247729,90.32249007299598,91.10687255859375,30798200
2014-09-08,91.13423938435164,91.50819227242074,90.86062193902664,91.2801742553711,25571300
2014-09-09,91.28927704233263,91.62674616487234,90.34984405845009,90.52313995361328,36449200
2014-09-10,90.64172513689334,91.30754084887666,90.38634605565856,91.27105712890625,31080100
2014-09-11,90.87884294031139,91.24367308953768,90.51401279108508,91.19806671142578,28691900
2014-09-12,91.11597099929654,91.143332038963,90.45015554700628,90.73290252685547,30444400
2014-09-15,90.83321623429397,90.84233889958603,89.58368247291885,89.8572998046875,32972200
2014-09-16,89.51988637117768,90.8150272041378,89.42868054436727,90.64173126220703,38166900
2014-09-17,90.62346811769133,91.2071936000471,90.23127690686886,90.77851867675781,37196500
2014-09-18,91.06124872663136,91.47168522778685,90.96092722658629,91.46256256103516,30196700
2014-09-19,91.84473120970098,91.93615399549365,91.04020092956941,91.40589904785156,46918000
2014-09-22,91.18647087284572,91.19561524344508,90.1625245692711,90.55564880371094,48658000
2014-09-23,90.18995844550052,90.71107601260627,90.12596179603531,90.30880737304688,33989600
2014-09-24,90.4001991544062,91.32358504435123,90.0893603850815,91.27787017822266,35959000
2014-09-25,90.98535118145003,91.10420709299535,89.32143119582521,89.35800170898438,68642500
2014-09-26,89.65055213562663,90.47337118240193,89.49513269765565,90.30880737304688,56106200
2014-09-29,89.41284495175613,90.43679123636731,89.36713007471702,90.18994903564453,33342700
2014-09-30,90.43681922781069,90.78423566057188,89.8882754091141,90.3179702758789,41834300
2014-10-01,90.06193752675274,90.15336028722137,88.59000806534644,88.87342071533203,58164900
2014-10-02,88.83685021612268,89.14769597184743,87.73976314028012,88.87342071533203,54501300
2014-10-03,89.39455255623369,90.11680433823652,89.08371372543054,89.75110626220703,41627800
2014-10-06,90.03451445017198,90.25393047776139,89.28483662872429,89.5591049194336,36038700
2014-10-07,89.13858293140821,89.39456954073178,88.27919333572599,88.28833770751953,45154000
2014-10-08,88.33401581292198,90.29049205543105,87.82203583232914,90.00707244873047,64931600
2014-10-09,89.88828230381094,90.11684282705853,88.41635197608731,88.5534896850586,62497100
2014-10-10,88.03234946252682,88.52604090352588,86.32271467472147,86.34100341796875,77579400
2014-10-13,86.18555406511265,86.84380914460321,84.91475877697226,84.98789978027344,80835900
2014-10-14,85.5181648864729,86.0941346156637,84.75934264198406,84.9970474243164,71814500
2014-10-15,83.71712062199258,84.8050705866064,82.50117736449609,84.44851684570312,108847800
2014-10-16,82.6657298140113,84.64049516177853,82.63830368003293,83.91824340820312,93165800
2014-10-17,85.02446746826172,85.83814192150834,84.53077617498121,85.02446746826172,69546700
2014-10-20,85.015355610884,86.36843674418333,84.8416543862527,86.29529571533203,41479300
2014-10-21,87.3649452951057,88.56260681152344,87.14552921332617,88.56260681152344,53609800
2014-10-22,88.83688864280145,88.95574456042074,88.05064000747979,88.10549926757812,39178000
2014-10-23,88.99229033793242,89.92482084723798,88.83687091141853,89.4311294555664,48123800
2014-10-24,89.62315303665989,90.2265561780509,89.26659917133384,90.16255950927734,43157600
2014-10-27,89.9888195349495,90.3910881539872,89.61397705355321,90.22652435302734,29545700
2014-10-28,90.64709226759967,91.60704214623563,90.58309560902396,91.58876037597656,34495100
2014-10-29,91.2870282670495,91.5338774210708,90.60134702271746,91.25045776367188,40552800
2014-10-30,90.83907074210985,91.66188980184326,90.6379364191626,91.44246673583984,35935800
2014-10-31,92.96008044934302,93.02407707840241,92.40239254963574,92.70409393310547,54254100
2014-11-03,92.86866613534538,93.22521981183071,92.73152849628715,92.9783706665039,33481000
2014-11-04,92.68580800749892,92.90523100673755,92.03669732874799,92.66752624511719,22773300
2014-11-05,93.28006972061696,93.28006972061696,92.35668374773908,92.67667388916016,25818600
2014-11-06,92.66753685408905,92.99666441551727,92.26526828454114,92.96923828125,24671900
2014-11-07,93.13378147711356,93.17035197309043,92.40238550779387,92.88693237304688,20931700
2014-11-10,92.93266702662723,93.33492861781588,92.6858178699945,93.21607971191406,20360000
2014-11-11,93.23438337393245,93.50865173339844,92.97838980660808,93.50865173339844,15454000
2014-11-12,93.13378809586197,93.77375438316557,93.13378809586197,93.67318725585938,22050300
2014-11-13,93.84692477314022,94.42289461210702,93.63664608424732,94.07548522949219,28027800
2014-11-14,94.0480815600525,94.3680648803711,93.73723563809068,94.3680648803711,19251300
2014-11-17,94.14862188995131,94.3588935939959,93.63664174835453,94.08462524414062,23361600
2014-11-18,94.16687446121264,94.91655221189949,94.15773009318586,94.78855895996094,26336800
2014-11-19,94.68802960669653,94.68802960669653,93.92006978873702,94.35890197753906,23760200
2014-11-20,93.95661528915744,94.86171958315124,93.88348125513727,94.77943420410156,22874000
2014-11-21,95.62054375010682,95.71197350755322,94.66059407292028,94.96229553222656,34049100
2014-11-24,95.21825766585869,95.74851943241576,95.13597230030564,95.70280456542969,17928300
2014-11-25,95.84911346435547,96.1325331846525,95.60227123066383,95.84911346435547,17526000
2014-11-26,95.94053971827016,96.52565393052224,95.83997255912261,96.47079467773438,18973800
2014-11-28,96.72680274885022,97.13820884331803,96.66280609026383,96.91879272460938,17360400
2014-12-01,96.65364922017771,96.8364947996074,95.4651320285495,95.82168579101562,35969500
2014-12-02,95.92226871422955,96.37938971302985,95.72113435873935,96.2056884765625,26031300
2014-12-03,96.35194550429853,96.51650931201743,95.77597566483814,96.3793716430664,32974300
2014-12-04,96.28794905897887,96.70849946290235,95.93139530401956,96.33366394042969,31008800
2014-12-05,96.4890477947141,96.63532280621371,96.13249417124183,96.34276580810547,25622200
2014-12-08,96.09595123214535,96.5165016015834,95.15428334241334,95.65711212158203,32685800
2014-12-09,94.54174595237079,96.03195754485108,94.20347398224945,95.95881652832031,46035100
2014-12-10,95.78510956329676,96.02281438245764,94.27661618525495,94.4503173828125,39330100
2014-12-11,94.72458438410453,96.03195031190074,94.7062956437937,94.8982925415039,47576000
2014-12-12,93.99321243090705,95.07201820842602,93.85608171881302,93.86521911621094,46889400
2014-12-15,94.34975165923419,94.69716800984355,92.63097957371767,92.89611053466797,52968400
2014-12-16,92.31099648488852,93.682359197113,91.38761030562615,91.40589904785156,65348600
2014-12-17,91.46987846763994,93.3349252668973,91.35102259089491,93.0698013305664,79715300
2014-12-18,94.4046102127125,95.31885201263195,94.14862362475289,95.30970764160156,49840900
2014-12-19,95.40790466245473,96.11449084548404,95.169314119661,95.72908020019531,51419900
2014-12-22,95.57306995534067,95.99518732486153,95.52718474080764,95.96765899658203,33869200
2014-12-23,96.3163719578145,96.32555040181173,95.51801535648987,95.62813568115234,30156900
2014-12-24,95.74741601696287,96.07776995040626,95.68318091885448,95.7107162475586,14291300
2014-12-26,95.98599545054846,96.59164659235272,95.95846712612095,96.38976287841797,13924300
2014-12-29,96.29803051764156,96.58249929659479,96.24296684992974,96.3714370727539,17073800
2014-12-30,96.09614095808527,96.3163746123786,95.60060998509908,95.72908020019531,18604000
2014-12-31,95.89422193624205,96.27046100006012,94.60951325649364,94.74716186523438,24367100
2015-01-02,95.2151941404089,95.61895465104828,94.00389860628822,94.46272277832031,31314600
2015-01-05,94.0498002786849,94.15992062783288,92.81097610545793,93.07709503173828,36521300
2015-01-06,93.21472202792137,93.3707205687547,91.41613208363329,91.82907104492188,66205500
2015-01-07,92.43470914857757,93.23305862676582,92.2144685329184,93.01282501220703,37577400
2015-01-08,93.80200613238534,94.97659478344411,93.7010642638318,94.7930679321289,40212600
2015-01-09,95.08672335065773,95.11425168063506,93.61848040825565,94.16907501220703,41410100
2015-01-12,94.3525819998369,94.45352385588663,92.94858145799947,93.18717193603516,34129800
2015-01-13,94.09568101848821,95.08674311022764,92.40720408429112,93.15967559814453,56162300
2015-01-14,92.22363466444455,93.1229328889199,91.82904569877161,92.645751953125,51354200
2015-01-15,93.0770542871987,93.22387435402243,91.33352136165492,91.44364166259766,51005400
2015-01-16,91.32435031773302,92.63658758892907,91.17753023901554,92.51729583740234,35362200
2015-01-20,93.07710173259464,93.49004081969782,92.03098284423662,93.25145721435547,30964100
2015-01-21,92.97611306404647,94.16905849523378,92.64575916005921,93.72858428955078,40128800
2015-01-22,94.09563509122208,95.56387062099779,93.26975041787973,95.46292877197266,40887200
2015-01-23,95.4537782152348,95.96766605159993,95.17848791110116,95.67401885986328,34783000
2015-01-26,95.56390380859375,95.73825924493293,95.07755127680727,95.56390380859375,19960900
2015-01-27,94.0589090552728,94.11396568851482,92.77420060454219,93.0862045288086,45253200
2015-01-28,94.58199959355541,94.68294145553627,92.59070468193325,92.60905456542969,43591700
2015-01-29,92.53564259962171,93.6735314265165,91.7281146911708,93.49917602539062,46539700
2015-01-30,93.41658889310256,94.13235336381334,92.64576077003701,92.77423095703125,42927600
2015-02-02,92.98528392483495,93.66434156051037,91.53539824233658,93.58175659179688,43624700
2015-02-03,93.92129026087984,94.54529130623453,93.30646765767598,94.4810562133789,30750400
2015-02-04,94.09569568126905,95.02252280043854,93.88463340619143,94.39852142333984,34073200
2015-02-05,94.6370490120602,95.27940690294318,94.39846553934045,95.21517181396484,23605500
2015-02-06,95.36202809826995,95.59144021763709,94.29755950497957,94.6370849609375,34169300
2015-02-09,94.27002392476186,94.78390479229205,94.10484693146975,94.33425903320312,22604700
2015-02-10,94.85729088088507,95.93093752587772,94.71046381775803,95.8024673461914,23686500
2015-02-11,95.91258596237134,96.37141005844316,95.72905912438264,96.15117645263672,20303600
2015-02-12,96.77519809561045,97.3074358405698,96.62837799419846,97.2707290649414,22520300
2015-02-13,97.54603829856885,98.12415433286453,97.36250439800497,98.10580444335938,29030200
2015-02-17,98.1057692370082,98.26176774567885,97.85800031043725,98.1975326538086,17675300
2015-02-18,98.07825764735897,98.39026174130977,97.94978743252675,98.335205078125,15149600
2015-02-19,98.27096146349291,98.88579119774022,98.24343313232242,98.8215560913086,19828100
2015-02-20,98.75730346857758,99.5373030515015,98.44529943474785,99.48224639892578,28336700
2015-02-23,99.42717715159125,99.61071098501871,99.20694355257818,99.58317565917969,17868000
2015-02-24,99.45468675634986,99.77586915411798,99.15186824011772,99.65657043457031,19745000
2015-02-25,99.50979350637562,99.89520414934739,99.1886109694642,99.40885162353516,19472300
2015-02-26,99.50979840980506,99.96862262674279,99.23450107920165,99.91355895996094,22255500
2015-02-27,99.87684401322474,99.94108611939933,99.31708495535901,99.47308349609375,27757600
2015-03-02,99.6657817531209,100.40907463077208,99.64742486662777,100.37236785888672,22988600
2015-03-03,100.06955014336557,100.17049201668355,99.27119360015085,99.90437316894531,20788900
2015-03-04,99.57402270621199,99.72084279911411,98.9775498887506,99.51895904541016,21007400
2015-03-05,99.77591322427887,99.99614687911352,99.28038225007467,99.69332122802734,15381000
2015-03-06,99.56483898362632,99.75754428346252,98.31683675517206,98.56460571289062,30990400
2015-03-09,98.76649095339738,99.09684492471439,98.36273043375547,98.84908294677734,26237100
2015-03-10,98.14250532112587,98.17004065734555,97.01380157470703,97.01380157470703,34234500
2015-03-11,97.16059609564277,97.27989485118746,96.41730323891348,96.45401000976562,25459700
2015-03-12,96.38061078753431,97.19731730730776,96.31637567927466,97.08720397949219,21473200
2015-03-13,96.99540822071116,97.38082577077019,96.05941017308182,96.66505432128906,42021100
2015-03-16,97.0229803899358,97.94980034755817,96.92203849338642,97.91309356689453,25674100
2015-03-17,97.64696675592687,98.2250827106652,97.41755466261938,98.06908416748047,19603800
2015-03-18,97.8029400024899,99.48223777141655,97.29823072731534,99.03258514404297,40622200
2015-03-19,99.13355813772814,99.45473368595049,98.98673803044159,99.179443359375,31314000
2015-03-20,99.99616753227049,100.31808167558627,99.80301904628104,99.8214111328125,31761400
2015-03-23,99.76626115367738,100.04218464695278,99.59150469589324,99.6282958984375,17268500
2015-03-24,99.6190675649748,100.07894693811893,99.2511696802214,99.26956176757812,22445300
2015-03-25,99.42591949725926,99.51789396884256,96.96096576593402,96.99775695800781,41581400
2015-03-26,96.19756991004563,97.21850274352164,95.87565573219347,96.6666488647461,47846300
2015-03-27,96.64825128969855,97.28288005652246,96.50108652120453,97.05294036865234,33878400
2015-03-30,97.64157801862373,98.24861505608862,97.64157801862373,98.16584014892578,30570200
2015-03-31,97.88995041941527,98.0922985216899,97.09895711990771,97.12654876708984,30488100
2015-04-01,97.12652197344492,97.14492107796022,95.9952226478361,96.62065887451172,32970500
2015-04-02,96.71263497499643,96.99775794496652,96.3723217077529,96.68504333496094,19164200
2015-04-06,96.11478250215193,97.74275228567218,95.96761774441805,97.47602844238281,24451100
2015-04-07,97.42085240709434,98.13826316303481,97.31048583984375,97.31048583984375,19379400
2015-04-08,97.34725149630503,98.22102641827878,97.33805896225171,98.08306121826172,25866900
2015-04-09,98.03708287269718,98.73610149520339,97.70597617488104,98.69931030273438,23114700
2015-04-10,98.6625318157599,99.11321871864162,98.44179164972199,99.10401916503906,17164300
2015-04-13,99.1775965608783,99.68345970826967,98.7453087869891,98.85568237304688,17783500
2015-04-14,98.75448969447199,99.03961263311727,98.0094804093511,98.5705337524414,23755700
2015-04-15,98.82807747636875,99.39833044253947,98.70851136192115,99.18678283691406,21128600
2015-04-16,98.92004721450417,99.22356224084058,98.78208201133212,99.04881286621094,16195300
2015-04-17,98.10149156291973,98.36821547944035,97.08055858174149,97.50364685058594,46514000
2015-04-20,97.99112218368644,99.14082090413912,97.95433098256747,98.966064453125,28945900
2015-04-21,99.53628676825022,99.71104316523002,99.26955590551333,99.38912200927734,22759800
2015-04-22,99.64667082598469,100.09735771661333,99.00284243537685,99.93180084228516,21429200
2015-04-23,99.59145783913527,100.75955516442356,99.57306575511862,100.30886840820312,29473200
2015-04-24,101.36659820592489,101.8080854377911,101.20104137112524,101.67012023925781,32508100
2015-04-27,102.04723407363632,102.24038959302797,101.19185812554053,101.41260528564453,31121300
2015-04-28,101.48618956182304,101.67934509816651,100.35489009011555,101.21026611328125,36849200
2015-04-29,100.64921258110027,101.23785769158971,100.02377627405482,100.57563018798828,34043900
2015-04-30,100.00537737838745,100.4100664785553,98.469374849823,98.99363708496094,44080500
2015-05-01,99.3799315355348,100.36407307566725,99.36153243168069,100.29969024658203,32874300
2015-05-04,100.6215977649673,101.09067664152396,100.41005018779026,100.46524047851562,23507300
2015-05-05,100.06976692971108,100.2537158951144,98.78210312027814,98.82808685302734,47843300
2015-05-06,99.00282920831992,99.287952169324,97.49442545139155,98.14745330810547,42687200
2015-05-07,98.11987773562443,99.01204497321844,98.04629534099323,98.73611450195312,29335800
2015-05-08,99.75704216360114,100.18013038462554,99.60988439929845,99.96858978271484,33023300
2015-05-11,100.03297755209255,100.23532562803743,99.50871527223684,99.58229064941406,19679300
2015-05-12,98.99367230076793,99.63750789991272,98.23027755852684,99.13163757324219,33665000
2015-05-13,99.56387062425966,100.07893320600313,99.18676622176793,99.33393096923828,20738400
2015-05-14,100.1433502048416,100.86996060474512,99.77545224501522,100.78718566894531,23904200
2015-05-15,101.04471704770529,101.18268229124207,100.53884682713834,100.78718566894531,23937400
2015-05-18,100.62163095230967,101.43101630548558,100.54804855187443,101.22866821289062,17631100
2015-05-19,101.3390186370359,101.49537593929853,100.95272164890393,101.11827850341797,14212900
2015-05-20,101.19187075923963,101.78971544572364,100.64921637827337,101.18267822265625,21131900
2015-05-21,101.00789824546858,101.84488201491654,100.86074050519314,101.70691680908203,16771800
2015-05-22,101.58735193281903,101.97365594394336,101.52296910049873,101.60575103759766,13543800
2015-05-26,101.38499459113363,101.52295276876818,100.03294831270475,100.43763732910156,25488400
2015-05-27,100.74117927921958,102.16680821248664,100.52043913414431,102.05643463134766,30572700
2015-05-28,101.86332166309087,102.10246099704965,101.51381572669352,101.82653045654297,17302400
2015-05-29,101.76209852105835,101.90006372477315,100.9803050562768,101.21944427490234,30383000
2015-06-01,101.7621167428122,101.83569913359615,100.73198432344583,101.55976867675781,24570200
2015-06-02,101.18265546921226,101.7345092798673,100.68598493446214,101.23783874511719,19449600
2015-06-03,101.69773916153264,101.9184793280907,101.29304300850674,101.5413818359375,20507200
2015-06-04,100.971108717412,101.61494401616564,100.44684654037651,100.76876068115234,31374600
2015-06-05,100.64919103927882,100.88833025710849,99.91338130004985,100.52962493896484,22641700
2015-06-08,100.48367802178738,100.55726043124142,99.3063875393421,99.50873565673828,24549200
2015-06-09,99.26959538665879,99.70188326656717,98.59816818691084,99.34317779541016,27554600
2015-06-10,99.68345862545742,100.99871402191283,99.5730920578015,100.70439147949219,30297900
2015-06-11,101.0447110225528,101.31144193956479,100.67680606746029,100.8515625,17593500
2015-06-12,100.3181033913833,100.52965102689984,99.8858155836956,100.0237808227539,27201800
2015-06-15,99.27876781918906,99.68345692235144,98.69931528008382,99.527099609375,31238800
2015-06-16,99.42591263376161,100.23530476910697,99.37992890974547,100.06974792480469,16456900
2015-06-17,100.23531367560942,100.66759440234098,99.729443546069,100.3456802368164,23296700
2015-06-18,100.71360532823833,101.98287015686655,100.65842203657743,101.80812072753906,43032400
2015-06-19,101.85787928273751,101.94085161880365,101.23100453990135,101.30475616455078,27877600
2015-06-22,102.05147552490234,102.35569571201577,101.82100696496956,102.05147552490234,19120900
2015-06-23,102.16211555448369,102.22664647788294,101.71039909068902,102.13446044921875,18127900
2015-06-24,102.01458986171721,102.44786477467837,101.58130791541492,101.60896301269531,15815900
2015-06-25,102.00541643532766,102.10682319458945,101.24025890029576,101.40619659423828,18326700
2015-06-26,101.38772164729583,101.61819018374025,100.35522007202191,100.73318481445312,32311700
2015-06-29,99.61773007793971,100.17086025946435,98.30867031946192,98.35476684570312,50874900
2015-06-30,99.09226363164298,99.30429780909559,98.40085792691943,98.705078125,34809900
2015-07-01,99.68225545917272,99.88506891002358,99.02772561628082,99.48866271972656,21293000
2015-07-02,99.77443466624341,99.85739995735086,99.21209091537821,99.51630401611328,20499400
2015-07-06,98.88946712639135,99.85743809235414,98.67743994591736,99.28587341308594,24311000
2015-07-07,99.39646936460082,99.62693789930202,97.56194179771487,99.53475189208984,44230800
2015-07-08,98.82493214012108,98.94478031257982,97.61727893566943,97.80165100097656,39691500
2015-07-09,99.10147886349003,99.1936648790202,97.73710192028028,97.74632263183594,28381000
2015-07-10,99.04616861002239,99.60851244781267,98.6866382262997,99.23976135253906,26415800
2015-07-13,100.09710304604684,101.065066743024,100.08788233464458,100.98210144042969,25780700
2015-07-14,101.12039071319302,101.92241682505826,101.06507347443706,101.64585876464844,21977200
2015-07-15,101.83944206032054,102.15287590634864,101.47069098067313,101.7564697265625,28631500
2015-07-16,102.59539848375528,103.21305261764736,102.39258499899232,103.19461822509766,29838900
2015-07-17,104.02425462287209,104.71566009521484,103.8491033525499,104.71566009521484,35926800
2015-07-20,104.93695091089573,105.45319825668416,104.61429631977796,105.07523345947266,26539000
2015-07-21,105.11209610527115,105.27803374720816,104.70647622869129,105.01069641113281,35468900
2015-07-22,103.40663976684235,104.32851407775297,103.40663976684235,103.82148742675781,35575000
2015-07-23,103.92289495078838,104.26398394706946,103.16695829144953,103.43429565429688,25698300
2015-07-24,103.98740973867076,104.17178176030805,102.26350249966085,102.42021942138672,30844700
2015-07-27,101.83943448595272,102.28193012194525,101.35084233092951,101.57209014892578,35994800
2015-07-28,102.0238070962853,102.65068177875128,101.2125604032934,102.44786834716797,33553500
2015-07-29,102.66913773212045,103.05632322903388,102.27273152337318,102.83507537841797,26714100
2015-07-30,102.59540307060269,103.49883604613706,101.97774890909643,103.32368469238281,25438100
2015-07-31,103.64631434661185,103.70162454674667,102.99178452276311,103.20381164550781,22081700
2015-08-03,103.22224524477018,103.50802396826391,102.19896441977748,102.88114929199219,25001800
2015-08-04,102.83507191555594,103.01944394597027,102.26350736792412,102.68756866455078,22132300
2015-08-05,103.2591445885136,104.17179819629558,103.1392964255324,103.48039245605469,28989900
2015-08-06,103.57259251570495,103.71087508915927,101.36009244046745,101.82102966308594,42125400
2015-08-07,101.5720839533362,101.93161427315287,100.85302331370285,101.69192504882812,30006800
2015-08-10,102.33725308418668,103.07474819660108,102.32803237319577,102.85350036621094,21500800
2015-08-11,102.30960290819574,102.70600909978187,100.97288108385088,101.53522491455078,36123300
2015-08-12,100.83458503922162,102.08833435940277,99.7652147563266,101.8855209350586,41889000
2015-08-13,101.98694122745064,102.47554046631316,101.49834902193017,101.71959686279297,22510500
2015-08-14,101.47992129734077,102.02382374046344,101.27710783267044,101.87632751464844,17924900
2015-08-17,101.6274089888246,102.75209662875433,101.36928534031783,102.72444152832031,21224900
2015-08-18,102.58613711136562,102.66910942831176,102.0606692151748,102.1989517211914,13984400
2015-08-19,101.88551603150145,102.42942537364179,100.93598689353561,101.52598571777344,42511400
2015-08-20,100.58569022486643,100.90834477440531,98.70506609325763,98.71428680419922,57747300
2015-08-21,97.32226493578777,98.15195317295175,94.3999252319336,94.3999252319336,97763400
2015-08-24,86.86822148225578,94.51977422518063,78.11962899918717,90.76774597167969,150829900
2015-08-25,94.09569810579872,94.71335212387464,90.35289115247325,90.4266357421875,75088300
2015-08-26,93.07242579666307,95.16508433591243,91.20102214703206,94.98070526123047,104103800
2015-08-27,96.3542631596457,97.45129542220351,95.21114141911345,97.38676452636719,69377700
2015-08-28,96.87055706991448,97.71867977238949,96.65852287762421,97.36837005615234,49919600
2015-08-31,96.82444082075709,97.3591295156022,95.92100809269346,96.16069030761719,39549400
2015-09-01,93.76382117449889,95.22038405401827,92.76819538090272,93.15538787841797,73155500
2015-09-02,94.84241448658376,95.80116449173691,93.7546026570198,95.78273010253906,43963600
2015-09-03,96.16070659675674,96.81523650993778,95.0452395306305,95.31258392333984,45131800
2015-09-04,94.00352967014297,94.81477657541932,93.65321291179609,94.1786880493164,49379600
2015-09-08,95.98557920244303,96.95354324505598,95.5891728707031,96.83370208740234,37343500
2015-09-09,97.97680678185003,98.00446188757661,95.49696247933292,95.7458724975586,47146700
2015-09-10,95.63523950329487,97.42367792571032,95.52461908679435,96.78758239746094,47686700
2015-09-11,96.34508871006693,97.32227325439453,96.06852359625877,97.32227325439453,29106100
2015-09-14,97.68178198566426,97.70022340693828,96.65850113854121,97.02725219726562,19718800
2015-09-15,97.25774128506976,98.47461511270564,96.89821086099617,98.17039489746094,30020200
2015-09-16,98.18882901881402,98.81570379450172,97.84773301194166,98.7235107421875,31329100
2015-09-17,98.62209286087646,100.23537251212774,98.30865201415313,98.76036834716797,56139800
2015-09-18,97.24482337618373,98.51085900240378,97.18937156851077,97.355712890625,48384000
2015-09-21,97.89171957054678,98.46467468077547,96.78278192866615,97.66069030761719,35772600
2015-09-22,96.16361125675151,96.49629393557387,95.3041821782026,96.20057678222656,47359700
2015-09-23,96.45933383193956,96.71809252480936,95.77548919834594,96.2745132446289,21775100
2015-09-24,95.34116441671024,96.28376785542696,94.50945757385853,95.9233627319336,38284300
2015-09-25,96.94914397056692,97.04155428536995,94.51871109356213,95.11014556884766,44700000
2015-09-28,94.70353026926203,94.7682181888607,92.12524253019322,92.40247344970703,44077500
2015-09-29,92.63350315391189,93.57610661564006,91.25657054463153,91.92193603515625,49315500
2015-09-30,93.23418534487108,94.1398233186217,92.873780194719,94.03816986083984,41411400
2015-10-01,94.20450516027118,94.47249998162684,92.95694135902315,94.4632568359375,39339100
2015-10-02,93.15099410230896,96.1174087524414,92.8552769516854,96.1174087524414,59370900
2015-10-05,96.82896607464302,97.75308295957065,96.61642313936296,97.49433135986328,32853500
2015-10-06,97.2633245014009,97.58676407540028,96.27451948920054,97.03229522705078,33051500
2015-10-07,97.64223902439122,97.82705966746882,96.37619576289731,97.61450958251953,37389300
2015-10-08,97.2448563171139,98.16897351957435,96.30225282234957,98.00263214111328,50188900
2015-10-09,98.04882685870334,98.63102516750055,97.78083204282838,98.44619750976562,23916200
2015-10-12,98.63104050980941,98.87130592655735,98.27987143071492,98.68648529052734,16162000
2015-10-13,98.12275155390152,99.12079968953684,97.9564101979623,98.04882049560547,26999600
2015-10-14,98.04882184601495,98.53860277567783,97.48510985703778,97.8917236328125,30902600
2015-10-15,98.25212297702797,99.50892270991585,98.1227471560354,99.49967956542969,38393800
2015-10-16,99.71225094180974,99.97100263921314,99.23170603195632,99.91555786132812,27091100
2015-10-19,99.78614820144266,100.55315988729552,99.56435506414424,100.48847198486328,23776300
2015-10-20,100.31291126836422,100.52545424726885,99.62905955683111,99.97098541259766,23404700
2015-10-21,100.47923348913044,100.5808798615624,99.32408736585568,99.36104583740234,30195200
2015-10-22,100.24821250602795,101.46804663047234,99.96173144959614,101.38487243652344,42778700
2015-10-23,104.1110114262674,104.64699386008049,103.56577879904508,104.2219009399414,53170900
2015-10-26,104.14799448907932,104.48992035469996,103.75062385352983,104.28661346435547,25918000
2015-10-27,104.00937225019375,104.64700819250668,103.98164281752514,104.49915313720703,31390500
2015-10-28,104.65627646191201,105.36784362792969,103.81532639707254,105.36784362792969,42221900
2015-10-29,104.88727304494078,105.37705389672578,104.77637647360253,105.20146942138672,24913300
2015-10-30,105.24770508594321,105.42328960632166,104.70247933385893,104.7302017211914,27199200
2015-11-02,105.00741004665659,106.04242360387273,104.78562394527206,105.91304779052734,22176900
2015-11-03,105.70050135477827,106.66158389386167,105.54340315475731,106.28269958496094,20418400
2015-11-04,106.63389524026739,106.7078263167631,105.84839694125321,106.2919692993164,28633000
2015-11-05,106.38435400936069,106.64310564720142,105.45099384390376,106.00546264648438,25004100
2015-11-06,105.80213073041378,106.19950123745545,105.12752941292898,106.0793685913086,29924900
2015-11-09,105.68201091118003,105.820629858452,104.3050786826376,104.95195770263672,33479800
2015-11-10,104.39753163285484,104.78565920348794,104.08332808725514,104.68400573730469,35452100
2015-11-11,104.97043811388997,105.4787052427598,104.3790038459974,104.5545883178711,22748800
2015-11-12,104.12950500125893,104.63777217709858,103.46413962577913,103.53807067871094,31196900
2015-11-13,103.10374584667522,103.21464243821721,101.44957537105758,101.50502014160156,52836000
2015-11-16,101.40338795346261,102.98362758946087,101.17235864322097,102.96514129638672,33980600
2015-11-17,103.14066644068733,103.76906608473496,102.77101834705032,103.02976989746094,30579500
2015-11-18,103.44564775040742,105.10905393544482,103.3439943276579,105.00740051269531,32966500
2015-11-19,105.06288062255452,105.56190472762795,104.87805296301566,105.08135986328125,26188100
2015-11-20,105.58038056402471,105.87609775929747,105.47872711716963,105.79293060302734,22727600
2015-11-23,105.82990256800718,106.21803716475226,105.03516823294149,105.48798370361328,20696200
2015-11-24,104.80412682066043,105.64506974050276,104.27737328951592,105.39556121826172,26374400
2015-11-25,105.55267162799495,105.68204747675833,105.2661975415125,105.48798370361328,14159900
2015-11-27,105.71900795357668,105.84838379614948,105.27542860014523,105.63583374023438,8828000
2015-11-30,105.95004199603547,105.95004199603547,105.0259247645837,105.36784362792969,25041600
2015-12-01,105.79294854394861,106.42134857177734,105.66356563927465,106.42134857177734,28639400
2015-12-02,106.50449424345669,106.96655278681224,105.60809954127429,105.76519775390625,22395500
2015-12-03,106.05166770669962,106.23648828444897,103.35324073856863,103.97240447998047,42754300
2015-12-04,104.2865807980608,106.5783935934471,104.07403787960686,106.4028091430664,40037300
2015-12-07,106.47680176132198,106.54148969354023,105.41406540306005,105.92233276367188,25892100
2015-12-08,104.81333039395227,106.2734366945599,104.77636487426514,105.93151092529297,30792600
2015-12-09,105.46943482085206,106.05163284524237,103.68588933509358,104.32353210449219,48509200
2015-12-10,104.56384683344643,105.49720703892643,104.24964336655705,104.79487609863281,30154600
2015-12-11,103.58428257256594,103.8615205233304,102.31824665519466,102.3829345703125,56022200
2015-12-14,102.52153616020314,103.20538072554818,101.07990893133307,103.15917205810547,53098500
2015-12-15,104.11102900148468,104.68397705339386,103.65820657603284,103.78758239746094,48428000
2015-12-16,104.48991405697932,105.50644139698056,103.39945566122617,105.33086395263672,44944100
2015-12-17,105.79293325907318,105.79293325907318,103.77835761243252,103.79683685302734,45668800
2015-12-18,103.4742422857485,103.70597713487433,101.80575561523438,101.80575561523438,53746100
2015-12-21,102.7697884797444,102.9551735573873,102.00969834622866,102.93663787841797,26432800
2015-12-22,103.48351030445622,103.76159494318496,102.93661947280545,103.61328125,26540300
2015-12-23,104.1509098071975,104.45680150135632,103.96552475909375,104.38264465332031,25656900
2015-12-24,104.38262508095104,104.65143830068777,104.31773961908252,104.36408233642578,11468600
2015-12-28,104.11381528767565,104.32701442482302,103.36299676534632,104.3084716796875,19183600
2015-12-29,104.92951133965222,106.18088487822405,104.86462588055466,105.94915008544922,27725700
2015-12-30,105.85648453104197,105.89356295844041,104.97589486428643,104.99443054199219,19520100
2015-12-31,104.62362661810684,104.81828299508365,103.66887333295686,103.68741607666016,29886800
2016-01-04,101.45350524693724,101.59254755865152,100.2206813321012,101.4998550415039,50807600
2016-01-05,102.00039925505725,102.13017018854322,100.8509965276163,101.32373046875,38795200
2016-01-06,99.56255163341805,100.93441780990462,99.56255163341805,100.35044860839844,41891100
2016-01-07,98.20923439837179,99.45133697041948,97.15252396423486,97.20814514160156,61386300
2016-01-08,97.91260995354291,98.5243933750741,96.30900869162632,96.41097259521484,69344000
2016-01-11,97.0968857218659,97.38423462421277,95.22447156233969,96.70757293701172,50024100
2016-01-12,97.63454428818727,98.32974894918777,96.47586985318644,97.8292007446289,46734200
2016-01-13,98.2277589475852,98.46876514621978,94.30680258912503,94.45511627197266,69870700
2016-01-14,94.82590362261962,97.31010150205285,93.31498787177867,96.46658325195312,78445700
2016-01-15,93.2686515846751,94.49221139651996,92.23974821198885,93.47257232666016,91443900
2016-01-19,94.7424879095926,94.89080162800248,92.58271712116331,93.67650604248047,56563800
2016-01-20,92.20264852763368,94.39022572810482,90.14484225668328,93.38912963867188,86675000
2016-01-21,93.78774906525915,94.87226670061088,92.52711064276917,93.48185729980469,61660100
2016-01-22,95.36349368581753,96.22554734637488,95.0390664096904,96.18846893310547,42229800
2016-01-25,95.84554195022817,96.39243283919613,94.67759624594083,94.76102447509766,38881500
2016-01-26,95.15960172524343,96.0216485738488,94.32535485499557,95.61380004882812,36143900
2016-01-27,95.05762359100233,95.46547205494721,92.83296796081493,93.23155212402344,54524700
2016-01-28,94.77956354851815,94.8166419770289,92.93495593002858,94.5478286743164,47641500
2016-01-29,94.52001602103672,96.55927996439995,94.49220896929789,96.52220153808594,54245100
2016-02-01,96.05871966755498,97.14324405210459,95.68794959528367,96.78173828125,32750300
2016-02-02,96.33684114596086,96.37391958176894,94.3995335389219,94.6868896484375,44928100
2016-02-03,95.31716801897188,95.31716801897188,92.58269289521071,94.23265075683594,61572900
2016-02-04,93.9823900646392,94.97421499109522,93.10180041785566,94.22339630126953,49321600
2016-02-05,93.88970581610353,93.92678424593166,90.5805319778077,90.95130920410156,70749900
2016-02-08,89.25499088549583,89.95946677185205,87.91092458442238,89.56088256835938,91673100
2016-02-09,88.36513078192753,90.63612938245645,88.2260884636942,89.28279876708984,73778400
2016-02-10,90.3117114150251,91.47965710888872,89.56089271924904,89.62577819824219,59421700
2016-02-11,88.4856345704631,90.20974242597195,88.23536404330245,89.49600219726562,76839200
2016-02-12,90.50633957650976,90.9512734877353,89.6628286131238,90.85857391357422,49186500
2016-02-16,92.20266668872664,92.90714263916016,91.62796169337473,92.90714263916016,40565900
2016-02-17,93.58381144890346,95.14107009806534,93.34280519777478,95.01129913330078,41766500
2016-02-18,95.30791856771042,95.32645424593117,93.80627404029384,93.9267807006836,38991500
2016-02-19,93.47257383420654,94.4922129205113,93.2686530889326,94.2048568725586,28257900
2016-02-22,95.0854742750405,95.82702177743336,94.99278172123995,95.73432922363281,23979100
2016-02-23,95.17811711581098,95.43765895968512,94.09359995162913,94.15848541259766,29869700
2016-02-24,93.05544753970364,95.17813965402097,92.48074255504572,95.0576400756836,40739100
2016-02-25,95.25229579348033,95.99384307861328,94.39950616119707,95.99384307861328,29389300
2016-02-26,96.72612698986869,96.74466973856721,95.64160956656097,95.87334442138672,30925000
2016-02-29,95.78066061868151,96.49440092488658,95.01129913330078,95.01129913330078,27553900
2016-03-01,95.91967802259123,98.06090545654297,95.62305774138585,98.06090545654297,37699800
2016-03-02,97.94042157014565,98.11653524930162,97.33790953854094,98.0979995727539,29209800
2016-03-03,97.99604878002413,98.02385583455849,97.20815158960482,97.9126205444336,25474600
2016-03-04,98.02384862709162,98.58001089284795,97.3008369744097,97.94969177246094,31655400
2016-03-07,97.44913186357807,98.01456543599339,96.65196345236913,97.34716796875,25861200
2016-03-08,96.67977565231273,97.52328677132687,96.37388397390706,96.54073333740234,28898500
2016-03-09,96.90223181840476,97.1803093553066,96.36460534628165,97.16177368164062,31047400
2016-03-10,97.5696433665511,98.1258055929655,95.76210729072132,97.01348114013672,44236100
2016-03-11,98.06093063965152,98.70978546142578,97.75503890710628,98.70978546142578,31454000
2016-03-14,98.33899091862601,99.10835226601044,98.31118387001938,98.87661743164062,25374900
2016-03-15,98.52439020048469,98.95078147812207,98.20922712536968,98.83954620361328,26524600
2016-03-16,98.5985653979276,99.9797033881527,98.57075127013478,99.72016143798828,31693100
2016-03-17,99.43279302744898,99.89626275868382,99.0620229000506,99.6645278930664,29623700
2016-03-18,99.90437783284094,100.07172213445564,99.29078678889641,99.82070922851562,37682300
2016-03-21,99.64406317727843,100.30414148878769,99.58828410933687,100.21117401123047,17288600
2016-03-22,99.64406494445855,100.7503970980126,99.62547428580295,100.51797485351562,18840300
2016-03-23,100.32275589911784,100.3971256377347,99.46743652185577,99.69056701660156,20912900
2016-03-24,99.20710544318007,99.74632672801141,99.03976115109323,99.71843719482422,19017300
2016-03-28,99.99735964789815,100.0159574023903,99.40235917752118,99.5790023803711,13892300
2016-03-29,99.39307612972434,101.24315565826647,99.2257317894112,101.1780776977539,29963900
2016-03-30,101.78235686165864,102.30298044224641,101.45696003082698,101.67079162597656,23807200
2016-03-31,101.59641051205357,101.97758639814812,101.36398826725369,101.52203369140625,21447200
2016-04-01,100.90843791756912,102.63765990516035,100.76898315864138,102.60047149658203,26389000
2016-04-04,102.60048203399079,102.67485885878617,101.96829320915899,102.21001434326172,17163000
2016-04-05,101.41978220293845,101.80095814490791,101.09439243111395,101.22454833984375,20107900
2016-04-06,101.32681673425823,102.92588317970149,101.32681673425823,102.8886947631836,25056000
2016-04-07,102.29367838747585,102.47962044116825,100.97352172459831,101.41047668457031,28567200
2016-04-08,102.0426633204264,102.28437734566204,100.9828184621965,101.33609771728516,22898000
2016-04-11,101.7730346952884,102.28435928264797,100.95490400677278,100.96420288085938,25772100
2016-04-12,101.03859814719553,102.00547553292994,100.42500001870555,101.81024169921875,28564100
2016-04-13,102.59117053093594,103.26984656097588,102.46101465004557,103.11180114746094,25356700
2016-04-14,103.13041551551753,103.50229258625804,102.26580434055604,103.1211166381836,17199700
2016-04-15,103.03745253843516,103.25127707573395,102.60049749313049,102.86080932617188,21353300
2016-04-18,102.56328143545569,103.44648307282806,102.49820349473313,103.4093017578125,17126100
2016-04-19,103.60456052747266,103.60456052747266,102.15424063891125,102.77713775634766,42481400
2016-04-20,102.77714070539378,103.33495278947753,102.4238542808672,102.86080932617188,18078300
2016-04-21,102.80500872528442,103.24196367912047,102.40524218166463,102.87008666992188,20216000
2016-04-22,101.5313370147295,102.00548040092069,100.51797938763536,101.31751251220703,39074000
2016-04-25,101.01071343332072,101.32680429547196,100.82477137355735,101.31751251220703,14351900
2016-04-26,101.53133368440236,101.69867798621816,100.51797609054734,100.82476806640625,19118300
2016-04-27,99.79279212803348,100.24834474578269,99.18850008397406,100.01592254638672,33059800
2016-04-28,100.12752235747531,100.71323108334875,98.61213153984453,98.80736541748047,29818200
2016-04-29,98.80735150566687,99.01188423238276,97.50578541171869,98.28672790527344,67502800
2016-05-02,98.53774686291207,99.35587781987425,98.12868847739601,99.21642303466797,24813800
2016-05-03,98.50983735849331,98.95609116211371,98.03569402207732,98.29601287841797,38569400
2016-05-04,97.70101493686231,98.06360017733071,97.42211248883989,97.66383361816406,27474500
2016-05-05,98.01711646548182,98.23094806710144,97.44070670313009,97.63594055175781,20788100
2016-05-06,97.1525121215454,98.17516872528445,97.05954462901731,98.15657806396484,30758500
2016-05-09,98.16585991492909,98.89102330638637,98.11937971985078,98.43547058105469,19289600
2016-05-10,98.78877925846757,99.83002665332974,98.61213603556807,99.7835464477539,21178900
2016-05-11,99.63478268336787,99.93228292221545,98.85384721625495,98.8817367553711,20966300
2016-05-12,99.11417109323219,99.23502814175627,97.74752676660339,98.44479370117188,29196300
2016-05-13,98.36108570788564,98.96537780162429,97.88694239610871,98.0821762084961,21059300
2016-05-16,98.23094401640714,99.6719577234174,98.13796944121067,99.30937957763672,18311900
2016-05-17,99.22570988034649,99.51391119998638,97.80327975527499,98.0635986328125,29932700
2016-05-18,97.84049076936006,98.94682320234472,97.65455576398578,98.41690063476562,27524400
2016-05-19,98.03570399062627,98.2774251210397,97.18969067362576,97.90554809570312,27334600
2016-05-20,98.29601804820454,99.38375244222291,98.24023188671573,98.9839859008789,29549600
2016-05-23,99.09555774799013,99.44884414542926,98.76087619757321,98.85384368896484,15729800
2016-05-24,99.4023689474086,100.9549482307406,99.37447940589432,100.83409118652344,29931300
2016-05-25,101.21523898682972,101.86601841751738,101.03859581580143,101.55921936035156,37951700
2016-05-26,101.6615013702168,101.98689113567578,101.41978021889086,101.85673522949219,21885900
2016-05-27,101.92179038200325,102.39593370158302,101.90319972512084,102.38663482666016,19870000
2016-05-31,102.52610721829654,102.73993882053237,102.06126269366301,102.5818862915039,24366100
2016-06-01,102.26579677048797,102.82360878882497,102.1821281595715,102.5911865234375,19571500
2016-06-02,102.3866436425782,102.81429971732992,101.82883167955265,102.80500793457031,15696600
2016-06-03,102.60978742061911,102.65626761934195,101.65220169979268,102.32157897949219,20269900
2016-06-06,102.50750834057794,102.96305395216937,102.33086516562936,102.69344329833984,12502400
2016-06-07,102.749203888085,102.8514702243511,102.38662582058261,102.43311309814453,12184300
2016-06-08,102.60978698730469,102.82361150504943,102.22861105737692,102.60978698730469,14568700
2016-06-09,102.1914009873567,102.55397908666791,101.99616717180169,102.44242095947266,17571600
2016-06-10,101.51274145763468,101.70797529124368,100.92703286384366,101.28031921386719,32965000
2016-06-13,100.70391394954105,101.27102481685161,100.30414738886252,100.4343032836914,25154700
2016-06-14,100.16469261784178,100.79688143256678,99.69984810974881,100.4343032836914,24588500
2016-06-15,100.6760560448528,100.81551085968817,99.97878906364241,100.14613342285156,24605700
2016-06-16,99.65337682916432,100.53657863636164,99.01188908086347,100.44361114501953,32079900
2016-06-17,100.23571848869045,100.37554468502226,99.03322457920622,99.26626586914062,29208800
2016-06-20,100.4221725684096,100.89757175877938,99.81626369096092,99.89083862304688,20562800
2016-06-21,100.02134869832675,100.41285645334959,99.83491135413195,100.20777893066406,22804100
2016-06-22,100.26368564297707,100.85095426474739,99.88150161292822,99.96539306640625,22724200
2016-06-23,100.73908879370731,101.41024884838309,100.31961731546285,101.3916015625,18714200
2016-06-24,97.78412883625812,99.27559170237329,97.0011063866377,97.21550750732422,68012700
2016-06-27,96.5723199526214,96.5723199526214,94.84781563615356,95.28593444824219,48222600
2016-06-28,96.33926615355635,97.42058113365322,96.29266216349707,97.37397003173828,28260600
2016-06-29,98.13835876112596,99.30356535187234,98.09175476461009,99.0984878540039,31356700
2016-06-30,99.26628730788312,100.31031507253815,98.93070720895318,100.24506378173828,36300800
2016-07-01,100.19843952628027,101.12128823321953,100.16115206330588,100.74842071533203,19902800
2016-07-05,100.21708490839345,100.35691111392497,99.59252880526681,100.13318634033203,21167900
2016-07-06,99.65778218774368,101.00009520253413,99.34084233034956,100.9534912109375,24579300
2016-07-07,101.04673064089381,101.47552587087054,100.7764018218494,101.2518081665039,19161700
2016-07-08,101.79246811202702,102.87378348826343,101.62467804026132,102.81785583496094,29457900
2016-07-11,103.16273298988402,103.78728203976385,103.15341645733554,103.40509796142578,20218500
2016-07-12,104.03898643770019,104.20677650316524,103.78729778357364,103.9271240234375,21906100
2016-07-13,104.16946145886753,104.23471273861809,103.66609139571067,103.6754150390625,21107800
2016-07-14,104.36520281318333,104.57960391349039,104.12283789802215,104.38385009765625,20871000
2016-07-15,104.62625057165805,104.68218533603395,103.98306123212951,104.21610260009766,17999300
2016-07-18,104.28131199254918,105.09229107559202,104.26266470796469,104.9058609008789,20713900
2016-07-19,104.54232129656674,104.84993749791484,104.33724382900134,104.52367401123047,18936700
2016-07-20,105.09231491666623,105.9405887613161,104.96181234239039,105.74483489990234,24997900
2016-07-21,105.81938941647799,106.02446689651778,105.21348773144993,105.50245666503906,18885400
2016-07-22,105.57705360261262,106.06177647408288,105.25079713990597,105.94059753417969,20003400
2016-07-25,105.8566831813158,105.97786921502285,105.59567805003363,105.94990539550781,12968100
2016-07-26,105.91260906756027,106.45325946059798,105.5397415775697,106.07107543945312,21223800
2016-07-27,106.96595386074125,107.08713277325654,106.36004507445303,106.80748748779297,27646100
2016-07-28,106.97526617319761,107.30152252760995,106.63968617670062,107.18034362792969,16939700
2016-07-29,107.42273816427503,107.70239062761124,107.07784151959895,107.41342163085938,22385300
2016-08-01,107.48795589096494,108.25233099194509,107.3574533453236,107.98200225830078,13990100
2016-08-02,107.82355677459428,107.91677188069309,106.47191995651957,107.1617202758789,21278400
2016-08-03,107.07784890132123,107.52528433927536,107.01259760362551,107.51596069335938,15011300
2016-08-04,107.47865078963403,107.92608610459693,107.2269622020933,107.82354736328125,12835300
2016-08-05,108.37352309739498,109.10061078164443,108.25233707544956,108.85824584960938,23196600
2016-08-08,108.91416708015461,108.94213800716697,108.39215689894256,108.737060546875,12358200
2016-08-09,108.82096425076232,109.33365795924594,108.75571297076041,108.98875427246094,13276500
2016-08-10,109.05398770500756,109.08195151873817,108.42011518364556,108.70909118652344,14688400
2016-08-11,109.08199444321248,109.40825803006966,108.85827673347828,109.17521667480469,12969800
2016-08-12,108.98877358131034,109.25910239259814,108.86759464322577,109.2497787475586,19379000
2016-08-15,109.38961722392094,109.96756237950903,109.35232975144511,109.71587371826172,11777800
2016-08-16,109.51075558108391,109.52007211125066,109.09127703236258,109.10992431640625,14161400
2016-08-17,109.13789694002239,109.3429744099256,108.53198817308716,109.3056869506836,15980300
2016-08-18,109.20315375299867,109.49212268695716,109.01671644733513,109.33365631103516,10036300
2016-08-19,109.13789694002239,109.54804476797315,108.83960437794198,109.3056869506836,18743000
2016-08-22,109.14722245325301,109.57602471389673,108.94215207832912,109.38958740234375,14500600
2016-08-23,109.81838371524591,110.0048210287752,109.53873841273649,109.58534240722656,11997900
2016-08-24,109.51075700090529,109.65989971591279,108.51334064729039,108.87688446044922,17728700
2016-08-25,108.59724458539367,109.0353633623905,108.46674202780176,108.69978332519531,24266300
2016-08-26,108.7370669395197,109.5666933599434,108.20573308473311,108.85824584960938,23896000
2016-08-29,108.88622972721208,109.29638474747448,108.86758954986246,109.00741577148438,11184900
2016-08-30,108.83030430458618,109.14723710899801,108.28033016333369,108.65319061279297,19843300
2016-08-31,108.48539367682307,108.65318371316772,108.08456231843618,108.54132843017578,16169800
2016-09-01,108.57861078494905,108.95147119318277,108.04727688017392,108.82096862792969,20944700
2016-09-02,109.36164691427356,109.58536462400777,108.76506161374384,109.17521667480469,18088200
2016-09-06,109.36162829251255,109.85567474365234,109.11926333298595,109.85567474365234,18525200
2016-09-07,109.95823931593507,110.10738920662853,109.50148022143829,109.92095184326172,17546900
2016-09-08,109.59465796154865,109.62262177854991,108.98874918304995,109.27772521972656,20125300
2016-09-09,108.36422179440585,108.60658677640582,106.5092147416754,106.5278549194336,50813300
2016-09-12,105.93126992689189,108.5879397550761,105.92194628206114,108.43879699707031,39646000
2016-09-13,107.89813264465624,108.21506543052597,106.9473271751903,107.4693374633789,45863900
2016-09-14,107.5811780908705,108.56927082554216,107.55320716378561,107.98200225830078,28221800
2016-09-15,108.00999788561057,109.82771740976756,108.00067424111677,109.65992736816406,38521400
2016-09-16,109.54217495681442,109.71973237416641,109.06557759583913,109.60758972167969,27596500
2016-09-19,109.8879246672824,110.22434546141879,108.91605029497055,109.1309814453125,16222900
2016-09-20,109.52347565123524,109.78514182771174,109.149681087046,109.33657836914062,18078600
2016-09-21,109.8038280252486,110.57011828457827,109.15902028556202,110.4112548828125,31546800
2016-09-22,111.05607054207628,111.41118540552654,110.94393501018692,111.2896957397461,22614400
2016-09-23,111.20560453908026,111.20560453908026,110.42062722340177,110.5794906616211,22213400
2016-09-26,109.95334391119567,110.0841734246944,109.49543348427636,109.654296875,16403900
2016-09-27,109.57953311754234,110.79437951735744,109.47673748983149,110.73831176757812,20238400
2016-09-28,110.87850354950325,110.99063906451288,110.35517833731978,110.92522430419922,14794300
2016-09-29,110.73831768349199,110.94390894989688,109.64495372634624,110.12154388427734,27207500
2016-09-30,110.41125124503229,111.27099011650527,110.29910860235903,110.94391632080078,25543200
2016-10-03,110.80374394417855,110.9252264643628,110.35518048638225,110.7850570678711,19216400
2016-10-04,111.1121360430759,111.35510822441807,110.19632220858595,110.61685180664062,21239700
2016-10-05,110.943931240363,111.36445373000942,110.89720335054675,111.00934600830078,14481300
2016-10-06,110.8691611890429,111.18689513078077,110.41125784767378,110.9532699584961,11987100
2016-10-07,111.05604966602876,111.21492018913331,110.16827693363494,110.71028900146484,19984200
2016-10-10,111.28034905655088,111.65415077588666,111.23362116800585,111.41117858886719,19687300
2016-10-11,111.31770872864568,111.33639560269782,109.33656498446692,109.82250213623047,27774400
2016-10-12,109.92532450901325,110.10288193923311,109.39265934802881,109.72908020019531,14267800
2016-10-13,108.98147068129113,109.6356182982966,108.34600994062538,109.33657836914062,22821000
2016-10-14,109.87861277443469,110.317829319161,109.40201533976615,109.4674301147461,21313300
2016-10-17,109.37396440570726,109.61693658761969,109.02819657489627,109.16837310791016,14182700
2016-10-18,110.46728671279871,110.65419106262345,110.08414527258385,110.14021301269531,19276700
2016-10-19,110.05617388172972,110.28979911952115,109.93469132476169,110.13093566894531,13702900
2016-10-20,110.01878556190321,110.24306376420074,109.36463070482846,110.00009155273438,18132200
2016-10-21,110.08418107633172,110.47666964410865,109.71972638772823,110.4112548828125,15707800
2016-10-24,111.12150672690113,111.81303540459271,111.10281271606625,111.73827362060547,19143000
2016-10-25,111.8036630265267,111.82235703311919,111.2149301530052,111.38314056396484,20341800
2016-10-26,110.6635481731518,111.23359405199894,110.29909354630502,110.62616729736328,20463700
2016-10-27,111.10277233587391,111.19622096705606,109.96268049830032,110.12154388427734,19099800
2016-10-28,109.80382487418503,110.37387083326749,109.0936023935837,109.43002319335938,35369300
2016-10-31,109.83187124730603,109.83187124730603,109.27117222711803,109.32723999023438,18749400
2016-11-01,109.5141222340278,109.53280910805648,107.56101236821557,108.5048599243164,23498700
2016-11-02,108.43011979687931,108.68243898947273,107.36478952291222,107.63579559326172,26960100
2016-11-03,107.45826001093913,107.81337492755188,106.45834430040694,106.579833984375,36205200
2016-11-04,106.31815971013465,107.03772936498686,106.01911972010764,106.20602416992188,26997500
2016-11-07,107.92547016485987,108.84128387181795,107.7479199025468,108.72914123535156,26591200
2016-11-08,108.61704907538066,109.93469171375493,108.3647298250543,109.43940734863281,20777900
2016-11-09,108.15910812902267,110.1215581568911,108.02827860247642,109.94400787353516,70234400
2016-11-10,110.47668271466937,110.62619913117527,106.71998560813519,108.16846466064453,72825400
2016-11-11,107.70122400718718,108.4488275463091,107.31807523272637,108.21520233154297,41115200
2016-11-14,108.24322372171608,108.34601937472121,106.56111951770012,107.12181854248047,35906000
2016-11-15,107.93483957527472,108.98148301056648,107.77597615455436,108.60768127441406,31796600
2016-11-16,108.093686010872,109.32722655557207,108.093686010872,109.25247192382812,16538100
2016-11-17,109.19641483190533,110.06550084340634,108.9721366407785,110.04681396484375,20598600
2016-11-18,110.17761689157324,110.36451415075669,109.53280922694552,109.63560485839844,16428700
2016-11-21,109.90665542330038,110.8785372502674,109.86927453037745,110.77574157714844,20268500
2016-11-22,111.21493249021562,111.38314290471025,110.84113077693036,111.11213684082031,18850600
2016-11-23,110.74767535629496,110.86915787556953,110.17762938258298,110.66356658935547,22926000
2016-11-25,110.79441431708612,111.06542040892913,110.663584773393,111.0186996459961,7162800
2016-11-28,110.87849242591383,111.28032795029159,110.65421428872054,110.76634979248047,13479000
2016-11-29,110.86916779869831,111.68218601340128,110.55144096769307,111.14952087402344,18553000
2016-11-30,111.28968570882336,111.32706659264228,109.76645212399356,109.8038330078125,30405300
2016-12-01,109.76646151441815,109.77580851859116,107.73859651906264,107.90680694580078,39796600
2016-12-02,107.9722029679207,108.55159592156595,107.673163053385,108.12171936035156,32876800
2016-12-05,108.68245309149938,109.39266861318114,108.18716164576173,108.96279907226562,21419700
2016-12-06,109.27116941616512,109.41134595002485,108.76653817207487,109.22444152832031,27293300
2016-12-07,109.00017093758909,110.7476899713494,108.67309708893747,110.60751342773438,26622400
2016-12-08,110.65421743985472,111.08408685241399,110.43927916873827,110.8037338256836,18578400
2016-12-09,111.21494054424949,111.71022482010854,111.20559354007992,111.67284393310547,21863100
2016-12-12,111.17754463474252,111.40182279678088,110.71029430485265,111.16819763183594,23259300
2016-12-13,111.50462368655323,113.17738080183103,111.50462368655323,112.56995391845703,54477900
2016-12-14,112.71012829942478,113.0745829965604,112.00925278498329,112.3363265991211,28746000
2016-12-15,112.48585161784659,113.17738013826002,112.21484555978638,112.51388549804688,22762300
2016-12-16,112.79038297031926,113.01533155194417,111.87186795634128,112.09680938720703,26283900
2016-12-19,112.20926998775437,113.2496338108711,112.04993679161245,112.5560531616211,21138700
2016-12-20,112.91223789963851,113.19341291545535,112.78102146210541,112.98722076416016,11461800
2016-12-21,113.03407134728033,113.10905420626676,112.64979670880315,112.9028549194336,7079300
2016-12-22,112.91222379210429,112.94034057509704,112.14366740368169,112.58418273925781,16645000
2016-12-23,112.39673918411422,112.7060381359294,112.29363953350916,112.65917205810547,9007500
2016-12-27,112.90286440832924,113.8963623457412,112.85600548059372,113.24028015136719,16110600
2016-12-28,113.48396678669019,113.58706643504559,112.28426958847398,112.35924530029297,17975200
2016-12-29,112.33112182182236,112.59355467445148,111.84374754561956,112.19990539550781,13267500
2016-12-30,112.41547833430795,112.42484582842008,110.72839979547416,111.04707336425781,41749000
2017-01-03,111.78750014740874,112.46233152856786,111.43134231880074,112.04056549072266,22307600
2017-01-04,112.16241410466426,112.85599481690608,112.15304661045805,112.64979553222656,19749100
2017-01-05,112.56543478758752,113.3621079684689,112.56543478758752,113.2871322631836,20644300
2017-01-06,113.40899110971868,114.58057159638933,113.11844143726749,114.28064727783203,24074300
2017-01-09,114.37435071284692,114.86173210779549,114.29936785966123,114.65553283691406,18909200
2017-01-10,114.7023929510932,115.25538256064605,114.4399601129699,114.9085922241211,16176600
2017-01-11,114.95547788376014,115.21791076660156,114.36499674660718,115.21791076660156,20686000
2017-01-12,114.80550173581166,115.1148006699998,113.97133708355334,115.0398178100586,19622500
2017-01-13,115.09605596822246,115.63029631958227,115.09605596822246,115.4334716796875,16930800
2017-01-17,115.13354410558544,115.31162661226058,114.74926945788971,115.08668518066406,14538500
2017-01-18,115.25540618132017,115.43348870829695,114.96485650110333,115.32101440429688,12499700
2017-01-19,115.48970430062978,115.892728222087,115.0210721664125,115.26476287841797,12710700
2017-01-20,115.7708804743557,116.06143726305714,115.20852333769716,115.517822265625,22091000
2017-01-23,115.44284151828282,115.7802572366,114.88048437134054,115.6115493774414,17434200
2017-01-24,115.83648334450912,116.56755545427737,115.63965871329566,116.38947296142578,17640900
2017-01-25,117.12052749040454,117.58915956606275,117.0174278616991,117.56104278564453,15036200
2017-01-26,117.72036800852047,117.92656725197692,117.47667734345761,117.68287658691406,16052200
2017-01-27,117.93597658903282,118.02032694939297,117.52357798080203,117.9078598022461,15053000
2017-01-30,117.51420750986433,117.51420750986433,116.3426270137312,116.98934173583984,25006700
2017-01-31,116.57693000856985,116.78312929683204,116.08018107817043,116.75501251220703,19091100
2017-02-01,117.57978492233734,117.79535882347362,117.02680250542451,117.56104278564453,22861900
2017-02-02,117.35488525894932,117.81414285419145,117.02684411949066,117.4579849243164,15101400
2017-02-03,117.5797980840101,117.91721378831434,117.46733094974788,117.79537200927734,16957200
2017-02-06,117.59856599276151,117.95472389224646,117.4860916899326,117.93598175048828,11630100
2017-02-07,118.17962358334101,118.61077134977407,118.06715647101709,118.36708068847656,17541100
2017-02-08,118.20777646531516,118.73264218673751,117.98282788405488,118.56393432617188,12569100
2017-02-09,118.68577248442102,119.25750426382442,118.62016427124813,118.99507141113281,17542700
2017-02-10,119.25752409138914,119.55744842301004,119.05132477263224,119.38874053955078,13915700
2017-02-13,119.75423157599838,120.21348898533779,119.7073726611926,120.06353759765625,19120200
2017-02-14,120.1104106230484,120.47594311672336,119.72613599028502,120.4665756225586,16333500
2017-02-15,120.38221281705545,121.23512664790286,120.31659746013658,121.17887878417969,17891400
2017-02-16,121.25387033072212,121.49756818645179,120.83210428240503,121.14140319824219,15098300
2017-02-17,120.96331922259486,121.67564919028952,120.94456993357205,121.66626739501953,15563700
2017-02-21,121.90060363132498,122.34111903641993,121.83500256116167,122.2661361694336,18479600
2017-02-22,122.1536398312573,122.39732336459531,121.94744057169584,122.31297302246094,12110900
2017-02-23,122.50045158779,122.50045158779,121.36636969700668,121.8537368774414,17489000
2017-02-24,121.30076736969227,122.08806610107422,121.26328308313546,122.08806610107422,18624500
2017-02-27,121.86311420360738,122.24738171609937,121.65691490348047,122.2380142211914,12008700
2017-02-28,122.20990428348946,122.26613785912646,121.52570527737315,121.86312103271484,16598600
2017-03-01,122.64104821721673,123.41896505696334,122.4067321253241,123.19403076171875,25813800
2017-03-02,123.1658822822678,123.18461726770452,122.42543561356499,122.57540130615234,19951400
2017-03-03,122.49107033589472,122.83785354101151,122.1630221191771,122.80036926269531,13722700
2017-03-06,122.39734801620499,122.73476375421632,122.04119728829009,122.528564453125,12026200
2017-03-07,122.28488052590845,122.85661234977339,122.10679801169363,122.3223648071289,15500900
2017-03-08,122.39736561358252,122.92223143672386,122.27553095561682,122.5379638671875,15776000
2017-03-09,122.50979533733624,122.8003449166162,121.9755479420034,122.63162994384766,20855300
2017-03-10,123.19399130781376,123.34395699096191,122.61289216250803,123.14712524414062,21922600
2017-03-13,123.10027481416338,123.38145693039753,123.03467375790144,123.35334014892578,10731600
2017-03-14,123.07213978830362,123.11900585098124,122.55664170187858,123.05339050292969,14019700
2017-03-15,123.3064685353601,124.10314877861818,122.9128193109376,123.8125991821289,22709100
2017-03-16,124.04696755583394,124.04696755583394,123.44711882245815,123.72828674316406,18457300
2017-03-17,123.88226252717541,124.01375185200195,123.61928387752236,123.6850357055664,21234500
2017-03-20,123.6474823727928,124.07952699627361,123.46904380155983,123.79776000976562,10105200
2017-03-21,124.26736100677068,124.38006206354446,121.84418796728953,121.91932678222656,35841900
2017-03-22,121.9569134839099,122.86795198519631,121.79723453186753,122.745849609375,29177900
2017-03-23,122.58622129037246,122.92433892016584,122.22931536690473,122.43594360351562,20311700
2017-03-24,122.83035231936877,123.30934609166049,122.2198692175502,122.6894760131836,22967600
2017-03-27,121.81599300183922,123.10272529404588,121.53422607421128,122.8866958618164,18472400
2017-03-28,122.88666512659275,124.0043312501783,122.61429957447262,123.6380386352539,23721900
2017-03-29,123.72264144763734,124.25800024278001,123.59115207657422,124.2110366821289,13710000
2017-03-30,124.16404897285346,124.54913003152495,124.05134791422329,124.41764068603516,16092400
2017-03-31,124.23921039208435,124.67125508087567,124.09833404316676,124.33313751220703,19841400
2017-04-03,124.43643324982015,124.73697419358491,123.5629570216232,124.25798034667969,23700300
2017-04-04,123.90111313341457,124.4740342650373,123.85414956565491,124.45524597167969,13400000
2017-04-05,124.63364285581766,125.36622832320676,123.71321753317073,123.9480209350586,32011200
2017-04-06,124.07012828471687,124.34249393611594,123.69443422781467,124.01376342773438,18832200
2017-04-07,123.97619619678414,124.32370064557422,123.50658939300845,123.9480209350586,16743100
2017-04-10,124.07013393198801,124.51156551190134,123.65687761621695,123.9949951171875,15619300
2017-04-11,123.88226084371215,124.07011501770717,122.56736761331523,123.4596176147461,33778400
2017-04-12,123.44084684395982,123.54416092180996,122.83036368564933,122.96185302734375,15955200
2017-04-13,122.79278557871642,123.51596969896431,122.45466812500851,122.47344207763672,23683000
2017-04-17,122.82098214143538,123.50660414408206,122.77401858919623,123.4878158569336,13325500
2017-04-18,123.07458655027446,123.65690892962299,122.9900607364434,123.30000305175781,12841100
2017-04-19,123.83530982731158,124.24855174280052,123.32812649493239,123.4971923828125,17764800
2017-04-20,123.99500533735377,124.80272974895578,123.80716545050173,124.53034973144531,21977900
2017-04-21,124.64304976487352,124.68999898235094,124.18282991723841,124.50215911865234,22454900
2017-04-24,125.88284907317916,126.12703954965434,125.66683386971005,126.00495147705078,22469900
2017-04-25,126.41818766360745,127.14137199655931,126.30547225837844,126.91596984863281,19384400
2017-04-26,126.96288224611651,127.27282444087375,126.66234135897292,126.73748016357422,25398500
2017-04-27,127.04741152257249,127.49822998046875,126.9722727243797,127.49822998046875,16136500
2017-04-28,128.00546947019998,128.05243303634944,127.51708850979689,127.72371673583984,22771900
2017-05-01,128.14632539519872,129.02918860667114,128.0899748636178,128.86012268066406,24815500
2017-05-02,129.01974506791782,129.13246042545126,128.6910289641995,129.0760955810547,18345100
2017-05-03,128.7850214265582,128.83198499366245,128.31541441805263,128.66293334960938,23827600
2017-05-04,128.64408610958938,129.07611633394043,128.25900509956108,128.70982360839844,14630100
2017-05-05,129.03856703975177,129.179443359375,128.5595732217693,129.179443359375,19330700
2017-05-08,129.2451513213229,129.46116638183594,128.98217272645695,129.46116638183594,13279900
2017-05-09,129.65845662325506,130.20320229939256,129.54574123184673,129.91204833984375,28426100
2017-05-10,129.98716735839844,130.03413090857123,129.5269618279898,129.98716735839844,20499400
2017-05-11,129.63024227121383,129.9213961429719,129.0291462462508,129.88381958007812,27232100
2017-05-12,129.94019966553984,130.20317831160307,129.82748429489746,130.1750030517578,19738600
2017-05-15,130.2314262700738,130.66345671637936,130.109323855076,130.58831787109375,20481300
2017-05-16,130.9263674711285,131.15178388984384,130.5413007946416,131.13299560546875,21786000
2017-05-17,130.09048998320878,130.33469472764625,127.78003220804928,127.79882049560547,55642200
2017-05-18,127.75185751770114,129.34851801682402,127.61096685729169,128.91647338867188,41319900
2017-05-19,129.37664061875586,130.00591185156068,129.2921148556758,129.46116638183594,36730100
2017-05-22,129.75239790549583,130.61648732734,129.705448674296,130.5507354736328,19509700
2017-05-23,130.93579693437277,130.94518391294784,130.34408766504706,130.6822052001953,19687500
2017-05-24,131.07666650961832,131.34904651816416,130.71037372636974,131.28329467773438,15891900
2017-05-25,131.78107072447554,132.7390727022912,131.4993037508517,132.4009552001953,23928600
2017-05-26,132.42908358449503,132.69206217844584,132.25063075333017,132.63571166992188,13851600
2017-05-30,132.5700212073434,132.90813874622168,132.4854954054401,132.74847412109375,20306400
2017-05-31,133.2180933275096,133.2180933275096,132.02530201817243,132.70152282714844,33229400
2017-06-01,132.97387295983808,133.2744138816229,132.41033902600452,133.2180633544922,20120700
2017-06-02,133.6876947755711,134.7677992921846,133.47167960475474,134.7396240234375,37222900
2017-06-05,134.73021406963136,134.94622922658962,134.52358589123128,134.71142578125,15727500
2017-06-06,134.55179682297592,134.9932285637232,133.97887569123597,134.17611694335938,22393000
2017-06-07,134.55176397830584,134.81474269609694,133.93189376137843,134.70204162597656,18842400
2017-06-08,135.00257536753602,135.0589258935996,134.11031093398614,134.84291076660156,25417400
2017-06-09,135.002583072773,135.15284637376445,129.71480532930994,131.47113037109375,109783700
2017-06-12,130.36289903119354,131.0015576377194,129.1137427588523,130.76675415039062,104454000
2017-06-13,131.4992572626742,132.0158274764872,130.81363552320883,131.82798767089844,51193000
2017-06-14,132.36342311989057,132.36342311989057,130.19384105684824,131.25515747070312,60093800
2017-06-15,129.93083411477343,130.81369738291698,129.13251098069227,130.67282104492188,55145200
2017-06-16,130.6050497072237,130.69923273873871,129.62561228290753,130.1059112548828,48087400
2017-06-19,131.3678212861165,132.40376217805004,131.1700427832148,132.28134155273438,39626500
2017-06-20,132.1494842371411,132.3189963382629,131.19828510205681,131.24537658691406,40935100
2017-06-21,131.54675319656428,132.61096053637482,131.46199713506752,132.5450439453125,35743400
2017-06-22,132.75225529605788,132.99711096790188,132.16834658580277,132.50738525390625,24099100
2017-06-23,132.35664767669218,133.18541174238447,131.9893571239971,133.01589965820312,21654300
2017-06-26,133.77878537510276,134.00480157620677,132.10243148881148,132.39437866210938,34411100
2017-06-27,131.89522790555057,132.0553274896133,129.98343107721064,129.9928436279297,65957800
2017-06-28,130.47317059019625,131.98001250881967,129.7197640011941,131.86700439453125,57427200
2017-06-29,131.32076084041188,131.32076084041188,128.31650424005596,129.57847595214844,88769400
2017-06-30,129.94574847551752,130.59557371450012,129.20175462107593,129.62554931640625,68898300
2017-07-03,130.2188984533491,130.36957114447475,128.1752536824339,128.260009765625,32797000
2017-07-05,128.6649562199308,129.87042388781157,128.23174891101235,129.52197265625,42116600
2017-07-06,128.53308027270347,129.0793099345075,127.89268200250184,128.35414123535156,48430500
2017-07-07,128.78737099228323,130.0870214552736,128.77795844193759,129.73855590820312,36970400
2017-07-10,129.82334819535308,130.8969682980151,129.49372206379465,130.586181640625,24853500
2017-07-11,130.39783359652003,131.11357556121212,129.9081078468314,130.95347595214844,31517700
2017-07-12,132.0741779598509,132.6580722997984,131.8104828146935,132.50738525390625,36045800
2017-07-13,132.66748409321374,133.119545228307,132.4132158713198,132.79933166503906,31073600
2017-07-14,133.3926340851869,134.01420728042848,132.96883940490602,133.8446807861328,34544800
2017-07-17,133.98594225944765,134.38148488068504,133.65631622326447,133.9105987548828,25343200
2017-07-18,133.8164642725613,134.8335803973021,133.39266947982995,134.80532836914062,25748500
2017-07-19,135.20087750487664,135.7941988648456,135.144373445891,135.59642028808594,33752300
2017-07-20,135.94487137774556,136.0296274571477,135.16319844809493,135.7753448486328,36139400
2017-07-21,135.27614647243595,135.71878051757812,135.00303888111307,135.71878051757812,39697100
2017-07-24,135.69994999374586,136.43453114466462,135.53985044755106,136.34036254882812,26712700
2017-07-25,135.8883478094808,136.31215693106213,135.624652658897,135.991943359375,28120900
2017-07-26,136.33097476812736,136.50991383298077,136.11437112818714,136.4345703125,18610600
2017-07-27,137.32925765583727,137.46110521643945,134.01421479887432,135.5775604248047,80665900
2017-07-28,134.76760583459904,135.6905385550424,134.550987884767,135.46450805664062,38013200
2017-07-31,135.85065695464903,136.0201690742463,134.59809804650575,134.89004516601562,33848600
2017-08-01,135.3515232064191,135.38918777746093,134.7864540486526,135.20083618164062,20149400
2017-08-02,136.0766649909222,136.10491700618502,134.3061287261708,135.56809997558594,41769700
2017-08-03,135.69997875860585,135.77532227342775,134.79588532135529,135.04074096679688,27112800
2017-08-04,135.3421019044602,135.58695752616265,134.729941294747,135.28558349609375,29472900
2017-08-07,135.5304775532643,136.1426239013672,135.34212593617934,136.1426239013672,17933900
2017-08-08,135.87894401770282,136.99965566508862,135.5210658458495,135.90719604492188,30810400
2017-08-09,134.78642305756176,135.79412613747556,134.47563652927906,135.7281951904297,36169500
2017-08-10,134.9559728875053,135.0501414949201,132.6862982053286,132.81814575195312,63331700
2017-08-11,132.99711753498627,134.1178291423972,132.69574342832087,133.8258819580078,45862500
2017-08-14,134.89010886358145,135.75653808137878,134.85244427598676,135.54934692382812,34161000
2017-08-15,135.88836461830314,135.89779154147374,135.27621816522247,135.6435089111328,25509200
2017-08-16,135.98254758904594,136.51936487846578,135.42690519390976,135.8789520263672,31913000
2017-08-17,135.3515592055214,135.55875032712152,133.10072326660156,133.10072326660156,70191000
2017-08-18,133.17604201191767,133.92003590441868,132.46028577222341,133.0065155029297,60751900
2017-08-21,132.99707465133403,133.28902174158785,132.0176234907946,132.83697509765625,37111500
2017-08-22,133.5527532324615,135.00309090058573,133.5056617343496,134.86181640625,36294200
2017-08-23,134.18373696209008,134.68287521955745,134.0895683376534,134.3815155029297,25702300
2017-08-24,134.6828336091754,134.8335206060881,133.23251078222387,133.98593139648438,38160800
2017-08-25,134.50394247227487,134.84296674432596,133.52449111866102,133.70343017578125,26380400
2017-08-28,134.10840144691898,134.42861502598186,133.68460668588392,134.11782836914062,15362100
2017-08-29,132.96884889617732,134.87123318847847,132.8464138843525,134.64520263671875,24498300
2017-08-30,134.7581934843475,136.45338647986904,134.67343742714758,136.22735595703125,33642700
2017-08-31,136.61351373599544,137.69656071086533,136.53817021311087,137.6871337890625,38480700
2017-09-01,137.8660852813771,138.05443692040527,137.13150382995101,137.49879455566406,22293600
2017-09-05,137.09384014509783,137.3857873430434,135.23854702942737,136.26507568359375,44794300
2017-09-06,136.6135581429216,136.99027587979856,135.69062483561962,136.6794891357422,30722700
2017-09-07,136.93368757109414,137.3480696850641,136.5004803576201,136.99961853027344,22721100
2017-09-08,136.82069253112516,136.88662349658733,135.67172905846573,135.81300354003906,27890100
2017-09-11,136.8771589141885,137.61174003127124,136.8394943516494,137.3762969970703,27126300
2017-09-12,137.76242138504625,137.8848563563177,137.0560923113451,137.70591735839844,30256700
2017-09-13,137.47052290705108,137.91315709925965,137.24449235029343,137.89431762695312,28450900
2017-09-14,137.35756428941977,137.77193223726866,136.99968603822407,137.08444213867188,35296400
2017-09-15,137.05614434083174,138.05442084471514,136.8301137781326,137.55528259277344,46422400
2017-09-18,137.71481130628624,138.148966846336,136.95974128673905,137.37503051757812,24858200
2017-09-19,137.62036454714112,137.80912837257324,137.1484477826825,137.61093139648438,20871200
2017-09-20,137.56374593755098,137.71476276858695,136.1291148462247,137.18621826171875,34236200
2017-09-21,137.09181352167786,137.10124667188367,135.8648271123891,136.34619140625,28841800
2017-09-22,135.91206235126594,136.41229309527907,135.77049304702084,136.21409606933594,21702400
2017-09-25,135.67613464000425,135.75164308662423,134.11881433353747,134.7794952392578,54947700
2017-09-26,135.46848869133723,135.72332789597436,134.65679090029147,135.1287078857422,29628800
2017-09-27,135.84594641022142,136.85585515072833,135.5061801817399,136.34619140625,33249400
2017-09-28,136.0158278209274,136.44054995799507,135.70436107994328,136.29898071289062,24149400
2017-09-29,136.5727793943996,137.38447722517841,136.21413226110022,137.28065490722656,43102400
2017-10-02,137.48829243079987,137.96020941493873,136.78985010963956,137.40335083007812,27351300
2017-10-03,137.58263690313936,137.85634232826774,137.28060321854096,137.69589233398438,19715200
2017-10-04,137.43168588284826,138.12068075340963,137.29954968299037,137.82809448242188,26381100
2017-10-05,138.32827533902713,139.2532284032212,138.18670603391186,139.177734375,31562400
2017-10-06,138.70577452264257,139.366455078125,138.70577452264257,139.366455078125,23561100
2017-10-09,139.54583543728413,139.6968379024851,139.02672395820267,139.2060546875,13704800
2017-10-10,139.67798539555727,139.81955472122053,138.69639006508368,139.3098907470703,19223100
2017-10-11,139.24379339986103,139.75347169502425,139.0644626812577,139.7251434326172,12439100
2017-10-12,139.51748569670457,140.01771633833644,139.32870746066754,139.4702911376953,14513500
2017-10-13,140.0366146427746,140.16875079714285,139.47975616377698,140.00830078125,18409900
2017-10-16,140.35751839670144,140.5274015529227,140.05548469440637,140.48965454101562,21809400
2017-10-17,140.44246494709694,140.68785653757993,140.2253872169866,140.66897583007812,13138200
2017-10-18,140.81058190557923,140.82946261608078,140.29147038000445,140.49911499023438,17218200
2017-10-19,139.67796115915283,139.99886117614983,138.9983997103592,139.97998046875,27680300
2017-10-20,140.54627728410634,140.6689658697806,140.18761587576824,140.35751342773438,30173300
2017-10-23,140.65009198173655,140.65952513343086,139.24377468433767,139.44198608398438,29297100
2017-10-24,139.71574079626774,139.97057999951113,139.1588822129047,139.67799377441406,20289500
2017-10-25,139.40420736782576,139.85724342280264,138.111160060071,139.1493682861328,36179100
2017-10-26,139.06442697265086,139.41365516722144,138.6680186236239,138.70578002929688,28230200
2017-10-27,141.03707116838567,143.00969466267455,140.81999343711834,142.74542236328125,60165100
2017-10-30,142.64159241047096,143.64205383324577,142.5094562678735,143.06631469726562,31733400
2017-10-31,143.5288150504386,143.81195367331378,143.1135258678735,143.60430908203125,26319300
2017-11-01,144.18007892830764,144.24615422219594,142.99085325419495,143.55715942382812,29481600
2017-11-02,143.3966569324383,143.45329905578885,142.30182071091951,143.2834014892578,31017400
2017-11-03,143.8025304428072,144.6802890378117,143.3117327930212,144.6614227294922,26199200
2017-11-06,144.5481381170127,145.2088332865727,144.50095794926753,145.15219116210938,28693900
2017-11-07,145.0389558995962,145.42593126092845,144.72748897962848,145.23716735839844,21333100
2017-11-08,145.16160029088053,145.8600278883452,144.99170276598588,145.82228088378906,17373500
2017-11-09,144.6236304642643,145.13330871542863,143.56654135334426,145.05780029296875,40594500
2017-11-10,144.71802195087346,145.16162493895402,144.46318282113887,145.04835510253906,20150800
2017-11-13,144.5009955937327,145.4165157539603,144.5009955937327,145.2277374267578,12522400
2017-11-14,144.71805368413527,144.8785037190002,144.00074510442812,144.6991729736328,25173800
2017-11-15,144.07618947780273,144.40653698978954,143.25505887603103,144.01956176757812,24808000
2017-11-16,144.74637501594884,146.19043980598966,144.71806114961572,145.86009216308594,34790600
2017-11-17,145.89784260802958,146.00166491069328,145.1616533352368,145.30322265625,28725800
2017-11-20,145.40704969036597,145.53918586153193,144.9823273117441,145.18997192382812,21143900
2017-11-21,145.87892262914914,146.8322038065666,145.8128617643798,146.76612854003906,20147800
2017-11-22,146.89827052445594,147.0870343764359,146.61511754560667,146.94546508789062,17299000
2017-11-24,147.0964833541778,147.53063877775872,147.01152737846945,147.4834442138672,8280600
2017-11-27,147.43628488338078,147.7666180737775,147.07762342923948,147.4174041748047,22653400
2017-11-28,147.74772730765287,147.8893110096943,146.95491042255665,147.794921875,25227300
2017-11-29,147.62500964433372,147.66275664972233,144.51978918654729,145.21823120117188,71986300
2017-11-30,145.83175322687845,146.71895929083152,145.49197248752964,146.43580627441406,56595500
2017-12-01,145.53919207706667,146.52078744915985,143.70815191145257,145.8129119873047,59015800
2017-12-04,146.72840108845466,146.88885109771795,143.99127457283362,144.1328582763672,51319100
2017-12-05,144.1045156441219,145.86949437353425,143.55710479734572,144.2272186279297,40604200
2017-12-06,143.68926881038482,145.1050195686522,143.5193712304768,144.8784942626953,28647800
2017-12-07,144.86898639448637,145.78450589813858,144.71796960173353,145.3692169189453,32666200
2017-12-08,146.43581549012353,146.79447696027484,145.7845822336679,146.01109313964844,28081700
2017-12-11,146.07715440703302,147.19087132595112,146.06770685234918,147.1436767578125,20821500
2017-12-12,147.07760122445245,147.3796205072686,146.6339982513323,146.94546508789062,20310300
2017-12-13,147.5400892823262,147.70053928135928,147.01153031863234,147.22862243652344,24418500
2017-12-14,147.48347924020283,147.8610214392401,146.96438211939034,147.1248321533203,24594700
2017-12-15,147.70055861943447,148.95585931926243,147.45515261086354,148.79539489746094,49816200
2017-12-18,149.77808275793535,150.1658673133647,149.50380492109375,150.04290771484375,26844500
2017-12-19,149.75918597242864,149.91051866627924,148.7377119367571,149.15386962890625,31415000
2017-12-20,149.6740398189209,149.70241288992878,148.40666120764348,148.99305725097656,38972600
2017-12-21,149.20113676765683,149.6740405292025,148.84172529068132,149.01197814941406,18638700
2017-12-22,148.78497444056515,148.89846672154422,148.44448316575097,148.8417205810547,23330400
2017-12-26,148.0094534613885,148.22698519336225,147.49870921707407,148.03782653808594,21918700
2017-12-27,148.04723352269204,148.4539382157375,147.91482106186055,148.0566864013672,22388200
2017-12-28,148.52963301077625,148.55802051875298,148.05672916665753,148.23643493652344,25393800
2017-12-29,148.36881661973038,148.3971896899341,147.2622235861551,147.3189697265625,33186000
2018-01-02,148.07563064083277,149.93887270564983,147.7067662663292,149.9010467529297,32573300
2018-01-03,150.0429177293244,151.49000220897162,150.01454465575316,151.3575897216797,29383600
2018-01-04,151.87777808524217,152.0763895888571,151.40487431032184,151.62240600585938,24776100
2018-01-05,152.34122910147343,153.249196268192,152.05748394991966,153.14515686035156,26992300
2018-01-08,153.14517962716315,153.81670943794185,153.088433474792,153.7410430908203,23159100
2018-01-09,154.0436557659801,154.20444130170148,153.2870213465562,153.75045776367188,24782400
2018-01-10,153.0694811622109,153.41943974820296,152.3884986128843,153.39105224609375,34004000
2018-01-11,153.65589517289018,154.45037002150852,153.4194432942387,154.44090270996094,20473500
2018-01-12,154.30850406540557,155.73668277686534,154.1098925513887,155.57589721679688,37762700
2018-01-16,156.60682042695802,157.40129532847158,154.66791200655035,155.13136291503906,41231800
2018-01-17,155.86907972821922,157.04187179815207,155.11243083775716,156.805419921875,33849900
2018-01-18,156.559509021963,157.1931982936916,156.19064468672167,156.83380126953125,26432200
2018-01-19,157.29723423093947,157.5809793514679,156.56895845568766,157.3256072998047,38937600
2018-01-22,157.2688578125573,159.00914001464844,157.08915209232077,159.00914001464844,26081400
2018-01-23,159.50100448645372,160.46573234833002,159.42533814122032,160.3238525390625,37989700
2018-01-24,160.66433354848627,161.0142921766789,158.36602799127022,159.28346252441406,54287400
2018-01-25,160.38063225212449,160.4373784098483,158.71600132219152,159.22674560546875,28925000
2018-01-26,160.11577660897646,161.68582082938792,159.80367277304836,161.66690063476562,32038200
2018-01-29,161.32639714825675,161.64796824446498,160.54137516736424,160.88186645507812,37277800
2018-01-30,159.41585864532024,160.2387065605534,158.72542320416918,159.55772399902344,44987700
2018-01-31,160.4561936329686,160.7777790650764,159.21718844886766,160.21974182128906,42449200
2018-02-01,158.99023106336546,160.53188732478634,158.34707452132653,158.85781860351562,38037900
2018-02-02,158.2335703589861,158.61188752101833,155.55693386357783,155.68934631347656,68478100
2018-02-05,154.2328296460673,156.76758671512576,149.4375788898333,149.5510711669922,105372200
2018-02-06,147.36630297968512,153.70321200804395,146.6947875601262,153.51405334472656,118537900
2018-02-07,153.02217983214672,154.68681016800127,151.5183494616314,151.52781677246094,91028300
2018-02-08,151.91557721798364,152.08583005147497,145.13414001464844,145.13414001464844,94184800
2018-02-09,147.18659637474352,148.71881473236652,141.99412110111467,147.64059448242188,113836600
2018-02-12,149.15384393831334,151.28191087144936,147.98105184267556,150.26043701171875,63050600
2018-02-13,149.39972243278206,151.33861578706575,149.1727234929428,151.0359649658203,31785600
2018-02-14,150.14696597893933,154.10043506922435,149.43761023415695,153.86398315429688,52107400
2018-02-15,155.24480359867906,156.7202606201172,153.63693413767274,156.7202606201172,51633900
2018-02-16,156.20957487910027,157.722858265655,155.75557687444402,156.02041625976562,62256300
2018-02-20,155.47184565131937,157.64719141434742,155.4056321972368,156.33251953125,36785600
2018-02-21,157.0985868128205,158.63078990855803,155.79336821608234,155.88795471191406,41161800
2018-02-22,156.5689832339057,157.4012985373422,155.47185738977774,155.8690948486328,37074400
2018-02-23,157.12703149796917,159.0564727783203,156.48387478326572,159.0564727783203,50096900
2018-02-26,159.80366799388935,161.16561889648438,159.67125549925316,161.16561889648438,39266700
2018-02-27,161.212900243204,161.47772521289122,159.09430048570619,159.16995239257812,42209900
2018-02-28,160.07793973047765,160.59813680800121,158.04445911965152,158.14849853515625,42936300
2018-03-01,158.23362124278864,158.9618971673636,154.16664549967294,155.56643676757812,76809900
2018-03-02,153.69370994843783,157.26886093914985,153.18298027771166,156.9945831298828,57445100
2018-03-05,156.2568974856647,159.1415994439659,155.6704868941634,158.7349090576172,38540200
2018-03-06,159.51045726732522,159.9455351441737,158.4038640287571,159.4064178466797,29480900
2018-03-07,158.18630363067606,159.90768019987738,157.91202580699257,159.77525329589844,34609400
2018-03-08,160.4373450057075,160.76836900080215,159.79418834435714,160.65487670898438,25828400
2018-03-09,161.79928219211303,163.77601623535156,161.56283033722204,163.77601623535156,38310500
2018-03-12,164.2583946420385,165.0244964445453,163.88953027668788,164.64617919921875,37635000
2018-03-13,165.02447827150758,165.7149280944167,161.98844446762402,162.40460205078125,55638900
2018-03-14,163.2558905269874,163.37885016340107,161.66692586398494,162.37628173828125,40536400
2018-03-15,162.48973180779885,163.18016724366393,161.63849639646486,162.23435974121094,28810400
2018-03-16,162.50866310018282,162.86806016198986,161.67634782296577,161.75201416015625,31176700
2018-03-19,160.19551070373706,160.30918709868666,156.91770158155992,158.3008270263672,71395100
2018-03-20,158.3671183870353,159.19130108266788,157.83660932063788,158.82183837890625,34075700
2018-03-21,158.4050473077622,159.87341570566446,157.43875451100524,158.13031005859375,43863500
2018-03-22,155.94199721790406,157.04091761872232,154.02836196203705,154.22731018066406,66607300
2018-03-23,154.04728553117377,154.7009538339199,150.08738839445158,150.16317749023438,80110400
2018-03-26,153.20414197611728,155.93249142966548,150.77894888642604,155.74301147460938,57481500
2018-03-27,156.89876536130134,156.89876536130134,149.37686814628884,150.70315551757812,78889100
2018-03-28,149.8410657479299,151.36628677658678,147.8232228865548,148.96951293945312,89369700
2018-03-29,149.77475784705044,153.1946626311723,148.3821641192455,151.69786071777344,68692600
2018-04-02,150.6178811570387,151.32838752199785,145.77696387890566,147.3211212158203,85549400
2018-04-03,148.6095258681625,149.60423779867085,146.30749188683174,148.97898864746094,64090000
2018-04-04,146.09900941922774,151.79252671344142,145.92848042999054,151.32833862304688,65768700
2018-04-05,152.83470614058342,153.0715416708722,151.0821174343291,152.1905059814453,43054900
2018-04-06,150.51372193664008,152.0105242336576,147.67169555236995,148.3822021484375,59870900
2018-04-09,149.661075597247,152.408375895752,149.16846819637644,149.4242401123047,41810400
2018-04-10,151.7736511483028,153.21360041890176,150.69368196770853,152.7209930419922,48296800
2018-04-11,151.76416147888872,153.46937969994602,151.66943596706244,151.83995056152344,41622100
2018-04-12,152.7589258879677,154.19889004304525,152.67366856139392,153.6683807373047,30467900
2018-04-13,154.43565058065172,154.6630033410943,152.20939176606865,152.87252807617188,44604900
2018-04-16,153.94310179826607,154.5967702049027,152.976808742573,154.037841796875,28180800
2018-04-17,155.5914437980751,157.6945440392466,155.27881922651815,157.35350036621094,35536100
2018-04-18,157.3535358026203,158.20613794957228,156.60512741436133,157.67562866210938,29573900
2018-04-19,156.87983403538624,157.24929682081455,155.6861739168555,156.22616577148438,34705700
2018-04-20,155.8282667888082,155.94194318561048,153.2135940200399,153.7535858154297,49197100
2018-04-23,154.501980682288,155.10827889527758,152.54099054624737,153.36517333984375,33040600
2018-04-24,154.0946788993569,154.33151443887195,149.1021816788968,150.1158447265625,70256800
2018-04-25,150.38112445560378,150.92110205900497,148.2306533506598,150.2958526611328,52089300
2018-04-26,152.2378511876746,153.97148872171266,151.74522931741186,153.45993041992188,43005500
2018-04-27,155.71458005169242,155.75248182182114,152.68308892944123,153.5546417236328,51043400
2018-04-30,153.91464193301917,154.87145206231065,152.08626452214105,152.4652099609375,35615300
2018-05-01,152.0673405498087,154.2272791343853,151.70734596728207,154.2083282470703,36513500
2018-05-02,154.4735839870961,154.95673765779452,153.118891867566,153.29888916015625,38646800
2018-05-03,152.5221068068061,153.8483802143121,150.83583870785017,153.2799835205078,60337100
2018-05-04,152.61680909949462,156.54827280072413,152.50311822459417,156.1882781982422,41543200
2018-05-07,156.9177188129972,157.99768804947996,156.79455973475126,157.4861297607422,32500200
2018-05-08,157.15457467121945,157.6661330262725,156.1788135001553,157.32510375976562,26040200
2018-05-09,157.6092537479177,159.1534255380568,157.0503255441665,159.0397491455078,29122700
2018-05-10,159.55134854319323,160.80184700510821,159.42818944928842,160.6881561279297,27067600
2018-05-11,160.49864303354857,160.91547573063508,159.83550667695116,160.5365447998047,24688800
2018-05-14,160.90604979970078,161.82497272649246,160.5460552021104,160.81130981445312,21821700
2018-05-15,159.5418614448165,159.62711875114076,158.18715493807034,159.03028869628906,49361600
2018-05-16,159.2387143373074,160.45131094870143,159.1629252421838,160.08184814453125,22941200
2018-05-17,159.52293318298047,160.6786916835969,158.6892675221311,159.46609497070312,27480200
2018-05-18,158.85033924897985,159.3997994806857,158.4051016967773,158.64193725585938,26217900
2018-05-21,159.87339224896567,160.57443036419397,158.85026140050613,159.5323486328125,22954600
2018-05-22,160.26178702231044,160.52704153091054,159.03972264020905,159.32391357421875,19477700
2018-05-23,158.11138483153272,160.68815640418816,158.09244839804765,160.66921997070312,26557800
2018-05-24,160.62185668945312,160.90606221182713,159.00189533062652,160.62185668945312,27696500
2018-05-25,160.60291588402592,161.3607925061787,160.29977390834134,160.7829132080078,27460500
2018-05-29,160.05346732075427,160.9723904428805,159.11560776178698,160.07241821289062,41220500
2018-05-30,160.6502771119446,161.50287923075643,160.30923337336117,161.2186737060547,22665800
2018-05-31,161.21866518529407,162.184958136092,160.69763861538726,161.11447143554688,35670900
2018-06-01,161.91970560826599,163.73860065632667,161.87233561349137,163.6438751220703,45543300
2018-06-04,164.0606712922988,165.1595914190797,163.95647755530374,165.1217041015625,20459600
2018-06-05,165.51012563442046,165.90800753606914,164.90382733829512,165.63327026367188,24779300
2018-06-06,165.8037846072496,166.62796744062996,164.97011910341368,166.59954833984375,25036600
2018-06-07,166.62796807911636,166.66585539521304,164.41119147755686,165.24484252929688,39600300
2018-06-08,164.46802274999106,165.6711509732579,164.06065822884048,165.2543182373047,31780300
2018-06-11,165.13120441822338,166.1069656559999,165.10278531073814,165.69961547851562,22319700
2018-06-12,165.92693643312862,166.73218287115682,165.74695360542802,166.57113647460938,22511800
2018-06-13,166.82690006063405,167.81212919178705,166.19216832143,166.5616455078125,37858600
2018-06-14,167.32898684301773,168.52263230770822,167.20582778326403,168.24790954589844,35916000
2018-06-15,167.61322875940496,167.9921742679348,166.8364157636817,167.6605987548828,49615700
2018-06-18,166.60486270054625,167.70612033699288,166.08270656598188,167.563720703125,31633200
2018-06-19,165.44662982549926,167.12700344092843,164.91498521364173,167.0890350341797,38236000
2018-06-20,167.85806234778866,168.96882321143573,167.70615971184563,168.27578735351562,33038000
2018-06-21,168.70298759429926,168.87388166787392,166.49095452311354,166.81375122070312,43469400
2018-06-22,167.37385957603826,167.4403079136893,165.8453739753023,166.4434814453125,30073200
2018-06-25,164.93397905598957,165.18082442692483,161.2124519058346,162.69346618652344,77799700
2018-06-26,163.2915846544847,164.29791419560482,162.69347712160962,163.35804748535156,39008100
2018-06-27,164.05109241329032,164.79159964456832,161.0226006536171,161.1365203857422,52843500
2018-06-28,160.9371677450945,163.07324973129164,160.60488253052617,162.52261352539062,46407700
2018-06-29,163.30106319358205,164.1649930248606,162.72194714567598,162.95928955078125,36408500
2018-07-02,161.43078676253586,164.09852728143596,161.07952467582567,164.05105590820312,31770000
2018-07-03,164.66818309541756,164.66818309541756,161.99096788683866,162.15235900878906,25512700
2018-07-05,163.20613518302457,164.29790445375406,162.37068528013057,164.1649932861328,31626200
2018-07-06,164.54477588930922,166.84224899993956,164.24097060877972,166.7188262939453,37005600
2018-07-09,167.58275030745537,168.25679470954552,166.9181943877071,168.2188262939453,27362100
2018-07-10,168.53209514350445,168.72196616591515,167.76310808669135,168.34222412109375,23902500
2018-07-11,167.02259662227902,168.10489193687252,166.89918841763958,167.48779296875,30280600
2018-07-12,168.2283013986732,170.37388610839844,168.11438167469893,170.37388610839844,27930100
2018-07-13,170.36439375446838,170.79160723221926,169.88970889336025,170.51629638671875,28049800
2018-07-16,170.5542523811973,170.83906617436733,169.8232481784128,170.10804748535156,21405300
2018-07-17,168.30427763162203,171.5036492343173,168.30427763162203,171.1428985595703,31034100
2018-07-18,171.16184200119625,171.3042561355897,170.2979266586246,170.820068359375,23220800
2018-07-19,170.20294904527108,170.77257649372527,169.7662472228536,169.96560668945312,31094100
2018-07-20,170.47830945727623,171.04792253700478,169.7377878270368,169.92767333984375,35897300
2018-07-23,169.4245434486538,170.54479287623303,168.74099602339967,170.46884155273438,22184700
2018-07-24,172.2251724781491,172.83276854806272,170.46883261909116,171.17137145996094,36900300
2018-07-25,171.24728715904766,173.66816796630943,171.16183288846892,173.56375122070312,35026600
2018-07-26,171.20925542414588,171.75989135436657,170.70609085598701,170.93394470214844,40873500
2018-07-27,172.01627039347457,172.1301901034249,167.6586676531193,168.62701416015625,59456100
2018-07-30,168.63649458257706,168.73142283276857,165.44661275434188,166.24407958984375,60193000
2018-07-31,166.89919661572733,168.16186005854377,165.96881836331647,167.5162811279297,47285100
2018-08-01,167.9055433347291,168.65553910246152,167.18402750208566,168.15237426757812,37101900
2018-08-02,166.96562666844162,170.6396968656219,166.88967536220676,170.44032287597656,47178200
2018-08-03,170.76311988952816,170.97198237825117,170.01312421546407,170.96249389648438,28934400
2018-08-06,170.84859216453432,172.01631293903154,170.63972965381342,171.96884155273438,24808800
2018-08-07,172.4529533236213,172.91814956518624,172.0826998207359,172.59536743164062,29895700
2018-08-08,172.35804015947278,173.11753867671194,171.89284387718433,172.8042449951172,22680700
2018-08-09,172.69984436035156,173.38339169832895,172.44351048705207,172.69984436035156,18852900
2018-08-10,171.53206082802316,172.04472843002716,170.7345939873812,171.3801727294922,33818500
2018-08-13,171.69350287829687,172.79476063634345,171.11438682623984,171.19033813476562,26089200
2018-08-14,171.84539758882335,172.4624965618865,170.92450785625624,172.26312255859375,20913000
2018-08-15,170.89602474302683,171.43717239457956,169.10171669172914,170.155517578125,58528000
2018-08-16,171.46563276780483,171.82639782769138,170.38335207437476,170.71563720703125,27711800
2018-08-17,170.26941262243017,171.1807991605737,169.24409190234783,170.7535858154297,36092600
2018-08-20,171.13332913610998,171.19979194994863,169.93712886306565,170.6016845703125,24939000
2018-08-21,171.11438228530304,172.2536229104954,171.00995104963027,171.22830200195312,26258700
2018-08-22,170.86751673696912,172.0922114912348,170.64916581043502,171.89283752441406,18042400
2018-08-23,171.58906675311368,172.83273861156377,171.36121283402548,171.64602661132812,25776200
2018-08-24,172.21567619052726,173.3834114764124,172.17770777241157,173.24099731445312,23136100
2018-08-27,174.11439559229066,175.00680541992188,173.83908475575194,175.00680541992188,29343600
2018-08-28,175.47195447569277,175.6523369862074,174.89283854067486,175.26309204101562,20277000
2018-08-29,175.56698278847458,177.38028292015946,175.50053442296704,177.2853546142578,29175600
2018-08-30,176.94356596043886,178.02584706309227,176.38342671191722,176.9720458984375,29315500
2018-08-31,176.75365467377316,177.7030244322175,176.56378361933088,177.19985961914062,28653200
2018-09-04,176.65870435461625,176.9624951065848,175.49098375352744,176.4403533935547,29063500
2018-09-05,176.12705199818757,176.15553192724872,173.56375697907146,174.16184997558594,42623300
2018-09-06,174.2377596177634,174.44662203842185,171.43712286867768,172.60484313964844,46091400
2018-09-07,171.36117644580838,173.42130630240516,171.30421659968925,171.94029235839844,46629500
2018-09-10,172.927631069843,173.0225738046932,171.57952825508923,172.5194091796875,26132000
2018-09-11,171.82640912116642,174.1333702958043,171.38020425026247,173.8485565185547,30116500
2018-09-12,173.59224083600267,173.71564903598318,171.84538972542066,173.33590698242188,36204000
2018-09-13,174.41823804562623,175.51951059911664,174.34228671577497,175.18722534179688,31133200
2018-09-14,175.31060596704862,175.58591679619462,173.9814797431615,174.67453002929688,31224100
2018-09-17,174.3802129434846,174.5036356354081,171.99730030170542,172.15869140625,33071200
2018-09-18,172.3011080397888,174.42768684688272,172.21565375925033,173.58274841308594,31877300
2018-09-19,173.6112507468451,174.01948729381922,172.320107238976,173.44985961914062,31843400
2018-09-20,174.64608361784497,175.6049419493126,174.22835856691356,175.3675994873047,33295800
2018-09-21,175.84224963702727,176.08908053365826,174.19034121308673,174.40870666503906,38605400
2018-09-24,173.14377281246647,174.96033548535598,172.4304642300303,174.8937530517578,34945600
2018-09-25,174.8176732293068,175.26468112283587,174.21848934812928,175.13153076171875,25277500
2018-09-26,175.28368865140376,176.89101288826973,174.91276878999616,175.25515747070312,36210600
2018-09-27,175.9684748828475,177.36656085684913,175.87336126751808,176.7388458251953,33113300
2018-09-28,176.24421611205346,177.16676269358098,175.92085315893726,176.7007293701172,28076800
2018-10-01,177.72793122554646,178.35564615321272,176.61517176957318,177.0621795654297,27371300
2018-10-02,176.9100100360046,178.02276953239078,176.25377841939093,176.66273498535156,25618600
2018-10-03,177.40457803081972,177.8230546724379,176.57714481544647,176.8529510498047,29128700
2018-10-04,176.13964350995963,176.2537827388491,172.20218115229056,173.45761108398438,80557300
2018-10-05,173.43857381463536,174.0187319388475,169.7008299619772,171.33668518066406,83325600
2018-10-08,170.73755048599747,171.8027533509364,168.27424709237533,170.29054260253906,66864500
2018-10-09,170.41418155331584,172.16417643619408,170.00522490127616,170.84217834472656,49097900
2018-10-10,169.77688893796943,169.8815080740484,163.10983893815956,163.32858276367188,114471100
2018-10-11,162.65337026015294,164.91692612414928,159.60040337017205,161.30284118652344,143084500
2018-10-12,165.6493064757208,166.30555282748702,162.5678075461546,165.79197692871094,102078400
2018-10-15,165.2117887068906,165.5256317196484,163.1669620155647,163.78517150878906,64885300
2018-10-16,165.5065720826676,168.95897482153387,165.20222020373149,168.55001831054688,71979700
2018-10-17,169.36796739254515,169.53915446200364,166.88565329931012,168.61660766601562,66987600
2018-10-18,167.97939814511517,168.03646050533132,164.0038989188648,164.7076873779297,82486200
2018-10-19,166.0391907591694,167.45630213342113,163.95632772034557,164.55551147460938,82923700
2018-10-22,165.5446028894473,166.67638781627264,164.1465173342273,165.40194702148438,52909300
2018-10-23,162.29196442688817,165.6112321798895,160.56100985236623,164.79330444335938,77567000
2018-10-24,164.60307948751299,164.87888572723162,156.96590965414728,157.25123596191406,102997400
2018-10-25,159.6955312242267,163.66152525835136,158.98222263149276,162.69142150878906,83481100
2018-10-26,157.1181029056029,161.64524405574141,156.1955559659638,158.50668334960938,130970900
2018-10-29,160.93191806503657,161.55011297279214,152.25807665883173,155.2444610595703,111871900
2018-10-30,154.7879260277956,157.91696588896838,154.0841231673591,157.80284118652344,92584000
2018-10-31,160.37080996798394,162.87215041093242,160.29472196646168,161.51211547851562,73828600
2018-11-01,161.74985054513357,163.81368816725455,160.52295173666067,163.64248657226562,52706800
2018-11-02,163.13847113140497,164.10857512919537,159.99040405858668,161.09365844726562,75966800
2018-11-05,161.30285751678815,161.35991988292568,158.9061365529082,160.6941680908203,39573500
2018-11-06,160.70367152077827,162.81506611372507,160.46590199015185,161.9115447998047,34410400
2018-11-07,163.8517197893298,166.9902801513672,163.46177431897598,166.9902801513672,51169600
2018-11-08,166.21037585957305,166.7239660749546,165.13566765386292,165.92506408691406,40296500
2018-11-09,164.37484688638887,164.77429798852123,161.83546983635367,163.12893676757812,50602700
2018-11-12,161.98760098799502,162.29193838104993,158.05012440205908,158.1927947998047,62578400
2018-11-13,158.93469355316307,161.18874445554428,157.87899607123077,158.3260040283203,64128100
2018-11-14,159.89523387671176,160.44686087599143,156.2145665418531,157.1180877685547,75270700
2018-11-15,156.8328179217015,160.29474261934703,155.46327725475183,159.86676025390625,73254300
2018-11-16,158.3069376602296,160.07594340411362,157.66971711166647,159.30557250976562,65390700
2018-11-19,158.54468425940576,158.73489693842427,153.6371187743235,154.13168334960938,67280500
2018-11-20,150.62217562183866,153.48492888015593,149.44284852320993,151.37353515625,102652800
2018-11-21,153.4564504907849,154.046114242915,151.4401551390991,152.52438354492188,42965800
2018-11-23,151.30700334387285,152.9713899297484,151.30700334387285,151.421142578125,23503700
2018-11-26,153.54206683267017,154.9972153167639,152.89532611068316,154.92112731933594,42012600
2018-11-27,154.07462877189155,155.8341287942675,153.29473788257528,155.44418334960938,36608100
2018-11-28,156.56648348554862,160.44688415527344,155.4727493964774,160.44688415527344,70141000
2018-11-29,159.77154465526152,160.9794028597654,158.65878551136217,159.9237060546875,44885700
2018-11-30,160.14254833648963,161.1792200680811,159.34363163721696,161.0841064453125,36722800
2018-12-03,164.64114708283992,164.83135981957128,161.21725977246928,163.89930725097656,50771700
2018-12-04,163.04331896392694,163.49984692107444,157.42245817244307,157.6126708984375,70594700
2018-12-06,154.43607607763437,158.74445897623062,153.8559178202452,158.72543334960938,71715500
2018-12-07,158.03112170688837,158.94414844696675,152.99040547639026,153.48497009277344,80432200
2018-12-10,153.19966499451087,155.76757301074457,151.6113662788689,155.09231567382812,73960800
2018-12-11,157.62219247751727,157.66024373396445,154.29341864119695,155.6059112548828,59058300
2018-12-12,157.87895458483382,159.40068525322178,156.8898398089911,156.97543334960938,53780000
2018-12-13,158.00263495315878,158.6588812702717,156.00536481518918,157.0230255126953,46378500
2018-12-14,155.2254313196624,155.79606935550174,152.83821648933176,153.1996307373047,56547400
2018-12-17,152.54342340838417,153.76080227549264,148.52987246728253,149.7282257080078,74834100
2018-12-18,150.88854371722869,152.124948223085,149.35730730483837,150.6697998046875,63642100
2018-12-19,150.4415375379592,152.85728420979544,145.83832269116874,146.97010803222656,81856500
2018-12-20,146.60869717590887,148.24455282360742,143.0326484061245,144.83969116210938,99002100
2018-12-21,145.5625050842072,146.55161991584202,139.54217901205195,140.35060119628906,141129400
2018-12-24,139.33102837905372,141.14324155123904,136.83207842389135,136.87022399902344,56163300
2018-12-26,138.37720116929492,145.49253564180663,137.43293464353488,145.41624450683594,98982100
2018-12-27,143.422798905188,146.10297266230077,140.28480555013925,145.97898864746094,85824300
2018-12-28,147.02815562657275,148.4016289411413,144.71043032360507,145.90267944335938,77856600
2018-12-31,147.3333608726141,147.81979321627253,145.65467955093152,147.133056640625,53015300
2019-01-02,144.01410329896203,148.55418089132291,143.90918483624407,147.72438049316406,58576700
2019-01-03,145.54969162207306,146.17918772125574,142.58337699772062,142.89813232421875,74820200
2019-01-04,145.30174614319415,149.7464532812746,144.7294754361939,149.01202392578125,74709300
2019-01-07,149.38403151409028,151.5205470396602,148.8975991436628,150.78611755371094,52059300
2019-01-08,152.1690899157973,152.712762345419,149.93720369210604,152.1500244140625,49388700
2019-01-09,152.7414235385359,154.05767126611357,152.10237973634435,153.3900146484375,46491700
2019-01-10,152.2263747652003,153.91458905480843,151.36794665916435,153.82875061035156,38943400
2019-01-11,152.9226686008258,153.42818114844405,152.4076087441951,153.2660369873047,30176600
2019-01-14,151.9688009304718,152.56969897554228,151.26298441013213,151.9115753173828,30710200
2019-01-15,152.6078677388727,155.0877514111575,152.52202930618645,154.87791442871094,40874200
2019-01-16,155.13541702595867,156.2132146608486,154.79204876950467,154.8492889404297,33812200
2019-01-17,154.35327325479423,156.76638323747093,154.10529078736346,156.0701141357422,39329000
2019-01-18,157.16702390092166,158.34974009478702,156.25138486048795,157.6153106689453,57183200
2019-01-22,156.4802707767608,156.55657644768831,153.33273098163937,154.45822143554688,56711700
2019-01-23,155.24987360136063,155.9556755755417,152.91306886735308,154.65850830078125,38106100
2019-01-24,155.16403928607107,155.88893595708493,154.57268846819773,155.66001892089844,32417800
2019-01-25,156.90949708847936,157.99682756616335,156.37537187892516,157.51992797851562,36515900
2019-01-28,155.4883345468926,155.58370572533082,154.27700560555388,155.5741729736328,33491200
2019-01-29,155.6599832706694,155.69814337820418,153.55209577459988,154.1053009033203,30784200
2019-01-30,155.8507755007113,158.59772171367456,155.3643431729241,158.0254364013672,41346500
2019-01-31,158.99834622549324,161.18255485267082,158.77897645352502,160.39089965820312,37258400
2019-02-01,159.59921757955053,160.81054660596206,159.27492935321055,159.7136688232422,32143700
2019-02-04,159.7422796075396,161.69757080078125,159.59921555474006,161.69757080078125,26718800
2019-02-05,161.91693640073012,163.31902229766385,161.85017802906748,163.12826538085938,28156400
2019-02-06,163.16639225646577,163.45252029647293,161.90737066516667,162.6417999267578,27970000
2019-02-07,161.22065323939674,161.62124709637905,159.236749456852,160.45761108398438,42036200
2019-02-08,159.05549795124847,160.80095166963514,158.87428838701877,160.7723388671875,29020700
2019-02-11,161.35413431972123,161.7451953038415,160.21911146785772,160.6197052001953,21434100
2019-02-12,161.7929237388512,163.23315494240134,161.5067811374405,162.9947052001953,29722100
2019-02-13,163.71960746929653,164.20605431813237,162.92796703441215,163.1091766357422,26094100
2019-02-14,162.52740208969215,163.89134271702895,161.98374403262494,163.3095245361328,30326800
2019-02-15,164.54942103207952,164.58756659152394,163.2331736470539,163.9962158203125,32521700
2019-02-19,163.49067992545577,164.8164598709341,163.46206712153887,164.3204803466797,19487700
2019-02-20,164.43496468316638,165.083555661496,163.4048744270413,164.29190063476562,32593000
2019-02-21,163.8531383606397,164.30142509476437,162.82304815650116,163.6909942626953,25207400
2019-02-22,164.043915108817,165.01677972784492,163.958062127522,164.90232849121094,27735400
2019-02-25,166.16137393392538,166.590580686146,165.38878431534232,165.5032501220703,32608800
2019-02-26,165.10265594030034,166.19951925589814,164.82604600775446,165.6749267578125,21939700
2019-02-27,164.91185312077002,165.77028101470427,163.82452276484167,165.56997680664062,25162000
2019-02-28,165.05497575701014,165.7798580031188,164.72114017242887,165.18850708007812,25085500
2019-03-01,166.38074646298122,166.58103615890968,165.17895007212329,166.3330535888672,31431200
2019-03-04,167.42988361003614,167.66833337933903,164.5017280109825,166.36163330078125,38063500
2019-03-05,166.4856414794922,167.0006866073332,165.66537364343446,166.4856414794922,22319900
2019-03-06,166.64779236752042,166.67640517835272,165.27431923228926,165.5413818359375,27194600
2019-03-07,165.12167295338176,165.17889856294474,162.89931960784384,163.50975036621094,39407400
2019-03-08,161.67846988724784,163.34761820576352,161.51632579705026,163.26177978515625,39303200
2019-03-11,163.93896930386475,166.77175336903426,163.91035649947452,166.65728759765625,30518400
2019-03-12,167.0961136216267,168.00222011053305,166.69551963349411,167.57301330566406,33953500
2019-03-13,168.4409236522434,169.70946362356247,168.20247388181488,168.83197021484375,42426100
2019-03-14,168.94646184907205,169.14675153673656,168.49817504777562,168.54586791992188,23751500
2019-03-15,169.2040016402621,170.6156351801392,169.08955037361062,170.11012268066406,38192000
2019-03-18,170.03744552620398,171.03121006307765,169.69345235271794,170.5152130126953,32935100
2019-03-19,171.21271058023532,171.99625607869496,170.3622852306139,171.0885009765625,36893300
2019-03-20,171.0981265827009,172.81809281858855,170.3145953187636,171.76699829101562,50105000
2019-03-21,171.25096340867483,174.70044492980986,171.23184862847233,174.45201110839844,42428500
2019-03-22,173.69715474087008,174.1653721495044,170.4387768239273,170.62033081054688,70794500
2019-03-25,169.99919670643195,170.88783705588605,169.06276212147364,170.29541015625,46336500
2019-03-26,171.61404800841916,172.65557739317848,170.2189608493363,171.0885009765625,33248100
2019-03-27,171.34655770413187,171.72876590436545,168.7475011176805,169.98968505859375,37096700
2019-03-28,170.42921887383764,171.02164589315964,169.3590243665962,170.38143920898438,30368200
2019-03-29,171.70011264184888,171.8338869790175,170.64901814958884,171.67144775390625,35205500
2019-04-01,173.43913955393558,174.15579075002466,172.73205303852342,173.94557189941406,30969500
2019-04-02,174.13670136234907,174.77690805430578,173.6971488527857,174.6049041748047,22645200
2019-04-03,175.5891005501768,176.69752461283161,175.06356798178433,175.60821533203125,31633500
2019-04-04,175.65596505296028,176.2961716230389,174.52842640065919,175.5413055419922,28530800
2019-04-05,176.04777372914143,176.55420611294767,175.83755486262106,176.4490966796875,25674700
2019-04-08,176.16238176527577,177.04147195905176,175.46484550135727,176.8981475830078,22697500
2019-04-09,176.29618387172096,176.87906072681255,175.90441107495502,176.27706909179688,25631900
2019-04-10,176.50643222231767,177.28041326514665,176.31532813203887,177.22308349609375,24563000
2019-04-11,177.51927876353832,177.51927876353832,176.4777491853887,176.80262756347656,20654100
2019-04-12,177.58619241994072,177.6817371754354,176.83131157590267,177.56707763671875,24989100
2019-04-15,177.57657308887156,177.7963565775167,176.41081953632195,177.59568786621094,21073000
2019-04-16,178.24549037483757,178.5990482352614,177.66261344852458,178.207275390625,27195700
2019-04-17,179.40171127956793,179.57370059542916,178.3028517696326,178.82838439941406,29651600
2019-04-18,179.12458792641166,179.4399016288621,178.00659920558985,179.0576934814453,28580900
2019-04-22,178.27418435761294,179.6310424024224,178.1403954512056,179.56414794921875,17936000
2019-04-23,180.02277935433602,182.06762357101243,179.76479541478744,181.8478546142578,33665600
2019-04-24,182.00076806311395,182.23010173148836,181.21722229806582,181.27456665039062,24977100
2019-04-25,182.63142148130424,182.717416137806,181.0261149917315,182.01031494140625,29517500
2019-04-26,181.72365734873992,182.2109895785342,180.2043600471296,182.17276000976562,26359500
2019-04-29,182.17273304616398,182.81295429565574,181.87651954343855,182.5262908935547,21716200
2019-04-30,181.05473079141652,181.4082885839172,179.8412120867346,181.112060546875,31495300
2019-05-01,182.29693534706053,182.81293232489028,180.40498044906198,180.52919006347656,34797100
2019-05-02,180.47185244192065,181.40828704079027,178.5607828479394,179.7456512451172,44110100
2019-05-03,181.23630158975544,182.74604847186552,180.91142322507875,182.61227416992188,30386200
2019-05-06,178.73285816370677,181.74278814569718,178.45574479679897,181.49435424804688,38371800
2019-05-07,179.51635921102044,180.28079014167375,176.30576096652229,177.95884704589844,58818100
2019-05-08,177.3759455478096,178.84746285686495,176.73573892384812,177.5097198486328,37165300
2019-05-09,175.531739468811,177.1657103886528,173.99332786088658,176.55416870117188,55351700
2019-05-10,175.92362193429994,177.62447376882506,172.98057117178232,176.7740478515625,58526400
2019-05-13,172.27337602530127,173.2002460195443,170.14253733867795,170.63941955566406,67185800
2019-05-14,171.53767846343194,173.5538582631316,170.9070217495218,172.51231384277344,43360600
2019-05-15,171.37519182700547,175.3884355302837,171.33696226565968,174.94888305664062,40944500
2019-05-16,175.02537093596598,177.79643160743726,174.81515203742993,176.7071075439453,39281200
2019-05-17,174.95845213154496,177.32817468380844,174.74823327977984,174.90110778808594,44702300
2019-05-20,172.4644985956284,173.1238054262883,171.36562471725108,171.94850158691406,38608300
2019-05-21,173.42960577643723,174.22270159105724,172.8753937163302,173.74493408203125,31613800
2019-05-22,172.77985842639774,173.97427726438477,172.7129639729226,172.97096252441406,24332600
2019-05-23,170.9834027786022,171.05984731372916,169.26343718900634,170.32408142089844,45351300
2019-05-24,171.24144338453027,171.8529852356703,170.02790978387614,170.23812866210938,25903300
2019-05-28,170.715859152457,171.67139399883104,169.57877035242316,169.59788513183594,24763800
2019-05-29,168.54679770708913,169.1296745698925,167.30459944107972,168.2028045654297,42178800
2019-05-30,168.6519745400848,169.38774077778928,167.9544378780152,168.90997314453125,30354800
2019-05-31,166.92241794876176,167.4957302227854,166.13887221986295,166.21531677246094,45446200
2019-06-03,165.76621664220048,166.21531928280427,161.7434222405892,162.5556182861328,75842300
2019-06-04,164.3807139596402,167.1899896894009,163.7500572488144,167.13265991210938,47797800
2019-06-05,168.7283601539074,168.7570250354619,166.6261862181768,168.37481689453125,34412700
2019-06-06,168.6614758691006,170.12344323766305,167.91615974317884,169.7125701904297,29913200
2019-06-07,170.6202984348865,173.68757168189856,170.40052950451013,172.99002075195312,45888300
2019-06-10,174.14628030450595,176.63067751545935,174.10806531401386,175.00625610351562,41385300
2019-06-11,176.83126263245475,177.15614095577027,174.65264451799231,175.2450714111328,41260300
2019-06-12,174.7673513127545,175.1304592901809,173.90737561710063,174.2322540283203,27758100
2019-06-13,174.95847281712628,175.69422430498713,174.61447961723127,175.2642364501953,23715800
2019-06-14,174.3660165457863,174.9680082401769,173.85003407938473,174.51890563964844,22844100
2019-06-17,174.9011515568078,176.05735553085412,174.7100474383722,175.57003784179688,20379500
2019-06-18,177.64347893582362,179.37299459845752,177.18481173202042,178.12124633789062,48177300
2019-06-19,178.36017328276145,179.19148409821398,177.3186435930071,178.7901611328125,31672900
2019-06-20,181.2841154141498,181.32233040177601,178.83794795744515,180.4528045654297,40922000
2019-06-21,180.2425562026463,181.33186542567978,179.8030037251425,180.1852264404297,39980400
2019-06-24,180.5453039459508,180.7272593310687,180.09520839725167,180.19097900390625,19375200
2019-06-25,180.06646094203492,180.17180275310795,176.82960766773783,177.09774780273438,33921100
2019-06-26,178.27572635798282,179.39617258328923,177.63410405524564,177.92138671875,22595700
2019-06-27,178.56297310955955,179.02263985365008,178.1128775806955,178.6012725830078,19709200
2019-06-28,179.0322440848719,179.2237707125179,178.18952400072055,178.83114624023438,21179200
2019-07-01,182.2595495583188,182.49896152572146,180.40171035326668,181.2444305419922,31025600
2019-07-02,181.18695413308504,181.98180353117897,180.66983076974014,181.962646484375,18035800
2019-07-03,182.4223146388366,183.3320770263672,182.23077340984563,183.3320770263672,15792100
2019-07-05,182.07753837094145,183.29374027189883,181.36887390391357,182.9585723876953,21415600
2019-07-08,181.77107947398548,181.8285359890883,180.92834495236562,181.67532348632812,17598800
2019-07-09,180.8134141076801,182.81489378679126,180.66018700747452,182.58506774902344,19193500
2019-07-10,183.69599784638632,184.91219996406264,183.36081528991318,184.40464782714844,28374500
2019-07-11,184.68239554332968,185.1516336424389,183.68643358645733,184.27059936523438,23736100
2019-07-12,184.47166486113133,185.3431130857573,184.29928069180838,185.3335418701172,20211900
2019-07-15,185.76446302660247,185.96557543660745,185.2473397920122,185.92726135253906,15606100
2019-07-16,185.69744124617176,185.86981079237566,184.40461119947443,184.96961975097656,20190900
2019-07-17,184.96962249946242,185.2952337791448,184.04070318655974,184.0598602294922,16765100
2019-07-18,183.18845260802115,184.62492439722243,182.61387265986863,184.27059936523438,28877000
2019-07-19,185.53467691614628,185.62086170504247,182.7287614619866,182.9202880859375,29387900
2019-07-22,183.3320981853627,184.76856989331839,183.3320981853627,184.3759307861328,18954900
2019-07-23,185.3814522054306,185.6017070952381,184.1460784315232,185.58255004882812,23786700
2019-07-24,184.8738972642855,186.89453455980075,184.85474021816623,186.88494873046875,20422900
2019-07-25,186.25289956778764,186.2816278287251,184.75895693632077,185.11329650878906,23434700
2019-07-26,186.29120546144802,187.268010204598,186.19543484666193,187.01901245117188,20431200
2019-07-29,186.84664827581605,186.91367601806672,185.19949301922568,186.3773956298828,20451700
2019-07-30,184.95051758566822,186.30078982918687,184.81644748303003,185.57298278808594,18705000
2019-07-31,186.07092373570364,186.1954079819116,181.30184298084532,183.00645446777344,41627500
2019-08-01,183.32249813175756,186.7221504993248,181.21567604606133,182.09671020507812,63251600
2019-08-02,180.72725573544125,180.9858246782299,178.32356552668065,179.415283203125,55214000
2019-08-05,175.66128328282338,175.7378968404158,171.6104382332151,173.0756378173828,75040000
2019-08-06,174.67497262939682,176.0156884685491,173.40131377039594,175.49855041503906,41897200
2019-08-07,173.59276305862767,176.69553154658306,172.27120485817798,176.44654846191406,49990600
2019-08-08,177.2414306200777,180.34421429818417,176.7530355741208,180.2867431640625,38418100
2019-08-09,179.42486938420234,180.03776331310692,177.1935485428272,178.5917205810547,33608900
2019-08-12,177.49042026435274,178.02670063548544,175.72835201276126,176.5423583984375,24642900
2019-08-13,176.38915226656505,181.64662938561327,176.22635389255086,180.41127014160156,40241900
2019-08-14,177.50958911399317,178.07459778454168,174.69410236577497,175.0196990966797,51000500
2019-08-15,175.24948090444704,175.81448938505284,173.48741312804586,174.81854248046875,36685000
2019-08-16,176.40826405807005,178.0745614661195,176.30292224160948,177.6244659423828,32781400
2019-08-19,180.19096960387927,180.83259171987305,179.55891870303446,180.44952392578125,22494100
2019-08-20,179.9994834244698,180.6506769018108,179.00352154877166,179.05140686035156,19902900
2019-08-21,180.6219562333033,181.21569320673586,179.99949099422378,180.64111328125,20418500
2019-08-22,180.976233507679,181.43591486185375,178.6395711011887,180.05690002441406,24243700
2019-08-23,178.83108312416664,180.4686520170083,173.87046192741457,174.35887145996094,55372400
2019-08-26,176.34120848913582,177.04028706637504,175.3261044862167,176.99241638183594,27598900
2019-08-27,178.22781324697235,178.5246816946585,175.929464622107,176.61895751953125,28012800
2019-08-28,176.04437625361072,177.54787552537647,175.1633421340806,177.25100708007812,21792400
2019-08-29,179.45355337198828,180.47824314780624,178.7736172594079,179.9611053466797,25358900
2019-08-30,180.92840059253325,180.96671468941236,178.51513854082273,179.53024291992188,26319800
2019-09-03,178.33312808087257,179.25246154662682,177.19352515740175,177.78726196289062,27964200
2019-09-04,179.50143886795058,180.50697160456687,178.9843010662438,180.35374450683594,21592100
2019-09-05,182.3456964348983,184.18437820863187,182.2786540839467,183.6576690673828,33932600
2019-09-06,183.96411765668537,184.03114539302393,183.0734977521511,183.4757080078125,19487800
2019-09-09,184.05029899012374,184.12691255346382,182.1637320039359,183.0926513671875,24407600
2019-09-10,182.10628170313407,182.66171909690937,180.90922213358658,182.56594848632812,23744700
2019-09-11,182.91070693957352,184.3759067214472,182.48933962222924,184.28013610839844,25063600
2019-09-12,185.4101907464639,186.46360916923211,184.79729674027487,185.04627990722656,28689900
2019-09-13,184.77809127178926,185.2090297454324,184.146040383757,184.3854522705078,27669800
2019-09-16,183.1979934876602,183.9449574657598,183.01603810099996,183.5618896484375,20319000
2019-09-17,183.58108609073517,184.44297790527344,183.18844697341927,184.44297790527344,20953400
2019-09-18,184.0598787402427,184.44294657470496,182.05839862251256,184.3663330078125,29781300
2019-09-19,184.69193231368405,185.8219495630687,184.3184503026534,184.6727752685547,26039400
2019-09-20,184.93134101231885,185.12286762264407,182.10628332552687,182.71917724609375,29086100
2019-09-23,182.6654337142176,183.34674115229663,182.0513038249965,182.79977416992188,22485900
2019-09-24,183.63458653292358,184.03760786367937,179.5851629079833,180.3720245361328,40820700
2019-09-25,180.18970956107947,182.876533184182,178.6831784282538,182.39674377441406,34704900
2019-09-26,182.15689003495953,182.320016713925,180.38166296278146,181.72508239746094,26826000
2019-09-27,182.06089171345613,182.15685545557832,178.24177197757595,179.47003173828125,40773500
2019-09-30,180.19932594972332,181.46597720153144,179.8250907420551,181.1781005859375,26307700
2019-10-01,181.84017390472542,182.88611123262802,179.40285031175853,179.7003173828125,32367600
2019-10-02,178.48169554699547,178.51048174588388,175.6221542019741,176.6105194091797,48544300
2019-10-03,176.59129433315582,178.68318383691008,174.4706332773162,178.54884338378906,39392500
2019-10-04,179.51803308956437,181.43719100417334,179.32612022650605,181.1781005859375,31887600
2019-10-07,180.65993548952525,182.07051773669735,180.3144864771155,180.6311492919922,21216000
2019-10-08,179.49880320893644,180.26646915691148,177.7811636451263,177.9250946044922,32379300
2019-10-09,179.43166721758786,180.47760472453086,178.89429072400895,179.66195678710938,20147400
2019-10-10,179.70994008698938,181.77302892105075,179.5564039447489,181.0533447265625,25177700
2019-10-11,183.11643566762604,184.84368054456394,183.01088140731284,183.38511657714844,40976700
2019-10-14,183.12607202175468,183.95131063384915,182.94374964994083,183.365966796875,14975000
2019-10-15,183.93208698432832,186.129530989827,183.81694219522373,185.69772338867188,23234200
2019-10-16,185.06440439218892,185.7073205577355,184.6517778130988,185.23712158203125,20457100
2019-10-17,186.3502372112702,186.63811383710802,185.01642299883466,185.7265167236328,19045200
2019-10-18,185.39057825402298,185.84158135683145,183.00123696681106,183.94161987304688,27700800
2019-10-21,184.92046088913364,185.6977174748626,184.37349387427997,185.57296752929688,15801200
2019-10-22,186.30220368100092,186.56129403662348,184.03759730335958,184.09518432617188,22392300
2019-10-23,183.72101205558053,184.4886635848943,183.4235302496549,184.45028686523438,14828400
2019-10-24,185.76485476919405,186.35980357660893,184.94922158146372,186.24464416503906,18998500
2019-10-25,185.28509589617926,187.82798889826606,185.24671918067423,187.73202514648438,21507100
2019-10-28,188.6052554711222,189.83351542036496,188.6052554711222,189.5840301513672,18818700
2019-10-29,189.26733579009644,189.55519772866606,188.0870432739165,188.11582946777344,18569700
2019-10-30,188.48046835214672,189.34409806749397,187.39613960997087,189.02743530273438,21764300
2019-10-31,189.5743632015891,189.66072176940105,188.0198504129391,189.11376953125,26801800
2019-11-01,189.9294145327419,190.84102605680215,189.64155262199625,190.8314208984375,22131900
2019-11-04,192.09807732567464,192.42433059511887,190.83142631440623,192.01171875,19015900
2019-11-05,192.25161949979673,192.44353233245576,191.48395352715008,192.11727905273438,15048900
2019-11-06,191.89659438026973,191.9157900590392,190.7546930866964,191.68548583984375,19725500
2019-11-07,192.64500132937135,193.5662032606797,191.7717959001822,192.32833862304688,17832400
2019-11-08,191.98292336172682,193.11521923391518,191.47433316464847,193.0960235595703,15258800
2019-11-11,192.1172757472704,192.91371325700177,191.8581853745327,192.8369598388672,10147600
2019-11-12,193.00013840616572,194.0364855339546,192.70267124432166,193.3935546875,14778300
2019-11-13,192.7218136617174,193.62382012784715,192.5970783671755,193.44149780273438,15774600
2019-11-14,192.71224054638006,193.41272907379482,192.12689680648208,193.28797912597656,16945400
2019-11-15,194.45861479486283,194.70811462402344,193.83489450597875,194.70811462402344,18427900
2019-11-18,194.40107069876768,195.1687366873914,193.61422367588628,194.86167907714844,18365900
2019-11-19,195.60053934077942,195.60053934077942,194.4010658391675,195.1495361328125,16923300
2019-11-20,194.64093242074097,195.2262759906465,192.5106666182656,193.97882080078125,36629000
2019-11-21,193.7677877015518,193.9021428229186,192.94256378696693,193.54708862304688,17883600
2019-11-22,194.0268993378555,194.1420587913201,192.62592199184158,193.67185974121094,17189600
2019-11-25,194.5066307445516,196.00357141381699,194.47784455029736,195.96519470214844,17752800
2019-11-26,196.08993129001584,196.58890171779666,195.80205472505904,196.33941650390625,14780600
2019-11-27,196.8479634419677,197.7211835265145,196.60806877975207,197.71157836914062,16963100
2019-11-29,197.21262213441574,197.51008919414048,196.7136371015176,196.80960083007812,9854600
2019-12-02,196.81923729895837,196.88640021102438,193.62383766636123,194.79452514648438,28007000
2019-12-03,192.11732219039556,193.34558216561715,191.17692420779318,193.26881408691406,31104100
2019-12-04,194.25713323499036,194.7081364391479,193.96925666863294,194.24752807617188,15300100
2019-12-05,194.93843578925498,194.93843578925498,193.68138984964185,194.63137817382812,14962300
2019-12-06,196.05154185119744,196.85758452733026,195.89800572945487,196.71365356445312,16555300
2019-12-09,196.3586203461183,197.2798078218805,195.73488532243528,195.82125854492188,13984100
2019-12-10,195.9171713901835,196.5984786747817,195.21668307481394,195.6580810546875,21799800
2019-12-11,196.09955426348571,196.896006546817,195.79248197217174,196.69448852539062,18780800
2019-12-12,196.49297030247928,198.93989936174515,196.22428938888265,198.16262817382812,32612000
2019-12-13,198.05709469786964,199.506068321847,197.63489224791624,198.81517028808594,32519400
2019-12-16,200.12015253919603,201.0605356205341,200.05297499809555,200.81105041503906,21296600
2019-12-17,201.0701394622622,201.23328074660083,200.590350052353,200.92620849609375,15996100
2019-12-18,201.09898388832812,201.6363458011849,200.8686796505264,201.0797882080078,15443300
2019-12-19,201.1660591406905,202.40390910465163,201.14686346873543,202.3367462158203,17865900
2019-12-20,203.29642734511708,203.92975306094348,202.73027919400636,203.15249633789062,27672600
2019-12-23,203.8717587409716,204.01600175737101,203.515949518016,203.6890411376953,23774700
2019-12-24,203.87178008910897,203.95832590801115,203.33325320648603,203.7948455810547,7089000
2019-12-26,204.12180206215055,205.61237694349705,204.09295345643957,205.5931396484375,17067500
2019-12-27,206.3143340764883,206.33357136687994,204.87184544593265,205.4199981689453,18134100
2019-12-30,205.3142184787302,205.43923885771412,203.06393969954001,204.0736846923828,21815500
2019-12-31,203.41974990853643,204.6025865025347,203.1024006420972,204.45834350585938,18170900
2020-01-02,206.17970872281657,207.8722381591797,205.77581365470817,207.8722381591797,30969400
2020-01-03,205.12198079248006,207.20878021283502,205.10274349321708,205.96823120117188,27518900
2020-01-06,204.35259776710313,207.32412143175625,204.1025716359168,207.29527282714844,21655300
2020-01-07,207.37221682881275,207.8530464926408,206.61251241641742,207.2664337158203,22139300
2020-01-08,207.2375934763352,209.77637361689085,206.91063281343398,208.82432556152344,26397300
2020-01-09,210.5456488507411,210.99762980840123,209.3628122487014,210.59373474121094,23547000
2020-01-10,211.42079059657365,211.44001321634363,209.68017503952507,210.0552215576172,21898500
2020-01-13,210.92072389695133,212.50745578117437,210.5841372918104,212.47860717773438,22756900
2020-01-14,212.37282351492027,212.7286474126699,211.3150071528075,211.6419677734375,24418100
2020-01-15,211.75733370690602,212.71899281972009,211.03608937229546,211.72848510742188,25742100
2020-01-16,212.78637396734013,213.79611924561596,212.33439288729056,213.7576446533203,18805000
2020-01-17,214.7192884050941,214.98855183654163,213.60376008980765,214.81546020507812,24325200
2020-01-21,214.21918667408207,215.25778031549086,214.12302956346804,214.71925354003906,21146300
2020-01-22,215.80594052805844,216.5175589314489,215.0173729555122,215.28663635253906,20736400
2020-01-23,215.16163291482707,216.0752062125364,214.1614991377784,215.97903442382812,26496100
2020-01-24,216.9887948546252,217.21959835959345,213.17100641825775,214.16151428222656,37436500
2020-01-27,209.32437864977507,210.87265071401254,208.85316030891792,209.73789978027344,42264400
2020-01-28,211.21887147810995,213.44992834481982,210.66110726143245,212.95947265625,26731900
2020-01-29,214.14230302487945,214.38271786912713,212.36324198170126,213.3056640625,28924500
2020-01-30,211.93048380648497,214.16152577925908,211.26693653361582,214.06536865234375,39568100
2020-01-31,214.95969213399204,214.98854073774663,209.92059235435522,210.6707000732422,52015800
2020-02-03,211.69962294954283,214.34418534040935,211.55537996136025,213.85374450683594,25408600
2020-02-04,216.77722234834454,219.1236732225691,216.03674063094454,218.74862670898438,30691200
2020-02-05,221.38355559112955,221.42201550001985,218.15238031544945,219.4698486328125,38534800
2020-02-06,220.01798725310113,221.42201604801144,219.239045700798,221.36431884765625,22467100
2020-02-07,220.37384782386522,221.60477054901676,219.77760908210755,220.4123077392578,25884900
2020-02-10,219.68145465666888,223.08572215037094,219.6237574459927,223.07611083984375,21478900
2020-02-11,224.3070104308403,225.04749213019588,222.52793502523087,223.1145477294922,30198000
2020-02-12,224.43199633716895,225.39365539810635,223.87423232097493,225.28787231445312,24471300
2020-02-13,223.72038123429328,225.92257420343753,223.45111784960545,224.9993896484375,22773200
2020-02-14,225.3552675464854,225.85533455927472,224.59556305242333,225.64376831054688,23438500
2020-02-18,224.54744880231863,226.1534180885765,224.30703397490714,225.73028564453125,24394500
2020-02-19,227.07661086604313,228.365230781721,226.8073474410882,227.89401245117188,22230500
2020-02-20,227.39397668836102,227.86518037934215,222.9895750981008,225.77838134765625,42604000
2020-02-21,224.6532226193239,225.03788045776616,220.52771080807017,221.4412841796875,66017200
2020-02-24,213.1806386723808,215.65211025696783,211.8150841497762,212.90176391601562,84522600
2020-02-25,214.69039681070967,215.40202983632892,206.50668304797924,207.11251831054688,97743000
2020-02-26,208.4011390458715,211.83425422177842,206.6605238405559,208.17994689941406,79537700
2020-02-27,202.81392215344522,208.12228511788928,197.62096827271532,197.75559997558594,121822600
2020-02-28,191.0240155514803,199.22696875565467,190.57203447632585,197.9095001220703,148173700
2020-03-02,200.87136523994843,208.26652635156574,198.0440850292582,208.1222686767578,112933900
2020-03-03,208.78584443303924,211.1899926050038,199.6596926897097,201.44837951660156,131953500
2020-03-04,205.14116219707947,209.9590698496479,203.2659148845248,209.85328674316406,73086200
2020-03-05,204.53532441433688,208.0646123802442,202.0446302814599,203.4774932861328,78705500
2020-03-06,196.82277799406262,201.13100691077915,195.1302631595054,200.04434204101562,89828400
2020-03-09,186.06186174076484,193.44741376704397,184.7443930219903,186.14842224121094,116424000
2020-03-10,193.39924836999256,196.46694302761296,186.2541141371452,196.2842254638672,100599200
2020-03-11,191.7067801363465,193.05309723636302,185.3405858308963,187.73512268066406,89168800
2020-03-12,175.10854301502152,183.4653648993382,170.15600335943157,170.5214385986328,137820700
2020-03-13,179.89758204304093,187.0234651057061,171.30034699894068,184.96551513671875,134882000
2020-03-16,167.4729527492574,177.5992234918401,162.67428247633464,162.8089141845703,92054400
2020-03-17,168.74238013758142,177.3203804303922,163.27053567259,175.15664672851562,121257100
2020-03-18,165.0303701010659,172.3485987167,160.40479073822738,169.8290557861328,114156300
2020-03-19,168.95390365488956,176.45484819243686,165.0495697325168,170.84837341308594,120896500
2020-03-20,174.77193753424189,175.85860238520996,163.57822572210722,164.15521240234375,118983900
2020-03-23,164.7171015111485,167.8877116051808,158.94448067426677,164.2738037109375,124639800
2020-03-24,173.3808282490425,177.15856442508598,171.4919528085072,176.99473571777344,94881800
2020-03-25,177.72712413664274,182.6323969919793,173.4482559395619,175.68406677246094,88754900
2020-03-26,177.19710491468047,185.72593235616023,176.94654595928546,184.93568420410156,79887600
2020-03-27,180.1460148394738,183.59609288072798,177.95840722932618,178.57518005371094,58845000
2020-03-30,180.27129287481992,185.50423718927124,179.57742164301396,185.070556640625,49356900
2020-03-31,184.7622147202768,188.16410491571844,182.33366492098668,183.4901123046875,62659300
2020-04-01,178.06445538854658,180.84957286157615,174.2963509529691,175.6937255859375,53715400
2020-04-02,174.6625356672166,183.20099365504453,174.40233025207831,179.25941467285156,56465300
2020-04-03,178.81613286364367,180.28097404643722,174.71072483496295,176.71524047851562,47487600
2020-04-06,183.5672201272307,190.47700940543538,182.32404243492905,189.34947204589844,64763500
2020-04-07,195.02572681505686,195.3052105755976,188.88690704180706,189.2723846435547,69904500
2020-04-08,190.9588884769915,193.86929310393373,189.05074921397656,193.29107666015625,45940400
2020-04-09,195.00641123463416,195.84483288265525,191.80689211409904,193.5704803466797,68252600
2020-04-13,192.74172250332825,196.037604193532,191.53708673768247,195.66175842285156,42853900
2020-04-14,199.7093049229107,204.78805274847983,198.92870340406157,204.17127990722656,63959600
2020-04-15,200.91397800191098,204.14240790588903,199.60333363165753,201.82949829101562,47036000
2020-04-16,204.0074811557882,206.5902132120809,202.08006390600804,205.5108642578125,64657400
2020-04-17,208.3248595465445,208.65251689926393,204.38329540788433,207.47679138183594,62863200
2020-04-20,205.61685800215838,208.04540767957292,204.85553471347845,205.0193634033203,38249100
2020-04-21,202.95705240184301,203.4967269058815,196.2400017750931,197.4542694091797,72932800
2020-04-22,201.51142293797477,204.64347509212058,200.7693633871247,203.3135528564453,40089100
2020-04-23,204.10382786291873,206.6576643500485,202.47517276142193,202.8799285888672,43278500
2020-04-24,203.31359836320192,206.5227496686499,201.89694558768815,206.07943725585938,34231900
2020-04-27,208.3441558687106,208.76818998777122,206.71548605005756,207.7370147705078,36451700
2020-04-28,209.43317819406536,209.43317819406536,203.54491754862684,203.8243865966797,46862800
2020-04-29,208.3441059721047,211.98692227884717,207.33220928578243,211.0521240234375,48716400
2020-04-30,211.96773524240731,212.0544655001362,209.4621013317264,210.96548461914062,43359500
2020-05-01,206.71548516729402,208.80673096825288,203.99781998220683,205.0193634033203,48795000
2020-05-04,203.78583880021242,207.63102692515653,203.45816668146077,207.4093780517578,32841000
2020-05-05,209.54877092522312,212.15078083900826,208.98018646023408,209.7607879638672,37783100
2020-05-06,211.43760147297832,213.01808254413103,210.1944241989404,211.0521240234375,36455200
2020-05-07,213.76983642578125,214.64680002556514,212.4206356402995,213.76983642578125,38624800
2020-05-08,215.4370527987556,216.83442727798635,214.40587757506572,216.6995086669922,31852300
2020-05-11,215.3792260503631,219.65807959889403,215.1479307078647,218.6365509033203,35714100
2020-05-12,219.23403851155837,219.82190124870135,214.03000410774558,214.0589141845703,41054100
2020-05-13,214.5793875691559,216.4586166360453,208.8453236142768,211.37986755371094,65521200
2020-05-14,210.05954921207797,213.81800659262302,208.15141044234167,213.7794647216797,51549300
2020-05-15,210.840119349372,215.2249954432803,210.4064535170125,215.16717529296875,55747200
2020-05-18,218.067995191492,220.38089010178686,217.28739352689314,219.17625427246094,42398100
2020-05-19,219.43643426157178,221.50841647055782,218.48237220668994,218.62692260742188,36237300
2020-05-20,221.17109946832628,223.34907537189613,221.15182118103107,222.9925079345703,37417000
2020-05-21,223.04070280504075,223.71529582980037,220.05320050321595,220.56396484375,43642900
2020-05-22,220.15920834518346,221.52767267831032,219.2436881926368,221.32530212402344,28762400
2020-05-26,224.89105752385854,225.09344281630445,220.4869018101662,220.7278289794922,33055300
2020-05-27,220.39052438773797,222.04810437344563,215.81290848994647,221.9324493408203,55665600
2020-05-28,220.79527281052464,224.99704279722127,220.73745264867057,221.64334106445312,42784300
2020-05-29,222.01918950859726,225.12233234254612,220.45797159451314,224.8910369873047,50691800
2020-06-01,224.02370314561293,225.94147381003964,223.58039072826787,225.5656280517578,25776000
2020-06-02,225.98966364871228,227.13647922003233,223.59002397330252,227.0786590576172,33383400
2020-06-03,227.6858020984865,228.85189604412668,226.80883839609248,228.10020446777344,37228700
2020-06-04,227.75323600269516,229.1602422052679,225.1993996049713,226.5004119873047,38716100
2020-06-05,227.64726275313055,231.5791958835498,227.07867816816272,230.9913330078125,47365600
2020-06-08,230.84678005791002,232.90911612818007,229.27594484550295,232.78384399414062,32937300
2020-06-09,231.92610117579662,235.31834465497798,231.74299420006872,234.4702911376953,35046300
2020-06-10,236.15681016614303,238.82628727279214,235.63639925472478,237.2843475341797,58084400
2020-06-11,233.37163996681778,234.74973598119203,225.46923367926118,225.5270538330078,72919400
2020-06-12,230.41309179061233,231.67554773748168,223.32984221469624,227.31959533691406,72034800
2020-06-15,224.00437547381557,230.75996584159014,223.06957718019046,230.0853729248047,45307400
2020-06-16,234.93290891493186,235.52077181815355,230.42275919581044,234.0366668701172,48890100
2020-06-17,235.5303933693927,236.59047878976918,233.92100165302278,234.77870178222656,34749300
2020-06-18,234.46067228292986,235.65567630933816,233.68971712269445,235.4147491455078,30578600
2020-06-19,237.77583056626153,238.0360360185882,233.65115872987195,235.37620544433594,49422100
2020-06-22,235.24490076280244,238.3244798432244,234.955297181433,238.19898986816406,24068700
2020-06-23,239.79183727810704,242.45629299410982,239.24157581452485,240.22625732421875,32767400
2020-06-24,239.47329404546477,240.69933657376964,233.77753097546187,235.2738800048828,46032400
2020-06-25,235.36074647206536,237.81281664587638,232.7928201402532,237.5135498046875,36940800
2020-06-26,237.27218287499343,237.4459597314604,231.3833319883449,231.90464782714844,52824600
2020-06-29,231.6632811030862,234.44359271433478,229.1339788476618,234.43392944335938,34377800
2020-06-30,234.36639647362844,239.56981827910502,234.1829710638583,239.02920532226562,38909200
2020-07-01,239.06780129542443,242.81349762330234,238.52718836781267,241.81915283203125,34689200
2020-07-02,244.26159807657163,245.46832873991843,242.99694669828003,243.4603271484375,31956500
2020-07-06,246.6074617777872,249.96699563419133,246.5881499636739,249.44570922851562,34589000
2020-07-07,249.19469817272315,251.84950546754382,247.42802809280906,247.727294921875,36578200
2020-07-08,249.04989268626372,251.01925576540253,247.62111308465714,250.99029541015625,30426300
2020-07-09,252.90183068507554,253.77067102162437,248.7120646282576,253.10455322265625,40312900
2020-07-10,252.95968659760723,255.08354417496147,250.28558227351633,254.83253479003906,32885300
2020-07-13,257.67077863151815,260.4510906859,248.76993242520794,249.59051513671875,64108100
2020-07-14,247.0708528547164,251.7626369364563,244.01058569743407,251.35716247558594,72230500
2020-07-15,252.7666360536843,253.596882126876,248.5768704383118,251.86883544921875,54523900
2020-07-16,249.08849232489118,250.78757843319028,246.7715754706991,250.15042114257812,47594100
2020-07-17,250.60413180802655,251.2992097515547,248.26791806810806,250.44003295898438,35137900
2020-07-20,251.07728909463103,258.1728739245961,249.83196379926417,257.5453796386719,40610100
2020-07-21,259.109135139663,259.1187984100543,254.02157058459565,254.8614501953125,43243800
2020-07-22,255.35377146303404,256.68600630653134,253.46159731313452,255.75921630859375,29865500
2020-07-23,255.35384085608533,256.05855262336553,247.66935970613696,249.07884216308594,51363500
2020-07-24,245.24629537698445,248.0362562598551,242.62046283775317,246.71368408203125,54054500
2020-07-27,248.35482864976262,251.50196212102415,247.57286955299298,251.11581420898438,36445700
2020-07-28,250.3338099625523,250.8551257534411,247.6307456045955,247.92034912109375,31302400
2020-07-29,249.45538187556403,251.63716056148897,248.98235283563193,250.7779541015625,27556900
2020-07-30,248.81816828164906,252.65074556588422,247.6693584774268,252.09083557128906,41774500
2020-07-31,256.70537999323545,256.74400361997266,251.82053708339816,256.58953857421875,53686300
2020-08-03,258.72303208186116,260.7986027529654,258.59752738982127,260.0552673339844,32081600
2020-08-04,259.55328748172855,261.11723526948975,258.80995195129617,261.02069091796875,24911300
2020-08-05,261.5032900919459,262.12112069150885,260.61512361991197,261.6673889160156,21612100
2020-08-06,261.4743636830434,265.46140586287095,260.83720646063387,265.1331787109375,28048200
2020-08-07,264.5926072803421,265.36493266355205,259.9298124653407,262.0729675292969,44969400
2020-08-10,262.3624863067631,262.5652382262268,257.4390498387172,260.9530334472656,35088400
2020-08-11,259.79460563922686,261.0785835075991,255.46970198457473,256.01031494140625,43104300
2020-08-12,258.16303195373314,263.39539733764065,258.11474507146704,262.4493103027344,38773400
2020-08-13,263.221705230733,265.3165728103605,262.1115191001237,263.0479431152344,31895700
2020-08-14,263.6657744179316,263.9360808630811,261.3488578221937,262.739013671875,30799500
2020-08-17,264.44774386522494,266.2916316202141,262.7776476942178,265.7896423339844,24803000
2020-08-18,266.8516270636147,268.82099045745963,265.3938868738136,268.34796142578125,23529500
2020-08-19,268.3092735080976,269.361538946348,266.0309805139832,266.5426330566406,31999400
2020-08-20,265.751019647813,270.72274347533306,265.345545232014,270.24005126953125,27723400
2020-08-21,270.43318582301333,272.56667748553065,269.78636519456194,272.1129455566406,34748900
2020-08-24,275.3758992103282,276.09993750798907,271.5336587047118,273.8119812011719,36418500
2020-08-25,273.03963883710674,276.1578408489772,272.59557029160055,275.9647521972656,34866600
2020-08-26,277.2101408160361,282.1046470816071,275.93582626265743,281.8536376953125,42216700
2020-08-27,282.8286792529537,283.6782222700031,278.71613213005304,280.9751281738281,49482700
2020-08-28,282.2108419768095,283.0314247058388,280.8593095496304,282.4039306640625,28021000
2020-08-31,282.9251423816995,286.47774901403636,282.49070772593154,284.6724853515625,36321000
2020-09-01,287.31771454912666,289.6539578749861,285.5510739731401,289.5381164550781,36216200
2020-09-02,292.78183556924677,292.99422135625616,286.61304339494706,292.27984619140625,50836800
2020-09-03,287.78108170242064,288.2830709602669,274.5649675446484,277.46112060546875,110083300
2020-09-04,275.6751126995885,278.9284527740753,262.39141654005283,273.7636413574219,123959000
2020-09-08,262.7969725347713,268.58927959574385,260.3255905456521,260.6055603027344,99568600
2020-09-09,266.0986258002592,270.35594596864087,263.5499963099518,268.2610778808594,64837900
2020-09-10,271.21509239294085,272.4314861497226,261.1943977290746,262.91278076171875,69667500
2020-09-11,264.66013097026314,265.6930993630102,257.6610939749936,261.0882263183594,71809000
2020-09-14,264.86289805138153,267.62391325774576,263.5113655376225,265.6352233886719,38525200
2020-09-15,269.3712776760612,270.74213684181177,265.60628343379057,269.4002380371094,41849900
2020-09-16,270.1918125867291,270.65517828129555,264.756693258372,265.1042175292969,42321000
2020-09-17,258.2886948040041,264.9015866619756,257.44881473090874,260.96282958984375,81570800
2020-09-18,262.38187660718535,262.67148018937655,253.53895054283115,257.6321716308594,86251100
2020-09-21,253.38445419157796,258.3851385012699,251.1061316019315,258.25,57168600
2020-09-22,260.6441160060657,263.6271501668964,257.3135576142378,263.0479431152344,41128900
2020-09-23,262.7293416062294,262.9127669872832,254.13742689315325,255.01593017578125,48837300
2020-09-24,252.34183170516394,259.3987890115736,252.1777034012321,256.203369140625,70631700
2020-09-25,256.7053739728496,262.97070941435624,255.15108974097413,262.1597900390625,55242400
2020-09-28,267.0059901791087,267.60455322265625,262.26597895322107,267.60455322265625,58438300
2020-09-29,267.0446487660086,268.096914308436,265.8379181722347,266.3978576660156,27050000
2020-09-30,266.5909100316344,271.35991157253846,266.320603564025,268.222412109375,49380800
2020-10-01,272.035728706174,273.0879943617104,270.15321699305514,272.47979736328125,50020200
2020-10-02,266.4653741628835,272.4700659190525,263.97469553569204,264.8145751953125,75497400
2020-10-05,266.7743216875284,270.78066105719495,266.6681435448509,270.46209716796875,28184600
2020-10-06,269.7767314676186,271.4564912017764,264.75671988942867,265.6352233886719,49704200
2020-10-07,268.2707089046641,271.0220311202813,267.6818090484944,270.2304382324219,27539700
2020-10-08,272.62454435548824,272.69212833310576,270.6068945267459,271.6688232421875,25443300
2020-10-09,273.3100016402648,275.8972545853116,272.92385371839447,275.82000732421875,30201100
2020-10-12,280.4924153841148,287.16322487965397,279.449813233145,284.33465576171875,79370700
2020-10-13,286.13033655298915,286.7674644204196,282.96384699452096,284.3250427246094,64240000
2020-10-14,285.12631857338727,286.09170307543957,280.2125149932846,281.9501953125,36949100
2020-10-15,277.25840511239437,280.64688424515134,276.62124788764856,280.0580139160156,42514200
2020-10-16,281.69922658243195,283.1183431837702,278.1755785334822,278.52313232421875,40570700
2020-10-19,280.4345605272462,281.39031130634476,273.00111685021136,273.97613525390625,36756800
2020-10-20,274.7097431532675,277.66381663718306,273.15548863329695,274.56494140625,32195400
2020-10-21,274.8159035169367,277.3741654785943,273.86981649701727,274.3525085449219,29306100
2020-10-22,275.18286694417264,276.0806970077862,271.09930896361976,274.3429870605469,32196200
2020-10-23,274.91259683783807,275.04776484037444,272.026105944964,274.8836364746094,24658500
2020-10-26,272.6052709268055,275.42417707653493,267.17981492766694,270.7613830566406,38421100
2020-10-27,271.7557303051984,273.69616253176326,270.5007422694398,272.8755798339844,30559100
2020-10-28,268.3864926510027,268.9946894601521,261.9859901717675,262.23699951171875,53413500
2020-10-29,263.5499944350886,269.8153310290568,263.0865992234565,266.8226623535156,43246300
2020-10-30,264.8435659472603,265.7124060582812,257.82523161584606,260.0552673339844,65838300
2020-11-02,262.4397858102994,264.0519614491014,257.7287046720085,260.634521484375,39987400
2020-11-03,262.54593584630584,267.23771939786616,261.46471002109524,265.142822265625,43604100
2020-11-04,273.7734013268974,278.7740862311962,272.11293872046167,276.9784851074219,75728200
2020-11-05,283.36936931813864,285.16500017683126,281.89233190816384,284.1996154785156,52054200
2020-11-06,283.54305564811597,285.1359340820166,279.79735930679647,284.4118957519531,40959800
2020-11-09,287.3466610782748,288.785103869441,278.1465489147807,278.60028076171875,86537100
2020-11-10,275.29867558843364,276.7370888817272,270.9061589989778,273.6092529296875,69024900
2020-11-11,276.12893301602537,280.20285686797143,273.57066993083123,279.7298278808594,36102900
2020-11-12,280.69522351146736,281.95987492555054,277.30671428530616,278.4169006347656,34414600
2020-11-13,280.12561131852397,281.47714362009503,277.9052094662623,280.8592834472656,24806900
2020-11-16,280.56004219293146,283.35001757427733,279.9518452365164,283.0507507324219,30168400
2020-11-17,283.2438740785604,283.5721013516347,281.51582716157145,282.1529846191406,21843500
2020-11-18,281.60264461079413,283.21482007968325,279.98077640901397,280.0676574707031,28069600
2020-11-19,279.5174967541618,282.56811596843096,278.8513789483864,282.2591857910156,22718400
2020-11-20,282.1817988123272,282.92516352503,280.2413965424816,280.3282775878906,25907300
2020-11-23,281.3227248815685,282.61633668750983,278.0983439095298,280.3380432128906,26875600
2020-11-24,281.3999076110754,284.76911941958616,279.60430665178757,284.2767639160156,24516800
2020-11-25,285.3387246082937,286.66129675624876,284.3926371230563,286.0241394042969,23326800
2020-11-27,287.98385649637567,289.77948704018394,287.5880453041319,288.6596374511719,17163100
2020-11-30,288.97816766295597,289.5863645590646,284.57601708117227,289.24847412109375,27836200
2020-12-01,291.51706185368187,294.5773426655312,290.4165097477137,292.9554748535156,27521300
2020-12-02,291.78753187472336,293.6700438648482,289.95330679736287,293.3321533203125,23620000
2020-12-03,293.64101422994565,295.291813464016,293.0231540129856,293.7471923828125,22828700
2020-12-04,293.7954649395466,295.08910615271844,293.11971343632354,294.94427490234375,19332100
2020-12-07,295.127679542483,296.98123069702854,294.944254135375,296.6143798828125,20851000
2020-12-08,296.14134066866654,297.9176445054825,294.3939971866446,297.6183776855469,18341500
2020-12-09,297.40601360992247,297.68595390627206,289.8180760276323,290.8800048828125,48839300
2020-12-10,288.8527358705652,293.16800647922975,287.7715097651534,292.04815673828125,27519500
2020-12-11,290.39729806133215,291.52681084636964,288.1383019524529,291.40130615234375,26760400
2020-12-14,292.5886822038774,295.4558749642355,292.52112768841306,293.5154724121094,28804800
2020-12-15,295.7648484221678,296.65301513671875,293.5830699960298,296.65301513671875,25709000
2020-12-16,297.0488243911676,299.06647447411444,296.0061926260294,298.2845153808594,25461900
2020-12-17,299.8773705797132,300.46624094137616,298.6803033125985,300.23455810546875,23730500
2020-12-18,300.8717390235491,301.180669136514,296.9619140930054,299.3271179199219,41173400
2020-12-21,296.387948896712,299.2990323838478,293.62195915625836,298.7671203613281,37095500
2020-12-22,299.6665978798788,300.4983192917001,296.76519469791697,299.5795593261719,26176300
2020-12-23,299.6279035023062,299.98573850486457,297.91608625441927,298.0708312988281,21201300
2020-12-24,298.33187467360824,299.83092081153956,298.2545169274472,299.38604736328125,16785000
2020-12-28,301.9876123351999,302.8773886630072,300.1597147820848,302.4034729003906,22497700
2020-12-29,303.7285197853064,304.34749991384246,301.7749190944839,302.6743469238281,25871900
2020-12-30,303.8349131664459,304.1540544968562,302.0650408812908,302.68402099609375,18138100
2020-12-31,302.58721750583237,303.9121863969882,301.5137129057006,303.4286193847656,21611400
2021-01-04,304.7536849421613,304.9277915528741,295.15004811669945,299.1443176269531,45305900
2021-01-05,298.1578267845956,301.88129955735786,298.1578267845956,301.6104736328125,29323400
2021-01-06,296.9102952516559,301.6299163936278,295.9238286744482,297.43255615234375,52809600
2021-01-07,300.0824173717932,305.45968150266896,300.05340452454226,304.6279602050781,30394800
2021-01-08,306.9104014783484,308.8930445425337,304.72466847110894,308.54486083984375,33955800
2021-01-11,305.59515315724855,306.7653775739113,303.4384327154014,304.08642578125,32746400
2021-01-12,304.1250449943924,305.2082306926176,300.97220723304343,303.6028137207031,29266800
2021-01-13,303.8639024822471,306.4461343175592,303.2642839890913,305.6531066894531,22898400
2021-01-14,306.0980096248566,307.094156785232,303.54476087519726,304.0186767578125,23500100
2021-01-15,303.805887273983,304.76334073870083,300.37254297095495,301.6104736328125,35118700
2021-01-19,303.9219422599442,306.51385500223813,302.82907582001553,306.0109558105469,24537000
2021-01-20,309.6183861530807,314.0671802809424,306.10768395367444,313.1290588378906,30728100
2021-01-21,314.46362617715886,316.3785621953634,313.0903123730089,315.63385009765625,25130600
2021-01-22,314.5991213356386,315.7306519263239,314.0381669194832,314.724853515625,21609400
2021-01-25,318.10014115221514,319.4638040355213,310.8466340162859,317.326416015625,39080600
2021-01-26,318.04205268799393,318.9221482552105,316.4656193925724,317.79058837890625,25498100
2021-01-27,315.53733895255374,315.5469902284662,306.9298175396676,308.9317932128906,55264000
2021-01-28,310.1309511635388,315.6919730692937,309.51197108006664,310.75958251953125,42836300
2021-01-29,309.0767439271352,310.17929111523523,302.48091091623917,304.22174072265625,55259000
2021-02-01,307.65514001906774,312.906702757702,305.63383246639074,311.8235168457031,35646000
2021-02-02,314.7829055893894,318.0614757583533,314.61847975995283,316.91058349609375,33930800
2021-02-03,318.98017238782654,319.34768806406197,315.59520307558006,315.6532287597656,24824500
2021-02-04,317.0459651565781,319.47345211722893,315.7306471948117,319.38641357421875,22350900
2021-02-05,320.33422103904036,321.4754324188939,318.69976172611615,320.4696044921875,22732000
2021-02-08,322.15240214767726,322.7713526769927,320.5179430178108,322.6166076660156,20462800
2021-02-09,321.6882474260004,323.806274175975,321.6785666370871,322.54901123046875,17597500
2021-02-10,323.980274963567,324.4348292163973,318.67071767071866,321.81390380859375,28068700
2021-02-11,323.34204817424137,323.9900412431522,321.2046893005764,323.5838317871094,22046100
2021-02-12,322.74233576973455,325.5566997476081,321.6978438520274,325.3923034667969,20346800
2021-02-16,326.1854222775015,327.0751989496096,323.3517254489914,324.5122985839844,27080800
2021-02-17,321.5430706240913,324.62823071836164,319.31867403301914,322.955078125,31360300
2021-02-18,319.3767197771394,322.89707272229566,317.5681541311923,321.5430908203125,32236200
2021-02-19,322.8874353914516,323.0131675697343,319.1252984033846,320.1407775878906,39157700
2021-02-22,315.76933617548235,317.02659890878084,311.63968350680307,311.8427734375,47256900
2021-02-23,306.58159507595076,312.5778399716038,300.7787888600022,310.91436767578125,97241900
2021-02-24,308.2644260540503,313.78678503028857,305.5757934557348,313.477294921875,58206300
2021-02-25,310.8272800316736,313.3804990158397,301.01084412177386,302.548583984375,110182600
2021-02-26,305.46940434313694,308.62224239863315,300.6627452228731,303.81561279296875,104739800
2021-03-01,308.77695928636876,313.29348948232337,307.4906836456655,312.9549865722656,49164500
2021-03-02,313.59328827964913,313.670646035131,307.6841120337371,307.935546875,48370000
2021-03-03,306.8426505734667,307.7807719083756,298.9411808533532,298.99920654296875,86301100
2021-03-04,298.6317419551438,301.78460936542973,290.2466741951384,294.1055603027344,139131600
2021-03-05,296.71678648609463,299.4344314626073,287.6741045435682,298.5350036621094,121523700
2021-03-08,297.99342718350005,299.8696701583811,289.6664147092332,290.082275390625,88409800
2021-03-09,297.3647719894235,303.419041899386,296.8328599524644,301.5234375,80391100
2021-03-10,305.7691877148615,306.0689969905032,299.97606262892486,300.6627197265625,76798100
2021-03-11,305.3919582843167,309.3475336539254,304.50221134098524,307.5873718261719,53484800
2021-03-12,303.5447727415262,307.77117464074803,301.1559792324763,305.0921936035156,69315600
2021-03-15,305.41140340074475,308.5158967940509,303.776943780699,308.3514709472656,42955700
2021-03-16,310.5371016224292,313.5449041856283,308.61251410276867,310.0438537597656,54925900
2021-03-17,307.01679618497184,313.20644981907077,305.30494957992335,311.3205261230469,78258700
2021-03-18,306.45585279723394,307.4326679227673,301.33005261439087,301.78460693359375,82718100
2021-03-19,301.6200790718718,304.38609768893326,299.4827211731796,302.8483581542969,78446200
2021-03-22,305.2353979787207,310.59040392389574,305.2353979787207,308.5278015136719,56194800
2021-03-23,309.6124369698752,310.9293867852574,306.36843885292086,307.1818542480469,53455400
2021-03-24,308.54722404329397,308.58596655116986,301.85588168569967,302.0011291503906,64803700
2021-03-25,300.16123030839066,302.9888420757685,297.66288549869734,301.4781799316406,78729000
2021-03-26,301.26518333046636,306.320002200916,299.87077805243393,306.0004577636719,63519600
2021-03-29,305.4678031986022,306.95904962999583,302.58209270795265,305.9132385253906,54608000
2021-03-30,303.95721029800524,304.9449225559997,301.6815683021682,304.37359619140625,44635700
2021-03-31,306.15532410653975,310.59037995545776,305.8163937205963,309.0313415527344,55032500
2021-04-01,312.84669126556355,314.43477928808466,312.5949093203863,314.2992248535156,55685600
2021-04-05,316.77821974167637,321.33916702828384,316.53613080531056,320.57415771484375,42172500
2021-04-06,320.2643529812838,322.2978767014356,319.5767990245168,320.35150146484375,33537200
2021-04-07,319.8769723569828,321.9589610592511,318.9473590229787,321.12615966796875,32046400
2021-04-08,323.97311966673175,324.6606440220549,323.1790608045984,324.4766540527344,29940800
2021-04-09,323.1209901971692,326.6458198643711,322.38505980712984,326.44244384765625,36664900
2021-04-12,325.40628854475295,326.43274331989136,324.1377448216692,326.016357421875,25833000
2021-04-13,327.5366559147575,330.2867828370007,327.32361645695613,329.8219909667969,30374000
2021-04-14,330.06411121419984,330.1900022082753,325.0480347934514,325.8614501953125,42564300
2021-04-15,328.7277522175519,331.1873842810127,325.5805957947006,330.8000183105469,36342800
2021-04-16,331.32290184518246,331.40038685139956,329.3183984234801,331.1873474121094,40860100
2021-04-19,329.61862923278056,330.7709453921216,326.23904755662335,328.1564025878906,34533100
2021-04-20,327.4979526077044,328.7761598402926,323.7988262550352,325.76458740234375,38081800
2021-04-21,324.4863905189967,328.73748730841146,323.4018365873759,328.5534973144531,36598100
2021-04-22,328.1661309889233,329.1441503104855,323.44054967233905,324.5928955078125,45936100
2021-04-23,325.22228417309697,329.9865779085582,325.22228417309697,328.6793212890625,36381900
2021-04-26,328.9214582200085,331.1002589729118,328.1758052713695,330.8194274902344,30812000
2021-04-27,331.1098719910095,331.3229114364668,328.43723023657543,329.3861999511719,33187200
2021-04-28,329.0570099433461,330.0641083352894,327.62383259911434,328.27264404296875,33615700
2021-04-29,331.5359690602384,331.9523549599582,326.23906167544914,329.4540100097656,37708900
2021-04-30,327.01378426086353,329.49277288707975,326.38432931321546,327.2945861816406,38263400
2021-05-03,328.49535414501815,329.2409774847648,325.1061087885574,325.5515441894531,29729700
2021-05-04,323.0047842346644,323.3243582233889,315.88736262246255,319.6930236816406,65147000
2021-05-05,321.73627147223687,322.5981224716167,317.8434911061928,318.6181640625,46219300
2021-05-06,318.35664450132003,321.17456326831405,316.11974509228173,321.0196228027344,46814300
2021-05-07,323.7891156513967,325.9969656355918,321.1939292677042,323.62451171875,53324500
2021-05-10,322.2494462901448,322.423743244047,315.2482231230004,315.45159912109375,60700500
2021-05-11,309.5833764993854,315.80989751104426,308.92487206316486,315.0158386230469,71963600
2021-05-12,310.0965788958104,312.41093381936065,306.0004233496394,306.8622741699219,91164900
2021-05-13,309.796312411477,312.19781519912544,306.87185981419293,309.2346496582031,69877800
2021-05-14,312.39159912628935,316.97190332502765,311.88803517752746,316.0616760253906,44370000
2021-05-17,314.3573265528595,316.04225607286384,311.2779624122061,314.144287109375,39395000
2021-05-18,315.0933832631956,316.31349176756214,311.75254313389013,312.023681640625,36528500
2021-05-19,306.639554116016,312.6820849093863,306.29093065769706,312.38189697265625,66319100
2021-05-20,313.86349073591884,319.2765963457008,313.6407878054907,318.4244384765625,46466100
2021-05-21,319.97380871804603,320.39019463106933,316.3037614122714,316.66204833984375,50330400
2021-05-24,318.94735509973475,323.1113029011773,316.5555150168028,321.9880065917969,32475800
2021-05-25,323.49866910145255,324.2152430252411,321.2617692916847,322.4334716796875,31280300
2021-05-26,323.10166471334094,324.02158517710836,322.4141402316824,323.5567932128906,25444900
2021-05-27,323.1112617243817,323.9537264610859,322.1429060174809,322.34625244140625,27931700
2021-05-28,323.54696600103597,324.95109343161636,323.04343173135425,323.36297607421875,29927400
2021-06-01,324.6896809091866,325.164195336216,320.9421487723958,322.2881774902344,31145400
2021-06-02,322.70459358322785,323.76009793499435,321.20365380591664,322.9176330566406,22047900
2021-06-03,320.0899568478718,321.3585004191507,317.8918001022529,319.557373046875,37057800
2021-06-04,321.3488600462655,325.4256294601912,321.28106805163293,324.9801940917969,38736500
2021-06-07,324.44760861511116,326.00667686643675,323.7600842511956,325.9485778808594,32611900
2021-06-08,327.6915424715313,328.5533931755179,324.42818869496324,326.10345458984375,27282800
2021-06-09,327.46892965959455,328.2436025634657,325.99700976961145,326.1809997558594,21485300
2021-06-10,326.51988721420577,329.68639997023377,326.07445183075987,329.57989501953125,33702100
2021-06-11,329.5895840641041,330.4514349584931,328.9408021914043,330.4417419433594,21222800
2021-06-14,330.8677220192532,333.617848274824,329.6863270490836,333.6081848144531,27827700
2021-06-15,333.25958964568343,333.5694705448382,330.7128095685178,331.4294128417969,35963800
2021-06-16,331.89423062610587,332.95942783043756,326.7716501352397,330.218994140625,55399500
2021-06-17,329.21195144745354,335.4191162173193,329.163545473948,334.4120178222656,59722700
2021-06-18,332.75610603760833,333.89875878145057,331.0420973699714,331.7877502441406,55414900
2021-06-21,331.97879604852716,334.16982877666925,329.7683843850262,333.8498840332031,32992600
2021-06-22,333.6462517525523,337.4078356807548,333.345715575561,336.9618835449219,28941600
2021-06-23,336.90368669454335,338.2706557563492,336.29291013648606,337.12664794921875,27188500
2021-06-24,339.05596986619264,340.73314994012264,338.51306388332824,339.2110900878906,32581600
2021-06-25,339.7733116910346,340.0156814448706,338.19305616223977,338.79412841796875,28682800
2021-06-28,340.07389244151085,343.0502005098278,340.01572605985007,342.9144592285156,39130300
2021-06-29,342.7399642266975,344.18447869899444,341.9062263553775,344.1553955078125,29426000
2021-06-30,344.000212431428,344.3880276911939,343.0307334543141,343.6124267578125,32724000
2021-07-01,343.2635208790755,344.2523790507601,341.91593053697903,343.7482604980469,29290000
2021-07-02,345.638679690202,348.0139153307222,345.4060141726881,347.6940002441406,32727200
2021-07-06,348.2950468733975,349.4778124771384,345.6095710167711,349.1966552734375,38842400
2021-07-07,351.38772088557204,351.6882570475963,347.9848396873654,349.9335021972656,35265200
2021-07-08,344.8825170837954,348.673184261547,343.60282704032704,347.8200378417969,50890000
2021-07-09,347.2383212565117,350.4666734462841,346.6566279144741,349.99163818359375,35184500
2021-07-12,351.38772576884907,351.81429895690616,349.81714471128146,351.358642578125,25717700
2021-07-13,350.9805315125563,354.3155421176451,350.5054962020108,351.358642578125,39723000
2021-07-14,353.695063224342,354.334923009968,351.1647368588785,351.9888000488281,35336400
2021-07-15,351.90160295048395,352.1051853170366,347.5195376293325,349.51666259765625,53391600
2021-07-16,350.3698003874642,351.3489839124998,346.33676309548827,346.685791015625,47262000
2021-07-19,343.24414332719823,344.3396596986981,341.2955100017122,343.8452453613281,64404600
2021-07-20,344.77588922936053,349.2839615476672,343.0017257426105,347.8394470214844,42183700
2021-07-21,347.41282185679904,350.52484130859375,347.189831025329,350.52484130859375,30259900
2021-07-22,350.7284624245067,352.8516241358318,350.7284624245067,352.8419494628906,30252200
2021-07-23,354.16041041607696,357.24334687744266,352.812849841368,356.96221923828125,31960800
2021-07-26,356.2738984943799,357.63119303093924,355.41107739904294,357.2433776855469,28438100
2021-07-27,356.9815849421956,356.9815849421956,349.16758599168105,353.3072509765625,57933100
2021-07-28,354.4415285111085,356.2350705793198,352.1535426850584,354.66448974609375,42066200
2021-07-29,354.1022079027435,356.45803479304226,354.1022079027435,355.294677734375,25672500
2021-07-30,351.3779980023354,354.02468652578403,351.34891481355703,353.4429931640625,36484600
2021-08-02,355.1007941602043,355.6824875220298,352.76434604074336,353.4720764160156,27334100
2021-08-03,354.1312614128236,355.73089572578397,350.95137171443713,355.61456298828125,35558500
2021-08-04,355.57580782929244,357.07851805486206,354.4706171365289,356.12841796875,29602200
2021-08-05,356.94278521593094,358.6199946031827,356.2350844531187,358.3873291015625,21443900
2021-08-06,357.127043419066,358.0965226061682,355.71161209002065,356.8168029785156,33332100
2021-08-09,357.27243178557364,357.99954111974125,356.17694524113097,357.4760437011719,25960200
2021-08-10,357.98992113846487,358.2807530821014,354.46100242949313,355.6437683105469,35130800
2021-08-11,356.9040762701821,357.39849052888457,353.70477725367834,355.032958984375,34249800
2021-08-12,354.52884495828187,356.67138566955566,353.181254691948,356.31268310546875,25969200
2021-08-13,356.6616545422443,357.89288225930954,356.1672107693837,357.5632629394531,19336200
2021-08-16,356.4483382151208,357.7571111274187,352.59950560394634,357.7183532714844,34856900
2021-08-17,354.97485274090053,355.9443320763044,352.1439896497715,354.56768798828125,44793900
2021-08-18,354.0343835120309,355.43043583369166,350.82540994122667,351.155029296875,38541900
2021-08-19,349.22578097776704,354.51912885842324,348.97370693092194,352.85162353515625,48499400
2021-08-20,353.9180087597868,356.904020710353,353.60776837263546,356.50653076171875,39486000
2021-08-23,357.54392962555784,362.52706708912774,357.53425495180653,361.8387451171875,34034700
2021-08-24,362.4300554452593,363.5449504691931,361.9646948361928,362.9438781738281,21732900
2021-08-25,363.19598391897216,363.93279755113315,362.44946602760183,363.36077880859375,20441900
2021-08-26,362.50762435662693,363.18624194922563,360.61712834878506,361.05340576171875,29133300
2021-08-27,361.6835731498802,365.06704572458636,361.19883360227624,364.56292724609375,27104700
2021-08-30,365.34818665197656,369.13885329551607,365.32877813579944,368.65411376953125,27295700
2021-08-31,368.8964214358229,368.96426247256494,366.8120181560357,368.353515625,29628200
2021-09-01,369.41033717202157,371.02935075610196,368.7607731349161,368.96435546875,28138300
2021-09-02,370.3119452952022,370.64156464979845,367.57800704182927,368.78985595703125,25453400
2021-09-03,367.64588191431966,370.32165381746034,367.6265029824692,369.9241638183594,24605400
2021-09-07,370.0307324548538,371.0971652572,368.8770500940635,370.4476013183594,23970200
2021-09-08,370.27315924913654,370.27315924913654,366.8993907915669,369.15826416015625,32949200
2021-09-09,369.3812201236215,370.48641084928624,367.6458443502614,367.8882141113281,29399000
2021-09-10,369.59458937934374,370.31199456502407,364.766572007798,365.09619140625,40249400
2021-09-13,367.4228731214515,367.8494462905792,362.7984684845976,364.84405517578125,48741800
2021-09-14,366.32741559666795,367.054525034948,362.8566928958541,363.8067932128906,41826600
2021-09-15,364.26242743985847,366.8606245735887,361.9744411620707,366.5115966796875,34097900
2021-09-16,365.1833856673562,367.33563048451015,363.2638359562153,366.7636413574219,35193100
2021-09-17,366.28855990062715,366.33702201577245,361.3829985674299,362.4203186035156,60912300
2021-09-20,356.63973434429585,358.37703415047895,350.30201844577,354.93157958984375,76203200
2021-09-21,356.75620166605563,357.9499936664905,354.24247053381623,355.3683166503906,41927500
2021-09-22,356.28063766745237,360.1434529614634,355.1839069904192,358.6876220703125,46972900
2021-09-23,359.84259194683136,363.0260077177791,359.20202278561584,361.9972229003906,44652000
2021-09-24,359.73580613621544,362.75424424279794,359.3669909059299,362.3368835449219,36056800
2021-09-27,359.2990944579691,360.3181642871581,356.90182494785245,359.4446716308594,43338100
2021-09-28,354.9024852233279,359.3961252495881,348.76857699013846,349.27325439453125,97701600
2021-09-29,350.5349530661647,352.6701538015192,348.07945296818735,348.7005920410156,58076600
2021-09-30,350.3409023629965,352.00054152242564,346.5848628668864,347.4195251464844,61384600
2021-10-01,348.0406649333571,350.6126270697312,343.9449259320334,349.5741271972656,56375500
2021-10-04,347.962987163506,348.2929719481272,340.004462643861,342.2367248535156,76766000
2021-10-05,343.29462143619975,349.09854458603974,343.0714129889844,346.8565673828125,47232900
2021-10-06,343.6537097480509,349.3508859856343,342.7511017351987,349.0791320800781,56806500
2021-10-07,352.1169752114742,354.92189045558763,351.58318236533466,352.281982421875,39411200
2021-10-08,353.35923874114195,353.5921918100286,349.99141563907443,350.5252380371094,41822300
2021-10-11,348.99175438828416,352.5051843465266,347.74944659507247,347.8368225097656,34847200
2021-10-12,349.28293486049796,349.71966633485937,345.9830575943004,346.6236267089844,43905100
2021-10-13,348.9238825919107,350.06912921837323,346.90511365883157,349.3994445800781,40120800
2021-10-14,352.9807367541355,356.04769051505673,352.32076723593747,355.83416748046875,43433900
2021-10-15,357.0473870713289,358.1926336084034,356.0186022676578,358.076171875,40419900
2021-10-18,356.7852802720088,361.89040291079465,356.1835416346824,361.6768798828125,34513500
2021-10-19,362.7444950993632,364.46236472102424,361.7254254222503,364.4138488769531,29091000
2021-10-20,364.87007805144793,365.48153181872937,362.4630934361541,363.9383544921875,31390300
2021-10-21,363.14241948492446,366.3549502475722,362.8415501713679,366.16082763671875,25469300
2021-10-22,364.9089053008268,365.86974428728405,361.4246199786976,363.0842590332031,36275800
2021-10-25,364.50124448025184,367.7137757327204,362.56013655155994,366.80145263671875,32597800
2021-10-26,369.03375122026137,371.44070613936873,366.78205887358405,367.9564208984375,47191300
2021-10-27,368.40287064910666,371.8677555034354,368.14083173451945,368.8105163574219,45760500
2021-10-28,370.70307279910077,373.15857297370206,369.9363269271793,372.9062194824219,38007000
2021-10-29,369.83925436765173,374.9055467405903,369.48986919246113,374.74053955078125,37310100
2021-11-01,375.1772903778977,376.14784421882126,373.1003205601766,376.02166748046875,30765300
2021-11-02,375.4102478008911,378.06958570661226,375.36173195203475,377.593994140625,25135300
2021-11-03,378.07927097534747,382.0197175552883,377.0408007823251,381.6023864746094,33748900
2021-11-04,382.86415603997733,387.44517214610084,382.3206481645862,386.4940185546875,40265300
2021-11-05,388.26045421897084,389.18246280403304,385.46525378884166,386.86285400390625,43383800
2021-11-08,386.8337066070788,387.8527764376792,385.698145419048,386.3387145996094,29256300
2021-11-09,387.40633663249736,387.80426732516804,382.3206431710661,383.6794128417969,50490700
2021-11-10,380.9133283638062,383.718214013105,376.11878924940595,378.0404968261719,54937400
2021-11-11,381.01036099651094,381.1850535942557,378.7489537673127,379.0886535644531,32243000
2021-11-12,380.2338306952605,383.61136839671764,378.6421379524702,383.07757568359375,34730600
2021-11-15,384.25200274920627,384.57227250773866,380.554194715013,382.9902648925781,33716900
2021-11-16,382.2623605390859,386.2125221828956,382.06826752248577,385.7175598144531,27872900
2021-11-17,386.0378179314082,387.9498103200001,384.96051730776765,385.9213562011719,28703300
2021-11-18,387.95962674903507,390.4248130006441,385.74676443924335,389.9201354980469,45721500
2021-11-19,391.5505473687928,393.3654783977314,390.72557064137874,392.09405517578125,45191700
2021-11-22,393.62759843238615,396.67512263344946,387.43545908614306,387.5422058105469,61715400
2021-11-23,386.3872725823271,388.4448721225605,381.3501241303587,385.7758483886719,70098700
2021-11-24,383.30082853857755,387.2995056997961,380.98122021674385,387.01806640625,46954400
2021-11-26,384.4461499286158,385.83406472835935,378.2928408154908,379.6807556152344,51533300
2021-11-29,384.2325918976154,388.93006914854874,383.5046764835853,387.9206848144531,54447100
2021-11-30,387.03748027586386,389.3765187123293,380.2144875926543,382.2235412597656,81332700
2021-12-01,386.5522103936956,388.68744084495484,375.2549782742776,375.7208251953125,77766500
2021-12-02,374.43968842880673,380.20478105141217,373.0226880067084,378.4286804199219,84416600
2021-12-03,379.7873580762688,380.7870271817134,367.7427833555741,371.8482360839844,105349100
2021-12-06,372.33361117070314,376.18671148100873,368.13109604161446,374.82794189453125,67588800
2021-12-07,381.45686138825334,386.72696283063163,381.4180309325069,386.1155090332031,56005300
2021-12-08,386.4454168478569,388.04682468275166,384.5528251036487,387.8429870605469,39204000
2021-12-09,386.6201851321078,388.415715924822,381.94210782452694,382.13623046875,49973700
2021-12-10,384.94119865995583,386.5523221719802,381.77718251787485,386.290283203125,52545800
2021-12-13,386.2804733873282,386.6007431595549,380.340687932566,380.7095031738281,50166400
2021-12-14,375.8955816406789,378.60343580497204,372.333664769765,376.76910400390625,75199200
2021-12-15,376.51669680342667,385.71755879179966,372.5762501875287,385.3584289550781,73858000
2021-12-16,386.3192502607674,386.7462963104807,373.8670281811321,375.44903564453125,82591400
2021-12-17,372.04237510865954,377.72983577831553,370.5283135502286,373.57586669921875,80492500
2021-12-20,368.8637442314904,370.7392989670887,366.82297151682724,369.9521484375,65336800
2021-12-21,373.2172923281782,378.54273153467176,369.475910973187,378.23175048828125,48899500
2021-12-22,377.940256153254,383.04217260210027,377.2794436165562,382.8381042480469,37042200
2021-12-23,383.1879076431996,387.19169227516466,383.02271934951904,385.72430419921875,29595500
2021-12-27,387.01669235388255,392.09918212890625,386.98753974035304,392.09918212890625,32820700
2021-12-28,392.99335611331765,393.16827185713237,389.40743508116805,390.28204345703125,33113700
2021-12-29,390.41803389043463,391.68135356240083,387.85248484629045,390.2236633300781,32248500
2021-12-30,390.0099254493472,392.1867633525795,388.4745045591134,389.0575866699219,23850100
2021-12-31,388.3869956286929,389.74750060385117,386.1324275802682,386.6280517578125,34752900
2022-01-03,387.79412381697824,390.6026208291132,385.6853488587431,390.3499450683594,40575900
2022-01-04,390.89422537317694,390.9331054188095,382.19669095457175,385.2869873046875,58027200
2022-01-05,383.6058492906881,384.723435810867,373.19794669743453,373.45062255859375,75739800
2022-01-06,371.6333557267831,376.42429149760477,369.407939874291,373.1882019042969,70814300
2022-01-07,373.1979002300411,374.87911385794735,367.3768659749752,369.1455078125,72652300
2022-01-10,364.24769136076003,369.90353734049626,358.8930990303456,369.3884582519531,91770500
2022-01-11,368.6596305357724,375.1026272800993,366.5800075141089,374.93743896484375,68295700
2022-01-12,377.5029014224506,379.1938423091481,374.15023158187194,376.4242248535156,54576400
2022-01-13,377.8041180077626,378.48438526589916,366.0745939429649,367.00750732421875,77994000
2022-01-14,364.49053723093743,369.6216049091403,364.286439275492,369.29119873046875,80121200
2022-01-18,363.4896939139499,365.6081968878349,359.3401161763741,360.0981140136719,75450900
2022-01-19,361.65293569478354,364.12129942453373,355.88048008225894,356.14288330078125,81791500
2022-01-20,359.3595940470997,363.3244992215154,350.9827372515647,351.5172119140625,88610700
2022-01-21,349.3305709154094,351.9641226970978,341.4881911443919,341.77001953125,143388900
2022-01-24,336.1531465939222,343.9955285035301,324.7248437265914,343.3346862792969,198685800
2022-01-25,336.8916353592966,341.12864040252816,332.04236606432556,335.3756103515625,124398400
2022-01-26,342.955707801269,346.81372985927146,331.1678458334886,334.8509521484375,146559500
2022-01-27,339.5446962538565,341.36194563895447,330.4584196715779,331.47882080078125,95255700
2022-01-28,333.3543345150803,342.0907488885804,328.4176364152949,341.876953125,108167900
2022-01-31,343.2374887444185,353.3927134005564,341.6048530649411,352.80963134765625,94326400
2022-02-01,354.1507399736121,355.86110622607197,349.009973103486,355.2099914550781,74433000
2022-02-02,359.33038818012415,359.66079442430265,354.014676339823,358.09619140625,78777100
2022-02-03,348.41717982324013,351.7212723367331,342.5183851878919,343.57763671875,95384800
2022-02-04,344.0926331636336,351.20616877842735,342.042163091647,347.91180419921875,86318300
2022-02-07,348.5046486351094,350.86610018602556,343.85947597955027,345.11309814453125,58198100
2022-02-08,343.97605055376056,350.0789131080985,342.8487664313941,348.9905090332031,64720900
2022-02-09,353.4996664580584,356.4636252181494,351.90591064201226,356.3858947753906,55766400
2022-02-10,349.37916706284807,356.1525685296124,346.48324159040976,348.3199157714844,112468500
2022-02-11,348.31994809963237,349.91370372527587,336.04619106150767,337.2706604003906,101569100
2022-02-14,336.7166831697328,341.08005566986844,334.1900440739628,337.6884765625,80254400
2022-02-15,342.9556019922909,346.31799875081583,341.8963507771041,346.08477783203125,55128800
2022-02-16,343.8399623458286,347.0177162208431,340.81766932337564,345.9973449707031,58947100
2022-02-17,342.79053213696744,343.49022485233013,335.2882828887761,335.7061767578125,61801400
2022-02-18,336.63897933491177,337.0276907913628,329.57405148795016,331.877197265625,80001500
2022-02-22,328.9423842207232,334.33585613484354,324.9191744067553,328.5439453125,85967100
2022-02-23,331.69263507638806,332.52836342886025,319.81731479467516,320.1282958984375,86215400
2022-02-24,309.84663269035866,331.42046002394045,309.2830055153298,330.8859558105469,130614100
2022-02-25,331.6828380897231,336.2211267970796,327.87342416629815,336.01702880859375,78842100
2022-02-28,332.8490020800662,338.70891571472583,331.69256543937956,337.0179748535156,77515500
2022-03-01,335.9976692242606,338.2619354790837,329.3408764984379,331.8578186035156,67407000
2022-03-02,333.4029080497776,338.75749983927886,330.64301800966297,337.4261474609375,70609000
2022-03-03,340.05965682523,340.1665695205929,330.7498891164261,332.60601806640625,71089400
2022-03-04,330.25431360650526,331.68285129887664,325.47310598980715,327.78594970703125,76936300
2022-03-07,327.7762547430773,328.9326914399779,315.49277003733135,315.69683837890625,89933800
2022-03-08,314.90969938541224,323.8113321836429,310.9156419859536,314.2294616699219,116153900
2022-03-09,322.39250561084714,326.8919144282108,319.8075312459294,325.5411071777344,64723400
2022-03-10,321.4886751529339,323.13100824604834,317.4945891624437,321.92596435546875,69362700
2022-03-11,324.89002181291505,325.20100286181435,314.7639201269205,315.24981689453125,66228400
2022-03-14,314.01570617217186,317.3781041039581,308.4959250184995,309.19561767578125,79802600
2022-03-15,311.8291743200603,319.6715567757294,310.22572060981196,318.89410400390625,76471000
2022-03-16,322.80068301795717,330.8374051609843,319.13700228073344,330.7207946777344,105243000
2022-03-17,328.8257847833909,334.78288409894554,327.5333123872343,334.7245788574219,67810000
2022-03-18,333.07255008982423,341.8673005214625,331.916113259966,341.57574462890625,85446300
2022-03-21,340.74285245484646,342.961279812273,336.2475907234622,340.6260681152344,73799100
2022-03-22,341.122308670876,348.18626177305254,340.7428560668275,347.3202819824219,63345900
2022-03-23,344.44997862782566,348.00140453374314,342.27044957821784,342.3288269042969,70615500
2022-03-24,344.2455957677894,349.9862896330813,342.0952852778402,349.9376220703125,53555300
2022-03-25,349.8792307084293,350.9300818232957,345.3548103856457,349.6457214355469,57584200
2022-03-28,349.63598379052814,355.1528779384518,348.4002909572127,355.0555725097656,56833900
2022-03-29,358.93790942437994,361.7887781234149,356.174606726735,361.16607666015625,68073000
2022-03-30,359.30761939801414,360.9617228996258,355.6978159910666,357.1767578125,68757700
2022-03-31,357.32266179540284,357.6729554237406,351.91281216016915,352.7496032714844,67011400
2022-04-01,353.01228335861714,353.7906674146114,348.9062436223335,352.0782165527344,54527800
2022-04-04,352.91499315262814,359.3367658186783,352.6522952034234,359.3270263671875,45950200
2022-04-05,357.8773301541401,358.5876272763076,350.21012391238133,351.3485412597656,62738700
2022-04-06,346.0456573966083,347.1451464708245,341.0931165302521,343.72021484375,90077100
2022-04-07,342.7278111888392,346.7268368015889,339.2736901924648,344.53759765625,63777400
2022-04-08,342.8056601479843,343.5548557277164,339.0888115293253,339.72125244140625,61956100
2022-04-11,335.49838873973647,336.41300637477076,331.3437109630869,331.68426513671875,66107400
2022-04-12,336.4227999151518,338.3006733576074,328.9112764518749,330.283203125,72790200
2022-04-13,330.6236910682993,338.04764771294055,329.9036842659665,336.996826171875,61367800
2022-04-14,337.0844103679925,337.60009656114585,329.0766503486578,329.29071044921875,73519400
2022-04-18,328.23986095023514,331.8302147855973,326.72199116380807,329.5436706542969,58560600
2022-04-19,328.90154118292037,337.4833653188138,327.8799081782232,336.9093017578125,56515700
2022-04-20,337.7168516879764,338.1741605537463,330.7793921617755,331.9956359863281,65500000
2022-04-21,335.8682181825686,338.47583821324946,324.20201514202864,325.1263427734375,75801000
2022-04-22,325.28200004848594,326.49824396290654,316.1844896299288,316.61260986328125,82562100
2022-04-25,314.98769035450664,320.99105303464745,313.7227790050457,320.6796875,101755900
2022-04-26,318.62664699678186,318.81151840668446,308.30315547583336,308.57562255859375,105819600
2022-04-27,308.67295125416314,314.16065778625494,306.49345176573416,308.2059326171875,111204200
2022-04-28,313.15847678766386,320.98136565372073,308.94539140439406,319.1521301269531,99450000
2022-04-29,314.9584894316406,318.3931605508737,304.1582391282539,304.7906799316406,91977900
2022-05-02,304.38195015760095,310.11290378130064,301.2878338206507,309.87939453125,115511800
2022-05-03,309.89887010684504,312.4967795084933,307.446933692344,310.2102355957031,78185500
2022-05-04,310.68708998732376,321.37058780278176,305.41347271566764,320.69921875,116083400
2022-05-05,316.3887544119695,316.4665809363222,301.2586663927966,304.5473937988281,154607400
2022-05-06,302.5527848964655,306.58096845988894,296.87046838375284,300.898681640625,139572800
2022-05-09,295.2845638980151,300.99604038909865,287.7341124134521,289.12548828125,113387300
2022-05-10,296.28673192264387,297.50297573409813,288.5611488568105,292.63800048828125,124124600
2022-05-11,290.3806041502512,295.87801946885776,283.0928817553142,283.9588317871094,140326100
2022-05-12,279.68741206372414,287.76325832357395,277.24518522152556,283.2874755859375,120910900
2022-05-13,287.73404253211226,294.81744395828974,286.13831670139774,293.78607177734375,83684900
2022-05-16,292.0444589770364,294.097493977759,289.10602460905653,290.3806457519531,59190400
2022-05-17,296.2283637797187,298.2813691442496,292.43365921556494,297.90191650390625,62715300
2022-05-18,293.39691278746375,294.0877309048691,282.02259916541067,283.27777099609375,79477100
2022-05-19,281.47767954188765,286.43995905816803,279.81383702188515,281.75982666015625,79920700
2022-05-20,285.2140563496369,285.8659464335845,272.6429466835041,280.88421630859375,91764200
2022-05-23,281.9252836170379,285.9340180153602,279.5317243809088,285.5545654296875,63648400
2022-05-24,280.3490731233341,281.0593405177189,274.62785738418324,279.48309326171875,73491100
2022-05-25,277.99436128506386,285.4669845959224,277.7900406726398,283.3945007324219,67144500
2022-05-26,282.59670148119596,292.79370090044955,282.31452458577047,291.2466125488281,59462200
2022-05-27,294.3699617913992,300.89875095139115,294.2532071240363,300.7528076171875,66985600
2022-05-31,300.72363056913275,302.9225795074897,296.1116131759178,299.9549560546875,60968300
2022-06-01,302.08576970712096,304.20689175701307,295.5277926730619,297.7364807128906,65341700
2022-06-02,296.6175558367454,306.06532974173575,295.2067010945053,305.89019775390625,59291300
2022-06-03,300.68465418988353,302.0857694144157,296.6856588527265,297.93109130859375,60914700
2022-06-06,302.358224955138,303.91502304162674,297.3667553803081,298.9235534667969,51785000
2022-06-07,295.6056357754856,302.28039753027656,294.51588602616147,301.5019836425781,44900300
2022-06-08,300.7041419165624,303.3020520553921,298.48571414248147,299.3322448730469,38342100
2022-06-09,297.64890422197186,300.70409308352015,291.1493047438415,291.314697265625,55900500
2022-06-10,285.72002131201464,286.90707658879035,280.59234753507866,281.0399169921875,85963500
2022-06-13,272.19532856453475,274.71538184129287,267.11629390009665,267.9725341796875,94442000
2022-06-14,270.1617558944497,271.134750752662,265.95841098054524,268.4590148925781,64697500
2022-06-15,271.8743261379324,279.0841942882345,269.1401823653874,275.16302490234375,86051400
2022-06-16,268.14768788372317,268.6049967204327,262.00809182300713,264.0611267089844,81910300
2022-06-17,264.8297459443836,269.70445991716934,263.20486108242034,267.27197265625,82703400
2022-06-21,271.74371356643644,276.3255925653468,271.6364926592741,274.01513671875,51633700
2022-06-22,271.5194638703662,278.0120701285901,270.9248103368387,273.6154479980469,67472900
2022-06-23,276.09157538374063,278.5384966482749,273.26447214712834,277.69036865234375,57457800
2022-06-24,280.507727853171,287.6242622907725,280.2737697047167,287.2050476074219,58422300
2022-06-27,288.5601251048471,289.12553388137445,283.9685179307927,285.099365234375,54151500
2022-06-28,285.63551643685923,288.2189033828553,276.22807278418054,276.4132995605469,61609800
2022-06-29,276.2768688432975,278.168110239216,273.7812156147618,276.66680908203125,57302700
2022-06-30,273.693447915799,276.80327077260506,268.8483659202871,273.2352600097656,79313600
2022-07-01,271.9386625750301,275.42866694103077,270.06690827922216,275.0387268066406,56675100
2022-07-05,271.31476587044517,279.86432404946754,269.7939783454508,279.7473449707031,61829300
2022-07-06,280.1275702404381,283.6370915253108,278.41179766771586,281.5411071777344,63194700
2022-07-07,282.35023028475064,288.2676695587538,282.35023028475064,287.5657653808594,56620100
2022-07-08,284.7386242831429,289.2912580133827,283.8027619892199,287.92645263671875,59895500
2022-07-11,285.51859569774575,285.74279570928866,280.8977430182285,281.7751159667969,55273900
2022-07-12,283.0228459487968,284.93357323474663,277.45634474887584,279.0453796386719,55797100
2022-07-13,273.54718787899776,280.80991594946016,272.9817493886294,278.4702453613281,73939400
2022-07-14,275.87713357604196,280.3322753285217,272.7673107554296,279.46466064453125,63741800
2022-07-15,282.4477392370529,284.6411862021081,280.8391876622563,284.533935546875,63818100
2022-07-18,287.3123596853128,288.7161683772217,280.9562473723328,282.1260681152344,59519600
2022-07-19,285.7426938679535,291.09472347271935,284.1439305815701,290.80224609375,55172600
2022-07-20,291.2215730383902,296.5930615564907,290.441662810798,295.4134826660156,67769400
2022-07-21,295.8716616125052,299.71263383357996,293.22002642055304,299.6541442871094,55049400
2022-07-22,298.72800199079194,300.79471191059315,292.5766036019277,294.39959716796875,57127700
2022-07-25,294.4288845965313,294.89683077373707,290.72440738289373,292.7228698730469,40582400
2022-07-26,291.02657410878913,291.28004863943625,286.16200515865125,286.97113037109375,50074100
2022-07-27,291.5237562918139,300.7849775519658,290.95831770194945,299.09844970703125,69304400
2022-07-28,298.88400326060946,302.598238350885,295.14052339602205,302.0230712890625,55139900
2022-07-29,303.56332661296017,308.4376532183859,302.1400018237952,307.531005859375,57501000
2022-08-01,305.7664568159221,310.7967646993046,304.674612577766,307.3457336425781,46358800
2022-08-02,305.05484849598304,310.54331488779303,304.00197736094,306.42938232421875,48676500
2022-08-03,308.1061867149711,315.59317532874235,308.04769717311217,314.7742919921875,53735700
2022-08-04,314.8522570900785,316.5582714190413,312.7075414620281,316.2463073730469,38973700
2022-08-05,311.1672198285277,315.6905788028209,310.38733958312264,313.6628723144531,53894000
2022-08-08,314.579230479699,318.2642194728778,311.18668912466035,312.64898681640625,43878500
2022-08-09,310.7578460208028,311.0113205557175,307.49207059279166,309.1103210449219,39764200
2022-08-10,316.4315076226495,318.03030091136225,313.96509973254626,317.7378234863281,51459600
2022-08-11,320.05804792349016,322.0565100360168,315.2324524315432,315.9343566894531,45897700
2022-08-12,317.9815802708066,322.28074013641935,316.9287387580482,322.0857849121094,40928400
2022-08-15,321.14016517050663,325.18585052977204,321.12064882265224,324.68865966796875,38266600
2022-08-16,323.71372061479906,326.0144178482099,320.886617618674,323.9281921386719,41186900
2022-08-17,320.79892851943316,323.09959632644143,318.15702215986727,320.2334899902344,47842200
2022-08-18,320.1847787832666,322.18324085585533,318.57625690160626,321.003662109375,41937200
2022-08-19,317.9718266167245,318.62496970460546,313.9846013764956,314.7449951171875,51770600
2022-08-22,310.49466723839396,310.7286254423586,305.6495844277295,306.4587097167969,51098900
2022-08-23,306.22462575230566,309.0322420489857,305.4544739798291,306.20513916015625,39497100
2022-08-24,305.72751088868176,308.90558147849424,305.1230991263191,307.09234619140625,38057100
2022-08-25,308.86656343289775,312.54182469616995,307.82348016039754,312.5223083496094,38098300
2022-08-26,312.2297885479969,313.4288833139413,299.62479012638676,299.7125244140625,69047700
2022-08-29,296.9634108567236,299.49806614240595,295.65709515383475,296.7586975097656,48321900
2022-08-30,298.4063125109601,299.02048248873007,290.9388397861882,293.4539794921875,51184500
2022-08-31,296.3493211651862,297.2462104165781,291.6407344093384,291.7479553222656,50044000
2022-09-01,289.2620022034003,292.2450873236985,285.58677112395446,291.8746337890625,57990700
2022-09-02,294.7408372208639,296.1154011716756,286.1425162096766,287.7510681152344,64666800
2022-09-06,288.2286174690002,289.14499303805974,283.5590053352422,285.6842041015625,57005400
2022-09-07,286.16199347016936,292.449857353697,285.8987607758549,291.45550537109375,49260400
2022-09-08,289.38881321258356,294.28262703484137,288.02400754009454,292.966552734375,55649800
2022-09-09,295.2184328903551,299.868559209784,292.9664965251766,299.3713684082031,56125200
2022-09-12,300.74590746831177,303.26104653778367,300.43394347116856,302.9295959472656,45905700
2022-09-13,294.21428539231965,295.40362204521955,285.4307707697737,286.3179016113281,79562200
2022-09-14,287.458508221613,289.46672823361587,285.6940045193243,288.58935546875,54907200
2022-09-15,286.6787074655897,289.076868288365,282.18456199735084,283.7833557128906,65299400
2022-09-16,280.48824424377034,282.4379748363864,278.44102117141784,282.04803466796875,79920400
2022-09-19,279.41020817475714,284.40070814116905,279.351613522611,284.24444580078125,52613800
2022-09-20,281.744290332558,284.2639794331516,279.68364231837523,281.97869873046875,51271100
2022-09-21,282.81859700485705,287.07666388086375,276.79288502495046,276.9295959472656,82931000
2022-09-22,275.4061046486921,276.41201937067456,272.30046849391096,273.521240234375,62757100
2022-09-23,271.0600876562461,271.3530906940123,265.6593958177249,269.06781005859375,74815200
2022-09-26,268.59900813829785,272.9547121940601,267.16337976468253,267.9544372558594,71176700
2022-09-27,271.31407346333293,273.6579492275771,265.7473424447554,268.06195068359375,69780100
2022-09-28,268.0423529963474,274.67359224399587,266.5676812655921,273.39422607421875,79652100
2022-09-29,269.40966389173093,269.79055898680787,262.553820416329,265.5129699707031,81216000
2022-09-30,264.6925476329948,268.7552785943116,260.85444934787233,261.0107116699219,78482400
2022-10-03,262.77838999019224,268.72598499950425,261.27439119809316,267.13409423828125,61267400
2022-10-04,272.466427654253,276.2361856074682,272.466427654253,275.53302001953125,66696900
2022-10-05,271.7730399929327,277.1737320512889,268.9799290372803,275.38653564453125,55766300
2022-10-06,274.3903676136288,277.5350762751335,272.89614444923643,273.21844482421875,53489400
2022-10-07,268.58929737663533,268.71626240290624,261.4795241414364,262.8077392578125,71354700
2022-10-10,263.0030422073812,263.39371299321334,257.47541419661354,260.1806335449219,60393000
2022-10-11,258.51058612594454,261.3720673840886,254.92638786927176,256.6061706542969,66522500
2022-10-12,257.2409978311836,259.1551594459445,255.82492059020063,256.518310546875,50580200
2022-10-13,249.19361733579407,263.8526492218997,248.314653023915,262.5342102050781,112894100
2022-10-14,264.8585952804451,265.45431746364756,254.057211485012,254.64315795898438,77244300
2022-10-17,260.6005306505108,263.92102317708975,260.5028629694955,263.0518493652344,64576500
2022-10-18,270.06401669504305,270.72810939440785,262.45615857108817,265.1321105957031,69781000
2022-10-19,263.6182883721529,267.28060307677697,261.8017945845762,264.1651916503906,53115400
2022-10-20,263.2764551298616,268.41347120679865,261.65529678402197,262.81744384765625,60605500
2022-10-21,261.7139445461209,269.51710812323546,260.58106477280796,268.97998046875,77897700
2022-10-24,269.2436137496372,272.86685542506865,265.6105963643657,271.9390869140625,63963600
2022-10-25,272.87664101194184,277.94528713947045,271.4019393644043,277.56439208984375,59014500
2022-10-26,271.9487887310459,277.3397341859061,270.94287431238723,271.4311828613281,63492400
2022-10-27,270.31785407941084,271.7730040137343,265.97189608491686,266.489501953125,57760300
2022-10-28,265.86450811669073,275.11307408957737,265.69847008078847,274.644287109375,62651300
2022-10-31,272.3980338180551,273.2183885428517,269.53652328281635,271.4507141113281,47742000
2022-11-01,274.91778423579706,275.474463278683,268.3158414074561,268.67718505859375,45895900
2022-11-02,268.6478787128653,271.70469568674423,259.399311519549,259.4676818847656,79803100
2022-11-03,256.86012727932194,258.315277528499,254.01816734137591,254.39903259277344,70038900
2022-11-04,259.32118901071505,260.3759225749942,253.02199553973088,258.4910583496094,78313200
2022-11-07,259.53600533119595,261.8701346050944,257.40698711586754,261.3329772949219,47333800
2022-11-08,262.84681628370765,266.4700584228628,259.31143632838416,263.2374572753906,63213800
2022-11-09,261.49908650457485,262.2803685087817,256.8796754388071,257.16290283203125,64862100
2022-11-10,269.55618833391463,276.4315536317772,267.4466910934344,276.1385803222656,99256700
2022-11-11,275.9528976854468,281.8907457475084,274.614937161419,281.22662353515625,66961800
2022-11-14,279.17584867203743,282.44752307534816,277.78906858963063,278.76568603515625,55290700
2022-11-15,285.37735992912906,286.4028260736951,279.2832769369558,282.6233215332031,73985400
2022-11-16,280.6701019755309,282.7112288601996,277.9453309573946,278.76568603515625,48859800
2022-11-17,274.31223132284265,279.6250310314814,274.1559690015309,278.15032958984375,55462100
2022-11-18,281.15831692559203,281.2559547943808,275.7185524153398,278.16009521484375,53588600
2022-11-21,276.77337813087,277.92577956375413,274.4685752651018,275.2987060546875,40083500
2022-11-22,276.0311319845541,279.4199654529086,273.90208358861463,279.26373291015625,41873400
2022-11-23,279.28325456645376,282.6916394561302,279.10747060283614,282.0666198730469,46390000
2022-11-25,280.47473552198113,281.17790119709343,279.72275090159553,280.2110595703125,15498800
2022-11-28,278.23828172138343,280.25011111181027,275.17171868902284,276.0994873046875,38714200
2022-11-29,276.324068928453,276.7244855511011,272.6422328675054,274.0094909667969,35618900
2022-11-30,274.2732190033669,286.6079011726027,273.42356665890117,286.5004577636719,74718100
2022-12-01,286.82275345275184,288.8345828202826,284.07846106877065,286.85205078125,51547300
2022-12-02,281.7931358717761,286.58832991112297,281.61732212434396,285.7093505859375,53583200
2022-12-05,283.5900753418602,284.8596656371709,279.45897432203,280.9141540527344,41482100
2022-12-06,280.75787194638957,280.8945828312664,273.70669586211096,275.0934753417969,53937600
2022-12-07,273.9118643287681,275.96276668699613,272.26137865318424,273.970458984375,45614300
2022-12-08,275.318189622856,278.17967119011246,273.2477656929094,277.21282958984375,42594900
2022-12-09,276.1971139253693,278.96095735142205,275.00563972342275,275.44512939453125,47860500
2022-12-12,275.6209240652235,278.9609682052221,274.58571215485995,278.90234375,35732500
2022-12-13,289.71351202089016,289.9381447261777,279.2246519032776,281.90057373046875,80667700
2022-12-14,281.31451559971936,284.59596422562254,276.56817127430605,279.810546875,64984400
2022-12-15,275.7282970309666,276.3924193203591,269.2240532710019,270.41552734375,60554100
2022-12-16,269.74163435956456,271.2749004385408,266.23555301057826,267.83721923828125,68300400
2022-12-19,268.1065030236201,268.1946054220828,262.8397183407502,264.0732116699219,44167900
2022-12-20,262.9082582224274,265.6101846699768,261.3321543782554,263.8676452636719,51064200
2022-12-21,264.9053143928758,268.997340442255,264.063397286228,267.6953430175781,46394700
2022-12-22,264.68996240368404,264.81723138409126,256.9366225909554,261.1461486816406,60278400
2022-12-23,259.8832799000987,262.3992023384686,257.9841041168896,261.7334899902344,39373600
2022-12-27,261.12649141146795,261.2341920149022,257.4945761108044,258.0329895019531,38009000
2022-12-28,257.631681705723,259.8832669653327,254.26407305415964,254.62628173828125,47139000
2022-12-29,257.4260799901864,261.7726439572503,256.73103008508133,260.8328552246094,45893600
2022-12-30,258.07221410162435,260.8035079939195,256.77021658327436,260.6762390136719,37858300
2023-01-03,262.9963816417724,264.46481485013,256.61360271790414,258.9141540527344,42335300
2023-01-04,261.0286667158381,261.8216181527842,257.0051447252725,260.1475830078125,47754900
2023-01-05,258.4833552095577,258.6497608735615,255.76186078183397,256.0751037597656,45396700
2023-01-06,257.8078996966904,264.2592119256814,254.86123450680134,263.1431884765625,54659700
2023-01-09,265.13049422564075,269.49665708978154,264.23967104688154,264.84661865234375,45568700
2023-01-10,263.8186715744141,267.19607953150717,263.309625540085,267.08837890625,35247800
2023-01-11,268.1554927038183,271.81677656349837,267.3723104107386,271.7090759277344,44077000
2023-01-12,272.2670688897421,274.20541132136015,267.9792394919901,273.177490234375,60600000
2023-01-13,270.68122664436436,275.30189832676155,270.3483853214174,275.0571594238281,44802900
2023-01-17,274.8612975247593,276.8975414915612,273.6963382060957,275.6151123046875,36269700
2023-01-18,277.15211488466025,278.69888151481047,271.8266237271163,272.0321960449219,47754500
2023-01-19,270.4070474982165,271.54263928726834,268.12609468186554,269.35955810546875,44150400
2023-01-20,270.96498811324597,277.06385921244106,269.9076998843462,276.73101806640625,60613600
2023-01-23,277.5729554754568,284.1025696870242,276.78000418290173,282.8788757324219,52799900
2023-01-24,281.2637011658302,283.4565519167587,280.7448559479641,282.3013916015625,44875100
2023-01-25,277.7981504868843,282.29155198377816,275.26265970107346,281.6748352050781,50872000
2023-01-26,285.09139785955307,287.34298336950724,282.44820628234737,287.1667785644531,51596300
2023-01-27,285.8549400443847,291.98320962051486,285.7374701915448,290.0252990722656,56441900
2023-01-30,286.76537113929567,288.1848682857215,283.78936851387857,284.1613464355469,49405800
2023-01-31,284.20053500918095,288.51773183569037,284.09286425715686,288.4198303222656,46705100
2023-02-01,288.2142410254188,297.0444073081402,286.14862975300457,294.5872497558594,67562200
2023-02-02,301.0973142806732,307.07871732986723,300.2749953441006,305.15997314453125,83070600
2023-02-03,298.52261628075865,305.81584484231445,298.1310401558854,299.73651123046875,76170800
2023-02-06,297.1226855031114,299.4721718751266,295.85982500145906,297.20098876953125,40802300
2023-02-07,297.0737669255531,304.4844657154547,295.95777341891034,303.3586730957031,67584000
2023-02-08,302.0469488848469,302.9867378325731,297.27944021338584,297.9646911621094,56720900
2023-02-09,302.34056156474935,302.4873988896817,293.8824030198418,295.33123779296875,49137800
2023-02-10,293.1775119633013,295.2235247316899,290.99443112772474,293.39288330078125,50050100
2023-02-13,294.7927836716322,298.6792370042594,293.6180254834259,298.09185791015625,39636700
2023-02-14,296.5158023274129,301.2441435550638,294.5774599660458,300.2945556640625,64079100
2023-02-15,298.4835287206312,302.76155951492797,297.79827778953825,302.59515380859375,43100600
2023-02-16,297.97443328027487,301.939190485225,296.77030744841954,296.9171447753906,59498600
2023-02-17,294.7340716825963,295.57595887855484,291.8265733221321,294.8221740722656,58230700
2023-02-21,291.00429133109196,292.4433569619645,287.7052164180567,287.8422546386719,46526700
2023-02-22,288.4198258937975,290.1231986749142,286.4031802246706,288.0576171875,51389200
2023-02-23,291.6992788202481,291.855915235507,286.3933285514654,290.573486328125,69294400
2023-02-24,285.62002748480904,286.80455511398424,283.9459922967034,285.7081298828125,74332000
2023-02-27,288.8603441290352,290.2504439084221,287.16674072491605,287.7541198730469,48995000
2023-02-28,287.1275421713687,289.88820294739213,286.79470099540964,287.382080078125,48243100
2023-03-01,287.0884534780897,287.74433682777396,284.0928525182265,285.0718078613281,58287000
2023-03-02,282.58518981493006,288.23375012800733,282.30128446373834,287.4309997558594,53565900
2023-03-03,289.17362474347476,293.6082911239611,288.6645488596202,293.3733215332031,60511500
2023-03-06,294.60679822424873,297.60239892870095,293.51037311351377,293.7061462402344,56736300
2023-03-07,293.75515206782217,294.67537252764663,289.49669013145973,290.1036376953125,65955800
2023-03-08,290.52453877912006,292.1496080791151,288.6743288918512,291.5524597167969,50876300
2023-03-09,292.0517280606583,294.6459835641774,285.6885184677988,286.5010681152344,71456700
2023-03-10,286.6674975098236,288.1555288425777,281.332208488785,282.4775695800781,98593600
2023-03-13,280.695915466039,288.2730213192512,279.1883156621142,284.57257080078125,97123600
2023-03-14,288.11639799707314,291.6602122153564,287.27451058625525,291.11199951171875,73602500
2023-03-15,288.5079065817894,292.97194033630325,287.06884110333795,292.63909912109375,83631500
2023-03-16,291.7286777307518,300.7154801632473,290.9357263323166,300.353271484375,98198100
2023-03-17,300.26517160215604,302.6440258173411,296.98566536344623,298.93377685546875,89923700
2023-03-20,298.318062691674,300.3182016304703,296.11200333614676,299.9946594238281,56359500
2023-03-21,301.92620327971497,304.7303356164911,300.41626975597586,304.2793273925781,49757000
2023-03-22,304.2107024963731,309.09345846451083,299.9750908495816,300.1417541503906,75791900
2023-03-23,303.86752938637034,308.0149018008704,301.0143557125229,303.7008361816406,74576000
2023-03-24,303.27925706662813,304.9166266654698,300.9555458892946,304.818603515625,57195200
2023-03-27,305.5147585582891,306.5932826036852,301.877219657616,302.730224609375,50287400
2023-03-28,302.1516740712023,302.1810869958533,298.8180496956014,301.1221618652344,48585900
2023-03-29,304.80876084190845,307.23052486511835,303.9949533385013,306.6128234863281,53274300
2023-03-30,309.0836355781901,310.1425609016153,306.7010984828793,309.5150451660156,58354800
2023-03-31,309.74055315519803,314.89783945673923,309.4366095821471,314.6625061035156,62138100
2023-04-03,312.54468103976296,314.16248187414095,311.22106933395645,313.8977355957031,47126800
2023-04-04,314.3389558514006,315.3488396151204,311.6230324871947,312.8388366699219,45875400
2023-04-05,311.8878162255016,312.82905996261115,307.9365194806115,309.7503967285156,62795700
2023-04-06,308.1031233815619,312.3289499817321,306.71087165242557,311.8387145996094,46916500
2023-04-10,308.9169555721336,311.71130345798,307.13249145734375,311.6622619628906,45134700
2023-04-11,311.62308187439163,311.6819376617181,309.15230574908264,309.6621398925781,40113600
2023-04-12,311.61328570428276,312.20157426085683,306.4658131970577,306.9266357421875,62813300
2023-04-13,308.681649995105,313.4075270630025,307.5051028310397,312.9369201660156,54613800
2023-04-14,311.38773010113204,314.10362355280955,309.44638706855096,312.3486022949219,56278300
2023-04-17,311.93678450997794,312.9662968210018,309.86800544803737,312.6133117675781,43007000
2023-04-18,314.7213730812334,315.14299834678144,311.436819206438,312.6329650878906,46746900
2023-04-19,310.23079927295413,313.5447956833242,310.1033332692326,312.4858703613281,38960100
2023-04-20,309.5249496658026,313.0350233298884,308.81900921829407,310.1034240722656,62462100
2023-04-21,309.7405377499232,311.20142968461187,307.96588797427216,310.4268493652344,59002300
2023-04-24,310.2013498925206,311.53477578978936,307.61289267321985,309.7797546386719,44043100
2023-04-25,308.15223088653204,308.81894396786294,303.8381645839916,303.9361877441406,57121600
2023-04-26,307.31882660143737,308.7895330725692,305.25983155753283,305.77947998046875,55400500
2023-04-27,309.53471825160346,314.5939224699134,308.89738814047394,314.0939025878906,65430400
2023-04-28,313.8585155543405,316.34891993997377,312.7309800391621,316.26068115234375,59712600
2023-05-01,315.7998351196666,317.30976852368025,314.819364323584,315.89788818359375,41013400
2023-05-02,315.82927236122555,316.1528445049361,311.4073391555542,313.1427917480469,56519400
2023-05-03,313.5056087794518,316.17249115185956,310.9857910757869,311.0936584472656,59882100
2023-05-04,310.86811750366076,312.01528168247387,308.9660014639323,309.9955139160156,50224500
2023-05-05,312.25050434795537,317.4372027177404,310.03463099585696,316.5841979980469,51806100
2023-05-08,316.12340418138433,317.71176206822287,315.0448803318045,317.36859130859375,36465800
2023-05-09,315.7115977038759,316.57441679561487,315.04488474083917,315.358642578125,31768800
2023-05-10,317.7902142813276,319.64331859198467,315.3194384553814,318.7903137207031,60446600
2023-05-11,319.3393544392817,320.3688368200273,317.79019380506895,319.82958984375,44278500
2023-05-12,320.3589694744072,320.780594592826,316.6331929862046,318.682373046875,48432800
2023-05-15,319.15304915138614,320.6433539464346,317.63330150857877,320.4080505371094,33375600
2023-05-16,319.69231959787356,322.47685319202157,319.653092386239,320.7708435058594,40019200
2023-05-17,321.82971232729614,325.231947057552,320.65316536956874,324.6534729003906,47486100
2023-05-18,325.0456729556433,330.89908490254527,325.0260743111693,330.6833801269531,64213500
2023-05-19,330.8991358513059,331.60507614179306,328.87936806050095,329.93829345703125,61554900
2023-05-22,329.6833043303071,332.0560568161932,329.67349004746154,331.0461730957031,43015900
2023-05-23,329.3304435410055,330.4775779419505,326.4968677736338,326.8498229980469,48216700
2023-05-24,324.8986260926535,326.4085596044041,323.12397621884645,325.17315673828125,62891200
2023-05-25,332.5169113394895,334.35038711270875,330.0951470491142,333.0855712890625,66862800
2023-05-26,334.10522722069237,342.4294144347622,334.00717415994285,341.59600830078125,63007000
2023-05-30,345.82183818127095,347.0180137219366,341.72347752877147,343.1451721191406,72652200
2023-05-31,341.56664501133304,343.75310590525214,339.74298348706856,341.1940612792969,65105400
2023-06-01,340.9391751193457,346.45920144834014,339.89006401888,345.1355895996094,50488600
2023-06-02,346.890531884474,348.8808862670954,345.13551082344975,347.72393798828125,53372100
2023-06-05,347.5082632141949,350.5183157925331,346.9396033079213,347.9690856933594,47266200
2023-06-06,347.3611865599489,348.8711199384058,346.03754502332214,347.9102478027344,41390400
2023-06-07,348.19461157771684,350.1457389597309,341.3803273223321,342.0078430175781,69225900
2023-06-08,342.3020596664647,346.71417953940994,342.07657046722886,346.25335693359375,47153900
2023-06-09,347.70437029041926,350.6751956662481,346.13561100038805,347.576904296875,53196900
2023-06-12,349.23390804531675,353.54797372181633,348.26325149654303,353.4499206542969,44606500
2023-06-13,356.19524544667877,356.9992087625755,352.99890106254253,356.16583251953125,57097800
2023-06-14,356.175659676241,359.0386479228359,353.38134149670026,358.7543029785156,69525600
2023-06-15,357.48943002914655,364.50960427288277,356.8717585834689,363.02911376953125,71138800
2023-06-16,365.4410616920559,365.56852767790195,360.3034045010426,360.7445983886719,80932000
2023-06-20,359.2955338568619,361.62243270223286,357.27299553777567,360.2282409667969,49204700
2023-06-21,359.0893221292644,359.5213235035701,354.39624352898204,355.31915283203125,53378300
2023-06-22,354.0722071426345,359.6685387571187,353.66965910277634,359.511474609375,47603000
2023-06-23,355.6234937714139,358.244955150138,354.25878538521704,355.947509765625,48922900
2023-06-26,355.4173243059273,358.20567761932983,351.08751297508127,351.1758728027344,52685500
2023-06-27,352.71734684864873,357.94061440220145,351.9908127020582,357.21405029296875,49428100
2023-06-28,355.39771711610643,359.8551395640443,355.3191550679335,357.9111633300781,46498000
2023-06-29,357.6165094602574,358.25471357911704,355.55472064208976,357.1943359375,46151000
2023-06-30,360.86643265774114,363.75297388552355,360.55227433212406,362.70245361328125,58712500
2023-07-03,363.34060941560574,364.18495668920536,362.2606059565248,363.5566101074219,19432900
2023-07-05,361.99552753787094,365.2453357090174,361.9562465130662,363.5467834472656,34460900
2023-07-06,359.845247253675,361.21978310920645,357.8914138236291,360.7779541015625,49374700
2023-07-07,360.5521875880231,363.7430885890437,359.3543712445191,359.5801696777344,47133700
2023-07-10,359.30524726141203,360.37542272551843,356.8016293363398,359.6979675292969,48498800
2023-07-11,360.12021760615073,361.926755042174,357.98966418430564,361.4751281738281,38214100
2023-07-12,365.56927551123067,367.38564065493074,363.56636297661527,366.0405578613281,61975400
2023-07-13,369.21182760798246,373.0801843408442,368.6325598689431,372.2554626464844,46960000
2023-07-14,372.6874743726871,375.89800141104195,371.30311043065103,372.17694091796875,55148500
2023-07-17,372.89365716262023,376.52638788344984,372.4125769721447,375.6525573730469,40868900
2023-07-18,375.0143237174164,380.090324169259,373.08997329731625,378.7255859375,55262000
2023-07-19,379.7860057687003,380.92491572466935,377.31181070611046,378.63726806640625,54093000
2023-07-20,375.65253408673993,377.115460023706,368.88783871111735,369.908935546875,71941700
2023-07-21,372.2848722481644,373.01143624527225,368.3674371688673,368.7994384765625,60499600
2023-07-24,369.77144236598883,370.7139770949079,367.5329036581569,369.3885498046875,40380100
2023-07-25,370.0955020657966,373.55148312188817,370.0758465724178,371.8922119140625,38894400
2023-07-26,370.8514960109942,372.3438453645333,368.3576752820925,370.6551208496094,47075700
2023-07-27,376.1041776164192,377.71433991325176,368.48527758406664,369.7714538574219,63940200
2023-07-28,373.8164880432789,377.52775007176933,373.30595468219894,376.5066833496094,56902900
2023-07-31,376.81110980544776,377.88128547604856,375.3874648517023,376.7030944824219,44019900
2023-08-01,375.3579718103383,376.58524148091766,373.7674351112896,375.8292541503906,41060600
2023-08-02,372.36343848100574,372.36343848100574,366.34490334074667,367.5820007324219,72687100
2023-08-03,365.17655478026666,369.1136455509128,365.0096329181413,366.992919921875,47666400
2023-08-04,368.9172162521111,371.22448893310764,364.77395317048155,365.2746887207031,61702800
2023-08-07,367.081316303995,368.465680253714,364.7544175239334,368.36749267578125,37230400
2023-08-08,365.86381954997177,365.88344507756824,362.1132763570565,365.2354431152344,44726500
2023-08-09,365.5202065601103,365.6773006810435,360.46386126579614,361.2198486328125,51150900
2023-08-10,364.22420808465364,367.55254806206125,360.36567918634705,361.8874816894531,72035300
2023-08-11,359.33471575457895,361.30817488479244,358.0583673392255,359.5801696777344,48707200
2023-08-14,358.78496182787705,363.73332214215026,358.06825542756815,363.6155090332031,42130800
2023-08-15,362.64346888927497,363.4387672515518,359.0893004933411,359.7569580078125,45539900
2023-08-16,359.2169432074904,360.7485734638324,355.84932219275373,355.947509765625,53190500
2023-08-17,357.34168326886675,357.68532480398335,351.647163405317,352.05950927734375,62604300
2023-08-18,348.7998996743189,352.87442935667116,348.25988299283443,351.6177062988281,61191400
2023-08-21,353.080605309317,357.96023120114785,352.61915066898786,357.28277587890625,50696500
2023-08-22,359.8845559868901,359.89438373256587,356.0849337776347,356.772216796875,44530200
2023-08-23,357.95038594348233,363.4878413565346,357.73438527213693,362.39801025390625,51770600
2023-08-24,365.8639013610867,365.96205898365565,354.445377337872,354.65155029296875,66842500
2023-08-25,355.4859902059147,359.0892367672556,352.0594333032428,357.4005126953125,69960500
2023-08-28,360.3165577270277,361.02346627577947,357.6263921210798,360.09075927734375,40910000
2023-08-29,359.89440904985355,368.30857792273935,359.5704230087937,367.9551086425781,58492400
2023-08-30,368.063164726351,370.58643888555173,367.0616932905194,370.00714111328125,41731500
2023-08-31,370.08565202042405,372.81509876045794,370.0169177230242,371.1165466308594,35730700
2023-09-01,373.48271585638196,373.90488944977284,369.2412645055501,370.72381591796875,39801200
2023-09-05,369.9187507989002,372.41257147292936,368.99584149345577,371.19512939453125,32344200
2023-09-06,370.4193876355495,370.76302908739547,365.9226853800183,367.9255676269531,42998700
2023-09-07,363.47800739370695,366.0700154055185,362.43728507574485,365.29437255859375,52060700
2023-09-08,365.2452889138303,368.0336420648667,364.84274085842384,365.8049011230469,35800100
2023-09-11,368.828935972492,370.6256457465242,366.86530432484795,370.1151123046875,39936600
2023-09-12,368.4460537672233,370.0955273034834,365.72643442396486,366.01116943359375,41391000
2023-09-13,366.24676843328615,369.00566859817417,365.11768618873833,367.4053039550781,46300700
2023-09-14,369.1529448350619,371.3914838532765,367.09115544767064,370.40966796875,48039400
2023-09-15,369.07440557821735,369.47695367857045,363.13440161463706,364.067138671875,69811200
2023-09-18,363.12906038836206,365.5576567401558,362.8439132846753,364.44659423828125,36903500
2023-09-19,363.12909249752613,364.46628040159027,360.65131607786003,363.66986083984375,37621700
2023-09-20,364.7318447095917,365.0857956922663,358.350614993545,358.4292907714844,45514200
2023-09-21,354.75186392563404,355.5384714545788,351.69401154876175,351.86114501953125,69734800
2023-09-22,353.60160009751615,355.73520802454533,351.5957878018151,351.9104309082031,51589700
2023-09-25,350.94678014887995,353.6703658810679,349.9635431350388,353.58184814453125,39168000
2023-09-26,351.005797801748,351.5465962027685,347.28916281614056,348.27239990234375,53657700
2023-09-27,349.4227979827455,350.9959833105589,345.47016572078735,349.0885009765625,56066000
2023-09-28,348.17401891592317,354.1324623863306,347.3186075778677,352.0086669921875,56453300
2023-09-29,355.4795169704476,356.86588475516515,351.0352664817327,352.2643127441406,64829600
2023-10-02,352.5297873887353,356.6003727924887,351.92018527562334,355.2041931152344,51625100
2023-10-03,352.7657699218875,354.9583992356811,347.35796641786914,348.9704895019531,60478500
2023-10-04,349.8061886731124,354.56505177127065,349.34406611988163,353.719482421875,54786700
2023-10-05,353.7096328364409,354.11276356619885,349.1867671008342,352.67724609375,45897400
2023-10-06,349.6882051893016,359.7762256075175,348.90162765437265,358.5865173339844,75049100
2023-10-09,356.22674511027424,360.95611257375134,354.7322357059485,360.41534423828125,45304800
2023-10-10,360.7497341493862,365.05631802328355,360.24830356553474,362.4114074707031,46968800
2023-10-11,363.7387112131161,365.1840708551433,362.01804640146526,364.99725341796875,38215100
2023-10-12,365.49872656424327,367.47501266939906,361.33962295903945,363.7288818359375,49587900
2023-10-13,364.3581932101268,364.93829952047463,357.7606504137984,359.1568603515625,52469900
2023-10-16,360.4743506507929,364.26966114247915,360.3268710993312,363.21759033203125,44201100
2023-10-17,359.6779421188621,363.71906198916196,357.5639884669209,362.02789306640625,50999100
2023-10-18,359.54030231128763,361.7427436832014,355.9514631035713,357.2788391113281,54280500
2023-10-19,358.6946849781009,359.8843933378224,353.13940196943787,353.9358215332031,72274200
2023-10-20,353.4344635930149,354.0047580176987,348.4297894480827,348.65594482421875,72559700
2023-10-23,347.33837211559495,353.2377951328684,345.2342301698792,349.7079772949219,60665200
2023-10-24,351.5171154864394,353.87687859413626,349.8259464248205,353.1099548339844,47082100
2023-10-25,350.7206577008455,350.89763316333773,343.88714839649435,344.4672546386719,71190500
2023-10-26,343.26775857920484,344.2018459001589,336.6112536902513,337.8992919921875,78621400
2023-10-27,340.62276598218676,342.9923706087214,338.3121531715816,339.52154541015625,63476700
2023-10-30,341.9993754040886,344.6639697684598,340.64253329960326,343.346435546875,55298500
2023-10-31,343.3758796725124,345.3620076760577,340.8096154144831,344.9883728027344,47671900
2023-11-01,345.8240751790372,351.5366790273249,345.7257454902492,350.9762268066406,58992700
2023-11-02,355.4795119586807,357.5836235271316,354.2602776794732,357.34765625,58162400
2023-11-03,358.6357083226237,362.8341196576423,358.40955300253114,361.54608154296875,53280500
2023-11-06,362.3129727394406,363.58135680184796,360.7594715669343,363.0209045410156,38848700
2023-11-07,364.06322545956056,367.31773817514664,362.86367488119225,366.4525146484375,50777400
2023-11-08,366.82605310659983,367.5241729930119,364.40729844641794,366.68841552734375,35663400
2023-11-09,367.37671014263054,368.51723872892944,363.3749281000011,363.8665466308594,53859400
2023-11-10,365.58724387150767,372.194598711743,365.05628740946634,372.047119140625,58309800
2023-11-13,370.4738980609081,371.9389116697702,368.9498626232603,370.8868408203125,40733500
2023-11-14,377.2778578949994,379.7851302288468,376.7567434893468,378.8706970214844,67792600
2023-11-15,380.758565054943,381.25018360246395,377.7990117969424,379.1558837890625,54141400
2023-11-16,378.3889379647799,379.716313966797,377.13039575684087,379.4803466796875,45343500
2023-11-17,378.75277453512865,380.58161123911776,377.84821315957765,379.5688781738281,46571900
2023-11-20,379.5786488222832,384.84881498109024,379.5786488222832,384.1900329589844,44429600
2023-11-21,382.4890557757968,382.7053691278028,380.2177805827414,381.9580993652344,43337000
2023-11-22,384.0228532562751,386.48094557042384,382.5185019602564,383.5213928222656,44121000
2023-11-24,383.1183199603073,383.70826820602935,381.98760332618167,382.9806823730469,15718800
2023-11-27,382.4890712866076,384.5931830632522,381.7712974062957,382.6463928222656,34139700
2023-11-28,381.8990703724216,384.22933716140074,381.5450894644949,383.64923095703125,35491100
2023-11-29,386.1073930336257,387.5330988821145,382.9315262846697,383.2756652832031,38811700
2023-11-30,383.5411803743045,384.00330309059626,379.3526100158935,382.3121337890625,52834400
2023-12-01,381.25021162109743,383.993451719553,379.5983803814753,383.40350341796875,40490100
2023-12-04,379.617991403439,380.1194519039936,376.2454955023304,379.8441467285156,51186900
2023-12-05,377.94647037279515,381.9875598852989,377.76946491499825,380.7978515625,42933000
2023-12-06,383.7279581940976,383.8262879119577,378.25134998089004,378.595458984375,41994100
2023-12-07,381.5647680859778,384.7111083033898,380.4733594749368,383.88519287109375,49593500
2023-12-08,382.1547095742688,386.0384774318509,381.96789215768024,385.5960388183594,46687500
2023-12-11,385.17325786923954,389.1553857754819,384.9667864981938,388.889892578125,41198000
2023-12-12,388.92920852338335,392.10507469839604,387.79849202341643,391.9870910644531,39221200
2023-12-13,392.9211449847637,397.5816785237851,392.15422136434233,396.9720764160156,55408100
2023-12-14,398.1913339633251,399.48918400821196,393.6290998471996,396.62799072265625,55447800
2023-12-15,397.4047599779828,399.7252151143467,396.80499975575367,398.5453186035156,62896600
2023-12-18,398.93742692657247,401.9521395300037,398.6123238311212,401.05560302734375,46610000
2023-12-19,401.50883753502166,403.2230777118832,401.32164693341616,403.1048583984375,35711900
2023-12-20,402.3068047412449,404.3954258969075,396.93744766021257,397.1147766113281,54042400
2023-12-21,401.0358368925082,402.09987059781315,398.48417041792425,401.7353210449219,45568900
2023-12-22,402.9471539545215,403.90279999661135,400.46445859741704,402.3363342285156,34314000
2023-12-26,403.1934950573824,405.4693068819968,403.09496894766085,404.79937744140625,22722500
2023-12-27,405.0812491322591,405.909249511166,404.22364830383907,405.6233825683594,31980500
2023-12-28,406.7767300193373,407.0231598039009,405.07142508072366,405.42626953125,27029200
2023-12-29,405.40656720929155,405.7614417426566,401.75939435396884,403.67169189453125,42662100
2024-01-02,400.0442549519048,400.29068473861986,394.52422171313583,396.8406677246094,58026900
2024-01-03,394.21863608310093,395.2733627494612,392.2077907594022,392.6414794921875,47002800
2024-01-04,390.77847672015514,393.8834858235891,390.40389865452806,390.6207580566406,39432800
2024-01-05,390.788402707549,393.8539750888315,389.6942387142963,391.0841064453125,44922800
2024-01-08,392.30636506653144,399.4528290895522,392.1585132065455,399.1669921875,42473800
2024-01-09,396.170378049777,400.8821142748439,395.97322219161936,399.9555358886719,39132900
2024-01-10,400.270999864177,403.6717130304856,399.3838586069557,402.6662902832031,33962800
2024-01-11,403.9378692342606,405.3277368811252,398.46710976275995,403.504150390625,54536200
2024-01-12,404.5391210569186,405.3769883257372,402.3212530356836,403.71112060546875,39595000
2024-01-16,402.47898015651396,405.24884853688053,401.0201049980327,403.67169189453125,43903000
2024-01-17,400.369527148298,401.7692313792926,397.1659401767958,401.3946533203125,54386000
2024-01-18,404.65740512178894,407.6737032433849,403.31684154852866,407.0921325683594,59562500
2024-01-19,409.29031383636556,415.322910326965,408.70874313748874,415.1651916503906,70325100
2024-01-22,417.36336797136255,418.66452452840616,415.10606259188336,415.7073669433594,44880600
2024-01-23,416.39728896539987,417.649171404892,414.5638659809187,417.43231201171875,33003800
2024-01-24,421.33574153101154,423.7113279858766,419.25585875029674,419.74871826171875,46948000
2024-01-25,422.2426275133017,422.9129393765781,417.92520303935225,420.2613525390625,44367200
2024-01-26,418.378637270388,420.12334933160764,417.10705114752705,417.75762939453125,37137000
2024-01-29,418.2110796891318,422.2328309241424,417.5605013987106,422.0356750488281,38694700
2024-01-30,421.00066142315893,421.57236530293176,418.31950409086363,419.2263488769531,36739000
2024-01-31,414.83991498252755,416.8310568585981,410.83789759483614,411.01531982421875,64010600
2024-02-01,412.8093558640843,416.3480842137605,411.84334021005407,415.855224609375,51008600
2024-02-02,417.7477737801536,424.0958076653043,416.7522178703175,422.8833923339844,59602400
2024-02-05,422.9425620148611,423.47482874620573,418.9306774838046,422.3314208984375,39889200
2024-02-06,423.47475374556484,424.07605801868084,419.14746268588124,421.4836120605469,35846100
2024-02-07,424.26337777924766,426.64880124732525,422.96222129751766,425.82080078125,37712700
2024-02-08,425.9391240933782,427.36842901648737,425.2590054966157,426.60943603515625,29889900
2024-02-09,427.7429909674589,431.5971566394753,426.95442764216807,430.8085632324219,36943900
2024-02-12,430.7000812907023,432.8686752191925,428.4427762581046,429.1229248046875,33203300
2024-02-13,421.17807914380745,425.11108894421386,419.2559147597717,422.429931640625,64491700
2024-02-14,425.1012326116575,427.45708563986375,422.7552163189453,427.0332336425781,45092700
2024-02-15,427.72333034795815,428.7681903956451,425.1702908982204,428.3049011230469,38796100
2024-02-16,428.6794261127702,428.777973964782,423.711393051843,424.4211120605469,53716500
2024-02-20,422.4299446419333,423.9380937915089,417.45207479106114,421.217529296875,53999500
2024-02-21,418.4870614733529,419.62066258394424,415.60877834354727,419.53192138671875,49779000
2024-02-22,428.28504342135307,432.84892725491795,427.51618379611847,431.8139343261719,53887800
2024-02-23,433.3714286486903,434.29800707839775,429.566567077912,430.54241943359375,39853900
2024-02-26,431.35072755384294,432.3364467529688,430.1284152913282,430.3157043457031,33043200
2024-02-27,431.4197155682474,431.73512283553583,428.81740256122896,431.3507080078125,33713200
2024-02-28,429.21173480639953,430.4340471576253,428.0978672174648,429.05401611328125,32938800
2024-02-29,431.971659035861,433.80508198261106,428.80747930761976,432.73065185546875,42495200
2024-03-01,433.6178291770783,440.20242559258236,433.55868843719577,439.24627685546875,43853000
2024-03-04,439.24633661449366,439.67021875033345,437.43261682056914,437.6790466308594,34325700
2024-03-05,434.64302678995017,434.6528936081218,427.4571253935113,429.8228454589844,57917100
2024-03-06,434.0318306231454,435.6779646337464,430.6508214131843,432.523681640625,46234500
2024-03-07,436.10189511921516,440.34047558255,434.56414551519805,439.088623046875,44526700
2024-03-08,439.44340697883484,442.2330087342459,432.0800844770096,432.7503662109375,72096000
2024-03-11,431.2619582326623,432.39552914231797,429.221512546227,431.1436767578125,45860000
2024-03-12,433.4503189575067,437.67903270870585,430.22699788911217,437.3241882324219,55300900
2024-03-13,436.3286107585621,436.3483443954734,432.8490230829996,433.962890625,37928700
2024-03-14,435.1949654059073,435.7173953049362,430.15795544373754,432.8686828613281,52195200
2024-03-15,429.84258742549446,432.60258920840687,426.56012557756156,427.7232971191406,73069800
2024-03-18,433.03648223875837,435.31650227774475,431.56579792555635,431.8027038574219,47323800
2024-03-19,429.79897352411336,433.2831618565317,427.70646045459057,432.87847900390625,43004100
2024-03-20,434.0727457479022,438.3465398397025,432.3750658747095,438.0109558105469,43653500
2024-03-21,443.0546570297953,443.5086789379876,439.8863232930999,440.0837097167969,39345700
2024-03-22,439.570465223677,441.6826776567773,438.72161023205945,440.58709716796875,28253900
2024-03-25,437.79384020612855,440.46869300537145,436.7969679128137,438.9881591796875,27789200
2024-03-26,440.508141346063,441.4260951876963,437.3398074713394,437.56683349609375,34142000
2024-03-27,440.64634240160973,440.7450506792977,436.19486113525744,439.0572204589844,41359200
2024-03-28,439.0078908107103,439.8567458712152,437.8925505041075,438.2478942871094,36839600
2024-04-01,439.19541930424367,441.7221945881504,437.2707133093092,439.1756896972656,38729000
2024-04-02,434.36889648212224,435.7013830284785,432.34551218244235,435.3855285644531,44259700
2024-04-03,433.26337536409767,438.23797705114055,433.25352562203335,436.3626403808594,39949800
2024-04-04,440.5377049276875,441.14968413220765,429.46331213365977,429.6903381347656,57267700
2024-04-05,431.11166889240866,437.4187568704157,430.3023032460056,434.7537841796875,54744600
2024-04-08,435.681657541929,436.75750858125053,433.5003459895995,434.8821716308594,28144900
2024-04-09,437.21150450507577,437.48786961686346,431.7631508206015,436.4909973144531,39443600
2024-04-10,431.3288751692714,433.5397961490954,430.618217694108,432.68109130859375,61502200
2024-04-11,434.546569566325,440.5377737187917,432.27639956537496,439.5902404785156,45474600
2024-04-12,435.3756576589064,436.5008477151884,431.2104212468401,432.5823669433594,53665000
2024-04-15,436.3231905448268,436.4120189606587,424.62696718234923,425.4659423828125,63453600
2024-04-16,425.3079850646451,428.1308850502258,424.12357614915464,425.5054016113281,47619000
2024-04-17,427.4794526889554,427.4991822952907,419.3858561040903,420.31365966796875,56880500
2024-04-18,420.9552998524185,422.6825895699026,417.34279317155233,417.915283203125,46549400
2024-04-19,416.7406271666546,417.2637478692342,407.7093776191024,409.26885986328125,75231000
2024-04-22,411.89438243688096,415.71415492772303,408.5681212264379,413.3847961425781,47807700
2024-04-23,415.3095258213479,420.7480304742032,413.4341887373936,419.5537414550781,44384700
2024-04-24,422.6431379340712,424.15328148073854,418.69504708040046,420.9750671386719,48440300
2024-04-25,413.7993326654368,419.8004467599326,412.71363193551656,418.9417419433594,57392200
2024-04-26,422.0705970919879,426.9366112542954,421.3796993486773,425.40673828125,41874900
2024-04-29,427.5090455245001,428.1308744975351,424.39993078086,427.13397216796875,30022200
2024-04-30,425.5547604471097,426.9464658376995,419.0009464701138,419.07989501953125,43665900
2024-05-01,417.6585952639436,424.5579035239852,415.200918698871,416.04974365234375,52251700
2024-05-02,419.7807126012592,422.2581490421064,415.17133378600425,421.3599548339844,36559000
2024-05-03,428.8020708971148,430.8156052949475,427.00568266102414,429.8285827636719,48515300
2024-05-06,431.6248929015213,434.62544949710673,430.8550166175624,434.53662109375,30227200
2024-05-07,434.9808778559684,436.23438573146836,433.87538722665875,434.6058044433594,30996100
2024-05-08,431.99015297025323,435.7507063041749,431.87168496757545,434.34912109375,24896700
2024-05-09,434.61564389755716,435.86918186492,432.7699164732943,435.29669189453125,24580100
2024-05-10,436.7969628147865,438.54398186494984,434.78342840132655,436.32318115234375,27116600
2024-05-13,438.22818080669674,438.3268890969221,435.91855139882017,437.3299865722656,22994200
2024-05-14,436.90548138781634,440.67591437529103,436.7179447126281,440.1429138183594,34478300
2024-05-15,442.61059025299807,447.26933868734005,441.1004466991511,447.0225830078125,41464700
2024-05-16,446.8349786328984,448.78929416263776,445.9466643453945,446.1144714355469,34780400
2024-05-17,446.24271159709195,446.84481096313647,443.706086757795,445.89727783203125,35803700
2024-05-20,446.11447031915947,449.66772746028334,445.9269336218566,449.0064392089844,24474200
2024-05-21,447.16069547726266,450.0723938681792,446.9632789226248,449.8848571777344,23167700
2024-05-22,450.14151495233557,450.8916617512401,447.2001768232706,449.7960510253906,25120000
2024-05-23,454.5732755655293,454.60288504056865,445.9861964671522,447.772705078125,40899200
2024-05-24,449.38150492952377,453.2703761837025,447.683824939773,452.0069885253906,29669500
2024-05-28,453.22099679305967,453.7737269985474,450.7633203393182,453.7145080566406,26216800
2024-05-29,449.569068292941,452.29323020811563,449.4308706694951,450.5166015625,29739200
2024-05-30,449.58878418992737,449.72698180915853,444.36742631931105,445.6900329589844,30536800
2024-05-31,445.91705276915746,446.6079806125884,437.310214806021,444.8609313964844,55941300
2024-06-03,448.6707959185981,449.6676680962191,442.0873430176353,447.2494812011719,32997500
2024-06-04,446.99288540418263,449.6677080088743,445.2754758521607,448.4734191894531,23767400
2024-06-05,452.0366239870845,457.5935359573547,448.51294605412517,457.51458740234375,33817400
2024-06-06,458.19560359921735,458.51145804041124,456.19194905279596,457.35662841796875,21966800
2024-06-07,456.99145466927325,459.6958869003459,455.8465048615647,456.95196533203125,25829700
2024-06-10,455.8267511302652,459.1530122303262,455.5405061631022,458.79766845703125,20660800
2024-06-11,457.5244170328643,462.06472654674013,456.0340034223969,461.9462585449219,22053300
2024-06-12,465.8647319245573,470.31621295998497,465.1738342596571,467.9967041015625,34532600
2024-06-13,471.52040876995864,472.1817271248933,468.26324643825706,470.53338623046875,25859000
2024-06-14,470.33601084710494,473.04047332470094,469.8721090080733,472.97137451171875,23372600
2024-06-17,473.23786496400976,480.54182645137206,471.93501797592035,478.76519775390625,37054500
2024-06-18,478.7157910636922,479.5942254231075,477.1562786498676,478.9131774902344,24438600
2024-06-20,480.1075451466503,480.5220777695532,473.395773410486,475.2217712402344,33918700
2024-06-21,474.94538875408216,476.27787523634794,472.45810274298066,473.948486328125,37456800
2024-06-24,472.7246217485548,474.4546566741709,468.4143777866246,468.5527648925781,37751000
2024-06-25,470.63868428284394,474.20748452230674,469.699510446452,473.9109191894531,29014700
2024-06-26,473.09034403566216,475.4333307069097,472.67515259375807,474.88958740234375,22737100
2024-06-27,474.64245659519145,477.5884695703149,473.83180447748856,476.1154479980469,26222100
2024-06-28,476.90638218162707,481.64174344784533,473.00143407332047,473.6440124511719,34881600
2024-07-01,474.5634403475883,476.9854712588444,470.8265659344529,476.4219970703125,24898300
2024-07-02,474.9291724653536,481.48353792076165,474.80065076318266,481.4242248535156,26723600
2024-07-03,480.67290947959197,485.56644895460255,480.67290947959197,485.43792724609375,18064900
2024-07-05,486.2782373097051,490.93449434748237,485.9816417886156,490.49951171875,28495900
2024-07-08,490.8652895174296,492.21965491627554,489.84704157622735,491.6660461425781,22109400
2024-07-09,493.1785514664755,494.29566449534104,490.5785514441239,492.0910949707031,25614500
2024-07-10,494.0090017669361,497.7755326004997,492.70408404314736,497.221923828125,28046900
2024-07-11,497.33070265719795,497.53829841203435,485.1314879153913,486.3177795410156,49966600
2024-07-12,486.89113058774603,493.92000053484,486.42649145110255,489.1747741699219,37109400
2024-07-15,490.9443370805706,495.2941631670739,488.4530977332755,490.4895935058594,31151400
2024-07-16,491.94285552229314,492.75350772394023,487.5238506867198,490.6774597167969,25950600
2024-07-17,482.7093905643281,483.22344721321235,476.2044726562418,476.2736511230469,56268800
2024-07-18,479.9907534784537,480.1686926795042,470.83638798961687,474.0196533203125,49347400
2024-07-19,473.6835723378071,476.19460298928004,468.53301949271196,469.81817626953125,42042900
2024-07-22,475.6706132366567,477.8356306869123,472.2599610425792,476.8173828125,40300000
2024-07-23,475.91777541548873,478.9033104941796,474.66227523561906,475.13677978515625,23282500
2024-07-24,468.4143716915868,468.7801456725655,457.2334056742168,458.0934753417969,58818600
2024-07-25,458.4295829833595,462.6014396958231,450.43188256553566,453.041748046875,59256800
2024-07-26,457.3718148913392,460.61439354543955,454.52466677175534,457.68817138671875,39992100
2024-07-29,460.39686132723483,462.57177432799335,456.3535263948634,458.6075134277344,28218500
2024-07-30,460.5352676004035,461.23715898276777,448.9687372105857,452.3101806640625,41317200
2024-07-31,462.53220501232033,467.3960874650735,461.0888701670343,465.6957092285156,44552100
2024-08-01,466.37785466015725,470.1245940721728,450.777884707459,454.4158935546875,56653900
2024-08-02,445.74597107733194,448.3953886712826,439.3992012960001,443.63037109375,66323200
2024-08-05,419.8646573999045,437.2441116181188,418.61905271445846,430.4030456542969,87483500
2024-08-06,432.24178552207377,441.9695203063942,429.6022334730999,434.5155334472656,63164400
2024-08-07,441.3961053134686,443.87747904877693,429.41438398005954,429.809814453125,54929200
2024-08-08,436.0280949206762,443.8676170226471,432.1626991528455,442.9581298828125,47890100
2024-08-09,441.6433101631058,446.9026236253443,440.52619705961143,445.2714538574219,33574000
2024-08-12,446.24024224691846,449.18622501816293,443.4326164004336,446.2303466796875,27795000
2024-08-13,450.619694582263,457.569490229533,450.4812773186454,457.30255126953125,40084500
2024-08-14,458.22199728151236,459.80371934391326,453.17027967377,457.4508972167969,34733700
2024-08-15,463.41210698599923,469.4029683616572,463.0364374328367,469.0075378417969,38280600
2024-08-16,467.22802596068016,470.9747955199725,466.2690911711857,469.61053466796875,38383600
2024-08-19,469.7489445562487,475.8188794922881,467.9694621022493,475.7793273925781,23737700
2024-08-20,474.8698839121025,477.4303320117781,473.09040129461954,474.7809143066406,29209300
2024-08-21,475.5618308460851,478.84396118927805,473.85158721252577,476.99530029296875,25658800
2024-08-22,479.30866646045797,480.0006925308986,468.40450416795426,469.4326477050781,37739600
2024-08-23,473.7724647008503,477.23253410290926,469.8576517676702,474.5238037109375,36061500
2024-08-26,473.98008739997056,474.8994700228201,467.8409140087634,469.9169616699219,27452600
2024-08-27,468.28584855173153,472.3884967040748,466.3284267777959,471.3208312988281,27510000
2024-08-28,470.8561778132263,471.57783018305867,462.5520165904531,465.9725341796875,37372400
2024-08-29,467.8805404533223,472.47748446744345,464.01514442703615,465.2904357910156,41081500
2024-08-30,469.6204472016277,471.4592126463843,465.1421295561887,470.8363952636719,33466500
2024-09-03,467.8014521120676,467.9299436488924,454.16876856274877,456.5413818359375,44985200
2024-09-04,453.4372324539809,459.15128956114927,452.50795412085876,455.3550720214844,32505100
2024-09-05,453.733790471333,460.05087375136264,452.7155425486622,455.7801818847656,34452400
2024-09-06,455.0782948985139,455.958155781924,443.0768102255201,443.57110595703125,50624400
2024-09-09,447.8911856909975,450.2637988498287,444.68815943504603,449.27520751953125,32981200
2024-09-10,451.03493317073963,453.93152891747957,447.07070215006615,453.4273376464844,29680300
2024-09-11,454.66308923066197,464.01515573239755,446.1315403431584,463.2737121582031,57843000
2024-09-12,463.3033580451051,468.6318802238229,461.5239055757067,467.82122802734375,40067800
2024-09-13,467.08960517313886,471.09338767226467,466.86221832440174,469.9169616699219,29111800
2024-09-16,467.79155539938006,468.4538947261113,464.52921592790534,467.8409729003906,22585600
2024-09-17,470.8561781036208,472.1512303463687,465.59686493050253,468.0881042480469,30084400
2024-09-18,469.28427953908414,473.36713606881733,465.45840605034135,466.06146240234375,39909200
2024-09-19,477.10410694689955,480.6828333512892,475.0082978923465,477.8455505371094,52782500
2024-09-20,476.98536109602776,478.17168261041274,472.8431615313558,476.9359436035156,34577700
2024-09-23,478.1111312036665,479.28921050590276,476.774651383873,478.2002258300781,24843000
2024-09-24,479.60595004679686,481.4572087690452,475.3589554058062,480.5068359375,25952600
2024-09-25,479.88319658875736,482.90265561010153,479.70500732779976,480.952392578125,26549900
2024-09-26,488.4267141196481,488.75342462979467,480.93255387516143,484.5657958984375,32020200
2024-09-27,485.5855047993006,485.7241165908211,480.69499801189994,481.8730773925781,22851100
2024-09-30,480.91280642242884,483.5164604062823,478.0814762210966,483.17987060546875,30281100
2024-10-01,482.8135350239533,483.11051710958384,472.61671704803837,476.44793701171875,42735400
2024-10-02,475.54708948630235,479.0318407021968,472.9335562861933,477.1211853027344,23744000
2024-10-03,474.9333306905717,479.69513543401285,474.19084516660297,476.7648010253906,25337200
2024-10-04,482.5660191967241,482.99170357181725,477.5567201550848,482.43731689453125,30686600
2024-10-07,480.526728679582,481.69489861148656,476.0519967457318,477.2696838378906,24975100
2024-10-08,479.8040274477152,485.080611040939,479.0021455348288,484.39752197265625,28272000
2024-10-09,484.1004796609607,488.7830984488606,483.0610121881297,488.2088928222656,24995000
2024-10-10,485.931923616711,489.51564811279883,484.6251421350571,487.65447998046875,25750400
2024-10-11,485.823034416193,489.43648751115296,485.25876847647055,488.4167785644531,20644500
2024-10-14,490.8026426096845,493.8319806523621,490.29777307711055,492.51531982421875,26060100
2024-10-15,492.8419595648441,493.5052597668528,483.78364438981976,485.9319152832031,34784500
2024-10-16,486.25864740209397,486.7635471587874,482.68483205870143,485.9913635253906,22996800
2024-10-17,491.4659433311861,491.51543027362754,486.26854547887814,486.32794189453125,27210700
2024-10-18,489.1097903823585,490.60467068756384,488.3573954930934,489.51568603515625,25335000
2024-10-21,488.30793605772305,491.2580891528335,486.38737125668905,490.4562072753906,30336500
2024-10-22,487.793135280426,492.4658447615583,487.0407403823035,490.9907531738281,26685800
2024-10-23,488.64449759688586,489.29788838737255,480.1900552137996,483.4668884277344,39346600
2024-10-24,487.1792893737401,488.06038652044447,484.5360583572414,487.38720703125,22024900
2024-10-25,490.1789884845893,495.26747284770505,489.47608053519724,490.357177734375,38762100
2024-10-28,493.46570899239293,493.5251054099527,490.1393887618108,490.4363708496094,20477800
2024-10-29,490.75319577395663,496.3267915168347,488.9019368423387,495.1487121582031,28014100
2024-10-30,494.3864063289727,495.3367792072064,490.92147436919066,491.40655517578125,29756000
2024-10-31,487.4466387819622,487.4961257258289,478.9031016133477,479.0021057128906,41245200
2024-11-01,480.6355484367559,485.83294623138613,480.3385663617861,482.54620361328125,33655800
2024-11-04,481.9423542667288,484.4767021401597,479.39809691969697,481.1404724121094,23291600
2024-11-05,482.7244339514242,487.94165113638695,482.63533932134885,487.2783508300781,24353600
2024-11-06,495.54465187540853,501.33604402055556,494.5942790255398,500.51434326171875,43082200
2024-11-07,503.306077732239,509.1766850299224,503.24668131946976,508.3945617675781,32853100
2024-11-08,507.89963253119925,509.76080091969163,507.2759399103948,508.9886474609375,22924500
2024-11-11,510.2062892654161,510.4142069407724,505.80089378918416,508.691650390625,24167500
2024-11-12,508.62236431683294,509.5034011498743,504.72180803113673,507.77093505859375,25835300
2024-11-13,507.26607496785556,509.82018136733797,504.84061045445077,507.1175537109375,24567400
2024-11-14,506.78100063575187,507.65215823407385,502.68246622311574,503.59326171875,28679500
2024-11-15,497.9008370094245,498.2869137267918,489.53548899535224,491.59466552734375,51461100
2024-11-18,493.13911445139524,497.1089469155669,491.7531474476367,495.0101623535156,27080800
2024-11-19,492.436188042674,498.9007604764236,492.09956803539825,498.4156494140625,24523000
2024-11-20,498.11866108248813,498.43546213725455,491.584782834035,498.1285705566406,29565500
2024-11-21,501.16779575169187,501.8805830298191,492.5747709405778,499.9204406738281,34526700
2024-11-22,499.3660214674592,501.45486600636707,497.7424388015507,500.7222900390625,23826600
2024-11-25,504.79108496814234,506.3255729737654,499.2076102815402,501.5142517089844,26375200
2024-11-26,502.98934420125903,505.0287320898873,502.14788483687414,504.20703125,26557100
2024-11-27,503.07845230303303,503.147727983714,496.90095284560425,500.2371826171875,24957400
2024-11-29,500.8608365529733,505.22665426566476,500.2470534652956,504.6326599121094,15334000
2024-12-02,505.8899897009707,511.0873877854979,505.50388277016566,510.1270751953125,25147200
2024-12-03,508.80049696391745,511.96844669162806,508.2262913475137,511.69122314453125,18597900
2024-12-04,515.1067274866609,518.2746775802158,514.3939100143905,518.0172729492188,26086200
2024-12-05,518.0666968351026,518.7893632698425,516.1956191747214,516.5817260742188,18169600
2024-12-06,517.2450943089183,521.4426027889191,517.1163919846481,521.2050170898438,23762600
2024-12-09,520.2842786301696,521.0762510047207,515.997645825731,517.1460571289062,20674400
2024-12-10,518.3736106938491,520.1159861294152,513.9582756888856,515.3838500976562,24350000
2024-12-11,519.739846737161,525.2936237406254,519.3339812527705,524.6105346679688,32168600
2024-12-12,522.3929011804341,523.6601052193815,520.7495601425144,521.2247314453125,23577500
2024-12-13,525.1450495866374,527.8278579264799,522.0166775373805,525.21435546875,28780400
2024-12-16,527.7388647142787,533.7480540880958,527.6596493492339,532.77783203125,31979900
2024-12-17,530.9860273934179,532.0948009302535,528.778389794408,530.431640625,28579100
2024-12-18,529.7881169480424,531.5007639686596,509.8498941149514,511.29522705078125,54703200
2024-12-19,515.9679627924646,516.5322589540875,508.6817204811397,509.0182800292969,46441800
2024-12-20,505.32570624002693,519.5616322810632,504.1872345780623,513.4633178710938,60530000
2024-12-23,515.1737776692636,518.8426243845064,511.7826015422581,518.4658203125,29672800
2024-12-24,520.4093600682405,525.5853628210008,519.7747362800005,525.4961547851562,17558200
2024-12-26,523.8700339423604,526.7654222014613,521.8769542377406,525.1392211914062,19090500
2024-12-27,521.5793998387165,522.0156961164594,513.4980235081564,518.158447265625,33839600
2024-12-30,511.1678953119048,514.985442750335,507.51886876573985,511.26702880859375,34584000
2024-12-31,512.5461745720961,513.2997222530315,505.96208877907037,506.9239196777344,29117000
2025-01-02,509.968007151715,512.288323816092,501.45036488484794,505.93231201171875,36389800
2025-01-03,509.02598666204625,515.2729696624741,508.2129468477879,514.2119750976562,29059500
2025-01-06,519.6061862635828,523.4733001568532,517.6329577649649,520.1217651367188,36109700
2025-01-07,521.1629255137043,521.55951995804,508.9566163889167,510.840576171875,36690300
2025-01-08,510.74143805919834,512.5659056329079,506.2694166315945,510.9298400878906,30777800
2025-01-10,507.1718120115306,507.2709455025522,499.67549235438327,502.9179382324219,40532500
2025-01-13,496.9783445511999,501.7577221166377,495.4909792306283,501.3016052246094,31694200
2025-01-14,504.4548589417407,505.86291155630545,497.36508964559465,500.82568359375,33737200
2025-01-15,508.7087081711547,513.4880554025902,507.1518949698399,512.3477783203125,34957600
2025-01-16,514.6085682704208,514.6879113695602,508.6293909405431,508.75830078125,28229000
2025-01-17,518.4460339444852,519.6557894107439,508.7880832063011,517.3453979492188,51837900
2025-01-21,520.0623877421791,521.5398280790038,515.6796334872291,520.3796997070312,23628000
2025-01-22,525.109480138854,529.3236827177849,524.8020936657039,527.0331420898438,33593000
2025-01-23,524.5839117209515,528.2726098950861,523.9989151410045,528.1536254882812,23096600
2025-01-24,528.5303445310877,529.2938175983337,523.7013698156251,525.1688842773438,19878300
2025-01-27,506.69583084119216,513.6269441667861,505.8529843659653,509.8788146972656,60771700
2025-01-28,510.880215560734,518.594712805148,507.46921890319015,517.4147338867188,33194200
2025-01-29,518.0592682882486,518.1881781217885,512.5461033650954,516.4429931640625,26649000
2025-01-30,519.2988228694454,521.6686459509566,513.8451492601,518.6443481445312,27431300
2025-01-31,522.481692001157,527.0429821306037,516.7999756352082,517.8906860351562,38755200
2025-02-03,509.1449186581138,516.46276040183,506.74531970930224,513.745849609375,40580800
2025-02-04,514.2615319309748,520.6869308692702,513.8648769629846,520.0523071289062,26046800
2025-02-05,517.4247523398045,522.5710397381317,516.234847755249,522.412353515625,21134100
2025-02-06,522.9180981147773,525.3474741752395,521.311748013963,525.1392211914062,19434500
2025-02-07,525.6746594987869,527.6181117377854,517.7916100317253,518.5154418945312,29605500
2025-02-10,522.7791231464935,525.8926890123465,522.3131110723367,524.7920532226562,20852800
2025-02-11,521.5297939926579,525.4563996768837,521.4008841574637,523.5426635742188,19325500
2025-02-12,517.9005755339239,524.7325545407421,517.5535478455914,523.8500366210938,25009400
2025-02-13,525.5159293158989,531.7033597619308,524.732605317865,531.3861083984375,28714800
2025-02-14,531.4951373995543,534.3013169383792,531.1579746283853,533.6171264648438,17862600
2025-02-18,535.1837353551529,535.4514804621186,531.5248144844866,534.8267822265625,20565000
2025-02-19,534.033636710405,536.2547595259927,531.941423747602,534.9756469726562,19666900
2025-02-20,534.1921993214312,534.5590779295543,527.9750533668508,532.704833984375,26550800
2025-02-21,533.8451252767076,533.864976179548,521.2818640995055,521.6487426757812,47093800
2025-02-24,523.4336296845087,524.6136086408569,515.153986605975,515.4910888671875,39268400
2025-02-25,514.8664262033808,514.9457693084149,505.14898381315766,508.9963073730469,48940000
2025-02-26,511.18772176022816,515.2828791060776,507.06272753310327,510.2258605957031,34457600
2025-02-27,513.7657942802123,514.6978790782035,495.8380652291524,496.05621337890625,52448000
2025-02-28,495.9174217287741,504.49455693208847,492.74436314856877,503.88970947265625,47654000
2025-03-03,507.21140006395274,508.7185860435132,489.42250823002445,492.86328125,44587200
2025-03-04,490.01749046351205,499.49696369579414,483.6317324771762,491.3759460449219,67875400
2025-03-05,492.02049550759943,499.3879049957525,487.1221029456595,497.78155517578125,46323700
2025-03-06,489.53160766603975,494.3804030258873,482.1047062852047,484.0878601074219,57574300
2025-03-07,483.0566680840474,489.1251146473447,476.48250755363216,487.6476745605469,54714700
2025-03-10,479.3778435434795,479.8934526152476,464.71241335787005,468.7481384277344,76668000
2025-03-11,468.37139880938366,474.7769777127711,463.0763812967414,467.6277160644531,68760800
2025-03-12,475.1240464155093,477.00803669300126,467.81612865238577,472.9029235839844,46971100
2025-03-13,472.2384878146999,472.2682339105979,462.50119561707606,464.3951110839844,46563300
2025-03-14,469.73976785512326,476.5122252306436,469.13489016928395,475.61981201171875,43563000
2025-03-17,475.5702263569213,481.7477619076092,473.7754744231914,478.70361328125,41744400
2025-03-18,475.37194400809454,475.5702412562854,468.430904850301,470.54296875,39072300
2025-03-19,472.7937659202289,481.2419899759292,470.8701043676958,476.83941650390625,40430300
2025-03-20,472.863217084476,480.46859528600214,472.16910112065705,475.2231750488281,36780500
2025-03-21,470.0868161949593,477.5533898795078,468.926688037653,476.7898864746094,42234900
2025-03-24,484.3529497341384,488.0967889047563,481.0361475224084,487.252685546875,34567200
2025-03-25,487.9776314748478,490.19212618360643,487.01436628000033,490.0332336425781,26035200
2025-03-26,488.8812800947295,489.7353237051958,479.4671320107272,481.01629638671875,34627100
2025-03-27,479.0599740999814,483.20099914044886,476.9149702846153,478.27545166015625,33469800
2025-03-28,476.4780431008445,477.183104147624,464.7996986134778,465.68353271484375,46363800
2025-03-31,458.71230632770016,466.59714077409984,454.15415395548746,465.6636962890625,53000300
2025-04-01,464.05486449234,470.3409233401803,461.1948898535383,469.4173889160156,41156200
2025-04-02,462.88309780084677,476.2297682498692,462.6248936323242,472.84344482421875,49894500
2025-04-03,453.2703478156352,456.8751448689261,447.0141090046651,447.5304870605469,70456300
2025-04-04,435.0974044364688,437.31189907621473,419.7348327636719,419.7348327636719,117088400
2025-04-07,405.82211681382694,440.06268579743914,399.5956689326401,420.74774169921875,161557000
2025-04-08,435.11728254780405,440.06271076881603,406.9442976151024,413.1707458496094,101248100
2025-04-09,412.6841286866898,464.58119445433243,412.54508635404926,462.763916015625,142876900
2025-04-10,450.41032921157523,452.4262310181804,429.62568122180926,443.0815734863281,108384100
2025-04-11,441.5621838377255,452.62483820333756,438.26523184275806,451.2444763183594,52483800
2025-04-14,461.23460948868865,461.8205086737922,449.48677471863374,454.3031005859375,43941200
2025-04-15,455.3557385766258,459.16906857179987,452.9823210663376,454.8095397949219,35404200
2025-04-16,445.911754180635,449.47682014255906,434.72002849561466,441.0954284667969,48980600
2025-04-17,444.06474058630056,444.64069957063055,438.2950589596918,441.01605224609375,44837000
2025-04-21,435.1867959118547,436.03086898438323,424.95830435713054,430.1023254394531,44149300
2025-04-22,435.7727032817461,444.47185048082304,434.5810243366183,441.3934020996094,52304400
2025-04-23,454.9883280627237,460.1621395996958,449.7350551012641,451.40338134765625,55801100
2025-04-24,453.31001360101396,464.4123675046758,452.6645032415505,464.1045227050781,45956100
2025-04-25,463.72720383212953,469.8046996364442,462.1581892201978,469.27838134765625,38697100
2025-04-28,469.7450841476505,471.51272188420273,462.79369502324164,469.12939453125,33550800
2025-04-29,466.90498894089706,473.1115867619832,466.3289996919343,472.2277526855469,30613100
2025-04-30,463.88607170901736,473.8861489699177,459.2186982221631,472.16815185546875,46810600
2025-05-01,480.05301909884207,483.7968278621536,477.40154726890813,478.33502197265625,43316500
2025-05-02,483.16128822739284,487.5009364234009,481.46314130279217,485.43536376953125,39218100
2025-05-05,481.2347608308799,485.63398996616957,480.7382330195203,482.5555114746094,28309500
2025-05-06,476.22976603156343,481.6816318630385,474.86928463727685,478.0669250488281,32786300
2025-05-07,478.7322575080464,482.42642576212086,473.4690746513304,479.94378662109375,38006300
2025-05-08,485.1374935889608,489.27854913850405,480.8077853400776,484.899169921875,39577600
2025-05-09,486.80576413222576,488.1265450159619,482.8236318908867,484.5813293457031,27767400
2025-05-12,503.46929009549314,504.36306445306417,497.99757390012485,504.3233337402344,45090600
2025-05-13,505.62421174170254,513.7970705437644,504.889360268175,512.0095825195312,53269600
2025-05-14,513.1814152753577,515.6242935146439,512.168479062204,515.078125,47014500
2025-05-15,512.933142411462,518.3055470046168,511.5924808683594,515.6441650390625,50153300
2025-05-16,517.044294120501,518.0771107199419,513.5090186630139,517.888427734375,48394600
2025-05-19,510.6689476686652,518.9014181193775,510.6689476686652,518.385009765625,52536200
2025-05-20,515.8626114492022,517.3124945802101,513.0721273779477,516.6571044921875,42517600
2025-05-21,512.6848140479495,519.3680585801426,507.6897154809912,509.4772033691406,71292800
2025-05-22,510.09293743807837,514.1148613011718,508.74239630363013,510.43060302734375,55607200
2025-05-23,502.66489596858764,508.28559452080873,502.06905652418396,505.7036437988281,58368100
2025-05-27,512.5657247963487,518.0871120746342,511.0165603257883,517.6004638671875,47226300
2025-05-28,518.553707324964,520.0432905566033,514.7900488464219,515.306396484375,46637200
2025-05-29,522.6750389191951,522.8239609117877,513.7275971013242,516.3194580078125,58513300
2025-05-30,515.8328523034309,517.0642316666292,508.3749943409687,515.505126953125,67662800
2025-06-02,513.6480261638592,519.8149227474813,512.3868262610433,519.5765991210938,44762800
2025-06-03,519.9241655047615,525.0681860216745,519.0602120182343,523.63818359375,44070300
2025-06-04,524.343351463968,526.1606603717119,522.3174790385125,525.0980834960938,41359300
2025-06-05,526.4982758102656,529.3483408856316,519.0304773796223,521.1456909179688,61031200
2025-06-06,526.3194516510717,528.1069395532867,524.5419040023565,526.239990234375,42467000
2025-06-09,526.4585396949342,528.6531539021086,525.3363819554394,527.0146484375,33688700
2025-06-10,527.4813163809062,531.1854549164767,525.2171811724196,530.500244140625,40664800
2025-06-11,531.9004378288197,533.0524162719269,526.4286917523204,528.7127075195312,53701000
2025-06-12,527.401940897683,530.9272762598631,527.153676990328,529.9540405273438,34104900
2025-06-13,524.0156301980296,528.1765360507057,522.0791594397207,523.3006591796875,55814400
2025-06-16,526.8160526043126,531.6522290488724,526.7664119412208,530.5797119140625,37622100
2025-06-17,528.0176862540823,529.626431694589,524.2440259750547,525.4059448242188,42180900
2025-06-18,526.4187444442433,528.8517427639903,523.7375428380969,525.3164672851562,43983500
2025-06-20,528.5637935274957,529.8547537100831,521.235038209529,523.1715087890625,61643500
2025-06-23,523.7391506726165,529.0678919430073,520.5975974398857,528.5509643554688,50666100
2025-06-24,533.7604374478519,537.5482262091718,533.1440563345205,536.6336059570312,45442000
2025-06-25,538.9002712385268,540.1429848534073,536.235900529748,538.0054931640625,44804200
2025-06-26,540.1827450564219,543.4833997920184,538.3634559621551,543.0360107421875,43811400
2025-06-27,544.0699627850514,546.7840298565204,541.365786451658,544.8951416015625,57577100
2025-06-30,548.0466486880396,549.5776499977443,545.8097642093843,548.4244384765625,45548700
2025-07-01,546.5255934838585,547.4999223063551,541.4851393331254,543.8015747070312,56166700
2025-07-02,542.9763876274027,547.788201797656,542.9366426333736,547.58935546875,36538300
2025-07-03,549.9555251054488,553.9521120780701,549.9555251054488,552.977783203125,26443500
2025-07-07,550.2934997666972,551.1087271918242,546.3764639666066,548.8121948242188,45349300
2025-07-08,550.154338331448,550.7806708992875,547.8875993850992,549.1204223632812,36153300
2025-07-09,551.2478664323185,554.3795290687111,549.8759057229825,553.007568359375,43045500
2025-07-10,553.6438277114144,554.0514110672418,549.5279457662349,552.2122192382812,34710900
2025-07-11,550.0748262812045,552.5503024710364,548.8321124767199,550.9696044921875,39618600
2025-07-14,550.7607434561655,553.7035112516938,548.4145146258895,552.9678344726562,36453300
2025-07-15,556.9843062940589,557.5310882116617,553.4152056824207,553.474853515625,43277700
2025-07-16,554.0316131674816,556.9445267538166,548.3449238107365,554.04150390625,52314700
2025-07-17,554.7673336412346,559.0323054850909,553.9620575398243,558.5252685546875,40423800
2025-07-18,559.8374855074329,561.4380860166281,556.7157744680799,557.9883422851562,50484700
2025-07-21,558.8135768015356,562.7604063527048,558.78372254689,560.8814086914062,39595200
2025-07-22,561.0106638998457,561.0603603122628,555.3538286769178,557.9784545898438,43270600
2025-07-23,559.062157299073,560.5633045664785,556.3182355790325,560.5235595703125,40215300
2025-07-24,561.8358483971182,562.939363617183,560.0065471027547,561.716552734375,42275500
2025-07-25,561.6369949015883,564.3908678867722,560.9808687648707,563.068603515625,30630800
2025-07-28,564.4305544544877,565.7229644368575,563.565630660474,564.8282470703125,31498700
2025-07-29,567.4329671345109,568.775073517546,563.2276438335854,563.953369140625,45463300
2025-07-30,564.8680250229864,567.2938044905766,561.7562651946612,564.708984375,43433800
2025-07-31,571.190970580284,571.2804726670317,560.5831832589339,561.716552734375,64613600
2025-08-01,555.5725251375388,555.7614200303079,548.464179134219,550.6513671875,69400800
2025-08-04,555.7913377614522,561.0306388423193,555.6919449238438,560.8118896484375,47669800
2025-08-05,562.0943005518618,563.2574635163702,556.467259269024,557.004150390625,48666600
2025-08-06,557.8392381791041,564.4504991615455,557.3620555482147,564.0130615234375,41823700
2025-08-07,568.3377644787327,569.9781710329648,561.8160046192106,565.9219360351562,44463000
2025-08-08,567.1247903648876,571.4196158459907,566.8265512369031,571.2008666992188,35255500
2025-08-11,571.3401044656866,573.4377906026674,568.238295962644,569.5108032226562,33112900
2025-08-12,571.8073129373929,576.9670623788118,569.1528936023716,576.6688232421875,42143300
2025-08-13,579.3630911415263,579.919824464235,575.5653507090063,576.9572143554688,41209300
2025-08-14,574.9092259384532,578.4882172102513,574.5413268492241,576.5098266601562,45425000
2025-08-15,576.4203533540477,576.4601590302121,572.2150292978006,573.9747314453125,49480200
2025-08-18,573.0798331815504,574.4020973699274,571.8868160548614,573.7459106445312,29831000
2025-08-19,573.0302726404968,573.1992647307059,564.9377056376891,565.9617309570312,53752600
2025-08-20,565.0171462866024,565.1364419363883,555.582474459887,562.601318359375,76781100
2025-08-21,561.060352587378,563.1878929880804,557.7100013329036,559.9966430664062,46436900
2025-08-22,561.3784895430127,570.6441700157645,559.9866866300696,568.6359252929688,51502100
2025-08-25,567.0750950943409,569.9482028256268,565.8422722305733,566.9955444335938,34044700
2025-08-26,566.5084530912841,569.5804073661923,565.4844278800615,569.272216796875,34103000
2025-08-27,568.258145475305,571.0616538874066,567.0452254794283,570.1470336914062,36927100
2025-08-28,570.7634672604604,574.6308068035561,569.1231216071435,573.7161865234375,46787900
2025-08-29,571.3103130455914,571.6782121617994,565.2259910297296,567.0751953125,56030400
2025-09-02,558.0380628796443,562.6708725533646,556.2783609773549,562.3229370117188,65876800
2025-09-03,565.9118790267905,568.3675126902098,563.4264517898029,566.7470092773438,54230200
2025-09-04,567.413074576967,572.2447304586526,565.7130812182487,571.8768920898438,47526300
2025-09-05,577.1061957123322,577.7325281682172,568.198464214182,572.7020263671875,68342500
2025-09-08,574.9985810863183,577.4542146024762,574.4021028569616,575.4956665039062,46371400
2025-09-09,576.2910903587206,577.5537069544023,573.6764157572246,577.126220703125,44007600
2025-09-10,580.337259864146,580.3671141145925,575.177510924683,577.3150024414062,49308000
2025-09-11,579.8402846996038,581.4707397036912,578.2297325329314,580.6754150390625,44745800
2025-09-12,581.6298042126049,584.4333738308624,580.695281006519,583.2403564453125,50745900
2025-09-15,585.0099141290013,588.3403622999832,584.8607642254873,588.2310180664062,44360300
2025-09-16,589.1556048651221,589.4041475911258,587.047967402961,587.7339477539062,36942100
2025-09-17,587.6544769572251,588.3007124044127,580.9637252812921,586.5609130859375,69384800
2025-09-18,591.4422704413523,594.6534841828069,589.5036854446214,591.8499145507812,61069300
2025-09-19,593.8481392234803,596.5522550297854,592.376724983576,595.8563232421875,58196100
2025-09-22,594.944685223359,600.0506998619353,594.9247593125743,599.3838500976562,57154800
2025-09-23,599.5530088196715,599.7520856686153,594.1882006017188,595.4025268554688,64635500
2025-09-24,596.7760840009503,597.0945948124443,590.5851402114129,593.3123168945312,49850300
2025-09-25,589.430536349082,592.3368637002909,585.7478275771575,590.7543334960938,70920200
2025-09-26,591.5705031390479,593.5113961310994,588.2959106650876,593.1829223632812,54337400
2025-09-29,596.3082815224922,599.2345352094144,594.6162193260205,595.9300537109375,48332900
2025-09-30,595.6314478673851,597.900814656983,593.312327051642,597.5623779296875,46533800
2025-10-01,594.3773102269436,600.9663468565046,593.5512354718333,600.4288940429688,46899600
2025-10-02,604.2210139137661,604.3205219527487,600.1103234584608,602.897216796875,43765400
2025-10-03,603.6736359963404,604.4898085161411,598.5775847871106,600.3591918945312,46482100
2025-10-06,605.604571632931,606.5102892520208,603.1361281413168,604.8680419921875,41962100
2025-10-07,606.1719018399856,606.8586774446749,600.2099241447881,601.6829833984375,58209500
2025-10-08,602.5786764717058,608.8890531764704,602.4294144205519,608.5805053710938,50629800
2025-10-09,608.6204370055018,608.7498339295508,604.6391427264058,607.8441162109375,45551000
2025-10-10,608.5408348591906,610.3124791653014,586.2953173560331,586.7432250976562,97614800
2025-10-13,596.8755814137287,600.130308656237,594.437026720554,599.1947021484375,65872600
2025-10-14,592.5260076334632,599.8714996417642,587.370239391138,595.2034301757812,69203200
2025-10-15,601.1853544608703,603.8627770947517,593.1431236043112,599.4036865234375,62805500
2025-10-16,602.2801945778114,605.4652419598709,592.7151502263018,597.1841430664062,70982000
2025-10-17,595.1536373813661,602.6782798326376,593.5810094041973,601.1056518554688,72024900
2025-10-20,604.3007277712793,609.9342320831087,604.2310478359201,608.6801147460938,45761700
2025-10-21,608.7796678481768,609.8545734667066,606.4705100847576,608.5208740234375,44538200
2025-10-22,607.9634772307389,608.550684046599,596.9352763909752,602.6583862304688,61478800
2025-10-23,602.0810816712476,608.5108930309417,601.6929516953679,607.724609375,42844300
2025-10-24,613.109255890892,615.52788448046,612.2532923406192,614.2140502929688,47632500
2025-10-27,621.5994587704798,625.6105809315065,621.1117599698571,625.1527709960938,54098600
2025-10-28,627.411996690145,631.7118007449543,626.3072023791099,629.9600219726562,61195700
2025-10-29,632.617602014598,634.0309441778932,627.3025485347416,632.7967529296875,67422800
2025-10-30,629.2136282645249,630.5374255047892,623.012782414942,623.1222534179688,61628600
2025-10-31,631.2042379487298,631.234126811276,623.7592381870214,626.1281127929688,66305100
2025-11-03,632.1398830378624,632.8465845810617,626.9044717945962,629.1240844726562,37154300
2025-11-04,620.3651862929894,624.0180060926541,615.5677203048753,616.35400390625,63830800
2025-11-05,615.5975961289528,623.6696547974706,614.3236136919261,620.365234375,48688500
2025-11-06,618.8821162096355,619.1309470601153,607.4458600415353,608.8094482421875,72115100
2025-11-07,605.4651835773906,607.0975285563833,595.8702512859107,606.8884887695312,81835400
2025-11-10,616.0255273285376,621.3903349091554,614.0050524635872,620.3153686523438,55919900
2025-11-11,617.667884551536,619.807793532697,614.6321601598369,618.6632080078125,44868800
2025-11-12,621.9179017890243,621.9377669472728,614.920749106872,618.1754760742188,47444400
2025-11-13,614.6520197078406,615.2293243171331,603.2456518828649,605.5548095703125,71333600
2025-11-14,596.7462352895467,610.4816884296766,594.377360328816,606.0126953125,80087300
2025-11-17,603.4646437955126,609.6157359179533,597.064720790693,600.8369750976562,63850400
2025-11-18,596.8158193326508,599.4932417404225,588.5745730726753,593.5213012695312,83327300
2025-11-19,594.277803642733,603.3252601497043,591.8094208267037,597.064697265625,73111500
2025-11-20,608.7596842814295,611.1584476607283,582.0153497685453,582.9310302734375,117743200
2025-11-21,584.7226085504005,594.1881438029353,578.0241015093158,587.3104858398438,103344200
2025-11-24,592.4961555049445,603.8428060601079,592.3766608046226,602.3298950195312,60168100
2025-11-25,600.6876962050133,607.4061298411984,594.526641299767,606.0425415039062,57560900
2025-11-26,609.6456207819383,613.3084040565466,607.5355397731937,611.3973999023438,42393600
2025-11-28,613.228673908852,616.4236838329113,612.5418983457259,616.35400390625,23034400
2025-12-01,610.760390007381,616.5432173570742,609.6555954555693,614.2838134765625,40957600
2025-12-02,616.5630260418765,620.8329413558126,614.7017762319775,619.0911254882812,54541800
2025-12-03,616.7222793869383,621.3007427206581,615.1397492029907,620.6040649414062,47841600
2025-12-04,622.007417155587,622.0173801090948,616.6426096904333,620.0267333984375,47067800
2025-12-05,621.4601000759177,625.9788469562651,620.7932503319497,622.554931640625,53614200
2025-12-08,624.2768250026879,625.8992070395384,618.7826202766802,621.3605346679688,43462400
2025-12-09,620.0964541810868,622.9430645849563,618.0958443851024,622.1268920898438,37156000
2025-12-10,620.9325615899702,626.2675418951635,618.0859508663141,624.6749877929688,55031400
2025-12-11,620.9027009347221,622.8535568265262,614.8311912534539,622.6544799804688,58272800
2025-12-12,619.1707625316516,620.623895733337,608.5008646995267,610.7503051757812,75158700
2025-12-15,615.4782148096098,615.5279688368453,606.4705488897755,607.684814453125,49538200
2025-12-16,605.4154908096834,610.640939262189,604.0717676149177,608.88916015625,55152800
2025-12-17,610.1929774623923,610.7802450139451,597.4727756606954,597.6021118164062,70654300
2025-12-18,606.9481891411226,610.0635562018889,604.0816529270647,606.2614135742188,78875800
2025-12-19,609.0882420087144,614.7317093738202,609.0085991169561,614.1643676757812,60369800
2025-12-22,619.2410277166947,619.5400581375426,615.6732225286527,617.1083374023438,43703100
2025-12-23,616.1017112134413,620.2973826571792,615.6831538137028,619.9984130859375,41120400
2025-12-24,619.8788381544654,622.1611043897402,619.6097351207538,621.812255859375,18468700
2025-12-26,622.5397449963523,623.3968722036194,621.0249455610693,621.7723999023438,28959800
2025-12-29,617.9952893106854,620.6662466299371,616.6299441048571,618.7626953125,32458300
2025-12-30,617.7361570843227,620.0681805596082,617.1182055353263,617.3275146484375,31226800
2025-12-31,617.5468163565164,617.8557617254266,611.9657873069227,612.2249145507812,40746500
2026-01-02,617.9554488091355,620.7359573580553,608.0791111541869,611.0390014648438,61859200
2026-01-05,617.2179589026348,618.7028919265477,614.6267471262267,615.8924560546875,46828400
2026-01-06,617.1281744487,621.9019550397833,616.4405140309859,621.303955078125,43137500
2026-01-07,620.9253234207138,625.8087167042466,620.4469720495259,621.9020385742188,44880300
2026-01-08,620.9153218016421,621.303951822496,615.7030322638508,618.3639526367188,50435900
2026-01-09,619.300745089563,625.758791636954,616.958745935689,624.5230102539062,49688700
2026-01-12,620.1977700429699,626.7155502563702,620.1479519171962,625.041259765625,37388700
2026-01-13,625.140974146081,627.3334583647393,621.5830839442848,624.1144409179688,44481400
2026-01-14,620.1280157301809,621.3339307094008,612.4740900847709,617.4471435546875,72598700
2026-01-15,624.4732033837762,627.8616876163956,618.6430834728214,619.6696166992188,53934900
2026-01-16,623.3769663073682,623.9550147388202,616.7794403711221,619.1513671875,61058100
2026-01-20,608.4578028817349,612.9723957819789,604.9895731374214,605.9961547851562,81988900
2026-01-21,607.4012887411642,618.3141340756262,605.7967680520393,614.188232421875,79837900
2026-01-22,620.2375842668598,620.347257132182,615.6831493704997,618.6530151367188,42254800
2026-01-23,617.6265424291936,623.2773415638685,616.5502518751565,620.6063842773438,43645800
2026-01-26,621.0947340762326,625.4797631810548,620.0084069696974,623.3370971679688,35983000
2026-01-27,626.7753573897714,629.8947385616864,625.210739736326,628.9878540039062,38997200
2026-01-28,633.3031267391333,634.4392110916745,629.6654913345894,631.0706787109375,50691700
2026-01-29,630.502742743786,631.5192393919408,616.1715451315209,627.2936401367188,79944000
2026-01-30,623.5862705860875,626.1276033472989,617.1979930005075,619.75927734375,65650700
2026-02-02,616.600081229079,626.3568310719594,616.560178063243,624.0148315429688,49020300
2026-02-03,626.1674139293162,627.8417043791845,608.8863033670389,614.4274291992188,81234000
2026-02-04,612.9325250551025,613.0122097237908,598.4318618495455,603.6939697265625,81850700
2026-02-05,598.1728616382483,602.7572245428578,592.741347204136,595.003662109375,89354500
2026-02-06,598.1528367578925,609.3347246219274,596.7376735555687,607.5807495117188,78019300
2026-02-09,605.4779073318616,614.3676754732974,603.0163200345862,612.2349243164062,56797600
2026-02-10,613.221585779639,614.9258037997442,608.9361924921908,609.3945922851562,53938900
2026-02-11,614.287912259566,615.4240575153926,605.6274050805947,611.0289916992188,58575100
2026-02-12,612.6235691721736,613.719811213741,597.5349428610552,598.601318359375,81378900
2026-02-13,598.3920201980992,604.4214731930686,594.3956211608477,599.876953125,69237500
2026-02-17,596.3489614066287,601.900062806609,591.3260902585407,599.259033203125,69013800
2026-02-18,600.0663235174607,607.7003582620254,598.6810268108527,603.7338256835938,64250700
2026-02-19,600.7639588101054,603.763752095183,598.710953230483,601.4216918945312,60960800
2026-02-20,598.0831443998615,608.2784035741612,597.1961505255856,606.74365234375,74127300
2026-02-23,604.551014539048,605.9462869551629,597.0166773136035,599.36865234375,63859100
2026-02-24,600.3553581675079,606.9229563249177,597.6943768857255,605.8067626953125,55023700
2026-02-25,608.995909128246,614.7363682274654,608.9261394233886,614.5868530273438,55710700
2026-02-26,613.5006642563195,613.5006642563195,601.9300233109441,607.1721801757812,96178900
2026-02-27,600.9333908786662,606.2552930140329,600.1460941357092,605.228759765625,68125200
2026-03-02,596.8272887885241,607.8497456538431,595.9602466755911,606.0260009765625,75264600
2026-03-03,594.3059664111527,601.9100736934439,589.8610825503507,599.5381469726562,97015500
2026-03-04,602.1094032397743,610.7998384548731,601.3819003863031,608.6770629882812,70943900
2026-03-05,605.3383770464741,610.680169445705,600.215808722112,606.8432006835938,89602400
2026-03-06,598.272391216619,603.9430803280663,596.299131310206,597.7142944335938,86302300
2026-03-09,592.2130380432229,607.2020280273126,589.3229177543049,605.6971435546875,93068200
2026-03-10,605.7171291112322,611.2083762165881,603.3650930899329,605.7071533203125,64078900
2026-03-11,606.8831745719045,610.3513436366671,602.9764964783102,605.62744140625,60114800
2026-03-12,600.7141815669924,602.0895025742029,595.0235399841715,595.2328491210938,71836600
2026-03-13,597.6943836062096,601.5512432287993,590.5587127632866,591.7047729492188,63145500
2026-03-16,598.0033513683248,601.8103930085241,597.0765152286837,598.3422241210938,49077200
2026-03-17,601.0928621051149,603.8435039613423,599.827153220896,601.2622680664062,47106600
2026-03-18,599.4484580276425,601.1127728070715,592.5419866131784,592.880859375,56128000
2026-03-19,587.5091059918601,593.7777346942335,585.0873611514585,591.0072021484375,75597600
2026-03-20,589.0538644721536,589.1634765193921,576.5763394854986,580.0844116210938,91964700
2026-03-23,589.2577971122703,593.8080477851386,584.707546439402,586.7431640625,89936100
2026-03-24,583.5599323333884,586.6732582803922,580.6860836277402,582.731689453125,57750900
2026-03-25,587.8807233962021,590.105937264777,584.4380856164452,586.5635375976562,60475500
2026-03-26,581.354642361522,583.3803323809582,572.2042606955537,572.5634765625,81492100
2026-03-27,569.5898294008852,569.7994024288408,560.3695906458286,561.37744140625,82702200
2026-03-30,566.1672557562856,566.8358066082409,554.4124057398176,557.0867309570312,70602600
2026-03-31,563.0837667324405,577.4031290957437,563.0039815896954,575.9462280273438,95878000
2026-04-01,580.2370672268827,586.4836962239632,579.179335412676,583.06103515625,79435100
2026-04-02,572.7430779653056,584.7972733467034,570.6974721352691,583.7295532226562,50941700
2026-04-06,584.9768981262092,589.3475406308395,583.4402118432972,587.2420654296875,35108500
2026-04-07,584.3882026562935,587.7210292628183,577.1636879809167,587.3319091796875,49948200
2026-04-08,607.4088894425788,608.5963482247196,600.8329489303708,604.7944946289062,63086000
2026-04-09,604.6347774379597,609.1950160707539,601.7410129216331,608.8856811523438,37837500
2026-04-10,610.5321674952482,612.3582118654269,608.2769886899993,609.7637939453125,34038500
2026-04-13,608.1772466686149,625.4003640032612,606.8101798493245,616.0703735351562,32972100
2026-04-14,618.8941947521593,627.2562866210938,618.7744561353234,627.2562866210938,49921100
2026-04-15,627.7353139030603,636.4666101570109,626.8571900931449,636.0375366210938,50102400
2026-04-16,637.8436965859062,640.8073189117684,633.9021276162631,639.1009521484375,42320600
2026-04-17,644.2100323367088,648.6105788505391,642.6932619551269,647.4630126953125,53488900
2026-04-20,646.6547376870972,647.3732302965532,641.1465785698142,645.4074096679688,37138500
2026-04-21,647.0239939193881,648.8102067653653,640.8372951709442,642.9527587890625,39580500
2026-04-22,648.7602969829716,653.9292171714128,647.1337763152069,653.7096557617188,37368400
2026-04-23,652.1529787029532,655.5157702184271,644.1401750634725,650.0275268554688,40099800
2026-04-24,657.1024209404745,663.0895957247212,655.1266727511743,662.4609375,45563100
2026-04-27,661.9819986507146,663.0097653425256,659.2777693835679,662.8101806640625,32717000
2026-04-28,656.004754848671,658.2300296236717,652.4124742350715,656.1444702148438,34147900
2026-04-29,657.2221656812865,660.3055266172468,655.1865481613837,660.1558837890625,31724900
2026-04-30,663.927777159514,667.470237689687,656.1544503606949,666.3126831054688,40622200
2026-05-01,667.7296602517982,674.5251016090374,667.3704443600215,672.7090454101562,39172600
2026-05-04,673.2178749724156,675.2834576176889,667.4702382389029,671.4417114257812,34542000
2026-05-05,676.5108537091375,681.3105696942113,676.06180342226,680.1530151367188,37101100
2026-05-06,686.309864653291,694.4424070727396,685.012594745374,694.2827758789062,38778500
2026-05-07,695.0910378327916,699.741050020677,690.2913219165297,693.4545288085938,43779100
2026-05-08,698.4238945105413,709.709716796875,698.0048093195176,709.709716796875,44320400
2026-05-11,708.8415900113766,713.0625897963787,707.3946772072168,711.7653198242188,36019100
2026-05-12,706.7060961344681,708.6619284096558,695.1508931250245,705.7282104492188,45873000
2026-05-13,708.4424652516221,715.1181676509774,703.3234258783424,713.1823120117188,40012500
2026-05-14,713.0924719031191,720.4866668965204,712.6933025541022,718.2514038085938,33327500
2026-05-15,708.6220472937023,713.6013711212843,704.0418318990444,707.4146118164062,51792700
2026-05-18,710.0190294838146,710.5479258193494,697.3561524904881,704.3711547851562,49834500
2026-05-19,698.3141623863071,704.9798766607653,693.7639117658215,700.030517578125,46827500
2026-05-20,703.7823654299403,711.6256103515625,702.2855717974863,711.6256103515625,36779200
2026-05-21,707.4745066970102,715.5871334944783,705.2592812358496,712.9827270507812,36415400
2026-05-22,716.5351219372583,720.5764528207093,714.4196583413607,716.0062255859375,33118600
2026-05-26,724.4082211964219,729.607045402997,722.6120201244876,728.718994140625,34254700
2026-05-27,731.393253873753,731.7524697241859,723.8893090619304,727.8907470703125,35148700
2026-05-28,728.1702007772236,735.0255114506422,724.8572898861221,734.0276489257812,32840000
2026-05-29,736.2628454135092,740.0447221142881,733.6783549102875,736.7318115234375,37541700
2026-06-01,735.4645156241552,744.0561575758685,734.4167722362946,741.15234375,33890600
2026-06-02,740.8130908722517,744.8444331554832,737.6498231242726,744.5650024414062,30085200
2026-06-03,745.7126120403002,747.0497745697194,739.4260905589007,742.6192626953125,40270200
2026-06-04,733.9078771104591,741.9107536874841,731.0540050355258,739.0269165039062,40782600
2026-06-05,728.4994162728981,730.1259368460317,702.814448019166,703.5528564453125,99606600
2026-06-08,716.2756997672813,721.484573841008,711.5458411228426,714.5394287109375,47401500
2026-06-09,721.434596637807,724.1088607768927,684.9028658450729,706.3170166015625,91932200
2026-06-10,700.1601489508766,709.7596418767092,691.448829138881,692.2072143554688,65334300
2026-06-11,697.79525259889,716.8344863404582,693.5144443572524,715.587158203125,71798900
2026-06-12,716.076088228132,722.4624325384626,709.7596625054938,719.7981567382812,51168400
2026-06-15,736.5222551108849,743.1680531807805,735.8038233761346,742.40966796875,46710200
2026-06-16,740.6633959693683,742.629155741597,728.0803652201432,728.2998657226562,45348700
2026-06-17,733.6185262683754,734.1074691435972,719.3091513674342,720.9656372070312,51669300
2026-06-18,735.6242535433294,740.2343734608266,730.9442759416646,739.0369262695312,50154600
2026-06-22,741.2475942735041,744.6740164081855,733.6255320449774,737.1818237304688,43518600
2026-06-23,714.994955841975,722.8567588543334,711.368729535907,712.9071655273438,53354200
2026-06-24,714.6253657788768,719.1806168314835,703.7167494897757,709.8803100585938,52480400
2026-06-25,725.144386854217,726.073411438839,704.5657941797848,715.63427734375,49668000
2026-06-26,706.3939573549355,714.8151753001493,702.0784467013282,705.7846069335938,47081800
2026-06-29,713.2467701925264,723.8257734758017,704.4359439581019,723.3262939453125,44939100
2026-06-30,723.4261723402657,736.8521846863197,723.156433880318,735.6334838867188,42121800
2026-07-01,728.4309348946762,731.1580735258118,723.8456861360175,724.4151000976562,40803800
2026-07-02,724.8247456386157,730.0692808035519,706.823483523477,711.8582153320312,50959800
2026-07-06,719.1806205090421,725.3242433880005,717.7021805458717,722.067626953125,30220400
2026-07-07,713.42658457407,715.6043080380856,704.1662754218111,708.6915283203125,42483100
2026-07-08,704.2162281021572,711.5186166673155,700.1803943256999,710.699462890625,35603200
2026-07-09,717.5823009494849,723.476123003734,714.3856196637845,722.5271606445312,33654700
2026-07-10,719.9498309758326,725.633910657471,716.2536701350646,724.7548217773438,26415900
2026-07-13,716.9728399125403,717.9917976257694,709.3408393238593,710.9990844726562,36552400
2026-07-14,719.4702735364855,721.5381261320255,713.5964502872879,718.9408569335938,29448100
2026-07-15,723.0964840498398,723.6059629208669,709.4906666647634,716.9928588867188,32627600
2026-07-16,711.2688277809667,712.8571384924941,701.8785885225277,705.2051391601562,39402000
2026-07-17,690.9300392487022,701.5689163623388,686.0451149463661,694.606201171875,54109300
2026-07-20,701.4290751693121,705.0653008245885,694.7860339234736,695.33544921875,29687600
2026-07-21,705.8345294031318,709.3108875148979,702.0684341343024,708.2319946289062,33728300
2026-07-22,702.8875430569569,708.9112952334938,702.8875430569569,704.61572265625,23692200
2026-07-23,693.9468861753709,697.9327231441935,687.0740428357205,691.23974609375,44028600
2026-07-24,689.6913211134731,691.9090420069233,681.7695828163428,683.5177612304688,42876700
2026-07-27,690.9600196558405,691.5793694171385,675.246412599162,681.4099731445312,42681500
2026-07-28,675.5260852047327,678.69282941625,667.1848012007116,674.786865234375,51398700
2026-07-29,674.8068223593629,679.3420743940087,660.4517860132496,661.0411376953125,57233300
2026-07-30,674.0576119251697,684.4068129515903,672.5991097762519,682.8384399414062,66753700
2026-07-31,691.3895713800811,695.0457958477069,679.3421270152298,687.2738647460938,50540500
2026-08-03,687.5835404062232,700.8597459456591,685.1061413344767,699.34130859375,44965100
2026-08-04,707.4228263749409,724.9046100552433,706.7935382563429,723.0964965820312,59778600
2026-08-05,725.4940407971483,727.7816351687756,716.1737353937511,716.5533447265625,33540200
2026-08-06,710.0800975972087,718.5712497417534,707.7625052246912,713.9061279296875,33035900
2026-08-07,719.4003977892652,722.8767558377907,715.7641721456221,722.2774047851562,31070400
2026-08-10,721.6380662225321,723.9156612253314,719.5802129514979,720.11962890625,26243200
2026-08-11,722.5370761410037,722.5970112457043,714.7552070178748,717.7021484375,29286100
2026-08-12,726.32320296041,726.4930089361641,722.1674989405016,722.9467163085938,29066000
2026-08-13,724.3952036143359,733.1960306989878,723.276374318815,731.3079833984375,31599700
2026-08-14,732.6465510961883,733.6255724540374,727.561883529615,730.3090209960938,23790600
2026-08-17,732.1870404067878,733.8153485193716,728.5108784569633,729.1102294921875,26452600
2026-08-18,719.4603242061223,721.3783085230132,715.1747508308598,716.7631225585938,48997200
2026-08-19,719.6401056796244,720.7489355626859,711.8681752092583,715.3345947265625,35801700
2026-08-20,711.3487680341726,714.1957769031727,707.782476952734,710.18994140625,33396400
2026-08-21,714.485502546953,714.9250469928722,708.46181083734,712.6973876953125,33399400
2026-08-24,708.9212669826352,709.0511365395006,701.9685508753718,705.5847778320312,37443100
2026-08-25,710.4796431110551,713.2967150154067,706.713608864013,709.9801635742188,23869600
2026-08-26,707.6725757719001,712.2778234739277,707.2330313373777,710.6295166015625,20392400
2026-08-27,716.1837333189847,720.5991154262211,713.7862680851495,720.359375,28723500
2026-08-28,718.9908173393685,723.3762624487671,714.3456940785237,715.6842651367188,34105400
2026-08-31,714.425544259608,716.8330697733344,712.4176267643429,716.013916015625,32237200
2026-09-01,706.6536415906066,711.5585035915489,703.9264419829226,706.9033813476562,35236100
2026-09-02,706.3639219777956,709.0611236151823,704.3660038718234,708.501708984375,23476200
2026-09-03,710.1100046716628,718.1716113897015,708.9512390201578,716.9229125976562,29449800
2026-09-04,718.601156571467,721.1085535017505,715.8140828169636,718.2116088867188,32871100
2026-09-08,720.1595771602128,721.1385985378392,714.8251697161986,717.6122436523438,28341400
2026-09-09,715.6543252365607,718.9508780796424,713.276797695489,715.5643920898438,26763400
2026-09-10,706.8135035284996,711.3188188537567,706.1242193062288,707.9523315429688,31414400
2026-09-11,714.9350193188371,716.8830016980755,712.8871654213293,714.1358642578125,26649100
2026-09-14,702.597886401324,712.2078675940699,702.0084737337293,708.4417724609375,35219000
2026-09-15,708.062154852668,708.7914364120502,702.9075530374577,703.8065795898438,26631700
2026-09-16,707.2630040952242,711.138970068843,699.2713317325664,703.9863891601562,35688000
2026-09-17,715.2047450412119,717.2925353145212,712.577477858311,716.1737060546875,37270300
2026-09-18,718.08176775015,720.9787124798182,714.3356712251818,720.6990356445312,48478700
2026-09-21,727.8900146484375,743.219970703125,727.8099975585938,741.469970703125,46730600
2026-09-22,740.97998046875,748.3499755859375,740.9299926757812,747.4600219726562,40128800
2026-09-23,746.969970703125,747.1300048828125,738.1900024414062,741.2100219726562,33191800
2026-09-24,735.2899780273438,742.6599731445312,734.6199951171875,741.0999755859375,29000900
2026-09-25,742.8300170898438,745.9199829101562,739.6400146484375,744.5,30283800
2026-09-28,740.4600219726562,741.4199829101562,731.6300048828125,736.530029296875,41775000
2026-09-29,740.1500244140625,740.5800170898438,735.3400268554688,737.9299926757812,27052300
2026-09-30,740.1900024414062,745.0999755859375,739.4600219726562,739.77001953125,29820400
2026-10-01,742.510009765625,744.6699829101562,736.25,742.030029296875,35728900
2026-10-02,751.3099975585938,754.5399780273438,747.530029296875,749.5800170898438,34498900
2026-10-05,749.3499755859375,756.9199829101562,749.0800170898438,756.2000122070312,25603200
2026-10-06,760.52001953125,762.8599853515625,759.0999755859375,759.6599731445312,26513600
2026-10-07,753.7899780273438,758.2999877929688,751.75,757.72998046875,25467900
2026-10-08,753.969970703125,757.1799926757812,743.22998046875,747.5800170898438,49694800
2026-10-09,752.5499877929688,752.8699951171875,748.3699951171875,751.27001953125,21122000
