Date,Open,High,Low,Close,Volume
2002-07-30,50.94046393552051,50.94674012878717,50.865106497435576,50.87138748168945,95300
2002-07-31,50.97187349966456,51.0597881398046,50.95931631863965,51.02839279174805,38800
2002-08-01,51.07229263038269,51.147645213700564,51.07229263038269,51.128807067871094,86800
2002-08-02,51.15396690654161,51.267000662466174,51.11629058489575,51.22932434082031,83400
2002-08-05,51.260659596512944,51.323459780297995,51.22298331902701,51.31089782714844,93100
2002-08-06,51.248147773798536,51.248147773798536,51.14767122363551,51.18535232543945,58200
2002-08-07,51.23555440080714,51.29835460165367,51.20415909136654,51.26067352294922,127000
2002-08-08,51.248147773798536,51.25442875593013,51.1602331878987,51.18535232543945,111800
2002-08-09,51.16652260437044,51.216756096746884,51.15396063803654,51.19791793823242,50900
2002-08-12,51.18535131141976,51.22302762149169,51.16023217437663,51.191627502441406,52300
2002-08-13,51.235590371866614,51.29210963411254,51.16651872621099,51.2795524597168,36200
2002-08-14,51.2983451624155,51.3109023256846,51.153911434420976,51.166473388671875,108700
2002-08-15,51.10376521950848,51.20424187051201,51.05353168499714,51.12260818481445,87700
2002-08-16,51.20419355077412,51.21047453328229,51.05975969900171,51.09115982055664,274500
2002-08-19,51.12257321661413,51.135130393905165,51.059772957197545,51.09745407104492,36000
2002-08-20,51.18534051839904,51.22301682052649,51.15394040596983,51.21673583984375,51400
2002-08-21,51.15398669151012,51.20422500046006,51.12886753703515,51.17282485961914,43100
2002-08-22,51.179078874347525,51.179078874347525,51.10372145063636,51.11628341674805,47700
2002-08-23,51.166542856303394,51.191657216938786,51.14142370467971,51.179100036621094,60900
2002-08-26,51.17282485961914,51.210505986826014,51.14770570514417,51.17282485961914,49700
2002-08-27,51.116301300559996,51.14769664485072,51.08490116528129,51.13513946533203,54700
2002-08-28,51.18538683235104,51.19794401409411,51.15398669151012,51.17282485961914,50600
2002-08-29,51.267000662466174,51.267000662466174,51.21048617999738,51.22932434082031,53700
2002-08-30,51.26074138630554,51.26074138630554,51.19166490671113,51.24818420410156,143800
2002-09-03,51.338086966227955,51.438722716844985,51.331795732187665,51.36953353881836,83000
2002-09-04,51.36956547876813,51.40730810767151,51.325536410721284,51.3506965637207,49500
2002-09-05,51.382173208657974,51.40733337402344,51.35072180224843,51.40733337402344,49000
2002-09-06,51.29410109211285,51.331838930501824,51.28151861344348,51.306678771972656,33700
2002-09-09,51.275176002484486,51.306627368837816,51.23114696887268,51.2374382019043,65200
2002-09-10,51.22489564934101,51.287793626359516,51.212313174652486,51.268924713134766,51000
2002-09-11,51.1997004013241,51.23743820190429,51.17454026800239,51.2374382019043,24700
2002-09-12,51.25004454390061,51.29407359802429,51.23746207197556,51.27519989013672,50100
2002-09-13,51.2940621559195,51.31921749654425,51.27518845224206,51.312931060791016,95100
2002-09-16,51.331824283920014,51.331824283920014,51.28779521875923,51.29408645629883,39000
2002-09-17,51.27519466258419,51.33809741818246,51.250039318912684,51.33180618286133,28800
2002-09-18,51.35059955859509,51.38833731740051,51.325439453125,51.325439453125,173700
2002-09-19,51.42616290340281,51.43244934082031,51.36326493757749,51.43244934082031,191100
2002-09-20,51.41358344374267,51.44503482790194,51.38842329617674,51.438743591308594,360800
2002-09-23,51.463932661916715,51.48280158349374,51.419903578633594,51.45135498046875,263600
2002-09-24,51.49533702101652,51.53936606407762,51.438725509191805,51.476463317871094,659400
2002-09-25,51.445004916847566,51.47016504978494,51.3883934180373,51.4261360168457,240400
2002-09-26,51.4261346100358,51.46387240900717,51.38210557830102,51.445003509521484,81100
2002-09-27,51.48277078785303,51.55195999145508,51.45761064119707,51.55195999145508,136200
2002-09-30,51.59598621026101,51.65888417403742,51.57711730100879,51.627437591552734,216900
2002-10-01,51.59590093827887,51.652590499101834,51.55180264986656,51.56440353393555,94100
2002-10-02,51.58332353403446,51.62111659178585,51.54553047628308,51.6085205078125,79400
2002-10-03,51.589644477391914,51.63373799756561,51.526654420834234,51.61484146118164,196500
2002-10-04,51.50777918405081,51.608567170291586,51.50148353928754,51.57077407836914,205600
2002-10-07,51.63376235961914,51.63376235961914,51.57706791788415,51.63376235961914,171600
2002-10-08,51.55815414799346,51.65264164876164,51.55815414799346,51.583351135253906,167100
2002-10-09,51.64635522276738,51.69044876098633,51.602261684548445,51.69044876098633,332800
2002-10-10,51.67155688059493,51.70305432752356,51.60856679257331,51.64006423950195,166200
2002-10-11,51.62113748744701,51.62113748744701,51.52665480482302,51.55814743041992,407000
2002-10-14,51.53927663120998,51.57706972313242,51.53927663120998,51.57077407836914,54500
2002-10-15,51.444782626315494,51.463679169900445,51.362896002168995,51.375492095947266,100800
2002-10-16,51.43214982525706,51.44474591004547,51.3691597896517,51.394351959228516,51300
2002-10-17,51.35026931762696,51.381766745009216,51.32507714272037,51.35026931762695,239200
2002-10-18,51.33136192362315,51.394351959228516,51.28097277863786,51.394351959228516,100600
2002-10-21,51.375488570816835,51.38178902019121,51.25580886771226,51.281005859375,595800
2002-10-22,51.31874787850299,51.325048321608016,51.255757864942616,51.274654388427734,325800
2002-10-23,51.33764356041538,51.38803749276956,51.29355007106294,51.31244659423828,126700
2002-10-24,51.34392233184327,51.42580883298321,51.337621891500845,51.400611877441406,69400
2002-10-25,51.46991115977189,51.51400463809991,51.43841856429685,51.488807678222656,56000
2002-10-28,51.583344414397416,51.58964486185011,51.54555134134782,51.55814743041992,31100
2002-10-29,51.61481920435568,51.70930184553371,51.60851875966675,51.6715087890625,25000
2002-10-30,51.658968483983244,51.71565812990037,51.63377148385239,51.66526412963867,28800
2002-10-31,51.67150372512942,51.75969071880716,51.64630675467424,51.753395080566406,153700
2002-11-01,51.71745546448286,51.74899915108766,51.648052614876875,51.69852828979492,50300
2002-11-04,51.641699596311085,51.67324807066557,51.6290830947421,51.64801025390625,255200
2002-11-05,51.66698054412644,51.66698054412644,51.59757769350687,51.64174270629883,342100
2002-11-06,51.635414331474,51.73005498745757,51.61018131592719,51.66065216064453,176100
2002-11-07,51.67330038629244,51.685916900634766,51.635441216013,51.685916900634766,39900
2002-11-08,51.64805356837084,51.67960206918337,51.62912639333347,51.6669807434082,27800
2002-11-11,51.654383679359114,51.71747589111328,51.64807301409554,51.71747589111328,83800
2002-11-12,51.69855120907904,51.73640557523673,51.69224054351029,51.73009490966797,50300
2002-11-13,51.6985233702907,51.761615551121906,51.6985233702907,51.73637771606445,46400
2002-11-14,51.6985595699254,51.6985595699254,51.6102294921875,51.6102294921875,30900
2002-11-15,51.610184920923075,51.63541793823242,51.578636428850295,51.63541793823242,27500
2002-11-18,51.610184920923075,51.648039260511155,51.591252937504976,51.63541793823242,27300
2002-11-19,51.64174516903103,51.648055832195226,51.5975801541329,51.62281799316406,22400
2002-11-20,51.66068607544318,51.66068607544318,51.54711817643129,51.57866668701172,19400
2002-11-21,51.53449992985241,51.55973777474389,51.502951420331385,51.50926208496094,72500
2002-11-22,51.52185534658235,51.534471855341614,51.49030685424804,51.49030685424805,43400
2002-11-25,51.49662800844145,51.55340952986415,51.4903173459639,51.52186584472656,49100
2002-11-26,51.559715523513894,51.62280770170102,51.54078835142022,51.61649703979492,28500
2002-11-27,51.56601924793342,51.56601924793342,51.490305756120264,51.528160095214844,542100
2002-11-29,51.55970879340659,51.55970879340659,51.52816030161874,51.55339813232422,69100
2002-12-02,51.496501854488706,51.58496171741702,51.445951984043674,51.57232666015625,74100
2002-12-03,51.59765142701811,51.59765142701811,51.547101507753304,51.591331481933594,88900
2002-12-04,51.629248565332794,51.65452352841861,51.572383513919426,51.622928619384766,220000
2002-12-05,51.603940744774285,51.67976558575223,51.57866579778164,51.6671257019043,122300
2002-12-06,51.75563871264917,51.75563871264917,51.67349385310943,51.71772384643555,470600
2002-12-09,51.74930932837855,51.761944401007284,51.71139446907868,51.73035430908203,83500
2002-12-10,51.74926252244945,51.755582463401,51.698712636241964,51.7239875793457,32500
2002-12-11,51.74295930165863,51.787189261206976,51.73663935866485,51.76823425292969,108700
2002-12-12,51.736631958935924,51.812456801904105,51.73031683754942,51.78718185424805,41200
2002-12-13,51.76192934996063,51.787204308575625,51.736654391345645,51.74929428100586,91600
2002-12-16,51.76821752460163,51.76821752460163,51.70503257719352,51.7239875793457,36500
2002-12-17,51.761930575128495,51.77457046508788,51.73034049164112,51.77457046508789,47200
2002-12-18,51.831422129829896,51.85669708251953,51.80614717714026,51.85669708251953,275400
2002-12-19,51.850369177587446,51.91355895996094,51.837734113534886,51.91355895996094,419200
2002-12-20,51.88827133178711,51.9072263335859,51.856676448320854,51.88827133178711,46800
2002-12-23,51.88193434016005,51.894569396972656,51.85665940583403,51.894569396972656,49100
2002-12-24,51.964127379298574,51.970447324515575,51.93885241913631,51.95149230957031,73300
2002-12-26,51.95780887368099,51.98939895629882,51.93253391516347,51.98939895629883,24800
2002-12-27,52.03361533425797,52.05889028617217,52.002025259893344,52.05257034301758,45600
2002-12-30,52.03995916710913,52.0778692020315,52.027319274997424,52.05891418457031,101400
2002-12-31,52.064624218425465,52.10259832809098,52.051962962634136,52.09626770019531,207600
2003-01-02,52.001279783668,52.013936197792646,51.8746914981748,51.90000915527344,323800
2003-01-03,51.86206735003803,51.9063720703125,51.84308030261359,51.9063720703125,55100
2003-01-06,51.86839090194798,51.88738277740287,51.81776038729136,51.87472152709961,133000
2003-01-07,51.86203964569678,51.937987794823556,51.85570902365296,51.91267013549805,99900
2003-01-08,51.96331228181117,51.98862994446327,51.944325242034694,51.95698165893555,85000
2003-01-09,51.92535994497676,51.92535994497676,51.84308112854261,51.86206817626953,120500
2003-01-10,51.93799693688564,51.93799693688564,51.862048774390566,51.931671142578125,43700
2003-01-13,51.91270242455572,51.93802009962851,51.8810589523543,51.91903305053711,71500
2003-01-14,51.963325023596504,51.96965564802444,51.92535093473203,51.93800735473633,40700
2003-01-15,51.96331228181117,52.007616984239746,51.95698165893555,51.95698165893555,199300
2003-01-16,51.95698391524634,51.98863220214844,51.912679210893764,51.98863220214844,31300
2003-01-17,52.032932338726475,52.03926296132127,51.97597122192383,51.97597122192383,40300
2003-01-21,52.00130203557407,52.045606747242815,51.982310162986266,52.039276123046875,92800
2003-01-22,52.02663515221253,52.07727050781251,52.02663515221253,52.0772705078125,48100
2003-01-23,52.026612833967675,52.07091754389861,52.026612833967675,52.04560470581055,49700
2003-01-24,52.06459379097921,52.08991145891155,52.039276123046875,52.039276123046875,134500
2003-01-27,52.05826316678328,52.07091958632374,52.02028907931047,52.039276123046875,333200
2003-01-28,52.04561893584004,52.058275358344524,52.00764001062152,52.051944732666016,1039400
2003-01-29,52.06459535630455,52.070921151839265,51.988642350224005,52.00762939453125,27400
2003-01-30,52.00132053483572,52.07093811035156,51.99498990838769,52.07093811035156,138300
2003-01-31,52.077237466336044,52.077237466336044,52.02660214286269,52.058250427246094,136600
2003-02-03,52.03413288620854,52.046812932717984,52.008782465231235,52.02779769897461,94800
2003-02-04,52.08488082885742,52.091220856668144,52.05319036185235,52.08488082885742,85700
2003-02-05,52.084906522657384,52.10392177944562,52.04053597814261,52.06589126586914,27300
2003-02-06,52.10388844405887,52.110228470940896,52.07219798169583,52.09121322631836,66400
2003-02-07,52.07854766985628,52.14193344236483,52.05319239364796,52.13559341430664,70100
2003-02-10,52.129255166589985,52.135595194864706,52.07220942019137,52.097564697265625,60900
2003-02-11,52.05953800064102,52.12292862185587,52.05953800064102,52.1165885925293,59000
2003-02-12,52.12927727642278,52.167312626178585,52.12294208148571,52.160972595214844,77900
2003-02-13,52.16726127175565,52.21796696146998,52.14824119758813,52.205291748046875,63500
2003-02-14,52.160972595214844,52.186327883043155,52.13561730738653,52.160972595214844,152100
2003-02-18,52.12928770897237,52.14830296964243,52.09759721986482,52.1419677734375,155900
2003-02-19,52.15460967752355,52.18630498240693,52.13559442900334,52.16728973388672,76800
2003-02-20,52.15460790036219,52.205318452037815,52.15460790036219,52.198978424072266,50000
2003-02-21,52.17362874478504,52.20532405198829,52.14827346622742,52.15461349487305,76400
2003-02-24,52.192660271606,52.199000302228846,52.1609697905446,52.17998504638672,103100
2003-02-25,52.21798603940384,52.24334131153556,52.19263076727213,52.21165084838867,84200
2003-02-26,52.23068237088766,52.23702239990235,52.20532709085412,52.237022399902344,151800
2003-02-27,52.23068237088766,52.23702239990235,52.19264703282475,52.237022399902344,57400
2003-02-28,52.21165009693339,52.26235580444336,52.1862948251666,52.26235580444336,57100
2003-03-03,52.21604132080808,52.27951431274414,52.21604132080808,52.27951431274414,47900
2003-03-04,52.25408474922858,52.30486116568735,52.25408474922858,52.27312469482422,51400
2003-03-05,52.32391799734849,52.3493062137712,52.298529780925776,52.317569732666016,60200
2003-03-06,52.34301056354413,52.34301056354413,52.28588580859523,52.33666229248047,69100
2003-03-07,52.41279743781921,52.41279743781921,52.34932928993853,52.38740921020508,149300
2003-03-10,52.393796571582726,52.444568222385215,52.393796571582726,52.43822479248047,64900
2003-03-11,52.419163150736104,52.42551142091614,52.38108321427861,52.39377975463867,75400
2003-03-12,52.3493160612947,52.387395971938474,52.336619529541395,52.35565948486328,59800
2003-03-13,52.27315945683233,52.29219941508968,52.19699478149414,52.19699478149414,68100
2003-03-14,52.2414353925231,52.28586358646215,52.22874369810193,52.24778366088867,338700
2003-03-17,52.33027952574514,52.33027952574514,52.165263325363426,52.184303283691406,133700
2003-03-18,52.18427877912751,52.22870694179994,52.1271540886592,52.13985061645508,126800
2003-03-19,52.17159492150895,52.17159492150895,52.12082332491496,52.127166748046875,62700
2003-03-20,52.15890301109408,52.203331184367194,52.12082310323362,52.19063949584961,93200
2003-03-21,52.13350717619954,52.13985544068485,52.05734252929687,52.057342529296875,131400
2003-03-24,52.158939162060896,52.19067566881276,52.152590892248305,52.171630859375,54800
2003-03-25,52.21605906344096,52.21605906344096,52.120859227807514,52.171630859375,31000
2003-03-26,52.16526049933733,52.235076904296875,52.16526049933733,52.235076904296875,62600
2003-03-27,52.26047535530984,52.27952016040655,52.22239542973636,52.24778366088867,47700
2003-03-28,52.31122146798355,52.31756973266602,52.27314156450306,52.317569732666016,88700
2003-03-31,52.362007750739934,52.38104770606182,52.33027126366475,52.35565948486328,86900
2003-04-01,52.32511904695601,52.36960759649405,52.29969632595024,52.34418487548828,41300
2003-04-02,52.29342431612209,52.306138121706134,52.24893569437016,52.28706741333008,171700
2003-04-03,52.267956399264556,52.33786772289168,52.267956399264556,52.31880187988281,298000
2003-04-04,52.3378584622945,52.35692430192988,52.299726783023736,52.30608367919922,71700
2003-04-07,52.22348083117283,52.27432632446289,52.20441498341234,52.27432632446289,83600
2003-04-08,52.2679471683167,52.32514953613281,52.2679471683167,52.32514953613281,116800
2003-04-09,52.29973225416309,52.356929779052734,52.29337535732261,52.356929779052734,164800
2003-04-10,52.32520398118609,52.35062674345807,52.28706741333008,52.28706741333008,32100
2003-04-11,52.24251073736499,52.28699930116346,52.21073596258881,52.26158142089844,270100
2003-04-14,52.210779483246654,52.22984533378279,52.17899983309054,52.21713638305664,261700
2003-04-15,52.236186993161276,52.27431868310825,52.210764250232494,52.255252838134766,91500
2003-04-16,52.217092857099956,52.27429036103095,52.217092857099956,52.26158142089844,101300
2003-04-17,52.287042885391195,52.29339978520119,52.210779483246654,52.21713638305664,106800
2003-04-21,52.217176132801434,52.24895095825195,52.185396458453404,52.24895095825195,37800
2003-04-22,52.27434862881584,52.28705758311443,52.22986001542797,52.24256896972656,225400
2003-04-23,52.28067779541015,52.28702984474208,52.2425412549555,52.280677795410156,145700
2003-04-24,52.312454234185694,52.35059077583989,52.306102184653966,52.331520080566406,45300
2003-04-25,52.350564699029746,52.38869637279707,52.33149401325573,52.38233947753906,346200
2003-04-28,52.382364556841225,52.39507835344427,52.337875966515924,52.36965560913086,164700
2003-04-29,52.3442338774154,52.35694282537162,52.312454234185694,52.331520080566406,68200
2003-04-30,52.36328409547624,52.4459043547648,52.35057515131312,52.439552307128906,81600
2003-05-01,52.465030430477704,52.49049329503743,52.42683856191052,52.43956756591797,90700
2003-05-02,52.458667034136056,52.458667034136056,52.38227844238281,52.38227844238281,68400
2003-05-05,52.38227169932381,52.42683049130773,52.363175767979854,52.42046356201172,120700
2003-05-06,52.388616516934164,52.496829986572266,52.34405774375718,52.496829986572266,107400
2003-05-07,52.49684588960527,52.50957489013672,52.4650161034614,52.50957489013672,48200
2003-05-08,52.51596447394745,52.51596447394745,52.45230973074269,52.484134674072266,81900
2003-05-09,52.45863788571051,52.49682973209364,52.44590403255479,52.47136688232422,213900
2003-05-12,52.49684588960527,52.52867081920564,52.471383031998876,52.50957489013672,94800
2003-05-13,52.496829986572266,52.496829986572266,52.458638140004005,52.496829986572266,62600
2003-05-14,52.51597277419201,52.55416465484204,52.496876833867,52.52870178222656,50500
2003-05-15,52.47774996053635,52.52867081920564,52.47774996053635,52.50957489013672,107600
2003-05-16,52.53506472875895,52.57962353831883,52.5096018580753,52.56689453125,50000
2003-05-19,52.624148624755286,52.624148624755286,52.57958984375,52.57958984375,68700
2003-05-20,52.56049486314323,52.64961242675781,52.56049486314323,52.64961242675781,104800
2003-05-21,52.560493917111,52.63688248020987,52.560493917111,52.57958984375,40400
2003-05-22,52.62417960519641,52.62417960519641,52.57962079795886,52.598716735839844,45500
2003-05-23,52.611434736703785,52.62416373927147,52.57960494546817,52.617801666259766,48400
2003-05-27,52.61781753026658,52.630546536671986,52.57325386648328,52.598716735839844,79100
2003-05-28,52.58601063136428,52.636936392256274,52.57964369711581,52.63056945800781,51200
2003-05-29,52.636883427617,52.6623462824416,52.61142057279241,52.64961242675781,57400
2003-05-30,52.63056945800781,52.636936392256274,52.59237756561274,52.63056945800781,191900
2003-06-02,52.60951696700243,52.62863765116651,52.58402110050389,52.60314178466797,100300
2003-06-03,52.647764608594606,52.730627400298225,52.62864392215219,52.70513153076172,52700
2003-06-04,52.76248610212542,52.76248610212542,52.71786955247841,52.74974060058594,104100
2003-06-05,52.74333032160883,52.77520134850854,52.692338623703684,52.71783447265625,96100
2003-06-06,52.6605149747828,52.711501851015925,52.647764608594606,52.70513153076172,156100
2003-06-09,52.75605910356449,52.775184631347656,52.72419294959472,52.775184631347656,105900
2003-06-10,52.80709996057647,52.83259582519531,52.77523377693214,52.83259582519531,49100
2003-06-11,52.82614332816788,52.82614332816788,52.78152684609434,52.79427719116211,147300
2003-06-12,52.80708171642968,52.85169824838849,52.78158586061932,52.826202392578125,208400
2003-06-13,52.85171366885867,52.88995989515189,52.81984748692613,52.87083435058594,115700
2003-06-16,52.858048114202624,52.864423290811445,52.78793576001044,52.80705642700195,141300
2003-06-17,52.77521116326525,52.77521116326525,52.71784427674428,52.730594635009766,163700
2003-06-18,52.73060630582934,52.77522284395975,52.71785594474182,52.736976623535156,106600
2003-06-19,52.781577244474484,52.81982345336529,52.749711077041376,52.7879524230957,145300
2003-06-20,52.775184631347656,52.8006756093897,52.75605910356449,52.775184631347656,87900
2003-06-23,52.80708171642968,52.826202392578125,52.78158586061932,52.826202392578125,84900
2003-06-24,52.85170200183123,52.87082267933759,52.81983582693315,52.86445236206055,211300
2003-06-25,52.92178592261243,52.92816109929724,52.724199210898284,52.756065368652344,818400
2003-06-26,52.74976704906438,52.74976704906438,52.62228765555595,52.6605339050293,177200
2003-06-27,52.67963110295262,52.67963110295262,52.59676831841897,52.673255920410156,137300
2003-06-30,52.64134692579853,52.724209650603385,52.64134692579853,52.71783447265625,225300
2003-07-01,52.693573627511185,52.77015560142295,52.68081239961222,52.71910095214844,105900
2003-07-02,52.680851129133465,52.75105010628445,52.6553237857292,52.744667053222656,72100
2003-07-03,52.76377298405882,52.76377298405882,52.687191009521484,52.687191009521484,160900
2003-07-07,52.68718062856503,52.68718062856503,52.648892083260044,52.67441940307617,109500
2003-07-08,52.66167832173556,52.69358870387196,52.62977280843988,52.65530014038086,108700
2003-07-09,52.65531051276226,52.69998213524849,52.65531051276226,52.66807174682617,66600
2003-07-10,52.67448758921317,52.71915923950841,52.67448758921317,52.71277618408203,282900
2003-07-11,52.67445877119811,52.751040787882786,52.67445877119811,52.73189163208008,47700
2003-07-14,52.73186261079175,52.74462870763433,52.68081282993957,52.687191009521484,134100
2003-07-15,52.680804999145266,52.69994927272404,52.591461809885246,52.62336730957031,136700
2003-07-16,52.57235352555132,52.64255249578968,52.56597534196051,52.629791259765625,104100
2003-07-17,52.61065505336082,52.62979934475906,52.57874465513497,52.5978889465332,84900
2003-07-18,52.61701798248506,52.62978408561135,52.57234635922658,52.591495513916016,116000
2003-07-21,52.5595930389884,52.58512038024294,52.48939406774906,52.50215530395508,96000
2003-07-22,52.534116495980655,52.559643861919064,52.508589130042246,52.553260803222656,146900
2003-07-23,52.60428940770289,52.62981676096243,52.57876205444337,52.57876205444336,221600
2003-07-24,52.546803145155614,52.59785780455142,52.546803145155614,52.572330474853516,111900
2003-07-25,52.57236160172116,52.62979934475906,52.57236160172116,52.5978889465332,86500
2003-07-28,52.52769470214844,52.56598815724118,52.52131651700267,52.52769470214844,86400
2003-07-29,52.52131805338088,52.61066133647141,52.463880303483386,52.48302459716797,120500
2003-07-30,52.51492797519737,52.572360848569296,52.50216186855264,52.508544921875,59000
2003-07-31,52.483027819087255,52.50217211394709,52.349012886224315,52.45112228393555,130700
2003-08-01,52.33094887886687,52.458739231484685,52.31816691867141,52.39484405517578,276500
2003-08-04,52.382129681532625,52.50352919939169,52.382129681532625,52.477970123291016,127300
2003-08-05,52.4971086665103,52.4971086665103,52.330977218228604,52.38209533691406,124500
2003-08-06,52.356539971727535,52.458771341419556,52.356539971727535,52.43321228027344,80000
2003-08-07,52.47155457864988,52.49072265625001,52.4076544867927,52.49072265625,99100
2003-08-08,52.52264707393246,52.56098808887554,52.48431093388003,52.50347900390625,187100
2003-08-11,52.484330402565675,52.484330402565675,52.41404420313696,52.43321228027344,84800
2003-08-12,52.45874504488181,52.52903120907745,52.426799890631976,52.522640228271484,46100
2003-08-13,52.452343860193544,52.465125819318935,52.39483966879649,52.4203987121582,83200
2003-08-14,52.37570863797114,52.420435776756804,52.35654056061906,52.40765380859375,134600
2003-08-15,52.45876860857449,52.52266382066493,52.426823439975365,52.44599151611328,21100
2003-08-18,52.47152904038805,52.47152904038805,52.401242873467986,52.439579010009766,134100
2003-08-19,52.42041574216243,52.50347900390625,52.382079602110004,52.50347900390625,88900
2003-08-20,52.48431699802218,52.50987605264049,52.433198888785554,52.46514892578125,81200
2003-08-21,52.44596350985183,52.45874059549004,52.31816827902168,52.38845443725586,99200
2003-08-22,52.318185183724424,52.40763943676459,52.318185183724424,52.375694274902344,174500
2003-08-25,52.394885837979515,52.4012768231738,52.33738159591104,52.35015869140625,77100
2003-08-26,52.343758592456005,52.40765380859375,52.31819953102241,52.40765380859375,350400
2003-08-27,52.41406782544104,52.41406782544104,52.33100449544999,52.356563568115234,43300
2003-08-28,52.40765321912732,52.465162325429205,52.38848514199084,52.43321228027344,91000
2003-08-29,52.43957304523651,52.43957304523651,52.388454952401794,52.426795959472656,156800
2003-09-02,52.37116213831403,52.403152340018075,52.345570953154684,52.35836410522461,378800
2003-09-03,52.36474214143533,52.39673233032227,52.351948994491075,52.396732330322266,117700
2003-09-04,52.42236064489231,52.492735205487804,52.4095626078635,52.46714401245117,79900
2003-09-05,52.60146070995359,52.6526430635229,52.55667737083491,52.646244049072266,66800
2003-09-08,52.60790091972458,52.71665984546109,52.58230972290039,52.58230972290039,194400
2003-09-09,52.63985428556462,52.671844482421875,52.5886719230005,52.671844482421875,102100
2003-09-10,52.684646179568276,52.72942953382238,52.659054994134564,52.70383834838867,91000
2003-09-11,52.66543960571289,52.6910307841469,52.652646457004984,52.66543960571289,75800
2003-09-12,52.74865428933213,52.77424549057539,52.69747676786816,52.710269927978516,222200
2003-09-15,52.71663784811337,52.76782022040461,52.68464764517643,52.76142120361328,66200
2003-09-16,52.78058489370694,52.78058489370694,52.710210390033964,52.767791748046875,102200
2003-09-17,52.76142120361328,52.79980554232188,52.72943100067634,52.76142120361328,86400
2003-09-18,52.74865428933213,52.74865428933213,52.68467872673526,52.710269927978516,192800
2003-09-19,52.70387090741207,52.723067969111426,52.66548654605845,52.710269927978516,59500
2003-09-22,52.69743820556789,52.73582253883308,52.646255840534984,52.72942352294922,86700
2003-09-23,52.71022019655622,52.742210388183594,52.67823000492884,52.742210388183594,265000
2003-09-24,52.72304582766513,52.78702136339499,52.69745463716909,52.77422332763672,62400
2003-09-25,52.77419867187802,52.79978985041804,52.74860749333801,52.78059768676758,103100
2003-09-26,52.79342591579497,52.84460830688476,52.76783960127154,52.844608306884766,76100
2003-09-29,52.8381618857482,52.85095991255006,52.7997775673768,52.8189697265625,159300
2003-09-30,52.85738272713564,52.92775726318359,52.83179154302554,52.927757263183594,92900
2003-10-01,52.91689004625706,52.9553175953445,52.904077605551656,52.93610382080078,115000
2003-10-02,52.872056276816906,52.94251004115348,52.8592438361115,52.93610382080078,93500
2003-10-03,52.80158615112305,52.820799919713096,52.76315372743008,52.80158615112305,134300
2003-10-06,52.76312497480963,52.84639110867548,52.76312497480963,52.83998489379883,98900
2003-10-07,52.83997055342455,52.83997055342455,52.77592308157066,52.78873062133789,171400
2003-10-08,52.77592308157066,52.8335643402865,52.77592308157066,52.78873062133789,71900
2003-10-09,52.75034150381085,52.78236770629883,52.74393528601077,52.78236770629883,143600
2003-10-10,52.827215973056155,52.833617306102674,52.7823822091616,52.81440353393555,212200
2003-10-13,52.80796927544596,52.82078170776367,52.77594796767405,52.82078170776367,165500
2003-10-14,52.75678472708485,52.78880606552129,52.737566060203946,52.76959228515625,59900
2003-10-15,52.71190777344348,52.72471532102561,52.68628779176736,52.705501556396484,82300
2003-10-16,52.731088146374525,52.737489472856055,52.564560814188276,52.58377456665039,121800
2003-10-17,52.59661496497681,52.647850036621094,52.570994985898984,52.647850036621094,118200
2003-10-20,52.60941354981414,52.67986725864929,52.58379357510041,52.65424728393555,185700
2003-10-21,52.686274611873436,52.699082156251656,52.641440876783705,52.66706085205078,126400
2003-10-22,52.68628103280041,52.750328535518314,52.660661054411,52.724708557128906,95300
2003-10-23,52.718315393798875,52.7375291607204,52.66708031084564,52.7119140625,102000
2003-10-24,52.743902314846615,52.7823347111099,52.71188101888816,52.77592849731445,70700
2003-10-27,52.743961824971585,52.75036804599506,52.711940492884,52.71834182739258,120100
2003-10-28,52.67985791651731,52.82076530919938,52.66064416051696,52.807952880859375,97600
2003-10-29,52.763158503530185,52.840018471360594,52.73753851425339,52.75035095214844,216500
2003-10-30,52.69909533934949,52.72471532102561,52.67347535767337,52.705501556396484,117500
2003-10-31,52.7247216116102,52.74393537853172,52.69910162687736,52.7119140625,73900
2003-11-03,52.67406608789155,52.699720671338845,52.635586659276356,52.68048095703125,378300
2003-11-04,52.686879999716815,52.725359416773294,52.686879999716815,52.71894454956055,89900
2003-11-05,52.718933489552114,52.72534835541908,52.64197467158449,52.66762924194336,309100
2003-11-06,52.6034980055163,52.629152579599236,52.59067316502968,52.60991287231445,120900
2003-11-07,52.53938600356004,52.577870327344215,52.52014628822382,52.565040588378906,81900
2003-11-10,52.5906713671478,52.609911073774846,52.53295224726667,52.57784652709961,180300
2003-11-11,52.52653738068782,52.58425650056895,52.52012251410896,52.57784652709961,167300
2003-11-12,52.59708803182783,52.60991287231445,52.577848324543055,52.60991287231445,66200
2003-11-13,52.68691194755014,52.72539138793945,52.654842485150404,52.72539138793945,83800
2003-11-14,52.7510522627908,52.78953170776367,52.71898279657104,52.78953170776367,110200
2003-11-17,52.80876449623253,52.847248829265794,52.79593964729671,52.82159423828125,93000
2003-11-18,52.77026745185932,52.82799148559571,52.75102773831762,52.8279914855957,102300
2003-11-19,52.840786361316994,52.8472012265631,52.73175811767578,52.73175811767578,125300
2003-11-20,52.83443450927735,52.83443450927735,52.75747560697278,52.834434509277344,102200
2003-11-21,52.815181732177734,52.866490916444306,52.80235688266766,52.815181732177734,111100
2003-11-24,52.78307506333968,52.78948503642572,52.725351053800786,52.744590759277344,99300
2003-11-25,52.76385713766491,52.81516630694609,52.738207446136016,52.80234146118164,165400
2003-11-26,52.7638304647539,52.78307506333968,52.71893618760553,52.744590759277344,150100
2003-11-28,52.69331069531063,52.69331069531063,52.66124124272365,52.68048095703125,57800
2003-12-01,52.62135949766733,52.62777790774233,52.569982819769244,52.60851287841797,158100
2003-12-02,52.6406591478183,52.66634750366212,52.5764407079852,52.66634750366211,220300
2003-12-03,52.66634469182513,52.69203304629745,52.602126255420636,52.62139129638672,254000
2003-12-04,52.647095620541585,52.68562571416126,52.62140725827709,52.67277908325195,76600
2003-12-05,52.81408289862697,52.85903632495668,52.7755527902175,52.83977127075195,105300
2003-12-08,52.83977377252833,52.83977377252833,52.77555528895336,52.781978607177734,110300
2003-12-09,52.82690486309863,52.85259322322656,52.68562133217187,52.749839782714844,92300
2003-12-10,52.801187970255825,52.8204530050529,52.75623458921229,52.814029693603516,489600
2003-12-11,52.79480265265275,52.936086208907625,52.76911428791963,52.92324447631836,214900
2003-12-12,52.94895339465284,52.97464177173465,52.88473490172678,52.910423278808594,113700
2003-12-15,52.897560119628906,52.929666903312096,52.852606702828474,52.897560119628906,139300
2003-12-16,53.12645782656631,53.14580154418945,53.08132084559167,53.14580154418945,107800
2003-12-17,53.18451790908507,53.190962538160896,53.12648181045337,53.15227508544922,130900
2003-12-18,53.13932702716169,53.165115356445305,53.08774052947608,53.16511535644531,134000
2003-12-19,53.13934068326269,53.197371818402836,53.11354742779136,53.17802810668945,97400
2003-12-22,53.19738807089246,53.203837616620824,53.11356365467154,53.14580154418945,81700
2003-12-23,53.13291145094285,53.13291145094285,53.04908210872497,53.061981201171875,121500
2003-12-24,53.14574829675109,53.18444061279297,53.13285413777514,53.18444061279297,97600
2003-12-26,53.21673423924807,53.22963333129883,53.19739052073412,53.22963333129883,151300
2003-12-29,53.2102615492391,53.2102615492391,53.152230418938075,53.1586799621582,101300
2003-12-30,53.158647375284055,53.21667847001134,53.13930367704163,53.18444061279297,97000
2003-12-31,53.20126289464481,53.2593806851603,53.175433312914485,53.25292205810547,191000
2004-01-02,53.1883824560429,53.1883824560429,53.0786054362501,53.12380599975586,142700
2004-01-05,53.11092000920942,53.13029098510742,53.07863176504984,53.13029098510742,272400
2004-01-06,53.136738006636975,53.22713915873411,53.136738006636975,53.19485092163086,243500
2004-01-07,53.207729069390815,53.25292961220849,53.188358111967474,53.233558654785156,115400
2004-01-08,53.2206307249285,53.24646030514246,53.20771839806586,53.2400016784668,104200
2004-01-09,53.35623100136393,53.401431533993886,53.336860048306605,53.36914825439453,196600
2004-01-12,53.38205345748657,53.44662493455725,53.362682507014156,53.401424407958984,116900
2004-01-13,53.40139653054318,53.46597290039063,53.37557189438661,53.465972900390625,160000
2004-01-14,53.43372337136594,53.47246528011344,53.407893790037974,53.41435241699219,252400
2004-01-15,53.40145839294133,53.420834282232576,53.37563372686843,53.40791702270508,279800
2004-01-16,53.41434878702449,53.44017836659711,53.36914825439453,53.36914825439453,111700
2004-01-20,53.38205268906461,53.41434089037912,53.34976941423793,53.39496994018555,288600
2004-01-21,53.39498950997204,53.42727279663086,53.3820722541168,53.42727279663086,267700
2004-01-22,53.42722609318509,53.46597290039063,53.40139653054318,53.465972900390625,237500
2004-01-23,53.46603476758061,53.485405730355446,53.37563365697069,53.388545989990234,113100
2004-01-26,53.40145054621287,53.40145054621287,53.349796295166016,53.349796295166016,421700
2004-01-27,53.35623462738203,53.42726474441172,53.35623462738203,53.41435241699219,137100
2004-01-28,53.42730356269311,53.466050426081544,53.14964151978972,53.27878952026367,221000
2004-01-29,53.2916374206543,53.2916374206543,53.22060733790121,53.2916374206543,353000
2004-01-30,53.32398258703703,53.33043629128344,53.278782024853214,53.31752395629883,108400
2004-02-02,53.32327626978627,53.35561105723252,53.29740942654845,53.336212158203125,240100
2004-02-03,53.33626786667472,53.387996673583984,53.33626786667472,53.387996673583984,148600
2004-02-04,53.36860952952975,53.381545434312024,53.34921060595847,53.35567855834961,94100
2004-02-05,53.368571025391226,53.38150692084056,53.29097538708949,53.316837310791016,256600
2004-02-06,53.40740677481969,53.40740677481969,53.375076880432594,53.400943756103516,177600
2004-02-09,53.34918215126205,53.42031478881836,53.34918215126205,53.42031478881836,96000
2004-02-10,53.39446317601356,53.39446317601356,53.34919738769531,53.34919738769531,236500
2004-02-11,53.32982597624041,53.47855438588493,53.32982597624041,53.43328857421875,510900
2004-02-12,53.45271301269531,53.46564399231897,53.42684611984266,53.45271301269531,167400
2004-02-13,53.49144509516364,53.53024291992187,53.472046182784524,53.530242919921875,133900
2004-02-17,53.50439953124098,53.51086748273793,53.4720696409591,53.48500061035156,129700
2004-02-18,53.530249092659865,53.530249092659865,53.47205234881167,53.491451263427734,122100
2004-02-19,53.47855408163445,53.517356872558594,53.465623107062015,53.517356872558594,153200
2004-02-20,53.49145652070619,53.49145652070619,53.43972278757892,53.45912170410156,124900
2004-02-23,53.478525623485716,53.51732839376129,53.46559465579439,53.510860443115234,133500
2004-02-24,53.517356872558594,53.54322375530688,53.491489989810304,53.517356872558594,156300
2004-02-25,53.54321374220125,53.55614471435547,53.517346864290325,53.55614471435547,119900
2004-02-26,53.543176780200504,53.5561077434282,53.517309920146026,53.53670883178711,227000
2004-02-27,53.54321255348214,53.57554244995117,53.53674460074738,53.57554244995117,148600
2004-03-01,53.57744695087144,53.57744695087144,53.519170734487595,53.558021545410156,175900
2004-03-02,53.545096613178146,53.545096613178146,53.46739001661426,53.50624084472656,218800
2004-03-03,53.45446240691038,53.49331325029976,53.42856019787039,53.467411041259766,188400
2004-03-04,53.480320154739374,53.519175909756356,53.44794612261906,53.512699127197266,191500
2004-03-05,53.66810038240661,53.674577164127705,53.629249572753906,53.629249572753906,451000
2004-03-08,53.70696428434249,53.71991290941316,53.674585311159284,53.713436126708984,152600
2004-03-09,53.71343630380965,53.74581527709961,53.687539053582924,53.74581527709961,114500
2004-03-10,53.70048750163831,53.73933831718801,53.69401071893413,53.713436126708984,251200
2004-03-11,53.75873565673828,53.765212436060835,53.68103406620803,53.75873565673828,162900
2004-03-12,53.74584238917767,53.75879102082296,53.700514767908835,53.719940185546875,133200
2004-03-15,53.71344854458998,53.72640211299304,53.67459772005846,53.69402313232422,141700
2004-03-16,53.69400862551034,53.76523841146613,53.661634593927026,53.73286437988281,165600
2004-03-17,53.77171519391779,53.77171519391779,53.726387597431156,53.73286437988281,147100
2004-03-18,53.73286647482151,53.758763724962854,53.68753887656764,53.713436126708984,455600
2004-03-19,53.73286437988281,53.74581300444864,53.700485407962006,53.73286437988281,127500
2004-03-22,53.73936802835458,53.7652702331543,53.72641939612493,53.7652702331543,233300
2004-03-23,53.758725946059705,53.778156280517585,53.745777330088664,53.77815628051758,208200
2004-03-24,53.784615142355264,53.79109191894531,53.758712976328084,53.79109191894531,245900
2004-03-25,53.7782647824249,53.79121342452085,53.74588576666875,53.78473663330078,181500
2004-03-26,53.79761738338694,53.79761738338694,53.70696219041366,53.73286437988281,344100
2004-03-29,53.66164909199423,53.69402313232422,53.6551723077927,53.69402313232422,174200
2004-03-30,53.71349646135983,53.71997325133918,53.66816881219086,53.687599182128906,190300
2004-03-31,53.694023301943744,53.73935091081998,53.694023301943744,53.726402282714844,179400
2004-04-01,53.7134127626695,53.7134127626695,53.65504719297018,53.66153335571289,270900
2004-04-02,53.473503112792976,53.59022936777705,53.44756339529704,53.47350311279297,412100
2004-04-05,53.44756294725895,53.45404911345237,53.42162322998046,53.42162322998047,291000
2004-04-06,53.460518115756685,53.505911369546396,53.454031951645696,53.48645782470703,125900
2004-04-07,53.492953073689506,53.52537895525686,53.47349952374705,53.49943923950195,134300
2004-04-08,53.4540459738046,53.50592540531441,53.44755980799215,53.49943923950195,146500
2004-04-12,53.447547912597656,53.47348762257936,53.42160820261594,53.447547912597656,233600
2004-04-13,53.39572385997417,53.40869620216326,53.350330557310194,53.37627029418945,181500
2004-04-14,53.29838415941301,53.311351536616975,53.25299091796077,53.2854118347168,291200
2004-04-15,53.31781768798828,53.32430384790204,53.25945214374529,53.31781768798828,209300
2004-04-16,53.40216187152121,53.40216187152121,53.35676860979413,53.38919448852539,133100
2004-04-19,53.402143542476665,53.402143542476665,53.3243293762207,53.3243293762207,438900
2004-04-20,53.33730586032164,53.35675940520667,53.20112609863282,53.20112609863281,185400
2004-04-21,53.201121105769616,53.291907605041956,53.201121105769616,53.20760726928711,145200
2004-04-22,53.27244445751284,53.2854118347168,53.24001859326456,53.2854118347168,334000
2004-04-23,53.2335926182341,53.2335926182341,53.155778372046974,53.17523193359375,256800
2004-04-26,53.18814472871443,53.18814472871443,53.155723808581946,53.181663513183594,1060700
2004-04-27,53.181651335001824,53.246498107910156,53.16867901192517,53.246498107910156,978500
2004-04-28,53.22709713862467,53.22709713862467,53.13631057739258,53.13631057739258,229400
2004-04-29,53.15580729905549,53.20120061653331,53.10392780836639,53.12986755371094,1179200
2004-04-30,53.168694765901876,53.18814830878934,53.12978768012697,53.15572738647461,114700
2004-05-03,53.140137816640745,53.179100036621094,53.12714710697792,53.179100036621094,143000
2004-05-04,53.22462305881758,53.27657605234448,53.13370779740057,53.16617965698242,248800
2004-05-05,53.22459311221516,53.22459311221516,53.14666366577149,53.146663665771484,123400
2004-05-06,53.17909404429889,53.17909404429889,53.10766001271487,53.133636474609375,574000
2004-05-07,52.990804427991044,52.990804427991044,52.89988922681918,52.912879943847656,733300
2004-05-10,52.99077281335863,52.99077281335863,52.919338775840615,52.938819885253906,382200
2004-05-11,52.92583139159484,52.97128896270809,52.808939786660254,52.9453125,192400
2004-05-12,52.990825661215254,52.990825661215254,52.93887268129772,52.95835876464844,260000
2004-05-13,52.92582810191133,52.95829991690403,52.89985164081784,52.93232345581055,200200
2004-05-14,52.9388209419807,53.01675033569336,52.9388209419807,53.01675033569336,259600
2004-05-17,53.09470260243995,53.09470260243995,53.04924500848392,53.08820724487305,206600
2004-05-18,53.062238991994,53.062238991994,53.010286032420076,53.03626251220703,210500
2004-05-19,53.01023864746094,53.01023864746094,52.96478108709423,53.01023864746094,165000
2004-05-20,53.02327674956702,53.06873435056747,53.010286032420076,53.03626251220703,102200
2004-05-21,53.088215471780956,53.09471083035443,53.010286032420076,53.03626251220703,226400
2004-05-24,53.042775269178826,53.04927062988282,53.00381301397195,53.04927062988281,180700
2004-05-25,53.042775269178826,53.081737524385694,53.02978950227938,53.04927062988281,158200
2004-05-26,53.06873917383519,53.14666366577149,53.06873917383519,53.146663665771484,143800
2004-05-27,53.15315300397852,53.18562484161196,53.13367188320118,53.17263412475586,275000
2004-05-28,53.17260305763731,53.17260305763731,53.107664374818924,53.15312194824219,153400
2004-06-01,53.09066505977053,53.11668092746379,53.0386382864034,53.077659606933594,117700
2004-06-02,53.045196533203125,53.06470721480186,53.01268038454685,53.045196533203125,166400
2004-06-03,53.05170325085068,53.071213933002205,53.03219256869916,53.05820846557617,158500
2004-06-04,53.03215833910506,53.03215833910506,52.9736213684082,52.9736213684082,303000
2004-06-07,52.98015363480243,53.01917499384656,52.95413774143157,52.9931640625,119300
2004-06-08,52.99314116944065,52.99964141845703,52.94761461621522,52.99964141845703,184300
2004-06-09,52.96714332372992,52.96714332372992,52.89560086401081,52.91511154174805,419300
2004-06-10,52.91509743564063,52.92810289665718,52.86957087904892,52.908592224121094,349900
2004-06-14,52.86311741129298,52.86311741129298,52.772064208984375,52.772064208984375,141200
2004-06-15,52.8955657562147,52.98011362430133,52.876055091427055,52.94759750366211,569800
2004-06-16,52.92810289665718,52.960623992232335,52.908592224121094,52.908592224121094,180200
2004-06-17,52.88256826912132,52.9736213684082,52.86305759956295,52.9736213684082,181000
2004-06-18,52.96061555834507,52.99313664874129,52.941104888916016,52.941104888916016,184000
2004-06-21,52.99314347928478,53.00614893990657,52.967127596018834,52.980133056640625,115800
2004-06-22,52.98663595840212,53.00614662949556,52.9541148652316,52.99964141845703,101900
2004-06-23,52.98011700730464,53.025643548723046,52.96060634127116,53.012638092041016,258200
2004-06-24,53.077700061002915,53.090705523752185,53.03217349834571,53.06468963623047,161500
2004-06-25,53.02567856767532,53.071205139160156,53.02567856767532,53.071205139160156,252000
2004-06-28,53.012634706961094,53.012634706961094,52.94109229472605,52.94759750366211,193700
2004-06-29,52.94110940517669,53.00614662949556,52.93460419413815,52.99964141845703,191100
2004-06-30,53.025646489387476,53.14271545410156,52.993130364868705,53.14271545410156,130900
2004-07-01,53.095185165899416,53.19943629229068,53.088673198725445,53.15382766723633,632000
2004-07-02,53.284138669598946,53.33626423481501,53.25156391956453,53.29717254638672,164900
2004-07-06,53.29716015549584,53.29716015549584,53.2385176655195,53.28412628173828,203300
2004-07-07,53.303682133998336,53.303682133998336,53.26459044731534,53.290653228759766,206500
2004-07-08,53.310157775878906,53.329703604079405,53.28409501462376,53.310157775878906,259600
2004-07-09,53.329703604079405,53.33622053713405,53.2906119476784,53.310157775878906,250200
2004-07-12,53.3492844579764,53.3492844579764,53.31019277591032,53.32973861694336,285500
2004-07-13,53.290653228759766,53.303682133998336,53.25156154207677,53.290653228759766,204800
2004-07-14,53.29063729868033,53.29715423483516,53.251545623682944,53.27109146118164,99800
2004-07-15,53.26457452502681,53.2841203625255,53.23851175137328,53.27109146118164,232400
2004-07-16,53.34277620514786,53.37535095214843,53.316713424967176,53.37535095214844,181100
2004-07-19,53.37535172098579,53.37535172098579,53.33626003563519,53.34928894042969,178900
2004-07-20,53.310171007456105,53.34926267355966,53.23198270428434,53.25153350830078,137500
2004-07-21,53.23849105834961,53.23849105834961,53.186365531303,53.23849105834961,171400
2004-07-22,53.25804547200826,53.271079341352554,53.22547074057686,53.25153350830078,117100
2004-07-23,53.271079341352554,53.27759130506004,53.24501657362863,53.25153350830078,138700
2004-07-26,53.25154094795024,53.25154094795024,53.19941540522006,53.21244430541992,156000
2004-07-27,53.21895750928998,53.225474444415624,53.140769200677276,53.166831970214844,117500
2004-07-28,53.16030522289624,53.21243075235019,53.1277304952106,53.19940185546875,74400
2004-07-29,53.17335263385497,53.23850707678502,53.17335263385497,53.21244430541992,198500
2004-07-30,53.290653228759766,53.31019907210126,53.26459044731534,53.290653228759766,102200
2004-08-02,53.338273496577344,53.35132521465073,53.29911336268604,53.33174514770508,212200
2004-08-03,53.31873638126531,53.35789654670262,53.292627944415386,53.344844818115234,280700
2004-08-04,53.34483096474058,53.37746276757231,53.3252459074329,53.33830261230469,82900
2004-08-05,53.364425416984695,53.38400549989273,53.338316979882244,53.370948791503906,480600
2004-08-06,53.60591495635816,53.618971663580446,53.534118005659884,53.56022644042969,632300
2004-08-09,53.57979149709169,53.57979149709169,53.52757962186775,53.553688049316406,212400
2004-08-10,53.5537103740349,53.560233748861414,53.42316818237305,53.42316818237305,163000
2004-08-11,53.455752077594774,53.50796890258789,53.449223729553005,53.50796890258789,180000
2004-08-12,53.49493344725399,53.52757022075111,53.462301653429364,53.52104187011719,110700
2004-08-13,53.56671002464778,53.579761741287086,53.54060161169858,53.573238372802734,117100
2004-08-16,53.521066278112365,53.560226440429695,53.5014861969537,53.56022644042969,97600
2004-08-17,53.59280854965813,53.612388610839844,53.560171794575496,53.612388610839844,197400
2004-08-18,53.64504990989526,53.651573280160655,53.58630471980304,53.599361419677734,192000
2004-08-19,53.57325594113965,53.631996154785156,53.57325594113965,53.631996154785156,265400
2004-08-20,53.625469839755176,53.63199321002057,53.57977636986569,53.599361419677734,132500
2004-08-23,53.57326812498455,53.57326812498455,53.547159697535896,53.553688049316406,98600
2004-08-24,53.54716403520317,53.579795837402344,53.51452725333022,53.579795837402344,188000
2004-08-25,53.59286322881064,53.61244330996931,53.54064635927103,53.56022644042969,114800
2004-08-26,53.58628020270767,53.612388610839844,53.560171794575496,53.612388610839844,111400
2004-08-27,53.61241072721793,53.62546742650505,53.57977395867186,53.592830657958984,90500
2004-08-30,53.59286715577347,53.62550394654584,53.586338801683965,53.605918884277344,66100
2004-08-31,53.63853467366125,53.70380324997591,53.612426247200744,53.68422317504883,100200
2004-09-01,53.70510909269966,53.70510909269966,53.63319680214014,53.698570251464844,285100
2004-09-02,53.67243631067753,53.67243631067753,53.613601684570305,53.61360168457031,133700
2004-09-03,53.56787174488263,53.56787174488263,53.48942054221716,53.54172134399414,435400
2004-09-07,53.53518249685227,53.54826019113601,53.50903209596378,53.54172134399414,126900
2004-09-08,53.515562549699915,53.63977568751885,53.502484857467294,53.62015914916992,86800
2004-09-09,53.63978667928748,53.65939823397698,53.607097429685496,53.626708984375,94500
2004-09-10,53.67897833541964,53.67897833541964,53.62667756177384,53.63975524902344,79600
2004-09-13,53.626712601702465,53.652863005612154,53.6136398935874,53.646324157714844,87000
2004-09-14,53.60706964517925,53.685520810955296,53.60706964517925,53.65937042236328,140200
2004-09-15,53.65939823397698,53.67247094121024,53.62017013691876,53.626708984375,203000
2004-09-16,53.63322709433109,53.73782367479216,53.63322709433109,53.71821212768555,341400
2004-09-17,53.71822078682481,53.72475963280681,53.65284729003906,53.65284729003906,165600
2004-09-20,53.71166283069741,53.73780822753906,53.67897360313157,53.73780822753906,1060900
2004-09-21,53.71820505593784,53.724743900005,53.639758877838425,53.65937042236328,133600
2004-09-22,53.685546223785174,53.718230484239285,53.65285697565207,53.71169662475586,153900
2004-09-23,53.74438692545628,53.74438692545628,53.6136398935874,53.646324157714844,441400
2004-09-24,53.60706284133306,53.6266743833688,53.574373612822825,53.61360168457031,194100
2004-09-27,53.659401853509465,53.66593571372722,53.626712601702465,53.646324157714844,105900
2004-09-28,53.672439122728754,53.692050665792,53.64628873608567,53.678977966308594,282800
2004-09-29,53.64628592540455,53.64628592540455,53.593990142534565,53.61360168457031,117100
2004-09-30,53.580942760664456,53.639782407726535,53.55479236060118,53.633243560791016,228200
2004-10-01,53.61490377741315,53.628002546088126,53.56252368986275,53.59526062011719,451800
2004-10-04,53.562516516597164,53.60835220938811,53.562516516597164,53.601802825927734,98800
2004-10-05,53.61491230958432,53.62801108034381,53.58871976378264,53.608367919921875,168200
2004-10-06,53.62144090250689,53.62144090250689,53.5625114440918,53.5625114440918,133600
2004-10-07,53.57560003910199,53.58214942130951,53.52321497287163,53.5428581237793,160400
2004-10-08,53.69343739015529,53.70653115238089,53.660695491022665,53.68034362792969,137900
2004-10-11,53.706582015789465,53.71968078613281,53.68039446653706,53.71968078613281,64800
2004-10-12,53.70002064428799,53.73930695145988,53.70002064428799,53.732757568359375,162700
2004-10-13,53.70656892057698,53.77205276489258,53.69347514914342,53.77205276489258,130600
2004-10-14,53.7785534659839,53.81129536154396,53.752360948678216,53.78510284423828,180400
2004-10-15,53.7654914855957,53.778585254132246,53.69346326935767,53.7654914855957,221900
2004-10-18,53.75240461416834,53.77205276489258,53.73276145916003,53.77205276489258,149000
2004-10-19,53.71312076216017,53.75895645784907,53.70657137828572,53.75240707397461,297400
2004-10-20,53.75898366647968,53.798274993896484,53.75243427929043,53.798274993896484,164000
2004-10-21,53.78514264173227,53.80478579531822,53.732757568359375,53.732757568359375,161300
2004-10-22,53.75891032693261,53.78510284423828,53.73926718788131,53.78510284423828,106700
2004-10-25,53.82441457167884,53.82441457167884,53.78512827500085,53.804771423339844,120600
2004-10-26,53.81791815974555,53.81791815974555,53.77862683232874,53.798274993896484,121300
2004-10-27,53.7982512320553,53.81789438922829,53.71312422335038,53.72622299194336,263400
2004-10-28,53.739296412861606,53.765488944411544,53.700010113394,53.745845794677734,102800
2004-10-29,53.77856536412837,53.791664123535156,53.739279077333954,53.791664123535156,181800
2004-11-01,53.777233112250684,53.79690930921817,53.73132031795347,53.7575569152832,237800
2004-11-02,53.76416015210164,53.783836364746094,53.718247321223494,53.783836364746094,303600
2004-11-03,53.71823120643463,53.777259826660156,53.69199459607159,53.777259826660156,232000
2004-11-04,53.75757129062497,53.78380789497065,53.70509808193362,53.7313346862793,279700
2004-11-05,53.61984165014534,53.639517855596054,53.5804892392439,53.593605041503906,335100
2004-11-08,53.59357362939653,53.60013402874208,53.53454504764204,53.56733703613281,224400
2004-11-09,53.60673522949219,53.61329062970873,53.57393821192031,53.60673522949219,198700
2004-11-10,53.58703524256541,53.60015604664629,53.534567038603555,53.54112243652344,170600
2004-11-11,53.560817719829764,53.60673053793883,53.521460301363526,53.58049392700195,121500
2004-11-12,53.58045783482392,53.606694428087636,53.547660842214654,53.56733703613281,179500
2004-11-15,53.573897435478365,53.58701323005098,53.52798464829649,53.56733703613281,210300
2004-11-16,53.52141277710944,53.55420976268896,53.514852379170044,53.52797317504883,143600
2004-11-17,53.56082240736493,53.60673522949219,53.54114119434842,53.60673522949219,122300
2004-11-18,53.58703788667796,53.60015869140626,53.55424588309884,53.60015869140625,287700
2004-11-19,53.580494237302524,53.58704963698331,53.49522400023339,53.51490020751953,209400
2004-11-22,53.53453357298822,53.541088966810186,53.50173658740869,53.52797317504883,466700
2004-11-23,53.52147674560547,53.560834176164114,53.48868472495057,53.52147674560547,262600
2004-11-24,53.51490020751953,53.534581418927566,53.48866860055261,53.51490020751953,184200
2004-11-26,53.46242904663086,53.48866565627548,53.4558686431893,53.46242904663086,138700
2004-11-29,53.4558630804393,53.46897888183594,53.43618687628379,53.46897888183594,144100
2004-11-30,53.46240616916007,53.52143476250993,53.46240616916007,53.48208236694336,398000
2004-12-01,53.56423648931815,53.56423648931815,53.498530624046275,53.51824188232422,188300
2004-12-02,53.485380732255464,53.51166407570158,53.44595321056871,53.49851989746094,227800
2004-12-03,53.610199611419745,53.64305503127802,53.59706045129638,53.61677169799805,418300
2004-12-06,53.60363317445097,53.63648358166612,53.577349840858865,53.62334442138672,197200
2004-12-07,53.610200248074015,53.62334442138672,53.55763859392311,53.62334442138672,516500
2004-12-08,53.58394789557417,53.662792921527355,53.58394789557417,53.64308166503906,141300
2004-12-09,53.643046694931975,53.6824691822089,53.61019128017956,53.636474609375,263600
2004-12-10,53.649653754880404,53.656225844721746,53.61679831870942,53.64308166503906,245900
2004-12-13,53.616815013023164,53.64309836753648,53.57739248777184,53.603675842285156,237400
2004-12-14,53.610199611419745,53.64305503127802,53.57077711801641,53.61677169799805,300400
2004-12-15,53.64966129933357,53.66937255859375,53.62337794930785,53.66937255859375,325700
2004-12-16,53.63650520698206,53.662788551171154,53.570799353026985,53.61022186279297,326100
2004-12-17,53.56424322878758,53.61680993283352,53.56424322878758,53.59052658081055,92700
2004-12-20,53.61023784156857,53.62338202409846,53.55767615055945,53.59052658081055,260100
2004-12-21,53.583975389599594,53.60368665620177,53.56425910995911,53.59711456298828,283300
2004-12-22,53.59711456298828,53.61025373637696,53.5708312031726,53.59711456298828,709900
2004-12-23,53.6365231797719,53.6365231797719,53.57738939530809,53.583961486816406,417600
2004-12-27,53.577358319440876,53.59706956949592,53.53136373163441,53.55107498168945,142900
2004-12-28,53.55763873275295,53.59048914005326,53.537927485766104,53.570777893066406,243500
2004-12-29,53.59047323674917,53.59047323674917,53.537911598060006,53.56418991088867,214600
2004-12-30,53.56424521229147,53.610239826775654,53.544533950803526,53.583961486816406,208000
2004-12-31,53.61947200406446,53.63264104724887,53.593143962732405,53.60630798339844,170600
2005-01-03,53.566783865145545,53.619444943751375,53.566783865145545,53.61286544799805,370200
2005-01-04,53.59314394349086,53.59972344256232,53.4943962097168,53.4943962097168,425300
2005-01-05,53.49439670919626,53.53389379406732,53.48122766589362,53.50756072998047,273500
2005-01-06,53.52075626078683,53.566837890115075,53.52075626078683,53.53392028808594,318800
2005-01-07,53.540523529052734,53.54710303374182,53.514190442728406,53.540523529052734,142500
2005-01-10,53.53389379406732,53.54047831571864,53.49439670919626,53.50756072998047,296100
2005-01-11,53.533904532457996,53.533904532457996,53.500986940116874,53.5207405090332,296000
2005-01-12,53.51414539690467,53.56681152522133,53.51414539690467,53.52730941772461,126400
2005-01-13,53.56679896106108,53.59313201904297,53.54704540068673,53.59313201904297,104500
2005-01-14,53.55363393727839,53.579966997235225,53.50755233798334,53.566802978515625,213100
2005-01-18,53.49435889007083,53.547019958496094,53.49435889007083,53.547019958496094,167000
2005-01-19,53.547050122849235,53.553634643554695,53.50755304365191,53.55363464355469,221700
2005-01-20,53.56677312922752,53.6062701858948,53.547019578379036,53.59968566894531,156500
2005-01-21,53.58654794802759,53.65237808227539,53.58654794802759,53.65237808227539,188000
2005-01-24,53.64581701747,53.64581701747,53.58657137749841,53.619483947753906,325700
2005-01-25,53.6062701858948,53.6062701858948,53.560188612278026,53.59968566894531,219300
2005-01-26,53.57339060655599,53.61289271374463,53.566811107456545,53.57997512817383,114100
2005-01-27,53.566802978515625,53.57338247661661,53.54046991855879,53.566802978515625,273700
2005-01-28,53.58654749891818,53.61946005450759,53.5799629787934,53.59313201904297,101400
2005-01-31,53.58656692504882,53.59315144756062,53.54706481249712,53.58656692504883,179500
2005-02-01,53.59381207856492,53.62020057691691,53.58062034593465,53.60041046142578,215200
2005-02-02,53.58726016164427,53.61364364730413,53.567464997756396,53.58066177368164,179400
2005-02-03,53.534484343295425,53.56746621766902,53.534484343295425,53.54767608642578,270600
2005-02-04,53.600410461425774,53.63339734263861,53.567423580212946,53.60041046142578,451400
2005-02-07,53.593804957780115,53.60040333976426,53.560823114040865,53.58721160888672,345800
2005-02-08,53.57406512401656,53.58726190037,53.54767660440516,53.567466735839844,154400
2005-02-09,53.59382233924377,53.67958623358029,53.59382233924377,53.66638946533203,415000
2005-02-10,53.65985491002551,53.65985491002551,53.607082873536896,53.62687301635742,506600
2005-02-11,53.63339734263861,53.646589075268885,53.58062034593465,53.60041046142578,298600
2005-02-14,53.60042033304595,53.60042033304595,53.5542417106981,53.574031829833984,640800
2005-02-15,53.56087164288909,53.59385351651157,53.56087164288909,53.58066177368164,261000
2005-02-16,53.58064494967833,53.607033460147676,53.527867928739646,53.554256439208984,163100
2005-02-17,53.554273254926464,53.58726016164427,53.534483124133914,53.58066177368164,443800
2005-02-18,53.54767123179853,53.560868006827896,53.501492585385705,53.50809097290039,199100
2005-02-22,53.5080381066564,53.54761832644906,53.5080381066564,53.527828216552734,177600
2005-02-23,53.5278653228254,53.56744557005565,53.52126693725586,53.52126693725586,727500
2005-02-24,53.521282714834776,53.54767123179853,53.48830084345132,53.50809097290039,223400
2005-02-25,53.50809704657043,53.50809704657043,53.46851678317955,53.48170852661133,595100
2005-02-28,53.475073194110934,53.48826996152103,53.402506072631624,53.44868469238281,502900
2005-03-01,53.477126933301534,53.48373862055385,53.42424352176242,53.437461853027344,265100
2005-03-02,53.46393121704214,53.49698462716337,53.43748949759361,53.470542907714844,390100
2005-03-03,53.49699484012829,53.51021318075487,53.45733477500526,53.49038314819336,1341100
2005-03-04,53.53004825655966,53.53004825655966,53.4837764995017,53.49038314819336,438000
2005-03-07,53.47715459838756,53.51020296526648,53.46393121704214,53.470542907714844,429300
2005-03-08,53.46393121704214,53.470542907714844,53.4242711594905,53.470542907714844,242400
2005-03-09,53.42423045035818,53.47711384895822,53.42423045035818,53.4506721496582,376400
2005-03-10,53.45725954594488,53.45725954594488,53.404376171373436,53.410987854003906,236900
2005-03-11,53.43082711832019,53.43082711832019,53.371332050807666,53.39777374267578,758700
2005-03-14,53.39775587425888,53.39775587425888,53.3580958713466,53.377925872802734,214900
2005-03-15,53.384603642023116,53.4044336680279,53.358161926269524,53.35816192626953,258900
2005-03-16,53.42426300048829,53.463923051983,53.39782128507796,53.42426300048828,376100
2005-03-17,53.46386076436333,53.4770841282835,53.42420075907417,53.44403076171875,224400
2005-03-18,53.4440709464296,53.4440709464296,53.4110225982514,53.41762924194336,111200
2005-03-21,53.417618764723564,53.4506721496582,53.40440043669279,53.4506721496582,1622400
2005-03-22,53.457317099535075,53.490365461795854,53.33172021051594,53.35816192626953,1623900
2005-03-23,53.31845313279435,53.358113148548426,53.29201144121264,53.35150146484375,216000
2005-03-24,53.35154178983227,53.3845951901016,53.325100078264974,53.36476516723633,270500
2005-03-28,53.33829498291016,53.35151331001727,53.31185328545782,53.338294982910156,865700
2005-03-29,53.331654188326624,53.377925872802734,53.331654188326624,53.377925872802734,263600
2005-03-30,53.35155962578997,53.397831375691645,53.35155962578997,53.384613037109375,168300
2005-03-31,53.41102274194579,53.45729446411133,53.40441105499658,53.45729446411133,189200
2005-04-01,53.49042510986328,53.516924029568834,53.437417160219546,53.49042510986328,779200
2005-04-04,53.483797852378736,53.52355128705338,53.47054333740965,53.49042510986328,543700
2005-04-05,53.516900119216366,53.52352737373998,53.47714670230281,53.5036506652832,134500
2005-04-06,53.523538357044494,53.556669581347194,53.516911101160936,53.54341506958008,175200
2005-04-07,53.56329392348661,53.57654843578362,53.51691324067767,53.52354049682617,294200
2005-04-08,53.490396388712234,53.52352254811556,53.48376913478613,53.51689529418945,136900
2005-04-11,53.50364584145084,53.53677705596777,53.48376913478613,53.51689529418945,208000
2005-04-12,53.503687198504636,53.589821345669215,53.49043773552451,53.55006790161133,140300
2005-04-13,53.583189312725345,53.62957000732422,53.569934797059055,53.62957000732422,262800
2005-04-14,53.63620966534475,53.69584489501753,53.62958746047306,53.675968170166016,163100
2005-04-15,53.72231246469461,53.76206588745117,53.675931786440366,53.76206588745117,292000
2005-04-18,53.76204243798171,53.788546393297416,53.72228903256446,53.735538482666016,725600
2005-04-19,53.7223500934268,53.815111514908146,53.7223500934268,53.801856994628906,1463600
2005-04-20,53.73555597238761,53.80181335468586,53.71567926320956,53.78193664550781,496600
2005-04-21,53.74220549012631,53.76208220753839,53.6759480803806,53.6891975402832,200900
2005-04-22,53.748788491058015,53.748788491058015,53.68915333280884,53.70240783691406,141300
2005-04-25,53.715721130371094,53.715721130371094,53.68921714577119,53.715721130371094,315100
2005-04-26,53.72228453795974,53.72890673490018,53.66264937971056,53.70240783691406,192400
2005-04-27,53.755490374395606,53.76874489814916,53.70910965149751,53.74224090576172,479900
2005-04-28,53.78859329223633,53.80847001227571,53.76208931381148,53.78859329223633,273700
2005-04-29,53.76866969058879,53.788546393297416,53.72228903256446,53.735538482666016,428400
2005-05-02,53.7289755820196,53.762179571842886,53.70905217472749,53.74225616455078,246600
2005-05-03,53.74217780191156,53.782029625377625,53.71561160859527,53.775386810302734,303200
2005-05-04,53.78207998958245,53.802003386481104,53.755513771388244,53.79536056518555,621300
2005-05-05,53.84182596220996,53.88167273808417,53.79533636802813,53.84846878051758,214600
2005-05-06,53.748831921249966,53.755474737721954,53.689056706970796,53.72890853881836,213600
2005-05-09,53.70235061645508,53.708993433950845,53.67578441345714,53.70235061645508,118700
2005-05-10,53.70905217472749,53.76882239660381,53.702409349966565,53.74225616455078,229200
2005-05-11,53.78866737346924,53.81523356678552,53.76210118015295,53.775386810302734,92800
2005-05-12,53.768796726862625,53.802005767822266,53.72230710971208,53.802005767822266,216200
2005-05-13,53.84181291449843,53.868379114305256,53.81524671469161,53.86173629760742,129900
2005-05-16,53.88167273808417,53.88167273808417,53.84846878051758,53.84846878051758,129300
2005-05-17,53.8750349867623,53.89495837469941,53.84846878051758,53.84846878051758,118800
2005-05-18,53.90163040161132,53.93483437717073,53.8750641809707,53.90163040161133,302100
2005-05-19,53.85514154018588,53.88835058632564,53.821937561035156,53.821937561035156,200900
2005-05-20,53.84850378454916,53.85514154018588,53.808651915783635,53.821937561035156,143500
2005-05-23,53.85512161254882,53.875050073052115,53.8351982190327,53.85512161254883,1662900
2005-05-24,53.86838990635657,53.88831329345703,53.85510427029924,53.88831329345703,123700
2005-05-25,53.93480366278729,53.93480366278729,53.86839068250035,53.90823745727539,228300
2005-05-26,53.88167047542837,53.8949561114857,53.8617470883279,53.88831329345703,191400
2005-05-27,53.875033500624724,53.90823745727539,53.86839068250035,53.90823745727539,130100
2005-05-31,53.90823013386805,53.954719720451884,53.89494956640907,53.948081970214844,164200
2005-06-01,53.94148196684071,54.11456478498336,53.94148196684071,54.054649353027344,782400
2005-06-02,54.01465972234433,54.04794660730974,54.00134801567751,54.034629821777344,401400
2005-06-03,54.074607905487106,54.074607905487106,53.9614354752646,53.96809387207031,180400
2005-06-06,53.98805824818875,54.00137504038547,53.954776425433195,53.99471664428711,1264700
2005-06-07,54.021297127038316,54.021297127038316,53.968040163331,54.00798034667969,190000
2005-06-08,54.021345149812426,54.021345149812426,53.97474653486015,53.99471664428711,149300
2005-06-09,53.974708231721074,53.974708231721074,53.928109649837474,53.96139144897461,338200
2005-06-10,53.92811552076847,53.94142722609961,53.88817024704492,53.914798736572266,313900
2005-06-13,53.92145712867037,53.92811552076847,53.88817024704492,53.914798736572266,153100
2005-06-14,53.92149940907746,53.928157806396484,53.90152929598945,53.928157806396484,264200
2005-06-15,53.914798736572266,53.93476883400151,53.88817024704492,53.914798736572266,135000
2005-06-16,53.914792867091016,53.96139144897461,53.89482277183583,53.96139144897461,379600
2005-06-17,53.941421834078305,53.96139192951132,53.92145173864528,53.95473861694336,887800
2005-06-20,53.934789816981414,53.94810660635843,53.92147810647144,53.94144821166992,211600
2005-06-21,53.954778513543545,53.9814019412311,53.93480332447541,53.9481201171875,253700
2005-06-22,54.02798810676846,54.067928314208984,53.97473111093666,54.067928314208984,274500
2005-06-23,54.04793930053712,54.061251005404316,54.00799402820573,54.04793930053711,198300
2005-06-24,54.10785913901658,54.10785913901658,54.0612605454609,54.07457733154297,383000
2005-06-27,54.087888878707176,54.10120058588408,54.061260385487614,54.094547271728516,144500
2005-06-28,54.05459992121037,54.074575099508955,54.034629821777344,54.034629821777344,189000
2005-06-29,54.087879494003616,54.087879494003616,54.021310811937816,54.04793930053711,291500
2005-06-30,54.087873295888194,54.09453168699123,54.02130462145073,54.081214904785156,474900
2005-07-01,54.05182891164645,54.05182891164645,53.91838102957152,53.93172836303711,206400
2005-07-05,53.93843283517354,53.971796100524514,53.91841691217079,53.945106506347656,198600
2005-07-06,53.93176433138664,53.97846984863281,53.93176433138664,53.97846984863281,130500
2005-07-07,54.0385574105984,54.05190476279436,54.00519921115519,54.02521514892578,151400
2005-07-08,54.018501411049904,54.018501411049904,53.9517799711228,53.96512222290039,126300
2005-07-11,53.95178038407396,53.95178038407396,53.9117485379152,53.92509078979492,1435900
2005-07-12,53.9451067128743,53.95845405527362,53.918417118595265,53.92509078979492,168100
2005-07-13,53.93172836303711,53.9517442727193,53.925054696304315,53.93172836303711,404800
2005-07-14,53.965086515668695,53.965086515668695,53.91838102957152,53.93172836303711,280300
2005-07-15,53.91846062327055,53.95849759225316,53.91179203720987,53.9384765625,299200
2005-07-18,53.931764460994586,53.93843304167464,53.89840119551588,53.92509078979492,309300
2005-07-19,53.911748331516264,53.95178017752176,53.898400989168046,53.945106506347656,216100
2005-07-20,53.93180797643932,53.96516617831384,53.885102421396034,53.9384765625,196200
2005-07-21,53.91178711704016,53.93847163989497,53.87175015171147,53.88509750366211,322600
2005-07-22,53.87842874481165,53.95182391566877,53.87842874481165,53.9384765625,547000
2005-07-25,53.91179225985905,53.94515046187133,53.9051185832471,53.918460845947266,191600
2005-07-26,53.925102444739444,53.9317761173815,53.891739172049874,53.905086517333984,207200
2005-07-27,53.88507058992852,53.91842877209739,53.88507058992852,53.905086517333984,160000
2005-07-28,53.89174503214288,53.92510830846032,53.89174503214288,53.911766052246094,359100
2005-07-29,53.911739266821364,53.911739266821364,53.8650337574948,53.87837600708008,1124300
2005-08-01,53.88574990242481,53.88574990242481,53.838939453643086,53.84562301635742,273300
2005-08-02,53.845610073509405,53.88573694993151,53.83223784933874,53.852298736572266,512700
2005-08-03,53.85901851517421,53.892451645893466,53.84564118132012,53.87239074707031,253500
2005-08-04,53.87239074707032,53.912517646674615,53.86570718210126,53.87239074707031,230700
2005-08-05,53.85231107986506,53.85231107986506,53.79881196700995,53.8255615234375,289400
2005-08-08,53.82556203508904,53.82556203508904,53.77206802368165,53.77206802368164,156600
2005-08-09,53.77210030781961,53.83228302001953,53.75872297046897,53.83228302001953,168100
2005-08-10,53.87909349682813,53.87909349682813,53.81222211595289,53.83228302001953,260300
2005-08-11,53.83895761635106,53.89914031282051,53.818896717527906,53.87239074707031,177800
2005-08-12,53.892450639177156,53.939266204833984,53.88576707433295,53.939266204833984,224900
2005-08-15,53.93929764602838,53.93929764602838,53.88579848434271,53.91254806518555,148500
2005-08-16,53.939266204833984,53.9660106681266,53.92588887122977,53.939266204833984,252800
2005-08-17,53.9459518663852,53.966012765613314,53.919202300095016,53.952640533447266,178400
2005-08-18,53.96597051475091,53.99940872192383,53.945909631228794,53.99940872192383,115000
2005-08-19,53.98611982449271,53.9928033946797,53.95268156570989,53.97943115234375,218000
2005-08-22,53.9660408609258,54.01285135081415,53.95266862179802,53.986106872558594,974800
2005-08-23,54.019493703476016,54.046243260756476,54.00612147581397,54.039554595947266,192500
2005-08-24,54.0663026521682,54.0663026521682,54.00611997642531,54.046241760253906,145900
2005-08-25,54.05293192556569,54.05293192556569,54.02618236828523,54.039554595947266,186200
2005-08-26,54.03953048896806,54.04621915079346,53.98603650022712,53.99940872192383,272100
2005-08-29,53.99946040710572,54.03958221255223,53.992771738878304,54.01283264160156,183200
2005-08-30,54.03958709593989,54.11314714721188,54.01952619140379,54.09308624267578,455500
2005-08-31,54.159918547945196,54.23347854614258,54.11979676782145,54.23347854614258,289000
2005-09-01,54.23889023097088,54.36630766312979,54.218772766176116,54.29924774169922,624000
2005-09-02,54.28582371331776,54.36629867553711,54.27912130372355,54.36629867553711,204400
2005-09-06,54.25228497303621,54.29251988756181,54.21875246670346,54.279109954833984,238600
2005-09-07,54.27239358485192,54.27239358485192,54.20533369945813,54.238861083984375,887200
2005-09-08,54.265697543107265,54.265697543107265,54.2120475769043,54.2120475769043,225800
2005-09-09,54.21204118965159,54.25898874180463,54.205338781922684,54.22545623779297,454400
2005-09-12,54.20533752441406,54.21203993198748,54.15839508969182,54.20533752441406,157100
2005-09-13,54.21874363000037,54.25898365430968,54.2120361065586,54.238861083984375,683300
2005-09-14,54.26568604540503,54.26568604540503,54.21874361400909,54.23215866088867,335000
2005-09-15,54.232157417177405,54.27239232421084,54.19862491708875,54.21874237060547,347600
2005-09-16,54.23887639632427,54.25229144699505,54.151699032335166,54.178524017333984,240800
2005-09-19,54.19860205170619,54.23883694176527,54.16506956576427,54.19189453125,188800
2005-09-20,54.1918843576033,54.21200179885612,54.12482451464788,54.151649475097656,284200
2005-09-21,54.22545497981764,54.238864911306145,54.191922476583905,54.20533752441406,465100
2005-09-22,54.23216376186366,54.25898874180463,54.205338781922684,54.22545623779297,411000
2005-09-23,54.21875893666084,54.23217398733162,54.14499150699978,54.178524017333984,131200
2005-09-26,54.0913784505945,54.15173086506254,54.0913784505945,54.13832092285156,162800
2005-09-27,54.1584231840094,54.17183312245422,54.084655731702135,54.11818313598633,265200
2005-09-28,54.098080863527116,54.15173086506254,54.098080863527116,54.13832092285156,243700
2005-09-29,54.12489066338089,54.14500812922027,54.091363259096696,54.11818313598633,243900
2005-09-30,54.118201019507474,54.118201019507474,54.044433542823526,54.071258544921875,199800
2005-10-03,54.09410285658741,54.09410285658741,54.0133936573825,54.04702377319336,212300
2005-10-04,54.080628905609665,54.080628905609665,54.013368705059854,54.0402717590332,488400
2005-10-05,54.053693533243084,54.10749447778963,54.053693533243084,54.067142486572266,569000
2005-10-06,54.10749447778963,54.10749447778963,54.06041544429277,54.067142486572266,333000
2005-10-07,54.07391515330655,54.120994226526015,54.04028504476373,54.107540130615234,156100
2005-10-10,54.19498824521268,54.20843721283866,54.09410302869437,54.100830078125,114400
2005-10-11,54.05372015779093,54.09407216888396,54.046993112197974,54.087345123291016,215800
2005-10-12,54.09410285658741,54.09410285658741,54.04029672378414,54.04702377319336,509100
2005-10-13,54.067199790185775,54.067199790185775,54.026847756200944,54.04702377319336,548500
2005-10-14,54.040321257783326,54.09412741501429,54.01341817916784,54.06049728393555,340700
2005-10-17,54.0739265009048,54.09410251777084,54.02684741780563,54.0335693359375,308200
2005-10-18,54.046985905066585,54.0873379107787,54.046985905066585,54.08061599731445,241200
2005-10-19,54.134443191202664,54.134443191202664,54.07391515330655,54.107540130615234,575200
2005-10-20,54.080642201261945,54.107540130615234,54.05373914067451,54.107540130615234,323600
2005-10-21,54.13446633906071,54.147920440724455,54.10756326696954,54.14119338989258,362700
2005-10-24,54.1276796489833,54.134401560535245,54.080600611968755,54.12095260620117,277500
2005-10-25,54.08735679557089,54.12098689956083,54.02010171882446,54.02682876586914,373200
2005-10-26,54.04695904131945,54.05368608267171,53.986425931607265,54.00660705566406,224400
2005-10-27,54.04702377319336,54.073926839594996,54.00667173920853,54.04702377319336,307900
2005-10-28,54.073926839594996,54.08065388900422,53.99994468979931,54.04702377319336,369900
2005-10-31,54.02010171882446,54.06045373862563,54.00665275596855,54.02682876586914,294900
2005-11-01,54.075375035388156,54.08212156501484,54.00117864777758,54.04165267944336,639300
2005-11-02,54.04167390043996,54.055161818895435,54.00794638515679,54.03492736816406,150800
2005-11-03,54.02813848760561,54.048372922476844,53.980923090875294,54.007904052734375,228600
2005-11-04,54.02139196061777,54.03488501459345,53.980923090875294,54.007904052734375,174800
2005-11-07,54.02145134554239,54.03494441435078,53.994475500121474,54.001216888427734,243500
2005-11-08,54.0618455470948,54.08882649875808,54.04161111986993,54.0685920715332,238100
2005-11-09,54.07541332858009,54.07541332858009,54.001216888427734,54.001216888427734,199200
2005-11-10,54.061886690220206,54.08886766241702,54.02815918845062,54.075374603271484,291600
2005-11-11,54.03492348322496,54.12260781212211,54.02817695143411,54.09562683105469,211600
2005-11-14,54.08212882211289,54.08212882211289,54.014678955078125,54.014678955078125,448500
2005-11-15,54.055137634277344,54.095606517634046,54.02815666334154,54.055137634277344,249700
2005-11-16,54.09563864194798,54.14960061586453,54.088897254781216,54.12261962890625,328700
2005-11-17,54.102418533303315,54.19684947283231,54.102418533303315,54.16986846923828,456400
2005-11-18,54.12939953689735,54.18336154408542,54.12939953689735,54.16986846923828,206400
2005-11-21,54.19681334256229,54.22379432816946,54.16309097012592,54.20355987548828,255300
2005-11-22,54.210282987292736,54.29122076304893,54.18330201334247,54.277732849121094,1358500
2005-11-23,54.27771977355813,54.27771977355813,54.19003034282061,54.210269927978516,238400
2005-11-25,54.237284316777405,54.27775321984369,54.237284316777405,54.25751876831055,85700
2005-11-28,54.26427626208506,54.291257254170226,54.244041804545695,54.27102279663086,214400
2005-11-29,54.28448792685645,54.28448792685645,54.203544992260255,54.230525970458984,175900
2005-11-30,54.230512381749776,54.257493353187805,54.19678488092872,54.23725891113281,219800
2005-12-01,54.20411537300395,54.231174081534945,54.17029585803091,54.18382263183594,745500
2005-12-02,54.21089698076052,54.2311897277832,54.19060423373785,54.2311897277832,449400
2005-12-05,54.20412286437368,54.217654800969854,54.16353737642847,54.17030334472656,1608600
2005-12-06,54.21760836412746,54.27172574231785,54.197315637535375,54.244667053222656,260100
2005-12-07,54.26500822492866,54.27853500109367,54.23794951167678,54.2514762878418,317400
2005-12-08,54.30557512320976,54.33939979342542,54.2852823854484,54.31910705566406,155300
2005-12-09,54.29882653916488,54.31235847595104,54.25824105064989,54.26500701904297,869500
2005-12-12,54.29199953604311,54.29199953604311,54.2243554173528,54.258174896240234,1200500
2005-12-13,54.27177824601828,54.325890515640815,54.25824630792097,54.28530502319336,354600
2005-12-14,54.33269895077787,54.37328447494671,54.31917216303034,54.34622573852539,368200
2005-12-15,54.34622573852539,54.359757687199185,54.29887424001965,54.34622573852539,420900
2005-12-16,54.393521557561456,54.40028236340997,54.34616495109889,54.37998962402344,161500
2005-12-19,54.32593297644097,54.3868164236205,54.32593297644097,54.34622573852539,182100
2005-12-20,54.35971688015173,54.35971688015173,54.31236541719204,54.33942413330078,389300
2005-12-21,54.35971688015173,54.35971688015173,54.31236541719204,54.33942413330078,363400
2005-12-22,54.373232590605916,54.40705726908775,54.34617388000471,54.38676452636719,1288100
2005-12-23,54.36648215580848,54.45441911134819,54.352950217465555,54.41383361816406,196100
2005-12-27,54.37998489828905,54.46116100970129,54.37998489828905,54.420570373535156,552500
2005-12-28,54.480975477296184,54.50133122197903,54.419903066303426,54.487762451171875,401000
2005-12-29,54.467388668343105,54.467388668343105,54.39953447644106,54.4470329284668,418800
2005-12-30,54.43347230654069,54.474183792385574,54.39954261704078,54.42668533325195,410400
2006-01-03,54.39953600606734,54.52167562570259,54.39953600606734,54.501319885253906,1075400
2006-01-04,54.487767886137625,54.55562210083007,54.480980911584965,54.55562210083008,345500
2006-01-05,54.50132307352575,54.55560850252664,54.50132307352575,54.50811004638672,274400
2006-01-06,54.49453239720746,54.52846208226301,54.487750601750825,54.52167510986328,500200
2006-01-09,54.52171644042411,54.52850341796875,54.48779190659493,54.52850341796875,351500
2006-01-10,54.47419738769531,54.508127085663176,54.467410412712724,54.47419738769531,406000
2006-01-11,54.48777133766048,54.52848283366587,54.45384163969262,54.47419738769531,484700
2006-01-12,54.494532912789964,54.53524957063048,54.47417717234128,54.501319885253906,450600
2006-01-13,54.555589315432975,54.6098747253418,54.53523358095257,54.6098747253418,226500
2006-01-17,54.58953857421875,54.596325547771144,54.555614060344745,54.58953857421875,447900
2006-01-18,54.59632481245853,54.623467529358564,54.5691820955585,54.58275604248047,393200
2006-01-19,54.58953857421875,54.596325547771144,54.555614060344745,54.58953857421875,588600
2006-01-20,54.562376285906986,54.61665651887418,54.548802344958965,54.6098747253418,383900
2006-01-23,54.58274800744601,54.62345948833103,54.55560529454161,54.61667251586914,565500
2006-01-24,54.60989824048634,54.60989824048634,54.569181577051225,54.603111267089844,227300
2006-01-25,54.603144640118785,54.603144640118785,54.52850341796875,54.52850341796875,244600
2006-01-26,54.5080669627151,54.53520965576172,54.48771123716498,54.53520965576172,220000
2006-01-27,54.56237381311345,54.56237381311345,54.48773267210701,54.49451446533203,362800
2006-01-30,54.51488813746355,54.52846208226301,54.480963629351095,54.52167510986328,204100
2006-01-31,54.50131936960719,54.542030850119374,54.487750601750825,54.52167510986328,256400
2006-02-01,54.499188369984694,54.51960686792401,54.45154347715834,54.471961975097656,950100
2006-02-02,54.499188369984694,54.499188369984694,54.44473558021061,54.471961975097656,435200
2006-02-03,54.45155782289266,54.499202728271484,54.42433142083259,54.499202728271484,250800
2006-02-06,54.485577768993096,54.485577768993096,54.45154347715834,54.471961975097656,192800
2006-02-07,54.48560199787548,54.48560199787548,54.431149183887094,54.47879409790039,195800
2006-02-08,54.49925684699409,54.49925684699409,54.444803988801304,54.45841979980469,334300
2006-02-09,54.492400464504925,54.492400464504925,54.42433704876902,54.44475555419922,226500
2006-02-10,54.49918993487324,54.49918993487324,54.40390014648438,54.403900146484375,610800
2006-02-13,54.45837135308985,54.46517405962941,54.42433704876902,54.44475555419922,159200
2006-02-14,54.41072644278414,54.45156345364453,54.397110643893505,54.44475555419922,296100
2006-02-15,54.49240538543403,54.49240538543403,54.42434196355167,54.437957763671875,435800
2006-02-16,54.46517829795021,54.48560199787548,54.43795708386218,54.47879409790039,167200
2006-02-17,54.512853046006086,54.52646885340798,54.478823913319346,54.51966094970703,353400
2006-02-21,54.47879409790039,54.50602050489458,54.45837559088128,54.47879409790039,11045800
2006-02-22,54.512853046006086,54.51966094970703,54.478823913319346,54.51966094970703,230700
2006-02-23,54.50599626693242,54.51279897097629,54.45835137410606,54.471961975097656,288200
2006-02-24,54.49924335913909,54.51966187768048,54.465209032964054,54.492435455322266,282600
2006-02-27,54.51282435837465,54.519632258492905,54.458376736147386,54.465179443359375,216200
2006-02-28,54.51285078870527,54.55369301631074,54.506048078195015,54.540077209472656,270800
2006-03-01,54.573513936374596,54.6008354692821,54.51203918457031,54.51203918457031,556600
2006-03-02,54.55304206179016,54.55304206179016,54.4915672897332,54.53254699707031,207300
2006-03-03,54.53253550529472,54.53253550529472,54.46423427044238,54.47789764404297,251000
2006-03-06,54.505233330419586,54.51205980794192,54.471080098601725,54.4984016418457,797100
2006-03-07,54.46424841002784,54.4984016418457,54.45059024393162,54.4984016418457,276800
2006-03-08,54.512057143401755,54.53937868531026,54.47790912430459,54.53254699707031,865100
2006-03-09,54.53254448700476,54.55303955078125,54.505228157404886,54.55303955078125,785800
2006-03-10,54.52572318508968,54.52572318508968,54.47791178717561,54.4984016418457,153300
2006-03-13,54.52572318508968,54.52572318508968,54.49156995327182,54.4984016418457,168200
2006-03-14,54.50517489044968,54.614455735204096,54.50517489044968,54.60762405395508,556900
2006-03-15,54.58720372542598,54.62818865405892,54.58037724653098,54.62135696411133,161900
2006-03-16,54.641835595548955,54.73062670241317,54.62134574096886,54.71696853637695,522100
2006-03-17,54.70332153568832,54.71698491686643,54.65551012367109,54.696495056152344,362600
2006-03-20,54.710171605686874,54.723834991455085,54.68968173808939,54.72383499145508,421400
2006-03-21,54.64865223297006,54.68280024418145,54.60766732404627,54.6281623840332,195500
2006-03-22,54.64866976258418,54.67599130694725,54.6213482182211,54.64183807373047,440000
2006-03-23,54.65547870858229,54.66914208190691,54.60766732404627,54.6281623840332,673000
2006-03-24,54.64182329677498,54.71695622069207,54.61450175980055,54.70329284667969,165200
2006-03-27,54.68964385986328,54.69647554801574,54.64183246489854,54.68964385986328,136700
2006-03-28,54.682817784749204,54.70330764025857,54.62817990707481,54.64183807373047,716500
2006-03-29,54.6213482182211,54.64866976258418,54.607684840513684,54.64183807373047,586800
2006-03-30,54.63501469993637,54.641846389829816,54.57354512405304,54.614524841308594,554600
2006-03-31,54.63500213623047,54.64866551287536,54.60768059399203,54.63500213623047,333900
2006-04-03,54.56373814360666,54.62541280380702,54.5431746951014,54.604854583740234,526700
2006-04-04,54.625395918368106,54.65280861279635,54.59113397166044,54.64595413208008,313800
2006-04-05,54.69394084115784,54.69394084115784,54.64596991915895,54.65282440185547,1029300
2006-04-06,54.67336682650832,54.6802213072246,54.625395918368106,54.64595413208008,3739500
2006-04-07,54.645986820718434,54.645986820718434,54.5843121426894,54.611724853515625,230300
2006-04-10,54.61854987613487,54.62540435791015,54.59114240590907,54.625404357910156,1151000
2006-04-11,54.65284646565281,54.673404693603516,54.61857926677464,54.673404693603516,397600
2006-04-12,54.68714256705993,54.68714256705993,54.62546262216905,54.6391716003418,511800
2006-04-13,54.65282903438204,54.65282903438204,54.58429988692324,54.63227081298828,376500
2006-04-17,54.65284975400295,54.66655349731446,54.61173329562764,54.66655349731445,702100
2006-04-18,54.6733913186401,54.76933317789977,54.66653683485321,54.741920471191406,3043100
2006-04-19,54.65970035413768,54.72822952270508,54.65970035413768,54.72822952270508,694600
2006-04-20,54.72138349299,54.72138349299,54.68712151763227,54.707679748535156,447300
2006-04-21,54.728237979438035,54.728237979438035,54.68712151763227,54.707679748535156,385400
2006-04-24,54.72131454291267,54.75558170353424,54.70075633791359,54.735023498535156,242500
2006-04-25,54.735064693063315,54.735064693063315,54.65282658273855,54.69394302368164,344100
2006-04-26,54.69394084115784,54.69394084115784,54.6391206649008,54.65282440185547,284200
2006-04-27,54.625420389010266,54.75562943876518,54.625420389010266,54.741920471191406,492600
2006-04-28,54.76929226039082,54.79670494661948,54.73503032393147,54.75558853149414,207000
2006-05-01,54.7645469520436,54.771424070043864,54.68203727315263,54.723289489746094,277700
2006-05-02,54.723309341907246,54.75768969867678,54.688934230843664,54.730186462402344,445700
2006-05-03,54.75768969867678,54.76456681917187,54.709560346623,54.730186462402344,1665200
2006-05-04,54.6958083176044,54.75080954139665,54.6958083176044,54.737060546875,397400
2006-05-05,54.72335886042022,54.778365382743836,54.72335886042022,54.75086212158203,376800
2006-05-08,54.75767599379624,54.76455311257011,54.709546653788394,54.743927001953125,281500
2006-05-09,54.70273272597654,54.757739248300155,54.70273272597654,54.75086212158203,233800
2006-05-10,54.75086212158203,54.847120912793,54.69586084496911,54.75086212158203,454100
2006-05-11,54.75771868263771,54.7714729309082,54.72333830767021,54.7714729309082,343300
2006-05-12,54.7714935017364,54.778365382743836,54.71648697941279,54.75086212158203,2040900
2006-05-15,54.77831268310547,54.792066923309406,54.74393757400691,54.77831268310547,350900
2006-05-16,54.798931857892136,54.83331220834237,54.76455675314689,54.82643508911133,607600
2006-05-17,54.80583876237284,54.81959300830992,54.750832270040156,54.7989616394043,463200
2006-05-18,54.8126792082097,54.881434654764895,54.8126792082097,54.85393142700195,491400
2006-05-19,54.86083989681815,54.88146601800153,54.81958765445138,54.840213775634766,353000
2006-05-22,54.85396277452125,54.902092139184916,54.83333665333787,54.840213775634766,543600
2006-05-23,54.86770087933809,54.87457275390626,54.80581728828418,54.87457275390625,307400
2006-05-24,54.929611265086706,54.929611265086706,54.86773288364496,54.90898513793945,298000
2006-05-25,54.943365513657426,54.943365513657426,54.88835901079221,54.90898513793945,603700
2006-05-26,54.908988892194444,54.97086727786696,54.902111767438875,54.92961502075195,1221300
2006-05-30,54.902092810089655,54.929596053906025,54.88146668865422,54.888343811035156,977400
2006-05-31,54.92960905517755,54.93648617918623,54.84709930419922,54.84709930419922,412200
2006-06-01,54.88709597033762,54.935387575234685,54.8457046699659,54.91469192504883,1356100
2006-06-02,55.00439023499679,55.01818558320078,54.956098621196084,54.99748992919922,1762200
2006-06-05,54.9698342728838,55.00433050101807,54.928443009831035,54.94913864135742,325800
2006-06-06,54.94913864135742,54.96293397457986,54.914642413223156,54.94913864135742,195800
2006-06-07,54.90779162052348,54.94918818428538,54.90779162052348,54.91469192504883,256700
2006-06-08,54.9629907709671,55.01128238222628,54.91469915970792,54.97679138183594,772000
2006-06-09,54.96989107640152,54.9905867293139,54.92849977057676,54.97679138183594,689600
2006-06-12,54.969851055388055,54.99054669323289,54.94915541754321,54.983646392822266,1695900
2006-06-13,54.96296358957962,55.004360138323,54.949168248924,54.96986389160156,322200
2006-06-14,54.935387575234685,54.94228787976004,54.88020092920245,54.91469192504883,507600
2006-06-15,54.859512850381215,54.914704772716156,54.85261780763291,54.900909423828125,1066600
2006-06-16,54.85949422272885,54.900890782119475,54.83879857472835,54.873294830322266,357700
2006-06-19,54.859495138178396,54.86639544209025,54.8319044493104,54.85260009765625,286100
2006-06-20,54.845703125,54.85949847027191,54.82500747539712,54.845703125,460500
2006-06-21,54.8870701238451,54.8870701238451,54.83877854168869,54.859474182128906,1958400
2006-06-22,54.852547587762615,54.852547587762615,54.804256033388164,54.831851959228516,323000
2006-06-23,54.84565012648607,54.84565012648607,54.79045827195144,54.81805419921875,322900
2006-06-26,54.83879610652234,54.83879610652234,54.79740481238429,54.82500076293945,230200
2006-06-27,54.84567884296466,54.88017508595683,54.83188350380042,54.859474182128906,1816700
2006-06-28,54.866342918990455,54.866342918990455,54.79735573608191,54.831851959228516,378200
2006-06-29,54.82502140614861,54.93539998654059,54.82502140614861,54.928504943847656,557000
2006-06-30,54.91469915970792,54.98368642387948,54.91469915970792,54.97679138183594,1242600
2006-07-03,54.90617719153962,54.98233042806794,54.89925801135845,54.96848678588867,916000
2006-07-05,54.94770980413299,54.954628983196265,54.871556579908294,54.92001724243164,2003600
2006-07-06,54.91309100530396,54.961551666259766,54.89924736580912,54.961551666259766,1200600
2006-07-07,54.989234823565866,55.00307846069336,54.94769863036837,55.00307846069336,476800
2006-07-10,55.00307846069336,55.01000292016461,54.96846672696712,55.00307846069336,667700
2006-07-11,55.02385183910711,55.0376954762346,54.996159283037116,55.00307846069336,305600
2006-07-12,54.99612643019916,55.03073814324953,54.98227751952954,55.02381896972656,2930100
2006-07-13,55.05846922358173,55.09308624267578,55.01000856593939,55.09308624267578,456800
2006-07-14,55.106884781663375,55.13457731791189,55.06534861819621,55.09996032714844,333800
2006-07-17,55.05846922358173,55.11385434140599,55.05846922358173,55.09308624267578,792500
2006-07-18,55.05150604248047,55.08612303722638,55.023818784857944,55.05150604248047,823300
2006-07-19,54.989224260240185,55.141530648459884,54.989224260240185,55.127681732177734,594000
2006-07-20,55.100018570198735,55.19694519042969,55.100018570198735,55.19694519042969,386300
2006-07-21,55.24537688197017,55.24537688197017,55.155374770782096,55.183067321777344,1209200
2006-07-24,55.19691623818199,55.224603507363206,55.16922368718674,55.183067321777344,161200
2006-07-25,55.19691251983286,55.203831695755035,55.141527421573386,55.169219970703125,255000
2006-07-26,55.203828277260484,55.259213372090244,55.17613572984561,55.23844528198242,872800
2006-07-27,55.245413839114754,55.29387451532134,55.245413839114754,55.26618194580078,724900
2006-07-28,55.280010688876274,55.34923945310821,55.280010688876274,55.33539581298828,500800
2006-07-31,55.35612497193389,55.369973884127475,55.32843242935915,55.342281341552734,401900
2006-08-01,55.369383234785374,55.39022667632857,55.34159021240212,55.37632751464844,202700
2006-08-02,55.37632751464844,55.41107011787176,55.355484073105245,55.37632751464844,302400
2006-08-03,55.39023202387775,55.39718160538875,55.341595555255786,55.369388580322266,249400
2006-08-04,55.41110690258356,55.473637268723984,55.404157317130014,55.41805648803711,681400
2006-08-07,55.42497794053146,55.445826688303605,55.411084076328365,55.43887710571289,342700
2006-08-08,55.43197031286594,55.480606826588385,55.390283387098826,55.466712951660156,464800
2006-08-09,55.47359244798895,55.49444118750454,55.445804730587284,55.487491607666016,499900
2006-08-10,55.494458670400164,55.50140295145018,55.445822198160535,55.473609924316406,238600
2006-08-11,55.45280754356491,55.45975713073919,55.404171035308586,55.42501449584961,224100
2006-08-14,55.431950307452816,55.43889989290003,55.3833138112833,55.397212982177734,351600
2006-08-15,55.47360992431641,55.48055950634433,55.445822198160535,55.473609924316406,356800
2006-08-16,55.54312138879485,55.57091442906185,55.5222779338397,55.56396484375,654800
2006-08-17,55.55700302124024,55.57090218880246,55.52920998709504,55.557003021240234,262500
2006-08-18,55.57089461584955,55.58478848053913,55.55004586734739,55.57783889770508,252900
2006-08-21,55.60558399249286,55.61253356933594,55.570846710225396,55.61253356933594,294200
2006-08-22,55.612578549749166,55.62647241369896,55.58478552087134,55.605628967285156,276500
2006-08-23,55.598706827638004,55.612605999426485,55.57786337093613,55.59176254272461,389100
2006-08-24,55.60564427977999,55.6264877319336,55.59869469540222,55.626487731933594,315800
2006-08-25,55.63343890419341,55.65428235694193,55.60564586686877,55.64038848876953,287700
2006-08-28,55.64733584594823,55.654285430908196,55.61954810806863,55.6542854309082,210100
2006-08-29,55.64036492767543,55.67510223388672,55.59172845819754,55.67510223388672,419000
2006-08-30,55.67511913763386,55.709861755371094,55.67511913763386,55.709861755371094,153400
2006-08-31,55.737640441833435,55.76543346867313,55.70289783303936,55.75848388671875,290200
2006-09-01,55.75921244649778,55.856839457492875,55.74526801075837,55.82197570800781,312800
2006-09-05,55.78707233622158,55.78707233622158,55.7312839870206,55.759178161621094,369900
2006-09-06,55.75220328790351,55.75917816162109,55.71036468613769,55.759178161621094,398200
2006-09-07,55.76615303533866,55.773127909056235,55.7312839870206,55.759178161621094,556300
2006-09-08,55.787119206115804,55.81501340415177,55.773174767234956,55.79409408569336,491500
2006-09-11,55.807979080111544,55.807979080111544,55.752190743463146,55.78705978393555,371900
2006-09-12,55.76611651863876,55.8149299621582,55.752166780338165,55.8149299621582,262500
2006-09-13,55.81500083000157,55.84986457948663,55.794081516255915,55.82197570800781,266300
2006-09-14,55.82890390202794,55.84285364770504,55.77312088012695,55.77312088012695,560200
2006-09-15,55.84290760218774,55.84290760218774,55.75225012850227,55.79409408569336,682900
2006-09-18,55.76614048775955,55.78705978393555,55.71732702325935,55.78705978393555,177000
2006-09-19,55.856787030395836,55.87073677331511,55.80797357071453,55.86376190185547,729500
2006-09-20,55.8986924950973,55.9265813711112,55.84290410252161,55.884742736816406,645500
2006-09-21,55.89867977559729,55.99630678025318,55.85683583054995,55.982357025146484,574400
2006-09-22,56.017217338621556,56.017217338621556,55.98234827657668,56.0102424621582,841000
2006-09-25,56.059043884277344,56.07299363419991,56.01720527505116,56.059043884277344,382000
2006-09-26,56.066032549604834,56.066032549604834,55.98932486697547,55.996299743652344,497800
2006-09-27,56.07302749233842,56.08697193041019,56.00328934115767,56.03815841674805,828800
2006-09-28,56.059043884277344,56.059043884277344,55.989311095476786,56.059043884277344,766900
2006-09-29,56.06602862601479,56.07300350220355,55.98932094875356,56.003265380859375,289900
2006-10-02,56.062018818747276,56.08301497557023,55.999030348278424,56.06901931762695,486500
2006-10-03,56.09003783881663,56.104038842158495,56.04804550842743,56.07604217529297,384800
2006-10-04,56.1250527152264,56.18804123068354,56.10405654340735,56.17404556274414,438300
2006-10-05,56.18104577209032,56.18104577209032,56.08306006825533,56.11805725097656,409000
2006-10-06,56.09705421677543,56.09705421677543,55.992068021271606,56.04806137084961,1015600
2006-10-09,56.083016034893554,56.097017032917364,56.01302706422303,56.05501937866211,202800
2006-10-10,56.02704687653398,56.03404203807873,55.957052542542684,55.97805404663086,296500
2006-10-11,56.006068807151394,56.03406548449902,55.922084114928744,55.97107696533203,327300
2006-10-12,55.9570982141116,56.013091591078634,55.9570982141116,55.99909591674805,1874600
2006-10-13,55.98504920817561,55.98504920817561,55.95005738099793,55.97805404663086,532800
2006-10-16,55.94305399091068,56.00604248046875,55.94305399091068,56.00604248046875,524200
2006-10-17,56.04105438028854,56.0480548831304,55.985061037191926,56.013057708740234,391900
2006-10-18,56.020008087158196,56.03400374050006,55.985010944082056,56.0200080871582,309300
2006-10-19,56.02705871442394,56.03405387744669,55.985061037191926,56.013057708740234,817100
2006-10-20,56.03407287597657,56.03407287597657,55.99908102954141,56.03407287597656,542100
2006-10-23,56.00604248046875,56.00604248046875,55.97105065509794,56.00604248046875,219900
2006-10-24,55.99904731928521,56.013042981469994,55.978051156099184,56.00604248046875,321400
2006-10-25,56.027027003981054,56.08301497557023,55.97803419145547,56.06901931762695,1177200
2006-10-26,56.11804573124021,56.14604240370605,56.07605339245109,56.139041900634766,1000200
2006-10-27,56.19502258300781,56.202023084501654,56.153030253680924,56.19502258300781,612700
2006-10-30,56.14605376932014,56.181045612121366,56.14605376932014,56.16004943847656,281400
2006-10-31,56.16001765477421,56.23700714111328,56.16001765477421,56.23700714111328,471700
2006-11-01,56.2629856319599,56.33323962399993,56.22786399556699,56.27703857421875,745900
2006-11-02,56.30513869634009,56.30513869634009,56.25596411804009,56.26298522949219,287800
2006-11-03,56.19273729820067,56.199763769367436,56.12951513658115,56.157615661621094,572800
2006-11-06,56.14358540343568,56.164659465823576,56.12251134104778,56.150611877441406,362700
2006-11-07,56.220863342285156,56.234916290997425,56.19276280449019,56.220863342285156,150500
2006-11-08,56.234903372396346,56.25597743099393,56.206802841056785,56.24895095825195,406800
2006-11-09,56.27006679976401,56.27006679976401,56.22791865127205,56.241966247558594,1603400
2006-11-10,56.29110543397509,56.29813190751076,56.255983785554626,56.28408432006836,236500
2006-11-13,56.29110543397509,56.29110543397509,56.23490972457655,56.28408432006836,785200
2006-11-14,56.33326066062526,56.33326066062526,56.27705958985682,56.291107177734375,391800
2006-11-15,56.29112217766617,56.29814865329185,56.23492645155231,56.25600051879883,277400
2006-11-16,56.270061242259054,56.30518826895458,56.213860143398925,56.23493957519531,3239700
2006-11-17,56.28410552702882,56.33328014104884,56.27005257466255,56.305179595947266,464300
2006-11-20,56.27710766958682,56.333308788370076,56.27710766958682,56.31925582885742,309600
2006-11-21,56.333255767822266,56.34730335447973,56.298128761735654,56.333255767822266,394500
2006-11-22,56.39646696951675,56.39646696951675,56.326218330646235,56.37539291381836,281500
2006-11-24,56.36840096629929,56.42460205566852,56.35435337377242,56.38245391845703,271100
2006-11-27,56.38947529136922,56.4316287884033,56.333279561375285,56.41757583618164,370300
2006-11-28,56.43862934920221,56.46672988378005,56.410534174253314,56.445655822753906,405700
2006-11-29,56.48078283088344,56.48780930443514,56.43862934920221,56.445655822753906,357100
2006-11-30,56.48781418178315,56.515909359157874,56.46673475930799,56.508888244628906,855400
2006-12-01,56.55608882693386,56.64773849160211,56.51378980921268,56.619537353515625,241800
2006-12-04,56.619576009858214,56.633679277938846,56.591374852517724,56.61252975463867,276800
2006-12-05,56.62662764389853,56.661880435279336,56.55612743995769,56.61252975463867,3681300
2006-12-06,56.63366990267201,56.63366990267201,56.58431923020097,56.60546875,1438800
2006-12-07,56.61252071295125,56.61956696704542,56.58431956011482,56.591365814208984,1203900
2006-12-08,56.59844114028643,56.59844114028643,56.5138430251827,56.52088928222656,471200
2006-12-11,56.55612855657892,56.57022644611712,56.520875764502094,56.52792739868164,523800
2006-12-12,56.56316971040194,56.61252038287298,56.549066444655985,56.60546875,267500
2006-12-13,56.54202528821984,56.56318019075846,56.506777874963895,56.52792739868164,322000
2006-12-14,56.534985767467646,56.534985767467646,56.485635079973825,56.499732971191406,1122100
2006-12-15,56.60549277615247,56.61254441201851,56.50679138931667,56.52088928222656,889400
2006-12-18,56.527940918092604,56.53499255395864,56.49973975345063,56.52088928222656,1125500
2006-12-19,56.520875764502094,56.54907692239938,56.513829509143434,56.52792739868164,261800
2006-12-20,56.55614645318865,56.57024434718798,56.534996922778355,56.56319808959961,593100
2006-12-21,56.577267597327996,56.6407161567251,56.54201481178301,56.60546875,1347900
2006-12-22,56.57729636178232,56.62664705934374,56.54909519477256,56.598445892333984,1097100
2006-12-26,56.619595422885645,56.619595422885645,56.56319846768875,56.598445892333984,1254300
2006-12-27,56.61677070473367,56.61677070473367,56.55312716011714,56.56726837158203,547400
2006-12-28,56.588575643995476,56.595648958997025,56.50371744541089,56.532005310058594,689900
2006-12-29,56.510779171690174,56.55320826228149,56.503705858139156,56.54613494873047,898300
2007-01-03,56.57436567313916,56.63800924475251,56.54607784286036,56.60265350341797,1245700
2007-01-04,56.62384526790741,56.65920639038087,56.602630752563265,56.65920639038086,500200
2007-01-05,56.588536397365495,56.623897552490234,56.56025394769142,56.623897552490234,261300
2007-01-08,56.61681552011422,56.61681552011422,56.58852767944336,56.58852767944336,267000
2007-01-09,56.6097412109375,56.62388243199835,56.58145337346247,56.6097412109375,674500
2007-01-10,56.630980362716905,56.630980362716905,56.588545890377674,56.595619201660156,286300
2007-01-11,56.57438378114962,56.59559831181097,56.53902263314493,56.55316925048828,685200
2007-01-12,56.57436359182586,56.57436359182586,56.50364671640642,56.51778793334961,258200
2007-01-16,56.560245373986255,56.595601128396815,56.39759163856507,56.57438659667969,422500
2007-01-17,56.57438378114962,56.588525003139296,56.53195471982694,56.55316925048828,621300
2007-01-18,56.55317206496257,56.58852781937313,56.531957533245446,56.57438659667969,611400
2007-01-19,56.581414978396595,56.58848288645421,56.54605385670986,56.56726837158203,412500
2007-01-22,56.581459765791095,56.58852767944336,56.553171925120225,56.58852767944336,301300
2007-01-23,56.58144859730139,56.58144859730139,56.53901414699417,56.56023406982422,318600
2007-01-24,56.56024523412643,56.71582026478528,56.553171925120225,56.58852767944336,529300
2007-01-25,56.57442280757714,56.57442280757714,56.517847089883794,56.54613494873047,708800
2007-01-26,56.53902263314493,56.5814570898213,56.52488141115526,56.55316925048828,502500
2007-01-29,56.56730198208136,56.59558981716855,56.53194623473703,56.56023406982422,877600
2007-01-30,56.57438659667969,56.58852781937313,56.55317206496257,56.57438659667969,297900
2007-01-31,56.567348390076866,56.638065338134766,56.567348390076866,56.638065338134766,526800
2007-02-01,56.701903184231675,56.701903184231675,56.60962611949747,56.63092041015625,520400
2007-02-02,56.65222549438477,56.65932539783657,56.616736808404895,56.652225494384766,303900
2007-02-05,56.65930240374974,56.6805966898237,56.63090821710534,56.63800811767578,758800
2007-02-06,56.66643849081846,56.70902709016294,56.645144191146215,56.701927185058594,296300
2007-02-07,56.716121768849504,56.75161045981934,56.70902186439942,56.730316162109375,1107600
2007-02-08,56.73741922289385,56.75871352178842,56.716124923999274,56.75161361694336,217200
2007-02-09,56.72321841928117,56.73031290768396,56.687724314707204,56.69482421875,437300
2007-02-12,56.69482421874999,56.72321841928117,56.68062441066441,56.69482421875,534200
2007-02-13,56.72321535509799,56.72321535509799,56.68772125244141,56.687721252441406,689500
2007-02-14,56.73741565059318,56.82259825644882,56.73741565059318,56.81549835205078,596200
2007-02-15,56.8580588270537,56.86515872794037,56.82966463914464,56.84386444091797,435900
2007-02-16,56.85092088633469,56.879315055244774,56.82253213305858,56.8580207824707,344200
2007-02-20,56.84390724891016,56.87939594879411,56.84390724891016,56.85100173950195,258100
2007-02-21,56.85095382088583,56.88644790649414,56.85095382088583,56.88644790649414,223400
2007-02-22,56.86520155196887,56.87230145820233,56.82261294585146,56.85100173950195,250200
2007-02-23,56.87934661350298,56.92194059831743,56.86515222898948,56.91484069824219,380300
2007-02-26,56.929083360836714,56.964577475676315,56.921988870382044,56.95747756958008,462800
2007-02-27,56.98578169281482,57.14194688621009,56.95738752895814,57.09225845336914,1362900
2007-02-28,57.09945505752568,57.120749362576085,57.01427242168189,57.049766540527344,666500
2007-03-01,57.1216411852712,57.17862168479191,57.07178460668045,57.12876510620117,1002300
2007-03-02,57.15725692208384,57.20711350204066,57.143014513793176,57.19287109375,974400
2007-03-05,57.24271219718389,57.24271219718389,57.150117549470245,57.2142219543457,1420400
2007-03-06,57.150173229263494,57.22139618877036,57.12168295866805,57.16442108154297,512300
2007-03-07,57.18581151031729,57.235668146366024,57.15732122772291,57.22142028808594,387000
2007-03-08,57.19293543945734,57.22854421722598,57.164445156862946,57.22142028808594,365500
2007-03-09,57.114581792529556,57.13594814346688,57.08609151329142,57.121700286865234,555100
2007-03-12,57.15014245611174,57.18575663367005,57.135900045464744,57.1715087890625,361900
2007-03-13,57.2498664855957,57.278356746251255,57.21425773524747,57.2498664855957,887300
2007-03-14,57.22851163251815,57.313982431636035,57.22851163251815,57.26412582397461,622800
2007-03-15,57.2498664855957,57.256990409249994,57.22137622494016,57.2498664855957,598600
2007-03-16,57.214265625308116,57.249874380566936,57.20001777603471,57.24275588989258,842300
2007-03-19,57.20711350204066,57.20711350204066,57.178623251499666,57.19287109375,238500
2007-03-20,57.26412222984034,57.26412222984034,57.221384115982474,57.24275588989258,619300
2007-03-21,57.235606354596214,57.342443440492,57.22135851169815,57.33531951904297,414300
2007-03-22,57.299785855036966,57.32827614690356,57.24992920276231,57.278419494628906,382000
2007-03-23,57.292612494424795,57.32110275900926,57.23563196525588,57.24275588989258,288700
2007-03-26,57.2712588154245,57.321115430978516,57.23564461833011,57.29974365234375,524300
2007-03-27,57.29263852914469,57.3211288066756,57.27127217948771,57.306880950927734,427900
2007-03-28,57.33531951904297,57.40654243165353,57.32819559759394,57.33531951904297,429300
2007-03-29,57.3211288066756,57.3211288066756,57.285514601270755,57.306880950927734,335200
2007-03-30,57.31400487880167,57.38522785564654,57.242781901956796,57.306880950927734,464700
2007-04-02,57.31043866485203,57.32473894745266,57.27469886627007,57.317588806152344,313900
2007-04-03,57.30329397751152,57.331883634793165,57.27469886627007,57.317588806152344,419100
2007-04-04,57.33903605106052,57.3676311634365,57.310440938684536,57.353336334228516,405300
2007-04-05,57.33185577392578,57.35330618740272,57.29611599271185,57.33185577392578,271900
2007-04-09,57.21750539043009,57.23180021825812,57.1960604217083,57.20320510864258,356200
2007-04-10,57.23890535132817,57.28894539031826,57.23175521605667,57.27465057373047,780300
2007-04-11,57.30324566086126,57.31754047744905,57.23175521605667,57.27465057373047,773900
2007-04-12,57.260408908924035,57.2747091941033,57.21036881871817,57.26755905151367,374300
2007-04-13,57.26757064709005,57.28901562524036,57.20323025867723,57.238975524902344,261100
2007-04-16,57.26036465606602,57.2818096133007,57.2246248786604,57.23176956176758,285500
2007-04-17,57.31043726657641,57.33188223599432,57.28184215603263,57.324737548828125,398000
2007-04-18,57.360451641807906,57.40334701538086,57.35330695784343,57.40334701538086,977800
2007-04-19,57.40334701538086,57.431936659153195,57.374751917651295,57.40334701538086,223200
2007-04-20,57.3747470799539,57.40334217527239,57.35330212195422,57.389041900634766,293200
2007-04-23,57.39621363804517,57.439103570185424,57.26038824765594,57.43195343017578,1900700
2007-04-24,57.42479298834632,57.48198318481446,57.41764285029847,57.48198318481445,264000
2007-04-25,57.46054077148437,57.48199118861467,57.446245947355585,57.460540771484375,847200
2007-04-26,57.46055351007158,57.46055351007158,57.38906846566376,57.41766357421875,1356200
2007-04-27,57.44625994303153,57.453410083816955,57.40337000623777,57.439109802246094,267400
2007-04-30,57.44623794853254,57.51057282909121,57.43908781048469,57.48198318481445,266000
2007-05-01,57.52937204873596,57.53654224058909,57.44328048563827,57.45762634277344,352500
2007-05-02,57.48630905151367,57.500660378463095,57.45044168099515,57.48630905151367,240900
2007-05-03,57.45758696668862,57.47193828741763,57.42171961171641,57.443241119384766,301300
2007-05-04,57.47912237772549,57.49346822713332,57.45759539347482,57.471946716308594,272600
2007-05-07,57.47912237772549,57.50064388855021,57.464771054891706,57.471946716308594,917000
2007-05-08,57.50065231323242,57.51499816474213,57.47195513678625,57.50065231323242,311100
2007-05-09,57.50067486103673,57.522196383453924,57.4504561509203,57.45762634277344,547900
2007-05-10,57.471958732327664,57.50783157348633,57.464783069410515,57.50783157348633,458000
2007-05-11,57.550879075931036,57.550879075931036,57.45761187104234,57.48630905151367,1229700
2007-05-14,57.48628413472149,57.500635455450485,57.44324111938477,57.443241119384766,280100
2007-05-15,57.50067486103673,57.50785052631876,57.4504561509203,57.45762634277344,947000
2007-05-16,57.493500754831224,57.529373608785264,57.42176052035219,57.51502227783203,1348000
2007-05-17,57.4934832738166,57.50065893711144,57.457610430769776,57.4791374206543,394500
2007-05-18,57.46475015931828,57.46475015931828,57.414531494512666,57.42170715332031,859700
2007-05-21,57.42168550277042,57.47190414864136,57.42168550277042,57.436031341552734,852300
2007-05-22,57.44321420505811,57.47191135964526,57.42169270747339,57.45038986206055,1016600
2007-05-23,57.45038265375694,57.48624998742367,57.436031341552734,57.436031341552734,642200
2007-05-24,57.4719776733375,57.47915333861953,57.40740763265701,57.45762634277344,844700
2007-05-25,57.43607489278862,57.50064489982434,57.428904704671574,57.49346923828125,1649800
2007-05-29,57.46472849253925,57.479079804743456,57.436031341552734,57.436031341552734,311100
2007-05-30,57.47196175735946,57.4934832738166,57.44326457760747,57.4791374206543,466300
2007-05-31,57.48628413472149,57.48628413472149,57.42171961171641,57.443241119384766,948300
2007-06-01,57.43536443830838,57.49296672633302,57.39936712823539,57.41376495361328,1827100
2007-06-04,57.428133275580514,57.44253109218439,57.39933214911959,57.43532943725586,242300
2007-06-05,57.413772766583975,57.43537225421837,57.3777754516124,57.384971618652344,294400
2007-06-06,57.42091785102336,57.47131843693055,57.40652003787211,57.4569206237793,779300
2007-06-07,57.42811931927084,57.44251713237572,57.348917614064355,57.39211654663086,1047900
2007-06-08,57.38496380960097,57.41376495361328,57.37056598422308,57.41376495361328,1129500
2007-06-11,57.39932567128608,57.43532295535986,57.392124017170296,57.42092514038086,358400
2007-06-12,57.37772701432514,57.41372429890843,57.341724236489206,57.37052536010742,855700
2007-06-13,57.37057379131517,57.406576599544024,57.34177264338354,57.384971618652344,592200
2007-06-14,57.3777754516124,57.3993749392468,57.356175963977996,57.384971618652344,341300
2007-06-15,57.41376791727492,57.464168548583984,57.3849667717759,57.464168548583984,343400
2007-06-18,57.44256906277393,57.471370208272944,57.41376791727492,57.464168548583984,461500
2007-06-19,57.52172339677321,57.57932564026202,57.48572062127964,57.56492233276367,1196700
2007-06-20,57.53612533981139,57.55052315371601,57.471321444110224,57.50732421875,1038700
2007-06-21,57.53612850333959,57.5649241327321,57.514523541416516,57.528926849365234,178800
2007-06-22,57.50731879701427,57.60811996459961,57.50731879701427,57.60811996459961,353100
2007-06-25,57.644097370553226,57.65850067138672,57.58650064696848,57.65850067138672,380200
2007-06-26,57.644108464843114,57.644108464843114,57.60090954052798,57.62250900268555,462100
2007-06-27,57.6945238234084,57.6945238234084,57.61532211303711,57.61532211303711,450500
2007-06-28,57.62973038407436,57.65853150789481,57.58653144497003,57.600929260253906,360800
2007-06-29,57.665742277070436,57.72334453930341,57.62254332702274,57.716148376464844,1063700
2007-07-02,57.72480928675514,57.768171594359956,57.71035150820226,57.753719329833984,4806500
2007-07-03,57.760931369192214,57.77538914490768,57.695887920550106,57.73202133178711,296400
2007-07-05,57.67422115384471,57.69590230879894,57.630853329909044,57.65253448486328,820300
2007-07-06,57.645301818847656,57.65975408181222,57.59471062743222,57.645301818847656,991700
2007-07-09,57.630851025143464,57.688671112060554,57.630851025143464,57.68867111206055,652600
2007-07-10,57.74652028819995,57.797111511230476,57.703152444152536,57.79711151123047,673700
2007-07-11,57.81158133732497,57.81158133732497,57.746537822548454,57.768218994140625,315300
2007-07-12,57.81152255614468,57.81152255614468,57.695887920550106,57.73202133178711,550100
2007-07-13,57.76812365866858,57.76812365866858,57.71030362048965,57.760894775390625,1058600
2007-07-16,57.76094364581076,57.818763732910156,57.75372027044359,57.818763732910156,295500
2007-07-17,57.78261184692383,57.82597965954017,57.768159585402216,57.78261184692383,2105200
2007-07-18,57.825999563925016,57.891043034199605,57.811541783401104,57.869361877441406,611200
2007-07-19,57.825957667378354,57.86931994947755,57.818728782353936,57.862091064453125,2355100
2007-07-20,57.90554736638997,57.97059088895462,57.89831847031653,57.956138610839844,522700
2007-07-23,57.934368234418955,57.95604937522447,57.90545820867041,57.912681579589844,294600
2007-07-24,57.956144034009434,57.98505410697631,57.94168624050969,57.97059631347656,363100
2007-07-25,57.98495809878745,58.02832037942467,57.97050032922606,58.01386260986328,316100
2007-07-26,58.100634841575506,58.19458835580103,58.093405951549705,58.15122604370117,1740500
2007-07-27,58.180154387493666,58.23074560553032,58.13679206175632,58.21629333496094,1063600
2007-07-30,58.2235022605503,58.25964119904688,58.14400100708008,58.14400100708008,778700
2007-07-31,58.15120781620445,58.237937927246094,58.115074405456404,58.237937927246094,449900
2007-08-01,58.224847310388,58.268372710277575,58.15955367578764,58.18131637573242,865700
2007-08-02,58.18135412779358,58.21762900774986,58.15234086555208,58.21037292480469,386200
2007-08-03,58.25391714881758,58.36273074391791,58.2466610642206,58.3554801940918,678200
2007-08-06,58.34095843509649,58.39173994938638,58.26841420536378,58.282920837402344,2911800
2007-08-07,58.26841828689188,58.36998132258584,58.18861796816515,58.23214340209961,818900
2007-08-08,58.18868255615235,58.210445297275676,58.123394332782354,58.188682556152344,533600
2007-08-09,58.311949221280805,58.3554801940918,58.26842378324067,58.3554801940918,1314300
2007-08-10,58.39899404620713,58.41350067775221,58.31193765262735,58.33370590209961,1899400
2007-08-13,58.31919347351596,58.39899378357945,58.297430758911325,58.38448715209961,603400
2007-08-14,58.32650389610043,58.46433639526367,58.32650389610043,58.46433639526367,1720300
2007-08-15,58.522266540937615,58.594810702199965,58.471485074577494,58.544029235839844,1299000
2007-08-16,58.64564789779547,58.870542206613365,58.61663463353186,58.660160064697266,2481100
2007-08-17,58.66015598891207,58.739956297017336,58.623881108948,58.7109375,936000
2007-08-20,58.71091070297186,58.83423638292961,58.70365462333697,58.78345489501953,1029600
2007-08-21,58.92135320938847,58.928609296470796,58.769008589296206,58.86331558227539,876500
2007-08-22,58.76169219088194,58.80521759915713,58.72541732747457,58.78345489501953,774100
2007-08-23,58.71096326329762,58.81978241617179,58.68194445354638,58.74723815917969,842000
2007-08-24,58.725444258570924,58.73995642449589,58.6093746050193,58.63839340209961,700700
2007-08-27,58.6819334239243,58.732714947751276,58.631151900097315,58.71820831298828,480400
2007-08-28,58.74721107070123,58.87053680419922,58.739954987916214,58.87053680419922,602800
2007-08-29,58.834277318963885,58.90682156148679,58.79800796508789,58.79800796508789,443600
2007-08-30,58.85606647113769,58.89959746401841,58.819797100972735,58.84881591796875,389600
2007-08-31,58.79803437191908,58.94312292212572,58.689215191877395,58.84881591796875,2442400
2007-09-04,58.9769663783733,58.9769663783733,58.45994460731394,58.845890045166016,603600
2007-09-05,58.955123368420416,59.02066431524537,58.91143310769045,58.99881362915039,358700
2007-09-06,58.98423698416024,58.99152054433019,58.83131555496281,58.92597961425781,339600
2007-09-07,59.1079919253228,59.14440414715617,59.05701814819109,59.12983703613281,470900
2007-09-10,59.14441932347874,59.217238230105636,59.05703330209061,59.151702880859375,691300
2007-09-11,59.115278131223725,59.14440679885138,59.06430435180664,59.06430435180664,537700
2007-09-12,59.093480798282506,59.20999000726904,59.06435210710343,59.115325927734375,410100
2007-09-13,59.06433964390456,59.09346832893718,58.976953588806715,59.02792739868164,532100
2007-09-14,59.10076291023568,59.13716960651912,58.84588825760343,59.020660400390625,451100
2007-09-17,58.955128382956595,59.09348829467662,58.955128382956595,59.01338577270508,347900
2007-09-18,58.94781287287243,59.12986295037448,58.16136076041646,59.09345626831055,743300
2007-09-19,59.0351989101353,59.18812030854973,59.0351989101353,59.09345626831055,1602400
2007-09-20,59.0643448540428,59.10075710247769,58.96239722530002,58.96968078613281,2156700
2007-09-21,58.99883084986001,59.1153456534552,58.98426927727643,59.0498046875,418300
2007-09-24,59.071635668830645,59.12260948946158,59.02793985419714,59.115325927734375,289400
2007-09-25,59.151721090291126,59.20997290008916,59.07889660551929,59.166282653808594,611400
2007-09-26,59.15896570245451,59.217223035097895,59.1079919253228,59.12983703613281,528000
2007-09-27,59.15171710853566,59.30463851595202,59.15171710853566,59.239097595214844,878800
2007-09-28,59.22452726171994,59.29006261702376,59.173553466796875,59.173553466796875,701000
2007-10-01,59.215249871907695,59.25179570413281,59.164089052459204,59.18601989746094,5263100
2007-10-02,59.142099749754436,59.2371165802195,59.142099749754436,59.222496032714844,1337200
2007-10-03,59.28094165322949,59.29555661836276,59.1859304396065,59.21516036987305,1713300
2007-10-04,59.22253579969594,59.25177133823138,59.20061053982157,59.24446105957031,219200
2007-10-05,59.127496757317175,59.23712858139274,59.12018648208382,59.17865753173828,2065600
2007-10-08,59.24446443197196,59.25908499012635,59.127527847282586,59.237159729003906,268400
2007-10-09,59.12752752540738,59.17137804741355,59.09098170632951,59.1056022644043,1313900
2007-10-10,59.08367817577134,59.1421492625308,59.04713792862898,59.12022399902344,477100
2007-10-11,59.03252234982194,59.14215425271882,59.03252234982194,59.134849548339844,1196000
2007-10-12,59.076390634779344,59.120241174533454,59.03984480091001,59.0690803527832,1798400
2007-10-15,59.01791953103295,59.091005622660255,58.9959942611559,59.0690803527832,2014700
2007-10-16,59.10556107034001,59.27365833827972,59.10556107034001,59.1421012878418,561900
2007-10-17,59.17869188053729,59.33217429288565,59.17869188053729,59.28101348876953,1432000
2007-10-18,59.383337311477305,59.40526257461477,59.324866225704305,59.361412048339844,385600
2007-10-19,59.41991171769959,59.580698916756575,59.397980867902774,59.514923095703125,900600
2007-10-22,59.456389065290416,59.55140591885983,59.34675723676764,59.46369934082031,607400
2007-10-23,59.449077474676685,59.492933550779505,59.41984752541654,59.47100830078125,380100
2007-10-24,59.507574397956915,59.631821252704306,59.507574397956915,59.58797073364258,457500
2007-10-25,59.609876155638204,59.63180140787258,59.551410675048835,59.55141067504883,566300
2007-10-26,59.5441046578438,59.617190695888176,59.5148691274046,59.558719635009766,1568500
2007-10-29,59.56602991164639,59.587955165448975,59.522179404041225,59.558719635009766,592000
2007-10-30,59.53679012282133,59.566025651169454,59.52217514670071,59.55141067504883,293000
2007-10-31,59.536779045436965,59.558704293591944,59.42714722855627,59.456382751464844,554900
2007-11-01,59.48794780196453,59.65667919066172,59.48794780196453,59.64934158325195,1776000
2007-11-02,59.59061121868354,59.928068136951914,59.59061121868354,59.722660064697266,418900
2007-11-05,59.781410950082766,59.78874855999867,59.67870679908591,59.715389251708984,520700
2007-11-06,59.700672378569585,59.76669962783245,59.67866516113281,59.67866516113281,996400
2007-11-07,59.78142294776623,59.8621198821671,59.74474608473885,59.847450256347656,484400
2007-11-08,59.89142367571533,60.01613499904357,59.847409231470955,59.94277572631836,1829600
2007-11-09,60.0307794267258,60.19950510777237,59.92807537818853,59.964752197265625,1566300
2007-11-12,60.08219884968148,60.13355093155558,59.97949468593328,60.10420608520508,699100
2007-11-13,59.99410891396672,60.03812334437237,59.86206002579779,59.92074966430664,1081200
2007-11-14,59.89877458594061,59.97213387495934,59.87676735893048,59.95012664794922,570400
2007-11-15,60.08216787214682,60.15552715172148,60.0381478268386,60.148189544677734,630200
2007-11-16,60.14818954467773,60.19954160007542,60.104175096323786,60.148189544677734,434500
2007-11-19,60.15555190543335,60.37563543167488,59.898791522789274,60.346290588378906,973800
2007-11-20,60.33159653718524,60.404955824049544,60.265574858093814,60.32426452636719,620000
2007-11-21,60.44166296099485,60.55904234550004,60.44166296099485,60.51502227783203,1685000
2007-11-23,60.47098946745061,60.52234153335827,60.412299792997445,60.44898223876953,275600
2007-11-26,60.47827965112636,60.99913751031068,60.338893182840756,60.61766052246094,983500
2007-11-27,60.566325483339156,60.87444332054097,60.39759975046808,60.43427658081055,793900
2007-11-28,60.404922711126005,60.434267529176374,60.324231457677186,60.38291549682617,740300
2007-11-29,60.47100042724243,60.595711810341584,60.434317974822,60.49300765991211,509000
2007-11-30,60.41965378101591,60.54436517532097,60.382971325299394,60.52235794067383,640200
2007-12-03,60.61509197517971,60.666616419850314,60.32802640976585,60.65925979614258,486000
2007-12-04,60.747568797249016,60.747568797249016,60.59299550244651,60.65188217163086,1015400
2007-12-05,60.60770892388332,60.70340115665742,60.5782712076743,60.67395782470703,615100
2007-12-06,60.629814983253546,60.629814983253546,60.51940385713978,60.54884719848633,1601200
2007-12-07,60.548865366404314,60.548865366404314,60.41637309846162,60.48261642456055,888000
2007-12-10,60.504693180952955,60.51205542190486,60.40900651155596,60.43844985961914,499000
2007-12-11,60.44579977800912,60.666616419850314,60.40163195704625,60.65925979614258,1751200
2007-12-12,60.394248466729394,60.57090282476565,60.357442901590645,60.50465393066406,452900
2007-12-13,60.44574504269399,60.52671275610688,60.39422064468017,60.41630172729492,493100
2007-12-14,60.36486498639543,60.38694610107464,60.26917266845703,60.26917266845703,539300
2007-12-17,60.32796649481743,60.44573974609375,60.32796649481743,60.44573974609375,662700
2007-12-18,60.46048666717824,60.48992999366822,60.37215668770831,60.40896224975586,697000
2007-12-19,60.48996256724333,60.60037369710156,60.40163254020808,60.563568115234375,718100
2007-12-20,60.592970050566045,60.65185669501524,60.50464008389225,60.607688903808594,1304600
2007-12-21,60.57823845851482,60.592957308662186,60.46046519438259,60.51198959350586,2023700
2007-12-24,60.41632518334761,60.475211837007926,60.386881856517455,60.460487365722656,314800
2007-12-26,60.43840544600144,60.48992986331278,60.35743770226357,60.4015998840332,472700
2007-12-27,60.57814159500289,60.57814159500289,60.45258473605694,60.53382873535156,688500
2007-12-28,60.52642585187149,60.62244453634931,60.52642585187149,60.607669830322266,584100
2007-12-31,60.644617263790124,60.70370483398437,60.63722990879063,60.703704833984375,1120400
2008-01-02,60.76274150422736,60.88830390607795,60.68150319935458,60.8144416809082,1471100
2008-01-03,60.88093672639118,60.93263692020025,60.79969275970569,60.91048049926758,408400
2008-01-04,61.04345637820991,61.05822545487293,60.96959972509192,60.99913787841797,884700
2008-01-07,60.991793562205295,61.013950008238524,60.93270594951345,60.962249755859375,917400
2008-01-08,60.9622033042587,61.05083465576172,60.91050309127376,61.05083465576172,1154500
2008-01-09,61.08777056830896,61.102545280193944,61.01391391358876,61.02130126953125,2590700
2008-01-10,61.03607034651466,61.10992700123487,60.999139201703784,61.02130126953125,997700
2008-01-11,61.05083237034343,61.20593300349211,61.05083237034343,61.191158294677734,490100
2008-01-14,61.18376264827753,61.21330642700195,61.14683715104672,61.21330642700195,1272300
2008-01-15,61.25022650570405,61.26499557495117,61.183751606845476,61.26499557495117,1448400
2008-01-16,61.30193472520624,61.338865855506455,61.22807809950513,61.31670379638672,965700
2008-01-17,61.279762040352395,61.43486260363846,61.25760562201122,61.42009353637695,1032200
2008-01-18,61.405323048631516,61.516110782838894,61.375779277183,61.471797943115234,939100
2008-01-22,62.39507567608464,62.39507567608464,61.61956647543104,61.73035430908203,2395400
2008-01-23,62.025785616057725,62.025785616057725,61.68603476257175,61.700809478759766,1906100
2008-01-24,61.70078652490699,61.70078652490699,61.50875473022462,61.50875473022461,1047100
2008-01-25,61.42010523650439,61.69337529463214,61.41271788401747,61.67121887207031,1281300
2008-01-28,61.649069024417365,61.693381874267004,61.59736882129294,61.64168167114258,758600
2008-01-29,61.56044454132417,61.61214475020269,61.523519040639606,61.60476303100586,872000
2008-01-30,61.597420084659504,61.64912033081055,61.48663223293464,61.64912033081055,3025000
2008-01-31,61.7672346888481,61.789396747304174,61.6564525710636,61.708152770996094,905800
2008-02-01,61.827391986981254,61.83479893407973,61.73853122118053,61.77555465698242,1754600
2008-02-04,61.75335972429212,62.14584330159046,61.72373757602565,61.782981872558594,787300
2008-02-05,61.93844944341176,61.94585638762216,61.85699000662645,61.923641204833984,1949700
2008-02-06,61.93107080939725,61.968099897533115,61.87183217816372,61.945884704589844,898700
2008-02-07,61.99769953010862,61.99769953010862,61.812565456332536,61.864402770996094,2791400
2008-02-08,61.89403873680418,61.98289949618108,61.88663179024116,61.97549819946289,2447100
2008-02-11,61.99029660685833,62.042133924884865,61.96067447515117,61.997703552246094,669400
2008-02-12,61.90147750812735,62.0273730765354,61.894076206928474,62.01996612548828,936700
2008-02-13,62.0347912280933,62.1014425059252,62.00517471555665,62.042198181152344,632300
2008-02-14,62.01991873856548,62.05694781566041,61.975488365926715,61.997703552246094,1471200
2008-02-15,62.04216913838434,62.08659953624063,61.879250146448435,61.931087493896484,1830200
2008-02-19,61.95328604930785,61.982902537323376,61.84960574187309,61.886634826660156,1031900
2008-02-20,61.90887456035043,61.93849670995427,61.7755777120568,61.81260681152344,822500
2008-02-21,61.77556081558336,61.9903171040869,61.7237234804167,61.98291015625,588900
2008-02-22,61.923674343193746,62.012535121900136,61.89405220034293,61.91626739501953,1470900
2008-02-25,61.908871934110635,61.94590103200647,61.79038899056878,61.820011138916016,689400
2008-02-26,61.81999466671513,61.923669333382364,61.81999466671513,61.90885543823242,657700
2008-02-27,61.9903171040869,62.04215443925356,61.908857627418456,61.98291015625,1626500
2008-02-28,62.1013783869969,62.13100051879883,62.056948014215976,62.13100051879883,823700
2008-02-29,62.264319939315286,62.360587665311684,62.18286045968525,62.34577941894531,901700
2008-03-03,62.36283838941039,62.38509667563578,62.25154129747822,62.34799575805664,1341900
2008-03-04,62.35538815871642,62.50378043861104,62.31087160690856,62.3331298828125,662900
2008-03-05,62.36282389996164,62.39991914811678,62.244105519935744,62.296043395996094,607700
2008-03-06,62.42223484108563,62.48159408569336,62.37029691725616,62.48159408569336,1482800
2008-03-07,62.53351037067394,62.57061130091779,62.33318006545581,62.4518928527832,1557200
2008-03-10,62.44445769312087,62.555749127480226,62.39251414267929,62.518653869628906,701400
2008-03-11,62.318343649823426,62.32576496877444,62.20704650878906,62.20704650878906,638300
2008-03-12,62.26637956543514,62.42219323306469,62.25154259457748,62.40735626220703,459200
2008-03-13,62.48900940750849,62.54094732635191,62.33319565097824,62.37771224975586,915400
2008-03-14,62.340588596407606,62.659637313288336,62.340588596407606,62.56318283081055,1031000
2008-03-17,62.72644760237438,62.77838552693107,62.629993074143144,62.70418930053711,851000
2008-03-18,62.64482917796002,62.6967671017895,62.4519144633895,62.48159408569336,735400
2008-03-19,62.459289598586444,62.607681939567755,62.37767211280524,62.5483283996582,696300
2008-03-20,62.533526109124026,62.652244587137695,62.39997065176295,62.47416687011719,1289400
2008-03-24,62.3406193217424,62.3406193217424,62.19222686620777,62.21448516845703,849600
2008-03-25,62.29607888134605,62.34801678699148,62.25898361206055,62.25898361206055,1870900
2008-03-26,62.35542564266945,62.44446446061203,62.28864511401101,62.392520904541016,474100
2008-03-27,62.40737072302286,62.46672994181873,62.385112431176076,62.45930862426758,437800
2008-03-28,62.437022388113874,62.48896026611328,62.34798359977026,62.48896026611328,370800
2008-03-31,62.488981539256734,62.52607680142515,62.45930193303836,62.50381851196289,474400
2008-04-01,62.38930108730074,62.4339108547211,62.27777099609375,62.27777099609375,2527500
2008-04-02,62.2479823571381,62.30746578398257,62.14388919648617,62.225677490234375,818600
2008-04-03,62.27039289421725,62.292697798971446,62.16629955692342,62.18116760253906,688400
2008-04-04,62.23319151227843,62.3001118747294,62.218323472100074,62.29267501831055,1027900
2008-04-07,62.19597278789158,62.21827766806831,62.08444271435272,62.173667907714844,574700
2008-04-08,62.20343002533041,62.262907834409845,62.18111946518645,62.21086120605469,986000
2008-04-09,62.315002227881415,62.40422751887827,62.29269732329755,62.32987594604492,610500
2008-04-10,62.396760468720686,62.41163417968745,62.277799144279804,62.30754089355469,433900
2008-04-11,62.35206138644141,62.41154479980469,62.344624541608376,62.41154479980469,1193300
2008-04-14,62.396728863206405,62.41903374569992,62.3595559499358,62.37442398071289,551000
2008-04-15,62.329853627745464,62.359595380761526,62.262933265294485,62.29267501831055,483800
2008-04-16,62.29265611759166,62.307529825916426,62.13651621612754,62.15882110595703,1370900
2008-04-17,62.17366787448033,62.17366787448033,61.97291260768666,62.047264099121094,792700
2008-04-18,61.92084182759575,62.010066986083984,61.85392721321929,62.010066986083984,1436200
2008-04-21,61.9729121798155,62.01752761249227,61.92830241979387,61.95060729980469,753400
2008-04-22,61.92836306616509,61.987846586216165,61.92092620799353,61.97297286987305,494100
2008-04-23,61.95810482619063,62.002714629898584,61.91348934982197,61.97297286987305,505600
2008-04-24,61.86141110559916,61.90602655919012,61.76475468935806,61.80193328857422,975700
2008-04-25,61.75729100327156,61.85395305017367,61.75729100327156,61.8093376159668,1386000
2008-04-28,61.80936901869374,61.88372622259783,61.74245434236992,61.87628936767578,593600
2008-04-29,61.906008415368284,61.94318133103176,61.853961795314504,61.861392974853516,695300
2008-04-30,61.8763143944658,61.98040771484375,61.77965225935734,61.98040771484375,870600
2008-05-01,62.04139306223873,62.04139306223873,61.84025271517461,61.870052337646484,1129900
2008-05-02,61.76579866147185,62.19787927300527,61.72109635540234,61.78814697265625,878100
2008-05-05,61.83284196650381,61.87753858769541,61.7881453453122,61.85519027709961,723600
2008-05-06,61.91476239380725,61.966910323549186,61.82536350695049,61.89241409301758,893400
2008-05-07,61.84781178954386,61.96701049804688,61.84781178954386,61.967010498046875,861500
2008-05-08,62.01911163330078,62.063808273350645,61.937164004074056,62.01911163330078,1319900
2008-05-09,62.086162403509995,62.09361373878327,62.01166610188774,62.041465759277344,848600
2008-05-12,61.98931287486241,62.0563635196095,61.92226791381836,61.92226791381836,569800
2008-05-13,61.840349124227764,61.89249712392803,61.76585279375677,61.81800079345703,557100
2008-05-14,61.84778886485163,61.84778886485163,61.69134488070986,61.773292541503906,574000
2008-05-15,61.75092408057854,61.86267137102038,61.75092408057854,61.82542037963867,657100
2008-05-16,61.75090638489366,61.89989894031779,61.75090638489366,61.84030532836914,417200
2008-05-19,61.8850041317814,61.91480378065318,61.810507851452876,61.907352447509766,371100
2008-05-20,61.90736997948316,62.004220286669614,61.90736997948316,61.996768951416016,462600
2008-05-21,61.93714264670383,62.011638915666545,61.907343002378546,61.929691314697266,900100
2008-05-22,61.82541058452459,61.83286191836107,61.72856597946002,61.758365631103516,433700
2008-05-23,61.8030557530646,61.93715132947631,61.8030557530646,61.8775520324707,555000
2008-05-27,61.85518627283914,61.88498591293795,61.77323868349245,61.810489654541016,501600
2008-05-28,61.765777248061056,61.7806742224525,61.691275325007645,61.698726654052734,413700
2008-05-29,61.63915969399899,61.698758990198044,61.49016713720306,61.67641067504883,439600
2008-05-30,61.743427413949036,61.79557535337479,61.72853043855559,61.76578140258789,1970100
2008-06-02,61.77551316956689,61.924913240615304,61.760576011977044,61.8875617980957,369300
2008-06-03,61.94727378703812,61.999562346598324,61.77546526332569,61.97715377807617,445000
2008-06-04,61.99965118563768,62.01458835304733,61.91748251730028,61.954833984375,607100
2008-06-05,61.909965369370916,61.93984538116035,61.850211044821556,61.87261962890625,679300
2008-06-06,61.93242538374366,62.05193982012205,61.91748251730028,61.954833984375,345400
2008-06-09,61.84274473229456,61.850216160617286,61.63359033149828,61.641056060791016,566100
2008-06-10,61.55144939030937,61.59626658233534,61.46180930722488,61.49916076660156,1293900
2008-06-11,61.55147493491403,61.64858079094792,61.4991862895058,61.603763580322266,641300
2008-06-12,61.46180513048289,61.50662231946322,61.30493927001953,61.30493927001953,1064700
2008-06-13,61.409541970799594,61.50664782019459,61.35725332896621,61.372196197509766,834300
2008-06-16,61.4019981790249,61.44682103280078,61.37958960165087,61.40946960449219,318500
2008-06-17,61.469250746473875,61.53647650171165,61.439370733358274,61.52901077270508,388300
2008-06-18,61.52898699837741,61.61115557793856,61.52898699837741,61.588741302490234,1229800
2008-06-19,61.52905557145095,61.58134420771669,61.46182406823275,61.469295501708984,549000
2008-06-20,61.54394738730227,61.63358742585899,61.54394738730227,61.581298828125,362800
2008-06-23,61.52154384679599,61.581303877400416,61.48419240291068,61.51407241821289,924300
2008-06-24,61.55141671153886,61.64852247571742,61.5364738561086,61.62611389160156,650600
2008-06-25,61.588787017407306,61.70083568170794,61.51408980755082,61.670955657958984,838000
2008-06-26,61.69338246308894,61.86519122560596,61.69338246308894,61.85025405883789,1378900
2008-06-27,61.88762890711484,61.902571779938256,61.775580157083844,61.880157470703125,812900
2008-06-30,61.857670859819805,61.91743087768555,61.81285369593498,61.91743087768555,953300
2008-07-01,61.98414644454001,62.05155033583163,61.89426887535334,61.90176010131836,1032300
2008-07-02,61.871794125767,61.97664842125258,61.86430290062359,61.909244537353516,903200
2008-07-03,61.97662964736534,62.03654800210114,61.90922578388418,62.01408004760742,328900
2008-07-07,62.0290838545468,62.17138858062727,61.96167996164424,62.051551818847656,1115100
2008-07-08,62.07399391331161,62.163871447189145,62.021566780415284,62.059017181396484,507000
2008-07-09,62.05151485233794,62.16386032104492,62.02155567974088,62.16386032104492,459000
2008-07-10,62.16388054190603,62.16388054190603,62.08149421899722,62.088985443115234,736100
2008-07-11,62.12639479817415,62.13388601803118,61.924177575046436,61.96162796020508,532200
2008-07-14,61.98410047109587,62.11142264741075,61.92418213607937,62.10393142700195,681300
2008-07-15,62.163880844367434,62.30618553265318,62.13392166187939,62.19384002685547,715700
2008-07-16,62.178797414935694,62.21624778534157,62.12637032484202,62.13386154174805,618700
2008-07-17,62.10392085777822,62.141371239321735,61.99906664640753,62.044002532958984,937600
2008-07-18,62.066465419476884,62.096424576687454,61.88671047621346,61.9316520690918,1190400
2008-07-21,61.916686355189405,61.96162796020507,61.856768024586195,61.96162796020508,811900
2008-07-22,61.95418045995289,61.95418045995289,61.8418349393239,61.909244537353516,1046200
2008-07-23,61.82685294704626,61.89425682521508,61.78191131413699,61.87928009033203,867600
2008-07-24,61.88677912846632,62.059043044991704,61.88677912846632,62.051551818847656,520000
2008-07-25,62.029026907423436,62.05149485109709,61.93914941860274,61.96910858154297,874800
2008-07-28,62.044006538376024,62.10392486706345,62.02902981326733,62.096439361572266,513100
2008-07-29,62.06647619036067,62.06647619036067,61.9840899222657,62.044002532958984,487900
2008-07-30,61.99160760245611,62.10395309127079,61.98412209356301,62.059017181396484,516000
2008-07-31,62.13385983761376,62.193778142970096,62.1263686209132,62.18628692626953,629900
2008-08-01,62.19832611083985,62.20584140608317,62.14573050911794,62.198326110839844,657400
2008-08-04,62.18332829408912,62.2284086201715,62.16078813104794,62.19083786010742,935500
2008-08-05,62.17582198584288,62.18333728544099,62.123226353644036,62.160797119140625,567900
2008-08-06,62.18336175135021,62.19087132140898,62.10071062073399,62.168331146240234,534700
2008-08-07,62.22092248351487,62.31860421246591,62.22092248351487,62.30357360839844,445700
2008-08-08,62.318610451977406,62.36369080370171,62.20590384017023,62.25098419189453,530000
2008-08-11,62.24346697430146,62.24346697430146,62.040599665286514,62.168331146240234,711000
2008-08-12,62.26591234646981,62.295967775665595,62.24336647520775,62.28093719482422,587800
2008-08-13,62.34108657878751,62.34860187385251,62.24340494041414,62.273460388183594,1158100
2008-08-14,62.31102629079854,62.3260511472709,62.25843069441015,62.29600143432617,1061400
2008-08-15,62.37869815606277,62.40124405808871,62.31107764746932,62.34113311767578,1816300
2008-08-18,62.35615557944549,62.416266517538006,62.33361541078445,62.39372634887695,537000
2008-08-19,62.46882574571809,62.47634104172306,62.40120527914708,62.43877029418945,683800
2008-08-20,62.431218890433804,62.528900484529515,62.431218890433804,62.521385192871094,717200
2008-08-21,62.506385590834,62.506385590834,62.431244108873024,62.468814849853516,540600
2008-08-22,62.401218560458794,62.401218560458794,62.32607704939865,62.35613250732422,509600
2008-08-25,62.43131689416188,62.46888767894411,62.41629201974713,62.46137237548828,511800
2008-08-26,62.431254998184485,62.43877029418945,62.38617468713714,62.43877029418945,600200
2008-08-27,62.40872647997793,62.4763526916504,62.37867102284486,62.47635269165039,664000
2008-08-28,62.446304321289055,62.45381961954828,62.393708698460415,62.44630432128906,510300
2008-08-29,62.416241777384265,62.4763526916504,62.386186320251205,62.47635269165039,597400
2008-09-02,62.41987755964096,62.55550765991211,62.374669442465,62.55550765991211,645200
2008-09-03,62.57056169698414,62.615769800311085,62.54795764532067,62.57809829711914,947200
2008-09-04,62.58560871717194,62.668494045374075,62.57807786823694,62.61574935913086,861400
2008-09-05,62.69108477304798,62.71369456126922,62.57052797956015,62.59313201904297,1047500
2008-09-08,62.45753321078871,62.570559213361236,62.40478850942038,62.56302261352539,505100
2008-09-09,62.532846762198794,62.69861737282476,62.44996145688581,62.660945892333984,642200
2008-09-10,62.62330738921113,62.69111954527224,62.570562684916396,62.67605209350586,536600
2008-09-11,62.743824200907,62.75889739179394,62.64587145509363,62.65340805053711,825500
2008-09-12,62.67601333478269,62.72122141086684,62.578060587021,62.660945892333984,1061400
2008-09-15,63.067841105245805,63.13565897997156,62.909607062537795,63.10551834106445,1710200
2008-09-16,63.3165088625731,63.33911290878052,62.97743667198148,62.99250411987305,1671800
2008-09-17,63.241147226765555,63.308959351556645,62.85686127339916,63.29389190673828,5535100
2008-09-18,63.195958753029956,63.512426931065136,63.03018806489513,63.09046936035156,13824800
2008-09-19,62.585647709497266,62.81169979065515,62.555507048760006,62.736351013183594,3398300
2008-09-22,62.58562855652598,62.789076517055896,62.54795705369037,62.78153991699219,1542400
2008-09-23,62.856892362267565,62.856892362267565,62.706194844593426,62.826751708984375,1226200
2008-09-24,62.84184924736707,62.977479365297306,62.77403131402994,62.962406158447266,831100
2008-09-25,62.95484318944548,62.96237404028485,62.74385864237984,62.8493537902832,1089800
2008-09-26,62.99251468986566,63.00758788902661,62.841817190702734,62.8493537902832,1268200
2008-09-29,63.05274929480524,63.41443107318744,62.97740060102386,63.21098327636719,2506000
2008-09-30,63.2713436626888,63.30901518232585,62.96240615844726,62.962406158447266,1460200
2008-10-01,63.166505114824695,63.22698331905878,62.992615136470384,63.15894317626953,4156600
2008-10-02,63.28749726196534,63.40846526385761,63.19677126054615,63.29505920410156,2180500
2008-10-03,63.370631902125226,63.46891403198242,63.128701778725926,63.46891403198242,1009900
2008-10-06,63.54451297073884,63.71083522069498,63.49159094391909,63.597434997558594,2985200
2008-10-07,63.48402093150857,63.635225055170224,63.40085693307438,63.612545013427734,5766800
2008-10-08,63.756132555921425,63.7636887172973,63.2117889976284,63.34031295776367,7752100
2008-10-09,63.29500983371031,63.393291932533444,63.19672196681988,63.378173828125,6909600
2008-10-10,63.50670148176182,63.597427417525836,63.12112346484933,63.47645950317383,4586600
2008-10-13,63.378168153652844,63.378168153652844,62.54653405203241,63.19671630859375,1399300
2008-10-14,63.16654249637155,63.302628630554004,63.015332476128556,63.2119026184082,3418700
2008-10-15,63.21185392550343,63.52938607130589,63.21185392550343,63.42354202270508,1202300
2008-10-16,63.34794784759788,63.620119940216014,63.340385909450504,63.385746002197266,1174500
2008-10-17,63.468927620649076,63.521849666221094,63.31772342417769,63.431129455566406,942100
2008-10-20,63.49159583205433,63.55963597117448,63.340385909450504,63.385746002197266,1514800
2008-10-21,63.57475661525034,63.58988049214835,63.385748530508025,63.514278411865234,711100
2008-10-22,63.52942032181267,63.62770825426613,63.423576216148305,63.60502243041992,1161600
2008-10-23,63.56714630126953,63.7410303610073,63.45374039340433,63.56714630126953,901100
2008-10-24,63.77133280678342,63.78645668514431,63.536964604815545,63.6201286315918,1208800
2008-10-27,63.52182386578954,63.60498787049149,63.4159798176358,63.46134567260742,1122100
2008-10-28,63.47650711683977,63.567233120657264,63.416023114294774,63.536991119384766,1028700
2008-10-29,63.59749204642438,63.673094185688804,63.50676601846297,63.574806213378906,1302400
2008-10-30,63.589862559873275,63.657902682520145,63.51426050090985,63.62766647338867,821500
2008-10-31,63.60497974659856,63.657901763916016,63.52181575251867,63.657901763916016,1271700
2008-11-03,63.708813229974815,63.777118682861335,63.60255644288872,63.77711868286133,901900
2008-11-04,63.75431442260742,63.845394099240366,63.6328748537635,63.75431442260742,1290100
2008-11-05,63.7467206833757,63.868160247802734,63.716360792268944,63.868160247802734,1421400
2008-11-06,63.76955152772905,63.898582638778734,63.73160596964851,63.8909912109375,2190300
2008-11-07,63.81507001706091,63.86819841060396,63.76194162351786,63.77711868286133,661000
2008-11-10,63.81504116097337,63.97442626953125,63.76191279145408,63.97442626953125,703900
2008-11-11,63.868195265469716,64.03517186282828,63.868195265469716,64.01998901367188,493200
2008-11-12,64.01238216754183,64.11864471435547,63.98961368985282,64.11864471435547,972600
2008-11-13,64.09584129548792,64.11102413408142,63.94404765289051,63.959224700927734,1089400
2008-11-14,63.974428805414156,64.06550849558239,63.94406890869141,63.944068908691406,858300
2008-11-17,63.94410465214978,64.06554430692307,63.94410465214978,64.05795288085938,613000
2008-11-18,63.989596453836,64.13380449443498,63.98201082368885,64.12621307373047,649600
2008-11-19,64.11103605795263,64.21729278564453,64.08067616567533,64.21729278564453,740000
2008-11-20,64.32350704119253,64.36145832911966,64.1868905114298,64.33868408203125,2529500
2008-11-21,64.23249053955078,64.28561892052076,64.10346529870357,64.23249053955078,1693400
2008-11-24,64.10346476020614,64.15659314072981,64.01238505478304,64.07310485839844,957100
2008-11-25,64.15657296599116,64.25524406347778,64.06549907976643,64.12621307373047,810300
2008-11-26,64.13381759958634,64.33115404432607,64.13381759958634,64.32356262207031,671900
2008-11-28,64.23998787673831,64.3614273071289,64.16409112801955,64.3614273071289,234700
2008-12-01,64.44450437971499,64.51304108362781,64.3607405247506,64.46735382080078,869100
2008-12-02,64.44440756509022,64.50532769712099,64.383493242723,64.45964050292969,725000
2008-12-03,64.39876136164524,64.55867245276407,64.39876136164524,64.51298522949219,956300
2008-12-04,64.52062572222647,64.61200020278602,64.45970552874049,64.52823638916016,1181300
2008-12-05,64.55111656253452,64.57396600528273,64.35313453609831,64.4521255493164,877800
2008-12-08,64.43685565394871,64.46731574773504,64.33024823053094,64.36070251464844,1051300
2008-12-09,64.45210835461933,64.5587158203125,64.30742430417668,64.5587158203125,980400
2008-12-10,64.49023907407081,64.55115352726347,64.38363151888863,64.47500610351562,938100
2008-12-11,64.53585511917792,64.62723541259766,64.4597077794963,64.62723541259766,919400
2008-12-12,64.55867995529394,64.68813097605293,64.45968902347846,64.65767669677734,538500
2008-12-15,64.61202695952682,64.71102376735485,64.53587959097037,64.70340728759766,1399200
2008-12-16,64.73384094238281,64.83283190008471,64.528236740665,64.73384094238281,734500
2008-12-17,64.71862110167446,64.85568866070099,64.59678649902344,64.59678649902344,1398100
2008-12-18,64.73384285008585,64.74906999415433,64.61961893572861,64.62723541259766,1120900
2008-12-19,64.55108937124469,64.6424696747267,64.53586222549949,64.56632232666016,848900
2008-12-22,64.56635951779325,64.58920315440443,64.43690837054741,64.44451904296875,812700
2008-12-23,64.45964050292969,64.53578776313637,64.43679690583403,64.45964050292969,698300
2008-12-24,64.49023907407081,64.56638649781866,64.46739542791407,64.47500610351562,271600
2008-12-26,64.46734365248919,64.57395112205211,64.45972717332859,64.55110168457031,444400
2008-12-29,64.65508548467324,64.7391826691513,64.56334151084498,64.69331359863281,715900
2008-12-30,64.67802804997032,64.75447845458984,64.62451218345744,64.75447845458984,531900
2008-12-31,64.73154079844811,64.74683437831052,64.57099320664285,64.7238998413086,587400
2009-01-02,64.7391755284603,64.7391755284603,64.37985229492188,64.37985229492188,1138500
2009-01-05,64.48685399112757,64.57095112719158,64.45627268412359,64.5097885131836,5046300
2009-01-06,64.46393963961137,64.57097133122122,64.42571153569796,64.54039001464844,1459700
2009-01-07,64.56334095870496,64.56334095870496,64.4486682833894,64.49453735351562,2015400
2009-01-08,64.47156625401954,64.5938856492476,64.47156625401954,64.5097885131836,805800
2009-01-09,64.5174054706434,64.62443707928088,64.50975868923065,64.55563354492188,847200
2009-01-12,64.55565800391358,64.670330604626,64.54036443529364,64.5709457397461,1228000
2009-01-13,64.57860565185547,64.63212148732933,64.52508981638161,64.57860565185547,583400
2009-01-14,64.61680121613713,64.7161918929411,64.61680121613713,64.655029296875,1117800
2009-01-15,64.64742236494378,64.67035689440961,64.53274971761465,64.58626556396484,4473500
2009-01-16,64.54036331625609,64.64739496359019,64.52507558068864,64.61681365966797,660600
2009-01-20,64.56331038779962,64.66270110306628,64.50979455372851,64.64740753173828,2102800
2009-01-21,64.58624750279233,64.63976333417713,64.53273167140753,64.54801940917969,992100
2009-01-22,64.57860565185547,64.63976827319377,64.54037755532188,64.57860565185547,568900
2009-01-23,64.5480819983806,64.58631012906123,64.4334034391325,64.56336975097656,1840900
2009-01-26,64.54805748941436,64.54805748941436,64.43337897370982,64.479248046875,910100
2009-01-27,64.44863453169026,64.55566619445985,64.44863453169026,64.54801940917969,1186800
2009-01-28,64.51748443481415,64.57100030463198,64.47161535576811,64.52513122558594,1637100
2009-01-29,64.4257360516313,64.47161096034212,64.38751376596291,64.40280151367188,1642800
2009-01-30,64.43336273362031,64.50981311389056,64.39514045988025,64.44100952148438,1134300
2009-02-02,64.43179492390693,64.508370645609,64.41648211650775,64.50071716308594,775500
2009-02-03,64.48541970811917,64.50839184794486,64.38587182142282,64.43181610107422,872000
2009-02-04,64.41649460900226,64.4318074193711,64.30162808299619,64.32460021972656,1806100
2009-02-05,64.35522343591627,64.3935083781094,64.30161984296312,64.33990478515625,1131500
2009-02-06,64.41650228187571,64.41650228187571,64.3016357421875,64.3016357421875,970500
2009-02-09,64.30925693685865,64.36286051128124,64.26330684281683,64.27862548828125,823200
2009-02-10,64.32461592077763,64.46245461715924,64.29398445020887,64.42416381835938,1168400
2009-02-11,64.44712715484282,64.50073075556567,64.40117703825588,64.4088363647461,880200
2009-02-12,64.45480401112594,64.52372628982131,64.45480401112594,64.48543548583984,879800
2009-02-13,64.43946025031829,64.45477305914362,64.3552251958949,64.36288452148438,658100
2009-02-17,64.43949111803146,64.53903902896546,64.43949111803146,64.53137969970703,901700
2009-02-18,64.45479528892814,64.50839890183457,64.37821953368406,64.42416381835938,622500
2009-02-19,64.37823482242169,64.43949777810812,64.33994401452841,64.40120697021484,646200
2009-02-20,64.42417199234167,64.52372574491018,64.41651850549515,64.45480346679688,888400
2009-02-23,64.38590347831115,64.45481993167269,64.33229984491068,64.4471664428711,2477700
2009-02-24,64.4088663002649,64.47012925595133,64.37823482242169,64.40120697021484,863900
2009-02-25,64.4011454402394,64.4317768888168,64.27862548828125,64.27862548828125,919000
2009-02-26,64.2940151374958,64.31698729079798,64.2557301627783,64.30933380126953,863300
2009-02-27,64.33226714387736,64.39352423494157,64.2863170226356,64.34757995605469,793500
2009-03-02,64.43118716957986,64.50788066129434,64.4005086026264,64.49253845214844,1559300
2009-03-03,64.55386299040525,64.55386299040525,64.40047608442705,64.4388198852539,1011700
2009-03-04,64.36214090929376,64.37748311414374,64.29311854147892,64.36981201171875,2098600
2009-03-05,64.37755653296132,64.46958646166915,64.35454905078436,64.44657897949219,1025300
2009-03-06,64.34684190863567,64.46955036198338,64.33149969487964,64.40052795410156,1402800
2009-03-09,64.4081624362787,64.41582768745788,64.27011184767528,64.3391342163086,896100
2009-03-10,64.3238021884901,64.3238021884901,64.04002988968318,64.30078887939453,2253200
2009-03-11,64.29312286277595,64.33913777774528,64.24710209646952,64.33146667480469,1011700
2009-03-12,64.30845616458912,64.37748438510343,64.29311981077306,64.35447692871094,902300
2009-03-13,64.30848866573095,64.41586075071906,64.30081755927758,64.40819549560547,1320000
2009-03-16,64.30844930039098,64.36213531002204,64.30844930039098,64.32379150390625,730400
2009-03-17,64.3468900559833,64.36989754249251,64.27019648383775,64.30854034423828,1135200
2009-03-18,64.32380597112297,64.57689387268559,64.31613486764,64.55388641357422,2771700
2009-03-19,64.53090467103011,64.55391213931033,64.46954752138967,64.47721862792969,2064700
2009-03-20,64.53087895446285,64.58456497616855,64.47719293275713,64.55388641357422,1939900
2009-03-23,64.4848925194334,64.53857856485241,64.45421394328824,64.50022888183594,1068700
2009-03-24,64.5078758429116,64.51554694691157,64.40817489626373,64.41584014892578,2632300
2009-03-25,64.45421399956746,64.46955036198338,64.39285684722354,64.40052795410156,1233200
2009-03-26,64.469505819305,64.55387038265445,64.43116201408729,64.48484802246094,1249300
2009-03-27,64.5002522631177,64.55393832799787,64.5002522631177,64.51559448242188,704600
2009-03-30,64.56920090104758,64.61521579951618,64.54619345181328,64.57686614990234,787000
2009-03-31,64.57691722083548,64.67662404815103,64.57691722083548,64.66895294189453,2398100
2009-04-01,64.63895186189984,64.68504384347705,64.61590587111125,64.6543197631836,968800
2009-04-02,64.58514391453431,64.62355778756474,64.50832202960761,64.5467300415039,996700
2009-04-03,64.50837740393561,64.51606135736446,64.38545759363058,64.40082550048828,1979300
2009-04-06,64.37779192086056,64.46229784146306,64.37779192086056,64.44692993164062,1236400
2009-04-07,64.47757835437409,64.50830827401883,64.44684843472935,64.46989440917969,592100
2009-04-08,64.49294038363003,64.53903819366357,64.43148640547342,64.46989440917969,1021000
2009-04-09,64.44688810981805,64.46993409845606,64.39311218261719,64.39311218261719,1768800
2009-04-13,64.4315615925306,64.57752155475194,64.4315615925306,64.51606750488281,664800
2009-04-14,64.53144844481085,64.60827042549305,64.52376448840019,64.56986236572266,1485700
2009-04-15,64.56217787804566,64.61595385019484,64.53144791379736,64.6005859375,726200
2009-04-16,64.5391375597308,64.60059163250364,64.50840759277344,64.50840759277344,1374700
2009-04-17,64.4853068262388,64.60053677805598,64.40847904351145,64.439208984375,826800
2009-04-20,64.47764064879182,64.56214654417614,64.47764064879182,64.50068664550781,618200
2009-04-21,64.56218356966335,64.5852295795959,64.50840759277344,64.50840759277344,284600
2009-04-22,64.5391375597308,64.5391375597308,64.44694765885872,64.50840759277344,884900
2009-04-23,64.5006654134247,64.5083493635135,64.4468894850763,64.4622573852539,1306900
2009-04-24,64.4699354742061,64.5006654134247,64.4315274460353,64.4622573852539,1050300
2009-04-27,64.55445505988362,64.56982296332698,64.47763312608042,64.53909301757812,848600
2009-04-28,64.56984336979995,64.58520541696045,64.46996954926787,64.47765350341797,869300
2009-04-29,64.50840759277344,64.5391375597308,64.45463161588353,64.50840759277344,867700
2009-04-30,64.49299757265999,64.56214141845703,64.4622734869036,64.56214141845703,690100
2009-05-01,64.48284259942346,64.52903222873292,64.47514922187797,64.51363372802734,695400
2009-05-04,64.54444426843885,64.54444426843885,64.46746936018253,64.49826049804688,959800
2009-05-05,64.45974198718244,64.50593161023342,64.4366501120602,64.48283386230469,1067400
2009-05-06,64.50596204221851,64.54444656130927,64.4674716503185,64.52135467529297,660200
2009-05-07,64.44436884018754,64.49055260439143,64.40587845481211,64.42897033691406,1587600
2009-05-08,64.44441331278601,64.49059710886098,64.43671405583608,64.47520446777344,946000
2009-05-11,64.49824212296402,64.59061551024051,64.49824212296402,64.58291625976562,528500
2009-05-12,64.55983319983314,64.59831771184969,64.55983319983314,64.57522583007812,1212900
2009-05-13,64.59831881474823,64.65990108239592,64.59062543589847,64.60601806640625,827700
2009-05-14,64.59060485505766,64.65218123027668,64.59060485505766,64.62908935546875,1673100
2009-05-15,64.62139129638672,64.66758091965966,64.60599867050009,64.62139129638672,1158000
2009-05-18,64.62142137571814,64.63681988157884,64.55984497070312,64.55984497070312,1131700
2009-05-19,64.58291974895569,64.62140425779454,64.53673011641828,64.59831237792969,1081800
2009-05-20,64.65995253305344,64.68304443359375,64.59837021640399,64.68304443359375,1122100
2009-05-21,64.68298651930596,64.69068577019681,64.59831237792969,64.59831237792969,1612700
2009-05-22,64.58293261799155,64.62141713449898,64.55984073352532,64.61372375488281,654900
2009-05-26,64.61372689674106,64.63681878233014,64.52135348157559,64.529052734375,840600
2009-05-27,64.52903222873292,64.60600711383896,64.50594035048184,64.51363372802734,553300
2009-05-28,64.52907333827474,64.58295637945696,64.5059814453125,64.5059814453125,728200
2009-05-29,64.53673011641828,64.63680275957624,64.52903673833512,64.59831237792969,852800
2009-06-01,64.52974342761513,64.62226130969266,64.49891001558319,64.545166015625,1745800
2009-06-02,64.56828968834803,64.6068402737952,64.52203369140625,64.52203369140625,2210000
2009-06-03,64.59905909800901,64.6453150449118,64.56050855426524,64.63760375976562,1227700
2009-06-04,64.56057381304404,64.63766909647346,64.56057381304404,64.57599639892578,1196400
2009-06-05,64.29832508431146,64.39854817193026,64.12871225758597,64.15184020996094,1198700
2009-06-08,64.11338726569656,64.1519319474466,63.98231887817383,63.98231887817383,1100900
2009-06-09,64.1056485747309,64.1750325014171,64.1056485747309,64.12877655029297,996100
2009-06-10,64.15195592430396,64.19050650245252,64.03631007185066,64.1211166381836,759400
2009-06-11,64.08252059916883,64.16732709755487,64.07480931331892,64.12877655029297,763000
2009-06-12,64.12880482446094,64.2290280567472,64.12109353521114,64.19818878173828,607800
2009-06-15,64.24446868896484,64.28301338206495,64.22134069670639,64.24446868896484,959400
2009-06-16,64.26758679603536,64.36010463283066,64.2444588073343,64.3138427734375,1126500
2009-06-17,64.39096804610895,64.42951863324207,64.34471204714424,64.38326263427734,752200
2009-06-18,64.35240196832783,64.35240196832783,64.22904483606611,64.27530670166016,619800
2009-06-19,64.26758679603536,64.33697076213856,64.22133081863323,64.3138427734375,1051200
2009-06-22,64.33700305180602,64.40639293472587,64.33700305180602,64.398681640625,1054400
2009-06-23,64.35242564000777,64.44493764124225,64.3447143459069,64.398681640625,721300
2009-06-24,64.42949600816598,64.53743055584386,64.37552873432706,64.39094543457031,698700
2009-06-25,64.42942236142258,64.54506806802786,64.42171107911958,64.51422882080078,1241300
2009-06-26,64.5220380156041,64.56058272164097,64.50661542759423,64.545166015625,692200
2009-06-29,64.55287730962993,64.56829401564592,64.5220380156041,64.545166015625,652300
2009-06-30,64.4834320442966,64.56052727214903,64.46030406413978,64.53739929199219,703300
2009-07-01,64.53120235279214,64.6006851196289,64.50804339380237,64.6006851196289,1202200
2009-07-02,64.670166015625,64.69333086592187,64.6315697115326,64.670166015625,544300
2009-07-06,64.66248640994964,64.72424170896828,64.64704316779161,64.69336700439453,474400
2009-07-07,64.69335241767781,64.74739197330405,64.66247183019571,64.68563079833984,1668300
2009-07-08,64.70108295025557,64.81688370734031,64.67020235570823,64.78600311279297,773700
2009-07-09,64.73201373809196,64.7860533479844,64.72429211099997,64.75517272949219,824100
2009-07-10,64.80147243148889,64.83235303846277,64.77059182451501,64.81690979003906,666200
2009-07-13,64.79375004147317,64.83235227220267,64.76286943486429,64.77831268310547,699800
2009-07-14,64.72426537560928,64.77831085305311,64.70882801767767,64.73198699951172,488900
2009-07-15,64.67789500654486,64.69333824183684,64.5775375366211,64.5775375366211,747200
2009-07-16,64.70107645158534,64.71651969224345,64.66248012968121,64.67791748046875,504500
2009-07-17,64.63160329560347,64.6701996197514,64.62388167482551,64.6547622680664,833100
2009-07-20,64.58532413407856,64.6779600795581,64.57760250866379,64.64707946777344,808800
2009-07-21,64.62387802969893,64.7782809871943,64.62387802969893,64.72423553466797,1071800
2009-07-22,64.77056554557119,64.77056554557119,64.6779237622365,64.69336700439453,628000
2009-07-23,64.68561662419086,64.69333824183684,64.55437857355165,64.5775375366211,1026000
2009-07-24,64.58524470082813,64.63928423251957,64.57752308491014,64.61611938476562,969800
2009-07-27,64.54669575933623,64.600735335608,64.51581516005636,64.56985473632812,707600
2009-07-28,64.5929730126708,64.63157520991504,64.50805289062814,64.53121185302734,763200
2009-07-29,64.56213745811137,64.57758070372644,64.42317769693804,64.49266052246094,635700
2009-07-30,64.46949324295048,64.50808957227363,64.44633426738223,64.50037384033203,774200
2009-07-31,64.51583290812026,64.60847473144531,64.51583290812026,64.60847473144531,624200
2009-08-03,64.55585058241232,64.56357664963112,64.45535273095572,64.51719665527344,1073800
2009-08-04,64.53272598422173,64.54818403208608,64.43222803091813,64.46315002441406,940200
2009-08-05,64.40900417021119,64.54815011895303,64.40900417021119,64.43992614746094,1230500
2009-08-06,64.424462209954,64.47858009346416,64.41673613896465,64.43992614746094,892300
2009-08-07,64.34713833233737,64.37032833294712,64.3084902972418,64.33168029785156,1192200
2009-08-10,64.37806271324452,64.45536468409657,64.37033074683062,64.43217468261719,639000
2009-08-11,64.44765041086029,64.51722042803138,64.44765041086029,64.50176239013672,870800
2009-08-12,64.52494812011719,64.54813812430419,64.45537220979314,64.52494812011719,856900
2009-08-13,64.5635875511029,64.640895418434,64.53267148148514,64.63316345214844,874800
2009-08-14,64.62541532776986,64.73363923765982,64.6176833634175,64.67952728271484,515000
2009-08-17,64.71823115369399,64.78007512072007,64.71823115369399,64.74915313720703,750800
2009-08-18,64.74919045101561,64.75691652802229,64.702804500132,64.73372650146484,691600
2009-08-19,64.77231173951924,64.79550174146686,64.7413897710016,64.76457977294922,1102800
2009-08-20,64.75687920976131,64.78007512072007,64.73368919656785,64.74915313720703,588800
2009-08-21,64.74911847252399,64.77230847330223,64.62543060469052,64.64862060546875,848100
2009-08-24,64.64088008578025,64.74137203260712,64.6176841924256,64.72591400146484,555900
2009-08-25,64.74137203260712,64.74910399705868,64.67180204582564,64.72591400146484,664500
2009-08-26,64.78004370608926,64.78776977489683,64.725931735624,64.76457977294922,733200
2009-08-27,64.75688171386719,64.79553566919454,64.72596562692395,64.75688171386719,605200
2009-08-28,64.71817685422435,64.82640075683594,64.71817685422435,64.82640075683594,764100
2009-08-31,64.8263846114801,64.88049654930902,64.79546266161229,64.87276458740234,541100
2009-09-01,64.89446848647864,64.95639210922447,64.83255076909451,64.92543029785156,927000
2009-09-02,64.95645155849373,64.99515533447266,64.9177536878819,64.99515533447266,690900
2009-09-03,64.96414357861507,64.96414357861507,64.91770380741671,64.93318176269531,505300
2009-09-04,64.93319876250227,64.94868262719719,64.8944950061291,64.90223693847656,489900
2009-09-08,64.93318540203731,64.93318540203731,64.87900369748162,64.90996551513672,640800
2009-09-09,64.8945369442956,64.93324072568112,64.86358100562867,64.91776275634766,598500
2009-09-10,64.95635986328125,65.0028055099647,64.94088191795927,64.95635986328125,577700
2009-09-11,64.97962153389366,65.0338032354126,64.93318176269531,64.93318176269531,850500
2009-09-14,64.97959080383292,64.97959080383292,64.88671130536065,64.89444732666016,636100
2009-09-15,64.87124860428939,64.93317222703521,64.87124860428939,64.92543029785156,657500
2009-09-16,64.9255137926532,64.94099767093292,64.83263414445209,64.84037017822266,709300
2009-09-17,64.84029631493603,64.94092369301589,64.81707642933684,64.93318176269531,832600
2009-09-18,64.90998824682706,64.92546620839359,64.56941403871372,64.87128448486328,1287300
2009-09-21,64.87122745204209,64.92540912793751,64.87122745204209,64.89444732666016,600800
2009-09-22,64.89449865111814,64.91772444946504,64.87902069091797,64.87902069091797,711300
2009-09-23,64.88680329222008,64.98742485999793,64.86358338468428,64.97968292236328,943300
2009-09-24,64.94871552759162,65.01063330164396,64.94097359132242,64.99515533447266,859900
2009-09-25,64.9874170549563,64.99515899166113,64.92549337205249,64.97193908691406,866400
2009-09-28,64.98737699492587,64.99511892685837,64.94093721405851,64.96415710449219,716400
2009-09-29,64.91766204729693,64.97184371396199,64.88670025129423,64.95635986328125,1051300
2009-09-30,64.93321466386773,65.04157812181258,64.93321466386773,65.0261001586914,1421900
2009-10-01,65.09119415283203,65.12994589033632,65.05244832801274,65.09119415283203,1122900
2009-10-02,65.13765734680314,65.16090600992881,65.06790544474475,65.1144027709961,883500
2009-10-05,65.14540295939078,65.14540295939078,65.09115410787042,65.1144027709961,683000
2009-10-06,65.08340460097706,65.09890173790644,65.0446528896321,65.07565307617188,1163100
2009-10-07,65.11443118901397,65.1764315928623,65.09118251574183,65.16093444824219,880300
2009-10-08,65.14547351186187,65.15322504552577,65.07572744694993,65.0989761352539,817700
2009-10-09,65.02144635799532,65.02919788782305,64.95944594474312,65.00594329833984,1141400
2009-10-12,64.98269816218722,65.25394259408851,64.98269816218722,65.08345031738281,624300
2009-10-13,65.06792063044782,65.1221694946289,65.06792063044782,65.1221694946289,886200
2009-10-14,65.0524445875046,65.09894193968815,65.02144438182069,65.03694152832031,1078700
2009-10-15,65.00589166811993,65.06789203212901,64.9981460571289,64.9981460571289,719500
2009-10-16,64.98269264654462,65.04469305791245,64.967195500045,65.03694152832031,508400
2009-10-19,65.00594132263639,65.03694152832031,64.98269264654462,65.03694152832031,670100
2009-10-20,65.07564550583704,65.11439129999366,65.02914818777698,65.0678939819336,1642100
2009-10-21,65.0524445875046,65.06794173400422,64.9981957057289,65.03694152832031,1529300
2009-10-22,64.98263160488023,65.04463195800781,64.98263160488023,65.04463195800781,572600
2009-10-23,64.95944404965527,64.9749411961738,64.93619537353516,64.93619537353516,572500
2009-10-26,64.93622994448839,64.93622994448839,64.8664779663086,64.8664779663086,1301600
2009-10-27,64.91289703478647,65.02139471546228,64.89739398744412,64.9981460571289,1267500
2009-10-28,65.05244832801274,65.09894568286988,65.01369659050847,65.09119415283203,795500
2009-10-29,65.04469305791245,65.04469305791245,64.9981957057289,65.03694152832031,788200
2009-10-30,65.08340849528277,65.14540295939078,65.06015391947574,65.1144027709961,988900
2009-11-02,65.12995384921926,65.14549204082186,65.0911202223803,65.12218475341797,1469400
2009-11-03,65.15321348478146,65.15321348478146,65.09107853641513,65.1143798828125,779200
2009-11-04,65.09114955121309,65.13775229485167,65.0600790800919,65.10668182373047,658500
2009-11-05,65.12217645243193,65.17655419002583,65.12217645243193,65.16878509521484,667900
2009-11-06,65.21538543701172,65.21538543701172,65.17655181653696,65.21538543701172,798000
2009-11-09,65.17655181653696,65.21538543701172,65.17655181653696,65.21538543701172,590800
2009-11-10,65.23090717515069,65.24643943420688,65.19983673095703,65.19983673095703,546700
2009-11-11,65.2464663999753,65.2775368570101,65.19986367746498,65.26976776123047,399000
2009-11-12,65.22312928518183,65.26973198214583,65.215360193661,65.261962890625,909000
2009-11-13,65.2387330577358,65.27757263183594,65.22320078374794,65.27757263183594,584700
2009-11-16,65.22313218737392,65.32410667731575,65.22313218737392,65.31633758544922,845200
2009-11-17,65.29306962657321,65.33967827552712,65.26976826513815,65.3319091796875,1033000
2009-11-18,65.3319091796875,65.35521054112256,65.30860781825244,65.3319091796875,876600
2009-11-19,65.35527038574219,65.41741135719289,65.35527038574219,65.35527038574219,936100
2009-11-20,65.37849070630145,65.41733024682364,65.35518935242088,65.3707275390625,566500
2009-11-23,65.32416702266566,65.36300659179688,65.31639792362218,65.36300659179688,745600
2009-11-24,65.3707861664591,65.42515801630411,65.36301706617063,65.41738891601562,680300
2009-11-25,65.4096314870504,65.44847106933594,65.38633010811436,65.44847106933594,879100
2009-11-27,65.50273368832742,65.51049685096713,65.44836191945778,65.49496459960938,346400
2009-11-30,65.49501563423208,65.54161835069715,65.4639451812277,65.5027847290039,683500
2009-12-01,65.61309174722626,65.61309174722626,65.48795365627275,65.51923370361328,1355900
2009-12-02,65.50360944663097,65.51924947406579,65.4410374024946,65.4645004272461,863700
2009-12-03,65.40975378506486,65.45668580349178,65.3862907594508,65.42539978027344,1045800
2009-12-04,65.30802678297775,65.30802678297775,65.24545478626868,65.26110076904297,730400
2009-12-07,65.34715984901824,65.40190887451172,65.30022785059795,65.40190887451172,753600
2009-12-08,65.44886039981128,65.47232342456279,65.40975138042641,65.4645004272461,657300
2009-12-09,65.44884277633908,65.46448279956249,65.40973376748512,65.41755676269531,642400
2009-12-10,65.3862962644324,65.42540528854768,65.3471932075164,65.39411926269531,535700
2009-12-11,65.34716130510856,65.36280132679966,65.3002293056425,65.32369232177734,486800
2009-12-14,65.35501679362334,65.35501679362334,65.25334167480469,65.25334167480469,525800
2009-12-15,65.261141549461,65.261141549461,65.19856951365189,65.23767852783203,566900
2009-12-16,65.27675342311385,65.33150243903593,65.25329041160369,65.28457641601562,686200
2009-12-17,65.38622785389238,65.4096908569336,65.33147885773185,65.4096908569336,698000
2009-12-18,65.37066174403935,65.38630177468391,65.32372971770609,65.36283874511719,540600
2009-12-21,65.30802678297775,65.31584977436489,65.22981477068844,65.26110076904297,958500
2009-12-22,65.22984673801561,65.2454867612606,65.16727471064173,65.18291473388672,846800
2009-12-23,65.22202374279463,65.2454867612606,65.16727471064173,65.18291473388672,767400
2009-12-24,65.12813066941946,65.15159964245846,65.10466766357422,65.10466766357422,325400
2009-12-28,65.07336923722842,65.08901521626593,65.01080322265625,65.01080322265625,1728200
2009-12-29,65.02254385378211,65.0538558959961,64.99905086217059,65.0538558959961,857500
2009-12-30,65.04608040232982,65.05390543219146,65.0147623629676,65.0304183959961,785600
2009-12-31,64.96776466177026,64.99125168942338,64.88946660518913,64.95210266113281,633000
2010-01-04,65.0068747369401,65.05384876841508,64.98338772120262,65.03819274902344,1220600
2010-01-05,65.10087534147951,65.14784940655622,65.10087534147951,65.11653137207031,598200
2010-01-06,65.13221302335278,65.1635310672859,65.07740793979636,65.12438201904297,1534900
2010-01-07,65.12439779936103,65.14005383846816,65.10091075404657,65.1087417602539,772000
2010-01-08,65.18698005367605,65.20263607985028,65.14000002854816,65.17131805419922,713200
2010-01-11,65.1948591182824,65.2261771698921,65.1948591182824,65.20269012451172,756600
2010-01-12,65.24963054566314,65.27312355222841,65.2418055167792,65.25746154785156,582900
2010-01-13,65.2261771698921,65.26532622773112,65.20269012451172,65.20269012451172,590500
2010-01-14,65.24178702124917,65.29659207442236,65.24178702124917,65.26527404785156,549900
2010-01-15,65.304458100711,65.34360117494197,65.304458100711,65.32011413574219,648300
2010-01-19,65.30442708055331,65.33573913574219,65.28876507965572,65.33573913574219,1154000
2010-01-20,65.34357013619099,65.37488816468303,65.32791410859654,65.33573913574219,1085600
2010-01-21,65.31224899581198,65.39837207673584,65.2965929689635,65.39054107666016,1281000
2010-01-22,65.39062944232754,65.4454345703125,65.37497339432225,65.4454345703125,725600
2010-01-25,65.4140340768872,65.42185910366001,65.38271604988736,65.39054107666016,624600
2010-01-26,65.42970976004119,65.44536579159303,65.38273569208097,65.39839172363281,758500
2010-01-27,65.45320055613428,65.46886256189102,65.34359040905716,65.37490844726562,875700
2010-01-28,65.36712381932232,65.4062728881836,65.34363676732924,65.4062728881836,982100
2010-01-29,65.36704123282769,65.46882629394531,65.34355421050877,65.46882629394531,900600
2010-02-01,65.45629219156844,65.45629219156844,65.38576026118157,65.44062042236328,1001000
2010-02-02,65.42496804829848,65.45631159600053,65.42496804829848,65.44847869873047,724800
2010-02-03,65.40933576923777,65.42501353329924,65.38582510246061,65.40149688720703,1283800
2010-02-04,65.47197275396476,65.51115516831621,65.45629500477669,65.4954833984375,624300
2010-02-05,65.5425595293264,65.62093638222892,65.52688774633452,65.59741973876953,1362400
2010-02-08,65.53465172124912,65.56600123071469,65.51897397686255,65.55032348632812,857100
2010-02-09,65.52686694184113,65.54253871985729,65.45632899248724,65.48767852783203,1415000
2010-02-10,65.50335450041175,65.50335450041175,65.40146701848916,65.41714477539062,670100
2010-02-11,65.40927090464386,65.44062042236328,65.38576026118157,65.44062042236328,1266000
2010-02-12,65.4798116285588,65.50332227303154,65.47197275396476,65.4954833984375,505700
2010-02-16,65.48763341069898,65.53466067097338,65.46412277021595,65.50331115722656,733000
2010-02-17,65.4641504725815,65.49549999959444,65.42496804829848,65.44847869873047,672300
2010-02-18,65.46416194487142,65.46416194487142,65.40146287985782,65.4093017578125,888900
2010-02-19,65.37795671476874,65.3936344717547,65.3230965239426,65.38579559326172,1352700
2010-02-22,65.4093017578125,65.41714063576718,65.37795222530569,65.4093017578125,681700
2010-02-23,65.45631059863614,65.4876601251714,65.43279994856238,65.46414947509766,832000
2010-02-24,65.45629500477669,65.51115516831621,65.44846210949203,65.4954833984375,1194200
2010-02-25,65.55032348632812,65.56600123071469,65.52681284905583,65.55032348632812,733600
2010-02-26,65.55038002848315,65.58956844394497,65.53470824988604,65.57389068603516,936700
2010-03-01,65.5385791558195,65.58564264593831,65.5385791558195,65.5621109008789,863200
2010-03-02,65.55426499096718,65.58564264593831,65.54641908105548,65.5621109008789,1148800
2010-03-03,65.5464296015243,65.58565317270266,65.52289785268795,65.55427551269531,1204600
2010-03-04,65.52290054846712,65.56212412125926,65.49936879866262,65.53074645996094,820800
2010-03-05,65.4680146813877,65.48370651001854,65.42095116485342,65.47586059570312,1145300
2010-03-08,65.45234207068687,65.46018200190827,65.43665023888343,65.44449615478516,943100
2010-03-09,65.48366093031284,65.49934676334648,65.46012320374994,65.49150085449219,641400
2010-03-10,65.45232883743599,65.49154643965484,65.45232883743599,65.47586059570312,1220100
2010-03-11,65.41303232304598,65.44440996064634,65.39734649658203,65.39734649658203,1763300
2010-03-12,65.38949605938873,65.428719599839,65.37380424933981,65.40518188476562,1100500
2010-03-15,65.41306489491718,65.42875671386719,65.3973790606426,65.42875671386719,423400
2010-03-16,65.43665023888343,65.48371974961341,65.3974326287355,65.44449615478516,773100
2010-03-17,65.46015930175781,65.46800521493874,65.43662754689329,65.46015930175781,961200
2010-03-18,65.44445307321766,65.44445307321766,65.39738957814953,65.4209213256836,605400
2010-03-19,65.3738784790039,65.42094797792434,65.36603854974952,65.3738784790039,597100
2010-03-22,65.39734649658203,65.42087822861419,65.38165468544564,65.39734649658203,461900
2010-03-23,65.40525615005792,65.42094797792434,65.36603854974952,65.3738784790039,465300
2010-03-24,65.32678287532364,65.35816053096453,65.26402756404191,65.2718734741211,651700
2010-03-25,65.29537963867188,65.30322554567724,65.23263033664954,65.29537963867188,759700
2010-03-26,65.29537118128962,65.34244063255163,65.27968535398414,65.3345947265625,595000
2010-03-29,65.34247319882496,65.36600494384766,65.31893546912653,65.36600494384766,1219600
2010-03-30,65.35815718897487,65.36600309865288,65.33462544461645,65.35031127929688,703300
2010-03-31,65.37380877987745,65.43656405507814,65.35812295341348,65.39734649658203,2179100
2010-04-01,65.40527866390744,65.4131261246609,65.36601739842784,65.37387084960938,609000
2010-04-05,65.26387579032686,65.2795766852521,65.18535334443598,65.19320678710938,3762900
2010-04-06,65.24034881591797,65.24820226260638,65.20894701001357,65.24034881591797,1014200
2010-04-07,65.27961451779748,65.3424301147461,65.27961451779748,65.3424301147461,1811100
2010-04-08,65.3816909752365,65.38954442313462,65.32672882080078,65.32672882080078,709900
2010-04-09,65.31102231627179,65.35028356197093,65.29532141224716,65.3424301147461,481800
2010-04-12,65.35031648649284,65.38957176154437,65.34246303531131,65.37387084960938,1050800
2010-04-13,65.40524610189647,65.40524610189647,65.3424305045731,65.3581314086914,736700
2010-04-14,65.37383830323478,65.39739265462478,65.3581314086914,65.3581314086914,970900
2010-04-15,65.3660121751577,65.42097434818038,65.35815872460373,65.4052734375,1206300
2010-04-16,65.44450099238247,65.5230174933862,65.42880008835174,65.50731658935547,801800
2010-04-19,65.5073270205498,65.5073270205498,65.44451141357422,65.44451141357422,661300
2010-04-20,65.44443995609267,65.4522933959961,65.41303218689839,65.4522933959961,895200
2010-04-21,65.4366294841551,65.46018981933594,65.40522768476077,65.46018981933594,648500
2010-04-22,65.47592443766766,65.50733224365969,65.4131088256836,65.4131088256836,169300
2010-04-23,65.38947296142578,65.40517984005655,65.35806519458323,65.38947296142578,658300
2010-04-26,65.39732640074116,65.42088072826832,65.37377207321401,65.38947296142578,545600
2010-04-27,65.45231353164245,65.54653686821197,65.42875919510539,65.51512908935547,1530800
2010-04-28,65.4759192167681,65.50732702025576,65.44451141328047,65.49947357177734,1269900
2010-04-29,65.50727564703602,65.51512908935547,65.4758678681795,65.51512908935547,421600
2010-04-30,65.5308733655463,65.59368896484375,65.5230199180278,65.59368896484375,517300
2010-05-03,65.52136579256074,65.55280293460176,65.50564422352936,65.52922058105469,494900
2010-05-04,65.58428858411686,65.60787095726195,65.5607122069985,65.56857299804688,1219600
2010-05-05,65.67070672817819,65.77287897305439,65.63926957560273,65.65499114990234,1777200
2010-05-06,65.70215916242753,65.882921332774,65.6628672095871,65.79647064208984,1864500
2010-05-07,65.79644928806235,65.86717837783532,65.70213783900851,65.77287292480469,3637100
2010-05-10,65.62352708781873,65.73355407870342,65.61566630389231,65.6864013671875,1349100
2010-05-11,65.73358405411261,65.74930562913471,65.68643132109439,65.72572326660156,709400
2010-05-12,65.71779882849673,65.72565361165937,65.67850092861278,65.7099380493164,734200
2010-05-13,65.70209362853018,65.74925231933594,65.68637806227437,65.74925231933594,992800
2010-05-14,65.78071037850982,65.85930623001879,65.77285559017623,65.83572387695312,1110500
2010-05-17,65.82789351057826,65.86718545488831,65.78859557024435,65.81217193603516,1433400
2010-05-18,65.79643814595816,65.8907435830189,65.78071657576658,65.88288879394531,764200
2010-05-19,65.8592935831387,65.90644628817209,65.84357201744724,65.85143280029297,3042700
2010-05-20,65.9143381338604,65.97720643819213,65.88290098368287,65.9300537109375,4210900
2010-05-21,65.96933944193245,65.98505501610184,65.87502800884951,65.88288879394531,2753800
2010-05-24,65.89859924561613,65.91432081458562,65.85930731523582,65.8750228881836,1095600
2010-05-25,65.91430805478505,65.93788440765363,65.84357300015877,65.86714935302734,1777400
2010-05-26,65.83574830182596,65.83574830182596,65.73358205139121,65.81217193603516,1238600
2010-05-27,65.74140777764225,65.77284491393863,65.73354699456299,65.76498413085938,1114900
2010-05-28,65.82787877428541,65.89860785582432,65.78858084274877,65.8907470703125,751200
2010-06-01,65.8836561941337,65.93871631483418,65.86792130187467,65.89151763916016,1439300
2010-06-02,65.88366106643757,65.89938995875673,65.83646238727303,65.84432983398438,2091500
2010-06-03,65.80503981777565,65.86796142182791,65.7971723668541,65.8286361694336,1095300
2010-06-04,65.93873262316055,65.98592530940346,65.9308651750852,65.97805786132812,1429300
2010-06-07,65.91509678246715,65.9780183260524,65.90722933910614,65.95442199707031,1553900
2010-06-08,65.93873279129043,65.97805802955827,65.92299789509963,65.94659423828125,1050800
2010-06-09,65.92295822472721,65.97015688379234,65.91509678246715,65.95442199707031,569400
2010-06-10,65.93871493335129,65.93871493335129,65.867919921875,65.867919921875,656900
2010-06-11,65.92297818224485,65.97017685559892,65.89151440037641,65.93871307373047,705200
2010-06-14,65.8914944523841,65.96228944043133,65.8914944523841,65.95442199707031,694000
2010-06-15,65.96231249165587,65.97017993776625,65.90725237108934,65.92298126220703,1212700
2010-06-16,65.97017685559892,65.97017685559892,65.92297818224485,65.93871307373047,1467000
2010-06-17,65.962328966282,66.03311799564636,65.962328966282,65.97805786132812,1394200
2010-06-18,65.98590087890625,66.00163576923127,65.97017198968356,65.98590087890625,592000
2010-06-21,65.9387600332235,65.99382019042969,65.92302513053198,65.99382019042969,1900900
2010-06-22,65.97019316429275,66.02525329589844,65.96232571660501,66.02525329589844,2290200
2010-06-23,66.03307936723216,66.08027802696908,66.03307936723216,66.0724105834961,2075700
2010-06-24,66.08816528320312,66.11176762284113,66.05670749922591,66.08816528320312,819200
2010-06-25,66.0803297206618,66.12752241621584,66.05673337288476,66.1117935180664,959000
2010-06-28,66.13537889254627,66.15110778808594,66.11178254868439,66.15110778808594,662000
2010-06-29,66.14327829502956,66.18260955810547,66.14327829502956,66.18260955810547,1043400
2010-06-30,66.15108182095798,66.17467815555729,66.10388915175938,66.16681671142578,1304200
2010-07-01,66.14555358886719,66.1927932524743,66.12981103854116,66.14555358886719,1760800
2010-07-02,66.12981103854116,66.15342786718746,66.09831993157458,66.14555358886719,565500
2010-07-06,66.12981103854116,66.16917642382799,66.09831993157458,66.14555358886719,1365300
2010-07-07,66.16135030531001,66.17709286709527,66.11411661363532,66.13773345947266,1024600
2010-07-08,66.12981103854116,66.16130214550773,66.10619420989485,66.14555358886719,1074300
2010-07-09,66.1298454127844,66.14558797129341,66.10622857186209,66.1219711303711,614300
2010-07-12,66.13765790542779,66.14552617417246,66.11404108656973,66.1297836303711,1013900
2010-07-13,66.0983460111272,66.11409457398145,66.0668548917356,66.08260345458984,1374000
2010-07-14,66.12195126893604,66.17705921664088,66.11408299520379,66.1534423828125,1081800
2010-07-15,66.16129991628098,66.21640785003706,66.16129991628098,66.16917419433594,540700
2010-07-16,66.18493643522656,66.24004438537814,66.16919388074729,66.23217010498047,812400
2010-07-19,66.2164619309705,66.23220449362351,66.20071336199827,66.20858764648438,529600
2010-07-20,66.24004438537814,66.24004438537814,66.20855327010351,66.23217010498047,1246900
2010-07-21,66.22429722958944,66.27940517591209,66.21642294973887,66.26365661621094,676700
2010-07-22,66.24796370225465,66.25583798800541,66.21647256557182,66.2400894165039,591800
2010-07-23,66.24007877810963,66.27156990973488,66.20858764648438,66.20858764648438,1075600
2010-07-26,66.20853046199512,66.20853046199512,66.16917108619776,66.1849136352539,2052000
2010-07-27,66.16917642382799,66.16917642382799,66.12981103854116,66.14555358886719,1320300
2010-07-28,66.19284508383136,66.24007877810963,66.16135395220611,66.20858764648438,1274700
2010-07-29,66.24791406282547,66.2715308960615,66.22429722958944,66.26365661621094,2207900
2010-07-30,66.31877522326292,66.31877522326292,66.27941583031439,66.29515838623047,1064400
2010-08-02,66.28803390719246,66.3037957511776,66.27227807458945,66.28015899658203,1174200
2010-08-03,66.32744598388672,66.35108274328542,66.31956506029269,66.32744598388672,1444300
2010-08-04,66.31958951523313,66.31958951523313,66.2723159790039,66.2723159790039,1962200
2010-08-05,66.3038083299849,66.35108184814453,66.2959274064972,66.35108184814453,1559300
2010-08-06,66.36685943603516,66.39049620072115,66.35109758532136,66.36685943603516,941200
2010-08-09,66.35896366687945,66.36684459047346,66.32744598388672,66.32744598388672,1120200
2010-08-10,66.30380857084761,66.36684393621164,66.29592764733128,66.35896301269531,1465900
2010-08-11,66.39047955916526,66.40623539454496,66.3668428004041,66.37471771240234,748700
2010-08-12,66.382599771861,66.382599771861,66.33532625352963,66.35896301269531,1556800
2010-08-13,66.35108184814453,66.36684369511994,66.34320092465683,66.35108184814453,427900
2010-08-16,66.39050965386417,66.41414642333984,66.38262872691031,66.41414642333984,652100
2010-08-17,66.39052443570606,66.39839935302734,66.35900673225912,66.39839935302734,794000
2010-08-18,66.4220273502937,66.4220273502937,66.38262872691031,66.41414642333984,838100
2010-08-19,66.39840630448384,66.43780494076411,66.39053138633811,66.42992401123047,756200
2010-08-20,66.42992492451062,66.42992492451062,66.39053229907667,66.40628814697266,703700
2010-08-23,66.39050965386417,66.4220273502937,66.39050965386417,66.41414642333984,527800
2010-08-24,66.44568519252041,66.47720289894555,66.42204841554852,66.46144104003906,1533700
2010-08-25,66.4456789138914,66.46931568862979,66.38264350699751,66.39839935302734,1168600
2010-08-26,66.39839935302734,66.422042139153,66.39052443570606,66.39839935302734,724400
2010-08-27,66.37471860722435,66.41411721327957,66.32744508906471,66.35108184814453,904100
2010-08-30,66.41416816355111,66.43780494076411,66.39053138633811,66.42992401123047,726800
2010-08-31,66.4377887728541,66.46142554431499,66.42203292900898,66.45354461669922,938600
2010-09-01,66.421988118745,66.44564451768387,66.38255677626145,66.41410064697266,2009100
2010-09-02,66.4062257911419,66.42988219457506,66.39045686097958,66.3983383178711,1251400
2010-09-03,66.35102345482613,66.39045480357895,66.35102345482613,66.3667984008789,892600
2010-09-07,66.39043897589896,66.43775177001953,66.39043897589896,66.43775177001953,1104000
2010-09-08,66.40620318993213,66.40620318993213,66.36677786975498,66.39043426513672,1677100
2010-09-09,66.38255337539739,66.38255337539739,66.30369671084837,66.31946563720703,1291500
2010-09-10,66.30371827389173,66.3273746793121,66.29583079995834,66.31159973144531,1096200
2010-09-13,66.33525452515246,66.38256733055256,66.31947957909969,66.3667984008789,522000
2010-09-14,66.39044424803379,66.421988118745,66.3746693044891,66.41410064697266,968100
2010-09-15,66.43780385916594,66.45357279744353,66.41414744355833,66.42991638183594,664400
2010-09-16,66.44564819335938,66.45352964918955,66.4141043209032,66.44564819335938,730900
2010-09-17,66.44564922357213,66.46141815185547,66.43776175124117,66.46141815185547,548800
2010-09-20,66.43777832377614,66.46932220458984,66.4298908494777,66.46932220458984,1132900
2010-09-21,66.46934214104047,66.53242992159007,66.4299107741015,66.51665496826172,1430900
2010-09-22,66.52452586492407,66.5402947979404,66.50086945720938,66.50875091552734,1158200
2010-09-23,66.54031138187234,66.54819885853651,66.50876749159754,66.51665496826172,779000
2010-09-24,66.50086945720938,66.51663839022571,66.492981982511,66.50875091552734,1214500
2010-09-27,66.52449798583984,66.53238545723272,66.50084158803907,66.52449798583984,2443500
2010-09-28,66.52453715561592,66.55608104338269,66.51664967957888,66.5403060913086,764700
2010-09-29,66.54026691224774,66.54815438364062,66.52449798583984,66.52449798583984,798400
2010-09-30,66.5402987561501,66.54818623131764,66.49298593790624,66.53241729736328,1451800
2010-10-01,66.52847702442965,66.56003921092191,66.52847702442965,66.54425811767578,2388000
2010-10-04,66.56788984771956,66.58367695180672,66.55210876464844,66.55210876464844,1035100
2010-10-05,66.5757932753988,66.58368682861328,66.5600061689698,66.58368682861328,945100
2010-10-06,66.61528681108123,66.62317434704293,66.59160614013672,66.59160614013672,1772600
2010-10-07,66.6310313546781,66.64681243896484,66.62313780202646,66.64681243896484,1430200
2010-10-08,66.6625995442681,66.67838062855485,66.64681243896484,66.64681243896484,1604700
2010-10-11,66.66263293648844,66.68630758528577,66.62317117447986,66.65473937988281,1051900
2010-10-12,66.67055067931551,66.67055067931551,66.60741424560547,66.60741424560547,950600
2010-10-13,66.63893190260717,66.63893190260717,66.59157660274288,66.6152572631836,645700
2010-10-14,66.62314255265183,66.62314255265183,66.58368682861328,66.58368682861328,1130100
2010-10-15,66.63898246246049,66.64687000090795,66.59952068613629,66.60741424560547,883700
2010-10-18,66.62312316894531,66.6467978006838,66.62312316894531,66.62312316894531,765500
2010-10-19,66.63106473108549,66.66263293648844,66.63106473108549,66.65473937988281,740900
2010-10-20,66.6626205444336,66.67840163369172,66.6389459000372,66.6626205444336,1247500
2010-10-21,66.6625471273832,66.67832819926126,66.64676003449337,66.67044067382812,1035700
2010-10-22,66.66263293648844,66.67052649309406,66.65473937988281,66.65473937988281,522000
2010-10-25,66.6625471273832,66.69411529215111,66.6625471273832,66.67044067382812,1594800
2010-10-26,66.62319534352213,66.63108890299131,66.59952068613629,66.60741424560547,1325400
2010-10-27,66.60735859575352,66.61525214862772,66.57579040527344,66.57579040527344,751900
2010-10-28,66.6389459000372,66.6626205444336,66.62315878976065,66.6626205444336,782300
2010-10-29,66.67049534163448,66.69416997936996,66.65470823579969,66.67838287353516,875500
2010-11-01,66.6918784946602,66.70767211914062,66.68397866951948,66.70767211914062,709700
2010-11-02,66.68389968487503,66.69969329064851,66.66810607910156,66.66810607910156,610100
2010-11-03,66.69181823730469,66.6997120295122,66.6049383166575,66.69181823730469,643400
2010-11-04,66.70767211914062,66.72347176942208,66.70767211914062,66.70767211914062,874600
2010-11-05,66.68390647297875,66.69970008035995,66.64441341583402,66.65231323242188,1782600
2010-11-08,66.63655769884369,66.64445149414726,66.60496444023552,66.62075805664062,1086100
2010-11-09,66.63651589726048,66.63651589726048,66.5338363647461,66.5338363647461,1709900
2010-11-10,66.54175575094231,66.57334899902344,66.47856925478007,66.57334899902344,1019100
2010-11-11,66.55756178240067,66.56546160234412,66.44698840638058,66.47068786621094,553500
2010-11-12,66.51017491433407,66.54176816831082,66.47068786621094,66.47068786621094,1465400
2010-11-15,66.43121337890625,66.48650008238481,66.4154137345988,66.43121337890625,1869600
2010-11-16,66.46273803710938,66.48643145331482,66.43114480690461,66.46273803710938,1070400
2010-11-17,66.50221252441406,66.51801214943556,66.4785191126732,66.50221252441406,1860000
2010-11-18,66.47067531284983,66.51016235351562,66.44697585749526,66.51016235351562,799100
2010-11-19,66.47858166035734,66.49438130024423,66.47068786621094,66.47068786621094,1324400
2010-11-22,66.47065591296126,66.541736180892,66.47065591296126,66.5338363647461,741000
2010-11-23,66.58914261016604,66.59704242863529,66.56544918055417,66.57334899902344,722600
2010-11-24,66.52595844202791,66.53385223426248,66.4469723133175,66.45487213134766,1604700
2010-11-26,66.46272551344309,66.50221252441406,66.46272551344309,66.50221252441406,221300
2010-11-29,66.5101707493313,66.5101707493313,66.4706837036809,66.49437713623047,664000
2010-11-30,66.54170227050781,66.55749586895689,66.52590867205873,66.54170227050781,884500
2010-12-01,66.48168464999294,66.48959047405518,66.43426176637321,66.4421615600586,1000000
2010-12-02,66.4421615600586,66.4737788259307,66.41845011824874,66.4421615600586,896500
2010-12-03,66.52110717626498,66.54481858222898,66.48948995819039,66.52900695800781,1364900
2010-12-06,66.5686264038086,66.59233784411539,66.5528147566864,66.5686264038086,1686500
2010-12-07,66.55280956016381,66.55280956016381,66.42634654494304,66.45005798339844,1018800
2010-12-08,66.37893019175263,66.38682998509681,66.31569566273956,66.3473129272461,1235900
2010-12-09,66.36313558017342,66.37894723167395,66.31571268642814,66.33942413330078,1132700
2010-12-10,66.35519850690545,66.36310432893276,66.30777563549222,66.31568145751953,912300
2010-12-13,66.32363624686111,66.38686477863583,66.29991876326837,66.3552474975586,944200
2010-12-14,66.36310255858565,66.37100838040206,66.2761566097306,66.3235855102539,873100
2010-12-15,66.30777917450004,66.35520204844435,66.26035630055573,66.29987335205078,720700
2010-12-16,66.2840641997856,66.33939289322615,66.25244694205168,66.31568145751953,1131600
2010-12-17,66.31569637955887,66.38683070268503,66.31569637955887,66.37102508544922,1075900
2010-12-20,66.38683319091797,66.42635628105386,66.37102757308975,66.38683319091797,621100
2010-12-21,66.38683070268503,66.38683070268503,66.33940782060093,66.37102508544922,879700
2010-12-22,66.37105915328709,66.37896498115134,66.31573041899686,66.3552474975586,526900
2010-12-23,66.29989730013872,66.31570895074854,66.26828002929688,66.26828002929688,581000
2010-12-27,66.2524182177547,66.30774688720703,66.21289515512902,66.30774688720703,730000
2010-12-28,66.28245542339134,66.3140983267374,66.21916961669922,66.21916961669922,823400
2010-12-29,66.2508011500373,66.40110340631941,66.242888916742,66.37737274169922,1204800
2010-12-30,66.36157281971782,66.36948505593953,66.31411147292329,66.3536605834961,1119100
2010-12-31,66.36945346869418,66.44064545500352,66.36154123623812,66.4327392578125,664600
2011-01-03,66.40113560153273,66.42486627765895,66.36949268827487,66.41695404052734,676200
2011-01-04,66.4168956956065,66.45645081124817,66.38525281014583,66.40107727050781,2022500
2011-01-05,66.3061632166582,66.32989387716407,66.26660809230536,66.28243255615234,1276200
2011-01-06,66.31411147292329,66.36948505593953,66.29828700047985,66.3536605834961,1686600
2011-01-07,66.40113941406543,66.46441920894583,66.39322717647953,66.44860076904297,792200
2011-01-10,66.44853594880063,66.48809106287537,66.44853594880063,66.48017883300781,1202900
2011-01-11,66.48813357302173,66.48813357302173,66.43275999907102,66.44066619873047,1060400
2011-01-12,66.40902329429194,66.44857843365683,66.39320485970613,66.44066619873047,703200
2011-01-13,66.44070108072431,66.47234400177568,66.4169703987533,66.46443176269531,685900
2011-01-14,66.48025624085604,66.50398692282704,66.45652555888503,66.46443176269531,841900
2011-01-18,66.44860076904297,66.48024368411764,66.4327823291401,66.44860076904297,692200
2011-01-19,66.46435437327268,66.48809106287537,66.45644817866818,66.48017883300781,1450300
2011-01-20,66.46440831248917,66.46440831248917,66.40112852798312,66.4090347290039,781700
2011-01-21,66.40110454005276,66.43274743850851,66.40110454005276,66.42483520507812,463600
2011-01-24,66.40113560153273,66.43277851479057,66.40113560153273,66.41695404052734,631800
2011-01-25,66.4169703987533,66.48025624085604,66.40115195586267,66.46443176269531,1627100
2011-01-26,66.4327823291401,66.45651300662887,66.40904561638239,66.44860076904297,1130100
2011-01-27,66.4802219095165,66.50395257923265,66.45649123980036,66.49604034423828,917600
2011-01-28,66.48817609033803,66.55936814439985,66.48026385035202,66.52772521972656,678500
2011-01-31,66.54351209716987,66.55141829741746,66.50395695486245,66.519775390625,1139000
2011-02-01,66.48651707883994,66.48651707883994,66.44692993164062,66.44692993164062,1358700
2011-02-02,66.44689761378511,66.4706474744932,66.38356062513175,66.40731048583984,1139300
2011-02-03,66.35189910553312,66.37564896873774,66.31231801357488,66.34398651123047,1843800
2011-02-04,66.30440544895289,66.32815531433168,66.26481831322234,66.28857421875,612300
2011-02-07,66.24108258710757,66.28066973128809,66.22525135352548,66.25691986083984,532500
2011-02-08,66.2490291213923,66.25694776159297,66.15402355944241,66.16986083984375,1348600
2011-02-09,66.20158360273707,66.25700204924341,66.19366495604827,66.21741485595703,1278000
2011-02-10,66.2094417138569,66.2331976343704,66.17777319332492,66.1856918334961,607200
2011-02-11,66.22527899419923,66.2569475147312,66.1856918334961,66.1856918334961,786700
2011-02-14,66.17777319332492,66.20152911383842,66.17777319332492,66.1856918334961,1257700
2011-02-15,66.15407776276187,66.21741485595703,66.15407776276187,66.21741485595703,981700
2011-02-16,66.19361852595094,66.24903693358522,66.17778124368203,66.2094497680664,963300
2011-02-17,66.25690571819531,66.29648681377701,66.25690571819531,66.28857421875,1095900
2011-02-18,66.2569823878099,66.32031342205421,66.24906374347091,66.3124008178711,709200
2011-02-22,66.34401721735908,66.39943560386867,66.32026130301115,66.38359832763672,1885000
2011-02-23,66.39154773676687,66.41529762197122,66.35987920977641,66.3677978515625,831600
2011-02-24,66.38365306715404,66.41532160558049,66.3757344225084,66.39949035644531,666700
2011-02-25,66.37569604294289,66.42320184319195,66.37569604294289,66.415283203125,786000
2011-02-28,66.43114379379352,66.46280628486639,66.41530650810238,66.43905639648438,667600
2011-03-01,66.40022973528632,66.48738002774707,66.40022973528632,66.47946166992188,785200
2011-03-02,66.47948362863526,66.4953263940666,66.43986764823201,66.44779205322266,834800
2011-03-03,66.35271106944062,66.36855383337786,66.31309509277344,66.31309509277344,740400
2011-03-04,66.38436666345004,66.46359252929688,66.38436666345004,66.46359252929688,627700
2011-03-07,66.40022785585855,66.46361098395377,66.40022785585855,66.41607666015625,668500
2011-03-08,66.38431803749667,66.40808517538687,66.36846924920873,66.39224243164062,863500
2011-03-09,66.43195596458563,66.47949635908324,66.40818878961238,66.43988037109375,924200
2011-03-10,66.46358934890227,66.5269724563652,66.43982219474013,66.51112365722656,692000
2011-03-11,66.51107279887296,66.53484597940252,66.49523005639445,66.51899719238281,678200
2011-03-14,66.57449753755328,66.62203183928938,66.55865478515625,66.55865478515625,1522200
2011-03-15,66.65373007519554,66.66165447446151,66.52696990966797,66.52696990966797,1152200
2011-03-16,66.58245274845486,66.67752744046985,66.56660394417847,66.64583587646484,2603900
2011-03-17,66.59828693995016,66.62205409875918,66.55867702345077,66.6141357421875,1012000
2011-03-18,66.58241271972656,66.6141042646789,66.57448832235244,66.58241271972656,814000
2011-03-21,66.55866401009666,66.55866401009666,66.50320530220306,66.51112365722656,611900
2011-03-22,66.4714797452029,66.51108963369555,66.4714797452029,66.49524688720703,1402600
2011-03-23,66.55075392303928,66.55075392303928,66.49529520321863,66.50321960449219,868700
2011-03-24,66.47937773032511,66.50314486288723,66.4476862053955,66.45560455322266,1038400
2011-03-25,66.4874290735302,66.4874290735302,66.39236035311492,66.408203125,811100
2011-03-28,66.37645721435547,66.41607317847517,66.36061445543606,66.37645721435547,1493000
2011-03-29,66.38438321353951,66.40815037476428,66.3447672484665,66.35269165039062,863400
2011-03-30,66.3763936433527,66.40016078124292,66.36846924920873,66.39224243164062,631200
2011-03-31,66.4160747766884,66.43191753598903,66.35269165039062,66.35269165039062,935200
2011-04-01,66.29480125609118,66.40580749511719,66.28687051062181,66.40580749511719,855800
2011-04-04,66.42166900634766,66.45338594173717,66.41374430954043,66.42166900634766,1159400
2011-04-05,66.39789129315508,66.42167748538692,66.3503189086914,66.3503189086914,1581000
2011-04-06,66.3503189086914,66.37410510092325,66.33446346366607,66.3503189086914,663000
2011-04-07,66.36613311689017,66.41371152117848,66.35820842399536,66.3978500366211,501800
2011-04-08,66.36616135639746,66.38995359335742,66.3582366601306,66.37409210205078,692200
2011-04-11,66.37405775570957,66.38991923880843,66.35027158044463,66.36612701416016,679500
2011-04-12,66.41372216313746,66.4771499633789,66.41372216313746,66.4771499633789,826100
2011-04-13,66.44546042402038,66.51681899072503,66.42959893182815,66.5088882446289,859000
2011-04-14,66.50100639452319,66.5247925987502,66.44550323486328,66.44550323486328,919400
2011-04-15,66.50092998249619,66.5722885131836,66.50092998249619,66.5722885131836,1139000
2011-04-18,66.59612812924429,66.62784507368411,66.58027268171867,66.58820343017578,616000
2011-04-19,66.60401916503906,66.61987460311086,66.58816372696725,66.60401916503906,628400
2011-04-20,66.58022152998771,66.60400770769617,66.55643535227925,66.59607696533203,746700
2011-04-21,66.59607088799898,66.61193237127978,66.57228471246115,66.58021545410156,1119500
2011-04-25,66.58027268171867,66.6119896261585,66.56441118480446,66.58820343017578,1049600
2011-04-26,66.61990964470257,66.66748808271389,66.60405419829092,66.65162658691406,569000
2011-04-27,66.6119795797431,66.67540740966797,66.58819338734781,66.67540740966797,1169700
2011-04-28,66.69126890418995,66.69919965145094,66.66748271179466,66.67540740966797,704400
2011-04-29,66.6833518642387,66.72299955930588,66.66749641584519,66.70713806152344,803000
2011-05-02,66.71189755898949,66.73570242991387,66.69602966308594,66.69602966308594,716200
2011-05-03,66.71979522705078,66.72772614326114,66.69599037015068,66.71979522705078,451000
2011-05-04,66.71986794040785,66.76747770609465,66.68812607856962,66.7516098022461,1527400
2011-05-05,66.74360541951722,66.76741027832031,66.73566844853785,66.76741027832031,899600
2011-05-06,66.72771383069507,66.80707141123175,66.71184594706776,66.77532958984375,1627000
2011-05-09,66.80711364746094,66.8150445672219,66.79123969966454,66.80711364746094,530900
2011-05-10,66.79122392064455,66.79122392064455,66.74361419677734,66.74361419677734,725400
2011-05-11,66.75949785820899,66.8150445672219,66.75156693844802,66.80711364746094,1403100
2011-05-12,66.80707141123175,66.80707141123175,66.75945565208305,66.77532958984375,745000
2011-05-13,66.79123969966454,66.8229815411201,66.78330877990358,66.80711364746094,683200
2011-05-16,66.80706433431818,66.83880615234375,66.79119039823902,66.83880615234375,1458600
2011-05-17,66.83094148809329,66.8706142629473,66.82300451146676,66.84680938720703,949700
2011-05-18,66.83090690402287,66.83884387654211,66.79916506808205,66.81503295898438,1321800
2011-05-19,66.7436159693655,66.83884147376473,66.7436159693655,66.82296752929688,756000
2011-05-20,66.83887846471981,66.86268334046008,66.83094148809329,66.84680938720703,1059900
2011-05-23,66.87055080641926,66.87848777551403,66.84674595326851,66.85468292236328,708400
2011-05-24,66.8388150383073,66.86261989145805,66.83087806921253,66.85468292236328,903000
2011-05-25,66.88641357421875,66.88641357421875,66.86260872504354,66.88641357421875,712100
2011-05-26,66.8943964175724,66.92613220214844,66.8943964175724,66.92613220214844,653800
2011-05-27,66.91819407779094,66.94993591308594,66.91025710543317,66.94993591308594,635700
2011-05-31,66.91025710543317,66.96580380366541,66.91025710543317,66.94993591308594,775300
2011-06-01,66.96265621946891,67.00236610059915,66.96265621946891,66.99442291259766,2248000
2011-06-02,66.96262458073284,66.98644807460389,66.94674427111025,66.95468139648438,696300
2011-06-03,67.01029757423679,67.01029757423679,66.95470738067243,66.97853088378906,975500
2011-06-06,66.9705622576013,67.01026605782988,66.96261907400606,66.98644256591797,1836500
2011-06-07,66.99444690396567,67.0341567993164,66.97062339030697,67.0341567993164,1384700
2011-06-08,67.01821447009661,67.05792433229712,67.01821447009661,67.04203796386719,914300
2011-06-09,67.01824332152982,67.02618650916435,66.96265312584205,66.97059631347656,1145900
2011-06-10,66.9944097657418,67.02617645263672,66.9944097657418,67.02617645263672,717200
2011-06-13,66.9944142959303,67.04206130005657,66.9785279219706,67.00235748291016,898400
2011-06-14,66.95467632154987,66.98644299726158,66.94673919677734,66.94673919677734,1300600
2011-06-15,66.98644779211105,67.05792433229712,66.98644779211105,67.04203796386719,695100
2011-06-16,67.05000305175781,67.05794623856762,67.01823636339482,67.05000305175781,1112300
2011-06-17,67.04993085958141,67.06581115722656,67.03405056193627,67.06581115722656,1689000
2011-06-20,67.05787403783887,67.06581115722656,67.0261073836788,67.06581115722656,917300
2011-06-21,67.03411058299206,67.07381439208984,67.03411058299206,67.07381439208984,7491500
2011-06-22,67.08171532793229,67.08965850829912,67.04200548496944,67.05789184570312,1174000
2011-06-23,67.0976333618164,67.11351973148372,67.08175305102388,67.0976333618164,1875000
2011-06-24,67.09764974415171,67.14530280591366,67.0817694294819,67.13735961914062,1068600
2011-06-27,67.10558107469318,67.12146138655726,67.04999089485614,67.07381439208984,1431800
2011-06-28,67.02615793697187,67.04998143084292,66.94674427111025,66.95468139648438,1126700
2011-06-29,66.96262458073284,66.97850489035542,66.93085790261331,66.95468139648438,1312800
2011-06-30,66.98644299726158,66.99438618090798,66.89908615377284,66.94673919677734,1898000
2011-07-01,66.97929067669263,66.98723960881973,66.9077684773248,66.92366027832031,3176800
2011-07-05,66.97139176852467,67.01113039558405,66.97139176852467,67.00318145751953,1128700
2011-07-06,67.0111543850583,67.04294408543365,67.0111543850583,67.02704620361328,669900
2011-07-07,66.98727305703854,66.98727305703854,66.9395915669849,66.96343231201172,959800
2011-07-08,67.0508568702906,67.08264655352389,67.0508568702906,67.05879974365234,830500
2011-07-11,67.07470902961944,67.11444159297493,67.07470902961944,67.10649871826172,1723500
2011-07-12,67.09854888916016,67.11444070163867,67.06675920094008,67.09854888916016,1065600
2011-07-13,67.09848808473508,67.12232881348,67.08259628665768,67.1143798828125,612400
2011-07-14,67.07471487537855,67.10650456679137,67.07471487537855,67.09060668945312,920300
2011-07-15,67.07470902961944,67.10649871826172,67.06676009164309,67.10649871826172,607500
2011-07-18,67.09854978028537,67.12239053095128,67.09060084230902,67.10649871826172,1518000
2011-07-19,67.11444159297493,67.13033946892764,67.09060084230902,67.10649871826172,850000
2011-07-20,67.0906378864231,67.10653577115382,67.07474606495886,67.08269500732422,615600
2011-07-21,67.07466776236525,67.09055956527749,67.04287809328137,67.05082702636719,718900
2011-07-22,67.08264655352389,67.09853836350946,67.05879974365234,67.05879974365234,712600
2011-07-25,67.04294408543365,67.07473378580897,67.02704620361328,67.02704620361328,3881100
2011-07-26,67.04289357246232,67.08263218380706,67.04289357246232,67.06673431396484,1157200
2011-07-27,67.05089302634381,67.05883590398862,67.0111543850583,67.02704620361328,1120100
2011-07-28,67.09057505546737,67.09852399038847,67.05878537904373,67.06673431396484,3369200
2011-07-29,67.09853652771449,67.16211589244153,67.09853652771449,67.13827514648438,1178200
2011-08-01,67.12315090678861,67.16291216531074,67.10724154926609,67.11519622802734,2428900
2011-08-02,67.17088509785816,67.2106524348292,67.15498180365597,67.20269775390625,1104600
2011-08-03,67.17880649150997,67.21061913179481,67.17085181452858,67.19470977783203,2656600
2011-08-04,67.18676503419417,67.26629360566173,67.18676503419417,67.25833892822266,2556300
2011-08-05,67.21061900040235,67.26628960388182,67.19470964647067,67.242431640625,3777400
2011-08-08,67.250402286363,67.31402758765685,67.250402286363,67.26631164550781,3003000
2011-08-09,67.2424739706861,67.39357652231396,67.21066131043695,67.33790588378906,5224400
2011-08-10,67.36969549989348,67.40150814926096,67.34583752977848,67.38560485839844,2682500
2011-08-11,67.3697280883789,67.38563745457964,67.34587010672318,67.3697280883789,1352200
2011-08-12,67.35378943077146,67.37764739990234,67.33788007292273,67.37764739990234,4026200
2011-08-15,67.36176941576548,67.36176941576548,67.32996282053853,67.35382080078125,924400
2011-08-16,67.345866118152,67.35382080078125,67.32996282053853,67.35382080078125,2724700
2011-08-17,67.36177340527853,67.3697280883789,67.32996680816782,67.3697280883789,1471600
2011-08-18,67.38559651771382,67.39354512834002,67.35378387228397,67.36173248291016,1197000
2011-08-19,67.3378745157482,67.36173248291016,67.3378745157482,67.36173248291016,1894500
2011-08-22,67.345866118152,67.35382080078125,67.33791143552274,67.35382080078125,1112400
2011-08-23,67.33789426035406,67.3458489409544,67.32199096679688,67.32199096679688,1531000
2011-08-24,67.32994564739721,67.33789426035406,67.3060816055962,67.32199096679688,780700
2011-08-25,67.34582919401608,67.36968716117805,67.34582919401608,67.36173248291016,1397200
2011-08-26,67.37768277147927,67.39358607003463,67.36177340527853,67.3697280883789,1011300
2011-08-29,67.36176941576548,67.36972409839473,67.345866118152,67.35382080078125,533300
2011-08-30,67.36177340527853,67.38563745457964,67.36177340527853,67.3697280883789,2234000
2011-08-31,67.38563745457964,67.38563745457964,67.3379154236228,67.3697280883789,1416500
2011-09-01,67.3887939453125,67.39675369844215,67.35696100430658,67.3887939453125,1562800
2011-09-02,67.37292940550797,67.37292940550797,67.34109644139974,67.35700988769531,1988100
2011-09-06,67.35695418810552,67.36491394042969,67.3330810026451,67.36491394042969,1125600
2011-09-07,67.34105297057715,67.36492616036814,67.34105297057715,67.34900665283203,1087400
2011-09-08,67.38084797035273,67.38084797035273,67.35697477759481,67.37289428710938,755600
2011-09-09,67.38882216492385,67.40473560633436,67.38086240846098,67.39678192138672,921700
2011-09-12,67.38083959639108,67.38083959639108,67.34900665283203,67.34900665283203,2117700
2011-09-13,67.34905012878899,67.36496964660165,67.34109644139974,67.35700988769531,992400
2011-09-14,67.37292940550797,67.38884285180356,67.34905012878899,67.35700988769531,808700
2011-09-15,67.34899443578136,67.36491394042969,67.3330810026451,67.36491394042969,1466400
2011-09-16,67.34110323706561,67.38884965228772,67.34110323706561,67.38088989257812,997900
2011-09-19,67.4127197265625,67.42067948590211,67.39680627940069,67.4127197265625,644600
2011-09-20,67.38884965228772,67.41272285989876,67.38088989257812,67.38088989257812,1905900
2011-09-21,67.4047197587882,67.41267951337966,67.3092269897461,67.3092269897461,984800
2011-09-22,67.34900213087484,67.35696188410846,67.31716918945312,67.31716918945312,2479700
2011-09-23,67.3410385226753,67.3410385226753,67.30920558594595,67.32511901855469,2848600
2011-09-26,67.3171753382635,67.3171753382635,67.2933021478948,67.30126190185547,977500
2011-09-27,67.26944502929386,67.29331822536626,67.26944502929386,67.27740478515625,1303100
2011-09-28,67.26148609411263,67.27740560603164,67.24557265370846,67.25353240966797,2755700
2011-09-29,67.26147231354238,67.2773918221998,67.25351863072727,67.2694320678711,1206500
2011-09-30,67.2933021478948,67.30126190185547,67.2694289575261,67.30126190185547,2114100
2011-10-03,67.30049276473449,67.32438588081635,67.28457009571578,67.31642150878906,2885800
2011-10-04,67.30844747783847,67.31641184872285,67.27659606933594,67.27659606933594,4037200
2011-10-05,67.28456044022032,67.28456044022032,67.26067340260218,67.27659606933594,1734600
2011-10-06,67.2606430053711,67.2765656649089,67.2606430053711,67.2606430053711,1221500
2011-10-07,67.25271618649413,67.2606805582258,67.20494210617531,67.2367935180664,2255300
2011-10-10,67.26067865157383,67.26067865157383,67.16512441860927,67.1810531616211,1532300
2011-10-11,67.20494151212777,67.22086418041475,67.1969771404665,67.21290588378906,948000
2011-10-12,67.18105447217953,67.21290588378906,67.18105447217953,67.21290588378906,3140200
2011-10-13,67.2527078379754,67.2606722087184,67.22882080078125,67.22882080078125,2722800
2011-10-14,67.22879161126322,67.26860737265612,67.22879161126322,67.2606430053711,1096600
2011-10-17,67.2606513543826,67.27657401589688,67.25268698610897,67.26861572265625,834800
2011-10-18,67.26861572265625,67.28453838417052,67.2606513543826,67.26861572265625,1390000
2011-10-19,67.26066721015258,67.29251861572266,67.26066721015258,67.29251861572266,1987400
2011-10-20,67.27660429246998,67.30049133300781,67.26864599564787,67.30049133300781,2206000
2011-10-21,67.2925248111047,67.2925248111047,67.26863777348656,67.27659606933594,1426600
2011-10-24,67.27659606933594,67.27659606933594,67.26067340260218,67.27659606933594,1742300
2011-10-25,67.27660572368849,67.31642150878906,67.26068305466978,67.31642150878906,3601800
2011-10-26,67.28456044022032,67.2925248111047,67.26863777348656,67.27659606933594,1070400
2011-10-27,67.26863657946143,67.26863657946143,67.22085643003824,67.22882080078125,1521600
2011-10-28,67.25267863808607,67.26860737265612,67.22082724397819,67.2606430053711,2016000
2011-10-31,67.29251230591261,67.3243637084961,67.29251230591261,67.3243637084961,1376000
2011-11-01,67.35466538228373,67.35466538228373,67.32279587375344,67.33076477050781,5677600
2011-11-02,67.3387031642415,67.36260984583342,67.3387031642415,67.34667205810547,1863600
2011-11-03,67.34662248163114,67.3545913696289,67.33865359363338,67.3545913696289,1559800
2011-11-04,67.33865359363338,67.36256025762667,67.33865359363338,67.3545913696289,618700
2011-11-07,67.35462186524279,67.37055356997104,67.33868408203125,67.33868408203125,1082500
2011-11-08,67.33076477050781,67.35466538228373,67.33076477050781,67.33076477050781,711300
2011-11-09,67.3387031642415,67.36260984583342,67.3387031642415,67.34667205810547,1154900
2011-11-10,67.3545913696289,67.36256025762667,67.33865359363338,67.3545913696289,3677900
2011-11-11,67.33869324254007,67.35463102791974,67.32276153564453,67.32276153564453,1011800
2011-11-14,67.33069078411617,67.37849195514164,67.33069078411617,67.3545913696289,2637100
2011-11-15,67.35464095196944,67.36260984583342,67.3387031642415,67.34667205810547,788200
2011-11-16,67.34669648552935,67.35466538228373,67.33076477050781,67.33076477050781,978300
2011-11-17,67.322752377303,67.33868408203125,67.31478348569722,67.33868408203125,1751200
2011-11-18,67.32276534089416,67.33073423403441,67.30683363309812,67.3147964477539,1504000
2011-11-21,67.32276153564453,67.32276153564453,67.30682982874899,67.32276153564453,1352100
2011-11-22,67.33872758877497,67.33872758877497,67.31482697699904,67.33076477050781,2871900
2011-11-23,67.31478348569722,67.34665297363702,67.31478348569722,67.33868408203125,1470200
2011-11-25,67.33868408203125,67.33868408203125,67.322752377303,67.33868408203125,554700
2011-11-28,67.30683974575565,67.34667205810547,67.30683974575565,67.34667205810547,1210200
2011-11-29,67.33865359363338,67.3545913696289,67.33069078411617,67.3545913696289,1693200
2011-11-30,67.33069078411617,67.3545913696289,67.32272189611841,67.3545913696289,1486200
2011-12-01,67.35858917236328,67.35858917236328,67.32670271987186,67.35858917236328,6682400
2011-12-02,67.350633679897,67.350633679897,67.32672035469459,67.34266662597656,1780300
2011-12-05,67.34270280263948,67.35864300076402,67.3347296627153,67.35066986083984,1356600
2011-12-06,67.34270280263948,67.35864300076402,67.3347296627153,67.35066986083984,817300
2011-12-07,67.35068229962464,67.37459564208984,67.35068229962464,67.37459564208984,1330000
2011-12-08,67.38252258300781,67.39049571893779,67.36658239286864,67.38252258300781,2097100
2011-12-09,67.38252258300781,67.39049571893779,67.37454944707784,67.38252258300781,1726600
2011-12-12,67.37454944707784,67.39049571893779,67.37454944707784,67.38252258300781,1750800
2011-12-13,67.37454944707784,67.39049571893779,67.36658239286864,67.38252258300781,836100
2011-12-14,67.35065376058472,67.37456709291692,67.35065376058472,67.3666000366211,2196200
2011-12-15,67.37452935774951,67.37452935774951,67.35061603881068,67.35858917236328,2872000
2011-12-16,67.38253742139628,67.39051055908203,67.3665972277469,67.39051055908203,2330700
2011-12-19,67.38252258300781,67.39049571893779,67.36658239286864,67.38252258300781,1544000
2011-12-20,67.37456709291692,67.37456709291692,67.35065376058472,67.3666000366211,1549200
2011-12-21,67.350633679897,67.358606815538,67.32672035469459,67.34266662597656,1205300
2011-12-22,67.33467864990234,67.34265178378607,67.31076532997038,67.33467864990234,2395300
2011-12-23,67.31878338286694,67.35066986083984,67.31081632466658,67.35066986083984,1029000
2011-12-27,67.31001831752354,67.32596588134766,67.31001831752354,67.32596588134766,669100
2011-12-28,67.30997197872503,67.34984390310296,67.30997197872503,67.34187316894531,2493200
2011-12-29,67.33393647085565,67.35786085664361,67.33393647085565,67.34988403320312,1510900
2011-12-30,67.37376955034385,67.38971710205078,67.35781591410746,67.38971710205078,2343700
2012-01-03,67.38178524243158,67.38178524243158,67.34988403320312,67.34988403320312,5743100
2012-01-04,67.35779571533203,67.3657725310582,67.34981889960586,67.35779571533203,1767300
2012-01-05,67.34983768489865,67.37376813875184,67.34983768489865,67.36579132080078,1583400
2012-01-06,67.3657725310582,67.66882459884847,67.34981889960586,67.35779571533203,2068000
2012-01-09,67.38175766191395,67.38175766191395,67.36581010609409,67.37378692626953,1236100
2012-01-10,67.37377365069179,67.39769802197294,67.36579683208814,67.38174438476562,813400
2012-01-11,67.38969210264659,67.41361646359655,67.38969210264659,67.4056396484375,2467000
2012-01-12,67.39773559570312,67.42165998032195,67.39773559570312,67.39773559570312,2119900
2012-01-13,67.4216044409914,67.4216044409914,67.41362762451172,67.41362762451172,1151800
2012-01-17,67.421630859375,67.43757841405503,67.4136540397697,67.421630859375,2337200
2012-01-18,67.4216044409914,67.42958125747109,67.41362762451172,67.41362762451172,1189700
2012-01-19,67.40565080803204,67.4216044409914,67.38970325960086,67.41362762451172,2062000
2012-01-20,67.38975877265244,67.40570633422058,67.38975877265244,67.39773559570312,2601600
2012-01-23,67.39766891780565,67.4056396484375,67.38171528748754,67.4056396484375,2628500
2012-01-24,67.4056396484375,67.4056396484375,67.38171528748754,67.4056396484375,3799300
2012-01-25,67.39770789105617,67.4615041956377,67.39770789105617,67.445556640625,2108000
2012-01-26,67.44553728163898,67.46946164955635,67.44553728163898,67.4535140991211,1436100
2012-01-27,67.461505601937,67.469482421875,67.45353486652985,67.469482421875,1297900
2012-01-30,67.445556640625,67.4615041956377,67.445556640625,67.445556640625,1885700
2012-01-31,67.4296090856123,67.445556640625,67.4296090856123,67.445556640625,2644300
2012-02-01,67.43840824458543,67.45436774195133,67.42245483398438,67.42245483398438,5980200
2012-02-02,67.43036651611328,67.44632599880973,67.42239286152427,67.43036651611328,2990400
2012-02-03,67.42239286152427,67.4383462574615,67.41441312017605,67.43036651611328,2434800
2012-02-06,67.43038211056422,67.43038211056422,67.4144287109375,67.4144287109375,2384500
2012-02-07,67.41445194028013,67.41445194028013,67.39051878921295,67.39849853515625,1930100
2012-02-08,67.38253904326965,67.40647219433683,67.38253904326965,67.39849853515625,1207300
2012-02-09,67.39849004142623,67.39849004142623,67.3665771484375,67.3665771484375,766500
2012-02-10,67.36653867142823,67.39047180580967,67.36653867142823,67.38249206542969,1025300
2012-02-13,67.36655398943279,67.38250738706178,67.34262084960938,67.34262084960938,1083500
2012-02-14,67.342590005674,67.3585433959961,67.342590005674,67.3585433959961,1069400
2012-02-15,67.35061765856214,67.38253055155089,67.34264400038644,67.3665771484375,1229700
2012-02-16,67.36655398943279,67.37452764486734,67.34262084960938,67.34262084960938,1467200
2012-02-17,67.34269595238273,67.35066961670978,67.32673645019531,67.32673645019531,827900
2012-02-21,67.33467839233363,67.33467839233363,67.31074523925781,67.31074523925781,1954600
2012-02-22,67.32666136522052,67.34262084960938,67.31868162302608,67.34262084960938,1604800
2012-02-23,67.32668364627804,67.35061679402189,67.32668364627804,67.33466339111328,3341900
2012-02-24,67.33463929352925,67.34261903550872,67.31867980957031,67.31867980957031,3698600
2012-02-27,67.35061679402189,67.35859653885713,67.33466339111328,67.33466339111328,1060900
2012-02-28,67.35066223144531,67.36662173188272,67.34268856799261,67.35066223144531,982800
2012-02-29,67.35066223144531,67.35066223144531,67.32672906755522,67.35066223144531,656500
2012-03-01,67.32269508170087,67.33866119384766,67.32269508170087,67.33866119384766,1044000
2012-03-02,67.3466312025639,67.3625973130611,67.3466312025639,67.3546142578125,914500
2012-03-05,67.3466312025639,67.3546142578125,67.33865423660228,67.3546142578125,1166200
2012-03-06,67.3705803683097,67.3705803683097,67.3546142578125,67.3546142578125,2282700
2012-03-07,67.35462121670682,67.36260427278022,67.33866119384766,67.33866119384766,587900
2012-03-08,67.33862353226715,67.33862353226715,67.3146743774414,67.3146743774414,960100
2012-03-09,67.33064048065857,67.33862353226715,67.3146743774414,67.3146743774414,660400
2012-03-12,67.3306682966058,67.33865135151237,67.31470218679264,67.32268524169922,761700
2012-03-13,67.29871300433327,67.30669605578062,67.2747699392753,67.28275299072266,1284700
2012-03-14,67.25083344041688,67.25881040335899,67.18698120117188,67.18698120117188,1351500
2012-03-15,67.21893039718104,67.25085652776384,67.21094734221364,67.22691345214844,3730100
2012-03-16,67.25881687376302,67.27478297975259,67.23487380406397,67.26679992675781,2790700
2012-03-19,67.23493891399582,67.24292197472136,67.20301276038487,67.21897888183594,2260800
2012-03-20,67.21890799914597,67.23486801447594,67.18698187920128,67.20294189453125,793800
2012-03-21,67.22689886953273,67.24285888671875,67.21093276306125,67.24285888671875,572200
2012-03-22,67.25882382732718,67.25882382732718,67.24286380897286,67.25084686279297,840000
2012-03-23,67.26679500309405,67.2747780555045,67.2588119506836,67.2588119506836,698400
2012-03-26,67.26686587716667,67.27484893798828,67.25888281634506,67.27484893798828,1035600
2012-03-27,67.29076114651214,67.30672725680817,67.27480112550303,67.29874420166016,1091100
2012-03-28,67.29871300433327,67.31467301794387,67.28275299072266,67.28275299072266,736600
2012-03-29,67.30672454833984,67.30672454833984,67.2907584386863,67.30672454833984,739200
2012-03-30,67.29874420166016,67.30672725680817,67.29076114651214,67.29874420166016,949300
2012-04-02,67.33066905525519,67.33066905525519,67.29873156744777,67.314697265625,695600
2012-04-03,67.31470311690641,67.31470311690641,67.25881403124856,67.26679992675781,1631600
2012-04-04,67.30670304064004,67.30670304064004,67.27476555967579,67.28274536132812,1395900
2012-04-05,67.29873102419468,67.30671691894531,67.29074512944406,67.30671691894531,758900
2012-04-09,67.33070842718155,67.35466003417969,67.33070842718155,67.35466003417969,898600
2012-04-10,67.3546057931622,67.38654327392578,67.3466199001084,67.38654327392578,1024900
2012-04-11,67.36262011403598,67.38657171185362,67.36262011403598,67.37858581542969,2299100
2012-04-12,67.39452916697958,67.39452916697958,67.37855738087198,67.38654327392578,845700
2012-04-13,67.4025339427425,67.4025339427425,67.38656824217084,67.3945541381836,2859200
2012-04-16,67.4025339427425,67.41051983875525,67.3945541381836,67.3945541381836,569900
2012-04-17,67.4025339427425,67.41051983875525,67.38656824217084,67.3945541381836,773000
2012-04-18,67.4184320542773,67.4184320542773,67.40246027970709,67.41044616699219,469200
2012-04-19,67.40252338869806,67.41849517822266,67.40252338869806,67.41849517822266,558800
2012-04-20,67.41050928346036,67.41849517822266,67.39454358538866,67.41849517822266,503200
2012-04-23,67.43445587158203,67.43445587158203,67.41849017469525,67.43445587158203,741000
2012-04-24,67.43439773740032,67.44238362468542,67.41044616699219,67.41044616699219,1149600
2012-04-25,67.40253918524408,67.4344766803253,67.40253918524408,67.4264907836914,914100
2012-04-26,67.43445587158203,67.44244176575165,67.41849017469525,67.43445587158203,711600
2012-04-27,67.44244677105667,67.44244677105667,67.41849517822266,67.41849517822266,741700
2012-04-30,67.44244176575165,67.44244176575165,67.42646997741241,67.43445587158203,644700
2012-05-01,67.43281555175781,67.44878653290998,67.41684457060565,67.43281555175781,8197400
2012-05-02,67.43283024756975,67.4408187866211,67.42484170851843,67.4408187866211,2107000
2012-05-03,67.43281555175781,67.44878653290998,67.42482701444743,67.43281555175781,876700
2012-05-04,67.45683288574219,67.45683288574219,67.44884434158504,67.45683288574219,798700
2012-05-07,67.45683288574219,67.46482142989935,67.44884434158504,67.45683288574219,1315200
2012-05-08,67.45680943225312,67.46479797363281,67.44083844296544,67.46479797363281,1016600
2012-05-09,67.45683288574219,67.46482142989935,67.44884434158504,67.45683288574219,1260700
2012-05-10,67.44083957344257,67.45681056299796,67.43285103192898,67.44882202148438,1071300
2012-05-11,67.45683288574219,67.45683288574219,67.44086189090169,67.45683288574219,432100
2012-05-14,67.44882202148438,67.45681056299796,67.44882202148438,67.44882202148438,799600
2012-05-15,67.44880123220253,67.46477831030519,67.43283024756975,67.4408187866211,3270000
2012-05-16,67.42482701444743,67.43281555175781,67.41684457060565,67.43281555175781,1186300
2012-05-17,67.42491474983476,67.42491474983476,67.40095520019531,67.40095520019531,1894100
2012-05-18,67.40087834372814,67.40886688232422,67.38490736000554,67.40886688232422,2716100
2012-05-21,67.40892734779293,67.41691589355469,67.3929502562694,67.41691589355469,954600
2012-05-22,67.40887563883793,67.40887563883793,67.39289855957031,67.39289855957031,1193100
2012-05-23,67.41691378819692,67.42489624023438,67.40093669717234,67.42489624023438,928000
2012-05-24,67.40095520019531,67.40095520019531,67.39296665248999,67.40095520019531,644900
2012-05-25,67.42482701444743,67.43281555175781,67.4008674959849,67.43281555175781,795600
2012-05-29,67.40892734779293,67.43288689160319,67.40892734779293,67.41691589355469,1296100
2012-05-30,67.42486249041539,67.45681056299796,67.42486249041539,67.44882202148438,1239600
2012-05-31,67.47282409667969,67.48080654903383,67.4408760068379,67.47282409667969,3737600
2012-06-01,67.50313159421503,67.50313159421503,67.47117293481152,67.47916412353516,2218600
2012-06-04,67.47919785775765,67.48718905047625,67.47120666503906,67.47120666503906,5799600
2012-06-05,67.47916091126615,67.48715209960938,67.46318463007044,67.48715209960938,1666200
2012-06-06,67.48721669902382,67.48721669902382,67.4552580105505,67.46324920654297,1382500
2012-06-07,67.46321427535088,67.46321427535088,67.43125560342516,67.4552230834961,2898800
2012-06-08,67.46321427535088,67.46321427535088,67.44723189164132,67.4552230834961,1090400
2012-06-11,67.43125560342516,67.4552230834961,67.43125560342516,67.4552230834961,1065300
2012-06-12,67.44722339746268,67.44722339746268,67.40727963420603,67.42325592041016,1588500
2012-06-13,67.43128085160788,67.43128085160788,67.40731336256285,67.41529846191406,537400
2012-06-14,67.43923830210693,67.43923830210693,67.41526472956177,67.42325592041016,996000
2012-06-15,67.43125119085664,67.44722747802734,67.42325999952479,67.44722747802734,478800
2012-06-18,67.43923508695178,67.43923508695178,67.42325270601697,67.43124389648438,3803700
2012-06-19,67.43124711125854,67.43923830210693,67.42325592041016,67.42325592041016,1761700
2012-06-20,67.43131935888054,67.4472956622021,67.39136945732793,67.39936065673828,3044100
2012-06-21,67.3992964058638,67.41527269395534,67.3992964058638,67.40728759765625,701000
2012-06-22,67.40731336256285,67.41529846191406,67.39932216771594,67.41529846191406,1243300
2012-06-25,67.40731336256285,67.43128085160788,67.40731336256285,67.41529846191406,2960900
2012-06-26,67.40735185614864,67.41533696005983,67.39136945732793,67.39936065673828,3320900
2012-06-27,67.41533696005983,67.41533696005983,67.38337825791757,67.39936065673828,3125900
2012-06-28,67.41527269395534,67.4232638857478,67.3992964058638,67.40728759765625,907000
2012-06-29,67.39130521407134,67.4232638857478,67.39130521407134,67.40728759765625,1163200
2012-07-02,67.41211326755733,67.43608814775214,67.41211326755733,67.4281005859375,14979800
2012-07-03,67.42009540342929,67.43607662170254,67.41210174560547,67.41210174560547,1127700
2012-07-05,67.428101000148,67.4440822212509,67.428101000148,67.43608856201172,1205400
2012-07-06,67.46005249023438,67.46804005007935,67.45205883301546,67.46005249023438,1603300
2012-07-09,67.46804005007935,67.47603370729827,67.46005249023438,67.46005249023438,561100
2012-07-10,67.47603370729827,67.47603370729827,67.46005249023438,67.46005249023438,490200
2012-07-11,67.46802520751953,67.47601886297988,67.46003764943177,67.46802520751953,559500
2012-07-12,67.47603039102552,67.48402404785156,67.46803673419947,67.48402404785156,356800
2012-07-13,67.49199871530634,67.5079860259046,67.47601750208052,67.49999237060547,634100
2012-07-16,67.5239486694336,67.5399359756352,67.5239486694336,67.5239486694336,830800
2012-07-17,67.51595306396484,67.52394061874253,67.5079594118171,67.51595306396484,2200000
2012-07-18,67.51598594837667,67.53996081912707,67.51598594837667,67.53196716308594,2998500
2012-07-19,67.53999369965032,67.55597492213973,67.53999369965032,67.54798126220703,1443300
2012-07-20,67.54792217957869,67.56390948546036,67.53993462400852,67.55591583251953,2246300
2012-07-23,67.56391143798828,67.57190509116013,67.54792413164459,67.56391143798828,403900
2012-07-24,67.55597492213973,67.56396858207243,67.54798126220703,67.54798126220703,2868800
2012-07-25,67.5719031384012,67.5719031384012,67.54792217957869,67.55591583251953,1007100
2012-07-26,67.54792217957869,67.55591583251953,67.54792217957869,67.55591583251953,2028400
2012-07-27,67.52396918976169,67.53995650082179,67.4920006650141,67.50798797607422,907800
2012-07-30,67.53193096982503,67.54791217596927,67.52393731806802,67.53992462158203,2318600
2012-07-31,67.56390948546036,67.5719031384012,67.54792217957869,67.55591583251953,917000
2012-08-01,67.57674765944789,67.57674765944789,67.54476928710938,67.54476928710938,2012600
2012-08-02,67.5526351928711,67.56862129860065,67.54463909038675,67.5526351928711,591400
2012-08-03,67.53675130257456,67.5447413179125,67.520759073402,67.52875518798828,909300
2012-08-06,67.54482474200323,67.54482474200323,67.52883859233464,67.53683471679688,2344700
2012-08-07,67.52076213162485,67.52076213162485,67.49677988602811,67.50477600097656,644100
2012-08-08,67.50478669275455,67.50478669275455,67.47280832714446,67.48080444335938,1274600
2012-08-09,67.47280832714446,67.48879446032471,67.47280832714446,67.48080444335938,557300
2012-08-10,67.50476888021826,67.50476888021826,67.49677276611328,67.49677276611328,622900
2012-08-13,67.49677988602811,67.50477600097656,67.49677988602811,67.50477600097656,619000
2012-08-14,67.49675801421284,67.49675801421284,67.48077188874474,67.48876190185547,1756500
2012-08-15,67.47276356696514,67.48075967787558,67.46476745605469,67.46476745605469,694000
2012-08-16,67.47278696613644,67.48078307981989,67.44880472433373,67.45679473876953,797700
2012-08-17,67.47276356696514,67.47276356696514,67.46476745605469,67.46476745605469,577100
2012-08-20,67.46476745605469,67.48075967787558,67.46476745605469,67.46476745605469,536500
2012-08-21,67.46476745605469,67.47276356696514,67.44878133347933,67.46476745605469,1660500
2012-08-22,67.48878377107967,67.5127660166764,67.47279764043138,67.50477600097656,632300
2012-08-23,67.5126953125,67.52868752564869,67.50470530516789,67.5126953125,488900
2012-08-24,67.5126953125,67.52069141907435,67.49670919859354,67.5126953125,646600
2012-08-27,67.5127660166764,67.5127660166764,67.50477600097656,67.50477600097656,731000
2012-08-28,67.5126953125,67.5126953125,67.49670919859354,67.5126953125,759300
2012-08-29,67.50470530516789,67.5126953125,67.49670919859354,67.5126953125,512600
2012-08-30,67.520751953125,67.53674418061114,67.50476582488658,67.520751953125,664900
2012-08-31,67.5367477372243,67.57671610954904,67.5367477372243,67.56072998046875,944900
2012-09-04,67.57997357127226,67.57997357127226,67.53998771361213,67.55598449707031,1795800
2012-09-05,67.55598449707031,67.5639767878141,67.54798610534122,67.55598449707031,575500
2012-09-06,67.5239486694336,67.5399393404537,67.51595028343309,67.5239486694336,1133200
2012-09-07,67.5398941040039,67.56388314495729,67.53189572336049,67.5398941040039,1666500
2012-09-10,67.53194095445318,67.5399393404537,67.5239486694336,67.5239486694336,2298900
2012-09-11,67.53189572336049,67.5398941040039,67.52390344369392,67.5398941040039,526500
2012-09-12,67.53194427490234,67.53994266129614,67.53194427490234,67.53194427490234,1211800
2012-09-13,67.54798610534122,67.57197517954317,67.52399703113927,67.55598449707031,783900
2012-09-14,67.55593611245473,67.55593611245473,67.51595028343309,67.5239486694336,890100
2012-09-17,67.5239486694336,67.53194095445318,67.5239486694336,67.5239486694336,1002700
2012-09-18,67.52395198948979,67.53194427490234,67.52395198948979,67.53194427490234,626100
2012-09-19,67.52395198948979,67.53194427490234,67.52395198948979,67.53194427490234,533300
2012-09-20,67.52395908059313,67.53994975407873,67.51596069335938,67.51596069335938,702200
2012-09-21,67.51595028343309,67.5239486694336,67.50795189743256,67.5239486694336,625100
2012-09-24,67.53194427490234,67.53194427490234,67.52395198948979,67.53194427490234,578200
2012-09-25,67.51596069335938,67.52395908059313,67.50796230612563,67.51596069335938,1278800
2012-09-26,67.52395198948979,67.53194427490234,67.51595360309601,67.53194427490234,628800
2012-09-27,67.53189572336049,67.5478924846473,67.52390344369392,67.5398941040039,446100
2012-09-28,67.55590874951928,67.5718994140625,67.54791036675843,67.5718994140625,876400
2012-10-01,67.57356262207031,67.57356262207031,67.56556214915285,67.57356262207031,2690600
2012-10-02,67.56549558222274,67.56549558222274,67.5574951171875,67.5574951171875,677300
2012-10-03,67.5574951171875,67.56549558222274,67.5574951171875,67.5574951171875,2717100
2012-10-04,67.5574951171875,67.56549558222274,67.54949465215226,67.5574951171875,552900
2012-10-05,67.54155941575743,67.54955378522419,67.52555847167969,67.52555847167969,1617700
2012-10-08,67.52554597719539,67.54154691831242,67.52554597719539,67.5335464477539,350600
2012-10-09,67.52554597719539,67.5335464477539,67.52554597719539,67.5335464477539,1039400
2012-10-10,67.52555847167969,67.53355894371856,67.52555847167969,67.52555847167969,494500
2012-10-11,67.53356533862569,67.53356533862569,67.51757049560547,67.51757049560547,624400
2012-10-12,67.51753149247838,67.5415267944336,67.51753149247838,67.5415267944336,479000
2012-10-15,67.54155941575743,67.54155941575743,67.52555847167969,67.52555847167969,342800
2012-10-16,67.52555847167969,67.53355894371856,67.51756410221293,67.52555847167969,571500
2012-10-17,67.50956049797809,67.51756096964576,67.48556518554688,67.48556518554688,563400
2012-10-18,67.48552827931904,67.49352264404297,67.47752781202664,67.49352264404297,1273100
2012-10-19,67.47752781202664,67.50152311133539,67.47752781202664,67.49352264404297,426500
2012-10-22,67.46952819824219,67.48552913302943,67.46952819824219,67.46952819824219,264300
2012-10-23,67.49352541128582,67.50152587890625,67.4775305786137,67.50152587890625,491700
2012-10-24,67.48552827931904,67.50952357862779,67.48552827931904,67.49352264404297,1059300
2012-10-25,67.46952819824219,67.48552913302943,67.46952819824219,67.46952819824219,588200
2012-10-26,67.49355955464273,67.49355955464273,67.47756471387919,67.48556518554688,478400
2012-10-31,67.49356268609631,67.52555847167969,67.49356268609631,67.52555847167969,1086600
2012-11-01,67.46955575122006,67.51755247261396,67.46955575122006,67.50955200195312,732800
2012-11-02,67.48553104623413,67.50152587890625,67.48553104623413,67.50152587890625,353200
2012-11-05,67.5255211791988,67.5255211791988,67.50152587890625,67.50152587890625,2192500
2012-11-06,67.50952720142364,67.51752766914538,67.47753143310547,67.47753143310547,583400
2012-11-07,67.52554597719539,67.54154691831242,67.52554597719539,67.5335464477539,697600
2012-11-08,67.5335464477539,67.54154691831242,67.52554597719539,67.5335464477539,779500
2012-11-09,67.5335464477539,67.54954128629996,67.52554597719539,67.5335464477539,2365500
2012-11-12,67.52554597719539,67.54154691831242,67.52554597719539,67.5335464477539,524300
2012-11-13,67.54952116003922,67.54952116003922,67.5415267944336,67.5415267944336,917300
2012-11-14,67.5415002896838,67.5574951171875,67.5415002896838,67.5574951171875,2273000
2012-11-15,67.5574951171875,67.56549558222274,67.54949465215226,67.5574951171875,1048700
2012-11-16,67.54949465215226,67.56549558222274,67.54949465215226,67.5574951171875,810500
2012-11-19,67.5494613647461,67.55746182583881,67.5494613647461,67.5494613647461,951700
2012-11-20,67.54954128629996,67.54954128629996,67.5335464477539,67.5335464477539,1248500
2012-11-21,67.51756410221293,67.52555847167969,67.51756410221293,67.52555847167969,422200
2012-11-23,67.50956363017406,67.52555847167969,67.50956363017406,67.52555847167969,157800
2012-11-26,67.52556486582924,67.53356533862569,67.51757049560547,67.51757049560547,746400
2012-11-27,67.50956363017406,67.53355894371856,67.50956363017406,67.52555847167969,527000
2012-11-28,67.5335464477539,67.54154691831242,67.52554597719539,67.5335464477539,352700
2012-11-29,67.52554597719539,67.54154691831242,67.52554597719539,67.5335464477539,496300
2012-11-30,67.5415267944336,67.54952116003922,67.5415267944336,67.5415267944336,1053400
2012-12-03,67.54954528808594,67.55754765397289,67.53354666032872,67.54954528808594,1090600
2012-12-04,67.54954528808594,67.55754765397289,67.54954528808594,67.54954528808594,1624900
2012-12-05,67.5574868385897,67.56548309326172,67.5574868385897,67.56548309326172,591000
2012-12-06,67.57348545194493,67.57348545194493,67.5574868385897,67.56548309326172,685300
2012-12-07,67.54148212122327,67.56548309326172,67.54148212122327,67.56548309326172,929500
2012-12-10,67.5574868385897,67.56548309326172,67.5574868385897,67.56548309326172,770500
2012-12-11,67.56548309326172,67.56548309326172,67.54948447990648,67.56548309326172,1157700
2012-12-12,67.5575180053711,67.56551426373207,67.54951564299608,67.5575180053711,1108500
2012-12-13,67.5575180053711,67.56551426373207,67.54951564299608,67.5575180053711,790400
2012-12-14,67.55751059732695,67.5735092163086,67.55751059732695,67.5735092163086,566300
2012-12-17,67.56551426373207,67.57351662610708,67.54151328062109,67.5575180053711,503900
2012-12-18,67.54154097097813,67.54954333663392,67.51753997802734,67.51753997802734,1295600
2012-12-19,67.52555171038263,67.53355407714844,67.52555171038263,67.53355407714844,1485100
2012-12-20,67.54156473399802,67.54156473399802,67.52556610107422,67.52556610107422,1167500
2012-12-21,67.54155033989689,67.5495527066627,67.53355407714844,67.53355407714844,899300
2012-12-24,67.53355407714844,67.54155033989689,67.53355407714844,67.53355407714844,388400
2012-12-26,67.53434753417969,67.55035624964735,67.53434753417969,67.53434753417969,677200
2012-12-27,67.53432739008126,67.55833435058594,67.53432739008126,67.55833435058594,1351200
2012-12-28,67.55033610077385,67.56633870593224,67.55033610077385,67.55833435058594,1334500
2012-12-31,67.58234131109063,67.58234131109063,67.53432739008126,67.55833435058594,818700
2013-01-02,67.5423583984375,67.5503627569424,67.5423583984375,67.5423583984375,2469100
2013-01-03,67.5503627569424,67.56636536841562,67.53435403993258,67.5423583984375,1816100
2013-01-04,67.5343605441437,67.55036926269531,67.5343605441437,67.55036926269531,1028700
2013-01-07,67.5343605441437,67.55036926269531,67.5343605441437,67.55036926269531,672300
2013-01-08,67.54233174542755,67.56633870593224,67.54233174542755,67.55833435058594,712300
2013-01-09,67.5743076625809,67.58230590820312,67.56630331142767,67.58230590820312,1159100
2013-01-10,67.56633646523164,67.58233906985934,67.56633646523164,67.5743408203125,1687300
2013-01-11,67.56635284423828,67.5743572012595,67.55834848721706,67.56635284423828,824000
2013-01-14,67.58235545274523,67.58235545274523,67.56635284423828,67.56635284423828,472400
2013-01-15,67.58233906985934,67.5903434249402,67.5743408203125,67.5743408203125,521400
2013-01-16,67.5743408203125,67.58233906985934,67.5743408203125,67.5743408203125,499800
2013-01-17,67.55834848721706,67.5743572012595,67.55834848721706,67.56635284423828,5547800
2013-01-18,67.5743572012595,67.5743572012595,67.55834848721706,67.56635284423828,390500
2013-01-22,67.5743076625809,67.59031025935636,67.56630331142767,67.58230590820312,956100
2013-01-23,67.58230590820312,67.59031025935636,67.58230590820312,67.58230590820312,747300
2013-01-24,67.58230590820312,67.59031025935636,67.5743076625809,67.58230590820312,595500
2013-01-25,67.57437623498554,67.57437623498554,67.5423649034195,67.55036926269531,694000
2013-01-28,67.51832316151302,67.5423301214405,67.51832316151302,67.52632141113281,642300
2013-01-29,67.55835450184516,67.55835450184516,67.53434753417969,67.53434753417969,672300
2013-01-30,67.54233174542755,67.55833435058594,67.53432739008126,67.55833435058594,526500
2013-01-31,67.5743572012595,67.5743572012595,67.55834848721706,67.56635284423828,641600
2013-02-01,67.57513439221698,67.59914732264292,67.55912780761719,67.55912780761719,1081200
2013-02-04,67.57516479492188,67.59117749377843,67.56716455254885,67.57516479492188,749700
2013-02-05,67.56716455254885,67.57516479492188,67.56716455254885,67.57516479492188,2165500
2013-02-06,67.58313440199478,67.59114074707031,67.58313440199478,67.59114074707031,1691600
2013-02-07,67.59914098509392,67.59914098509392,67.58313440199478,67.59114074707031,672800
2013-02-08,67.57519969285374,67.59921264648438,67.57519969285374,67.59921264648438,590500
2013-02-11,67.58317114435016,67.59117749377843,67.57516479492188,67.57516479492188,755100
2013-02-12,67.57513439221698,67.57513439221698,67.55912780761719,67.55912780761719,529600
2013-02-13,67.57516040060557,67.57516040060557,67.5511474609375,67.5511474609375,505800
2013-02-14,67.55912780761719,67.56713415344333,67.55912780761719,67.55912780761719,580400
2013-02-15,67.55914758249442,67.56715393066406,67.55914758249442,67.56715393066406,1113600
2013-02-19,67.56713415344333,67.57513439221698,67.55912780761719,67.55912780761719,793000
2013-02-20,67.55912780761719,67.56713415344333,67.55912780761719,67.55912780761719,480300
2013-02-21,67.58316802978516,67.59117437884446,67.57516168072584,67.58316802978516,610700
2013-02-22,67.58316802978516,67.59117437884446,67.58316802978516,67.58316802978516,693200
2013-02-25,67.57519969285374,67.60721900004738,67.57519969285374,67.59921264648438,433500
2013-02-26,67.5991911553866,67.61520385742188,67.5991911553866,67.61520385742188,1370600
2013-02-27,67.60719750640425,67.61520385742188,67.60719750640425,67.61520385742188,1158800
2013-02-28,67.607177734375,67.62319043172728,67.607177734375,67.607177734375,663800
2013-03-01,67.61358923373373,67.62159729003906,67.61358923373373,67.62159729003906,1563100
2013-03-04,67.61356353759766,67.62157159085957,67.61356353759766,67.61356353759766,485800
2013-03-05,67.60556030273438,67.61356224748872,67.60556030273438,67.60556030273438,583200
2013-03-06,67.59754943847656,67.59754943847656,67.58954138570047,67.59754943847656,452800
2013-03-07,67.58958306507867,67.59759112279296,67.58158111572266,67.58158111572266,519800
2013-03-08,67.5735362052744,67.58954620361328,67.56552815192747,67.58954620361328,727400
2013-03-11,67.58958306507867,67.58958306507867,67.58158111572266,67.58158111572266,1269800
2013-03-12,67.58954138570047,67.59754943847656,67.58153944127889,67.59754943847656,1154800
2013-03-13,67.58158111572266,67.58958306507867,67.57357305800836,67.58158111572266,858800
2013-03-14,67.57357305800836,67.58958306507867,67.57357305800836,67.58158111572266,480900
2013-03-15,67.58954419651613,67.60556030273438,67.58154225176179,67.60556030273438,599400
2013-03-18,67.59757922948027,67.62159729003906,67.59757922948027,67.62159729003906,416900
2013-03-19,67.62157159085957,67.62157159085957,67.60556159269062,67.61356353759766,528700
2013-03-20,67.59755224962525,67.60556030273438,67.59755224962525,67.60556030273438,592000
2013-03-21,67.5975535394287,67.61356353759766,67.5975535394287,67.61356353759766,691200
2013-03-22,67.62156748845032,67.62156748845032,67.59754943847656,67.59754943847656,593700
2013-03-25,67.59754943847656,67.60555749125265,67.59754943847656,67.59754943847656,610500
2013-03-26,67.60556030273438,67.60556030273438,67.58954419651613,67.60556030273438,504300
2013-03-27,67.62159729003906,67.6296053463444,67.60558728578562,67.62159729003906,1263800
2013-03-28,67.60559771942589,67.6296157836914,67.60559771942589,67.6296157836914,691200
2013-04-01,67.5799683405523,67.63602447509766,67.5799683405523,67.63602447509766,1015600
2013-04-02,67.612001290244,67.64403423993569,67.612001290244,67.63602447509766,5059900
2013-04-03,67.60396754632359,67.63600048465322,67.60396754632359,67.62799072265625,723400
2013-04-04,67.63598853547683,67.65200805664062,67.63598853547683,67.65200805664062,457100
2013-04-05,67.64399829605873,67.65200805664062,67.64399829605873,67.65200805664062,614100
2013-04-08,67.63602447509766,67.65204400477373,67.63602447509766,67.63602447509766,596500
2013-04-09,67.63602447509766,67.65204400477373,67.63602447509766,67.63602447509766,1046800
2013-04-10,67.62801471025962,67.64403423993569,67.62801471025962,67.63602447509766,1647200
2013-04-11,67.63602447509766,67.64403423993569,67.62801471025962,67.63602447509766,4089300
2013-04-12,67.63601794589611,67.65203747402576,67.63601794589611,67.64402770996094,486700
2013-04-15,67.64399829605873,67.66001170756533,67.64399829605873,67.65200805664062,604000
2013-04-16,67.64399829605873,67.65200805664062,67.64399829605873,67.65200805664062,533500
2013-04-17,67.64399829605873,67.66001170756533,67.64399829605873,67.65200805664062,386900
2013-04-18,67.64399829605873,67.66001170756533,67.64399829605873,67.65200805664062,1195100
2013-04-19,67.64399829605873,67.65200805664062,67.63598853547683,67.65200805664062,591800
2013-04-22,67.65200001213638,67.66000366210938,67.63598049287747,67.66000366210938,797400
2013-04-23,67.66001170756533,67.66001170756533,67.65200805664062,67.65200805664062,524900
2013-04-24,67.65200001213638,67.66000366210938,67.64399025250692,67.66000366210938,578300
2013-04-25,67.64399829605873,67.66802146814723,67.64399829605873,67.65200805664062,688100
2013-04-26,67.65199348891426,67.67601665582978,67.65199348891426,67.66800689697266,685900
2013-04-29,67.66803047064033,67.68404388427734,67.66803047064033,67.68404388427734,496700
2013-04-30,67.69205406314978,67.69205406314978,67.67604064941406,67.67604064941406,506700
2013-05-01,67.68165537364035,67.69767201156522,67.67364399923385,67.68966674804688,1051500
2013-05-02,67.67361399535635,67.68963673706553,67.67361399535635,67.68162536621094,544900
2013-05-03,67.68168946242169,67.68168946242169,67.65766143798828,67.65766143798828,1145200
2013-05-06,67.67367808398014,67.67367808398014,67.65766143798828,67.65766143798828,576100
2013-05-07,67.65766143798828,67.67367808398014,67.65766143798828,67.65766143798828,539800
2013-05-08,67.66563415527344,67.66563415527344,67.65762278140923,67.66563415527344,540000
2013-05-09,67.65766143798828,67.66567281642983,67.65766143798828,67.65766143798828,353500
2013-05-10,67.65760854014664,67.66561991232453,67.64158579579085,67.64959716796875,470800
2013-05-13,67.64960733411841,67.64960733411841,67.63359069824219,67.63359069824219,829600
2013-05-14,67.63359069824219,67.64960733411841,67.62557932486037,67.63359069824219,517900
2013-05-15,67.64161682128906,67.64962819714157,67.64161682128906,67.64161682128906,538400
2013-05-16,67.64965005954673,67.66567281642983,67.64965005954673,67.65766143798828,499400
2013-05-17,67.66565094884659,67.66565094884659,67.64161682128906,67.64161682128906,460300
2013-05-20,67.66561991232453,67.66561991232453,67.63358053449944,67.64959716796875,364700
2013-05-21,67.64158579579085,67.65760854014664,67.64158579579085,67.64959716796875,440800
2013-05-22,67.64953915447538,67.65755051978304,67.6255111694336,67.6255111694336,1022500
2013-05-23,67.64161682128906,67.64962819714157,67.62560018047333,67.64161682128906,835700
2013-05-24,67.6415277891677,67.6415277891677,67.6255111694336,67.6255111694336,1251800
2013-05-28,67.64959866697637,67.64959866697637,67.5775146484375,67.5775146484375,995800
2013-05-29,67.5775146484375,67.59353128226171,67.56950327608209,67.5775146484375,796000
2013-05-30,67.60154774991238,67.60154774991238,67.58552500399388,67.59353637695312,1437300
2013-05-31,67.60153299632789,67.60153299632789,67.56148225115953,67.58551025390625,1320700
2013-06-03,67.59112735660716,67.62317318910416,67.57510138429986,67.60714721679688,2606400
2013-06-04,67.59913423064322,67.60714721679688,67.57510138429986,67.60714721679688,764900
2013-06-05,67.59117099556215,67.61520385742188,67.58315800423507,67.61520385742188,663900
2013-06-06,67.60714721679688,67.62317318910416,67.59112735660716,67.60714721679688,1572400
2013-06-07,67.5751263854877,67.59915924072266,67.5751263854877,67.59915924072266,501800
2013-06-10,67.56713654426937,67.57514953613281,67.55111667266442,67.57514953613281,789800
2013-06-11,67.55108828942306,67.56710815429688,67.53506842454925,67.56710815429688,683100
2013-06-12,67.55108430201547,67.58313014199085,67.54307131399186,67.55909729003906,2149200
2013-06-13,67.54303843686893,67.60713008562257,67.54303843686893,67.59111022949219,1568700
2013-06-14,67.60713721667665,67.6391830444336,67.60713721667665,67.6391830444336,791700
2013-06-17,67.647196029402,67.647196029402,67.63117005946519,67.6391830444336,890800
2013-06-18,67.62316318661345,67.647196029402,67.60713721667665,67.6391830444336,1762700
2013-06-19,67.63119584589444,67.63920883391803,67.55108430201547,67.55909729003906,884400
2013-06-20,67.53504367859378,67.56708339660152,67.52703069303328,67.55106353759766,3282200
2013-06-21,67.5190279654031,67.53505393895887,67.47897525574979,67.4949951171875,3785200
2013-06-24,67.40691109023341,67.47901579031146,67.40691109023341,67.4629898071289,1885200
2013-06-25,67.48700953208706,67.48700953208706,67.4389438161398,67.45496368408203,2382600
2013-06-26,67.48696899414062,67.4949819793588,67.45492316538483,67.48696899414062,1452800
2013-06-27,67.51098971847571,67.53502866981488,67.49496986303205,67.52701568603516,2783900
2013-06-28,67.51102998019155,67.54307582230591,67.49501011519408,67.51904296875,3109100
2013-07-01,67.51663086435074,67.55669165702854,67.50861626047458,67.5486831665039,4884800
2013-07-02,67.5487007969359,67.55670928955078,67.54068619096789,67.55670928955078,1026500
2013-07-03,67.5647062609047,67.5647062609047,67.51663086435074,67.5486831665039,692600
2013-07-05,67.46060805419107,67.50066888676915,67.46060805419107,67.47663116455078,484500
2013-07-08,67.47658279315169,67.5326728092383,67.47658279315169,67.524658203125,753800
2013-07-09,67.54868438280842,67.54868438280842,67.50861747605764,67.51663208007812,947900
2013-07-10,67.50861747605764,67.52464057074695,67.50060287203715,67.51663208007812,1401900
2013-07-11,67.54868568949708,67.57272338867188,67.52464187697049,67.57272338867188,835200
2013-07-12,67.55670677103758,67.58875908036158,67.53266906738281,67.53266906738281,2106800
2013-07-15,67.55672080526348,67.57275001993185,67.54871231128348,67.56473541259766,1025700
2013-07-16,67.58874648367116,67.59676108784667,67.56470878449635,67.57272338867188,836000
2013-07-17,67.61277144403117,67.62880064936219,67.58873374938527,67.59674835205078,728400
2013-07-18,67.60475143160278,67.62077452085205,67.58070762770447,67.5887222290039,909900
2013-07-19,67.60474259887933,67.62878028628747,67.58871339837472,67.62076568603516,519100
2013-07-22,67.61275108578285,67.62878028628747,67.59672799862702,67.62076568603516,1377400
2013-07-23,67.62079994366809,67.62079994366809,67.59676224408211,67.61278533935547,1087100
2013-07-24,67.58073425292969,67.6127865574057,67.55669655291068,67.58073425292969,575400
2013-07-25,67.56467571096658,67.62076568603516,67.56467571096658,67.62076568603516,582700
2013-07-26,67.61277023343254,67.62879943847656,67.60476174426105,67.62879943847656,644800
2013-07-29,67.60474259887933,67.62878028628747,67.60474259887933,67.62076568603516,440300
2013-07-30,67.61277023343254,67.63681404099857,67.61277023343254,67.62879943847656,542100
2013-07-31,67.60476174426105,67.63681404099857,67.58071793669504,67.62879943847656,1283900
2013-08-01,67.61117335642194,67.61918966938686,67.57109790625258,67.60315704345703,6766100
2013-08-02,67.58714209060247,67.65126037597656,67.58714209060247,67.65126037597656,1187100
2013-08-05,67.64323425292969,67.6512505661031,67.61919142806484,67.64323425292969,870600
2013-08-06,67.61915873775574,67.64320155099716,67.61915873775574,67.63518524169922,881800
2013-08-07,67.64324406164074,67.65126037597656,67.62721143296909,67.65126037597656,704600
2013-08-08,67.63522774730492,67.65126037597656,67.63522774730492,67.65126037597656,709400
2013-08-09,67.64320155099716,67.65121786029509,67.63518524169922,67.63518524169922,566000
2013-08-12,67.66724436423858,67.66724436423858,67.63518524169922,67.63518524169922,511600
2013-08-13,67.62719986769658,67.62719986769658,67.59514073049212,67.60315704345703,531400
2013-08-14,67.60315704345703,67.61918966938686,67.59514073049212,67.60315704345703,972600
2013-08-15,67.57113102197359,67.5951738579962,67.56312081973817,67.57914733886719,704200
2013-08-16,67.57110268787704,67.59514551381795,67.55507617546832,67.5871353149414,2293500
2013-08-19,67.57913753155056,67.57913753155056,67.54707838328687,67.57112121582031,1951100
2013-08-20,67.57911900140923,67.59514551381795,67.57911900140923,67.5871353149414,1649400
2013-08-21,67.57911724410819,67.59514375610017,67.54705810546875,67.54705810546875,651200
2013-08-22,67.53103419693356,67.5470607095434,67.49897505705817,67.52301788330078,735000
2013-08-23,67.47493223081555,67.5470607095434,67.47493223081555,67.52301788330078,638200
2013-08-26,67.53904179214501,67.56309073211621,67.53904179214501,67.54705810546875,733100
2013-08-27,67.54708818595097,67.57914733886719,67.54708818595097,67.57914733886719,802800
2013-08-28,67.5390625,67.56311144734472,67.5230359830942,67.5390625,709200
2013-08-29,67.53905922712393,67.55509185791016,67.51501639560163,67.55509185791016,653200
2013-08-30,67.5470624650912,67.56309509277344,67.53904615125008,67.56309509277344,847700
2013-09-03,67.50537907862511,67.53744506835938,67.497361052201,67.53744506835938,2991200
2013-09-04,67.50538600034639,67.5214220548389,67.46530809604077,67.47332000732422,947200
2013-09-05,67.40918731689453,67.43324139838192,67.37712744017017,67.40918731689453,1315100
2013-09-06,67.44125401430203,67.49736797310015,67.44125401430203,67.47332000732422,765500
2013-09-09,67.48134659575996,67.5053945645868,67.48134659575996,67.48936462402344,795600
2013-09-10,67.46528625488281,67.47329816357248,67.4492502055818,67.46528625488281,922200
2013-09-11,67.48132266521891,67.50537062551774,67.46529273034015,67.49735260009766,864100
2013-09-12,67.50537062551774,67.52140667635791,67.489340690639,67.49735260009766,1586100
2013-09-13,67.489340690639,67.51338865093783,67.489340690639,67.49735260009766,564700
2013-09-16,67.5935442193106,67.5935442193106,67.54544830322266,67.54544830322266,737400
2013-09-17,67.56147813012952,67.5855260881356,67.55346010547387,67.56949615478516,668400
2013-09-18,67.56949677264153,67.67370663027435,67.54544881441556,67.65767669677734,744300
2013-09-19,67.66571009424379,67.68174003138259,67.6336441040039,67.6336441040039,5185900
2013-09-20,67.64166259765625,67.64968062498713,67.62563265895737,67.64166259765625,606600
2013-09-23,67.62561071382243,67.65767669677734,67.62561071382243,67.65767669677734,849600
2013-09-24,67.66570281982422,67.67371472955116,67.64164874275855,67.66570281982422,674500
2013-09-25,67.66572559037375,67.68977355957031,67.64968953360025,67.68977355957031,1570500
2013-09-26,67.69775458850032,67.69775458850032,67.64965867204839,67.65767669677734,497100
2013-09-27,67.6897725115291,67.71382048035333,67.67373645500389,67.69778442382812,2082200
2013-09-30,67.68174016204196,67.71380615234375,67.68174016204196,67.71380615234375,1717500
2013-10-01,67.70416383695616,67.71217745264451,67.67209102241104,67.6961441040039,7696500
2013-10-02,67.7042236328125,67.72025699561365,67.69620389277728,67.7042236328125,1773800
2013-10-03,67.68818415274205,67.72025699561365,67.68818415274205,67.7042236328125,693200
2013-10-04,67.6881436228504,67.70418309331683,67.68013000488281,67.68013000488281,498600
2013-10-07,67.70418309331683,67.70418309331683,67.66409053441639,67.68013000488281,602100
2013-10-08,67.66407020798937,67.66407020798937,67.61596404557253,67.62397766113281,572200
2013-10-09,67.64003629517667,67.65606964810469,67.61598320715188,67.64805603027344,696200
2013-10-10,67.6320165600799,67.64805603027344,67.6320165600799,67.64805603027344,469700
2013-10-11,67.68012885339499,67.68814247122624,67.64805603027344,67.64805603027344,889600
2013-10-14,67.63199739395688,67.64803685960501,67.60794431274846,67.62397766113281,581200
2013-10-15,67.64805603027344,67.66408938320146,67.6320165600799,67.64805603027344,1396400
2013-10-16,67.65604915771107,67.68010835571478,67.62397634430313,67.67208862304688,785600
2013-10-17,67.70416383695616,67.71217745264451,67.68812437105166,67.6961441040039,1823500
2013-10-18,67.70416383695616,67.71217745264451,67.6961441040039,67.6961441040039,647100
2013-10-21,67.70416383695616,67.71217745264451,67.68812437105166,67.6961441040039,453700
2013-10-22,67.72819759665586,67.75225067138672,67.72819759665586,67.75225067138672,1274200
2013-10-23,67.75229405693025,67.75229405693025,67.72824096679688,67.72824096679688,1109600
2013-10-24,67.72821168789929,67.73623142023217,67.7201919555664,67.7201919555664,1312200
2013-10-25,67.73627471923828,67.75230807688962,67.72023524431961,67.73627471923828,1739300
2013-10-28,67.72819759665586,67.75225067138672,67.72819759665586,67.75225067138672,716400
2013-10-29,67.74423094072239,67.75225067138672,67.73621732732019,67.75225067138672,548500
2013-10-30,67.75225067138672,67.76828401545325,67.74423094072239,67.75225067138672,524500
2013-10-31,67.75224943452113,67.76026916503906,67.73621609074732,67.76026916503906,1532500
2013-11-01,67.74343413248661,67.75145566731697,67.73541259765625,67.73541259765625,1213600
2013-11-04,67.74348145028937,67.75951841251336,67.74348145028937,67.75150299072266,933500
2013-11-05,67.75150299072266,67.75150299072266,67.72743836942279,67.75150299072266,1523800
2013-11-06,67.76748657226562,67.78352352185726,67.75946503815092,67.76748657226562,1145400
2013-11-07,67.78356170654297,67.79158324517647,67.77554628655069,67.78356170654297,627300
2013-11-08,67.75145566731697,67.75947108350903,67.73541259765625,67.73541259765625,1591100
2013-11-11,67.72743836942279,67.75150299072266,67.72743836942279,67.75150299072266,257500
2013-11-12,67.71937564663384,67.74343413248661,67.71937564663384,67.73541259765625,1296400
2013-11-13,67.74343413248661,67.75947108350903,67.73541259765625,67.73541259765625,3394800
2013-11-14,67.75946962599686,67.78352811133213,67.75145420997721,67.7755126953125,470300
2013-11-15,67.79154964598996,67.79154964598996,67.7755126953125,67.7755126953125,544700
2013-11-18,67.79157411239431,67.8076171875,67.77553715592902,67.8076171875,1592900
2013-11-19,67.78356170654297,67.79960478380995,67.78356170654297,67.78356170654297,729700
2013-11-20,67.79963988995496,67.82369839967154,67.78359680438098,67.79161834716797,862500
2013-11-21,67.79958042739915,67.82363891601562,67.79155889164733,67.82363891601562,490600
2013-11-22,67.8076171875,67.8076171875,67.79157411239431,67.8076171875,661800
2013-11-25,67.8076171875,67.8076171875,67.79157411239431,67.8076171875,462700
2013-11-26,67.7915924394192,67.8156509399414,67.7915924394192,67.8156509399414,505800
2013-11-27,67.80763551886203,67.8156509399414,67.79961397914062,67.8156509399414,449600
2013-11-29,67.77552193878269,67.82363891601562,67.77552193878269,67.82363891601562,627900
2013-12-02,67.73462518369062,67.81484023541606,67.73462518369062,67.78275299072266,2508400
2013-12-03,67.79878997802734,67.80681331878166,67.79878997802734,67.79878997802734,577400
2013-12-04,67.77472964954526,67.79879355306129,67.77472964954526,67.78275299072266,827700
2013-12-05,67.782771029246,67.7988115958534,67.76673046263863,67.7907943725586,454600
2013-12-06,67.76668548583984,67.7827260418011,67.75866214785236,67.76668548583984,984900
2013-12-09,67.76668548583984,67.7827260418011,67.75866214785236,67.76668548583984,397300
2013-12-10,67.782771029246,67.7907943725586,67.76673046263863,67.7907943725586,390100
2013-12-11,67.77470270381362,67.7907493797886,67.76668548583984,67.76668548583984,418400
2013-12-12,67.75866905309856,67.75866905309856,67.72658181789234,67.74262237548828,1247900
2013-12-13,67.75065128211753,67.75867462158203,67.73461072320336,67.75867462158203,445300
2013-12-16,67.74262794265302,67.76669796104655,67.74262794265302,67.75867462158203,724700
2013-12-17,67.7586786784067,67.77471923828125,67.75065533846183,67.77471923828125,826700
2013-12-18,67.7586786784067,67.79878313810067,67.75065533846183,67.77471923828125,1675600
2013-12-19,67.73462677001953,67.75869067409911,67.72660342865423,67.73462677001953,767900
2013-12-20,67.71057891845703,67.74266005149127,67.71057891845703,67.71057891845703,851000
2013-12-23,67.71853994285368,67.71853994285368,67.70249938964844,67.70249938964844,624400
2013-12-24,67.68647638688043,67.70252306570998,67.67845916748047,67.67845916748047,711000
2013-12-26,67.67925183767234,67.69530251008733,67.67122650146484,67.67122650146484,729000
2013-12-27,67.7033462524414,67.71137159155634,67.69532703486661,67.7033462524414,423700
2013-12-30,67.71135790225367,67.7193832397461,67.70333256476123,67.7193832397461,442900
2013-12-31,67.71137159155634,67.7274222697862,67.7033462524414,67.7033462524414,609800
2014-01-02,67.71936042022232,67.73540496826172,67.71133508543419,67.73540496826172,2412500
2014-01-03,67.71134948730469,67.73541937525178,67.70332415080962,67.71134948730469,1062700
2014-01-06,67.70333256476123,67.7193832397461,67.70333256476123,67.7193832397461,699500
2014-01-07,67.7193832397461,67.7193832397461,67.71135790225367,67.7193832397461,664900
2014-01-08,67.69533297990166,67.69533297990166,67.64718706252403,67.65521240234375,608600
2014-01-09,67.67122650146484,67.67122650146484,67.64715661438026,67.67122650146484,1121100
2014-01-10,67.71133508543419,67.74343030304985,67.70330975064606,67.73540496826172,491900
2014-01-13,67.74347765032546,67.76754754997593,67.74347765032546,67.75150299072266,1269200
2014-01-14,67.74343030304985,67.75947485108925,67.71936042022232,67.73540496826172,487000
2014-01-15,67.71134948730469,67.71134948730469,67.69530493585268,67.71134948730469,800100
2014-01-16,67.71938402520745,67.72740936279297,67.71135868762192,67.72740936279297,738600
2014-01-17,67.73542857883952,67.73542857883952,67.71938402520745,67.72740936279297,418300
2014-01-21,67.73542779319207,67.74345313068451,67.7193832397461,67.7193832397461,498600
2014-01-22,67.69533460514911,67.71137916363308,67.68730926513672,67.68730926513672,622700
2014-01-23,67.68731251062732,67.75952220957873,67.68731251062732,67.75150299072266,886600
2014-01-24,67.7434556126784,67.79962073410545,67.7434556126784,67.77555084228516,781200
2014-01-27,67.75955278098198,67.78362881303606,67.75153355850782,67.767578125,1166400
2014-01-28,67.77560346901804,67.78362881303606,67.75955278098198,67.767578125,645100
2014-01-29,67.79158105321375,67.8156509399414,67.78356183866308,67.8156509399414,538500
2014-01-30,67.79963762408148,67.80766296386719,67.7835930660507,67.80766296386719,579400
2014-01-31,67.83171922969822,67.8397445678711,67.81566855335247,67.8397445678711,939500
2014-02-03,67.82608085915297,67.8822612501274,67.8100258199012,67.85818481445312,54448200
2014-02-04,67.84214212683679,67.86621856689453,67.84214212683679,67.86621856689453,2357300
2014-02-05,67.8421415957316,67.85819663778072,67.83411407470703,67.83411407470703,3985300
2014-02-06,67.8341584478454,67.8421859741211,67.81810951850244,67.8421859741211,1420700
2014-02-07,67.83410225557547,67.86620621087563,67.83410225557547,67.85818481445312,1426700
2014-02-10,67.85021350039679,67.8582410266725,67.8341584478454,67.8421859741211,1571900
2014-02-11,67.8181062021442,67.82613372802734,67.81007867626104,67.82613372802734,1295500
2014-02-12,67.81006290187554,67.81006290187554,67.78598645303504,67.79401397705078,2196700
2014-02-13,67.81806515586234,67.85016911675616,67.77793367394396,67.83411407470703,1334300
2014-02-14,67.83411407470703,67.85016911675616,67.82609267688692,67.83411407470703,1279000
2014-02-18,67.84212977520136,67.87423373050152,67.84212977520136,67.85818481445312,1081300
2014-02-19,67.87424555662541,67.88227307764998,67.83411407470703,67.83411407470703,1357800
2014-02-20,67.81810951850244,67.8421859741211,67.81810951850244,67.8421859741211,1012600
2014-02-21,67.8260822552364,67.85015869140625,67.81805473544529,67.85015869140625,750300
2014-02-24,67.83410365182402,67.85015869140625,67.8260822552364,67.85015869140625,1647600
2014-02-25,67.8421859741211,67.8582410266725,67.8341584478454,67.8421859741211,666400
2014-02-26,67.84208734895628,67.88221879878542,67.84208734895628,67.87419128417969,2079600
2014-02-27,67.87424608798193,67.88227360906934,67.86621856689453,67.86621856689453,362600
2014-02-28,67.8581971690116,67.87424608798193,67.84214212683679,67.86621856689453,2360500
2014-03-03,67.87268809330222,67.90479278564453,67.87268809330222,67.90479278564453,2587200
2014-03-04,67.8726671053146,67.8726671053146,67.8405562983897,67.84857940673828,49419100
2014-03-05,67.83251774161268,67.8726577758789,67.82448850985756,67.8726577758789,2176200
2014-03-06,67.83250427246094,67.8485566082744,67.82447504230014,67.83250427246094,1044400
2014-03-07,67.78436279296875,67.81647359936099,67.78436279296875,67.78436279296875,807400
2014-03-10,67.7763136915967,67.80842448857565,67.7763136915967,67.79236602783203,450100
2014-03-11,67.80039525820385,67.80842448857565,67.78434292196852,67.79236602783203,337500
2014-03-12,67.82448276232759,67.82448276232759,67.808430424687,67.81645965576172,342400
2014-03-13,67.79239154105241,67.85661315917969,67.77633919877589,67.85661315917969,2012000
2014-03-14,67.8646348566874,67.8646348566874,67.8405532836914,67.8405532836914,1035600
2014-03-17,67.8325119934023,67.84054122447701,67.808430424687,67.81645965576172,659700
2014-03-18,67.82447504230014,67.84053350262172,67.81645193664748,67.83250427246094,317000
2014-03-19,67.82447114968966,67.84052960908961,67.69603409702894,67.7201156616211,567200
2014-03-20,67.72011255533629,67.73616488949214,67.7120833260046,67.72814178466797,826800
2014-03-21,67.72816768800574,67.74422002830097,67.71210922320064,67.73619079589844,452200
2014-03-24,67.67995134200183,67.72009135158454,67.67995134200183,67.70403289794922,1761600
2014-03-25,67.70407556548555,67.73618636848703,67.70407556548555,67.71210479736328,962000
2014-03-26,67.720144382812,67.77633676552836,67.720144382812,67.76028442382812,598400
2014-03-27,67.73619220624728,67.76830301201619,67.73619220624728,67.75225067138672,447800
2014-03-28,67.72816909818752,67.76027990395644,67.72816909818752,67.75225067138672,335900
2014-03-31,67.74420289461776,67.79236602783203,67.73617366424594,67.79236602783203,1502200
2014-04-01,67.769053170281,67.77708439409336,67.75299072265625,67.75299072265625,4107900
2014-04-02,67.7369817299122,67.74501295933611,67.72895050048828,67.72895050048828,504800
2014-04-03,67.72890215222772,67.75298969727145,67.72890215222772,67.74496459960938,2637400
2014-04-04,67.78513078463438,67.80119323730469,67.76907445799485,67.80119323730469,726400
2014-04-07,67.8012781733338,67.82536575648349,67.8012781733338,67.8093032836914,423300
2014-04-08,67.81726837158203,67.82529960014448,67.80121204048962,67.81726837158203,455900
2014-04-09,67.80923048032932,67.86543682267883,67.78514292304122,67.84938049316406,939600
2014-04-10,67.86547081877086,67.89758961992166,67.85744571300935,67.88956451416016,731900
2014-04-11,67.88950858113668,67.89753368028643,67.8734461307774,67.88147735595703,2225800
2014-04-14,67.90561580804253,67.90561580804253,67.84940944171207,67.87349700927734,520300
2014-04-15,67.85744067291199,67.88152824047727,67.84137821051216,67.87349700927734,303500
2014-04-16,67.84938049316406,67.86543682267883,67.84134926539075,67.84938049316406,381100
2014-04-17,67.84135334929486,67.84938457755165,67.80923456229996,67.83332824707031,2592700
2014-04-21,67.81726579055675,67.83332824707031,67.80923456229996,67.83332824707031,592800
2014-04-22,67.81724956394423,67.82528079027938,67.80119323730469,67.80119323730469,543100
2014-04-23,67.83332824707031,67.84938457755165,67.82529701881353,67.83332824707031,553100
2014-04-24,67.8092371430196,67.84135593123689,67.8092371430196,67.81726837158203,979000
2014-04-25,67.83331046199093,67.8493667882625,67.82527923583984,67.82527923583984,270300
2014-04-28,67.82527923583984,67.8493667882625,67.82527923583984,67.82527923583984,280400
2014-04-29,67.8333308287069,67.8333308287069,67.81726837158203,67.81726837158203,401300
2014-04-30,67.84941454865657,67.86547088623047,67.84941454865657,67.86547088623047,484000
2014-05-01,67.85018113547297,67.88230177468328,67.85018113547297,67.86624145507812,1141100
2014-05-02,67.82605805877515,67.86621803526064,67.81803096551974,67.85818481445312,543100
2014-05-05,67.85820823149844,67.86624145507812,67.84214791189328,67.86624145507812,1540800
2014-05-06,67.8421630859375,67.85019631131395,67.83412986056105,67.8421630859375,432900
2014-05-07,67.83411468831359,67.88230177468328,67.83411468831359,67.86624145507812,645400
2014-05-08,67.88232421875,67.90642389745719,67.86626389383478,67.88232421875,729300
2014-05-09,67.84214905328055,67.90640258789062,67.84214905328055,67.90640258789062,361700
2014-05-12,67.87430527374141,67.90643205498743,67.87430527374141,67.89036560058594,1001200
2014-05-13,67.9144287109375,67.92246193453724,67.89836839129227,67.9144287109375,486500
2014-05-14,67.91442116890332,67.96261437759554,67.91442116890332,67.93851470947266,644600
2014-05-15,67.9385533816064,67.96265306344736,67.93052628188312,67.94658660888672,337200
2014-05-16,67.93850051350829,67.96260017659547,67.93850051350829,67.9545669555664,446600
2014-05-19,67.96266076557795,67.98675432259238,67.95462753738724,67.97068786621094,362200
2014-05-20,67.9545746746189,67.98670143483218,67.9545746746189,67.97866821289062,349900
2014-05-21,67.9545746746189,67.97866821289062,67.9545746746189,67.97866821289062,372800
2014-05-22,67.95459037239414,67.97065069243429,67.94655714859687,67.9626235961914,468300
2014-05-23,67.97068016317064,67.98674661773128,67.91445982732247,67.94658660888672,381500
2014-05-27,67.97065069243429,67.97065069243429,67.94655714859687,67.9626235961914,850200
2014-05-28,67.97866821289062,68.00276175116235,67.97866821289062,67.97866821289062,562000
2014-05-29,67.98675432259238,68.01084787960679,67.97068786621094,67.97068786621094,1651000
2014-05-30,67.97065077650667,67.99475044792831,67.96262368025386,67.9867172241211,895600
2014-06-02,67.96497989823902,67.97301530013151,67.93284441988486,67.94087982177734,978100
2014-06-03,67.93291026190417,67.94898108126532,67.92488098144531,67.92488098144531,411200
2014-06-04,67.93286565359413,67.94893646240234,67.92483637840773,67.94893646240234,1034300
2014-06-05,67.9328777559502,67.96501325007391,67.9328777559502,67.95697784423828,1187800
2014-06-06,67.94891522366983,67.96497989823902,67.92481514720815,67.94087982177734,733600
2014-06-09,67.90073710071357,67.91680791116327,67.89270782470703,67.89270782470703,586500
2014-06-10,68.01323298791665,68.01323298791665,67.87665557861328,67.87665557861328,662600
2014-06-11,67.89271230061256,67.90074157714844,67.88467689485796,67.90074157714844,288000
2014-06-12,67.88471006226416,67.93291026190417,67.88471006226416,67.92488098144531,1129200
2014-06-13,67.84451842414127,67.89272473828134,67.84451842414127,67.88468933105469,582100
2014-06-16,67.85252050203447,67.87662058265656,67.85252050203447,67.86859130859375,337700
2014-06-17,67.82043009727083,67.84453019391187,67.8124008178711,67.8124008178711,726900
2014-06-18,67.85252050203447,67.86859130859375,67.83645582469202,67.86859130859375,540100
2014-06-19,67.88468053367285,67.88468053367285,67.85254503815062,67.86058044433594,318700
2014-06-20,67.86861585052127,67.86861585052127,67.83648035499904,67.86058044433594,508700
2014-06-23,67.88468053367285,67.88468053367285,67.85254503815062,67.86058044433594,668600
2014-06-24,67.86058923859457,67.88468933105469,67.85255383136793,67.88468933105469,576000
2014-06-25,67.88467241948217,67.90877250593842,67.88467241948217,67.89270782470703,453700
2014-06-26,67.97309213531581,67.97309213531581,67.90882110595703,67.90882110595703,368700
2014-06-27,67.93291026190417,67.94094567158474,67.91684557176474,67.92488098144531,524900
2014-06-30,67.92485493892819,67.94091962290838,67.9168195323284,67.9328842163086,1091800
2014-07-01,67.93690726995267,67.93690726995267,67.9047622680664,67.9047622680664,542700
2014-07-02,67.87258508435103,67.90473007099573,67.87258508435103,67.88062286376953,594300
2014-07-03,67.85656544809623,67.87263488769531,67.84048987746336,67.87263488769531,492600
2014-07-07,67.83247541057776,67.85658264160156,67.83247541057776,67.85658264160156,506100
2014-07-08,67.86459710237887,67.88067267301174,67.8485276627798,67.87263488769531,627700
2014-07-09,67.85651565654334,67.89669229157722,67.82437066989864,67.88062286376953,380900
2014-07-10,67.90473535228058,67.93688034142535,67.90473535228058,67.91277313232422,466100
2014-07-11,67.93693945940132,67.94497724643935,67.92086388532525,67.92890167236328,2614500
2014-07-14,67.90477559315792,67.92888281654517,67.90477559315792,67.92084503173828,672900
2014-07-15,67.90474130546629,67.94492407817751,67.88063409425169,67.888671875,435700
2014-07-16,67.89669229157722,67.90473007099573,67.87258508435103,67.88062286376953,426700
2014-07-17,67.9047217775352,67.9368667602539,67.88865235169011,67.9368667602539,2408500
2014-07-18,67.90473007099573,67.92079949880342,67.88062286376953,67.88062286376953,2316600
2014-07-21,67.92081073593259,67.92081073593259,67.88063409425169,67.888671875,2455200
2014-07-22,67.888671875,67.90474130546629,67.88063409425169,67.888671875,2456000
2014-07-23,67.92080478133808,67.92080478133808,67.90473535228058,67.91277313232422,478400
2014-07-24,67.88063409425169,67.89670352471799,67.87259631350338,67.888671875,221200
2014-07-25,67.89673614501953,67.90477392962951,67.88066670683284,67.89673614501953,2324500
2014-07-28,67.87264655134614,67.88872212474153,67.86460876464844,67.86460876464844,2286900
2014-07-29,67.87258508435103,67.88062286376953,67.86454730493253,67.88062286376953,255200
2014-07-30,67.84845733642578,67.84845733642578,67.80827458252766,67.84845733642578,1110200
2014-07-31,67.84847787712484,67.88062286376953,67.83240844931714,67.88062286376953,1446200
2014-08-01,67.90238710659185,67.9747319164097,67.90238710659185,67.9666976928711,19826500
2014-08-04,67.95865733633742,67.9747319164097,67.95061697980374,67.9666976928711,1419200
2014-08-05,67.94257662327007,67.98277227294336,67.94257662327007,67.9666976928711,1278200
2014-08-06,67.97467144261164,67.99878635776369,67.96663722622068,67.98271179199219,949900
2014-08-07,67.99075477385566,68.0148696899414,67.95859950807802,68.0148696899414,1129200
2014-08-08,68.00683330720408,68.02291400752583,67.97467803955078,67.97467803955078,500400
2014-08-11,67.99075873987253,67.99879295704321,67.97467803955078,67.97467803955078,1264700
2014-08-12,67.98271838971166,67.99879295704321,67.9666438223801,67.97467803955078,1587100
2014-08-13,68.02294716323793,68.02294716323793,67.99079187991153,68.00686645507812,708500
2014-08-14,67.98273833035663,68.03900853200747,67.98273833035663,68.02293395996094,975800
2014-08-15,67.99881290240315,68.07116380909252,67.99077868287588,68.02293395996094,911200
2014-08-18,67.98273833035663,68.0309681794882,67.98273833035663,68.02293395996094,721600
2014-08-19,68.0309681794882,68.0309681794882,68.0068532549224,68.02293395996094,1047000
2014-08-20,68.00684037466499,68.00684037466499,67.95057018367152,67.95861053466797,668300
2014-08-21,67.95057018367152,67.99076580566293,67.95057018367152,67.95861053466797,720300
2014-08-22,67.94256591796875,67.97472120604185,67.92649134042925,67.94256591796875,758700
2014-08-25,67.92648212663711,67.9425567019962,67.91844177246094,67.91844177246094,1146100
2014-08-26,67.94256591796875,67.95060627323555,67.92649134042925,67.94256591796875,372100
2014-08-27,67.95057018367152,67.96665088566442,67.95057018367152,67.95861053466797,473300
2014-08-28,67.95056312205837,67.98271838971166,67.95056312205837,67.97467803955078,459100
2014-08-29,67.97471117175172,68.00686645507812,67.96667695066502,68.00686645507812,515700
2014-09-02,67.98112527464693,67.98916828941786,67.94895935058594,67.94895935058594,13519800
2014-09-03,67.94896221905985,67.97308512936827,67.94091920394939,67.96504211425781,741300
2014-09-04,67.95698547363281,67.98110837692677,67.93286257033886,67.95698547363281,1702900
2014-09-05,67.9810791015625,67.99715898516011,67.97303609225443,67.9810791015625,422000
2014-09-08,67.98112690854832,67.99720680345393,67.94091796875,67.94091796875,533300
2014-09-09,67.94094439756267,67.94898741565562,67.90074157714844,67.90074157714844,506900
2014-09-10,67.89272593952245,67.91684886850459,67.89272593952245,67.90880584716797,367900
2014-09-11,67.93287985287799,67.94091673267316,67.90875080842427,67.91679382324219,774800
2014-09-12,67.89269855905549,67.91682147830909,67.89269855905549,67.90074157714844,340600
2014-09-15,67.9167905580516,67.94091346632284,67.9167905580516,67.93287658691406,431000
2014-09-16,67.94899871979968,67.9731216430664,67.92487579653294,67.9731216430664,1624100
2014-09-17,67.92486449640204,68.01331929034869,67.89269855905549,67.90074157714844,541600
2014-09-18,67.88468291818583,67.90880584716797,67.87664603187694,67.90880584716797,419000
2014-09-19,67.89269855905549,67.91682147830909,67.88465554096256,67.90074157714844,425400
2014-09-22,67.92483644129588,67.94895935058594,67.91679342652495,67.94895935058594,332600
2014-09-23,67.9328823238619,67.96504211425781,67.9328823238619,67.96504211425781,745800
2014-09-24,67.94896098371423,67.96504087861985,67.93288108880861,67.94091796875,1455900
2014-09-25,67.93290792040729,67.98919677734375,67.93290792040729,67.98919677734375,892400
2014-09-26,67.97306536415506,67.97306536415506,67.93286257033886,67.95698547363281,1486300
2014-09-29,67.9731216430664,67.9811646624974,67.95704173923068,67.9731216430664,533200
2014-09-30,67.95698547363281,67.97306536415506,67.94089944808938,67.95698547363281,1508000
2014-10-01,68.01326468728278,68.05348173957863,67.9971729566068,68.02935028076172,20930800
2014-10-02,68.03743878665946,68.04547851983908,68.00526144233831,68.02134704589844,1828300
2014-10-03,67.98110931084605,67.9891490415826,67.94893197630267,67.95697784423828,2110100
2014-10-06,68.00526144233831,68.03743878665946,67.98112996839767,68.02134704589844,841300
2014-10-07,68.0293918700409,68.06961508412397,68.0293918700409,68.06156921386719,1333900
2014-10-08,68.05353948731585,68.1420256695287,68.04549361515042,68.13397979736328,1367200
2014-10-09,68.12594006240012,68.15007154169413,68.1178941902347,68.13397979736328,623000
2014-10-10,68.14199859621158,68.16613006591797,68.12591299547393,68.16613006591797,629300
2014-10-13,68.2063535788298,68.6729157859077,68.18222210901541,68.19026184082031,1239000
2014-10-14,68.22245339689665,68.24658487173994,68.20636779273484,68.23049926757812,2228800
2014-10-15,68.38335494914142,68.43161790929078,68.23855993149087,68.31900024414062,2526700
2014-10-16,68.33506400255936,68.34310987241251,68.26266958548247,68.27875518798828,27217300
2014-10-17,68.25467203967561,68.26271791522522,68.22249467468204,68.23858642578125,2035000
2014-10-20,68.24657784577616,68.27875518798828,68.24657784577616,68.27875518798828,1139800
2014-10-21,68.24653491836469,68.27871224033711,68.24653491836469,68.26262664794922,1356700
2014-10-22,68.23048117256509,68.24656677246094,68.22243530401741,68.24656677246094,1814100
2014-10-23,68.20635537590044,68.23048684635066,68.19830950668371,68.21440124511719,1081500
2014-10-24,68.20636779273484,68.2385451382596,68.20636779273484,68.23049926757812,1171400
2014-10-27,68.21441366341631,68.24658487173994,68.21441366341631,68.23049926757812,919700
2014-10-28,68.23048684635066,68.24657244758411,68.20635537590044,68.21440124511719,738300
2014-10-29,68.20638636203323,68.21443223490522,68.12594604492188,68.12594604492188,1452200
2014-10-30,68.1420319469176,68.17420930134126,68.13398607401096,68.15007781982422,1485800
2014-10-31,68.1178941902347,68.15007154169413,68.1178941902347,68.13397979736328,1770200
2014-11-03,68.17337864649319,68.17337864649319,68.08486220229123,68.1250991821289,14207300
2014-11-04,68.09293331892593,68.1331641727517,68.06878743946663,68.11707305908203,1177700
2014-11-05,68.10901603272036,68.10901603272036,68.0929249210352,68.10096740722656,1289700
2014-11-06,68.08487701416016,68.1090167515939,68.0768283885814,68.08487701416016,815200
2014-11-07,68.11710284901969,68.1492912297393,68.10100558900695,68.13319396972656,1389000
2014-11-10,68.13315648902764,68.14925374018513,68.08487701416016,68.08487701416016,1381700
2014-11-11,68.06072163598346,68.16532918725775,68.05267301225433,68.07681274414062,580300
2014-11-12,68.10096740722656,68.12511328370796,68.0848762955414,68.10096740722656,894600
2014-11-13,68.10097580610916,68.12512168556846,68.10097580610916,68.11707305908203,746300
2014-11-14,68.10903210634149,68.1492691040039,68.0848923634656,68.1492691040039,1064400
2014-11-17,68.13316383693214,68.14926108982567,68.12512134978854,68.1412124633789,850000
2014-11-18,68.1492912297393,68.1492912297393,68.12515147902606,68.13319396972656,23372000
2014-11-19,68.1009533106456,68.15728139883765,68.1009533106456,68.1250991821289,962000
2014-11-20,68.15730357696927,68.16535220341602,68.12512134978854,68.1412124633789,723600
2014-11-21,68.16535911310247,68.17340774036509,68.14926799788101,68.15731048583984,1048700
2014-11-24,68.12513626402986,68.16536712646484,68.12513626402986,68.16536712646484,1582100
2014-11-25,68.15732650878033,68.18951488609413,68.1492840189308,68.17342376708984,472700
2014-11-26,68.17338600665094,68.20557436613598,68.17338600665094,68.18143463134766,840000
2014-11-28,68.22172619521388,68.22172619521388,68.19758643894059,68.20563507080078,319700
2014-12-01,68.25304604033448,68.26914265296719,68.20475006103516,68.20475006103516,2475900
2014-12-02,68.1886987891313,68.1886987891313,68.14845415646442,68.16455078125,825300
2014-12-03,68.15647221700095,68.15647221700095,68.12427283886521,68.13232421875,782100
2014-12-04,68.14844415874728,68.17259216308594,68.14039277683273,68.17259216308594,901400
2014-12-05,68.0438003540039,68.07599974297145,68.02770373022288,68.0438003540039,494200
2014-12-08,68.02769084432055,68.05183884612067,68.01158808218425,68.03573608398438,427400
2014-12-09,68.08406164535934,68.10820965546478,68.05186225141662,68.0599136352539,545000
2014-12-10,68.05185793007111,68.13235333911318,68.05185793007111,68.11625671386719,734300
2014-12-11,68.10008098299967,68.10008098299967,68.06788162560086,68.083984375,678900
2014-12-12,68.14037086188584,68.19671823435556,68.11622286531353,68.14842224121094,942700
2014-12-15,68.12432959796017,68.14848375773904,68.09213019299689,68.10018157958984,1662100
2014-12-16,68.15649274137749,68.1725955059962,68.11624811264129,68.14039611816406,1239500
2014-12-17,68.12428477449478,68.1967349233446,68.02769276456772,68.07598876953125,966900
2014-12-18,68.01158808218425,68.04378746505253,68.01158808218425,68.03573608398438,1009100
2014-12-19,68.06796032064516,68.06796032064516,67.98746490478516,67.98746490478516,785100
2014-12-22,67.98739151206237,68.01959087192832,67.98739151206237,68.00349426269531,680300
2014-12-23,67.99550534626974,67.99550534626974,67.93110656738281,67.93110656738281,1083500
2014-12-24,67.93353202879062,67.99795600831877,67.92547749539739,67.96574401855469,958700
2014-12-26,67.92545740526324,67.96572391651102,67.92545740526324,67.94156646728516,414300
2014-12-29,67.98986327259377,68.01402071539097,67.98986327259377,68.00596618652344,749500
2014-12-30,68.03818449421007,68.05429355344528,68.01402704916323,68.03013610839844,665900
2014-12-31,68.02207524425849,68.06233560098535,68.00596618652344,68.00596618652344,724100
2015-01-02,68.03823993263482,68.07850646972656,68.02213700408471,68.07850646972656,1735400
2015-01-05,68.02213700408471,68.0865610059071,68.02213700408471,68.07850646972656,1214300
2015-01-06,68.09454768052068,68.19118359566792,68.09454768052068,68.11065673828125,959400
2015-01-07,68.1187273356556,68.1509393178751,68.10262441644956,68.14289093017578,768800
2015-01-08,68.13480377197266,68.15896121111751,68.1186947166731,68.13480377197266,862500
2015-01-09,68.18314572549946,68.23146676678172,68.18314572549946,68.19120025634766,422200
2015-01-12,68.23145294189453,68.24755585652129,68.20728935424592,68.23145294189453,641700
2015-01-13,68.23948603220765,68.27975252545775,68.2153285937793,68.27169799804688,525600
2015-01-14,68.32809937851425,68.35225682824782,68.31199645996094,68.31199645996094,690800
2015-01-15,68.32809797258574,68.41667938232422,68.32004344157123,68.41667938232422,577900
2015-01-16,68.39252328696494,68.39252328696494,68.33615385636159,68.35225677490234,756300
2015-01-20,68.34420143285985,68.37641341047063,68.32003784179688,68.32003784179688,696000
2015-01-21,68.31198945524908,68.36030434976198,68.30393492489475,68.32003784179688,606400
2015-01-22,68.34424239296283,68.34424239296283,68.27176386394908,68.2959213256836,588900
2015-01-23,68.31202207540845,68.33617953420051,68.29591300700744,68.328125,1089900
2015-01-26,68.31197635131386,68.32807926512704,68.27976437988214,68.2878189086914,1576400
2015-01-27,68.33617953420051,68.35228245879206,68.30396754120795,68.328125,414900
2015-01-28,68.31201035124364,68.3844827151816,68.30395581842551,68.37643432617188,743900
2015-01-29,68.35225677490234,68.35225677490234,68.31199640664688,68.35225677490234,516100
2015-01-30,68.4006111845504,68.43282318115234,68.34424172644952,68.43282318115234,474400
2015-02-02,68.42717184407807,68.43522336064392,68.37883201370377,68.41105651855469,1883800
2015-02-03,68.38690743558246,68.38690743558246,68.33857373885242,68.35468292236328,1015000
2015-02-04,68.33043879226969,68.37877243433437,68.30627197123735,68.36266326904297,798200
2015-02-05,68.35464829888629,68.35464829888629,68.3224238019897,68.33853912353516,428400
2015-02-06,68.23382817833306,68.23382817833306,68.1613276484917,68.17743682861328,774300
2015-02-09,68.19352413315461,68.19352413315461,68.16129963995684,68.16935729980469,1616200
2015-02-10,68.17742611682719,68.17742611682719,68.14520161545087,68.15325927734375,1194500
2015-02-11,68.17738693932968,68.17738693932968,68.15322011373347,68.1612777709961,840500
2015-02-12,68.18544006347656,68.21766454419304,68.16933089621395,68.18544006347656,1036300
2015-02-13,68.20155537693043,68.22572220091996,68.18544006347656,68.18544006347656,1118600
2015-02-17,68.1693746011295,68.20159910250582,68.12909243786031,68.15325927734375,562400
2015-02-18,68.16934470832233,68.25796051169968,68.14517173324374,68.2337875366211,998400
2015-02-19,68.19355010986328,68.24994145789192,68.18549244694606,68.19355010986328,744000
2015-02-20,68.23377371145564,68.2498890249095,68.16127323948702,68.18544006347656,415200
2015-02-23,68.20963948297722,68.22575480413215,68.18547264743901,68.21769714355469,715500
2015-02-24,68.20962938644915,68.28213602852539,68.16935338191193,68.27407836914062,482800
2015-02-25,68.2418538777949,68.27407836914062,68.2418538777949,68.27407836914062,485300
2015-02-26,68.21769053333185,68.24185736652831,68.19352370013537,68.20963287353516,530600
2015-02-27,68.24184519498063,68.24990285334015,68.209620707735,68.2337875366211,3103100
2015-03-02,68.21045132791083,68.22657255266138,68.17821502685547,68.17821502685547,3233200
2015-03-03,68.17818629754149,68.19430751549879,68.15401061904869,68.16207122802734,1288800
2015-03-04,68.18627563923074,68.20239071553554,68.16209995055067,68.17821502685547,572900
2015-03-05,68.21044556042418,68.22656678381162,68.18626987378826,68.20238494873047,386800
2015-03-06,68.10570711701999,68.14599789333752,68.09764650237749,68.1298828125,503300
2015-03-09,68.12983494055591,68.16207122802734,68.12177433157726,68.16207122802734,367200
2015-03-10,68.20239071553554,68.20239071553554,68.1540393381754,68.17821502685547,1039600
2015-03-11,68.17821502685547,68.19433625160602,68.1540393381754,68.17821502685547,607500
2015-03-12,68.21042812013825,68.23460380059285,68.1781918300509,68.1943130493164,1158100
2015-03-13,68.18626987378826,68.2346212470601,68.18626987378826,68.20238494873047,436500
2015-03-16,68.21041107177734,68.24264735380763,68.20235046415925,68.21041107177734,934000
2015-03-17,68.23460380059285,68.23460380059285,68.1943130493164,68.1943130493164,1255600
2015-03-18,68.19433155125078,68.36356750879234,68.16209525241734,68.35550689697266,873500
2015-03-19,68.2990896288598,68.3232653140038,68.25879272132325,68.26685333251953,351000
2015-03-20,68.32324615581105,68.3313067647471,68.29907047744604,68.315185546875,721900
2015-03-23,68.32323425368628,68.3474099278398,68.29905857953275,68.33935546875,683900
2015-03-24,68.33938785198825,68.36356353759766,68.31520601793389,68.36356353759766,535900
2015-03-25,68.36358674331191,68.37164120895245,68.32328982132098,68.34746551513672,932000
2015-03-26,68.32324615581105,68.32324615581105,68.28295540801707,68.315185546875,963400
2015-03-27,68.3313312099589,68.36356750879234,68.3313312099589,68.35550689697266,595300
2015-03-30,68.36358674331191,68.37164120895245,68.33941104949618,68.34746551513672,793600
2015-03-31,68.36356361020705,68.40385437011719,68.35550299884703,68.40385437011719,1035200
2015-04-01,68.4014196958865,68.43367004394531,68.4014196958865,68.43367004394531,2228700
2015-04-02,68.43367900744128,68.43367900744128,68.39337068043186,68.42562103271484,643500
2015-04-06,68.51432128140333,68.51432128140333,68.45788469171949,68.48207092285156,1162400
2015-04-07,68.43367004394531,68.44979829353719,68.43367004394531,68.43367004394531,544500
2015-04-08,68.44173416874125,68.44979829353719,68.4014196958865,68.43367004394531,1086800
2015-04-09,68.41755661849398,68.42562074431217,68.40142836685759,68.40949249267578,459000
2015-04-10,68.41758070505853,68.42564483371571,68.39339447021484,68.39339447021484,614400
2015-04-13,68.3933617222155,68.43367004394531,68.3933617222155,68.43367004394531,754400
2015-04-14,68.44984316196121,68.48209353115993,68.44177903187929,68.4659652709961,449200
2015-04-15,68.45790729204315,68.47402940107801,68.44984316196121,68.4659652709961,772200
2015-04-16,68.48207735766333,68.50626359106803,68.44982699608121,68.49819946289062,11419400
2015-04-17,68.45790729204315,68.4901515101129,68.45790729204315,68.4659652709961,727200
2015-04-20,68.44982161464408,68.4740078461473,68.43369335955725,68.4578857421875,460900
2015-04-21,68.41759279276249,68.4659652709961,68.41759279276249,68.4659652709961,565700
2015-04-22,68.42562074431217,68.44174284482284,68.40949249267578,68.40949249267578,582200
2015-04-23,68.4175328372538,68.44171905517578,68.4175328372538,68.44171905517578,561700
2015-04-24,68.4659652709961,68.47402940107801,68.44984316196121,68.4659652709961,405800
2015-04-27,68.46594371860388,68.46594371860388,68.44175748710067,68.4578857421875,439300
2015-04-28,68.42562103271484,68.45787138499784,68.42562103271484,68.42562103271484,506400
2015-04-29,68.40948382068244,68.43367004394531,68.3933617222155,68.43367004394531,461400
2015-04-30,68.4014286551583,68.43367900744128,68.36918445400104,68.42562103271484,746800
2015-05-01,68.39739990234375,68.41352865639205,68.38126499463117,68.39739990234375,1996300
2015-05-04,68.38933244848745,68.41352865639205,68.37319754077488,68.39739990234375,535700
2015-05-05,68.3812484741211,68.41351212808726,68.34898482015493,68.3812484741211,8800900
2015-05-06,68.35704803466797,68.37317678381986,68.33285183410894,68.35704803466797,1583000
2015-05-07,68.35702853008083,68.36509597918605,68.33283233642578,68.33283233642578,909500
2015-05-08,68.42964935302734,68.44578425884008,68.41352060087816,68.42964935302734,855400
2015-05-11,68.41353524273367,68.42160269736662,68.36514282226562,68.36514282226562,2438600
2015-05-12,68.3812669169737,68.39740182513987,68.3570707083889,68.37319946289062,497600
2015-05-13,68.42158381838817,68.44578002194595,68.39738761483041,68.40544891357422,670900
2015-05-14,68.43772992716093,68.4699935913086,68.43772992716093,68.4699935913086,992800
2015-05-15,68.43772992716093,68.48612850021479,68.43772992716093,68.4699935913086,599200
2015-05-18,68.45385171174644,68.46998046389564,68.41352060087816,68.42964935302734,5576400
2015-05-19,68.3812758065869,68.41353947344908,68.37320835145505,68.38934326171875,544600
2015-05-20,68.40545336005691,68.42158826591967,68.38932460785772,68.41352081298828,541600
2015-05-21,68.41353267251094,68.44579633616581,68.40546521818106,68.43772888183594,677900
2015-05-22,68.39741071685062,68.41353947344908,68.3812758065869,68.38934326171875,530500
2015-05-26,68.36513624058287,68.41352865639205,68.36513624058287,68.39739990234375,634000
2015-05-27,68.38125271001644,68.4135163659812,68.37318525760946,68.40544891357422,597100
2015-05-28,68.40546521818106,68.44579633616581,68.40546521818106,68.43772888183594,888200
2015-05-29,68.42967031453125,68.47000143775384,68.42967031453125,68.45387268066406,565900
2015-06-01,68.47560431796775,68.47560431796775,68.39491311013053,68.41104888916016,8556400
2015-06-02,68.37877024335911,68.4029769897461,68.37877024335911,68.4029769897461,715300
2015-06-03,68.36264076999484,68.37877655029297,68.35456980167326,68.37877655029297,1359800
2015-06-04,68.38687896728516,68.40301475500355,68.36267220753363,68.38687896728516,934300
2015-06-05,68.29004892688039,68.33846860496824,68.29004892688039,68.32232666015625,599300
2015-06-08,68.3303702898941,68.3626480102539,68.3303702898941,68.3626480102539,985400
2015-06-09,68.35456716028195,68.35456716028195,68.31422463292306,68.33036041259766,1189700
2015-06-10,68.32231957596383,68.32231957596383,68.29811281760391,68.31425476074219,817100
2015-06-11,68.31422463292306,68.33036041259766,68.29001172889397,68.33036041259766,938600
2015-06-12,68.29811281760391,68.3384615191021,68.29811281760391,68.31425476074219,398900
2015-06-15,68.35461333185984,68.37075527878265,68.33847754128598,68.34654235839844,542700
2015-06-16,68.34651462850208,68.3707275390625,68.34651462850208,68.3707275390625,6452900
2015-06-17,68.33041956781467,68.41918182373047,68.2577931055426,68.41918182373047,2940900
2015-06-18,68.40302499775704,68.435302734375,68.38688920762245,68.435302734375,625900
2015-06-19,68.45948082914063,68.46755179900245,68.44334504576318,68.451416015625,397700
2015-06-22,68.42718989247754,68.42718989247754,68.39491217851341,68.4029769897461,438100
2015-06-23,68.36267220753363,68.40301475500355,68.36267220753363,68.38687896728516,495300
2015-06-24,68.39497505508982,68.41918182373047,68.37076828644916,68.41918182373047,681800
2015-06-25,68.38684121093625,68.41104795732325,68.37070543212641,68.4029769897461,461900
2015-06-26,68.3626480102539,68.38685476143733,68.3626480102539,68.3626480102539,476600
2015-06-29,68.45138682397842,68.48366453331442,68.41910911464242,68.47559356689453,895700
2015-06-30,68.45945163405474,68.49980030981065,68.45138682397842,68.47559356689453,3121300
2015-07-01,68.4255855735309,68.44172858883103,68.40943639912535,68.41751098632812,11473000
2015-07-02,68.49823570654814,68.52245330810547,68.457875090321,68.52245330810547,2175100
2015-07-06,68.53862762451172,68.55477064510343,68.50633542422085,68.53862762451172,1088300
2015-07-07,68.57892986958778,68.60315361851316,68.5304946899414,68.5304946899414,2665300
2015-07-08,68.55476144633414,68.61127124948372,68.54669301667462,68.60320281982422,1628600
2015-07-09,68.5628307526948,68.5709053408388,68.53861314736889,68.55475616455078,1995800
2015-07-10,68.50634541008048,68.5224884330253,68.46597861405597,68.49019622802734,1999200
2015-07-13,68.44981878253826,68.45789337158203,68.43366960445071,68.45789337158203,856700
2015-07-14,68.47405320508254,68.49019622802734,68.47405320508254,68.49019622802734,1062100
2015-07-15,68.47400701050496,68.51437377929688,68.44978941287148,68.51437377929688,1068800
2015-07-16,68.43366769601931,68.48210906982422,68.43366769601931,68.48210906982422,5841900
2015-07-17,68.44175528844026,68.47404749074335,68.44175528844026,68.46597290039062,934900
2015-07-20,68.41753118433925,68.43367420440508,68.40945659475273,68.42560577392578,1104900
2015-07-21,68.40133825100598,68.45784801866135,68.40133825100598,68.43362426757812,653400
2015-07-22,68.42560577392578,68.43367420440508,68.40945659475273,68.42560577392578,760400
2015-07-23,68.38518908361718,68.44169885127253,68.38518908361718,68.43362426757812,854200
2015-07-24,68.43365703825677,68.48209840451749,68.4255886098014,68.4498062133789,810500
2015-07-27,68.50635034844458,68.51442494005322,68.48213273272744,68.49827575683594,4482800
2015-07-28,68.48210906982422,68.49825208835476,68.46595989218703,68.48210906982422,2113800
2015-07-29,68.47404749074335,68.49826510269371,68.449829878793,68.46597290039062,1590900
2015-07-30,68.43362426757812,68.44977343496694,68.41748125929206,68.43362426757812,581400
2015-07-31,68.50629425048828,68.5224372613777,68.49014508049513,68.50629425048828,4190600
2015-08-03,68.48049662849762,68.5370317601599,68.48049662849762,68.5289535522461,5562900
2015-08-04,68.48855588761745,68.50470613710958,68.42394256591797,68.42394256591797,1228800
2015-08-05,68.41584280027674,68.43199920654297,68.39161435274094,68.43199920654297,1825600
2015-08-06,68.44005717450456,68.46428561705827,68.43198513489486,68.44813537597656,1132300
2015-08-07,68.40776194610572,68.44814679834269,68.39968990514899,68.41584014892578,934300
2015-08-10,68.41584014892578,68.4319965545659,68.40776194610572,68.41584014892578,1397700
2015-08-11,68.50469207763672,68.51277028165761,68.48046362743828,68.50469207763672,1889400
2015-08-12,68.52084232381426,68.55314897803359,68.48854183145917,68.50469207763672,1508300
2015-08-13,68.47236381853027,68.48852022147427,68.44005717450456,68.44813537597656,537000
2015-08-14,68.41584014892578,68.44814679834269,68.41584014892578,68.41584014892578,837600
2015-08-17,68.4481977311103,68.47242619573572,68.4481977311103,68.4562759399414,646700
2015-08-18,68.44005717450456,68.45621357744857,68.42390693342286,68.44813537597656,466300
2015-08-19,68.44005722868077,68.52082075787781,68.41582878610788,68.51274871826172,960600
2015-08-20,68.52084114121168,68.52084114121168,68.48854064941406,68.48854064941406,5879000
2015-08-21,68.52890398590327,68.56928883439515,68.51275374362417,68.56121063232422,2062900
2015-08-24,68.69049454407381,68.69049454407381,68.5612678505431,68.59357452392578,4491400
2015-08-25,68.56121063232422,68.6015954808161,68.52890398590327,68.56121063232422,2708000
2015-08-26,68.54509338252595,68.6016285005087,68.52085876464844,68.52085876464844,2519400
2015-08-27,68.52087534433228,68.54510996807373,68.48857483641143,68.5289535522461,2985300
2015-08-28,68.54512141890703,68.55319346630212,68.47242985927357,68.49665832519531,1683200
2015-08-31,68.49664056901607,68.52086902865713,68.46433390220577,68.472412109375,7294500
2015-09-01,68.50471745548643,68.52088149243583,68.48047756483614,68.49663543701172,6317000
2015-09-02,68.51277160644531,68.52085362163265,68.48044971046723,68.51277160644531,5691300
2015-09-03,68.5450935024234,68.5450935024234,68.50468959125796,68.51277160644531,2627800
2015-09-04,68.52895750655182,68.55319739725886,68.50471761584478,68.52088165283203,1393900
2015-09-08,68.48855958331083,68.50471745548643,68.48047756483614,68.49663543701172,3251500
2015-09-09,68.45620598238796,68.49660372651171,68.45620598238796,68.4804458618164,1721000
2015-09-10,68.4966253191449,68.50470733642578,68.48046744935604,68.50470733642578,1004100
2015-09-11,68.50472128963365,68.53704320056767,68.50472128963365,68.52896118164062,539600
2015-09-14,68.5289294720487,68.5450935024234,68.51277160644531,68.51277160644531,1649100
2015-09-15,68.50468566961177,68.50468566961177,68.41580200195312,68.41580200195312,2200100
2015-09-16,68.42391086174035,68.46431478644467,68.40775299072266,68.40775299072266,1454200
2015-09-17,68.4077807713381,68.57746622741394,68.4077807713381,68.5613021850586,1268200
2015-09-18,68.56127550475249,68.59359741210938,68.56127550475249,68.59359741210938,1424900
2015-09-21,68.5531997680664,68.56128178683953,68.5370418952942,68.5531997680664,1668200
2015-09-22,68.58551539407678,68.60167943014197,68.56935752278508,68.59359741210938,834300
2015-09-23,68.57745610445731,68.60169599963632,68.55321004450334,68.56937408447266,1659800
2015-09-24,68.59359243483428,68.64207220996508,68.59359243483428,68.60975646972656,1480700
2015-09-25,68.60166297921461,68.6178208466316,68.56125906351413,68.57742309570312,1115900
2015-09-28,68.60169851945798,68.63402043580886,68.58553447889494,68.62593841552734,2572000
2015-09-29,68.64211537388866,68.67443729922506,68.62595749360891,68.65827941894531,1896600
2015-09-30,68.6420936732608,68.68249760835218,68.6420936732608,68.6744155883789,9534800
2015-10-01,68.6744155883789,68.69867306518663,68.65016427924898,68.6744155883789,5262900
2015-10-02,68.79564411934585,68.81181576251583,68.7552273467704,68.77139282226562,1668700
2015-10-05,68.75524514705661,68.75524514705661,68.6986567166608,68.72290802001953,5500700
2015-10-06,68.69054667882293,68.73096344761468,68.69054667882293,68.71479797363281,1519100
2015-10-07,68.69868469238281,68.70676435167506,68.67442721146952,68.69868469238281,3660700
2015-10-08,68.66632200754337,68.71482461596872,68.66632200754337,68.68248748779297,1793100
2015-10-09,68.65823618358029,68.68248748779297,68.65015035961721,68.68248748779297,1107700
2015-10-12,68.63393791836413,68.69861213046399,68.63393791836413,68.66627502441406,1486900
2015-10-13,68.68252696435819,68.69869862157931,68.67444113574763,68.69061279296875,1071300
2015-10-14,68.77950274071999,68.7956682218788,68.73907978630763,68.78758239746094,3419100
2015-10-15,68.73100547247942,68.75526294979545,68.72292581438535,68.74717712402344,1586000
2015-10-16,68.72288379446083,68.7390492684427,68.71479797363281,68.71479797363281,942500
2015-10-19,68.72293973746821,68.73910522460938,68.70676808264786,68.73910522460938,1434900
2015-10-20,68.69059886541172,68.69868469238281,68.68251303844062,68.69868469238281,1029400
2015-10-21,68.6986567166608,68.73907349969991,68.69057089298245,68.72290802001953,11122200
2015-10-22,68.72292581438535,68.76334260788953,68.72292581438535,68.74717712402344,2382400
2015-10-23,68.69869862157931,68.7229499397309,68.67444113574763,68.69061279296875,5657200
2015-10-26,68.69061279296875,68.70677828250977,68.68252696435819,68.69061279296875,5901700
2015-10-27,68.71479797363281,68.7390492684427,68.71479797363281,68.71479797363281,1024600
2015-10-28,68.6986374377049,68.71480291284875,68.59354026240881,68.6258773803711,1658900
2015-10-29,68.58544934307547,68.60162098469189,68.5773696899414,68.5773696899414,1526500
2015-10-30,68.5773696899414,68.59353516388367,68.5692838691332,68.5773696899414,3242400
2015-11-02,68.51347196390756,68.57008773749574,68.51347196390756,68.53773498535156,14599400
2015-11-03,68.52158098235472,68.53775427765108,68.51349124937741,68.52967071533203,3643500
2015-11-04,68.5054123557293,68.52968155850125,68.4568862915039,68.4568862915039,2120500
2015-11-05,68.4568862915039,68.47306576001853,68.4326232593912,68.4568862915039,2775300
2015-11-06,68.39213562011719,68.4083150779534,68.37596233293613,68.39213562011719,1832700
2015-11-09,68.37596130371094,68.39213459064855,68.3678715749146,68.37596130371094,1619900
2015-11-10,68.40833282470703,68.43259584710061,68.38406980231346,68.40833282470703,2139300
2015-11-11,68.4406678229707,68.45684111015174,68.39213562011719,68.39213562011719,6885500
2015-11-12,68.40835167911125,68.44070444143853,68.40835167911125,68.41643524169922,5866500
2015-11-13,68.42455124863817,68.47308349609375,68.42455124863817,68.47308349609375,771100
2015-11-16,68.47308349609375,68.48925679813838,68.45690402338828,68.47308349609375,1835200
2015-11-17,68.41641586255938,68.47303780858765,68.4083323022611,68.44876861572266,4707700
2015-11-18,68.440724759382,68.45689806001775,68.40837198745017,68.42454528808594,1803400
2015-11-19,68.44068557811738,68.4487691384774,68.40833282470703,68.40833282470703,1707300
2015-11-20,68.41641638506705,68.44068557811738,68.40024309369025,68.40833282470703,798800
2015-11-23,68.37597501650947,68.4083277675281,68.37597501650947,68.40023803710938,936600
2015-11-24,68.4083277675281,68.41641132729053,68.39214830669064,68.40023803710938,1024300
2015-11-25,68.40833282470703,68.41641638506705,68.38406980231346,68.40833282470703,3067800
2015-11-27,68.40837198745017,68.43263502373397,68.40837198745017,68.42454528808594,429600
2015-11-30,68.4083277675281,68.41641132729053,68.39214830669064,68.40023803710938,1469300
2015-12-01,68.38490031757262,68.45772472225877,68.38490031757262,68.44154357910156,4410600
2015-12-02,68.40916249239399,68.40916249239399,68.37679403840156,68.3848876953125,1008700
2015-12-03,68.3848876953125,68.3848876953125,68.32015078732763,68.3848876953125,4856400
2015-12-04,68.40914040722768,68.43341519647231,68.38486561798305,68.40104675292969,4440400
2015-12-07,68.39301300048828,68.4092003232619,68.38492551275623,68.39301300048828,2025600
2015-12-08,68.40106883548304,68.40916249239399,68.36870038149061,68.3848876953125,1043000
2015-12-09,68.37674259331004,68.41720467377068,68.35246781449234,68.40911102294922,3642800
2015-12-10,68.39299581270598,68.40108947205877,68.36063352260119,68.36872100830078,963000
2015-12-11,68.40919004254906,68.47392697660517,68.40109638237858,68.44964599609375,1073800
2015-12-14,68.39299581270598,68.41727679076436,68.36063352260119,68.36872100830078,1757400
2015-12-15,68.33633761855363,68.3606185913086,68.3282501346205,68.3606185913086,1052100
2015-12-16,68.32826803055859,68.34444917631473,68.22306897535655,68.30399322509766,1241600
2015-12-17,68.29589956539284,68.33635551660993,68.29589956539284,68.30399322509766,1777400
2015-12-18,68.36065070225057,68.39301300048828,68.34446337947695,68.39301300048828,1494800
2015-12-21,68.3929751785721,68.3929751785721,68.36870038149061,68.3848876953125,3037200
2015-12-22,68.36872100830078,68.38490832700639,68.3444462038956,68.36872100830078,1234700
2015-12-23,68.36871144651802,68.37680510473886,68.32825550271845,68.34443664550781,2785800
2015-12-24,68.36300978123218,68.37110137939453,68.33872263316015,68.37110137939453,564600
2015-12-28,68.33069610595703,68.34688549595474,68.3225983225587,68.33069610595703,1096700
2015-12-29,68.29827900141163,68.33066394296252,68.29018122182491,68.31446838378906,1085100
2015-12-30,68.29831114916267,68.33069610595703,68.28211558236603,68.33069610595703,4797000
2015-12-31,68.3549432762236,68.36304105488287,68.29827117919922,68.29827117919922,2466200
2016-01-04,68.39547266211446,68.40356426949971,68.36308770217488,68.38737487792969,7548000
2016-01-05,68.36302782957605,68.37921720696735,68.33874067509203,68.34683227539062,2472200
2016-01-06,68.39547266211446,68.4116620536845,68.37117930956013,68.38737487792969,2409900
2016-01-07,68.43587009444799,68.443967869269,68.38729579910668,68.41158294677734,2702800
2016-01-08,68.43591028679599,68.47639300788413,68.4116231248615,68.46019744873047,7139900
2016-01-11,68.44402814354163,68.50070026361145,68.4278325796372,68.48450469970703,3557700
2016-01-12,68.4439946553753,68.51685612690218,68.43589687738516,68.49256896972656,1275600
2016-01-13,68.48451579069356,68.53309631347656,68.46832640096511,68.53309631347656,1820800
2016-01-14,68.53309649889962,68.54928588867188,68.50880932584182,68.54928588867188,1297400
2016-01-15,68.5978349109009,68.63831145514379,68.58163935176694,68.60592651367188,2136000
2016-01-19,68.5897339468832,68.61402110766055,68.57353838850116,68.59783172607422,5109900
2016-01-20,68.63835607259104,68.68693042797602,68.6302582877602,68.64645385742188,2140400
2016-01-21,68.66262335229484,68.670721134779,68.62214679347055,68.63833618164062,2326500
2016-01-22,68.581666864384,68.61405181884766,68.57356908156846,68.61405181884766,3184900
2016-01-25,68.59786243001507,68.63024120768024,68.59786243001507,68.61405181884766,1800100
2016-01-26,68.61406889489855,68.65455164225271,68.60597111006771,68.64645385742188,1176800
2016-01-27,68.60592555366617,68.66259765625,68.58973617155475,68.66259765625,1742300
2016-01-28,68.65450605359226,68.68688481781508,68.63831049468492,68.66259765625,1272200
2016-01-29,68.73546301183362,68.74356079101562,68.7030780719013,68.74356079101562,1521400
2016-02-01,68.72332840393169,68.72332840393169,68.69093246032612,68.7071304321289,5665300
2016-02-02,68.73953195993141,68.79623413085938,68.73953195993141,68.79623413085938,2528200
2016-02-03,68.78001251507747,68.8691105987014,68.78001251507747,68.81240844726562,1962400
2016-02-04,68.81245490051316,68.8367611361692,68.81245490051316,68.82865905761719,1305700
2016-02-05,68.78001251507747,68.8286125934307,68.77191044199493,68.81240844726562,1294800
2016-02-08,68.86100762007884,68.90960769343125,68.84480347558112,68.8934097290039,1467700
2016-02-09,68.91774690461612,68.91774690461612,68.85294265184376,68.869140625,1919200
2016-02-10,68.81243844884261,68.87724270161497,68.81243844884261,68.869140625,1061200
2016-02-11,68.97442600341417,68.99872604505511,68.9177238462281,68.93392181396484,1814400
2016-02-12,68.9014900770367,68.91769421787878,68.84478794422739,68.85289001464844,1194000
2016-02-16,68.84481055952479,68.85291263260733,68.81240844726562,68.81240844726562,2545900
2016-02-17,68.7881548449323,68.82865905761719,68.78005894645545,68.82865905761719,1999400
2016-02-18,68.80432037098588,68.88532257080078,68.80432037098588,68.88532257080078,859100
2016-02-19,68.83673027288569,68.86103031757152,68.82052612304688,68.82052612304688,975400
2016-02-22,68.79625692348431,68.82865905761719,68.79625692348431,68.82865905761719,1101600
2016-02-23,68.82056494502424,68.85296708290767,68.80436696612048,68.8367691040039,1227700
2016-02-24,68.86908797542154,68.91769421787878,68.83669205387534,68.85289001464844,1066800
2016-02-25,68.86104472845874,68.88534477822994,68.85294265184376,68.869140625,1526500
2016-02-26,68.82051204425339,68.82861411751533,68.76380989156205,68.78001403808594,1891100
2016-02-29,68.75572188383642,68.82052612304688,68.75572188383642,68.82052612304688,2634200
2016-03-01,68.82621212856411,68.82621212856411,68.72085156882792,68.72895812988281,4584800
2016-03-02,68.70462733461406,68.72894701384531,68.68842039861988,68.72084045410156,2652000
2016-03-03,68.71269714935536,68.7451171875,68.70459059394669,68.7451171875,5601100
2016-03-04,68.70462594981763,68.73704600464585,68.68031245456976,68.69652557373047,1532600
2016-03-07,68.66408603936584,68.68029297043556,68.64787292480469,68.64787292480469,1990800
2016-03-08,68.69652557373047,68.72894562855869,68.68841901415011,68.69652557373047,2878900
2016-03-09,68.6884176287,68.69652418811684,68.67221069335938,68.67221069335938,1284400
2016-03-10,68.64789515655538,68.6722148362731,68.63168822023702,68.66410827636719,2227500
2016-03-11,68.631678474378,68.631678474378,68.59115186409682,68.59925842285156,4112200
2016-03-14,68.62357191562326,68.62357191562326,68.59925842285156,68.59925842285156,1875500
2016-03-15,68.63169512273292,68.64790206068128,68.59116850262096,68.62358856201172,1508600
2016-03-16,68.55873946143046,68.76136016845703,68.52632558978028,68.76136016845703,5972100
2016-03-17,68.72891374991622,68.75322723388672,68.70459408245537,68.75322723388672,1677000
2016-03-18,68.76943969726562,68.79375318319312,68.75323276781091,68.76943969726562,3010000
2016-03-21,68.75325979229112,68.76136016845703,68.72894629680684,68.76136016845703,1892100
2016-03-22,68.7694674455774,68.77757400532116,68.70462733461406,68.72084045410156,1899800
2016-03-23,68.72083973714767,68.77757328777538,68.7127331774885,68.76136016845703,1357600
2016-03-24,68.76947856816858,68.76947856816858,68.72085156882792,68.72895812988281,859800
2016-03-28,68.7451171875,68.77753722564464,68.7451171875,68.7451171875,2820600
2016-03-29,68.7694501947737,68.87481689453125,68.7694501947737,68.87481689453125,1219700
2016-03-30,68.86673526191255,68.89104876035128,68.83431520282957,68.88294219970703,1307600
2016-03-31,68.90726056524801,68.9396806266209,68.88294706509195,68.91536712646484,1555000
2016-04-01,68.87559509277344,68.90803459414282,68.85937843568988,68.87559509277344,5307200
2016-04-04,68.89183874519651,68.92427825927734,68.87562208175842,68.92427825927734,2863500
2016-04-05,68.93236122411675,68.94857788085938,68.91614456737412,68.94857788085938,4655000
2016-04-06,68.9405011099201,68.9405011099201,68.89183874519651,68.92427825927734,1029200
2016-04-07,68.94048514929469,68.9810298921056,68.9323737258512,68.96481323242188,1475200
2016-04-08,68.94048514929469,68.97292465586536,68.94048514929469,68.96481323242188,594300
2016-04-11,68.94857650543553,68.98101600547578,68.94047127082696,68.9566879272461,851100
2016-04-12,68.94051361083984,68.94861885042627,68.93240218404763,68.94051361083984,524900
2016-04-13,68.92426719794493,68.92426719794493,68.89993911308976,68.90805053710938,1365800
2016-04-14,68.91616196112899,68.92426719794493,68.89182768907015,68.90805053710938,1103500
2016-04-15,68.91614319259727,68.9566879272461,68.91614319259727,68.9566879272461,825600
2016-04-18,68.94047264608912,68.95668930283175,68.93236122411675,68.94857788085938,870900
2016-04-19,68.9486063480368,68.9486063480368,68.90806159583926,68.92427825927734,1508400
2016-04-20,68.94047409551222,68.94047409551222,68.86748367063053,68.87559509277344,1080700
2016-04-21,68.851255949766,68.89180067956087,68.851255949766,68.85936737060547,1599900
2016-04-22,68.85936737060547,68.86747260424369,68.851255949766,68.85936737060547,2593200
2016-04-25,68.85127395958231,68.87560204126312,68.8431625366211,68.8431625366211,1512900
2016-04-26,68.843151470566,68.85126289222336,68.81882339279575,68.82693481445312,969300
2016-04-27,68.85126701354696,68.87559509277344,68.7863880108082,68.87559509277344,748300
2016-04-28,68.88372107526978,68.94048866786494,68.87560965141232,68.9161605834961,694300
2016-04-29,68.90807409087678,68.95673027721848,68.89996266408455,68.94051361083984,1609600
2016-05-02,68.92346797194135,68.93969398969882,68.90723576341021,68.91535186767578,1017800
2016-05-03,68.9964965366531,68.9964965366531,68.95592839557985,68.9883804321289,3788100
2016-05-04,68.99646587922884,68.99646587922884,68.94778165526341,68.98023986816406,1621100
2016-05-05,68.99643865082011,69.02889685091162,68.95587054378223,69.00455474853516,556900
2016-05-06,69.04518078225054,69.05329688677473,68.9883804321289,68.9883804321289,1117600
2016-05-09,69.03706045366992,69.04517036619681,69.01271833454342,69.02082824707031,610000
2016-05-10,69.02892460947045,69.03704071044922,69.00458249730531,69.03704071044922,2854800
2016-05-11,69.02083574348585,69.03706795184846,69.00460972589683,69.01272583007812,1607400
2016-05-12,68.99647956798401,69.00459567051217,68.97213745117188,68.97213745117188,562700
2016-05-13,68.96400766632819,68.99646587922884,68.95589775618136,68.98023986816406,1115000
2016-05-16,68.97211127261208,68.97211127261208,68.93153696614372,68.94776916503906,600800
2016-05-17,68.9315718268416,68.94780403394603,68.89911979417896,68.9234619140625,819500
2016-05-18,68.85855816629457,68.89101639571638,68.79364170745099,68.8017578125,3690500
2016-05-19,68.81794738769531,68.85040559992812,68.81794738769531,68.81794738769531,1619600
2016-05-20,68.81793541960693,68.85039362619494,68.80982551103735,68.84227752685547,1942600
2016-05-23,68.80170927394572,68.83416748046875,68.80170927394572,68.83416748046875,654700
2016-05-24,68.80985551078226,68.8179654228876,68.7773972900431,68.78550720214844,778200
2016-05-25,68.80983142477845,68.82605743408203,68.78548312466745,68.82605743408203,5242400
2016-05-26,68.85046700277175,68.88292524395176,68.83424097756999,68.86669921875,1253100
2016-05-27,68.86663174349661,68.89097385283719,68.80171532474145,68.82605743408203,696200
2016-05-31,68.79360408447147,68.88286261887266,68.79360408447147,68.8585205078125,1368300
2016-06-01,68.85934430693213,68.88370106122828,68.81063079833984,68.81063079833984,1484500
2016-06-02,68.83498442245349,68.86746215820312,68.83498442245349,68.86746215820312,4565800
2016-06-03,68.98925349004674,69.00548926099695,68.9730115246017,68.98113250732422,1874900
2016-06-06,68.9730348349155,68.99739779131683,68.94056328204091,68.96492004394531,672100
2016-06-07,68.98113250732422,69.00548926099695,68.9730115246017,68.98113250732422,624800
2016-06-08,68.97298203295273,69.00545975546108,68.97298203295273,68.99734497070312,906600
2016-06-09,69.0298466109342,69.0298466109342,68.9973750687533,69.01361083984375,794400
2016-06-10,69.02175199016264,69.07046551216253,69.02175199016264,69.05422973632812,425100
2016-06-13,69.07855555184004,69.10291230192875,69.0704345703125,69.0704345703125,610500
2016-06-14,69.11916766443443,69.11916766443443,69.07045415044766,69.07857513427734,990200
2016-06-15,69.07045491125561,69.27343614776387,69.07045491125561,69.1597671508789,785700
2016-06-16,69.15977750314968,69.18413426405723,69.1110639813346,69.11917877197266,1129500
2016-06-17,69.12725067138672,69.14349263012315,69.10289392777436,69.12725067138672,1574700
2016-06-20,69.07857802038555,69.09481379422758,69.05422126237454,69.0866928100586,1698800
2016-06-21,69.07047213404479,69.09482889737986,69.03799438476562,69.03799438476562,919100
2016-06-22,69.07044550673918,69.07856648955259,69.04608875279388,69.06232452392578,1740300
2016-06-23,69.03799438476562,69.05423635665386,69.01363762143058,69.03799438476562,2302800
2016-06-24,69.24094805432034,69.25719001973027,69.17599258167026,69.20035552978516,2321800
2016-06-27,69.2572087666814,69.29780130220442,69.240966796875,69.240966796875,1166100
2016-06-28,69.23284208085273,69.26531982421875,69.22472729088335,69.26531982421875,1590900
2016-06-29,69.21661003666189,69.2490877817782,69.21661003666189,69.240966796875,838800
2016-06-30,69.24905786212683,69.28965038011151,69.22470111243727,69.2734146118164,2284000
2016-07-01,69.32214629542071,69.32214629542071,69.25715275836143,69.29777526855469,3690200
2016-07-05,69.30593596549856,69.33843275332457,69.2896906706498,69.33030700683594,1974600
2016-07-06,69.30589481209347,69.33026583895949,69.28152378522745,69.29777526855469,5742300
2016-07-07,69.27341648173508,69.2977937132143,69.24904544838235,69.26529693603516,1094600
2016-07-08,69.24904544838235,69.27341648173508,69.2165486712032,69.26529693603516,1157600
2016-07-11,69.2246812286199,69.24093271787231,69.19218444824219,69.19218444824219,1619200
2016-07-12,69.19219483091243,69.19219483091243,69.14345275209538,69.1678237915039,5990100
2016-07-13,69.1921863191796,69.20031206402552,69.1678152827691,69.18406677246094,836600
2016-07-14,69.13535264469579,69.17597519085997,69.12722689583688,69.14347839355469,638500
2016-07-15,69.1353024272285,69.1353024272285,69.10280565352772,69.11093139648438,1532100
2016-07-18,69.14342455043749,69.1596698373745,69.12717306537499,69.15155029296875,867800
2016-07-19,69.14346844786645,69.15971374511719,69.13534270017637,69.15971374511719,739400
2016-07-20,69.12714385986328,69.1433953380597,69.11089857978975,69.12714385986328,627500
2016-07-21,69.11904315676641,69.17591094970703,69.11091741545359,69.17591094970703,465500
2016-07-22,69.14342455043749,69.16779557990576,69.13529880790624,69.15155029296875,382700
2016-07-25,69.13530286521522,69.14342860822336,69.1028060913086,69.1028060913086,803500
2016-07-26,69.12717668427184,69.12717668427184,69.08656036574025,69.11093139648438,1348500
2016-07-27,69.11097165523555,69.15971374511719,69.09472635798481,69.15971374511719,657400
2016-07-28,69.15155029296875,69.175921322437,69.13529880790624,69.15155029296875,913700
2016-07-29,69.20032900204052,69.24095153808594,69.19220325520567,69.24095153808594,1041500
2016-08-01,69.18481470762543,69.21733093261719,69.18481470762543,69.21733093261719,3053400
2016-08-02,69.18482440924282,69.22547124664126,69.16856319354878,69.19295501708984,967700
2016-08-03,69.21737969410758,69.22551030654222,69.1767328337745,69.20111846923828,3365300
2016-08-04,69.23360908144484,69.25799470787918,69.22548467385863,69.24987030029297,610500
2016-08-05,69.19297534054823,69.19297534054823,69.1360734725791,69.15232849121094,1170900
2016-08-08,69.12789154052734,69.15227715129001,69.11163033212966,69.12789154052734,2576800
2016-08-09,69.14419347424966,69.1685791015625,69.11980784693682,69.1685791015625,2337300
2016-08-10,69.18486344620914,69.20111846923828,69.16860222133984,69.20111846923828,971900
2016-08-11,69.20110416137142,69.20110416137142,69.11168604859864,69.13607788085938,929600
2016-08-12,69.20920007132017,69.21733067799714,69.16855323977106,69.184814453125,584100
2016-08-15,69.1604546936836,69.17670971127947,69.14419347424966,69.1685791015625,873200
2016-08-16,69.13604063452473,69.1522956454358,69.11977942177813,69.1441650390625,774400
2016-08-17,69.11977942177813,69.17668126272018,69.10352441086705,69.1441650390625,1221300
2016-08-18,69.1523081796914,69.19295501708984,69.12792255798699,69.19295501708984,696500
2016-08-19,69.14414654709117,69.16040775548885,69.1197609363285,69.12789154052734,590000
2016-08-22,69.15233290052767,69.16046351128125,69.13607788085938,69.13607788085938,480000
2016-08-23,69.13604063452473,69.1604262518091,69.12791002815143,69.1441650390625,455200
2016-08-24,69.16040775548885,69.16040775548885,69.12789154052734,69.12789154052734,466400
2016-08-25,69.12794703170496,69.12794703170496,69.09543079064164,69.10356140136719,547300
2016-08-26,69.11167005793276,69.15231690045715,69.03851318359375,69.03851318359375,709800
2016-08-29,69.03853100342938,69.09543287654827,69.03853100342938,69.07917785644531,473600
2016-08-30,69.08728790283203,69.10354912139343,69.07103288610837,69.08728790283203,480400
2016-08-31,69.09543287654827,69.11981850762221,69.07917785644531,69.07917785644531,937400
2016-09-01,69.06290962077865,69.11984499221457,69.04663882580263,69.11170959472656,1191600
2016-09-02,69.11984499221457,69.1279741842125,69.0791742102646,69.11170959472656,726100
2016-09-06,69.10356420954699,69.20117034882564,69.0954288132348,69.1604995727539,1335800
2016-09-07,69.18489955620127,69.20117034882564,69.1604995727539,69.1604995727539,1049300
2016-09-08,69.15237417118645,69.16864496616247,69.11170959472656,69.11170959472656,614200
2016-09-09,69.09540183169156,69.11980801109756,69.07913725090764,69.08727264404297,2727300
2016-09-12,69.09543879975054,69.14424497918853,69.0873096077526,69.11170959472656,2123600
2016-09-13,69.12793719874614,69.13607259188149,69.06287267012372,69.08727264404297,1108600
2016-09-14,69.10355259633677,69.15235255503042,69.10355259633677,69.1279525756836,1632600
2016-09-15,69.14418805711433,69.20112338167897,69.12791727553302,69.18485260009766,10599200
2016-09-16,69.15235900878906,69.17676519590178,69.1360944228693,69.15235900878906,846200
2016-09-19,69.13613891601562,69.1524035124026,69.12800351507579,69.13613891601562,657700
2016-09-20,69.13613001177268,69.14426541166475,69.11986541748047,69.11986541748047,984300
2016-09-21,69.10360351774897,69.13613891601562,69.06293892403517,69.13613891601562,816300
2016-09-22,69.12799461188062,69.15239460606489,69.11173001758841,69.11986541748047,759500
2016-09-23,69.13609958930654,69.1604995727539,69.11983500217134,69.1604995727539,7016900
2016-09-26,69.17677951771896,69.20930869629305,69.16864412033043,69.20117950439453,786300
2016-09-27,69.2255527098691,69.2255527098691,69.18488194415073,69.20928192138672,645300
2016-09-28,69.193044107006,69.20930869629305,69.18490870961747,69.20117950439453,1017300
2016-09-29,69.17677833558824,69.22557830810547,69.16050754108923,69.22557830810547,1164000
2016-09-30,69.21742483770491,69.2255602328302,69.16862487792969,69.16862487792969,1380000
2016-10-03,69.1678171049159,69.1678171049159,69.13526296820844,69.15968322753906,1646500
2016-10-04,69.13524720000247,69.13524720000247,69.09455919519819,69.10269927978516,933100
2016-10-05,69.1271581665229,69.1271581665229,69.06204986572266,69.06204986572266,1644000
2016-10-06,69.06204986572266,69.10274410599014,69.0539097758553,69.06204986572266,679500
2016-10-07,69.07831620985947,69.10273647676544,69.06204224099076,69.08645629882812,809000
2016-10-10,69.06200360980597,69.07014369422131,69.0375895656251,69.05386352539062,924000
2016-10-11,69.02951002254365,69.05392408813653,69.02951002254365,69.04578399658203,1259100
2016-10-12,69.03765011409814,69.04578399658203,69.01323604850525,69.04578399658203,1311100
2016-10-13,69.06204271126887,69.08645676927247,69.0457625332207,69.07018280029297,5123300
2016-10-14,69.07014369422131,69.0945577384022,69.05386352539062,69.05386352539062,1481100
2016-10-17,69.09455825446838,69.11897229883161,69.08641816999224,69.11083221435547,3860400
2016-10-18,69.11085511258682,69.13526916503906,69.07830097296142,69.13526916503906,2067400
2016-10-19,69.11899519976,69.14340925221224,69.11085511258682,69.13526916503906,643300
2016-10-20,69.13524720000247,69.13524720000247,69.09455919519819,69.10269927978516,2593200
2016-10-21,69.11898803710938,69.127128123439,69.0945739871871,69.11898803710938,1041900
2016-10-24,69.11081741343307,69.11895749616592,69.07826329156556,69.09454345703125,582600
2016-10-25,69.08640337429841,69.11081741343307,69.07012941789658,69.09454345703125,3762400
2016-10-26,69.07831668024839,69.08645676927247,69.06204271126887,69.07018280029297,517000
2016-10-27,69.07018232995944,69.08645629882812,69.04576206305344,69.08645629882812,724800
2016-10-28,69.06204224099076,69.11901044563413,69.06204224099076,69.08645629882812,1229300
2016-10-31,69.11085511258682,69.13526916503906,69.11085511258682,69.13526916503906,1346300
2016-11-01,69.11166441924479,69.16866683778585,69.10351944151103,69.13609313964844,8239600
2016-11-02,69.16049696387549,69.19307065028713,69.14421322706738,69.1767807006836,1516600
2016-11-03,69.15231707710369,69.18489074707031,69.15231707710369,69.18489074707031,2616600
2016-11-04,69.1767769013149,69.21749556029192,69.16863813975556,69.2093505859375,2108300
2016-11-07,69.16046204779342,69.18489074707031,69.15231707710369,69.18489074707031,2698400
2016-11-08,69.16052889352989,69.16867387209199,69.10352646919182,69.1116714477539,1944600
2016-11-09,69.12790874918853,69.14419869536849,69.02204895019531,69.02204895019531,1784100
2016-11-10,69.04648467621945,69.08719712022008,68.99762725830078,68.99762725830078,1927100
2016-11-11,69.01391099334208,69.03019472838339,68.9731923365467,68.99762725830078,3405000
2016-11-14,68.92435072892354,68.96506939505923,68.89177703857422,68.89177703857422,18305000
2016-11-15,68.8917852717754,68.91621398925781,68.88364029501564,68.91621398925781,2080800
2016-11-16,68.89989793477503,68.92432664080047,68.8754692287496,68.90804290771484,1007900
2016-11-17,68.90807783839678,68.91621660266826,68.88364290719085,68.89993286132812,1145600
2016-11-18,68.88364350133432,68.89993345561211,68.83478606409537,68.85921478271484,2044500
2016-11-21,68.85102081298828,68.87544951202061,68.81844714334778,68.85102081298828,889300
2016-11-22,68.83477020263672,68.87548886615127,68.82662522737466,68.83477020263672,2122600
2016-11-23,68.7859071494277,68.82661959681587,68.76961720023621,68.79405212402344,1433600
2016-11-25,68.78589630126953,68.81846998172007,68.77775132795833,68.78589630126953,347400
2016-11-28,68.80219329742913,68.85105693392104,68.80219329742913,68.82662200927734,1131300
2016-11-29,68.8103414896463,68.8673438908892,68.8103414896463,68.83477020263672,1232600
2016-11-30,68.81031799316406,68.8428916702937,68.81031799316406,68.81031799316406,1449700
2016-12-01,68.76962119624439,68.81035776253952,68.75332159654563,68.77777099609375,6249100
2016-12-02,68.84287865106815,68.86732180854278,68.82658528490818,68.85102844238281,2449000
2016-12-05,68.82658528490818,68.86732180854278,68.80214212743356,68.85102844238281,1785700
2016-12-06,68.85922100468844,68.85922100468844,68.82662803565445,68.83477783203125,1325500
2016-12-07,68.86738125277304,68.87553105112235,68.85108787254912,68.85923767089844,1282700
2016-12-08,68.83473507622284,68.86732180854278,68.83473507622284,68.85102844238281,1272500
2016-12-09,68.86739972809946,68.86739972809946,68.81851335783804,68.84295654296875,1321200
2016-12-12,68.8185043334961,68.8429475154215,68.8103545340291,68.8185043334961,931300
2016-12-13,68.8184983094958,68.8184983094958,68.77776174867782,68.81034851074219,1926700
2016-12-14,68.81032781667939,68.81847761298202,68.64736918946576,68.67996215820312,1157600
2016-12-15,68.64739990234375,68.67999288566322,68.63110651892198,68.64739990234375,1355800
2016-12-16,68.66366256559787,68.71255512694047,68.6555189857684,68.67996215820312,937900
2016-12-19,68.69627059425116,68.7288635701337,68.69627059425116,68.71257019042969,1258800
2016-12-20,68.67995894894217,68.72884529152728,68.67180915302036,68.72069549560547,1089800
2016-12-21,68.72886797786569,68.75331115722656,68.72071817925377,68.75331115722656,1657900
2016-12-22,68.74595540336168,68.77041625976562,68.73780593187409,68.77041625976562,1388100
2016-12-23,68.77041625976562,68.77041625976562,68.75411109581985,68.77041625976562,1058500
2016-12-27,68.72966016329781,68.74596532959788,68.72150446966202,68.7378158569336,893600
2016-12-28,68.73782246290867,68.77858849306237,68.72151107406951,68.76228332519531,1312300
2016-12-29,68.78675636735022,68.83567810058594,68.77860067148654,68.83567810058594,1274800
2016-12-30,68.84382514135432,68.86828600489694,68.83566944651598,68.8601303100586,1214600
2017-01-03,68.79489007849507,68.82750663055337,68.77857869198033,68.80303955078125,4196100
2017-01-04,68.77857132594548,68.81934356689453,68.77857132594548,68.81934356689453,2182500
2017-01-05,68.82752010048989,68.89274699640056,68.8193644056364,68.8682861328125,1614200
2017-01-06,68.8275220224867,68.84382719167658,68.80305493724298,68.81121063232422,919000
2017-01-09,68.84382526922445,68.8682861328125,68.83566957437095,68.8682861328125,1014100
2017-01-10,68.85197435862185,68.86827952579213,68.84381866455078,68.84381866455078,1125800
2017-01-11,68.87640380859375,68.90086465867967,68.83563157780458,68.87640380859375,1166800
2017-01-12,68.90084838867188,68.90900407709765,68.86823185593629,68.90084838867188,820900
2017-01-13,68.8682861328125,68.8682861328125,68.8112087107829,68.8682861328125,1436300
2017-01-17,68.92536913545524,68.94168052648288,68.90090826988668,68.9172134399414,1326600
2017-01-18,68.89274814970427,68.91720901370181,68.83567072671917,68.85198211669922,996100
2017-01-19,68.81121088760904,68.8519831421939,68.81121088760904,68.82752227783203,963500
2017-01-20,68.83566957437095,68.90090269125405,68.83566957437095,68.8682861328125,1134400
2017-01-23,68.9171984391829,68.95797068690447,68.89273757893858,68.93350982666016,1546900
2017-01-24,68.92536252963609,68.92536252963609,68.88459649791984,68.89274597167969,5300100
2017-01-25,68.88455949894539,68.88455949894539,68.85194295850785,68.87640380859375,1454500
2017-01-26,68.86826350578893,68.90088005351413,68.8519583424115,68.88457489013672,1658000
2017-01-27,68.89275257437286,68.92536913545524,68.89275257437286,68.9172134399414,1184700
2017-01-30,68.9172134399414,68.93352483096906,68.90090826988668,68.9172134399414,1381300
2017-01-31,68.90904896641584,68.95797068690447,68.90904896641584,68.93350982666016,1207800
2017-02-01,68.86906043786081,68.94248731814133,68.84457858637359,68.90985107421875,2079600
2017-02-02,68.92617940799427,68.95065503727544,68.91801878999131,68.93433380126953,1341800
2017-02-03,68.9588023277391,68.98328417922632,68.90985107421875,68.90985107421875,1433300
2017-02-06,68.96694750712155,68.99958374373873,68.95878689178583,68.98326873779297,1663400
2017-02-07,68.99143271696829,69.00775394990808,68.96695709228516,68.96695709228516,730000
2017-02-08,68.99961320013378,69.0322494506836,68.98329818722303,69.0322494506836,1197000
2017-02-09,69.0077644199328,69.01591881291337,68.95880693841205,68.97512817382812,1149800
2017-02-10,68.9506420840719,68.98327832522493,68.9506420840719,68.96695709228516,968400
2017-02-13,68.94252297236726,68.95883799040247,68.93436235098451,68.95068359375,666000
2017-02-14,68.93430859863346,68.95062982867228,68.88535735796785,68.90167236328125,781100
2017-02-15,68.86092039812455,68.89355665179968,68.85275977852353,68.87723541259766,963900
2017-02-16,68.90169045705635,68.94248731814133,68.88537544745859,68.90985107421875,1933700
2017-02-17,68.96696188656843,68.9751225036056,68.94248626018386,68.95880126953125,986600
2017-02-21,68.9506420840719,68.96695709228516,68.93432085113213,68.96695709228516,840400
2017-02-22,68.98326873779297,68.99958374373873,68.93431127050437,68.98326873779297,695300
2017-02-23,68.99964567277044,69.02412131601946,68.99964567277044,69.01596069335938,1517100
2017-02-24,69.0403914455108,69.08118207914836,69.0403914455108,69.04854583740234,587700
2017-02-27,69.05669703513618,69.05669703513618,68.98327016976755,68.99142456054688,1030700
2017-02-28,68.99959812999019,69.02407375637478,68.95880126953125,68.95880126953125,1043500
2017-03-01,68.88040833131349,68.90489959716797,68.87224249979386,68.90489959716797,1541500
2017-03-02,68.86408562945577,68.87225146203802,68.81510309137279,68.83142852783203,930300
2017-03-03,68.83960485709059,68.8722619636939,68.82327941814205,68.84777069091797,1569200
2017-03-06,68.85597753215278,68.87230921101128,68.84781792143401,68.86414337158203,684600
2017-03-07,68.84780359407758,68.85596320309833,68.82331230959699,68.83963775634766,652600
2017-03-08,68.78243255615234,68.81508965139797,68.77426672516492,68.78243255615234,862700
2017-03-09,68.79066944740002,68.79882905811222,68.76617815784249,68.77433776855469,862900
2017-03-10,68.790640861733,68.81513214111328,68.7824750257036,68.81513214111328,784400
2017-03-13,68.80692382041055,68.81508965139797,68.78243255615234,68.78243255615234,884100
2017-03-14,68.77433776855469,68.81516073695755,68.77433776855469,68.77433776855469,966000
2017-03-15,68.79060287071077,68.9130654286876,68.77427120767149,68.90489959716797,1102800
2017-03-16,68.86408471675136,68.89674181794227,68.85591888427734,68.85591888427734,925700
2017-03-17,68.8885726928711,68.91307018912227,68.8722472574085,68.8885726928711,657800
2017-03-20,68.9049368215006,68.92942810058594,68.88860514963851,68.92942810058594,778000
2017-03-21,68.92119796116378,68.97018670233577,68.91303836155345,68.96202087402344,739000
2017-03-22,68.99473285370085,69.01105829461274,68.97840118408203,68.97840118408203,1028600
2017-03-23,68.99473285370085,69.01105829461274,68.95390990836074,68.97840118408203,868200
2017-03-24,68.97024157797958,69.00289245980332,68.96207574317016,68.97840118408203,1119700
2017-03-27,69.01921557872832,69.04370685141542,68.99472430604123,69.00288391113281,943400
2017-03-28,69.01922028064472,69.02738611499876,68.95390606322549,68.9702377319336,782600
2017-03-29,68.98657134481326,69.01106262207031,68.98657134481326,69.01106262207031,1043900
2017-03-30,68.98656225413349,69.01105352816322,68.97839641988809,68.9947280883789,576900
2017-03-31,69.01104974493057,69.03554101761766,69.00288391113281,69.00288391113281,949900
2017-04-03,69.01760368511418,69.06661987304688,69.01760368511418,69.06661987304688,2146600
2017-04-04,69.05025657654784,69.05025657654784,69.0257484898263,69.0420913696289,927100
2017-04-05,69.0339199297276,69.06659945635045,69.00941184300606,69.0420913696289,1177000
2017-04-06,69.03393307072258,69.05844116210938,69.0257616292658,69.05844116210938,500800
2017-04-07,69.04210503162292,69.06661312319412,68.96857452392578,68.96857452392578,504000
2017-04-10,68.99311029348485,69.02578983968435,68.98494508167455,69.00128173828125,605700
2017-04-11,69.03394033676368,69.09112796701322,69.03394033676368,69.06661987304688,560800
2017-04-12,69.08296682115076,69.11564636230469,69.05845872353161,69.11564636230469,576200
2017-04-13,69.10747970096101,69.14833068847656,69.09931448984638,69.14833068847656,969900
2017-04-17,69.1401138305664,69.15645670803224,69.12377718608205,69.1401138305664,727700
2017-04-18,69.1564666677832,69.19731140136719,69.1564666677832,69.19731140136719,905300
2017-04-19,69.1727770202298,69.18911989383695,69.15644037960267,69.16461181640625,968300
2017-04-20,69.14834558294825,69.17285368754236,69.14017413708791,69.1565170288086,668300
2017-04-21,69.17278218620748,69.19729026546851,69.16461698177415,69.18912506103516,589800
2017-04-24,69.10747491876992,69.13198924937421,69.09113826468554,69.11564636230469,1001600
2017-04-25,69.08298014560155,69.09115159071239,69.05030059814453,69.05030059814453,905900
2017-04-26,69.07477569580078,69.09111234375614,69.05026137439353,69.07477569580078,594300
2017-04-27,69.08296131345216,69.13198373776726,69.08296131345216,69.09930419921875,785200
2017-04-28,69.09110704158486,69.1319580078125,69.08293560174286,69.1319580078125,1708200
2017-05-01,69.10091284060432,69.12544514436672,69.07638677439691,69.08456420898438,2918600
2017-05-02,69.08456664533,69.12544758215405,69.08456664533,69.10909271240234,982500
2017-05-03,69.1090572969959,69.1090572969959,69.06000518798828,69.06000518798828,923400
2017-05-04,69.04366430349917,69.06819660052119,69.03549310871176,69.05184173583984,817400
2017-05-05,69.05185943229264,69.07638549804688,69.04368199785628,69.07638549804688,615200
2017-05-08,69.06003315168435,69.06003315168435,69.027329653253,69.0436782836914,633500
2017-05-09,69.01914226459934,69.03549713023341,69.0027936365189,69.01097106933594,802100
2017-05-10,69.04368475257561,69.04368475257561,69.01098748863532,69.02733612060547,665700
2017-05-11,68.99461864477598,69.05184820141277,68.99461864477598,69.0354995727539,545700
2017-05-12,69.08452979186482,69.12541070688076,69.08452979186482,69.11723327636719,470500
2017-05-15,69.09274408020585,69.11727014727819,69.09274408020585,69.10909271240234,751400
2017-05-16,69.1009152775265,69.12544758215405,69.08456664533,69.10909271240234,611900
2017-05-17,69.15810778420308,69.19898869911874,69.14993659126144,69.1826400756836,663200
2017-05-18,69.18268214200275,69.18268214200275,69.14997863769531,69.14997863769531,829100
2017-05-19,69.17449060518551,69.17449060518551,69.13360967374597,69.16631317138672,503800
2017-05-22,69.14997736207273,69.15814855983211,69.14179992675781,69.14179992675781,478000
2017-05-23,69.14993676086956,69.16628538434482,69.09270722237838,69.11723327636719,1060200
2017-05-24,69.12543720096666,69.15813446044922,69.10090490002334,69.15813446044922,1055200
2017-05-25,69.14178583070793,69.16631189409699,69.14178583070793,69.15813446044922,644300
2017-05-26,69.15814983560543,69.1663272710712,69.14180120222954,69.14997863769531,482100
2017-05-30,69.16628393440395,69.1744613647461,69.15810650406182,69.1744613647461,486600
2017-05-31,69.1826400756836,69.19081126862524,69.16628521469659,69.1826400756836,1043200
2017-06-01,69.13685030007237,69.1695785522461,69.13685030007237,69.1695785522461,1191800
2017-06-02,69.19412144871323,69.21866607666016,69.1859378253057,69.21866607666016,1068700
2017-06-05,69.17775182729586,69.17775182729586,69.16138458251953,69.16138458251953,661500
2017-06-06,69.1941348579036,69.20231848289706,69.1777738501936,69.18595123291016,688000
2017-06-07,69.16138458251953,69.17775182729586,69.15320096013136,69.16138458251953,765900
2017-06-08,69.14502716064453,69.16138816399322,69.13684353783258,69.14502716064453,2621000
2017-06-09,69.1205062866211,69.1450509212161,69.11232266099697,69.1205062866211,1255200
2017-06-12,69.10412106400413,69.13684931571187,69.10412106400413,69.1123046875,804700
2017-06-13,69.09593744050825,69.12048831099587,69.09593744050825,69.1123046875,533300
2017-06-14,69.18593279015386,69.21866103912646,69.12865991502063,69.14502716064453,788800
2017-06-15,69.12868366996786,69.12868366996786,69.11232266099697,69.1205062866211,627600
2017-06-16,69.13687537827653,69.16960364232186,69.13687537827653,69.15323638916016,685600
2017-06-19,69.12048831099587,69.128665692216,69.09593744050825,69.1123046875,617700
2017-06-20,69.09595540974873,69.12868366996786,69.09595540974873,69.1205062866211,751400
2017-06-21,69.1040869756926,69.14499883071483,69.1040869756926,69.12863159179688,1073600
2017-06-22,69.1532247166181,69.16959196701714,69.1368637084961,69.1368637084961,542000
2017-06-23,69.16139001712114,69.1777572631836,69.14502901333407,69.1777572631836,679000
2017-06-26,69.1532063940899,69.1777572631836,69.1532063940899,69.1777572631836,1068500
2017-06-27,69.1368637084961,69.14504733369562,69.12050270037409,69.1368637084961,1192500
2017-06-28,69.15321130502132,69.1695785522461,69.14503392368475,69.1695785522461,4031800
2017-06-29,69.12045421461055,69.14499883071483,69.12045421461055,69.12863159179688,565400
2017-06-30,69.15317620790114,69.15317620790114,69.11227059515157,69.12863159179688,825000
2017-07-03,69.12617744740757,69.12617744740757,69.06885914095605,69.0770492553711,968100
2017-07-05,69.0770746888828,69.11801902880642,69.06888457145226,69.10163879394531,3032900
2017-07-06,69.10166175188431,69.1180419921875,69.08528775881237,69.1180419921875,652900
2017-07-07,69.11803814215632,69.13441213431621,69.09346778307017,69.10984802246094,783100
2017-07-10,69.13435749419952,69.14254760742188,69.12616738097717,69.14254760742188,402500
2017-07-11,69.1261851871689,69.16712951660156,69.1261851871689,69.16712951660156,1615500
2017-07-12,69.19987487792969,69.21624885927149,69.17531078230361,69.19987487792969,1069900
2017-07-13,69.1753196319336,69.19169361537014,69.15893940126952,69.16712951660156,532200
2017-07-14,69.22443897355576,69.23262908784004,69.19168476364541,69.19987487792969,1362300
2017-07-17,69.19171774669272,69.21628185402827,69.18352762850428,69.20809173583984,496700
2017-07-18,69.20806892673646,69.22444915771484,69.20806892673646,69.22444915771484,625500
2017-07-19,69.21625904222564,69.22444915771484,69.20806892673646,69.22444915771484,919000
2017-07-20,69.23263927320403,69.24082314146554,69.21625904222564,69.22444915771484,1083200
2017-07-21,69.23267618307445,69.25724029541016,69.23267618307445,69.25724029541016,589600
2017-07-24,69.22445301149627,69.24082699615852,69.22445301149627,69.2326431274414,441000
2017-07-25,69.19987102203105,69.20805488863255,69.1753069277737,69.19168090820312,571600
2017-07-26,69.1917470086926,69.24906536579276,69.1917470086926,69.24087524414062,493400
2017-07-27,69.22444915771484,69.24082314146554,69.21625904222564,69.22444915771484,475400
2017-07-28,69.24083201577588,69.26539611816406,69.23264814646548,69.26539611816406,709100
2017-07-31,69.24086005569902,69.26542416803473,69.24086005569902,69.25724029541016,876400
2017-08-01,69.24162930265672,69.28260803222656,69.24162930265672,69.28260803222656,1314500
2017-08-02,69.24165041320103,69.27443215635621,69.24165041320103,69.24984741210938,994200
2017-08-03,69.27444458007812,69.29083858083493,69.25805683180064,69.27444458007812,1149200
2017-08-04,69.26623515744787,69.27443215635621,69.24984741210938,69.24984741210938,617200
2017-08-07,69.25805683180064,69.27444458007812,69.24985983142224,69.27444458007812,712300
2017-08-08,69.27444458007812,69.27444458007812,69.24166283104384,69.27444458007812,747200
2017-08-09,69.30719882592453,69.33178356482445,69.26622009277344,69.26622009277344,734300
2017-08-10,69.29082489013672,69.31540963393508,69.29082489013672,69.29082489013672,959700
2017-08-11,69.31542557451496,69.38098907470703,69.31542557451496,69.38098907470703,737100
2017-08-14,69.35635961277704,69.36455660887547,69.315387137237,69.32357788085938,405500
2017-08-15,69.29901563641745,69.30721263517626,69.2826278913779,69.29082489013672,432300
2017-08-16,69.27438251610764,69.33994595543693,69.27438251610764,69.33174896240234,655500
2017-08-17,69.33178105517038,69.36456279000926,69.31539331398925,69.34817504882812,581400
2017-08-18,69.38097508036502,69.38916582687729,69.33999633789062,69.33999633789062,674000
2017-08-21,69.34816301683446,69.38094474598567,69.34816301683446,69.35635375976562,928700
2017-08-22,69.35636579318039,69.35636579318039,69.32358405834151,69.34817504882812,1012100
2017-08-23,69.34820770554062,69.41376495361328,69.34820770554062,69.41376495361328,438300
2017-08-24,69.36456279000926,69.36456279000926,69.33178105517038,69.34817504882812,494800
2017-08-25,69.34820272776342,69.37278747558594,69.32361172746181,69.37278747558594,513700
2017-08-28,69.36456279000926,69.37275978683813,69.34817504882812,69.34817504882812,866300
2017-08-29,69.41376457232356,69.41376457232356,69.37279207406314,69.38098907470703,1181800
2017-08-30,69.38092824456369,69.3973159790039,69.36453425764944,69.3973159790039,665700
2017-08-31,69.38911898554679,69.3973159790039,69.37273125110656,69.3973159790039,582500
2017-09-01,69.39080285184419,69.40721080162632,69.34979549298748,69.38259887695312,943600
2017-09-05,69.41540965701343,69.456423274342,69.40721193978725,69.4482192993164,851600
2017-09-06,69.44001007080078,69.45641176033361,69.41539814980399,69.44001007080078,1118700
2017-09-07,69.46461637672166,69.48922204014775,69.44820842923866,69.48101806640625,483000
2017-09-08,69.4728278445189,69.4892357952498,69.45642615158768,69.46463012695312,486800
2017-09-11,69.44003859075336,69.44823630998751,69.3990249633789,69.3990249633789,1052500
2017-09-12,69.39076318454633,69.40717112494883,69.36615753173828,69.36615753173828,1752600
2017-09-13,69.38253479898273,69.38253479898273,69.3497314453125,69.3497314453125,568300
2017-09-14,69.33338841240749,69.36619805458375,69.32518443741357,69.35799407958984,849400
2017-09-15,69.3579291548333,69.3579291548333,69.32511954336954,69.3497314453125,581600
2017-09-18,69.30879974365234,69.3334054168694,69.30879974365234,69.30879974365234,621600
2017-09-19,69.32517617080686,69.33338014482248,69.30877448057421,69.31697845458984,433300
2017-09-20,69.34155004021997,69.3497540102037,69.25952911376953,69.25952911376953,830900
2017-09-21,69.26776972989614,69.29238165509173,69.2431640625,69.2431640625,949800
2017-09-22,69.2841347659251,69.30874041808069,69.25952911376953,69.25952911376953,529800
2017-09-25,69.28415068222432,69.32515802597217,69.27594671035595,69.30055236816406,587700
2017-09-26,69.30055848670425,69.30876245929694,69.2841567993164,69.2841567993164,922400
2017-09-27,69.25953825706912,69.27593994140625,69.25953825706912,69.27593994140625,462400
2017-09-28,69.2841567993164,69.30055848670425,69.267748854131,69.2841567993164,290800
2017-09-29,69.29238078474972,69.30878247687467,69.2431631927762,69.26776885986328,880700
2017-10-02,69.27019785872747,69.3194580078125,69.22915504156863,69.3194580078125,1087400
2017-10-03,69.2620188730769,69.29485689697168,69.24559672952319,69.27843475341797,1170200
2017-10-04,69.27018118096815,69.40974426269531,69.24555424396007,69.40974426269531,1180600
2017-10-05,69.25382811038551,69.27024399554064,69.23740596201591,69.26203918457031,2329400
2017-10-06,69.20454922298063,69.26201419511216,69.19633815175835,69.23738098144531,699200
2017-10-09,69.27843007434448,69.30305702479912,69.22917617343525,69.23738098144531,504000
2017-10-10,69.229164862651,69.27020768563231,69.229164862651,69.25379180908203,700800
2017-10-11,69.23737151046731,69.25379365066549,69.2209556334805,69.2455825805664,1205200
2017-10-12,69.22917617343525,69.25380312388987,69.22917617343525,69.23738098144531,1248900
2017-10-13,69.2620188730769,69.27843475341797,69.24559672952319,69.27843475341797,667800
2017-10-16,69.23739551030987,69.25381765620047,69.20456374495573,69.2127685546875,586700
2017-10-17,69.19636608159735,69.22099304199219,69.19636608159735,69.22099304199219,818800
2017-10-18,69.17172314295009,69.20456117029607,69.16351207031026,69.19635009765625,500100
2017-10-19,69.2127540309907,69.24559205266759,69.20454922298063,69.23738098144531,524300
2017-10-20,69.20456117029607,69.22097705236241,69.1799279523766,69.19635009765625,437100
2017-10-23,69.19635009765625,69.22097705236241,69.19635009765625,69.19635009765625,582200
2017-10-24,69.20451906719076,69.20451906719076,69.17988586425781,69.17988586425781,2554600
2017-10-25,69.16349029541016,69.20453938247238,69.16349029541016,69.16349029541016,1726900
2017-10-26,69.17990617230825,69.19632831241766,69.15527922535544,69.16349029541016,553700
2017-10-27,69.16351464344275,69.2209796276328,69.15530357049745,69.2127685546875,698100
2017-10-30,69.23737151046731,69.2455825805664,69.20453975649369,69.2455825805664,432400
2017-10-31,69.24560979576995,69.24560979576995,69.18814480891393,69.2045669555664,626100
2017-11-01,69.16178032646165,69.19464874267578,69.16178032646165,69.19464874267578,840300
2017-11-02,69.21109771728516,69.21931012096188,69.17001062285982,69.21109771728516,1821000
2017-11-03,69.23575791052164,69.23575791052164,69.1700210571289,69.1700210571289,1300400
2017-11-06,69.17822929554698,69.21109771728516,69.17822929554698,69.21109771728516,947400
2017-11-07,69.21115213898935,69.21115213898935,69.17828369140625,69.17828369140625,747300
2017-11-08,69.1700210571289,69.20288948382527,69.16180238320197,69.1700210571289,726500
2017-11-09,69.17003050366264,69.20289893484784,69.15359942257616,69.16181182861328,769200
2017-11-10,69.19468707726541,69.19468707726541,69.13716888427734,69.13716888427734,619300
2017-11-13,69.15361568670862,69.16182809467719,69.12895965576172,69.12895965576172,632800
2017-11-14,69.12894076332059,69.14537811279297,69.12072835759639,69.14537811279297,2678000
2017-11-15,69.17004231854405,69.17004231854405,69.11252412139838,69.12074279785156,3981000
2017-11-16,69.10430989382854,69.12895965576172,69.08787880887766,69.12895965576172,3046700
2017-11-17,69.13715198310462,69.13715198310462,69.08785247802734,69.08785247802734,1339800
2017-11-20,69.11254721783176,69.11254721783176,69.06324768066406,69.06324768066406,557600
2017-11-21,69.07964424922952,69.07964424922952,69.03855714277842,69.0467758178711,584500
2017-11-22,69.08785511453198,69.12072354217491,69.07141776620472,69.10428619384766,900900
2017-11-24,69.15359196981784,69.15359196981784,69.08785511453198,69.10428619384766,626000
2017-11-27,69.09606751968403,69.12072354217491,69.07963644036835,69.10428619384766,1079000
2017-11-28,69.12894176185006,69.12894176185006,69.08786092559971,69.11251068115234,564300
2017-11-29,69.0878798160328,69.0960922241211,69.06323005374027,69.0960922241211,670600
2017-11-30,69.11249559039322,69.11249559039322,69.03854007087148,69.05497741699219,1010700
2017-12-01,69.07061767578125,69.11996357082124,69.02126550583091,69.07061767578125,1133000
2017-12-04,69.06240222887043,69.06240222887043,69.01305632599897,69.02950286865234,2441200
2017-12-05,69.05420064157498,69.05420064157498,68.99662830922685,69.02130126953125,1422200
2017-12-06,69.11173337113507,69.11173337113507,69.03771453263656,69.05416107177734,1175600
2017-12-07,69.07062722648539,69.07062722648539,69.03772786693946,69.0624008178711,1168200
2017-12-08,69.07884736018845,69.08707376880272,69.05417440925682,69.0624008178711,923000
2017-12-11,69.07062863765277,69.07062863765277,69.02127645986998,69.02950286865234,2432000
2017-12-12,69.02950286865234,69.0377292774347,69.00482991721663,69.02950286865234,992500
2017-12-13,69.08708433895544,69.1446566582414,69.02951201966945,69.10353088378906,1112400
2017-12-14,69.0870990922937,69.0870990922937,69.04597330905906,69.07887268066406,1471900
2017-12-15,69.05417825233383,69.05417825233383,69.01305875679643,69.04595184326172,983800
2017-12-18,69.05417825233383,69.06240466140595,69.02950530002907,69.04595184326172,664900
2017-12-19,69.0377192124871,69.0377192124871,69.0048198570654,69.01304626464844,760000
2017-12-20,69.01308113270552,69.03775409300992,69.00485472096618,69.02130126953125,840100
2017-12-21,69.03276899347188,69.03276899347188,68.99983903875469,69.01630401611328,964500
2017-12-22,68.99987381739653,69.01633880305413,68.99163818359375,68.99163818359375,1050900
2017-12-26,68.97515517570447,69.00809142336155,68.97515517570447,68.98339080810547,1185500
2017-12-27,68.99983903875469,69.01630401611328,68.99160340910298,69.01630401611328,1122300
2017-12-28,69.008110639791,69.03281126192537,68.99988128704531,69.02458190917969,1108200
2017-12-29,69.04928940748712,69.0575250430016,69.03281813645818,69.04105377197266,1210700
2018-01-02,69.04100462312358,69.04100462312358,68.99160340910298,69.01630401611328,1786000
2018-01-03,69.00806838646157,69.03276899347188,68.99160340910298,69.01630401611328,1040900
2018-01-04,68.97515517570447,68.99986207290746,68.95869019284939,68.98339080810547,955400
2018-01-05,68.97515517570447,68.99162644050647,68.96692582525039,68.98339080810547,850600
2018-01-08,68.99986207290746,68.99986207290746,68.96692582525039,68.98339080810547,597700
2018-01-09,68.99986634061241,68.99986634061241,68.95869445800781,68.95869445800781,1551100
2018-01-10,68.98339080810547,68.98339080810547,68.95045456044839,68.98339080810547,789500
2018-01-11,68.97515944188127,68.99163070770203,68.95869445800781,68.95869445800781,1047900
2018-01-12,68.9999233033736,68.9999233033736,68.93405074960421,68.95051574707031,905000
2018-01-16,68.88458573448769,68.95868757744546,68.88458573448769,68.94222259521484,2707400
2018-01-17,68.93397461816114,68.93397461816114,68.90103837765159,68.9175033569336,2950800
2018-01-18,68.90104675292969,68.9175117342131,68.88458177164628,68.90104675292969,1090700
2018-01-19,68.91748458647304,68.92572021484375,68.88455463687788,68.92572021484375,1052000
2018-01-22,68.90103500765237,68.90103500765237,68.87633439896472,68.8927993774414,973500
2018-01-23,68.9010694819266,68.93400573730469,68.9010694819266,68.93400573730469,885600
2018-01-24,68.92573898754736,68.92573898754736,68.89280274703782,68.9175033569336,865700
2018-01-25,68.90928238454455,68.9175117342131,68.86811050841656,68.90104675292969,757200
2018-01-26,68.92577394264843,68.92577394264843,68.85167207538099,68.85990142822266,990600
2018-01-29,68.8434483437339,68.85168397994825,68.81874771704064,68.83521270751953,1440100
2018-01-30,68.87640398457637,68.87640398457637,68.82699643533954,68.84346771240234,1708600
2018-01-31,68.86816834604497,68.86816834604497,68.80229580169691,68.84346771240234,2078700
2018-02-01,68.84013285337818,68.84837696753765,68.79892485941409,68.8154067993164,2243800
2018-02-02,68.80714935141903,68.84011322182316,68.77417919260009,68.8236312866211,1825500
2018-02-05,68.78239961382403,68.97197640696567,68.78239961382403,68.94725036621094,2019800
2018-02-06,68.83187785806928,68.94727027385159,68.83187785806928,68.89781188964844,2386700
2018-02-07,68.84009878542824,68.88955715749218,68.815372743603,68.84834289550781,2054000
2018-02-08,68.84837667444985,68.88134684253073,68.80716868066118,68.85662078857422,1178600
2018-02-09,68.85663329629075,68.98850770415252,68.84014506504695,68.9143295288086,3159900
2018-02-12,68.89779907139649,68.89779907139649,68.85659109537802,68.88131713867188,1592800
2018-02-13,68.86483520594726,68.88131713867188,68.8483469848088,68.88131713867188,1292800
2018-02-14,68.8236392021253,68.8236392021253,68.76594298966015,68.78242492675781,953400
2018-02-15,68.77417865317504,68.79066058824785,68.74120849461471,68.7576904296875,1452800
2018-02-16,68.71650421579922,68.7989264941024,68.71650421579922,68.77420043945312,728400
2018-02-20,68.74948637958435,68.77421243854761,68.74948637958435,68.7659683227539,1448400
2018-02-21,68.76595632509779,68.78243826539172,68.72474204173783,68.77420043945312,1540700
2018-02-22,68.78242492675781,68.79066903951441,68.74946105256247,68.78242492675781,839300
2018-02-23,68.79888153076172,68.82360756925135,68.78239331282687,68.79888153076172,753800
2018-02-26,68.83190073873052,68.85662679484386,68.80717468261719,68.80717468261719,1445800
2018-02-27,68.84835679362475,68.84835679362475,68.74945260635849,68.7576904296875,852300
2018-02-28,68.78243826539172,68.7989264941024,68.76595632509779,68.77420043945312,3721300
2018-03-01,68.80391044262795,68.88641777094293,68.77915887362403,68.86991882324219,2049900
2018-03-02,68.85339011639455,68.85339011639455,68.81213961374746,68.8368911743164,1716600
2018-03-05,68.85339011639455,68.86989535337618,68.81213961374746,68.8368911743164,1112200
2018-03-06,68.83689536642275,68.85339430950565,68.81214380434645,68.82039642333984,737300
2018-03-07,68.82864274742936,68.85339430950565,68.81214380434645,68.82039642333984,1231000
2018-03-08,68.82863855582559,68.84514379280722,68.82039223223828,68.8368911743164,608900
2018-03-09,68.80390167236328,68.83690585846344,68.79564905211203,68.80390167236328,669000
2018-03-12,68.8368911743164,68.84514379280722,68.80388699525663,68.8368911743164,1281200
2018-03-13,68.8533706665039,68.8698758988231,68.83687172908644,68.8533706665039,609900
2018-03-14,68.82865619677632,68.88641195120798,68.81215725046945,68.84516143798828,1525800
2018-03-15,68.83687172908644,68.8698758988231,68.82861911292684,68.8533706665039,1106600
2018-03-16,68.85339430950565,68.85339430950565,68.82039642333984,68.82039642333984,878500
2018-03-19,68.81214380434645,68.85339430950565,68.80389118535305,68.82039642333984,834900
2018-03-20,68.8038687662067,68.81212138251105,68.77911721219547,68.79561614990234,1074700
2018-03-21,68.77090044234465,68.85340776368915,68.7544014960378,68.84516143798828,2404500
2018-03-22,68.84516201093697,68.9029177658493,68.84516201093697,68.87816619873047,1954900
2018-03-23,68.87814674913272,68.91114463270321,68.8616415124441,68.89464569091797,1202800
2018-03-26,68.87813853550166,68.89463747531943,68.85338068342105,68.86163330078125,1729400
2018-03-27,68.8616220768182,68.92763041513564,68.8616220768182,68.91112518310547,1732600
2018-03-28,68.92764806490561,68.95239962438718,68.88639126916749,68.91939544677734,1899300
2018-03-29,68.8946344610521,68.94413757324219,68.8946344610521,68.94413757324219,2998600
2018-04-02,68.93094027647005,68.99702298036588,68.9061608380075,68.96398162841797,3047700
2018-04-03,68.94743202240723,68.95569393204835,68.90612877619223,68.930908203125,3418600
2018-04-04,68.94746923221157,68.94746923221157,68.8896484375,68.8896484375,1717600
2018-04-05,68.8896409228615,68.91442036046432,68.8896409228615,68.90615844726562,1109600
2018-04-06,68.94746410344077,68.96398162841797,68.9226846649782,68.96398162841797,1097400
2018-04-09,68.92269289703535,68.95573425292969,68.91443098256319,68.95573425292969,1738000
2018-04-10,68.91443705940868,68.93921650301593,68.89791953100215,68.92269897460938,1218500
2018-04-11,68.92269897460938,68.93921650301593,68.906175144208,68.92269897460938,985600
2018-04-12,68.89787910635083,68.89787910635083,68.87309337529138,68.88135528564453,791100
2018-04-13,68.86487579345703,68.88139332129303,68.85661387854172,68.86487579345703,1040900
2018-04-16,68.8483436158716,68.86486744369871,68.83182609003832,68.85660552978516,1155900
2018-04-17,68.8483436158716,68.85660552978516,68.83182609003832,68.85660552978516,892300
2018-04-18,68.80703663194889,68.8152922426666,68.79051280652766,68.79877471923828,971700
2018-04-19,68.80703663194889,68.8152922426666,68.78225089381705,68.79877471923828,1410800
2018-04-20,68.78225768672833,68.79878151378145,68.76574016166876,68.77400207519531,904800
2018-04-23,68.77397846342441,68.77397846342441,68.74093712265561,68.76571655273438,1861100
2018-04-24,68.74094486716898,68.78224182128906,68.73268295554813,68.78224182128906,1999400
2018-04-25,68.74922263660918,68.78225768672833,68.74922263660918,68.77400207519531,2176400
2018-04-26,68.79878925820657,68.79878925820657,68.76574790237453,68.79052734375,2538700
2018-04-27,68.78226686841639,68.80705261230469,68.78226686841639,68.80705261230469,1443700
2018-04-30,68.79050373290991,68.80702755615161,68.78224182128906,68.78224182128906,1944700
2018-05-01,68.78471495125586,68.79298709391142,68.75163269042969,68.75163269042969,2027800
2018-05-02,68.76820185337534,68.78473983487318,68.75165756207913,68.77647399902344,1688600
2018-05-03,68.8095741721211,68.83439061779687,68.8095741721211,68.82611846923828,2961500
2018-05-04,68.8260720209872,68.84260999714292,68.79298975887944,68.80126190185547,1348100
2018-05-07,68.81779987801117,68.8260720209872,68.80126190185547,68.80126190185547,7560400
2018-05-08,68.80125870333738,68.80952453613281,68.79298656074593,68.80952453613281,9734900
2018-05-09,68.78473983487318,68.79301198052129,68.77647399902344,68.77647399902344,1009600
2018-05-10,68.80128412616938,68.80954996201912,68.77647399902344,68.77647399902344,937900
2018-05-11,68.79301198052129,68.79301198052129,68.77647399902344,68.77647399902344,710200
2018-05-14,68.78473983487318,68.78473983487318,68.76820185337534,68.77647399902344,1024700
2018-05-15,68.74338719637254,68.75992517678061,68.71857076106352,68.73511505126953,1087000
2018-05-16,68.73511505126953,68.74338719637254,68.72684290616652,68.73511505126953,704700
2018-05-17,68.75990483308524,68.75990483308524,68.7433668575702,68.75163269042969,1015700
2018-05-18,68.79300877856386,68.80954675929195,68.78473663330078,68.78473663330078,922800
2018-05-21,68.77647079783577,68.78473663330078,68.76819865257269,68.78473663330078,1286500
2018-05-22,68.77647079783577,68.79300877856386,68.76819865257269,68.78473663330078,793000
2018-05-23,68.8095690851994,68.86746150122853,68.80130324705247,68.8426513671875,1179600
2018-05-24,68.89224431187735,68.91705443380609,68.88397216796875,68.88397216796875,1384800
2018-05-25,68.93361475526564,68.95842488523607,68.93361475526564,68.94188690185547,611800
2018-05-29,68.99975544738452,69.17343260691689,68.99975544738452,69.14035034179688,2137500
2018-05-30,69.09074523623525,69.09074523623525,69.0328528370407,69.05766296386719,1674700
2018-05-31,69.04939203644385,69.05766418213136,68.99977178191553,69.02458190917969,5749300
2018-06-01,68.97988805070597,68.99645736500854,68.95504039859397,68.97160339355469,3230600
2018-06-04,68.94669887128985,68.96326817192536,68.91356658935547,68.91356658935547,1146300
2018-06-05,68.94675532092658,68.98817228708855,68.92190766896613,68.95503997802734,16965800
2018-06-06,68.93014526367188,68.94670824722311,68.9218606122275,68.93014526367188,4984700
2018-06-07,68.92182684979242,69.02950198847289,68.92182684979242,68.99637603759766,4351000
2018-06-08,68.97985076904297,69.00469840772553,68.96328778303408,68.97985076904297,2376000
2018-06-11,68.93847698316763,68.96332463512809,68.92190766896613,68.95503997802734,3759000
2018-06-12,68.92186737060547,68.93843667511896,68.92186737060547,68.92186737060547,3024700
2018-06-13,68.92188809799285,68.93845740748935,68.86390815343509,68.88875579833984,2351600
2018-06-14,68.90528825837434,68.92185123967323,68.8970036080566,68.91356658935547,1737400
2018-06-15,68.94673156738281,68.97157921078275,68.93845323247591,68.94673156738281,2663700
2018-06-18,68.94671042071003,68.9632797241211,68.93843208834218,68.9632797241211,1027000
2018-06-19,68.9963904230391,68.9963904230391,68.97153647569915,68.98810577392578,2348500
2018-06-20,68.9798876299878,68.98817228708855,68.94675532092658,68.95503997802734,1369300
2018-06-21,68.96324376738805,69.00465436564927,68.96324376738805,68.99637603759766,825200
2018-06-22,68.99639848810239,69.00467681884766,68.97982918793895,69.00467681884766,1154300
2018-06-25,69.01297803082319,69.03782566769489,69.0046933787533,69.029541015625,721300
2018-06-26,69.029541015625,69.03782566769489,69.01297803082319,69.029541015625,3127700
2018-06-27,69.0626992315387,69.0792685418988,69.0378515853389,69.07098388671875,4012200
2018-06-28,69.08755319707885,69.08755319707885,69.04613624051895,69.07098388671875,1050000
2018-06-29,69.04612818758308,69.06269117667108,69.03784353336928,69.05441284179688,4904600
2018-07-02,69.0709832433741,69.0709832433741,69.02120403093458,69.04609680175781,3517800
2018-07-03,69.04609744487065,69.07098388671875,69.02950226416726,69.07098388671875,1330300
2018-07-05,69.06273651123047,69.07932537478848,69.03785005128766,69.06273651123047,1892600
2018-07-06,69.07931518554688,69.07931518554688,69.06272632443573,69.07931518554688,3113200
2018-07-09,69.0544001335385,69.06269772526332,69.03781127929688,69.03781127929688,1378700
2018-07-10,69.04609041827236,69.04609041827236,69.02119764975055,69.02949523925781,2161800
2018-07-11,69.04611394927574,69.05440521240234,69.02122117227043,69.05440521240234,953300
2018-07-12,69.029501621209,69.04609680175781,69.02120403093458,69.04609680175781,1299000
2018-07-13,69.06273651123047,69.07103410761526,69.04614764767246,69.06273651123047,1241400
2018-07-16,69.0377992114834,69.04609680175781,69.02120403093458,69.04609680175781,1530600
2018-07-17,69.0544001335385,69.0544001335385,69.02951368757205,69.03781127929688,2830600
2018-07-18,69.04609041827236,69.04609041827236,69.02119764975055,69.02949523925781,972800
2018-07-19,69.02955245490287,69.09592056755807,69.02955245490287,69.06273651123047,1185300
2018-07-20,69.08762297117327,69.09592056755807,69.05443891484568,69.06273651123047,1730800
2018-07-23,69.05438611835864,69.06268370839939,69.02120208740234,69.02120208740234,1083100
2018-07-24,69.02949523925781,69.02949523925781,69.00460879994233,69.02949523925781,1563400
2018-07-25,69.02947932908738,69.03777691668219,69.00459289550781,69.00459289550781,682800
2018-07-26,69.02118174149255,69.02947932908738,68.97970646192825,69.00459289550781,2208500
2018-07-27,69.01288604736328,69.0294748922818,69.00458846030179,69.01288604736328,1425300
2018-07-30,69.01288604736328,69.0211773052203,69.00458846030179,69.01288604736328,4199600
2018-07-31,69.0294748922818,69.0294748922818,69.01288604736328,69.01288604736328,2525700
2018-08-01,69.01127198597855,69.0278884064813,69.00296060586444,69.01957702636719,9125200
2018-08-02,69.04448106629303,69.06110382080078,69.03617602876247,69.06110382080078,1911300
2018-08-03,69.05278947765153,69.08602864551605,69.05278947765153,69.06941223144531,1371200
2018-08-06,69.09435569030502,69.09435569030502,69.07773293274185,69.08604431152344,1148200
2018-08-07,69.07772023558522,69.07772023558522,69.04448106629303,69.06110382080078,927500
2018-08-08,69.07771726861917,69.07771726861917,69.06110085454843,69.06941223144531,1438200
2018-08-09,69.08607225433248,69.11100006103516,69.08607225433248,69.11100006103516,660700
2018-08-10,69.1525471701312,69.18578635731309,69.14423578840403,69.17747497558594,1496600
2018-08-13,69.15252388718449,69.1774516842463,69.14421250825568,69.16083526611328,1577400
2018-08-14,69.16083526611328,69.16083526611328,69.14421250825568,69.16083526611328,1285500
2018-08-15,69.17746774548954,69.21070692919744,69.16085132349862,69.19408416748047,775000
2018-08-16,69.17747497558594,69.19409139931354,69.16085855185835,69.17747497558594,988000
2018-08-17,69.19402779827568,69.21065054645088,69.18572276390898,69.20233917236328,783400
2018-08-20,69.22728898969791,69.24391174316406,69.21067257595467,69.24391174316406,761700
2018-08-21,69.21067087914462,69.22728729248047,69.21067087914462,69.22728729248047,1449900
2018-08-22,69.23560036643099,69.25221678017424,69.22728898969791,69.24391174316406,609800
2018-08-23,69.24392233991907,69.2522273782002,69.22729958390906,69.23561096191406,702700
2018-08-24,69.21067257595467,69.24391174316406,69.21067257595467,69.24391174316406,2277200
2018-08-27,69.2106598772333,69.22727628792776,69.2106598772333,69.2189712524414,952800
2018-08-28,69.19408416748047,69.21070692919744,69.18577912634804,69.19408416748047,931800
2018-08-29,69.20236928433692,69.20236928433692,69.16913011324411,69.18575286865234,582200
2018-08-30,69.20237178961791,69.23561096191406,69.20237178961791,69.23561096191406,1657100
2018-08-31,69.25226593017578,69.26057731280764,69.24396088727133,69.25226593017578,4047500
2018-09-04,69.24471490014943,69.26136382075221,69.21142975834937,69.23639678955078,1358700
2018-09-05,69.23639678955078,69.24471490014943,69.219747868948,69.23639678955078,846300
2018-09-06,69.25307385098242,69.2863653590656,69.24474938653515,69.26139831542969,5085900
2018-09-07,69.21977679594269,69.21977679594269,69.18648529052734,69.18648529052734,835500
2018-09-10,69.19482421875,69.20314868427033,69.18649975322967,69.19482421875,623800
2018-09-11,69.15322875976562,69.16987769574631,69.13658617349357,69.15322875976562,763700
2018-09-12,69.16987769574631,69.16987769574631,69.13658617349357,69.15322875976562,687600
2018-09-13,69.16153717041016,69.16986163646779,69.14489458800203,69.16153717041016,687200
2018-09-14,69.11990069798051,69.14486773675074,69.11990069798051,69.13654327392578,718500
2018-09-17,69.12822930823106,69.14487823640913,69.11991119384766,69.11991119384766,2312900
2018-09-18,69.13655456726262,69.13655456726262,69.09493859604456,69.11158752441406,860400
2018-09-19,69.09494018554688,69.10326464992313,69.07829760650021,69.09494018554688,659800
2018-09-20,69.07829522310811,69.11991119384766,69.07829522310811,69.11991119384766,945300
2018-09-21,69.103271484375,69.1282385302672,69.09494701917544,69.103271484375,1873300
2018-09-24,69.103271484375,69.1282385302672,69.09494701917544,69.103271484375,777100
2018-09-25,69.09493859604456,69.11158752441406,69.08662048156552,69.11158752441406,1217500
2018-09-26,69.10326226566958,69.1365537723201,69.10326226566958,69.11991119384766,1325900
2018-09-27,69.1365537723201,69.1365537723201,69.11991119384766,69.11991119384766,901900
2018-09-28,69.15322875976562,69.16987769574631,69.15322875976562,69.15322875976562,2340300
2018-10-01,69.15903385019807,69.16737206241807,69.13402557373047,69.13402557373047,3392500
2018-10-02,69.15069651667795,69.18404300578929,69.15069651667795,69.1590347290039,3058600
2018-10-03,69.1423935947155,69.15906366614993,69.10070887583672,69.12571716308594,1468200
2018-10-04,69.08404627547596,69.10905456542969,69.08404627547596,69.10905456542969,1245400
2018-10-05,69.09234690668073,69.1006851196289,69.07567684097731,69.1006851196289,1692100
2018-10-08,69.10067732700709,69.12568560283844,69.0840072631836,69.0840072631836,1601900
2018-10-09,69.10905456542969,69.11739278214621,69.09237813199665,69.10905456542969,2939000
2018-10-10,69.08403880440228,69.13405537890071,69.08403880440228,69.12571716308594,1956800
2018-10-11,69.15903401302089,69.192380501787,69.1340257364944,69.15069580078125,2116100
2018-10-12,69.17571043750014,69.20071871402664,69.15069580078125,69.15069580078125,2273900
2018-10-15,69.18404443775515,69.18404443775515,69.15903616045215,69.17571258544922,1770500
2018-10-16,69.16737222526051,69.16737222526051,69.14236394873403,69.15069580078125,2148800
2018-10-17,69.16737222526051,69.18404228954738,69.12568752425477,69.15069580078125,1607400
2018-10-18,69.13403566821873,69.20072865533201,69.12569745478125,69.19239044189453,1329400
2018-10-19,69.18404228954738,69.18404228954738,69.14236394873403,69.15069580078125,4100700
2018-10-22,69.14236378595047,69.16737206241807,69.13402557373047,69.13402557373047,2028000
2018-10-23,69.21739092755669,69.23406735255378,69.17571258544922,69.17571258544922,2864700
2018-10-24,69.20904931695343,69.2840805053711,69.20904931695343,69.2840805053711,2957300
2018-10-25,69.2673803109517,69.27571852017944,69.24237204345857,69.25904846191406,2679900
2018-10-26,69.30907368390565,69.35075837507891,69.29240362355088,69.30073547363281,3797300
2018-10-29,69.28409806506073,69.33411462988742,69.27575985085832,69.3257827758789,4785400
2018-10-30,69.30074365526481,69.30074365526481,69.2673971704275,69.29241180419922,5203700
2018-10-31,69.25071025268632,69.27571852017944,69.23404019442093,69.25904846191406,12635800
2018-11-01,69.2807948254999,69.3058471313873,69.26409541203833,69.29750061035156,3623600
2018-11-02,69.25574735146495,69.26410024447355,69.2139892578125,69.2139892578125,3723800
2018-11-05,69.2474059712479,69.2474059712479,69.22235365944755,69.23905944824219,2361000
2018-11-06,69.21396766623774,69.2306734470435,69.20562114722341,69.22232055664062,4431500
2018-11-07,69.20563377571617,69.21398029625354,69.18892799186196,69.19728088378906,1675000
2018-11-08,69.21395610422891,69.21395610422891,69.17220440196614,69.18890380859375,1332800
2018-11-09,69.19726825682054,69.2473728564607,69.19726825682054,69.22232055664062,1229500
2018-11-12,69.24737049156283,69.2974814608802,69.24737049156283,69.27242279052734,994300
2018-11-13,69.27242408726508,69.29748275808703,69.27242408726508,69.28077697753906,2990100
2018-11-14,69.28911225465694,69.37262202200334,69.28075936650626,69.33086395263672,3329800
2018-11-15,69.38935589437654,69.4060616789761,69.34760417565762,69.36430358886719,1952400
2018-11-16,69.41437530517578,69.43107470893888,69.39766953002628,69.41437530517578,1293200
2018-11-19,69.41438950265639,69.48119350275876,69.4060366133732,69.47284698486328,1547700
2018-11-20,69.46452202105911,69.48122143495111,69.4478226071671,69.45616912841797,2307600
2018-11-21,69.46452202105911,69.46452202105911,69.43946971452596,69.45616912841797,9309900
2018-11-23,69.48124300535962,69.48124300535962,69.43949127197266,69.43949127197266,1666200
2018-11-26,69.4395001920716,69.4478530883789,69.42279439945703,69.4478530883789,1764000
2018-11-27,69.43946971452596,69.46452202105911,69.43111682188481,69.45616912841797,1555200
2018-11-28,69.44778710237686,69.49789168982748,69.43108132563533,69.48118591308594,2986100
2018-11-29,69.51463948045463,69.52299237463939,69.48123427510706,69.49794006347656,2217300
2018-11-30,69.49795793630071,69.53970967517891,69.48960503996784,69.52301025390625,4712700
2018-12-03,69.48279239244077,69.50788749255128,69.466064453125,69.466064453125,2828800
2018-12-04,69.49117839162162,69.5497357685117,69.49117839162162,69.51627349853516,4062000
2018-12-06,69.6166379183941,69.68356243682294,69.58317565917969,69.58317565917969,4012200
2018-12-07,69.59153676468631,69.66682205466348,69.58316960504236,69.65845489501953,2079300
2018-12-10,69.65009411764838,69.70865147061045,69.63335979836047,69.65845489501953,9725100
2018-12-11,69.62500736529381,69.65010246496043,69.58317794433374,69.59154510498047,5675500
2018-12-12,69.58317565917969,69.60827075802216,69.58317565917969,69.58317565917969,4565500
2018-12-13,69.6249979823286,69.65009307861328,69.61663082280946,69.65009307861328,7531900
2018-12-14,69.65847041446447,69.70029983973076,69.65010963523059,69.69193267822266,4449200
2018-12-17,69.70032322957559,69.75888061523438,69.68359528322009,69.75888061523438,5815300
2018-12-18,69.76640141292268,69.80829061839748,69.74964956557,69.79991149902344,6567000
2018-12-19,69.81668090820312,69.85019100273307,69.75803984062496,69.81668090820312,12278900
2018-12-20,69.82505568353159,69.83343480449179,69.79154559108741,69.80830383300781,7297300
2018-12-21,69.8083348364674,69.85859680175781,69.79995571178584,69.85859680175781,5548800
2018-12-24,69.86692862049905,69.91719055175781,69.86692862049905,69.91719055175781,4049100
2018-12-26,69.93396763885633,69.95909861125918,69.85018920898438,69.85018920898438,6207700
2018-12-27,69.91719613667019,69.98421631129877,69.91719613667019,69.92557525634766,4207700
2018-12-28,69.9591016186577,70.02611541748047,69.95072249703094,70.02611541748047,6740100
2018-12-31,70.00933455550394,70.0931065628672,69.99258271058908,70.05122375488281,4892300
2019-01-02,70.05963134765625,70.06801046998089,70.03450037207999,70.05963134765625,5380200
2019-01-03,70.06797840752496,70.23552242896524,70.05959928903452,70.20201873779297,5284600
2019-01-04,70.0931065628672,70.10148568102188,70.05122375488281,70.05122375488281,5969500
2019-01-07,70.07637586585736,70.09312771582765,70.0009765625,70.0009765625,3632600
2019-01-08,69.97585066710326,70.00098163957962,69.95071969462688,69.95909881591797,2061600
2019-01-09,69.95910464953202,70.01774572066569,69.95910464953202,69.99261474609375,4161900
2019-01-10,70.04286577452035,70.05961762449066,69.99260383321305,70.0009765625,4037300
2019-01-11,70.0428466796875,70.05959852509098,70.03446756128844,70.0428466796875,2057100
2019-01-14,70.05959852509098,70.0763567618891,69.89205450547762,70.0428466796875,1872800
2019-01-15,70.0763799146245,70.08475903579196,70.0428698213514,70.06800079345703,3311300
2019-01-16,70.03446551857347,70.05959648164301,70.0177136736586,70.05122375488281,3262200
2019-01-17,70.05122579808656,70.05959852509098,70.01771571588496,70.0428466796875,2507700
2019-01-18,70.01769433710656,70.02606706155449,69.96742603345545,69.98418426513672,4135300
2019-01-22,70.01771571588496,70.0428466796875,70.0093365974859,70.0428466796875,4049800
2019-01-23,70.01774268725082,70.05125278236076,70.00098444399728,70.02611541748047,7921700
2019-01-24,70.07635293772226,70.10148390015337,70.05959470183865,70.08473205566406,2013000
2019-01-25,70.05964636182135,70.06802548594167,70.02613625673904,70.03451538085938,1603500
2019-01-28,70.03446756128844,70.06797764349004,70.02608844288937,70.0428466796875,5781000
2019-01-29,70.05958911652661,70.08472646834802,70.05958911652661,70.07634735107422,4065700
2019-01-30,70.07638216358609,70.16853332519531,70.05962392071332,70.16853332519531,3635000
2019-01-31,70.19367038370326,70.24393233388516,70.19367038370326,70.22718048095703,7267100
2019-02-01,70.19527359004596,70.2120622723584,70.1449203491211,70.1449203491211,7391200
2019-02-04,70.15330828727109,70.1617026284273,70.12813166680866,70.1449203491211,9052500
2019-02-05,70.13652600796487,70.17009696958353,70.13652600796487,70.1449203491211,3074100
2019-02-06,70.18686236240144,70.19525670153804,70.16168574799633,70.17847442626953,2689800
2019-02-07,70.22043409094654,70.24561070562952,70.2036518154928,70.22882843017578,2483100
2019-02-08,70.27083989798636,70.28762218446766,70.2540512084961,70.2540512084961,2459500
2019-02-11,70.22882843017578,70.24561070562952,70.22043409094654,70.22882843017578,3230700
2019-02-12,70.22882280535379,70.23721714391071,70.2120405312442,70.22042846679688,2366000
2019-02-13,70.17848406196886,70.20366067983079,70.17008972167969,70.17008972167969,3539200
2019-02-14,70.25401105556037,70.27079973545524,70.22044009877594,70.26240539550781,5773800
2019-02-15,70.24561070562952,70.24561070562952,70.22882843017578,70.22882843017578,3556400
2019-02-19,70.26242304116136,70.27920532226562,70.24563435705019,70.27920532226562,8248500
2019-02-20,70.2707748413086,70.29595144922654,70.25398616736129,70.2707748413086,2679800
2019-02-21,70.25401506796592,70.25401506796592,70.23723279011787,70.24562072753906,2136700
2019-02-22,70.26241902693691,70.31277227037982,70.26241902693691,70.29598999023438,2640800
2019-02-25,70.27076198261496,70.28754425048828,70.25397331173977,70.28754425048828,2964300
2019-02-26,70.30436305379858,70.32115173339844,70.28758077720393,70.32115173339844,4570700
2019-02-27,70.29600964209344,70.30439758300781,70.27083301333363,70.30439758300781,2463500
2019-02-28,70.28754425048828,70.29593858592588,70.26236764717736,70.28754425048828,4136600
2019-03-01,70.25726881040299,70.26567860928229,70.22363602968281,70.2404556274414,3697800
2019-03-04,70.24050339495996,70.27413619855234,70.23209359036152,70.25731658935547,6418800
2019-03-05,70.24054694386396,70.2657699584961,70.22372732423898,70.2657699584961,6175900
2019-03-06,70.26573136660615,70.31617736816406,70.26573136660615,70.31617736816406,4167300
2019-03-07,70.33297907312634,70.38342506184169,70.33297907312634,70.37501525878906,3215500
2019-03-08,70.38341080501658,70.40863379426509,70.3665976171172,70.40023040771484,2626900
2019-03-11,70.3918708058817,70.3918708058817,70.36664779864554,70.38346099853516,2213500
2019-03-12,70.38344551637853,70.41707832356305,70.38344551637853,70.4086685180664,3665600
2019-03-13,70.40021714973959,70.41703033447266,70.39180734997421,70.41703033447266,1174200
2019-03-14,70.41709335539547,70.43390655517578,70.40028015561515,70.43390655517578,1173300
2019-03-15,70.45065849912592,70.46747168275651,70.44224869991199,70.45906829833984,1570400
2019-03-18,70.44227600097656,70.45909560592314,70.43386619850328,70.44227600097656,1092000
2019-03-19,70.42550316268733,70.44231636246765,70.4086835481036,70.43390655517578,1000100
2019-03-20,70.44227094531541,70.54316932335409,70.44227094531541,70.53475952148438,2459400
2019-03-21,70.5515791252238,70.5515791252238,70.51794633254424,70.53475952148438,1371100
2019-03-22,70.5852231063616,70.66930831643016,70.5852231063616,70.6524887084961,3113600
2019-03-25,70.67768939159522,70.77017796162991,70.66087620377021,70.72814178466797,3572700
2019-03-26,70.69453408199016,70.73657027386972,70.67771447339742,70.71975708007812,2374600
2019-03-27,70.77020042551081,70.8038332266354,70.75338723234896,70.77861022949219,1872500
2019-03-28,70.77021026611328,70.77862007126404,70.73657746031203,70.77021026611328,1322700
2019-03-29,70.7113221820441,70.73654517118104,70.69450899421909,70.72814178466797,2277100
2019-04-01,70.68942970889508,70.7062757490901,70.6388787336437,70.65573120117188,4381700
2019-04-02,70.67255488643535,70.69782715240042,70.66412865533663,70.68940734863281,2662200
2019-04-03,70.66415100760281,70.6725772413669,70.64730496740778,70.65573120117188,5005500
2019-04-04,70.6809955077166,70.6809955077166,70.65572323660626,70.67256927490234,1481200
2019-04-05,70.65574950291155,70.67259554747015,70.64732326696483,70.66416931152344,6617100
2019-04-08,70.66416965303846,70.68102212501333,70.638897372411,70.64732360839844,2756400
2019-04-09,70.6725772413669,70.68942970889508,70.65573120117188,70.65573120117188,3661900
2019-04-10,70.68944177202115,70.71471405029297,70.68944177202115,70.71471405029297,2364300
2019-04-11,70.6809955077166,70.69784154601267,70.67256927490234,70.67256927490234,3379200
2019-04-12,70.63040924072266,70.64726169792918,70.62198943944861,70.63040924072266,1213300
2019-04-15,70.62201657351348,70.64728884170403,70.62201657351348,70.63886260986328,1021400
2019-04-16,70.63040924072266,70.63883546932591,70.6051369822421,70.63040924072266,1335700
2019-04-17,70.63045249987961,70.65573120117188,70.63045249987961,70.65573120117188,1600600
2019-04-18,70.6809955077166,70.68942174053085,70.66414304208809,70.67256927490234,1076800
2019-04-22,70.68095397949219,70.68938020735565,70.67252775162872,70.68095397949219,6156400
2019-04-23,70.69786157988892,70.72313385816074,70.69786157988892,70.71471405029297,1824600
2019-04-24,70.75680541992188,70.77365788390671,70.74838561526126,70.75680541992188,3424400
2019-04-25,70.77365788390671,70.78207768856733,70.75680541992188,70.75680541992188,903000
2019-04-26,70.82423062500362,70.83265686035156,70.8158043896557,70.83265686035156,2275800
2019-04-29,70.80736541748047,70.82421145628255,70.7989391844131,70.80736541748047,1009300
2019-04-30,70.81579304298877,70.85791778564453,70.79894700232647,70.85791778564453,1876000
2019-05-01,70.83768185021911,70.93896525725617,70.78704336633969,70.79547882080078,1313600
2019-05-02,70.79541882191033,70.80386070849518,70.76165771484375,70.76165771484375,2138700
2019-05-03,70.7870101928711,70.81232942294525,70.77012641330485,70.7870101928711,1332300
2019-05-06,70.83761211247928,70.84605399790777,70.82073478089416,70.82917022705078,1312200
2019-05-07,70.8545494404311,70.87987511816122,70.8545494404311,70.86299133300781,2815200
2019-05-08,70.8798636374952,70.8967409806376,70.84610251193413,70.85453796386719,1474500
2019-05-09,70.91362874943228,70.94738987995689,70.88830951135813,70.8967514038086,1297000
2019-05-10,70.92203899561719,70.95580011107717,70.89671976884078,70.9135971069336,1558700
2019-05-13,70.98957446716375,71.02333558892069,70.98113257690562,70.99801635742188,2720800
2019-05-14,70.99801635742188,71.00645180840444,70.9726906866475,70.99801635742188,3785700
2019-05-15,71.07394135119725,71.07394135119725,71.014861025124,71.04862213134766,1521800
2019-05-16,71.01488109774456,71.02332298650477,70.9980037594986,71.00643920898438,1046600
2019-05-17,71.04862702188537,71.05706890884052,70.99798857870056,71.02330780029297,1067900
2019-05-20,71.01489747991728,71.03178126133253,70.98957824707031,70.98957824707031,1095900
2019-05-21,70.9726802562408,70.98112214525828,70.94736102846299,70.95580291748047,1161500
2019-05-22,70.99802013777794,71.00645558920966,70.9811363563627,70.98957824707031,2067700
2019-05-23,71.04017817633986,71.14146149206154,71.04017817633986,71.11614227294922,2773800
2019-05-24,71.09926338933037,71.10770527603906,71.07394416847715,71.09082794189453,1019600
2019-05-28,71.11614886477463,71.14990997314453,71.09926509095317,71.14990997314453,1130400
2019-05-29,71.19213209217223,71.21745132272281,71.14993552101305,71.15837097167969,2632000
2019-05-30,71.17526405564905,71.22590252336971,71.14994482178874,71.21746063232422,1929400
2019-05-31,71.284969929545,71.39468873609572,71.284969929545,71.36936950683594,11965500
2019-06-03,71.43619537589376,71.53767512623924,71.40236664172149,71.50385284423828,4621900
2019-06-04,71.41080578607622,71.47000444154341,71.39388819756016,71.45308685302734,3320400
2019-06-05,71.54611424385477,71.57148417446307,71.47845679411964,71.4869155883789,14753000
2019-06-06,71.49536570955354,71.52073563708421,71.43616706125904,71.44462585449219,20687700
2019-06-07,71.56303184286352,71.57994297921502,71.49537439311845,71.52074432373047,13622500
2019-06-10,71.47845678363191,71.47845678363191,71.44463451093884,71.45308685302734,7611300
2019-06-11,71.41926795018414,71.44464433644815,71.41081560693321,71.42772674560547,2211800
2019-06-12,71.47000445202988,71.50383317689746,71.46154565777061,71.4869155883789,1147900
2019-06-13,71.52073128740297,71.57992993209717,71.50382015413392,71.56301879882812,2450300
2019-06-14,71.52074755429088,71.55457628069145,71.51228875964829,71.53765869140625,1992200
2019-06-17,71.54613392282513,71.54613392282513,71.50385284423828,71.50385284423828,2105300
2019-06-18,71.5883995668547,71.59685836085448,71.51228332519531,71.51228332519531,5589200
2019-06-19,71.49539829372596,71.67299431954919,71.47848069954944,71.66453552246094,1893200
2019-06-20,71.72371893271702,71.75754766169855,71.68989020373547,71.69834899902344,1790100
2019-06-21,71.63916558336786,71.66453552246094,71.62225444136304,71.66453552246094,8008900
2019-06-24,71.68140955630453,71.73214940365641,71.68140955630453,71.70677947998047,1715700
2019-06-25,71.71525676448566,71.75753783079226,71.68142804013871,71.72370910644531,1742700
2019-06-26,71.68992293498691,71.68992293498691,71.63072424528363,71.6391830444336,1222000
2019-06-27,71.68143786061783,71.69834899902344,71.65606792692425,71.69834899902344,1276300
2019-06-28,71.68989020373547,71.71526658959937,71.67297906532987,71.69834899902344,4134200
2019-07-01,71.70341365248186,71.70341365248186,71.62716356560477,71.65258026123047,4197900
2019-07-02,71.66957651599952,71.71194201663951,71.6611085871258,71.69499969482422,4841200
2019-07-03,71.70342441587596,71.72037319154592,71.69495649210492,71.71189880371094,2176400
2019-07-05,71.60174691717185,71.60174691717185,71.54243913931849,71.56785583496094,1759500
2019-07-08,71.58480709148627,71.59328147911395,71.53397369384766,71.53397369384766,1587200
2019-07-09,71.55939358056725,71.55939358056725,71.50856018066406,71.50856018066406,1457300
2019-07-10,71.59330803316111,71.63567352294922,71.56789132491471,71.63567352294922,1704800
2019-07-11,71.62719282905661,71.63566721908174,71.58482734299663,71.60177612304688,1227300
2019-07-12,71.59331006241536,71.62720116239322,71.58483567140429,71.6102523803711,871600
2019-07-15,71.62718200683594,71.64412432026073,71.61870761809122,71.62718200683594,1385800
2019-07-16,71.59330173302175,71.6187184390315,71.57635941703712,71.60177612304688,1350100
2019-07-17,71.61025548194362,71.66956329345703,71.60178755463218,71.66956329345703,1457500
2019-07-18,71.66107357631714,71.76274038567414,71.64412479871451,71.7542724609375,1426800
2019-07-19,71.69498070278011,71.71192302010738,71.66108960405946,71.67803192138672,864000
2019-07-22,71.7034428652817,71.71191725529715,71.6865005493164,71.6865005493164,823300
2019-07-23,71.67803768483513,71.69498646759133,71.66109536614559,71.66956329345703,1026900
2019-07-24,71.6865005493164,71.71191725529715,71.6695517692855,71.6865005493164,1364700
2019-07-25,71.6695512272729,71.6695512272729,71.61871781569585,71.64413452148438,1093800
2019-07-26,71.64410587466757,71.65258026123047,71.610214792479,71.65258026123047,1003000
2019-07-29,71.65258026123047,71.67799695685616,71.65258026123047,71.65258026123047,930600
2019-07-30,71.66954733216386,71.67802172165466,71.65260501724748,71.66107940673828,933500
2019-07-31,71.69494572998194,71.72036242560763,71.53396470560192,71.65258026123047,2313300
2019-08-01,71.68655142886162,71.90723171198427,71.67806198224717,71.85630798339844,3099000
2019-08-02,71.84781389418829,71.8902481734177,71.83932444812241,71.87327575683594,2626500
2019-08-05,72.00058282229097,72.06848543149118,71.9836039322163,72.0175552368164,3154500
2019-08-06,72.02604418309402,72.05150604248047,71.992092878729,72.05150604248047,3277800
2019-08-07,72.14486494579042,72.17881624753663,72.03452807177673,72.05998992919922,2352400
2019-08-08,72.03453063964844,72.04301360872587,71.98360044743922,72.03453063964844,1499000
2019-08-09,72.03452143063372,72.06847272924983,71.99208068847656,71.99208068847656,1833600
2019-08-12,72.05150255617694,72.09394330346696,72.04301311160917,72.0684814453125,2403500
2019-08-13,72.06002703588406,72.06851648457936,71.94968362950132,71.98363494873047,1839500
2019-08-14,72.05152635365074,72.10245008677894,72.04303690627903,72.07698822021484,3312800
2019-08-15,72.1109633336694,72.23827918406027,72.1109633336694,72.22978973388672,4823000
2019-08-16,72.1873304917306,72.22976477683011,72.15337917832046,72.22127532958984,1886600
2019-08-19,72.15336401821047,72.17882587903057,72.12790215739035,72.1448745727539,1485500
2019-08-20,72.18733306804695,72.22127790711765,72.1788436205037,72.19581604003906,2015700
2019-08-21,72.15337629386293,72.18732760591583,72.11942498181006,72.12791442871094,2082500
2019-08-22,72.11095893498916,72.153399707715,72.08549706157476,72.09398651123047,956200
2019-08-23,72.11944980965525,72.22978675514874,72.10247091000832,72.21281433105469,2448900
2019-08-26,72.204317767405,72.22977963881392,72.15339402458719,72.1788558959961,1768700
2019-08-27,72.15336094849506,72.22125708261022,72.15336094849506,72.20428466796875,2179600
2019-08-28,72.22127532958984,72.24674367131064,72.20430291066022,72.22127532958984,1944400
2019-08-29,72.2127863879907,72.22126935897876,72.17883507738735,72.18732452392578,3270600
2019-08-30,72.18735245713718,72.22129730532528,72.17037355749027,72.21281433105469,2543000
2019-09-03,72.22637667419826,72.32840567817637,72.20937508354237,72.26889038085938,4574300
2019-09-04,72.26890723518974,72.32842254638672,72.26890723518974,72.32842254638672,1455900
2019-09-05,72.2349047345818,72.2349047345818,72.13287569667393,72.16688537597656,2145200
2019-09-06,72.18385041093661,72.20935603353212,72.15834478834113,72.17534637451172,2485500
2019-09-09,72.1243291678506,72.14133075261593,72.09882354736328,72.09882354736328,2423900
2019-09-10,72.0903238876617,72.0988279238999,71.97129332704304,71.97979736328125,2262300
2019-09-11,71.97979736328125,72.02230457111416,71.97979736328125,71.97979736328125,3005000
2019-09-12,72.0223143606645,72.0308183980586,71.93729344676323,71.96279907226562,3319700
2019-09-13,71.90326527307725,71.92026685680864,71.82674841626861,71.84375,1951400
2019-09-16,71.88626532262062,71.90326690673828,71.86925725182454,71.90326690673828,3034100
2019-09-17,71.89481080526912,71.9543261193788,71.88631325088397,71.93732452392578,1397300
2019-09-18,71.97981806288976,72.02232528294671,71.88629309741123,71.89479064941406,3277800
2019-09-19,71.96278218116774,71.96278218116774,71.90326690673828,71.90326690673828,2399300
2019-09-20,71.93728366876928,72.00530298531682,71.92027559629287,71.97979736328125,2383300
2019-09-23,72.03082764688446,72.09034294292516,72.02232360839844,72.02232360839844,1537100
2019-09-24,72.03080423494465,72.13282671689393,72.03080423494465,72.09882354736328,3693100
2019-09-25,72.09035388449948,72.10735547737121,72.00533294677734,72.00533294677734,2860800
2019-09-26,72.05634638098114,72.09035605443003,72.03934478759766,72.03934478759766,871500
2019-09-27,72.04781559552374,72.1073308802957,72.04781559552374,72.08182525634766,1691700
2019-09-30,72.07334627287361,72.11585998535156,72.06484871972344,72.11585998535156,2325600
2019-10-01,72.06047494563859,72.22227021799014,72.06047494563859,72.19672393798828,4668900
2019-10-02,72.24780843188634,72.30742507459388,72.2392973375155,72.27336120605469,2613000
2019-10-03,72.32450509918642,72.4437254751917,72.31598750175084,72.42669677734375,2441100
2019-10-04,72.39264370334011,72.4267076011499,72.37560850592313,72.4181900024414,1760800
2019-10-07,72.37558610406313,72.38410370013524,72.32449352167484,72.34152221679688,1611700
2019-10-08,72.39264235440915,72.41818865303443,72.33303215860882,72.38412475585938,2153300
2019-10-09,72.38410370013524,72.40113239525728,72.32449352167484,72.34152221679688,1472500
2019-10-10,72.35004461637952,72.35004461637952,72.2563705444336,72.2563705444336,3566900
2019-10-11,72.20528287509921,72.21380047231679,72.13715509140471,72.18824768066406,3068400
2019-10-14,72.19672393798828,72.21375912266907,72.17969525032682,72.19672393798828,1336700
2019-10-15,72.22230826646005,72.23082586328772,72.15418698290692,72.17973327636719,2470000
2019-10-16,72.21379852294922,72.23082721990164,72.18824573198627,72.21379852294922,1840700
2019-10-17,72.21379852294922,72.25637351384171,72.19676332897392,72.21379852294922,1641200
2019-10-18,72.23082413921549,72.27340562531472,72.23082413921549,72.23934173583984,1901600
2019-10-21,72.23082278162818,72.24785147753425,72.18824129632925,72.20527648925781,985500
2019-10-22,72.22234024852159,72.2393754497206,72.17976523957533,72.2308578491211,1192300
2019-10-23,72.24788211863451,72.2563997187112,72.21382471237824,72.22233581542969,1578600
2019-10-24,72.23937101558306,72.27343491886457,72.22233581542969,72.22233581542969,1228600
2019-10-25,72.23934346011539,72.23934346011539,72.16269808271184,72.17973327636719,982900
2019-10-28,72.1541748046875,72.16268590305592,72.12862201851729,72.1541748046875,2045000
2019-10-29,72.17972883897981,72.1882399382615,72.15418254709006,72.17121124267578,1768700
2019-10-30,72.17121703503385,72.222309622914,72.13715314410614,72.21379852294922,1622500
2019-10-31,72.25636574714233,72.35003981286899,72.25636574714233,72.34152221679688,2719200
2019-11-01,72.31590018096723,72.34148863060653,72.26472328168865,72.29884338378906,3436200
2019-11-04,72.2647058178885,72.2647058178885,72.23911737443301,72.24764251708984,2509400
2019-11-05,72.222030085347,72.222030085347,72.17085321543425,72.19644165039062,2078400
2019-11-06,72.2391586303711,72.25621543316844,72.21357017230198,72.2391586303711,1237100
2019-11-07,72.18798211611848,72.18798211611848,72.11121673456338,72.15386199951172,2284900
2019-11-08,72.1538676352374,72.20505106801875,72.1538676352374,72.16239929199219,2300500
2019-11-11,72.17945861816406,72.18798376670055,72.15386364931365,72.17945861816406,1329600
2019-11-12,72.17094673054699,72.19653519865948,72.15388341330615,72.18800354003906,2647800
2019-11-13,72.23068437201225,72.23921603406356,72.20509589360968,72.22215270996094,1679800
2019-11-14,72.2818202104778,72.31594033152206,72.27329506102748,72.29035186767578,2754500
2019-11-15,72.25620833580062,72.28179679135631,72.25620833580062,72.26473999023438,2456100
2019-11-18,72.29884338378906,72.30736852850612,72.28178007886682,72.29884338378906,1029100
2019-11-19,72.27329506102748,72.29888352487376,72.27329506102748,72.29035186767578,1630600
2019-11-20,72.30741483356462,72.34153495751528,72.29888968338813,72.32447814941406,1754200
2019-11-21,72.29888352487376,72.31594033152206,72.2818202104778,72.29035186767578,1288000
2019-11-22,72.29889315065212,72.30741830123746,72.26477302506517,72.28182983398438,3148100
2019-11-25,72.2818202104778,72.29888352487376,72.2647634038295,72.29035186767578,3597000
2019-11-26,72.32447814941406,72.33300980733878,72.30741483356462,72.32447814941406,1792200
2019-11-27,72.30741830123746,72.30741830123746,72.27330468339903,72.28182983398438,1090100
2019-11-29,72.27330520515748,72.30741882324219,72.26477354676202,72.30741882324219,1220200
2019-12-02,72.26811169584126,72.3450051471053,72.25102788336665,72.28520202636719,4211500
2019-12-03,72.37914252218337,72.43040045161997,72.37059736126126,72.38768768310547,2036600
2019-12-04,72.37060706048034,72.37915222254767,72.3278942862414,72.35352325439453,2017700
2019-12-05,72.31937408447266,72.35354822648799,72.31082891945604,72.31937408447266,1965900
2019-12-06,72.27663373500101,72.31935302959576,72.26808857247221,72.2937240600586,2024400
2019-12-09,72.31080786706697,72.31080786706697,72.2851788975298,72.2937240600586,1482200
2019-12-10,72.30225714582029,72.31080230769213,72.2595443725586,72.2595443725586,1214100
2019-12-11,72.2681096124241,72.32791924948927,72.2681096124241,72.31937408447266,1223100
2019-12-12,72.3364238771237,72.3364238771237,72.20827253434771,72.25099182128906,1627400
2019-12-13,72.31082732239544,72.35354662848388,72.27665318113489,72.33645629882812,1630500
2019-12-16,72.31080786706697,72.31080786706697,72.26808857247221,72.2937240600586,1568800
2019-12-17,72.31934380645853,72.32788896789754,72.30225348358053,72.31079864501953,1764000
2019-12-18,72.30228375443943,72.31937408447266,72.28519994245733,72.31937408447266,1677400
2019-12-19,72.31678895030181,72.35101848163404,72.31678895030181,72.33390045166016,1464500
2019-12-20,72.32534143667321,72.3424594666471,72.30822993531486,72.33390045166016,1413600
2019-12-23,72.31682586669922,72.3253783574365,72.29970782798688,72.31682586669922,2008600
2019-12-24,72.28260400327144,72.34250408789568,72.28260400327144,72.32538604736328,895500
2019-12-26,72.35958092993165,72.35958092993165,72.33391041005224,72.35102844238281,1156900
2019-12-27,72.37671137269152,72.41094091460556,72.36815235505861,72.40238189697266,1388200
2019-12-30,72.39377951179429,72.44512705821437,72.39377951179429,72.42800903320312,1630700
2019-12-31,72.42803838609152,72.4537089053982,72.40236786678483,72.41947937011719,3025600
2020-01-02,72.45372009277344,72.48794963333974,72.42804956950305,72.45372009277344,2665200
2020-01-03,72.49648408087944,72.53071360984504,72.47081356630903,72.51359558105469,2039900
2020-01-06,72.5050559590735,72.51360844637095,72.46226740812124,72.4879379272461,1132100
2020-01-07,72.4964969431598,72.5050559590735,72.47937891133239,72.4879379272461,1103400
2020-01-08,72.49650865063565,72.51362015661014,72.44516760409485,72.45372009277344,1864300
2020-01-09,72.43660974975496,72.47939177968672,72.42805073232165,72.4622802734375,1424400
2020-01-10,72.47081000243348,72.4964805157415,72.47081000243348,72.47936248779297,1065900
2020-01-13,72.47937768246494,72.47937768246494,72.45370716377532,72.4708251953125,1275600
2020-01-14,72.47081000243348,72.50503952971577,72.47081000243348,72.47936248779297,2323400
2020-01-15,72.50504309527462,72.51359558105469,72.48792506648428,72.51359558105469,2467900
2020-01-16,72.50504309527462,72.51359558105469,72.48792506648428,72.51359558105469,1995100
2020-01-17,72.50507599535086,72.53929901123047,72.49651697707192,72.53929901123047,1592600
2020-01-21,72.54785272551088,72.56497076081725,72.54785272551088,72.55641174316406,2814600
2020-01-22,72.556390085333,72.5820606020124,72.556390085333,72.57350158691406,1878400
2020-01-23,72.59916687011719,72.63339639942741,72.58205536976965,72.59916687011719,6874100
2020-01-24,72.60775989270704,72.65054845653997,72.5992008742168,72.6248779296875,3717500
2020-01-27,72.71041753534969,72.71897655019157,72.68474701943948,72.70185852050781,1915500
2020-01-28,72.70187785528499,72.71043687240311,72.65909582692875,72.66764831542969,1233400
2020-01-29,72.69329544117346,72.736083984375,72.67618394106188,72.736083984375,1269100
2020-01-30,72.76176329661415,72.79599282959113,72.73609277903539,72.7446517944336,1348300
2020-01-31,72.77885271957173,72.85586424203642,72.77885271957173,72.83875274658203,4298900
2020-02-03,72.8173599243164,72.83450514940479,72.77450993957035,72.8173599243164,4133700
2020-02-04,72.74881571012564,72.75738832545179,72.71453178781063,72.74024963378906,1575300
2020-02-05,72.69735434903826,72.7144930315662,72.68878173828125,72.68878173828125,2229300
2020-02-06,72.68881790472096,72.70596313476562,72.68025182868797,72.70596313476562,1505800
2020-02-07,72.74024373881075,72.76595504371593,72.73167112417934,72.74880981445312,1408200
2020-02-10,72.79166129811864,72.80879998720329,72.76594999499738,72.78308868408203,982700
2020-02-11,72.75738242908453,72.76595504371593,72.73167112417934,72.74880981445312,1911200
2020-02-12,72.723088299463,72.73166091289085,72.71451568603516,72.71451568603516,1400400
2020-02-13,72.74023917903543,72.75737786823485,72.72309395084737,72.7316665649414,1700700
2020-02-14,72.76594543457031,72.77451804806967,72.75737282107096,72.76594543457031,1560000
2020-02-18,72.79165649414062,72.80879518209417,72.77451780618706,72.79165649414062,1669400
2020-02-19,72.77451300447126,72.80022430419922,72.75736777866081,72.80022430419922,1422800
2020-02-20,72.79164862567129,72.83450514940479,72.79164862567129,72.8173599243164,2051800
2020-02-21,72.85164618343639,72.92021400802489,72.8430735706159,72.87735748291016,1798800
2020-02-24,72.99732971191406,73.02304100497932,72.98876364021633,72.99732971191406,2725200
2020-02-25,73.01448294601582,73.10876205692546,73.01448294601582,73.07447814941406,3027000
2020-02-26,73.05734007621577,73.15161919635241,73.04020139027611,73.12590789794922,3688200
2020-02-27,73.22880752862201,73.28023015906332,73.16023966203916,73.21166229248047,6008700
2020-02-28,73.40874998391122,73.51159518414447,73.3830386838529,73.4773178100586,9540700
2020-03-02,73.57602402100778,73.64469196967299,73.44727325439453,73.44727325439453,15009300
2020-03-03,73.49875981128238,73.83350782466239,73.48159610098328,73.73909759521484,7232300
2020-03-04,73.79058449755539,73.85925242579287,73.74766540527344,73.74766540527344,5711900
2020-03-05,73.9107686630345,73.93651750545779,73.87643469029156,73.90218353271484,3797200
2020-03-06,74.08243100786389,74.13393524057156,73.96226537910539,73.9880142211914,4378300
2020-03-09,74.2798684479128,74.39144897460938,74.13395394026253,74.39144897460938,44359800
2020-03-10,74.07389275206846,74.13397559915686,73.94514192301071,74.0653076171875,11970200
2020-03-11,74.07386321155265,74.09102692593054,73.97086127967557,73.97944641113281,7873200
2020-03-12,74.07382913847044,74.27982635893173,73.96224212646484,73.96224212646484,12312300
2020-03-13,73.85926662600292,74.09101274269246,73.77342842493574,74.05667877197266,9422400
2020-03-16,74.3141929008355,74.44294367577007,74.1596932806213,74.1768569946289,12123900
2020-03-17,74.23694177985801,74.27127575731772,73.9279425312573,74.00519561767578,10487800
2020-03-18,74.00516810855697,74.48583051724829,73.91075134277344,73.91075134277344,11907500
2020-03-19,74.00520154225259,74.2712817031959,74.00520154225259,74.03953552246094,12898400
2020-03-20,74.14250644050124,74.35708883456807,74.14250644050124,74.23692321777344,10683700
2020-03-23,74.42575581154502,74.44292607002829,74.29700506705997,74.32275390625,9472000
2020-03-24,74.24549065467562,74.30557344875541,74.21974182128906,74.21974182128906,8366100
2020-03-25,74.23695032331085,74.35711598398059,74.23695032331085,74.30561828613281,6098000
2020-03-26,74.32278101270197,74.42578295556308,74.31420242886651,74.39144897460938,8381000
2020-03-27,74.41718776650954,74.41718776650954,74.26268814736547,74.37427520751953,37087900
2020-03-30,74.44293382552422,74.46868266739678,74.38285101164307,74.40859985351562,5650800
2020-03-31,74.43436808793582,74.48586578509774,74.39144897460938,74.39144897460938,5677600
2020-04-01,74.4395523071289,74.48251740456739,74.4051762952458,74.4395523071289,6923900
2020-04-02,74.45675659179688,74.48253696834227,74.43957185961847,74.45675659179688,5879700
2020-04-03,74.43095666501966,74.50829777434124,74.4051762952458,74.4395523071289,5018100
2020-04-06,74.40519177607658,74.43097215121433,74.37941140093882,74.38800048828125,4869100
2020-04-07,74.34503108875332,74.39659183605139,74.32783980195073,74.37081146240234,7881000
2020-04-08,74.3708074814109,74.43955951183135,74.3708074814109,74.41377258300781,4890600
2020-04-09,74.41376538080118,74.46533267690276,74.4051762952458,74.4395523071289,5400400
2020-04-13,74.44817352294922,74.44817352294922,74.41379749623015,74.44817352294922,3356200
2020-04-14,74.43958443368696,74.46536481458709,74.41379749623015,74.44817352294922,4712200
2020-04-15,74.49109982471204,74.50828454932642,74.46531945951412,74.47391510009766,4270000
2020-04-16,74.4911117553711,74.50829648273782,74.47392702800437,74.4911117553711,2383600
2020-04-17,74.4739276732847,74.49970804283504,74.46533203125,74.46533203125,3282700
2020-04-20,74.48251675876563,74.49970804283504,74.46533203125,74.46533203125,5969400
2020-04-21,74.49114722075967,74.49974286681231,74.46536683915862,74.48255157470703,3610300
2020-04-22,74.47394788053086,74.47394788053086,74.45675659179688,74.45675659179688,4836900
2020-04-23,74.45676916876816,74.47396046040603,74.43958443368696,74.44817352294922,3010000
2020-04-24,74.45676916876816,74.47396046040603,74.44817352294922,74.44817352294922,3117600
2020-04-27,74.44817352294922,74.45676916876816,74.42239314204909,74.44817352294922,4928800
2020-04-28,74.4825041841285,74.49109982471204,74.46531945951412,74.47391510009766,3706900
2020-04-29,74.49111240080033,74.49970804283504,74.46533203125,74.46533203125,4285700
2020-04-30,74.47394837372126,74.5942611694336,74.47394837372126,74.5942611694336,9557300
2020-05-01,74.50135167450611,74.50135167450611,74.45834434564806,74.48414611816406,5135000
2020-05-04,74.47554333999304,74.51855066885108,74.46694712381908,74.48414611816406,5813400
2020-05-05,74.49274571674047,74.5013484945443,74.47554016113281,74.47554016113281,4334000
2020-05-06,74.48416772968139,74.50137329101562,74.47556494901428,74.50137329101562,2007300
2020-05-07,74.50135970624075,74.57016225303508,74.49275692714228,74.55296325683594,2455600
2020-05-08,74.56155311359932,74.59595766203269,74.52714856516593,74.53575134277344,2690000
2020-05-11,74.54437618029563,74.54437618029563,74.48416983791968,74.50997161865234,4067600
2020-05-12,74.50135124277024,74.52715301513672,74.4841456865279,74.52715301513672,2670000
2020-05-13,74.53575579325789,74.5529547875032,74.51855023701555,74.52715301513672,3829400
2020-05-14,74.53577996138418,74.56158174211686,74.50997161865234,74.50997161865234,2284600
2020-05-15,74.5615660359344,74.57016225303508,74.54436047773748,74.55296325683594,1942800
2020-05-18,74.54438616114805,74.54438616114805,74.49278259277344,74.49278259277344,2761400
2020-05-19,74.50134679434007,74.53575134277344,74.50134679434007,74.53575134277344,2976500
2020-05-20,74.50994300995093,74.5443475583843,74.50994300995093,74.53575134277344,3497900
2020-05-21,74.52718035696087,74.53578313823814,74.5185775756836,74.5185775756836,3246300
2020-05-22,74.53578313823814,74.54437935751598,74.5185775756836,74.5185775756836,2592500
2020-05-26,74.50997479440632,74.52718035696087,74.50137857512848,74.5185775756836,4356200
2020-05-27,74.50996950968376,74.54437407035323,74.50137329101562,74.50137329101562,3507600
2020-05-28,74.50994300995093,74.53575134277344,74.50134679434007,74.53575134277344,3433400
2020-05-29,74.51854578755844,74.55295033599181,74.51854578755844,74.53575134277344,6903400
2020-06-01,74.53577907210382,74.54438880819174,74.50995643114447,74.52717590332031,6995500
2020-06-02,74.52717590332031,74.53577907210382,74.50995643114447,74.52717590332031,3869300
2020-06-03,74.50993922241479,74.50993922241479,74.46690368652344,74.46690368652344,4476300
2020-06-04,74.47547535255003,74.4926948134656,74.45826245893458,74.48408508300781,4350000
2020-06-05,74.44968036644369,74.45829010009766,74.43246746643828,74.45829010009766,4391300
2020-06-08,74.44109344482422,74.46691608411867,74.42387397375859,74.44109344482422,4200200
2020-06-09,74.44968421832459,74.47550685331997,74.44968421832459,74.46690368652344,7839900
2020-06-10,74.4927358273763,74.52716820086495,74.4841260921782,74.50994873046875,3146500
2020-06-11,74.51854411455767,74.52715384809767,74.47550201416016,74.47550201416016,3244500
2020-06-12,74.49277118112593,74.50998409238753,74.48416144184172,74.50138092041016,3356000
2020-06-15,74.50130454392338,74.51851743753883,74.48408508300781,74.48408508300781,3246000
2020-06-16,74.48411174770015,74.50993438101767,74.47550201416016,74.47550201416016,5306400
2020-06-17,74.48416144184172,74.50138092041016,74.48416144184172,74.50138092041016,3369600
2020-06-18,74.50996498204213,74.50996498204213,74.49275207519531,74.49275207519531,2027100
2020-06-19,74.50134556257439,74.52716820086495,74.4927358273763,74.50994873046875,3477600
2020-06-22,74.50996498204213,74.51857471911812,74.49275207519531,74.49275207519531,2597900
2020-06-23,74.50134556257439,74.50994873046875,74.4927358273763,74.50994873046875,2792100
2020-06-24,74.50135704054472,74.51856994628906,74.49274730402017,74.51856994628906,2110900
2020-06-25,74.50996020976451,74.52717968281361,74.50996020976451,74.51856994628906,1716500
2020-06-26,74.51854992326336,74.55298229280487,74.51854992326336,74.54437255859375,4109900
2020-06-29,74.54436500597862,74.56158447265625,74.53575527263982,74.56158447265625,2766100
2020-06-30,74.5702066781842,74.5702066781842,74.54438403887698,74.55299377441406,4443400
2020-07-01,74.5624565162007,74.5624565162007,74.52799987792969,74.52799987792969,4789400
2020-07-02,74.54522156336078,74.56244659423828,74.52798996055239,74.56244659423828,2662800
2020-07-06,74.54522926665,74.55384506894453,74.53661346435547,74.53661346435547,3406700
2020-07-07,74.54524009245034,74.5538558959961,74.53662428890459,74.5538558959961,2939000
2020-07-08,74.5538558959961,74.56246512760933,74.54524009245034,74.5538558959961,3454900
2020-07-09,74.55384277793043,74.5710678100586,74.54522697590066,74.5710678100586,2508600
2020-07-10,74.57969131992459,74.57969131992459,74.54523468017578,74.54523468017578,2447400
2020-07-13,74.54523468017578,74.553850483096,74.53661887725556,74.54523468017578,2332100
2020-07-14,74.56246512760933,74.57108093115508,74.54524009245034,74.5538558959961,2112500
2020-07-15,74.54522156336078,74.56244659423828,74.5366057619566,74.56244659423828,4553200
2020-07-16,74.57106239564249,74.57967819704668,74.56244659423828,74.56244659423828,1750100
2020-07-17,74.57108848025001,74.57970428466797,74.55386344334727,74.57970428466797,2016200
2020-07-20,74.57967819704668,74.57967819704668,74.55383736476499,74.56244659423828,3534600
2020-07-21,74.55386344334727,74.57970428466797,74.55386344334727,74.57970428466797,4017900
2020-07-22,74.57968361208836,74.57968361208836,74.56245200802883,74.5710678100586,3776600
2020-07-23,74.5710678100586,74.57968361208836,74.56245200802883,74.5710678100586,2263100
2020-07-24,74.57108848025001,74.57970428466797,74.56247267583204,74.57970428466797,3056000
2020-07-27,74.57969673470083,74.57969673470083,74.54524009245034,74.5538558959961,2250900
2020-07-28,74.56245200802883,74.57968361208836,74.56245200802883,74.5710678100586,3804400
2020-07-29,74.57967049553683,74.59689552463558,74.57105469502235,74.5882797241211,2551300
2020-07-30,74.59688888390346,74.61412048339844,74.59688888390346,74.61412048339844,2016900
2020-07-31,74.62274932861328,74.62274932861328,74.60552429651969,74.62274932861328,3229400
2020-08-03,74.6055154018701,74.62275695800781,74.58828042145934,74.62275695800781,2979500
2020-08-04,74.62274108513496,74.63135528564453,74.61412030889981,74.63135528564453,2871000
2020-08-05,74.61412811279297,74.62274888992977,74.60550733565617,74.61412811279297,3037500
2020-08-06,74.61412811279297,74.6313630913403,74.60550733565617,74.61412811279297,1793300
2020-08-07,74.60552215576172,74.61414293461101,74.59690795264001,74.60552215576172,3944500
2020-08-10,74.6055299666856,74.6055299666856,74.5796742031583,74.58829498291016,2089800
2020-08-11,74.57102966308594,74.57965044009097,74.545173907797,74.57102966308594,3345700
2020-08-12,74.55377960205078,74.56240037731177,74.54515882678979,74.55377960205078,4246900
2020-08-13,74.54515838623047,74.55377916144052,74.53654418674522,74.54515838623047,2073800
2020-08-14,74.55377960205078,74.57101457684793,74.54515882678979,74.55377960205078,2548600
2020-08-17,74.57106842938984,74.57106842938984,74.5538334421462,74.56245422363281,2655100
2020-08-18,74.56241546180706,74.57965044009097,74.56241546180706,74.57102966308594,2106500
2020-08-19,74.57965044009097,74.57965044009097,74.56241546180706,74.57102966308594,2064900
2020-08-20,74.57965044009097,74.58827121709601,74.57102966308594,74.57102966308594,2121000
2020-08-21,74.57968921087645,74.58830999236307,74.56245422363281,74.56245422363281,3337600
2020-08-24,74.57101457684793,74.57963535210892,74.55377960205078,74.55377960205078,2834100
2020-08-25,74.54521266065959,74.56245422363281,74.53659845490256,74.56245422363281,1986600
2020-08-26,74.56245422363281,74.56245422363281,74.54521266065959,74.56245422363281,2983300
2020-08-27,74.57963535210892,74.58825612736992,74.54515882678979,74.55377960205078,2609000
2020-08-28,74.57104535887576,74.59690769533441,74.57104535887576,74.57966613769531,3445500
2020-08-31,74.57966639494144,74.60552215576172,74.57966639494144,74.60552215576172,2357200
2020-09-01,74.58743286132812,74.59605852537005,74.57881377674008,74.58743286132812,3093600
2020-09-02,74.57880932954679,74.59605407714844,74.57880932954679,74.59605407714844,3682600
2020-09-03,74.59605852537005,74.61330327400002,74.58743286132812,74.58743286132812,2547200
2020-09-04,74.587401468678,74.59602712908952,74.552905406483,74.56153106689453,2904300
2020-09-08,74.57877794261225,74.58739702305894,74.57015228271484,74.57015228271484,2014700
2020-09-09,74.57013258212748,74.5787582397461,74.56150692450888,74.5787582397461,3009100
2020-09-10,74.56152662281744,74.58739702305894,74.56152662281744,74.57015228271484,2910000
2020-09-11,74.57881377674008,74.60468418941198,74.57881377674008,74.58743286132812,2109800
2020-09-14,74.59600297553433,74.59600297553433,74.5787582397461,74.5787582397461,1993000
2020-09-15,74.57881377674008,74.58743286132812,74.57881377674008,74.58743286132812,2013100
2020-09-16,74.58742841362087,74.59605407714844,74.57018366601922,74.59605407714844,2551200
2020-09-17,74.59600297553433,74.60462863315294,74.5787582397461,74.5787582397461,2494700
2020-09-18,74.59605852537005,74.60468418941198,74.57881377674008,74.58743286132812,2334200
2020-09-21,74.59600297553433,74.59600297553433,74.5787582397461,74.5787582397461,3969100
2020-09-22,74.58742841362087,74.59605407714844,74.57880932954679,74.59605407714844,2108400
2020-09-23,74.58742841362087,74.59605407714844,74.57880932954679,74.59605407714844,3298200
2020-09-24,74.58743286132812,74.59605852537005,74.57881377674008,74.58743286132812,2955200
2020-09-25,74.59605407714844,74.604679740676,74.59605407714844,74.59605407714844,1786000
2020-09-28,74.60466003417969,74.60466003417969,74.5874087116814,74.60466003417969,2777700
2020-09-29,74.604679740676,74.61329882475009,74.59605407714844,74.59605407714844,2568900
2020-09-30,74.60466003417969,74.60466003417969,74.5874087116814,74.60466003417969,3111800
2020-10-01,74.58741760253906,74.60467690938174,74.58741760253906,74.58741760253906,3890800
2020-10-02,74.5960464477539,74.60467610108175,74.57879372359503,74.5960464477539,3081300
2020-10-05,74.5874202664659,74.5874202664659,74.56153788777435,74.5701675415039,3139800
2020-10-06,74.5701675415039,74.57879719523346,74.56153788777435,74.5701675415039,2618100
2020-10-07,74.5442554606233,74.56150817871094,74.5442554606233,74.56150817871094,3613200
2020-10-08,74.56150817871094,74.57013782900201,74.55288511091437,74.56150817871094,1996700
2020-10-09,74.57013782900201,74.57013782900201,74.55288511091437,74.56150817871094,1977700
2020-10-12,74.56147605841548,74.5787353515625,74.55285299433365,74.5787353515625,2400900
2020-10-13,74.5701675415039,74.5874202664659,74.56153788777435,74.5701675415039,5330600
2020-10-14,74.5701675415039,74.5874202664659,74.5701675415039,74.5701675415039,8129500
2020-10-15,74.5787945316146,74.5960472559604,74.57016487819327,74.58741760253906,6851500
2020-10-16,74.5787353515625,74.58735841564435,74.57010570498899,74.5787353515625,1562100
2020-10-19,74.56147605841548,74.5787353515625,74.55285299433365,74.5787353515625,2499200
2020-10-20,74.5701675415039,74.57879719523346,74.56153788777435,74.5701675415039,1991800
2020-10-21,74.56153788777435,74.5701675415039,74.55291481654191,74.5701675415039,1788700
2020-10-22,74.56151083637837,74.57014048697702,74.54425811767578,74.54425811767578,3063300
2020-10-23,74.56152529145535,74.57015494372702,74.55290222167969,74.55290222167969,2014300
2020-10-26,74.56150817871094,74.57013782900201,74.55288511091437,74.56150817871094,2319200
2020-10-27,74.57013782900201,74.57876747929308,74.56150817871094,74.56150817871094,1982000
2020-10-28,74.57013782900201,74.57876747929308,74.56150817871094,74.56150817871094,4930200
2020-10-29,74.57010570498899,74.5787353515625,74.56147605841548,74.5787353515625,3688800
2020-10-30,74.57879719523346,74.57879719523346,74.55291481654191,74.5701675415039,3562300
2020-11-02,74.56063372768773,74.56926727294922,74.55200676789174,74.56926727294922,3642500
2020-11-03,74.5519790649414,74.5606060215317,74.53471198083476,74.5519790649414,1739600
2020-11-04,74.56926727294922,74.58653436347218,74.56063372768773,74.56926727294922,4432600
2020-11-05,74.56923956358501,74.57787310563835,74.5519790649414,74.5519790649414,4646000
2020-11-06,74.56924908270622,74.56924908270622,74.55198858185923,74.56061553955078,2479200
2020-11-09,74.5261259739243,74.53475952148438,74.50886546427138,74.53475952148438,5418600
2020-11-10,74.50882439976232,74.52608489990234,74.50882439976232,74.52608489990234,3162200
2020-11-11,74.50885772705078,74.51749127371433,74.50022418038724,74.50885772705078,2643200
2020-11-12,74.53473944787542,74.54337299311034,74.5174789428711,74.5174789428711,3915800
2020-11-13,74.53473944787542,74.54337299311034,74.5174789428711,74.5174789428711,3156800
2020-11-16,74.5261259739243,74.54339306904446,74.51749901183146,74.53475952148438,3752900
2020-11-17,74.52608489990234,74.54335198550598,74.52608489990234,74.52608489990234,3457900
2020-11-18,74.53471844270416,74.54335198550598,74.52608489990234,74.52608489990234,2325200
2020-11-19,74.53472430564015,74.55199139260203,74.53472430564015,74.5433578491211,1900700
2020-11-20,74.5606060215317,74.5606060215317,74.5519790649414,74.5519790649414,1784700
2020-11-23,74.5519790649414,74.5606060215317,74.5519790649414,74.5519790649414,1640500
2020-11-24,74.55198858185923,74.56061553955078,74.55198858185923,74.56061553955078,2649500
2020-11-25,74.56063372768773,74.56926727294922,74.56063372768773,74.56926727294922,2449800
2020-11-27,74.56926727294922,74.57790081821071,74.56926727294922,74.56926727294922,1378900
2020-11-30,74.58650970458984,74.58650970458984,74.56924261977551,74.58650970458984,3375300
2020-12-01,74.55457446908825,74.5632113122904,74.53730737066505,74.54594421386719,6173900
2020-12-02,74.54597294619104,74.56324005126953,74.53733609965998,74.56324005126953,2297100
2020-12-03,74.57183038297734,74.5804672241211,74.56319354183358,74.5804672241211,2751900
2020-12-04,74.56320916534732,74.57184600830078,74.55457232239385,74.57184600830078,2825200
2020-12-07,74.57182897535388,74.58909606933594,74.57182897535388,74.58909606933594,3213900
2020-12-08,74.58048285125425,74.5891131062268,74.57184600830078,74.57184600830078,2559800
2020-12-09,74.57187689780059,74.57187689780059,74.56324005126953,74.56324005126953,2829000
2020-12-10,74.58909747728534,74.59773431842909,74.57183038297734,74.5804672241211,2977700
2020-12-11,74.61502697120406,74.6236572265625,74.60639012786444,74.6236572265625,1802200
2020-12-14,74.60636865231056,74.62363574603826,74.60636865231056,74.61500549316406,2805200
2020-12-15,74.61500549316406,74.62363574603826,74.60636865231056,74.61500549316406,1969300
2020-12-16,74.60636865231056,74.61500549316406,74.60636865231056,74.61500549316406,1444700
2020-12-17,74.62538503762988,74.62538503762988,74.59947150051326,74.61674499511719,2541200
2020-12-18,74.60812377929688,74.61675723280406,74.60812377929688,74.60812377929688,2924100
2020-12-21,74.60812377929688,74.61675723280406,74.59948373536716,74.60812377929688,2249100
2020-12-22,74.60812377929688,74.62539727673378,74.60812377929688,74.60812377929688,1928400
2020-12-23,74.60812323120561,74.62539672851562,74.60812323120561,74.62539672851562,2821600
2020-12-24,74.60812377929688,74.62539727673378,74.60812377929688,74.60812377929688,1039500
2020-12-28,74.59947150051326,74.61674499511719,74.59947150051326,74.61674499511719,1836400
2020-12-29,74.61674499511719,74.61674499511719,74.60811154302594,74.61674499511719,2010600
2020-12-30,74.60812323120561,74.62539672851562,74.60812323120561,74.62539672851562,1327500
2020-12-31,74.61674499511719,74.62538503762988,74.59947150051326,74.61674499511719,1949900
2021-01-04,74.60812323120561,74.63403677238186,74.60812323120561,74.62539672851562,2989300
2021-01-05,74.62539672851562,74.63403677238186,74.60812323120561,74.62539672851562,2529400
2021-01-06,74.59947155232254,74.60811159484122,74.56491797266924,74.58219146728516,2082000
2021-01-07,74.59083963183348,74.59947967529297,74.57356613533668,74.59947967529297,4207700
2021-01-08,74.57357733098807,74.59085083007812,74.57357733098807,74.59085083007812,2760300
2021-01-11,74.58219146728516,74.59083150980385,74.57355801518791,74.58219146728516,2545700
2021-01-12,74.56491797266924,74.58219146728516,74.56491797266924,74.58219146728516,4048300
2021-01-13,74.57355499267578,74.5821884444231,74.57355499267578,74.57355499267578,2021800
2021-01-14,74.58219146728516,74.59083150980385,74.57355801518791,74.58219146728516,3344000
2021-01-15,74.58221078532152,74.59949087483473,74.58221078532152,74.59085083007812,3148300
2021-01-19,74.58219141548788,74.61674499511719,74.58219141548788,74.61674499511719,3019500
2021-01-20,74.60812377929688,74.61675723280406,74.59948373536716,74.60812377929688,2392300
2021-01-21,74.61674499511719,74.62538503762988,74.59947150051326,74.61674499511719,1574700
2021-01-22,74.61674499511719,74.62538503762988,74.61674499511719,74.61674499511719,4095800
2021-01-25,74.61675668464937,74.62539672851562,74.61675668464937,74.62539672851562,2037500
2021-01-26,74.63402508014256,74.63402508014256,74.61674499511719,74.61674499511719,2015500
2021-01-27,74.63402508014256,74.64266512265525,74.61674499511719,74.61674499511719,3786800
2021-01-28,74.62539727673378,74.62539727673378,74.60812377929688,74.60812377929688,2429600
2021-01-29,74.62538553116065,74.63402557373047,74.61674548859081,74.63402557373047,3237800
2021-02-01,74.64268493652344,74.64268493652344,74.62540543692107,74.64268493652344,3266300
2021-02-02,74.63400055875417,74.63400055875417,74.61671447753906,74.61671447753906,2245400
2021-02-03,74.61677656889947,74.62541961669922,74.61677656889947,74.62541961669922,2219000
2021-02-04,74.61677656889947,74.62541961669922,74.61677656889947,74.62541961669922,1848200
2021-02-05,74.63404848307853,74.64268493652344,74.62540543692107,74.64268493652344,1495900
2021-02-08,74.62539778724805,74.63404083251953,74.62539778724805,74.63404083251953,2193100
2021-02-09,74.63400055875417,74.63400055875417,74.61671447753906,74.61671447753906,1930700
2021-02-10,74.63406266449897,74.63406266449897,74.61677656889947,74.62541961669922,3016100
2021-02-11,74.63406266449897,74.63406266449897,74.62541961669922,74.62541961669922,2348600
2021-02-12,74.62539778724805,74.64267728507915,74.62539778724805,74.63404083251953,3364600
2021-02-16,74.61673630485463,74.62537934799049,74.59945681129314,74.60809326171875,3364200
2021-02-17,74.6081335210997,74.62541961669922,74.6081335210997,74.62541961669922,2307600
2021-02-18,74.62541961669922,74.63406266449897,74.6081335210997,74.62541961669922,2362300
2021-02-19,74.61675474197655,74.63404083251953,74.61675474197655,74.63404083251953,2113900
2021-02-22,74.62535751814661,74.62535751814661,74.61671447753906,74.61671447753906,3801600
2021-02-23,74.6081335210997,74.62541961669922,74.6081335210997,74.62541961669922,9025900
2021-02-24,74.59945681129314,74.60809326171875,74.59081376815726,74.60809326171875,2530000
2021-02-25,74.55623853594562,74.55623853594562,74.46118485188788,74.4957504272461,4956100
2021-02-26,74.54764981061498,74.59085845947266,74.51309080278587,74.59085845947266,5187500
2021-03-01,74.58392333984375,74.59256858904914,74.56663284143296,74.58392333984375,3366700
2021-03-02,74.58391238758276,74.6011962890625,74.58391238758276,74.6011962890625,5519200
2021-03-03,74.58389728381322,74.58389728381322,74.54932289346328,74.55796813964844,2406100
2021-03-04,74.56660679144291,74.57525203762806,74.54932289346328,74.55796813964844,2566100
2021-03-05,74.54067764727813,74.55796813964844,74.53203899548366,74.55796813964844,4413600
2021-03-08,74.54935024953684,74.54935024953684,74.5234210958573,74.53206634521484,2729700
2021-03-09,74.53206634521484,74.53206634521484,74.51477584649975,74.53206634521484,3255500
2021-03-10,74.53203899548366,74.55796813964844,74.52339374929849,74.55796813964844,2860000
2021-03-11,74.56660679144291,74.56660679144291,74.54932289346328,74.55796813964844,3578500
2021-03-12,74.54070167485625,74.54934692382812,74.53206302027718,74.54934692382812,1824700
2021-03-15,74.54067764727813,74.55796813964844,74.54067764727813,74.55796813964844,2273700
2021-03-16,74.54932289346328,74.55796813964844,74.54067764727813,74.55796813964844,1853600
2021-03-17,74.54934245547663,74.601200757414,74.54069720702293,74.57527160644531,3413300
2021-03-18,74.54934359966114,74.5666275024414,74.53205969688088,74.5666275024414,4692000
2021-03-19,74.55798884824753,74.58391799961417,74.54069835107475,74.5666275024414,3276300
2021-03-22,74.56660679144291,74.56660679144291,74.55796813964844,74.55796813964844,2118500
2021-03-23,74.57527275102778,74.57527275102778,74.5666275024414,74.5666275024414,3241300
2021-03-24,74.58392333984375,74.59256858904914,74.57527809063836,74.58392333984375,2322600
2021-03-25,74.59254455566406,74.60118320769314,74.57525406282421,74.59254455566406,2771400
2021-03-26,74.58389930924413,74.60118320769314,74.58389930924413,74.59254455566406,3068700
2021-03-29,74.58391685489902,74.59256210335272,74.56662635799162,74.57527160644531,2182000
2021-03-30,74.56662635799162,74.57527160644531,74.55798770393034,74.57527160644531,2213800
2021-03-31,74.56663082737907,74.56663082737907,74.54934692382812,74.54934692382812,4481000
2021-04-01,74.54847717285156,74.56576488282646,74.54847717285156,74.54847717285156,3614300
2021-04-05,74.51389362582957,74.53982848818151,74.50524647309726,74.53118133544922,3118200
2021-04-06,74.53983001994156,74.55711772991647,74.53983001994156,74.54847717285156,2497100
2021-04-07,74.56576079989745,74.57440795233396,74.55711364746094,74.55711364746094,3509100
2021-04-08,74.57442066019755,74.58306121826172,74.56577350628751,74.58306121826172,2109800
2021-04-09,74.54847309086915,74.57440795233396,74.54847309086915,74.55711364746094,2496200
2021-04-12,74.54846496155216,74.5571055172017,74.53117065856503,74.5398178100586,1687100
2021-04-13,74.5484852983947,74.5657730102539,74.53983814454219,74.5657730102539,1237100
2021-04-14,74.5571258564014,74.5657730102539,74.5571258564014,74.5657730102539,1414000
2021-04-15,74.56577350628751,74.58306121826172,74.56577350628751,74.58306121826172,1843200
2021-04-16,74.55711517963485,74.57440948486328,74.55711517963485,74.57440948486328,1674900
2021-04-19,74.5571258564014,74.57442016410641,74.5571258564014,74.5657730102539,2063900
2021-04-20,74.57442066019755,74.59170837217175,74.56577350628751,74.58306121826172,2012700
2021-04-21,74.60037231445312,74.60037231445312,74.58307800274108,74.60037231445312,2061000
2021-04-22,74.58305816870916,74.59170532226562,74.57441761099828,74.59170532226562,4373500
2021-04-23,74.60034434686106,74.60034434686106,74.57440948486328,74.57440948486328,1535200
2021-04-26,74.57440795233396,74.57440795233396,74.55711364746094,74.55711364746094,1265800
2021-04-27,74.56576488282646,74.56576488282646,74.54847717285156,74.54847717285156,1473000
2021-04-28,74.5571258564014,74.57442016410641,74.5484852983947,74.5657730102539,2032700
2021-04-29,74.56577350628751,74.58306121826172,74.55712635237748,74.58306121826172,1552900
2021-04-30,74.57441761099828,74.59170532226562,74.57441761099828,74.59170532226562,2367400
2021-05-03,74.58479309082031,74.59343485068517,74.5761447341922,74.58479309082031,2910400
2021-05-04,74.58479309082031,74.60208320731329,74.58479309082031,74.58479309082031,1972900
2021-05-05,74.58477592752486,74.60206604003906,74.58477592752486,74.60206604003906,1301900
2021-05-06,74.61071439467703,74.61071439467703,74.59341768540109,74.60206604003906,1981300
2021-05-07,74.62799835205078,74.63664670597547,74.61935659488731,74.62799835205078,1950300
2021-05-10,74.61071439467703,74.619362749315,74.60206604003906,74.60206604003906,2483700
2021-05-11,74.60206266088686,74.61071101513309,74.59341430664062,74.59341430664062,2630000
2021-05-12,74.5674963775641,74.58479309082031,74.5674963775641,74.58479309082031,4113100
2021-05-13,74.59341768540109,74.60206604003906,74.58477592752486,74.60206604003906,5495200
2021-05-14,74.60206604003906,74.61071439467703,74.60206604003906,74.60206604003906,3836400
2021-05-17,74.59341768540109,74.61071439467703,74.59341768540109,74.60206604003906,3861000
2021-05-18,74.61072540283203,74.61072540283203,74.60207704691807,74.61072540283203,3419200
2021-05-19,74.6193799205695,74.6193799205695,74.58479309082031,74.58479309082031,5213300
2021-05-20,74.60205754074153,74.61935424804688,74.59340918708885,74.61935424804688,4011000
2021-05-21,74.619362749315,74.619362749315,74.60206604003906,74.60206604003906,1822400
2021-05-24,74.6107058943942,74.61935424804688,74.60205754074153,74.61935424804688,2565300
2021-05-25,74.61935424804688,74.62799600493857,74.6107058943942,74.61935424804688,2403900
2021-05-26,74.63665771484375,74.63665771484375,74.62800935964346,74.63665771484375,1810700
2021-05-27,74.62800935964346,74.63665771484375,74.61936760120531,74.63665771484375,1257900
2021-05-28,74.63665771484375,74.64530607004406,74.62800935964346,74.63665771484375,2054600
2021-06-01,74.62107849121094,74.63837100547663,74.62107849121094,74.62107849121094,2265800
2021-06-02,74.63838844371155,74.63838844371155,74.6210959254057,74.62974548339844,1234900
2021-06-03,74.61243221016014,74.62108176651168,74.6037826538086,74.6037826538086,1607800
2021-06-04,74.6210959254057,74.62974548339844,74.6210959254057,74.62974548339844,2060600
2021-06-07,74.62107849121094,74.62107849121094,74.61242893523904,74.62107849121094,1240100
2021-06-08,74.62973899844573,74.63838195800781,74.62973899844573,74.63838195800781,1504400
2021-06-09,74.64702056144853,74.64702056144853,74.62107849121094,74.62107849121094,2284000
2021-06-10,74.6210992433487,74.64704132080078,74.61244968497135,74.64704132080078,1736300
2021-06-11,74.64703800170429,74.64703800170429,74.62974548339844,74.62974548339844,1661000
2021-06-14,74.62108176651168,74.62973132286322,74.6037826538086,74.6037826538086,3526800
2021-06-15,74.61246158921655,74.61246158921655,74.59516906738281,74.59516906738281,12066300
2021-06-16,74.60377377566793,74.61242333099014,74.51729801547857,74.52594757080078,2094700
2021-06-17,74.54324008376761,74.54324008376761,74.51729801547857,74.52594757080078,2527100
2021-06-18,74.47404261931098,74.48268557453997,74.42215189955834,74.46539306640625,4317700
2021-06-21,74.44815066927798,74.48274230957031,74.43950770746547,74.48274230957031,5551300
2021-06-22,74.50000550251174,74.52594757080078,74.49135594718953,74.52594757080078,2681300
2021-06-23,74.51731753936089,74.51731753936089,74.47408294677734,74.47408294677734,2761200
2021-06-24,74.49139186906359,74.49139186906359,74.47409934775781,74.48274230957031,1273500
2021-06-25,74.4913754642749,74.4913754642749,74.47408294677734,74.47408294677734,1344300
2021-06-28,74.49141147338662,74.50006103515625,74.48276191161699,74.50006103515625,1484900
2021-06-29,74.48272922620576,74.50002834215361,74.48272922620576,74.49137878417969,1691200
2021-06-30,74.50869750976562,74.50869750976562,74.49139838926489,74.50869750976562,2585800
2021-07-01,74.50260838142859,74.50260838142859,74.48531325630813,74.49395751953125,2227100
2021-07-02,74.51991256022258,74.52855682373047,74.50261083585792,74.52855682373047,1863400
2021-07-06,74.52855077936842,74.56314762661745,74.51990651656158,74.55449676513672,3158600
2021-07-07,74.54586862929509,74.56316375732422,74.53721776594286,74.56316375732422,1723000
2021-07-08,74.58044505004933,74.60639103432186,74.58044505004933,74.59774017333984,1440800
2021-07-09,74.58043583305744,74.58908009429763,74.56313411323163,74.57178497314453,1258000
2021-07-12,74.56314762661745,74.5717984880982,74.53720164084915,74.55449676513672,1271000
2021-07-13,74.51991010522326,74.51991010522326,74.49395751953125,74.49395751953125,2683300
2021-07-14,74.5285433105107,74.54584503173828,74.5285433105107,74.54584503173828,1696000
2021-07-15,74.55449676513672,74.55449676513672,74.53720164084915,74.55449676513672,1396300
2021-07-16,74.5285433105107,74.56314015429263,74.51989904857015,74.54584503173828,1851600
2021-07-19,74.5891191192785,74.62371597835846,74.58047485351562,74.58047485351562,9352500
2021-07-20,74.62370213236517,74.63235299519907,74.59775614253836,74.61505126953125,2405300
2021-07-21,74.59776982193979,74.60642068636007,74.58047469177541,74.58911895751953,2789500
2021-07-22,74.58908931235783,74.60639103432186,74.58044505004933,74.59774017333984,2295700
2021-07-23,74.5891130674476,74.60641479492188,74.5891130674476,74.60641479492188,1386800
2021-07-26,74.60642068636007,74.60642068636007,74.58911895751953,74.58911895751953,2259200
2021-07-27,74.6150590599834,74.6150590599834,74.60641479492188,74.60641479492188,1387000
2021-07-28,74.60640700537228,74.62370213236517,74.58046101554547,74.61505126953125,2438500
2021-07-29,74.59775614253836,74.61505126953125,74.59775614253836,74.61505126953125,1197600
2021-07-30,74.62369624478221,74.6323471069336,74.61504538263083,74.6323471069336,2019300
2021-08-02,74.64274427403848,74.66869387640065,74.64274427403848,74.66004180908203,3399900
2021-08-03,74.66004180908203,74.66869387640065,74.6513963413571,74.66004180908203,1221700
2021-08-04,74.66869590890391,74.68599344441832,74.61679670276685,74.63409423828125,1878600
2021-08-05,74.59947204589844,74.60812411107244,74.58217451514246,74.59947204589844,1400000
2021-08-06,74.57352447509766,74.58217654050662,74.57352447509766,74.57352447509766,2313700
2021-08-09,74.58218620021658,74.59083826674615,74.5475845336914,74.5475845336914,1862800
2021-08-10,74.54757129949043,74.55622336448401,74.52162170410156,74.52162170410156,1198100
2021-08-11,74.5389473893556,74.56489699454615,74.5389473893556,74.5562515258789,1837300
2021-08-12,74.54759945761725,74.5562515258789,74.5389473893556,74.5562515258789,1792800
2021-08-13,74.54758283802114,74.57353243742651,74.54758283802114,74.56488037109375,1333000
2021-08-16,74.5821762084961,74.59947373964481,74.57352414312564,74.5821762084961,1797100
2021-08-17,74.57353243742651,74.59083657009204,74.56488037109375,74.56488037109375,1579600
2021-08-18,74.56488037109375,74.58218450375928,74.54758283802114,74.56488037109375,2310100
2021-08-19,74.58218450375928,74.58218450375928,74.55623490435391,74.56488037109375,1780800
2021-08-20,74.56488037109375,74.57353243742651,74.55623490435391,74.56488037109375,1685300
2021-08-23,74.55623490435391,74.56488037109375,74.54758283802114,74.56488037109375,1532500
2021-08-24,74.56489699454615,74.56489699454615,74.54759945761725,74.5562515258789,1249900
2021-08-25,74.56488206715746,74.56488206715746,74.53893246716184,74.5475845336914,1319600
2021-08-26,74.5475845336914,74.56488206715746,74.53893246716184,74.5475845336914,2078600
2021-08-27,74.56487038479443,74.59947204589844,74.53892078886443,74.59947204589844,2774900
2021-08-30,74.59948663775161,74.62543623875742,74.59084117047857,74.61679077148438,1438000
2021-08-31,74.61679873527028,74.61679873527028,74.60814666748047,74.60814666748047,2052200
2021-09-01,74.61068228721773,74.61068228721773,74.59338215712037,74.60203552246094,1324600
2021-09-02,74.60203552246094,74.61068228721773,74.59338215712037,74.60203552246094,1640100
2021-09-03,74.60203552246094,74.61068228721773,74.60203552246094,74.60203552246094,1136600
2021-09-07,74.59343284107335,74.59343284107335,74.57612609863281,74.57612609863281,1468700
2021-09-08,74.59341430664062,74.60206767571077,74.58476093757048,74.59341430664062,1607200
2021-09-09,74.58477189239625,74.61072540283203,74.58477189239625,74.61072540283203,1600700
2021-09-10,74.58477020263672,74.60207694292689,74.58477020263672,74.58477020263672,1380200
2021-09-13,74.59338215712037,74.60203552246094,74.59338215712037,74.60203552246094,1095900
2021-09-14,74.61072540283203,74.61937877317315,74.6020786330785,74.61072540283203,1422900
2021-09-15,74.6020786330785,74.61072540283203,74.59342526273737,74.61072540283203,1790500
2021-09-16,74.58477020263672,74.5934235727818,74.57611683249164,74.58477020263672,1095300
2021-09-17,74.5761211352909,74.5761211352909,74.56747436523438,74.56747436523438,2905000
2021-09-20,74.58477020263672,74.5934235727818,74.57611683249164,74.58477020263672,2407400
2021-09-21,74.59338215712037,74.61068228721773,74.59338215712037,74.60203552246094,1931300
2021-09-22,74.58475324760023,74.60205998395612,74.5414996078824,74.55879974365234,1606100
2021-09-23,74.53285544454796,74.54150881379461,74.51554870605469,74.51554870605469,2855800
2021-09-24,74.5155699085809,74.52422328028976,74.48961639404297,74.48961639404297,1462800
2021-09-27,74.48957988113906,74.49823324860627,74.48092651367188,74.48092651367188,1835300
2021-09-28,74.48961639404297,74.49826976575183,74.48096302233411,74.48961639404297,2489500
2021-09-29,74.49824856814817,74.51554870605469,74.49824856814817,74.51554870605469,3552100
2021-09-30,74.49824529797085,74.53285217285156,74.49824529797085,74.53285217285156,4498600
2021-10-01,74.55103413820301,74.5683364868164,74.54237966318121,74.5683364868164,3991700
2021-10-04,74.54237639847089,74.55103087311366,74.53372192382812,74.53372192382812,12146800
2021-10-05,74.52507019042969,74.53372466539079,74.51642231689875,74.52507019042969,3590900
2021-10-06,74.51642608642578,74.51642608642578,74.49911713562797,74.51642608642578,3850200
2021-10-07,74.49910247174229,74.49910247174229,74.48180012578067,74.49044799804688,2452100
2021-10-08,74.49913462371954,74.49913462371954,74.45587543943127,74.46452331542969,1969600
2021-10-11,74.42990275048275,74.44721170319104,74.40394592285156,74.40394592285156,2012100
2021-10-12,74.43856811523438,74.44722259285444,74.41261128380638,74.43856811523438,1945700
2021-10-13,74.3952876779902,74.42124450200328,74.3952876779902,74.41259002685547,2764300
2021-10-14,74.42124450200328,74.42989237572075,74.36067637882933,74.41259002685547,3496500
2021-10-15,74.3866555741535,74.40395792822234,74.3520442645835,74.36934661865234,2839800
2021-10-18,74.3174057006836,74.34336252298391,74.30010335296001,74.3174057006836,2968700
2021-10-19,74.3433609008789,74.3606698496547,74.3433609008789,74.3433609008789,1838600
2021-10-20,74.36069874233407,74.36934661865234,74.36069874233407,74.36934661865234,2360700
2021-10-21,74.30874795885434,74.31740243305055,74.2741366634991,74.28279113769531,2117400
2021-10-22,74.25684845384362,74.2655029296875,74.21358267605507,74.2655029296875,3414900
2021-10-25,74.27413118381905,74.3087424766208,74.27413118381905,74.30009460449219,1990400
2021-10-26,74.28279113769531,74.29144561189152,74.26548879073249,74.28279113769531,2870300
2021-10-27,74.2914597557883,74.30011423163216,74.21358267605507,74.2655029296875,4373600
2021-10-28,74.23955758661415,74.30877359977865,74.23090310943164,74.27416229248047,2970000
2021-10-29,74.22222302118105,74.30874795885434,74.20492067421823,74.28279113769531,3957900
2021-11-01,74.24039837085637,74.26635852124537,74.22308720241284,74.24905395507812,5050500
2021-11-02,74.30096703719174,74.33558276843942,74.28365587043007,74.3269271850586,2187800
2021-11-03,74.30960845947266,74.32691302066097,74.24037701017063,74.30960845947266,3242400
2021-11-04,74.3529384548895,74.4135143756535,74.3529384548895,74.37889862060547,3545800
2021-11-05,74.36156998077963,74.42214588194126,74.35291439424854,74.41349029541016,2946700
2021-11-08,74.3788474807923,74.38750306417313,74.31827160167775,74.3269271850586,2292900
2021-11-09,74.37022399902344,74.38752856944268,74.36156841267486,74.37022399902344,1938700
2021-11-10,74.26634717892314,74.28365174244753,74.22307586669922,74.22307586669922,5382400
2021-11-11,74.20578883320466,74.21444441814926,74.17117309570312,74.17117309570312,1839100
2021-11-12,74.23174285888672,74.2490540273471,74.20578270847246,74.23174285888672,3130800
2021-11-15,74.2403870324989,74.2403870324989,74.19711572027498,74.22307586669922,2433500
2021-11-16,74.20577130317483,74.23173144959907,74.13653984452667,74.22307586669922,1722500
2021-11-17,74.21443822046737,74.24905395507812,74.2057826362456,74.24905395507812,1445900
2021-11-18,74.23173900850394,74.25769915757165,74.2230834247227,74.24039459228516,1620300
2021-11-19,74.30096290824721,74.31826747177162,74.22307586669922,74.22307586669922,2791100
2021-11-22,74.15382391582214,74.17112847302376,74.11920819914604,74.13651275634766,3126600
2021-11-23,74.14516833608491,74.16247289328652,74.1278637788833,74.13651275634766,2892300
2021-11-24,74.11060710921124,74.12791828141377,74.09330253928644,74.1192626953125,1613400
2021-11-26,74.27502063625235,74.32694094159555,74.26636505126953,74.26636505126953,2842700
2021-11-29,74.25770066735333,74.30097198486328,74.240396101715,74.30097198486328,3767900
2021-11-30,74.344241790832,74.38750650518621,74.21443444321744,74.24039459228516,6358600
2021-12-01,74.17978211518908,74.24905395507812,74.12783153833544,74.24905395507812,10046200
2021-12-02,74.18842924860368,74.19708987854563,74.12781805126015,74.15379333496094,4117900
2021-12-03,74.11918817693854,74.21443532744743,74.11052754340288,74.1971206665039,2931600
2021-12-06,74.17112578703325,74.17977981215601,74.11916860566645,74.13648986816406,4120400
2021-12-07,74.07591095838434,74.0845649872802,74.04127502441406,74.04127502441406,4194600
2021-12-08,74.02396416710202,74.0672607421875,74.0153101369888,74.0672607421875,2396700
2021-12-09,74.05858968833473,74.0845649872802,74.04127502441406,74.04127502441406,1829300
2021-12-10,74.06722132637361,74.12783253556033,74.0499000631052,74.07588195800781,1854400
2021-12-13,74.07588119710448,74.1364924056686,74.06722056555924,74.11917114257812,2589400
2021-12-14,74.07588195800781,74.10185724678408,74.07588195800781,74.07588195800781,3931700
2021-12-15,74.06722412466769,74.10186004638672,74.00661291319105,74.10186004638672,5859800
2021-12-16,74.11744466136852,74.1607437133789,74.11744466136852,74.1607437133789,2523500
2021-12-17,74.1521165206578,74.17809728340646,74.10881084439768,74.12612915039062,2459300
2021-12-20,74.16941337242098,74.19539412765447,74.1434326171875,74.1434326171875,5130600
2021-12-21,74.10878299793438,74.11744545143519,74.07413979144722,74.1001205444336,2031700
2021-12-22,74.10013991807209,74.1088023738377,74.07415915829299,74.09148406982422,3726000
2021-12-23,74.09148716315853,74.09148716315853,74.06549979477671,74.08282470703125,1919700
2021-12-27,74.03953696099201,74.0568618774414,74.03088111028693,74.0568618774414,2270700
2021-12-28,74.0568618774414,74.07418018637118,74.0481994192167,74.0568618774414,3464800
2021-12-29,74.04814147949219,74.06545977487109,74.0394790280455,74.04814147949219,3110300
2021-12-30,74.05684085427951,74.09148406982422,74.0481783985139,74.09148406982422,1619100
2021-12-31,74.10014301176778,74.10880546789505,74.05684394616746,74.08282470703125,2649500
2022-01-03,74.00485640786255,74.01351886171794,73.97887565381265,73.99620056152344,5301700
2022-01-04,73.99617544775568,74.03947448730469,73.99617544775568,74.03947448730469,2759300
2022-01-05,74.0134926290463,74.0134926290463,73.93555039452177,73.94420623779297,2851800
2022-01-06,73.9009308641495,73.90958671019257,73.86628765742906,73.88360595703125,3526800
2022-01-07,73.85763240643595,73.89227561653479,73.8403141051449,73.86629486083984,2658000
2022-01-10,73.84898643776432,73.85764889410197,73.82300567626953,73.82300567626953,4347300
2022-01-11,73.77968107229793,73.84896087646484,73.7710186189586,73.84896087646484,15869300
2022-01-12,73.85764889410197,73.85764889410197,73.82300567626953,73.82300567626953,7286200
2022-01-13,73.8403400788476,73.86632084368142,73.83167762139666,73.85765838623047,3739100
2022-01-14,73.83164603406739,73.83164603406739,73.76235961914062,73.76235961914062,2064800
2022-01-18,73.69307933072926,73.70174178519432,73.64111781897245,73.6497802734375,3257300
2022-01-19,73.6757781563142,73.71908383118975,73.6757781563142,73.68444061279297,3753500
2022-01-20,73.67575382324671,73.68441627686451,73.65843552352722,73.6670913696289,2762400
2022-01-21,73.74504707681119,73.7623653781369,73.71906632106425,73.72772216796875,5322600
2022-01-24,73.76237178554896,73.8229957567302,73.74505348271889,73.77103424072266,7835800
2022-01-25,73.77968719353537,73.79700549413495,73.73638153076172,73.73638153076172,4657100
2022-01-26,73.74504867375151,73.77102943006106,73.58915752837738,73.60647583007812,10878900
2022-01-27,73.54582214355469,73.58046534047398,73.52850384885213,73.54582214355469,7524900
2022-01-28,73.54584999386242,73.58915565828906,73.53719414699044,73.57183074951172,4613200
2022-01-31,73.55451244825109,73.58915565828906,73.52853169260177,73.57183074951172,7218500
2022-02-01,73.59173790762502,73.59173790762502,73.5224393492473,73.56575012207031,13138500
2022-02-02,73.59173466565122,73.60906426146065,73.57441167914607,73.58307647705078,5492000
2022-02-03,73.54842583441163,73.54842583441163,73.50510845304996,73.5224380493164,3620800
2022-02-04,73.41849286484945,73.41849286484945,73.34052949622073,73.37517547607422,9404700
2022-02-07,73.39248657226562,73.4011513696973,73.35783399184284,73.39248657226562,3555700
2022-02-08,73.35786970607242,73.36653450772255,73.3145523071289,73.3145523071289,14355600
2022-02-09,73.34053027507396,73.34918846547649,73.2972128858387,73.30587768554688,2976900
2022-02-10,73.15859676840046,73.16726156742651,72.93336486816406,72.93336486816406,5892000
2022-02-11,73.05465631659376,73.15860748291016,72.98535113284542,73.15860748291016,5432400
2022-02-14,73.01135797882593,73.05467538230008,72.9593823821032,73.00269317626953,4375400
2022-02-15,73.00268448946694,73.04600188778663,72.9853614957233,73.02867889404297,2127700
2022-02-16,73.05464959557696,73.13261296314164,73.03731999658115,73.12395477294922,3335200
2022-02-17,73.12398656557217,73.16729736328125,73.115321762307,73.16729736328125,4442900
2022-02-18,73.19325682840632,73.21924461883278,73.14994604746417,73.17593383789062,2459400
2022-02-22,73.13260094409694,73.1499305402447,73.08062537426245,73.10661315917969,3487300
2022-02-23,73.08065357744496,73.10664137239137,73.04600098108075,73.06332397460938,4258700
2022-02-24,73.21924113020422,73.23657072920004,73.10662517395342,73.12395477294922,4573600
2022-02-25,73.08930218426309,73.12395477294922,73.04598479607905,73.12395477294922,4279100
2022-02-28,73.25391387939453,73.31455427395798,73.24525568681926,73.25391387939453,5265300
2022-03-01,73.40553209953096,73.53551606767978,73.38820398903209,73.42286682128906,7383600
2022-03-02,73.31023608789113,73.3189034517406,73.16292395875791,73.18025207519531,5250800
2022-03-03,73.17159132260737,73.21491491933163,73.13692847847105,73.18025207519531,6877400
2022-03-04,73.24957238288096,73.31023070284844,73.24090501966816,73.25823974609375,2880500
2022-03-07,73.18892120112757,73.23225141015656,73.16292572021484,73.16292572021484,6302700
2022-03-08,73.11958739159897,73.14558948088596,73.0502683206165,73.06759643554688,5585700
2022-03-09,73.01563123729751,73.04162672449402,72.98963575010102,73.0242919921875,4988900
2022-03-10,72.963623046875,72.97229041176853,72.92896680982557,72.963623046875,4780300
2022-03-11,72.9375991821289,72.9462665436498,72.89427559704394,72.9375991821289,2620800
2022-03-14,72.81629681358345,72.83363154001707,72.7469711303711,72.7469711303711,3874900
2022-03-15,72.85958771159729,72.8682484588807,72.76426660142006,72.77293395996094,4999800
2022-03-16,72.75564238778419,72.77297711514562,72.58233478173815,72.70365142822266,5365100
2022-03-17,72.66896783166564,72.70363066522796,72.65163310925472,72.6776351928711,4453400
2022-03-18,72.64295784201855,72.6776206686537,72.63429048254521,72.66028594970703,4946500
2022-03-21,72.5649756509433,72.5823103724751,72.40899621345284,72.41766357421875,5342500
2022-03-22,72.33969666062612,72.39168761671763,72.32236193442165,72.36569213867188,2931500
2022-03-23,72.40902635523662,72.45235656584408,72.37436350900302,72.42636108398438,4184400
2022-03-24,72.40037397489037,72.41770209438013,72.35704375927196,72.4090347290039,3311200
2022-03-25,72.30503796267881,72.30503796267881,72.157719226543,72.209716796875,4601800
2022-03-28,72.16636107092886,72.20102390180574,72.14036560058594,72.14036560058594,2991200
2022-03-29,72.16638909361997,72.21838005449423,72.12306549664525,72.17505645751953,4640300
2022-03-30,72.16639245365195,72.24438550985623,72.15772508934883,72.22705078125,5826600
2022-03-31,72.25304626289747,72.28770910884806,72.21838341694689,72.22705078125,5328800
2022-04-01,72.06751602664477,72.11953605539377,72.05018042647298,72.07618713378906,10292300
2022-04-04,72.1022027664748,72.1282094770102,72.05886045362166,72.11954498291016,5015400
2022-04-05,72.07617027375521,72.07617027375521,71.97213685470948,71.9894790649414,4694600
2022-04-06,71.96348379016402,72.1195306364523,71.94614157717848,72.04150390625,7479700
2022-04-07,72.09353637695312,72.13687868866674,72.05885855911175,72.09353637695312,6184500
2022-04-08,71.99818670089213,72.05887123926378,71.99818670089213,72.00685119628906,4539500
2022-04-11,71.98082862735842,72.05018425996934,71.97215751975276,72.02417755126953,6705400
2022-04-12,72.13688215395433,72.22357339566346,72.11954655125962,72.20623779296875,5658800
2022-04-13,72.26690483713233,72.35359605786476,72.22355591970803,72.24089813232422,4808100
2022-04-14,72.1802336321876,72.19756923549483,72.09354238741543,72.11087799072266,4336200
2022-04-18,72.12821359402989,72.1368847027425,72.09354238741543,72.11087799072266,4100100
2022-04-19,72.02418611228404,72.05019282407508,71.92882375963826,71.94615936279297,5811000
2022-04-20,71.95480125859282,71.99815017005736,71.93746566247617,71.9894790649414,6121600
2022-04-21,71.91149112443198,71.91149112443198,71.79879315361468,71.86814880371094,7119600
2022-04-22,71.74678794638731,71.88549264835868,71.74678794638731,71.85081481933594,5426000
2022-04-25,71.99818642977004,72.09354879172618,71.94616638699122,71.96350860595703,5772300
2022-04-26,72.07619416097371,72.11087197881508,72.04151634313234,72.09353637695312,6670600
2022-04-27,72.13686563545673,72.1455367418774,72.02416770845313,72.05884552001953,8770900
2022-04-28,71.99818670089213,72.01552230580462,71.93750216252049,72.00685119628906,4671300
2022-04-29,71.8594776939192,71.9375044538072,71.8594776939192,71.86814880371094,8047300
2022-05-02,71.88025883038172,71.89760363346744,71.84556260658225,71.86290740966797,10907500
2022-05-03,71.88894856620045,71.90629999189672,71.802211290609,71.82823181152344,7556800
2022-05-04,71.75883119552043,72.02771867981289,71.70678354677166,72.01904296875,11387900
2022-05-05,71.9323021208874,71.94964692451894,71.85423396047489,71.8976058959961,6415700
2022-05-06,71.8976222458059,71.99303523154725,71.87160172562731,71.88894653320312,6375000
2022-05-09,71.99303676543775,72.08844975321198,71.98436105265013,72.07109832763672,6956200
2022-05-10,72.08844196742257,72.10578677349463,72.01904950787595,72.02772521972656,10070100
2022-05-11,71.97569071749554,72.07109708599621,71.92364305929635,72.03640747070312,7797800
2022-05-12,72.1144595246495,72.20119678670714,72.0884390077951,72.1404800415039,5231400
2022-05-13,72.08845091439476,72.11447143554688,72.05375468031525,72.11447143554688,5002600
2022-05-16,72.14048548976321,72.1925331450317,72.13181639524295,72.1578369140625,4515800
2022-05-17,72.01906905394353,72.08846153232336,71.98437281475361,72.00172424316406,3569200
2022-05-18,71.97569071749554,72.08844851127253,71.96701500485737,72.03640747070312,3613800
2022-05-19,72.18385198134717,72.18385198134717,72.1144595246495,72.1404800415039,4523400
2022-05-20,72.14916345591679,72.24457643965553,72.13181864870504,72.19253540039062,4869500
2022-05-23,72.18385743288205,72.20120223955195,72.13181639524295,72.1578369140625,3648100
2022-05-24,72.21857262152093,72.3573509641982,72.20989690709386,72.3226547241211,4830000
2022-05-25,72.40938342761534,72.40938342761534,72.33131524942789,72.37468719482422,3377200
2022-05-26,72.43541602000758,72.45276083047898,72.36602354286029,72.39204406738281,5493200
2022-05-27,72.41803188547377,72.42670759560664,72.37466657006509,72.40936279296875,6058600
2022-05-31,72.33128129951366,72.33128129951366,72.27056457503508,72.29658508300781,8197900
2022-06-01,72.2575510436267,72.28359186993521,72.13602277232431,72.16206359863281,10980900
2022-06-02,72.18808006231521,72.20543839813877,72.14467428856946,72.17939758300781,5243200
2022-06-03,72.13604689335945,72.17077021431301,72.13604689335945,72.15341186523438,3224000
2022-06-06,72.11868651754328,72.11868651754328,72.05792236328125,72.05792236328125,3584900
2022-06-07,72.09260628073467,72.11864710078623,72.0578829797351,72.06655883789062,3944900
2022-06-08,72.04053667640552,72.0579016427991,72.01449584960938,72.01449584960938,4133100
2022-06-09,71.98844316625721,72.01448398876443,71.94503738021645,71.96240234375,5332600
2022-06-10,71.80617661205517,71.82353495903878,71.65860748291016,71.65860748291016,6124200
2022-06-13,71.45027323283672,71.47631406676929,71.18985827071505,71.29402160644531,8794300
2022-06-14,71.31136479888654,71.33740562486616,71.12907239423522,71.15511322021484,8106200
2022-06-15,71.29400622702443,71.4762986480246,71.18116043006087,71.43289947509766,9018300
2022-06-16,71.34609655082713,71.55442980611204,71.32005572176587,71.52838897705078,8076400
2022-06-17,71.55441500429492,71.56309748645087,71.43288674528529,71.5110092163086,8188800
2022-06-21,71.46761175084211,71.49365257513588,71.45024678611722,71.48497009277344,5443800
2022-06-22,71.64120144716242,71.69328308105469,71.6238431101289,71.69328308105469,4110700
2022-06-23,71.82350645045263,71.92767635939313,71.7453839858419,71.75406646728516,6229400
2022-06-24,71.71065351700278,71.81482341553387,71.6932885558515,71.7366943359375,6103300
2022-06-27,71.65860748291016,71.71937163154607,71.59784333427424,71.65860748291016,7376400
2022-06-28,71.62386937876813,71.64991020526494,71.60650441257417,71.64122772216797,4399500
2022-06-29,71.64121476746475,71.73670219588242,71.6325322859378,71.72801971435547,4170700
2022-06-30,71.84087964667007,71.91900212023404,71.82351468179345,71.8669204711914,16742600
2022-07-01,72.04851074235646,72.1788458459178,72.02244504746794,72.08326721191406,9559300
2022-07-05,72.10068018449132,72.12674589073991,72.05723292132924,72.0746078491211,9888800
2022-07-06,72.09195592788426,72.09195592788426,71.8660421967705,71.8747329711914,4883800
2022-07-07,71.8747250715235,71.8747250715235,71.77914645075408,71.82259368896484,4906300
2022-07-08,71.75310695610936,71.76179110362779,71.7009689253976,71.73572540283203,3249100
2022-07-11,71.80521176434942,71.84865900233164,71.75308038206497,71.76176452636719,16663800
2022-07-12,71.84866969640863,71.88342616614408,71.78784753165131,71.7965316772461,6373100
2022-07-13,71.6314577689235,71.80523351525619,71.62276699287094,71.71834564208984,11769700
2022-07-14,71.5793234232372,71.74441503112818,71.54456694635908,71.6922836303711,6656800
2022-07-15,71.68358548280615,71.79653904920514,71.67489470720024,71.7444076538086,5961500
2022-07-18,71.70095825195312,71.71833980264303,71.65751763346687,71.70095825195312,2608200
2022-07-19,71.70966009630052,71.71835087298697,71.61408144011043,71.62277221679688,9115200
2022-07-20,71.69227079389015,71.69227079389015,71.60538293181219,71.61406707763672,5453600
2022-07-21,71.71835566359735,71.8313092515851,71.70097410906341,71.81393432617188,5850000
2022-07-22,71.96164244677462,72.07459603170577,71.95295166974283,71.99639892578125,6038100
2022-07-25,71.9355697631836,71.97032623881698,71.91818821080695,71.9355697631836,20449500
2022-07-26,72.00507202372377,72.01375616950284,71.90080261230469,71.90080261230469,2854600
2022-07-27,71.91818478157995,72.03983575505616,71.88343493672343,72.01376342773438,7051600
2022-07-28,72.18754756759903,72.20492249045331,72.1267253939294,72.170166015625,5573700
2022-07-29,72.11803651269162,72.19623361126999,72.10066158938085,72.16148376464844,5546100
2022-08-01,72.15973663330078,72.17713662182841,72.10754994002035,72.15973663330078,6463000
2022-08-02,72.15104800926044,72.16844800053012,71.90750122070312,71.90750122070312,14265300
2022-08-03,71.89010704462696,71.93359375,71.7683336517389,71.93359375,6485500
2022-08-04,71.95097869303625,72.04665871545924,71.92488534803923,72.02925872802734,5411500
2022-08-05,71.75963674757445,71.79443009506309,71.71614340417554,71.7335433959961,5049700
2022-08-08,71.7857463665411,71.81183972403248,71.76835300693152,71.80314636230469,6868900
2022-08-09,71.74224339190637,71.75093675166417,71.70745004441774,71.7335433959961,3742100
2022-08-10,71.90751979227021,71.95101314552517,71.7944463644229,71.80314636230469,6820900
2022-08-11,71.89879569586077,71.92488904219799,71.77701568603516,71.77701568603516,4071500
2022-08-12,71.85529738818974,71.86399738175042,71.76831736103507,71.7944107055664,4782800
2022-08-15,71.86400089730658,71.89009424311439,71.83790091534776,71.85530090332031,17015900
2022-08-16,71.83789740106839,71.83789740106839,71.78571071200572,71.7944107055664,3249300
2022-08-17,71.69005005259717,71.75093675166417,71.66395670101882,71.7335433959961,4162400
2022-08-18,71.81178202968323,71.85527534799519,71.77698870226338,71.83787536621094,3648300
2022-08-19,71.76833509932024,71.79442845030081,71.74224174833967,71.78572845458984,4519300
2022-08-22,71.72483393127426,71.75092727940789,71.67264723500702,71.6900405883789,3739700
2022-08-23,71.7074601575039,71.82053357567463,71.68136680224553,71.724853515625,4227600
2022-08-24,71.69872446529742,71.71611781475929,71.64653778076172,71.64653778076172,4551800
2022-08-25,71.70744057790239,71.72483393127426,71.67264723500702,71.6900405883789,3026400
2022-08-26,71.68134556340716,71.71613226934224,71.62045223764213,71.67264556884766,4304000
2022-08-29,71.65523095705657,71.66393094984066,71.61174426543633,71.62043762207031,3656100
2022-08-30,71.60305619411083,71.63784953488998,71.54216950678516,71.58566284179688,4626200
2022-08-31,71.59437394744593,71.62916729685,71.55958059804185,71.57698059082031,5424100
2022-09-01,71.53341455853725,71.57696080953752,71.4724537936719,71.52470397949219,6728700
2022-09-02,71.66406588917881,71.70760550763231,71.62051962649848,71.68148040771484,4105600
2022-09-06,71.57696080953752,71.58566474435753,71.52470397949219,71.52470397949219,4991800
2022-09-07,71.56825066054958,71.62921142578125,71.55083614657987,71.62921142578125,4425300
2022-09-08,71.5856691260418,71.60309028519825,71.53341893702333,71.54212951660156,4979800
2022-09-09,71.54210851681614,71.56823360365686,71.45502267927256,71.48114776611328,4072200
2022-09-12,71.52472334449804,71.53343392590146,71.45505862595127,71.47247314453125,3139400
2022-09-13,71.25471700495443,71.28084209096353,71.18504567944792,71.22859191894531,6543600
2022-09-14,71.16766357421875,71.22862435073775,71.1589529935085,71.16766357421875,4744800
2022-09-15,71.12409958594684,71.14152074302477,71.08926391601562,71.08926391601562,3592100
2022-09-16,71.06316183856319,71.15024771948181,71.05445125720328,71.1241226196289,4366200
2022-09-19,71.01961312370817,71.0631527364773,71.00219196321973,71.04573822021484,4378200
2022-09-20,71.01091766357422,71.1241286539508,70.9847925615048,71.01091766357422,15975300
2022-09-21,71.01088904536127,71.01959962394973,70.81929618176322,70.9499282836914,4475800
2022-09-22,70.87155560981914,70.88026618954387,70.7844697452485,70.81930541992188,6605100
2022-09-23,70.81931701897061,70.83673153704672,70.71480997783395,70.73223114013672,10192800
2022-09-26,70.69738388055238,70.71479839577626,70.54062666663529,70.5754623413086,6145800
2022-09-27,70.6364231109305,70.64513369065521,70.54933724636001,70.5754623413086,15088300
2022-09-28,70.80187375757288,70.8802490234375,70.74091300271463,70.8802490234375,7793400
2022-09-29,70.75832925643815,70.8105794349681,70.70607907790819,70.78445434570312,4734800
2022-09-30,70.79319736709536,70.84544756957088,70.6974008997388,70.72352600097656,8447100
2022-10-03,70.86999333773673,70.99208386212041,70.83511793428083,70.87871551513672,8906600
2022-10-04,70.922351589194,70.99211573356996,70.887469517006,70.9049072265625,6219800
2022-10-05,70.82642186235391,70.86130393173879,70.77410208481383,70.83514404296875,7175900
2022-10-06,70.83514093024922,70.84385645740662,70.74793243408203,70.74793243408203,5100100
2022-10-07,70.68688070920032,70.7043250672525,70.66072082519531,70.66072082519531,4619000
2022-10-10,70.66942642740747,70.67814860438762,70.59966231770971,70.6345443725586,2934800
2022-10-11,70.69560110649024,70.73920534744848,70.66944122314453,70.66944122314453,3836500
2022-10-12,70.68687798766963,70.74791993235557,70.67816246205234,70.73920440673828,8787600
2022-10-13,70.46018024841142,70.61714625668411,70.45145806654199,70.52993774414062,5751300
2022-10-14,70.60839399154048,70.62583169477445,70.47758793153166,70.49502563476562,5506000
2022-10-17,70.61712872054129,70.625844247171,70.56480229539419,70.57352447509766,4013800
2022-10-18,70.64329576556415,70.6520112930771,70.56480944642658,70.60841369628906,7012000
2022-10-19,70.50376761578573,70.52992750452069,70.46888554644765,70.47760772705078,4349100
2022-10-20,70.43399955983182,70.47760380734793,70.39912414550781,70.39912414550781,5797300
2022-10-21,70.48633609600316,70.62585773253036,70.4601762049715,70.58226013183594,5180300
2022-10-24,70.54736637037495,70.60840832369307,70.52120648367774,70.56480407714844,3680100
2022-10-25,70.66942642740747,70.71302400616482,70.61710667167,70.6345443725586,5113300
2022-10-26,70.65201342460325,70.73049974610872,70.64329789682738,70.69561767578125,6039900
2022-10-27,70.77410695042695,70.85258662213243,70.739224878644,70.84386444091797,4010800
2022-10-28,70.75664211104584,70.80024635142422,70.71303787066746,70.73920440673828,4464100
2022-10-31,70.64326654953874,70.66070425042733,70.59966231770971,70.6345443725586,6845900
2022-11-01,70.74025856345615,70.74898928670238,70.56554412841797,70.56554412841797,5349700
2022-11-02,70.60921702579117,70.72277639819514,70.48692026637966,70.53059387207031,5714700
2022-11-03,70.373376404573,70.44326219330793,70.373376404573,70.39958190917969,4834000
2022-11-04,70.43453778643364,70.50442358805032,70.38212676755957,70.47821807861328,4347200
2022-11-07,70.4432358292717,70.4432358292717,70.40829294798193,70.41703033447266,4391400
2022-11-08,70.45201083540314,70.50442185298742,70.44327344424687,70.48695373535156,7092100
2022-11-09,70.51315573037496,70.61797776032009,70.4956809489332,70.60050964355469,4587600
2022-11-10,70.90622486505018,71.01105352003991,70.89749414230643,70.98484802246094,6631600
2022-11-11,70.92372597321203,71.00234249513852,70.90625119188859,70.96739959716797,4246000
2022-11-14,70.89747350343065,70.90620422363281,70.85379324373217,70.90620422363281,7192100
2022-11-15,70.97612762451172,70.98486501402078,70.91497922729916,70.97612762451172,21231100
2022-11-16,71.01105352003991,71.01979090745752,70.96737324762573,70.98484802246094,8253300
2022-11-17,70.92371984830747,70.92371984830747,70.8625714483088,70.89751434326172,5450000
2022-11-18,70.88878686168569,70.91499237039426,70.81890106201172,70.81890106201172,4372600
2022-11-21,70.87127069575548,70.8800080817819,70.79265421553609,70.8013916015625,3435700
2022-11-22,70.84508341250896,70.86255818905354,70.81014052409428,70.85382080078125,3421500
2022-11-23,70.84509224180466,70.92371541670497,70.82762412775756,70.91497802734375,4071000
2022-11-25,70.89750055473833,70.93243677822092,70.88876316653047,70.9237060546875,1539000
2022-11-28,70.94119262695312,70.9761355242031,70.92372451066623,70.94119262695312,4330000
2022-11-29,70.94118353075207,70.95865830947452,70.91497802734375,70.91497802734375,4708500
2022-11-30,70.88006299638877,71.1246566772461,70.85385748267949,71.1246566772461,10368900
2022-12-01,71.16403438138238,71.27782440185547,71.13776898138704,71.27782440185547,23602200
2022-12-02,71.15525814841378,71.26904813514477,71.11148917294369,71.26029968261719,5163300
2022-12-05,71.18153562828932,71.1902907613331,71.05899047851562,71.05899047851562,6591300
2022-12-06,71.09400166989046,71.15527424248255,71.08524653717458,71.13776397705078,4237200
2022-12-07,71.22528749843192,71.2953085113253,71.20777723655245,71.28656005859375,5160400
2022-12-08,71.24280382428803,71.2690625435956,71.20778997247483,71.21654510498047,4121000
2022-12-09,71.20779253372862,71.25156151962179,71.18153381347656,71.18153381347656,4623400
2022-12-12,71.21654681507464,71.22530194779051,71.11150525711268,71.13776397705078,4593800
2022-12-13,71.41784510120947,71.44411049089145,71.3303138368917,71.34782409667969,5790700
2022-12-14,71.40912965521868,71.44414351277086,71.2778293589506,71.35660552978516,5651700
2022-12-15,71.40131795337732,71.41009256591644,71.33113443920082,71.36622619628906,6162800
2022-12-16,71.32239627584508,71.48030590208886,71.31362165964514,71.43643951416016,3987700
2022-12-19,71.41010275805831,71.41010275805831,71.34869384765625,71.34869384765625,4845600
2022-12-20,71.31360208555947,71.36623638217002,71.29605285797645,71.34869384765625,3735600
2022-12-21,71.42765219891378,71.43642681355371,71.39256043342397,71.41888427734375,5219300
2022-12-22,71.40134767308135,71.45398198408778,71.37503051757812,71.37503051757812,6612800
2022-12-23,71.33114543005416,71.35746257865827,71.32237750923234,71.33992004394531,2737200
2022-12-27,71.27852285957714,71.28729747491188,71.19957140077572,71.2434310913086,3969500
2022-12-28,71.26098032197808,71.27852285957714,71.2434310913086,71.2434310913086,4308900
2022-12-29,71.28729073335,71.30483326929009,71.260973582905,71.29605865478516,4149000
2022-12-30,71.23466066033906,71.29606958514862,71.19957558308003,71.20834350585938,6051600
2023-01-03,71.31363415684643,71.32240877458408,71.24345060108979,71.26976776123047,7190500
2023-01-04,71.37501180644057,71.39255434115353,71.30482828145006,71.33992004394531,4098500
2023-01-05,71.21711393837478,71.27852285957714,71.19079678544098,71.2434310913086,4879300
2023-01-06,71.31359635109067,71.52414021367187,71.28727920490161,71.51536560058594,6357400
2023-01-09,71.52415474173047,71.60311288940443,71.52415474173047,71.58556365966797,6204800
2023-01-10,71.5241470336914,71.54169626153663,71.48028735021707,71.5241470336914,3993000
2023-01-11,71.52415474173047,71.5943382745362,71.51538012686224,71.58556365966797,6779700
2023-01-12,71.7083698481837,71.75223622232971,71.65573555366366,71.74346160888672,5571100
2023-01-13,71.69085768443836,71.72594946000714,71.6031315920523,71.62067413330078,4546500
2023-01-17,71.63821073929694,71.69084504683588,71.62943612368356,71.6645278930664,5843400
2023-01-18,71.81364359963464,71.83996074633373,71.78732645293556,71.82241821289062,4551600
2023-01-19,71.81366047957627,71.8312030171428,71.77856871137283,71.80488586425781,4791800
2023-01-20,71.73468699544371,71.75223622232971,71.69960192780968,71.74346160888672,4042100
2023-01-23,71.69961791358084,71.71716045130906,71.65575152965461,71.67329406738281,5559300
2023-01-24,71.67328400661813,71.72592499855452,71.64696685718472,71.6996078491211,4179100
2023-01-25,71.7259190750697,71.76977875614674,71.7171444616267,71.74346160888672,3169400
2023-01-26,71.72592499855452,71.74346753382028,71.69083323495344,71.6996078491211,5417000
2023-01-27,71.68205862078578,71.6996078491211,71.66451608552002,71.6996078491211,3822700
2023-01-30,71.6469599530089,71.6469599530089,71.6206428061115,71.6294174194336,6446200
2023-01-31,71.70836060610962,71.76100158691406,71.66450093068542,71.76100158691406,7241100
2023-02-01,71.7539810643947,71.88581848144531,71.65730073892621,71.88581848144531,8447400
2023-02-02,71.93854124406506,71.9473321921794,71.86822707020778,71.89459991455078,10328800
2023-02-03,71.7188403239628,71.74520647227821,71.63095092773438,71.63095092773438,7167500
2023-02-06,71.49909378187367,71.52545992292494,71.42877960205078,71.42877960205078,4079000
2023-02-07,71.48152538083605,71.56062381150464,71.42878638819374,71.46394348144531,4900000
2023-02-08,71.48151879619448,71.50788493732192,71.44636170618148,71.49030303955078,5112700
2023-02-09,71.52547331180587,71.53426426231162,71.42000872785884,71.43758392333984,4328600
2023-02-10,71.46396618848514,71.47275714097375,71.4024429321289,71.4024429321289,5046300
2023-02-13,71.37605775314424,71.42000579833984,71.37605775314424,71.42000579833984,4934400
2023-02-14,71.33210641391125,71.35847255512041,71.27057647705078,71.27057647705078,7889600
2023-02-15,71.27941131591797,71.31456842768779,71.26183611279977,71.27941131591797,5025800
2023-02-16,71.296937920163,71.3408792466403,71.26178083566423,71.28814697265625,6081600
2023-02-17,71.27938672844927,71.34970092773438,71.26181153139355,71.34970092773438,3773700
2023-02-21,71.26177675725567,71.2793519457351,71.20903778076172,71.20903778076172,6391400
2023-02-22,71.2618064496729,71.28817259614186,71.22664935253742,71.24422454833984,3889600
2023-02-23,71.26178083566423,71.296937920163,71.23541469867219,71.28814697265625,4072900
2023-02-24,71.17389762708737,71.18268186982492,71.11237440028054,71.13874053955078,4189600
2023-02-27,71.19148065721097,71.20027160644531,71.16511451503747,71.20027160644531,3246600
2023-02-28,71.1563349644427,71.20028301212501,71.12996881804558,71.18270111083984,3978100
2023-03-01,71.12283092660974,71.14924992179918,71.04356722207011,71.05237579345703,5386100
2023-03-02,71.03473646806272,71.08757443694364,71.01711933245669,71.07876586914062,6623600
2023-03-03,71.13161984397908,71.13161984397908,71.05236287282337,71.12281799316406,6045000
2023-03-06,71.15805583853209,71.15805583853209,71.0787921369495,71.08760070800781,3862300
2023-03-07,71.11398196602528,71.12279053240937,70.92904238576435,70.93785095214844,6748700
2023-03-08,70.97308968833315,71.00831724379096,70.87622230953566,70.90264129638672,7627900
2023-03-09,71.02593873118195,71.1492318233511,71.00832159288944,71.1316146850586,6480300
2023-03-10,71.41345181402836,71.52794309351533,71.3341948226652,71.51913452148438,10588600
2023-03-13,72.08274792193944,72.25888573283481,71.94184439219362,72.23246002197266,12061400
2023-03-14,71.93305365780769,72.04753822404844,71.76572437571016,71.95947265625,18453100
2023-03-15,72.43502487930724,72.57593514369232,72.22366620170084,72.38218688964844,13411600
2023-03-16,72.42619681436594,72.47023293987667,72.05631754836577,72.09154510498047,8516600
2023-03-17,72.22366000782286,72.5407013565287,72.2148514373114,72.45262908935547,8629700
2023-03-20,72.5230760153157,72.54069315434663,72.29410024070275,72.36455535888672,4907700
2023-03-21,72.13558123049118,72.2148381936472,72.07392796718841,72.09154510498047,4840900
2023-03-22,72.0651225580335,72.44381037422664,72.02108643469766,72.42619323730469,8003600
2023-03-23,72.4790601854524,72.67280171830316,72.42621547742843,72.63758087158203,4930700
2023-03-24,72.83131883509908,72.86654639906492,72.6287687410091,72.67279815673828,8638700
2023-03-27,72.41740005700963,72.47023803616267,72.34694493882567,72.36455535888672,3942500
2023-03-28,72.31172019910267,72.33813918970922,72.25888221788952,72.2853012084961,9564900
2023-03-29,72.2148444858867,72.30291002561206,72.20603591622316,72.25888061523438,4047500
2023-03-30,72.18839747964299,72.26765441894531,72.18839747964299,72.26765441894531,4077300
2023-03-31,72.24125979471579,72.35575103759766,72.22364937525609,72.35575103759766,6451500
2023-04-03,72.28514678207456,72.44401550292969,72.25866978421917,72.44401550292969,9610600
2023-04-04,72.37340986654077,72.63819332783444,72.37340986654077,72.61170959472656,4905400
2023-04-05,72.76173146575294,72.91177223179076,72.6999495777538,72.70877075195312,7535500
2023-04-06,72.71758638614126,72.76171918457197,72.66463241500011,72.68228149414062,4666600
2023-04-10,72.46163546059509,72.47929127454952,72.41750939314907,72.42633056640625,3702300
2023-04-11,72.46165995687493,72.46165995687493,72.35575197222536,72.41753387451172,2725400
2023-04-12,72.53225314021738,72.54990222237193,72.44399426200307,72.4969482421875,6091300
2023-04-13,72.60288908811054,72.63819399885739,72.52345135549935,72.54110717773438,3350600
2023-04-14,72.41754590935733,72.41754590935733,72.33810817394632,72.3734130859375,3161000
2023-04-17,72.31158885227815,72.32041675854018,72.2409790696209,72.2674560546875,3293300
2023-04-18,72.26748123827518,72.32044196058348,72.2321763346436,72.24983215332031,3581200
2023-04-19,72.22333895332694,72.24098803432166,72.17920615025966,72.18803405761719,5923200
2023-04-20,72.33811650224855,72.37342141830439,72.32046741108275,72.36459350585938,4592300
2023-04-21,72.43517808659766,72.4440059959652,72.31161429033949,72.32044219970703,3348200
2023-04-24,72.36458217443342,72.41754290708627,72.36458217443342,72.39988708496094,1906000
2023-04-25,72.53224075342762,72.7087584797112,72.52341284699756,72.68228149414062,3373400
2023-04-26,72.68228352380956,72.69111143048615,72.54107068558322,72.59402465820312,4804200
2023-04-27,72.5057958112742,72.5322728085461,72.41753690912702,72.45283508300781,3452200
2023-04-28,72.5146003694268,72.5322494506836,72.46163965821557,72.5322494506836,4325300
2023-05-01,72.45351649489683,72.45351649489683,72.36505201432038,72.37389373779297,3339700
2023-05-02,72.40045479164324,72.66585506483571,72.39161306543699,72.61277770996094,5394100
2023-05-03,72.66585933028446,72.79855947467013,72.63932065128927,72.78971099853516,4568800
2023-05-04,72.78970655719124,73.0727970315497,72.78970655719124,72.90471649169922,8624900
2023-05-05,72.78086055968402,72.78970903558036,72.69239604894915,72.727783203125,3375100
2023-05-08,72.63046791178276,72.69239374227308,72.61277770996094,72.61277770996094,3166700
2023-05-09,72.61279735885192,72.62163908745073,72.55971324020338,72.59510040283203,4479100
2023-05-10,72.70122888070591,72.81623204497346,72.6835386821294,72.77200317382812,4931800
2023-05-11,72.91357429628054,72.92242277382681,72.79857108582215,72.8162612915039,7866500
2023-05-12,72.79856717730675,72.81625738203873,72.68356397302283,72.6924057006836,8635100
2023-05-15,72.69239206413948,72.71008901496208,72.67470186272605,72.70124053955078,3605100
2023-05-16,72.64816486301389,72.66585506483571,72.55969360567686,72.61277770996094,6905300
2023-05-17,72.59509081709777,72.60393929393933,72.49777782007135,72.53316497802734,4660300
2023-05-18,72.44466438474353,72.4712030526433,72.38273857650844,72.40042877197266,4385700
2023-05-19,72.34736633300781,72.48891492349496,72.29428898627928,72.34736633300781,5650300
2023-05-22,72.36505165481114,72.41812899301188,72.30312584377455,72.32081604003906,4024300
2023-05-23,72.27660167822458,72.33852750747047,72.24122127529193,72.3119888305664,8964000
2023-05-24,72.32083134514899,72.32967981985743,72.20582817157378,72.22351837158203,5761400
2023-05-25,72.16158298019637,72.20581859846516,72.05542154599596,72.06427001953125,7552600
2023-05-26,72.02005403645589,72.05543443811187,71.94927973432604,72.04659271240234,3728700
2023-05-30,72.0731072112363,72.19695882371272,72.04656854419231,72.1881103515625,4441800
2023-05-31,72.2235163549809,72.29429065185504,72.17928073208246,72.25890350341797,7230400
2023-06-01,72.31831532841812,72.39812382993156,72.30944546189691,72.37152099609375,5119300
2023-06-02,72.29173840478352,72.3006082753139,72.13211456388072,72.16758728027344,9465300
2023-06-05,72.10549507887197,72.26511888293979,72.07889223914856,72.18531036376953,5934100
2023-06-06,72.18530638545121,72.20303935571376,72.12323084094194,72.14983367919922,4313400
2023-06-07,72.14096208919979,72.16756492682205,72.05228370855001,72.09662628173828,6869400
2023-06-08,72.19417346352822,72.24737913798664,72.16756386057234,72.21190643310547,4306300
2023-06-09,72.14096348368057,72.14096348368057,72.07888793945312,72.07888793945312,4022200
2023-06-12,72.13209082574798,72.14096069335938,72.07888515153293,72.14096069335938,3824300
2023-06-13,72.22077843528454,72.22077843528454,71.98133936169155,72.00794219970703,4872200
2023-06-14,72.087766520942,72.10549949326747,71.86606715537103,71.96361541748047,6175900
2023-06-15,72.08777703757941,72.1232497531331,72.05230432202575,72.1143798828125,6384600
2023-06-16,71.99021234637965,72.0434180247141,71.93700666804519,72.01681518554688,5079900
2023-06-20,72.02567828568006,72.09662369394411,72.02567828568006,72.04341125488281,4787500
2023-06-21,71.99907544901266,72.07888395901485,71.99020558154803,72.04341125488281,20688500
2023-06-22,72.02569096921123,72.06116367958991,71.95474554845387,71.96361541748047,4198700
2023-06-23,72.09663358938822,72.12323642970692,71.99908533106802,72.02568817138672,3892900
2023-06-26,72.08775780740758,72.09662767536206,72.0345521311346,72.07888793945312,3101500
2023-06-27,72.07002226419179,72.10549497234638,71.95474103698484,71.97248077392578,3574100
2023-06-28,72.0079264178084,72.0522689819336,71.96359061940859,72.0522689819336,4298900
2023-06-29,71.88382495938792,71.89269483147855,71.84835223675547,71.87496185302734,4646400
2023-06-30,71.90153503417969,71.910398136883,71.85719245775411,71.90153503417969,6958700
2023-07-03,71.8535104440238,71.93352901650273,71.80905492787333,71.81794738769531,3600000
2023-07-05,71.8624274607226,71.87131314062157,71.79130132376038,71.8001937866211,6037200
2023-07-06,71.69346551752261,71.76459161573032,71.61345374425748,71.75569915771484,8592000
2023-07-07,71.80906938030165,71.89798043049696,71.80018370165075,71.83574676513672,3944100
2023-07-10,71.87128721876898,71.96019824938506,71.86240154207483,71.94241333007812,2858000
2023-07-11,71.93353271484375,71.96020331272148,71.91574779428541,71.93353271484375,3658500
2023-07-12,72.12024102050255,72.17358222168495,72.10245609813475,72.14691162109375,5068800
2023-07-13,72.29804582548866,72.35138702392578,72.26248276554387,72.35138702392578,4954800
2023-07-14,72.25360001006982,72.28027739583186,72.1646957397461,72.1646957397461,4248900
2023-07-17,72.20026819549919,72.21805312165382,72.16470512615183,72.19137573242188,4027500
2023-07-18,72.26250187111658,72.28917247738661,72.18249005230648,72.19137573242188,2590600
2023-07-19,72.23580334384054,72.25358148016154,72.18246215191822,72.21802520751953,7015800
2023-07-20,72.1291275024414,72.14691242500737,72.07578630066463,72.1291275024414,8745700
2023-07-21,72.13803100585938,72.15581593114767,72.10246793824439,72.13803100585938,3891900
2023-07-24,72.14691477040255,72.1646929105859,72.04911804199219,72.04911804199219,4127300
2023-07-25,72.02243640111578,72.0491069987833,72.00465148069762,72.04021453857422,3275700
2023-07-26,72.06688786402071,72.13801398246609,72.004654206121,72.11134338378906,4339700
2023-07-27,72.07578004883734,72.09355818690068,71.99576825311237,72.00465393066406,5591500
2023-07-28,72.08469225501604,72.12025532384422,72.05802164913534,72.10247039794922,6008600
2023-07-31,72.08466094564177,72.14689459331997,72.08466094564177,72.12022399902344,4066700
2023-08-01,72.086355740021,72.12201198001975,72.05069950002228,72.05960845947266,4957400
2023-08-02,72.09528350830078,72.1131150333184,72.0328867722075,72.09528350830078,4046400
2023-08-03,72.10419301266286,72.14876502060416,72.07745252819151,72.12202453613281,4109400
2023-08-04,72.20222883346491,72.28245026781741,72.20222883346491,72.2646255493164,3590400
2023-08-07,72.26464897854488,72.30922099034625,72.25573321603777,72.29138946533203,10383600
2023-08-08,72.30922453021844,72.34488078125824,72.2913930043313,72.3270492553711,3017000
2023-08-09,72.3181193177815,72.34486660136965,72.2735541132676,72.28246307373047,3198100
2023-08-10,72.31813187162197,72.36270388460639,72.246826171875,72.246826171875,3867900
2023-08-11,72.18442998400307,72.2289951965926,72.16659845837974,72.1755142211914,3596100
2023-08-14,72.13090760207947,72.15764807695096,72.10416712720797,72.11308288574219,3217200
2023-08-15,72.13983154296875,72.2022282583232,72.12200682460973,72.13983154296875,4782100
2023-08-16,72.16659137320016,72.19333185827543,72.10419464111328,72.10419464111328,3794300
2023-08-17,72.18443298339844,72.20225770902802,72.12203624259287,72.18443298339844,6059400
2023-08-18,72.21113586425781,72.2467920976817,72.19330434718029,72.21113586425781,3090600
2023-08-21,72.16656138356144,72.17547714179274,72.13090515136719,72.13090515136719,2642200
2023-08-22,72.1220307958272,72.13985552011063,72.09528350830078,72.09528350830078,2734400
2023-08-23,72.1844081895378,72.25571386829878,72.1844081895378,72.22897338867188,5509000
2023-08-24,72.1755172202163,72.23791396102187,72.1755172202163,72.18443298339844,3653100
2023-08-25,72.15765626132777,72.2022282583232,72.09525954597332,72.13983154296875,4682300
2023-08-28,72.14877673140458,72.18443298339844,72.12203624259287,72.18443298339844,2798300
2023-08-29,72.14876556574636,72.3448715209961,72.14876556574636,72.3448715209961,5272000
2023-08-30,72.38943672854053,72.39835249034289,72.33595575919375,72.3448715209961,4512400
2023-08-31,72.38051197084646,72.42508397358486,72.35377148949654,72.41616821289062,3948700
2023-09-01,72.50195700091736,72.50195700091736,72.3679147058173,72.37684631347656,4157300
2023-09-05,72.35004619565895,72.36792304908072,72.27855241801568,72.28749084472656,4130000
2023-09-06,72.31431089198963,72.31431089198963,72.19813859822432,72.20707702636719,5001100
2023-09-07,72.2785624992293,72.34111785888672,72.26963088929455,72.34111785888672,3130700
2023-09-08,72.36792950201816,72.38579953901147,72.30537414550781,72.30537414550781,3581600
2023-09-11,72.30536452349021,72.32323455810547,72.29642609717177,72.32323455810547,2750500
2023-09-12,72.30536769814833,72.30536769814833,72.27855241801568,72.28749084472656,3358400
2023-09-13,72.29643495144887,72.36792873470908,72.29643495144887,72.35005187988281,3489500
2023-09-14,72.38580076780325,72.39473919546289,72.32324541023098,72.33218383789062,3349300
2023-09-15,72.31430253131387,72.35004942172945,72.29643249511719,72.29643249511719,4055900
2023-09-18,72.28749084472656,72.30536769814833,72.2696208093267,72.28749084472656,2676700
2023-09-19,72.26961071439476,72.28748074729846,72.2338638305664,72.2338638305664,3162800
2023-09-20,72.30538046867572,72.32325050723178,72.18026292669089,72.18920135498047,3583600
2023-09-21,72.19812897613208,72.2517459017976,72.19812897613208,72.22493743896484,5170800
2023-09-22,72.2606856047016,72.32324095842331,72.25174717759216,72.29643249511719,3908000
2023-09-25,72.27853152065744,72.30534679303717,72.26959991455078,72.26959991455078,3439100
2023-09-26,72.28747999031013,72.29641841567884,72.25173310685611,72.2785415649414,14216300
2023-09-27,72.3053696454852,72.3053696454852,72.18919054918048,72.22493743896484,5777600
2023-09-28,72.28749652403573,72.35005187988281,72.26068805981876,72.35005187988281,4522600
2023-09-29,72.40368730149498,72.42156416088733,72.3590087890625,72.3590087890625,6015100
2023-10-02,72.29536139827547,72.322239233511,72.27743828434171,72.2863998413086,5671000
2023-10-03,72.30433034907523,72.33121502526679,72.23265838623047,72.23265838623047,6707600
2023-10-04,72.32226497670212,72.3939437866211,72.28642557174263,72.3939437866211,5927000
2023-10-05,72.46559143066406,72.47455298781199,72.44767515203345,72.46559143066406,4665400
2023-10-06,72.36703841290591,72.4118393652114,72.34912213338308,72.40287780761719,3456700
2023-10-09,72.52833325013569,72.61793518066406,72.52833325013569,72.61793518066406,4119300
2023-10-10,72.53727309344505,72.59999032463752,72.51935681410387,72.57311248779297,5135700
2023-10-11,72.52832162257914,72.55520629882812,72.50144378199666,72.55520629882812,3131500
2023-10-12,72.49247610210786,72.50143082359052,72.45663670918138,72.46559143066406,5362000
2023-10-13,72.5372767029281,72.5372767029281,72.49248258451338,72.5103988647461,3506100
2023-10-16,72.48351454495992,72.48351454495992,72.45663670918138,72.46559143066406,2967800
2023-10-17,72.36702324895985,72.36702324895985,72.28638975450481,72.30430603027344,4245000
2023-10-18,72.32222914170622,72.34910697319123,72.27742819878843,72.30430603027344,5232700
2023-10-19,72.32224429626604,72.4118393652114,72.31328273867182,72.40287780761719,5556600
2023-10-20,72.47457769676086,72.54625650705144,72.47457769676086,72.51937866210938,3660500
2023-10-23,72.50142309780239,72.56414031982422,72.48350682108095,72.56414031982422,4261800
2023-10-24,72.53728783032443,72.56416567262956,72.49249370503819,72.54624938964844,13761400
2023-10-25,72.51039238073845,72.5193539378864,72.45663670918138,72.46559143066406,4773400
2023-10-26,72.53727659114865,72.6268716635059,72.53727659114865,72.60895538330078,4710800
2023-10-27,72.63582365135467,72.66270148595397,72.60894581675535,72.65373992919922,3858100
2023-10-30,72.60000661757273,72.63584601996374,72.58209033421076,72.62688446044922,4816700
2023-10-31,72.58207456525703,72.61791395986168,72.58207456525703,72.59999084472656,3917400
2023-11-01,72.59997822774434,72.78866546022866,72.59997822774434,72.76171112060547,7362900
2023-11-02,72.83360956973958,72.85158370512114,72.74375945820411,72.77071380615234,7828400
2023-11-03,72.94143706930683,73.00433283569876,72.8785413029149,72.96839141845703,8024300
2023-11-06,72.89650629908849,72.89650629908849,72.83361053466797,72.83361053466797,6061400
2023-11-07,72.85158604902493,72.9234688826157,72.84259898104501,72.88752746582031,4546600
2023-11-08,72.87853968019611,72.90549402874615,72.86955261230469,72.86955261230469,4422000
2023-11-09,72.88750260892836,72.89648281872142,72.76171112060547,72.76171112060547,6032900
2023-11-10,72.84257408884429,72.84257408884429,72.7437369402133,72.77967834472656,3916100
2023-11-13,72.74376011962994,72.80665588378906,72.7257928392091,72.80665588378906,7360300
2023-11-14,73.04924036997967,73.09416198730469,73.0132989630462,73.09416198730469,7956500
2023-11-15,72.99532250930545,73.00430957453347,72.93242676295382,72.95938110351562,5069400
2023-11-16,73.07619435019971,73.1211159673027,73.07619435019971,73.08517456054688,4086500
2023-11-17,73.06722956468789,73.07621663289781,73.01332086567729,73.03128814697266,3381800
2023-11-20,73.04027557373047,73.04926264198451,73.02230143722238,73.04027557373047,6247300
2023-11-21,73.08517456054688,73.1211159673027,73.06720728473016,73.08517456054688,2590400
2023-11-22,73.12111632872418,73.12111632872418,73.04924036997967,73.09416198730469,4803300
2023-11-24,73.05824285511405,73.06722992336809,73.03128850547643,73.04027557373047,1575200
2023-11-27,73.07619538160799,73.1390911305378,73.06720831601159,73.1301040649414,4004100
2023-11-28,73.1481033644615,73.28287511916643,73.13012922708427,73.26490783691406,20921000
2023-11-29,73.38168366007066,73.44457940608582,73.36371638483298,73.40863800048828,4423100
2023-11-30,73.38172918824058,73.39071625899635,73.32782047395881,73.36376190185547,5204200
2023-12-01,73.37905737740593,73.58634588029199,73.37004991600743,73.57733154296875,11831100
2023-12-04,73.47820684372526,73.52327166201165,73.43314890136477,73.46919250488281,4431100
2023-12-05,73.50523938799752,73.58635468175916,73.48721758712023,73.55931854248047,12180000
2023-12-06,73.57731786168436,73.57731786168436,73.53225305937247,73.54126739501953,6794600
2023-12-07,73.59536743164062,73.63141103261721,73.58635309343377,73.59536743164062,4977800
2023-12-08,73.46016448997115,73.50522241972575,73.40608534797207,73.4331283569336,3367800
2023-12-11,73.3970843453783,73.45115661621094,73.37004820996198,73.45115661621094,2963900
2023-12-12,73.43312317062971,73.47818109720205,73.42410883494586,73.46015930175781,3268600
2023-12-13,73.51424833482433,73.84771007196498,73.48721219752846,73.82968139648438,10843800
2023-12-14,73.9381746037237,74.01050511780333,73.92009542411253,73.95626068115234,9304300
2023-12-15,73.90200014463582,73.93816539717245,73.84775571473918,73.8748779296875,7178300
2023-12-18,73.89294331415292,73.9019794513944,73.85677807174288,73.86581420898438,3760500
2023-12-19,73.86586098995464,73.91106929605233,73.86586098995464,73.89299011230469,5159300
2023-12-20,73.96529416448493,74.01050245861475,73.92912890874453,73.99241638183594,5164000
2023-12-21,74.1099513337712,74.11899437169038,74.03762082605154,74.06474304199219,6662900
2023-12-22,74.09186553955078,74.10090857750433,74.05570718337039,74.09186553955078,3387900
2023-12-26,74.04666680058938,74.09186819634415,74.03762376231155,74.05570983886719,2503100
2023-12-27,74.1009098713223,74.16419734246837,74.09186683321086,74.1461181640625,2584700
2023-12-28,74.16417665231019,74.17321968789882,74.12801140777074,74.13705444335938,2408600
2023-12-29,74.11898860456594,74.20035524605687,74.11898860456594,74.17323303222656,5075600
2024-01-02,74.08283233642578,74.1099545535448,74.07378929811372,74.08283233642578,4983500
2024-01-03,74.05571260402229,74.12803621949385,74.02858348817587,74.10091400146484,4336500
2024-01-04,74.05570983886719,74.08283205588349,74.03762376231155,74.05570983886719,2923700
2024-01-05,74.01050595519575,74.15516008717425,73.99241987756247,74.03762817382812,8105400
2024-01-08,74.07379178343582,74.18228755336928,74.06474874482036,74.10091400146484,4654900
2024-01-09,74.0918360458644,74.12800128546543,74.08279990932476,74.11896514892578,5227400
2024-01-10,74.16416652506645,74.16416652506645,74.10992211457199,74.11896514892578,6432200
2024-01-11,74.173247198785,74.29982215271224,74.173247198785,74.29077911376953,4904100
2024-01-12,74.43542949737463,74.47159475015424,74.39926424459502,74.44446563720703,6809700
2024-01-16,74.38117924549906,74.42638753658186,74.29981259893016,74.32693481445312,8427200
2024-01-17,74.20938844558637,74.20938844558637,74.15513712730133,74.18226623535156,6717400
2024-01-18,74.22748786270165,74.23653090118457,74.19132260658732,74.21844482421875,4490300
2024-01-19,74.16419982910156,74.19132204652824,74.12803457326024,74.16419982910156,5469300
2024-01-22,74.19132012099973,74.21844233772251,74.18228398063687,74.20036315917969,4607400
2024-01-23,74.17323552004449,74.20035773478449,74.15514944500677,74.19131469726562,3355600
2024-01-24,74.27269016452966,74.28173320228292,74.1551513671875,74.1551513671875,4708300
2024-01-25,74.24557771469132,74.30886519165493,74.23653467574862,74.29077911376953,5493200
2024-01-26,74.26363886806205,74.26363886806205,74.22747361888761,74.24555969238281,4654800
2024-01-29,74.2817432510571,74.32694465030472,74.2817432510571,74.31790161132812,3344700
2024-01-30,74.33596965178563,74.34501268856795,74.22747390384582,74.2726821899414,2345800
2024-01-31,74.38118844922136,74.48968422255496,74.33598705036223,74.40831756591797,7413100
2024-02-01,74.51892852783203,74.59147234273009,74.45545441933598,74.51892852783203,8288100
2024-02-02,74.2922346844769,74.32850659211613,74.23783028209755,74.28316497802734,8260700
2024-02-05,74.20155088464847,74.21061367202424,74.13807678222656,74.13807678222656,5968500
2024-02-06,74.1743595792072,74.28316838896218,74.1743595792072,74.25596618652344,3603400
2024-02-07,74.23781421132212,74.31035109273901,74.21967480234977,74.22874450683594,3044100
2024-02-08,74.2287564773273,74.24688897106627,74.2015542776395,74.21061706542969,2233400
2024-02-09,74.16529340688344,74.19249561061858,74.16529340688344,74.18342590332031,2523900
2024-02-12,74.21062975025635,74.21969945775542,74.18342754591889,74.19249725341797,2730500
2024-02-13,74.03834723524679,74.05647973218765,73.94767091422277,73.95673370361328,5284900
2024-02-14,74.01113972333692,74.09274633095849,74.00207001643697,74.06554412841797,5431500
2024-02-15,74.1562092751364,74.17434868620455,74.10180487824857,74.13807678222656,3772500
2024-02-16,74.00209031702202,74.04743194580078,73.99302060763402,74.04743194580078,7850200
2024-02-20,74.11995275340564,74.14715495749488,74.0927505493164,74.0927505493164,6172800
2024-02-21,74.12902765029412,74.12902765029412,74.02928161621094,74.02928161621094,8590400
2024-02-22,74.0292876042927,74.07462923005637,73.99301568731393,74.02021789550781,15501400
2024-02-23,74.01116095531741,74.06556537600574,74.00209124581556,74.0564956665039,3869300
2024-02-26,74.03834710729139,74.04741681482608,73.98393578024314,74.0020751953125,4547200
2024-02-27,74.02020769222203,74.03834710729139,73.98393578024314,74.0020751953125,3432400
2024-02-28,74.04740564877886,74.08367063712932,74.03833594261187,74.0746078491211,3239500
2024-02-29,74.11995697021484,74.15622888378398,74.10182447251034,74.11995697021484,8833900
2024-03-01,74.15633623447043,74.28365830578295,74.11086109248774,74.26547241210938,4883100
2024-03-04,74.2018156141935,74.22910486661291,74.16544382136803,74.1927261352539,2416300
2024-03-05,74.24726867675781,74.29274381206251,74.21998637098758,74.24726867675781,4102800
2024-03-06,74.29275472188598,74.32003703166261,74.2472795799033,74.26547241210938,5338700
2024-03-07,74.32911723230805,74.35639953613281,74.30182798995229,74.35639953613281,2987700
2024-03-08,74.43825994982522,74.44735636559379,74.37459891650974,74.39279174804688,2387700
2024-03-11,74.35640675715786,74.36549623362816,74.32002803568162,74.3291244506836,3509600
2024-03-12,74.29274163451025,74.3018311104796,74.24726650053844,74.25636291503906,2260900
2024-03-13,74.25635704911696,74.265453462899,74.21997833251953,74.21997833251953,2223300
2024-03-14,74.19271264808573,74.20180212537299,74.15633392333984,74.15633392333984,4085000
2024-03-15,74.12905556454213,74.147241458618,74.1108627319336,74.1108627319336,3045500
2024-03-18,74.12906101658265,74.12906101658265,74.09268228722267,74.11996459960938,1971600
2024-03-19,74.17450496539625,74.19269779339281,74.1563190759306,74.18360137939453,1821700
2024-03-20,74.19268964578471,74.31091526065559,74.18359323278537,74.30181884765625,4769000
2024-03-21,74.32001167365492,74.33819756112347,74.29272937318704,74.30181884765625,3708500
2024-03-22,74.35639953613281,74.374585425839,74.35639953613281,74.35639953613281,2038000
2024-03-25,74.34731251967565,74.35640893494406,74.32003021240234,74.32003021240234,3700600
2024-03-26,74.32001754127145,74.3472998438933,74.30182471383644,74.33820343017578,2183300
2024-03-27,74.39276164757788,74.4382298309591,74.39276164757788,74.4200439453125,2585300
2024-03-28,74.36549922672175,74.38369205745794,74.33821691914943,74.37459564208984,5702800
2024-04-01,74.34720263805592,74.3563222207067,74.21945190429688,74.21945190429688,4661800
2024-04-02,74.21948221526283,74.2742345410955,74.21036262888765,74.2559814453125,3485000
2024-04-03,74.22858211377864,74.31070709228516,74.21033598606266,74.31070709228516,2904100
2024-04-04,74.32898266099784,74.3928545755736,74.31073652605473,74.38372802734375,2806000
2024-04-05,74.3015825309083,74.33808174882834,74.25595676812976,74.26508331298828,3967100
2024-04-08,74.22859975052037,74.24685284408713,74.19210052490234,74.19210052490234,3335800
2024-04-09,74.25595676812976,74.2924559860498,74.25595676812976,74.26508331298828,2680500
2024-04-10,74.02786116543606,74.04611425990898,73.95486967209186,73.9639892578125,6329400
2024-04-11,74.06435640163545,74.06435640163545,74.00048449745385,74.05523681640625,6686500
2024-04-12,74.11000240372812,74.14650163915447,74.10087585449219,74.10087585449219,5387500
2024-04-15,74.00962966666089,74.07350158691406,73.97313043201375,74.07350158691406,4841300
2024-04-16,74.01870482066379,74.05520402996761,73.9730790686559,74.02782440185547,3062800
2024-04-17,74.05525365782995,74.10999902771692,74.04612710900977,74.08262634277344,3598900
2024-04-18,74.1008574193079,74.1008574193079,74.0369855135815,74.04611206054688,3279600
2024-04-19,74.09173425289507,74.09173425289507,74.05524198639976,74.06436157226562,2938200
2024-04-22,74.07350316830176,74.11912895296403,74.07350316830176,74.10087585449219,4174300
2024-04-23,74.08260822257937,74.18297935049996,74.0734816759915,74.16472625732422,3619000
2024-04-24,74.1282330718092,74.14648616647204,74.10998693866225,74.13735961914062,4299800
2024-04-25,74.07349979395327,74.10087247889676,74.05525365782995,74.08262634277344,4224200
2024-04-26,74.11000240372812,74.13737508991854,74.09174930525627,74.10087585449219,3071500
2024-04-29,74.1282330718092,74.14648616647204,74.11911348599367,74.13735961914062,2259600
2024-04-30,74.08261128689276,74.10998396627328,74.04611206054688,74.04611206054688,6420900
2024-05-01,74.1028651149676,74.22187357276286,74.06625464925382,74.19441223144531,8032700
2024-05-02,74.22187622700748,74.31341636269434,74.2127201182194,74.30426025390625,3750700
2024-05-03,74.4690453906113,74.50566284666472,74.38666135254033,74.42327880859375,4960200
2024-05-06,74.43242877135594,74.43242877135594,74.39581131489086,74.41412353515625,2960700
2024-05-07,74.4324279345579,74.4507401546174,74.40496658853422,74.42327880859375,2706200
2024-05-08,74.40497589111328,74.43243724057034,74.40497589111328,74.40497589111328,2308800
2024-05-09,74.45073468234376,74.48735213570572,74.45073468234376,74.46903991699219,2160200
2024-05-10,74.45989859002738,74.45989859002738,74.40497589111328,74.40497589111328,1866100
2024-05-13,74.4690453906113,74.4690453906113,74.42327880859375,74.42327880859375,2442600
2024-05-14,74.47819287403651,74.49649810791016,74.46903676506727,74.49649810791016,2319500
2024-05-15,74.59719449880059,74.6338119506836,74.57888926489149,74.6338119506836,3248400
2024-05-16,74.61552829010681,74.6246774176742,74.56975471600248,74.57891082763672,2978300
2024-05-17,74.56973665526154,74.57889276467816,74.53311920166016,74.53311920166016,2758000
2024-05-20,74.54225473259973,74.54225473259973,74.5147933959961,74.5147933959961,2445200
2024-05-21,74.55140686035156,74.56971208908921,74.55140686035156,74.55140686035156,1991300
2024-05-22,74.51481032584863,74.53311555972228,74.49649810791016,74.49649810791016,3051100
2024-05-23,74.54225274705063,74.54225274705063,74.45071263278906,74.4598617553711,3473500
2024-05-24,74.4598821364134,74.48735046386719,74.45073301132709,74.48735046386719,3041000
2024-05-28,74.51481895669448,74.52397506672425,74.42327880859375,74.42327880859375,2889800
2024-05-29,74.44154075137658,74.44154075137658,74.37746198656599,74.39576721191406,2441700
2024-05-30,74.45990585447768,74.48737419068108,74.45075672647705,74.47821807861328,3711400
2024-05-31,74.53313725353239,74.58806693927096,74.523988125965,74.57891082763672,2923000
2024-06-03,74.58071903056158,74.66337585449219,74.58071903056158,74.66337585449219,5533700
2024-06-04,74.70927410242675,74.76438097545774,74.70008845582235,74.73682403564453,2133300
2024-06-05,74.7644037593409,74.81031799316406,74.7092968695165,74.81031799316406,2577600
2024-06-06,74.8011172302952,74.82867417293834,74.79193858934364,74.81948852539062,3346500
2024-06-07,74.70008921483054,74.70008921483054,74.62662506103516,74.62662506103516,3524300
2024-06-10,74.63582611083984,74.65419740975136,74.62664746798168,74.63582611083984,2952900
2024-06-11,74.69093302941123,74.72766862065066,74.66338308763106,74.7184829711914,3755800
2024-06-12,74.93887391712629,74.948059564674,74.81948852539062,74.81948852539062,3409200
2024-06-13,74.91132335519882,74.96642322683243,74.89295906685297,74.93887329101562,2473800
2024-06-14,74.97561665009982,74.98480229852343,74.94806671142578,74.94806671142578,2854900
2024-06-17,74.90216847740771,74.92053977989654,74.87461853027344,74.87461853027344,1272200
2024-06-18,74.95726741992709,75.01236730834559,74.94808176965793,74.97563171386719,2182800
2024-06-20,74.92969541457855,74.95725235984939,74.91133112432811,74.94806671142578,2618200
2024-06-21,75.00318165807644,75.02155295861475,74.95726741992709,74.97563171386719,2020500
2024-06-24,74.98480987548828,74.99399552484007,74.96643857678468,74.98480987548828,1576500
2024-06-25,74.9939956665039,75.00317430927552,74.96643871839646,74.9939956665039,2618100
2024-06-26,74.94806690651919,74.95725255496671,74.92051696777344,74.92051696777344,2329000
2024-06-27,74.96644606359803,75.00318165807644,74.95726741992709,74.97563171386719,1675800
2024-06-28,75.0582810571076,75.07664534921368,74.97562422613647,74.98480987548828,3894800
2024-07-01,74.9295118391381,74.96636930451969,74.9018704975626,74.92029571533203,3672100
2024-07-02,75.0032116017947,75.02163681583797,74.97557026580918,74.98477935791016,2468800
2024-07-03,75.0124434063474,75.11379264953598,75.0124434063474,75.09536743164062,1772800
2024-07-05,75.17831470068619,75.23360443115234,75.16910560381261,75.23360443115234,2171900
2024-07-08,75.21517199586236,75.2243881225586,75.19674677231482,75.2243881225586,2236000
2024-07-09,75.21514171033076,75.23357395630144,75.17828424823148,75.2059326171875,7304200
2024-07-10,75.25202965474443,75.25202965474443,75.21517217771532,75.23360443115234,2505700
2024-07-11,75.3994441642845,75.42708550895001,75.38101191461183,75.40865325927734,5810700
2024-07-12,75.4547120139473,75.51921081542969,75.4454958909235,75.51921081542969,3170300
2024-07-15,75.50999469240588,75.54685215465898,75.4915694762004,75.51921081542969,3380600
2024-07-16,75.51001752660122,75.55609112581075,75.49159230482395,75.546875,2562400
2024-07-17,75.50079336565942,75.55607604980469,75.4915772416876,75.55607604980469,2701000
2024-07-18,75.54685215465898,75.56528440070659,75.50999469240588,75.51921081542969,3111100
2024-07-19,75.5008083502347,75.5100174461914,75.48237609863281,75.48237609863281,2041700
2024-07-22,75.48236865294018,75.49158477783203,75.45472730810818,75.49158477783203,2429500
2024-07-23,75.51921862944056,75.55607609550732,75.50079341132862,75.52843475341797,2133400
2024-07-24,75.61134365059321,75.6389849871518,75.56527709960938,75.56527709960938,4871200
2024-07-25,75.59294091674045,75.63900748142402,75.55608344708747,75.57450866699219,4907000
2024-07-26,75.67586517333984,75.68508129824103,75.657439953381,75.67586517333984,1591000
2024-07-29,75.69429760685715,75.70351373178072,75.65744013700647,75.6850814819336,4588200
2024-07-30,75.70350605477967,75.74035649104982,75.66664858866666,75.71271514892578,3108100
2024-07-31,75.75878887934591,75.86935424804688,75.6942900709894,75.86935424804688,3403900
2024-08-01,75.89894103518972,76.01912657865209,75.88969436573672,76.0006332397461,5052500
2024-08-02,76.30570957164706,76.44438140036115,76.28721623280933,76.42588806152344,5001400
2024-08-05,76.61077879793255,76.64775841890048,76.34268183577117,76.40739440917969,15588100
2024-08-06,76.3889164981619,76.3889164981619,76.24100503756235,76.3149642944336,12849200
2024-08-07,76.25949112259867,76.3149640916762,76.21327187703415,76.26873779296875,5778900
2024-08-08,76.17628457793192,76.2409971577202,76.16703790849296,76.23175048828125,3622000
2024-08-09,76.28723197843621,76.29647864976359,76.21327976724825,76.25025939941406,5079400
2024-08-12,76.23174281003051,76.31494872031601,76.22249614152291,76.29645538330078,3745600
2024-08-13,76.38890885633724,76.4166488647461,76.37042257054023,76.4166488647461,3856100
2024-08-14,76.37041478821175,76.44437403014761,76.3611681196844,76.40739440917969,4780700
2024-08-15,76.23175033152931,76.25948328664695,76.19477070699173,76.22250366210938,3164700
2024-08-16,76.30571746826172,76.30571746826172,76.23175821154145,76.30571746826172,2987100
2024-08-19,76.28721618652344,76.33344248044749,76.28721618652344,76.28721618652344,2839700
2024-08-20,76.37042225724949,76.39815521240234,76.35192891838611,76.39815521240234,1882600
2024-08-21,76.45362138077147,76.546073969116,76.38890880081563,76.48136138916016,3914500
2024-08-22,76.43514273488456,76.44438940527169,76.37967681884766,76.37967681884766,4181300
2024-08-23,76.44437367171489,76.55530548095703,76.40739405092035,76.55530548095703,3896800
2024-08-26,76.58304601456986,76.58304601456986,76.5183334350586,76.5183334350586,1896600
2024-08-27,76.50909402626114,76.58304622223014,76.50909402626114,76.56455993652344,4067400
2024-08-28,76.58303843326756,76.60153177023558,76.55530548095703,76.55530548095703,3126600
2024-08-29,76.55531352988818,76.55531352988818,76.52758057466184,76.54607391357422,2397100
2024-08-30,76.56456019934437,76.59229315457073,76.53682724411803,76.54607391357422,2781300
2024-09-03,76.59987105352168,76.66480950110723,76.59987105352168,76.62770080566406,3718600
2024-09-04,76.6833663566967,76.80396430694556,76.67408741352067,76.79468536376953,2731100
2024-09-05,76.86892030251896,76.86892030251896,76.76687313756533,76.8225326538086,8628200
2024-09-06,76.90602566683741,77.05445339629553,76.82252931833628,76.96168518066406,6478400
2024-09-09,76.95241226257217,76.98952096728328,76.92458250347926,76.9709701538086,9361700
2024-09-10,76.9894995641232,77.08226776123047,76.98022769884429,77.08226776123047,6833800
2024-09-11,76.99878317493287,77.11938113070717,76.99878317493287,77.017333984375,3679100
2024-09-12,77.02662658691406,77.04518447740719,76.95240918046439,77.02662658691406,2599000
2024-09-13,77.14722602709078,77.1564978939011,77.10083838199546,77.13794708251953,3964000
2024-09-16,77.184326171875,77.20288406066214,77.1472245498223,77.184326171875,2861100
2024-09-17,77.1472276282972,77.15649949529997,77.11011892700293,77.12866973876953,3015200
2024-09-18,77.09157401998215,77.22145095750335,77.04519344387445,77.1008529663086,4413300
2024-09-19,77.12865516070009,77.16576385498047,77.11010435243978,77.16576385498047,2892600
2024-09-20,77.14722295014045,77.21216140402734,77.1101142510964,77.193603515625,4082500
2024-09-23,77.1750527049833,77.22143327046787,77.13794400593927,77.193603515625,5030800
2024-09-24,77.21217037886416,77.27710884029925,77.18433354302502,77.26782989501953,8947900
2024-09-25,77.24927669185404,77.25855563769679,77.20289611816406,77.20289611816406,4829100
2024-09-26,77.20288714135809,77.21216608612193,77.12866973876953,77.12866973876953,2321800
2024-09-27,77.20287176027927,77.25853126225114,77.18431387444886,77.24925231933594,3208500
2024-09-30,77.20288553899644,77.22143635037801,77.11938919337703,77.13794708251953,5176000
2024-10-01,77.18727111816406,77.2617329896321,77.17796160896182,77.18727111816406,4955500
2024-10-02,77.15004400557523,77.19658445281776,77.14073449591166,77.16866302490234,5697700
2024-10-03,77.13143654895062,77.14073895807701,77.0662841796875,77.0662841796875,6480000
2024-10-04,76.87081642876102,76.91735687655117,76.78705214402915,76.8056640625,4013000
2024-10-07,76.69396807936417,76.74981092837412,76.69396807936417,76.70327758789062,5052100
2024-10-08,76.73122455994367,76.7684555053711,76.7126055366916,76.7684555053711,6423500
2024-10-09,76.7498202117215,76.7498202117215,76.68466784630454,76.69397735595703,4166800
2024-10-10,76.75911712646484,76.78703854976563,76.68465526361335,76.75911712646484,3859500
2024-10-11,76.80565313886359,76.8428840715855,76.78704122303981,76.82427215576172,3367200
2024-10-14,76.76843642229497,76.78704833984375,76.7312054861224,76.78704833984375,1849500
2024-10-15,76.85219358003457,76.86150308848363,76.80565313886359,76.82427215576172,3387000
2024-10-16,76.87079620361328,76.88941521826071,76.85218429003933,76.87079620361328,2130700
2024-10-17,76.8149735722731,76.8242830820462,76.78705214402915,76.8056640625,2469600
2024-10-18,76.87079620361328,76.88941521826071,76.85218429003933,76.87079620361328,1725600
2024-10-21,76.8428813963672,76.8428813963672,76.75911712646484,76.75911712646484,3474300
2024-10-22,76.7870249311703,76.79633443764416,76.73118209447276,76.74979400634766,4333300
2024-10-23,76.7311990123956,76.7311990123956,76.69396807936417,76.70327758789062,3303900
2024-10-24,76.74050903320312,76.77773996992819,76.71258760592809,76.74050903320312,2444500
2024-10-25,76.78704732057547,76.8149687470655,76.70328304110534,76.71258544921875,2453000
2024-10-28,76.73121159254175,76.73121159254175,76.64744020421806,76.67536163330078,2886400
2024-10-29,76.64742763780629,76.72188950386915,76.62881572182778,76.70327758789062,2920500
2024-10-30,76.71260733938198,76.7591477975291,76.63814544677734,76.63814544677734,2949300
2024-10-31,76.62881685633165,76.68465970616836,76.591585922749,76.65673828125,3751500
2024-11-01,76.75295081214334,76.77162690554788,76.6128551721485,76.63153839111328,5598400
2024-11-04,76.72492797441981,76.74360406657443,76.66888544683638,76.68756866455078,2400700
2024-11-05,76.68755986351944,76.68755986351944,76.59416516234518,76.66887664794922,2808600
2024-11-06,76.53813354798147,76.59417607711933,76.52879906442514,76.57549285888672,6637800
2024-11-07,76.63154917146373,76.70626068115234,76.6035243390741,76.70626068115234,10555500
2024-11-08,76.69689316905352,76.72491086381707,76.62217456597865,76.65019226074219,3935000
2024-11-11,76.57548640004246,76.59416961669922,76.57548640004246,76.59416961669922,1567900
2024-11-12,76.53813104811734,76.5661558745509,76.49143725518086,76.51945495605469,4609900
2024-11-13,76.6595560940002,76.6595560940002,76.58483746926159,76.63153839111328,2909700
2024-11-14,76.65020897717243,76.66888506923507,76.5101133472435,76.51945495605469,4405400
2024-11-15,76.54747259390393,76.6688850061105,76.51945489305317,76.60350799560547,3299800
2024-11-18,76.63154345248913,76.65956115722656,76.60351862219098,76.65956115722656,2645000
2024-11-19,76.69692047206338,76.70625495660205,76.65956115722656,76.65956115722656,2655600
2024-11-20,76.64087610639899,76.66889381046721,76.62220001220703,76.62220001220703,3362300
2024-11-21,76.63153282201597,76.6688850061105,76.5848319035582,76.60350799560547,2565700
2024-11-22,76.62218731612498,76.64086340722237,76.58482800837085,76.59416961669922,2352200
2024-11-25,76.69692802219978,76.74362182617188,76.67824480016182,76.74362182617188,3579100
2024-11-26,76.72494572969532,76.74362182617188,76.67824480016182,76.74362182617188,6597200
2024-11-27,76.81830852836758,76.82765013550308,76.78094922538403,76.79029083251953,2463400
2024-11-29,76.87434064423914,76.893023857714,76.86500616305986,76.88368225097656,1597600
2024-12-02,76.84151784926023,76.90710598069744,76.81340967129715,76.87899780273438,5102300
2024-12-03,76.92583902166058,76.93521079676214,76.86962266819097,76.88835906982422,3950600
2024-12-04,76.86964155003709,76.99144606199728,76.86964155003709,76.97270965576172,3935400
2024-12-05,76.92585791731538,76.97270965576172,76.9164861399118,76.97270965576172,2517700
2024-12-06,77.07577664026151,77.08514126895724,77.02892490249673,77.04766845703125,5705800
2024-12-09,77.04765420599598,77.04765420599598,77.01953887939453,77.01953887939453,4641600
2024-12-10,77.01020050048828,77.01956513064373,76.97272053414858,77.01020050048828,2919500
2024-12-11,77.06639973534347,77.08513614005983,76.99143981933594,76.99143981933594,2453000
2024-12-12,77.01019538285256,77.01956001238568,76.95397186279297,76.95397186279297,3185000
2024-12-13,76.96332511935111,76.97269689520104,76.91647338867188,76.91647338867188,2420800
2024-12-16,76.94459346740803,76.95395809526578,76.91647813812216,76.92584991455078,2930300
2024-12-17,76.91648288641534,76.95396284587271,76.91648288641534,76.93522644042969,2492600
2024-12-18,76.972849556982,76.99165007666879,76.78480849494866,76.7942123413086,6931400
2024-12-19,76.84119841181992,76.88820328165605,76.82239072546093,76.87879943847656,12522700
2024-12-20,76.95401140494306,76.95401140494306,76.87879500990128,76.88819885253906,3495400
2024-12-23,76.86941377216635,76.88821428818596,76.8412094116211,76.8412094116211,2933800
2024-12-24,76.85059508196875,76.87879943847656,76.84119841181992,76.87879943847656,1583800
2024-12-26,76.85063197753173,76.90704789066298,76.84123530287161,76.89764404296875,1758100
2024-12-27,76.92580856694431,76.95401292238358,76.9164047241211,76.9164047241211,3668600
2024-12-30,77.00103148201684,77.03863968346305,77.00103148201684,77.02923583984375,7397300
2024-12-31,77.08564483956825,77.0950486832222,77.03863996736051,77.07624816894531,3167100
2025-01-02,77.0950422804927,77.10444612336566,77.02922972644276,77.05743408203125,3948300
2025-01-03,77.0950422804927,77.10444612336566,77.03863356931573,77.05743408203125,2804100
2025-01-06,77.0574404816374,77.08564483956825,77.03863996736051,77.07624816894531,2324300
2025-01-07,77.06684404128997,77.08564455549758,77.00103148201684,77.02923583984375,4035500
2025-01-08,77.04803663798344,77.08564483956825,77.04803663798344,77.07624816894531,2747600
2025-01-10,77.02923572799868,77.03863957160434,76.93521881103516,76.93521881103516,6188500
2025-01-13,76.94463668114719,76.95404052734375,76.91643231559046,76.95404052734375,4855000
2025-01-14,76.98224365787614,76.99164750392184,76.96344313881758,76.97284698486328,2281900
2025-01-15,77.13267836808232,77.14208221435547,77.10447400229589,77.14208221435547,3694300
2025-01-16,77.10445857484395,77.2078793440566,77.09505473045238,77.18907165527344,4775000
2025-01-17,77.19850771664015,77.2079115649562,77.16089949641051,77.17030334472656,2248500
2025-01-21,77.19847869873047,77.20788254351173,77.151466647856,77.19847869873047,2400400
2025-01-22,77.19849519358114,77.20789904037171,77.1514831326617,77.1796875,2706800
2025-01-23,77.1514831326617,77.19849519358114,77.1514831326617,77.1796875,3378500
2025-01-24,77.22669219970703,77.27370425614531,77.20789168095135,77.22669219970703,2190000
2025-01-27,77.35830857326326,77.36771241809053,77.30189985036345,77.33950805664062,3639700
2025-01-28,77.32069867930933,77.35830688476562,77.31130200771906,77.35830688476562,2980500
2025-01-29,77.3677032718954,77.3677032718954,77.27368635383283,77.31129455566406,2849200
2025-01-30,77.34890304014361,77.37711457400965,77.33950636855334,77.35830688476562,1956300
2025-01-31,77.3676986694336,77.39590302587143,77.33949431299575,77.3676986694336,2987300
2025-02-03,77.34223256529256,77.3894010950985,77.29507123239381,77.31393432617188,3483200
2025-02-04,77.31396039069016,77.3894271850586,77.31396039069016,77.3894271850586,3232500
2025-02-05,77.41768323582797,77.47427970230056,77.41768323582797,77.4365463256836,3456200
2025-02-06,77.40827178955078,77.43657003145006,77.39884384018963,77.40827178955078,2083200
2025-02-07,77.37053322157917,77.37996836721656,77.32337188720703,77.32337188720703,3488900
2025-02-10,77.37054245180784,77.38941274533384,77.35167935519013,77.36111450195312,2573000
2025-02-11,77.33280380215217,77.36110204097474,77.33280380215217,77.34223175048828,2861900
2025-02-12,77.2667697903233,77.2761977383679,77.22903640742413,77.23846435546875,4537400
2025-02-13,77.32336865690894,77.35166689573151,77.31393351166571,77.34223175048828,3512000
2025-02-14,77.44599914550781,77.47429738520296,77.42713605134684,77.44599914550781,3120500
2025-02-18,77.41770012068649,77.42713526612498,77.37996673583984,77.37996673583984,2824100
2025-02-19,77.38938500259167,77.4365463256836,77.38938500259167,77.4365463256836,2694600
2025-02-20,77.45543429104198,77.48373253073713,77.44599914550781,77.44599914550781,2106500
2025-02-21,77.4837493385511,77.5969495187945,77.4837493385511,77.57807922363281,3614000
2025-02-24,77.5686424405363,77.63467407226562,77.55920729402979,77.63467407226562,2497300
2025-02-25,77.7101360269012,77.76673971076082,77.70070807701485,77.73844146728516,3632100
2025-02-26,77.73843302180569,77.78559435683876,77.70069963563472,77.76673126220703,2280100
2025-02-27,77.73843220631446,77.80446383219409,77.7289970606438,77.79502868652344,4639500
2025-02-28,77.85163676641798,77.93653869628906,77.82333852209713,77.93653869628906,4383100
2025-03-03,77.87313080243317,77.99613557453516,77.86366667565191,77.9866714477539,5333700
2025-03-04,78.07183046962629,78.13806491594492,77.96774673698084,77.99613189697266,5198900
2025-03-05,78.04347163974339,78.06239267978371,77.90153857288611,77.91099548339844,4304600
2025-03-06,77.94882597285343,77.99613939006066,77.90151977466012,77.95829010009766,4557400
2025-03-07,78.06237752612567,78.08129856249302,77.91098035912998,77.9488296508789,3499300
2025-03-10,78.05292523864236,78.11915970449682,78.02454007027835,78.09077453613281,4644400
2025-03-11,78.0907708660228,78.15700532876437,78.03400053196287,78.04346466064453,4668500
2025-03-12,77.9866714477539,78.04344898942784,77.96775041320497,77.9866714477539,3475800
2025-03-13,77.9866871075696,78.08130673734114,77.95830194053964,78.04346466064453,2946600
2025-03-14,78.05290589719553,78.05290589719553,77.97721453998622,77.9866714477539,3932500
2025-03-17,77.96775422734189,78.0150604255352,77.93936906462312,77.95829010009766,4582600
2025-03-18,77.94882597285343,77.99613939006066,77.94882597285343,77.95829010009766,3438500
2025-03-19,77.93936185639956,78.07183074951172,77.91096947729275,78.07183074951172,3886300
2025-03-20,78.15700900198728,78.15700900198728,78.08131040700637,78.09077453613281,3039300
2025-03-21,78.17592607430129,78.19484711083149,78.13807678222656,78.13807678222656,3172500
2025-03-24,78.10022340554988,78.10022340554988,78.02452482535944,78.03398895263672,2351300
2025-03-25,78.05290617347822,78.10021958853838,78.04344926567705,78.06237030029297,2711400
2025-03-26,78.05292157031117,78.08130673734114,78.04346466064453,78.04346466064453,3684800
2025-03-27,78.081298828125,78.10969121129398,78.0623777916933,78.081298828125,2187600
2025-03-28,78.14752225212625,78.2421490779692,78.14752225212625,78.22322082519531,4087900
2025-03-31,78.2894633170369,78.31784848010139,78.21377195520293,78.2800064086914,4593200
2025-04-01,78.28950203152792,78.34646515349692,78.27051673871502,78.3084945678711,4326400
2025-04-02,78.35595546086348,78.35595546086348,78.2230366906939,78.25151824951172,3071600
2025-04-03,78.50786720525878,78.58381561468804,78.48887467025415,78.54584503173828,6729500
2025-04-04,78.78320503031456,78.8686497116014,78.49837493896484,78.49837493896484,12599700
2025-04-07,78.69775543933373,78.74522953714327,78.34646594872203,78.50787353515625,18363100
2025-04-08,78.36547010561037,78.62181143861434,78.36547010561037,78.46041107177734,13086100
2025-04-09,78.51736294107857,78.60281486884453,78.14708815566365,78.41292572021484,25591000
2025-04-10,78.41292377796664,78.47939041098846,78.35596065655386,78.40343475341797,10029500
2025-04-11,78.35595015378081,78.37494268739277,78.23252765941986,78.2610092163086,6585900
2025-04-14,78.30848515653229,78.4508929443398,78.30848515653229,78.4319076538086,5006100
2025-04-15,78.4319076538086,78.4888707689316,78.4224113867783,78.4319076538086,3090700
2025-04-16,78.5173615286549,78.55533935769768,78.47939094314238,78.5363540649414,3178900
2025-04-17,78.56482696533203,78.60280479018836,78.5268491404757,78.56482696533203,3384000
2025-04-21,78.59330488936493,78.6597642689084,78.51734924316406,78.51734924316406,5283700
2025-04-22,78.57432659071547,78.59331188219035,78.52685249673365,78.54584503173828,3521700
2025-04-23,78.56483199735098,78.61230609234443,78.45089851548467,78.48887634277344,3647400
2025-04-24,78.54586119634533,78.58383178710938,78.52686865743208,78.58383178710938,3993500
2025-04-25,78.60282458249554,78.6597877123587,78.57434301756396,78.6502914428711,2259800
2025-04-28,78.65976872405814,78.76420593261719,78.6502724568629,78.76420593261719,2847000
2025-04-29,78.74523189137761,78.82118030920101,78.73573562282573,78.81169128417969,3832200
2025-04-30,78.84015915896151,78.9161148071289,78.83066289205827,78.9161148071289,5104800
2025-05-01,78.94373315053843,78.95325910034333,78.72468716822088,78.75325775146484,5150400
2025-05-02,78.68659487501357,78.71516545979699,78.57230526970876,78.60087585449219,4556100
2025-05-05,78.63899212627825,78.64851807898724,78.56279903695223,78.59136962890625,3420300
2025-05-06,78.65803527832031,78.67708718337806,78.63899063943535,78.65803527832031,3476300
2025-05-07,78.65800662547971,78.7246810027215,78.62943604447331,78.68658447265625,2522500
2025-05-08,78.65801532820399,78.66754127831679,78.51516240736674,78.5246810913086,3566000
2025-05-09,78.60086355795026,78.63896008709195,78.5627670288086,78.5627670288086,2009600
2025-05-12,78.41041081898811,78.46755199611485,78.40088486740964,78.41992950439453,4386600
2025-05-13,78.46753839400414,78.46753839400414,78.3818266431719,78.40087127685547,4241200
2025-05-14,78.41039422641406,78.42943885936887,78.3437271118164,78.3437271118164,3960300
2025-05-15,78.45801247523602,78.49610900878906,78.42944189161392,78.49610900878906,3449300
2025-05-16,78.56277779272375,78.56277779272375,78.467540089906,78.47706604003906,3528300
2025-05-19,78.45803088668825,78.51517933351404,78.44851220069438,78.50565338134766,2906900
2025-05-20,78.50563365716056,78.543730190082,78.48658902378519,78.5151596069336,3289200
2025-05-21,78.48659645701447,78.4961151415183,78.45801860498885,78.46754455566406,4095600
2025-05-22,78.5151596069336,78.52467829053593,78.48658902378519,78.5151596069336,3415600
2025-05-23,78.63896008709195,78.63896008709195,78.54372239732274,78.5627670288086,8202300
2025-05-27,78.57232498966121,78.60089558161523,78.55328035041617,78.59136962890625,3870300
2025-05-28,78.57231437398856,78.57231437398856,78.52469188305069,78.53421783447266,1972600
2025-05-29,78.59135622877693,78.62945276694434,78.59135622877693,78.61993408203125,2154300
2025-05-30,78.65802337361366,78.71517181396484,78.63897873761107,78.71517181396484,4331000
2025-06-02,78.67884955177527,78.70752176236576,78.64063451798037,78.65018463134766,4011000
2025-06-03,78.66928768690053,78.68839520094373,78.62150796654986,78.63106536865234,4456600
2025-06-04,78.69795416569667,78.78394891584128,78.6883967634044,78.77439880371094,5744700
2025-06-05,78.77441758815823,78.79352510713719,78.68841552734375,78.68841552734375,3164700
2025-06-06,78.59285641898805,78.61196393628143,78.55463409423828,78.55463409423828,1563300
2025-06-09,78.58330407127477,78.64064120716998,78.58330407127477,78.61196899414062,2166800
2025-06-10,78.64064120716998,78.65974872569272,78.61196899414062,78.61196899414062,2010600
2025-06-11,78.7075258739734,78.73619079589844,78.6788536618851,78.73619079589844,1825500
2025-06-12,78.81263510174136,78.81263510174136,78.77441277595473,78.8030776977539,2612200
2025-06-13,78.77441534998192,78.77441534998192,78.7170782143468,78.7457504272461,3572700
2025-06-16,78.74574819992787,78.77441312185292,78.726633391869,78.73619079589844,2380700
2025-06-17,78.76484140141868,78.79350631813354,78.7361764847038,78.77439880371094,2057400
2025-06-18,78.81262969970703,78.89862445921024,78.7839574897099,78.81262969970703,1921300
2025-06-20,78.83174989968742,78.8986371534503,78.82219249481733,78.8699722290039,2328700
2025-06-23,78.89863773826134,79.01330472706073,78.89863773826134,78.97508239746094,3113400
2025-06-24,78.9655170184418,79.04196166992188,78.95595961446598,79.04196166992188,4292000
2025-06-25,79.01329897445252,79.06107141535121,78.99418416596232,79.05152130126953,3268100
2025-06-26,79.09928448351494,79.14706420898438,79.08972708038854,79.14706420898438,4964600
2025-06-27,79.09928576716746,79.1566156065311,79.09928576716746,79.11840057373047,2432800
2025-06-30,79.16617044126687,79.17572784423828,79.12794811954367,79.17572784423828,5690200
2025-07-01,79.14122500001564,79.16998154328436,79.08371191347818,79.09329986572266,5018100
2025-07-02,79.10288593853245,79.13164979724185,79.07412939328827,79.0837173461914,4292600
2025-07-03,79.00701716151868,79.01660511306403,78.96867266880142,78.9974365234375,2781500
2025-07-07,78.9974473901035,79.00702802950256,78.96868353151075,78.978271484375,4022000
2025-07-08,78.9686780994968,78.98785400390625,78.95909746075677,78.98785400390625,3648300
2025-07-09,79.0166176593975,79.05496215820312,79.00702970632975,79.05496215820312,2002200
2025-07-10,79.05496215820312,79.05496215820312,79.0166176593975,79.05496215820312,2249400
2025-07-11,79.04536981288655,79.04536981288655,79.01661326874655,79.03578186035156,4146300
2025-07-14,79.04537200927734,79.07412855421639,79.0262034171397,79.04537200927734,1887300
2025-07-15,79.04536269249651,79.04536269249651,78.95909306784768,78.96867370605469,3436600
2025-07-16,78.99743027257385,79.10286847737302,78.99743027257385,79.07411193847656,4457200
2025-07-17,79.07412855421639,79.08371650701777,79.0262034171397,79.04537200927734,2819800
2025-07-18,79.14122907893052,79.15081703166916,79.11247253417969,79.11247253417969,1294500
2025-07-21,79.17956898152481,79.17956898152481,79.15081243844276,79.160400390625,1857200
2025-07-22,79.17957389835072,79.2179183959961,79.17957389835072,79.2179183959961,8474300
2025-07-23,79.18914710280872,79.19873505380068,79.13163402378456,79.15080261230469,2500900
2025-07-24,79.09330529909454,79.12206184433872,79.0837173461914,79.0837173461914,2147100
2025-07-25,79.13166046142578,79.14124110215484,79.11248455303527,79.13166046142578,2023400
2025-07-28,79.1220703125,79.1316582664293,79.1124823585707,79.1220703125,2467100
2025-07-29,79.1412307567635,79.19875116094973,79.1412307567635,79.18916320800781,2079200
2025-07-30,79.15081483415123,79.21791587452857,79.1028823852539,79.1028823852539,3786200
2025-07-31,79.1220582901988,79.15081483415123,79.09330174624635,79.1028823852539,5883700
2025-08-01,79.39139309534046,79.52603568971709,79.39139309534046,79.49718475341797,6048700
2025-08-04,79.50681428911916,79.52605314252146,79.46834391978726,79.51643371582031,4535300
2025-08-05,79.48757934570312,79.5260497133762,79.45872840431642,79.48757934570312,6269300
2025-08-06,79.46834391978726,79.51643371582031,79.46834391978726,79.51643371582031,2741800
2025-08-07,79.49720516271307,79.51643667935943,79.46834688153409,79.47796630859375,2927700
2025-08-08,79.47794885861533,79.47794885861533,79.44909792124376,79.4587173461914,2621200
2025-08-11,79.44909792124376,79.47794885861533,79.44909792124376,79.4587173461914,2730500
2025-08-12,79.48758277318956,79.52605314252146,79.47796334648841,79.51643371582031,2844100
2025-08-13,79.58375253226504,79.62222290039062,79.57413310586553,79.62222290039062,3589200
2025-08-14,79.5452715857648,79.55489101088506,79.51642064787548,79.53565216064453,3934100
2025-08-15,79.55487994257203,79.57411145266543,79.50679016113281,79.50679016113281,1979400
2025-08-18,79.53564109500816,79.54526051879009,79.49717807482135,79.50679016113281,6377300
2025-08-19,79.54527282714844,79.56451167768921,79.53565340187805,79.54527282714844,7318900
2025-08-20,79.55489568336705,79.60297813684943,79.5452762576818,79.57412719726562,2613800
2025-08-21,79.55487994257203,79.56449936635396,79.48755865103941,79.50679016113281,3399800
2025-08-22,79.54527377633028,79.6895358072211,79.53565435094511,79.67991638183594,4815300
2025-08-25,79.63183688633903,79.64144897460938,79.62221746059672,79.64144897460938,5797100
2025-08-26,79.67030801194029,79.71839780806768,79.67030801194029,79.70877838134766,1673600
2025-08-27,79.71840495054052,79.76649475097656,79.70878552295864,79.76649475097656,2399500
2025-08-28,79.73763275146484,79.75686426648913,79.72801332521652,79.73763275146484,1824800
2025-08-29,79.77611150316554,79.82420130641194,79.76649941249529,79.80496978759766,2757600
2025-09-02,79.75477775757788,79.78371867966345,79.74513569045375,79.7644271850586,4372200
2025-09-03,79.76442955547596,79.84161025690214,79.75478012770849,79.82231140136719,3284400
2025-09-04,79.86090439089767,79.88020324707031,79.8416128950821,79.88020324707031,3232700
2025-09-05,80.0538608912763,80.08280181689196,79.98632961138726,79.9959716796875,5352500
2025-09-08,80.05386177007223,80.06350383847831,80.0249134837813,80.0442123413086,2281200
2025-09-09,80.04421585390635,80.07315678110973,79.9766845703125,79.9766845703125,2467600
2025-09-10,80.0345605466773,80.0345605466773,79.986328125,79.986328125,8269500
2025-09-11,80.04420734258304,80.07314826670905,80.00561699029599,80.01526641845703,4892400
2025-09-12,80.01525703200956,80.01525703200956,79.97666668424947,80.00560760498047,3057500
2025-09-15,80.05384475186214,80.05384475186214,80.0345458984375,80.0345458984375,1917300
2025-09-16,80.06350120631922,80.09244213130111,80.05385913823012,80.07315063476562,2091100
2025-09-17,80.09242773799943,80.15995900427369,80.0345458984375,80.0345458984375,4243800
2025-09-18,80.00560760498047,80.03454852571147,79.98631611127855,80.00560760498047,2847600
2025-09-19,80.0345458984375,80.05384475186214,80.02489647172517,80.0345458984375,2196900
2025-09-22,80.04421146261858,80.0538608912763,79.9959716796875,79.9959716796875,1835800
2025-09-23,80.01526790516145,80.0442088298252,80.00561847682113,80.02490997314453,2433300
2025-09-24,80.01526905007785,80.0249111181989,79.986328125,79.986328125,3073900
2025-09-25,79.93807631987445,79.94772574690154,79.90913539914948,79.91877746582031,3458200
2025-09-26,79.94773426108354,79.97667518489065,79.92843540497412,79.96702575683594,2291700
2025-09-29,79.97668018272955,80.00562110834521,79.97668018272955,79.9959716796875,3836900
2025-09-30,80.02489647172517,80.06348681821846,80.02489647172517,80.0345458984375,4044100
2025-10-01,80.13713620820316,80.14681550511303,80.09842640370402,80.1274642944336,4194100
2025-10-02,80.11778193248617,80.14681243896484,80.09842333940705,80.14681243896484,1896800
2025-10-03,80.14681309949137,80.1758436062093,80.11778259277344,80.11778259277344,2282300
2025-10-06,80.10810611580769,80.12746470972773,80.09842681884766,80.09842681884766,2637300
2025-10-07,80.11778715549856,80.15649696104035,80.108107858328,80.13713836669922,2301800
2025-10-08,80.16616671579246,80.16616671579246,80.11778499752373,80.1274642944336,2942100
2025-10-09,80.12746188939278,80.13713380287204,80.10810329615411,80.11778259277344,2884700
2025-10-10,80.20486865480125,80.28228825620718,80.17583815005891,80.25325775146484,5552900
2025-10-13,80.27260807468603,80.40808868408203,80.25325686611781,80.40808868408203,9266400
2025-10-14,80.3209984868015,80.35002899169922,80.30164727791623,80.35002899169922,6221200
2025-10-15,80.32101200027763,80.34036321241862,80.30166078813664,80.31133270263672,3720300
2025-10-16,80.30165598295775,80.44680852318146,80.30165598295775,80.41777801513672,5563700
2025-10-17,80.41776797993589,80.43712657164359,80.3887374755138,80.40808868408203,3354600
2025-10-20,80.41777801513672,80.41777801513672,80.38874750709198,80.41777801513672,3331400
2025-10-21,80.43714141845703,80.44681333295661,80.41778282317618,80.43714141845703,4726800
2025-10-22,80.41778282317618,80.45649263059704,80.41778282317618,80.43714141845703,6952900
2025-10-23,80.41777627155233,80.42745556840417,80.37906646728516,80.37906646728516,4405500
2025-10-24,80.43713901414799,80.44681092835846,80.40810112209468,80.42745971679688,2293400
2025-10-27,80.40808868408203,80.41776797993589,80.37905817965996,80.40808868408203,6043700
2025-10-28,80.39842680415369,80.42745731219844,80.38874750709198,80.41777801513672,6114700
2025-10-29,80.42745821872093,80.42745821872093,80.25326778534873,80.26294708251953,5335000
2025-10-30,80.24358301899731,80.29197211841282,80.23391110562619,80.27261352539062,3799300
2025-10-31,80.30166625976562,80.31133817492473,80.28230766316473,80.30166625976562,3592700
2025-11-03,80.29484772878435,80.3336806082044,80.29484772878435,80.30455780029297,5418800
2025-11-04,80.34340453119049,80.36281727094011,80.33369445800781,80.33369445800781,6502000
2025-11-05,80.33368201821237,80.34339208989142,80.26572632968814,80.27543640136719,3952600
2025-11-06,80.36280274595516,80.40163562505138,80.35309267452753,80.37251281738281,3725200
2025-11-07,80.39191866496114,80.4598743459029,80.39191866496114,80.41133880615234,2942900
2025-11-10,80.40164732870046,80.41135740154155,80.38223458963373,80.39193725585938,6287900
2025-11-11,80.44047953404645,80.45989227294922,80.42105938852829,80.45989227294922,4175200
2025-11-12,80.43075561523438,80.45017575740937,80.42104554414686,80.43075561523438,2369900
2025-11-13,80.3822250366211,80.41134784506784,80.3822250366211,80.3822250366211,5328100
2025-11-14,80.4598743459029,80.4695844164985,80.38221600097926,80.41133880615234,5750000
2025-11-17,80.41135191788204,80.41135191788204,80.39193177352422,80.40164184570312,7200800
2025-11-18,80.47931049407096,80.49872323250955,80.43076753805168,80.45018768310547,3498300
2025-11-19,80.47930834632324,80.49872108424375,80.43076539159942,80.44047546386719,2679800
2025-11-20,80.47930004437842,80.53754565874658,80.4695899731123,80.5084228515625,5810700
2025-11-21,80.59579682503767,80.61521696890766,80.55697135052718,80.60550689697266,4849600
2025-11-24,80.6055090440173,80.61521911621094,80.57638623405133,80.61521911621094,5120700
2025-11-25,80.624916595949,80.67345213610675,80.61520652527194,80.66374206542969,4276700
2025-11-26,80.64433503361674,80.65404510498047,80.61521222613986,80.65404510498047,4349400
2025-11-28,80.67345784109362,80.68316791245735,80.63462496225301,80.65404510498047,2799600
2025-12-01,80.61412551664485,80.61412551664485,80.58491516113281,80.58491516113281,3358500
2025-12-02,80.62386649484537,80.64333758930805,80.6043879715027,80.63359832763672,4653000
2025-12-03,80.69202838543782,80.69202838543782,80.65307876670731,80.68228912353516,2121300
2025-12-04,80.66279777447892,80.66279777447892,80.62385559082031,80.62385559082031,2473900
2025-12-05,80.64333914897303,80.64333914897303,80.59465026855469,80.59465026855469,2172300
2025-12-08,80.59464351752466,80.59464351752466,80.53622280902037,80.5751724243164,3378600
2025-12-09,80.61413887087993,80.61413887087993,80.53623962402344,80.53623962402344,2709900
2025-12-10,80.54597332038058,80.67255401611328,80.53623405797636,80.67255401611328,4431300
2025-12-11,80.711499480363,80.72123874226567,80.67254986163248,80.68228912353516,3552400
2025-12-12,80.6822849695558,80.71149532487972,80.67254570815456,80.69202423095703,4256400
2025-12-15,80.75044665906931,80.7601859206777,80.72123630312412,80.74070739746094,5252200
2025-12-16,80.7601843625818,80.79913397938392,80.75044510116132,80.77965545654297,4004800
2025-12-17,80.76991204212541,80.79912982488456,80.76018021008512,80.78939056396484,5873900
2025-12-18,80.85754809851714,80.85754809851714,80.7991273925164,80.84780883789062,3896800
2025-12-19,80.83317565917969,80.84293747292838,80.81363712814984,80.83317565917969,4195000
2025-12-22,80.82341350653682,80.82341350653682,80.78434389280503,80.79411315917969,4489000
2025-12-23,80.73550432137809,80.76480466577995,80.72573505598876,80.75503540039062,3442900
2025-12-24,80.7843326247611,80.81363296803134,80.77456335974908,80.80387115478516,2287200
2025-12-26,80.87223416895915,80.88199598136795,80.85269564061116,80.86246490478516,2034700
2025-12-29,80.90152740478516,80.9210584796527,80.89175814146913,80.90152740478516,3432000
2025-12-30,80.90152757987535,80.93082791812233,80.90152757987535,80.92105865478516,3641100
2025-12-31,80.91130048676779,80.94060828079829,80.89176940917969,80.89176940917969,3753000
2026-01-02,80.9406240639451,80.9406240639451,80.91131626419966,80.93085479736328,3041700
2026-01-05,80.95036714925273,80.96990567789571,80.94060533669654,80.96013641357422,3063400
2026-01-06,80.95037113836294,80.96990966796875,80.92107079571988,80.96990966796875,4368900
2026-01-07,80.9796749422172,80.99920601909488,80.95036714925273,80.96013641357422,4298000
2026-01-08,80.9406240639451,80.95038587875986,80.93085479736328,80.93085479736328,2470500
2026-01-09,80.94059700628478,80.94059700628478,80.88198887815308,80.90152740478516,3409700
2026-01-12,80.89175814146913,80.91128921633666,80.88198887815308,80.90152740478516,2243100
2026-01-13,80.93082791812233,80.94059718145952,80.91128939144798,80.92105865478516,4656300
2026-01-14,80.95038223673888,80.96992076902343,80.94062042236328,80.94062042236328,3022500
2026-01-15,80.93084265799604,80.93084265799604,80.88200378417969,80.88200378417969,3306400
2026-01-16,80.91129632212474,80.91129632212474,80.85269564061116,80.86246490478516,4540100
2026-01-20,80.88200760238558,80.89177686796322,80.87224578857422,80.87224578857422,5763700
2026-01-21,80.90152358929952,80.91128540039062,80.88198506358891,80.91128540039062,14151400
2026-01-22,80.88200378417969,80.89177304929615,80.8624727057127,80.88200378417969,4878300
2026-01-23,80.90152358929952,80.92105466324593,80.89175432644421,80.91128540039062,2506700
2026-01-26,80.94062042236328,80.95038223673888,80.92108189007871,80.94062042236328,3094300
2026-01-27,80.94060533669654,80.9796749422172,80.94060533669654,80.96013641357422,4339300
2026-01-28,80.9796749422172,80.9796749422172,80.94060533669654,80.96013641357422,4157500
2026-01-29,80.96990221253243,81.01873362851939,80.96990221253243,80.98943328857422,4135800
2026-01-30,81.03826921763522,81.077338820067,81.0284999540861,81.05780029296875,4272800
2026-02-02,81.05781100898474,81.06760979178856,81.00883204352829,81.01862335205078,4079300
2026-02-03,80.99903605572524,81.02842493086949,80.98923727258331,81.00883483886719,4449700
2026-02-04,81.00883175238657,81.057810717667,81.00883175238657,81.04801940917969,3945400
2026-02-05,81.1362044851728,81.19498224659047,81.10681560446396,81.1753921508789,6014000
2026-02-06,81.20478103158774,81.20478103158774,81.14600327017007,81.1753921508789,7414400
2026-02-09,81.1949691772461,81.20476796066613,81.18517786810784,81.1949691772461,6928900
2026-02-10,81.24394226074219,81.26353235007919,81.23414347893342,81.24394226074219,4736200
2026-02-11,81.16556549072266,81.20475314297032,81.14597540173904,81.16556549072266,3509800
2026-02-12,81.19495582597885,81.26353235007919,81.18516451845063,81.24394226074219,3377300
2026-02-13,81.35171728109873,81.38110615616172,81.34191849798388,81.37130737304688,3563900
2026-02-17,81.35171772848123,81.36151651164997,81.32232885325662,81.3419189453125,3293800
2026-02-18,81.29293060302734,81.31252069282402,81.29293060302734,81.29293060302734,2145500
2026-02-19,81.28313182098864,81.32231947486272,81.28313182098864,81.29293060302734,2653900
2026-02-20,81.32231667961473,81.33210798703615,81.28312902708763,81.30271911621094,3451900
2026-02-23,81.33211971486904,81.39090493927658,81.31252962292089,81.37130737304688,2809000
2026-02-24,81.36151606421357,81.38110615616172,81.34191849798388,81.37130737304688,5232700
2026-02-25,81.34190867656437,81.3517074584961,81.32231858698158,81.3517074584961,4495400
2026-02-26,81.34192348443939,81.40070123816861,81.34192348443939,81.38111114501953,7856900
2026-02-27,81.46927099426321,81.50845117370552,81.45947221226228,81.48886108398438,5655100
2026-03-02,81.41323567376273,81.42306079805276,81.3248320382744,81.34447479248047,7074100
2026-03-03,81.25606213547701,81.35429088434945,81.24623701227782,81.33464813232422,5817200
2026-03-04,81.32481545571159,81.33464057799823,81.26587971073668,81.2855224609375,5025800
2026-03-05,81.21676789452924,81.24623576930284,81.19712514280452,81.22659301757812,7172700
2026-03-06,81.20694878052677,81.34447053589504,81.20694878052677,81.2658920288086,5750000
2026-03-09,81.23640728210692,81.31499327449747,81.20693940855365,81.30516815185547,4899200
2026-03-10,81.3051759978561,81.33465136862648,81.24624024506221,81.25606536865234,5106600
2026-03-11,81.21677560653404,81.22660073051587,81.17748260498047,81.17748260498047,3976900
2026-03-12,81.1480090122289,81.16765176443539,81.01048726366382,81.03995513916016,8506900
2026-03-13,81.13818380880667,81.14800893208682,81.06942293459204,81.08907318115234,7184000
2026-03-16,81.17747651249775,81.18730163574219,81.12835839064873,81.18730163574219,4785600
2026-03-17,81.18730317246802,81.21677104838594,81.18730317246802,81.19712829589844,3379600
2026-03-18,81.13818542748174,81.16765330353685,81.0497817993164,81.0497817993164,5624600
2026-03-19,80.93190735123389,81.06942911013901,80.91226459755049,81.03013610839844,12151300
2026-03-20,80.91226050756045,80.922078136719,80.82384938451976,80.85331726074219,11512100
2026-03-23,80.90243815731066,81.03013479010967,80.88278790957317,80.97119903564453,8918100
2026-03-24,80.87296750780608,80.93190326025093,80.81402426098781,80.85331726074219,8547200
2026-03-25,80.94174194335938,80.97120982451834,80.91227406220041,80.94174194335938,5556000
2026-03-26,80.872961704892,80.90242957900001,80.76490783691406,80.76490783691406,7405900
2026-03-27,80.82385377221148,80.9319076538086,80.82385377221148,80.9319076538086,7966400
2026-03-30,81.02031238695366,81.07924813794635,81.01048726366382,81.03995513916016,5461200
2026-03-31,81.12836162496909,81.1578369958775,81.08907611917152,81.10871887207031,10879800
2026-04-01,81.10576629638672,81.13532258880471,81.07621000396873,81.10576629638672,7671800
2026-04-02,81.11561582857033,81.17472840971092,81.10576122609382,81.14517211914062,4735100
2026-04-06,81.0761998166981,81.09590150354798,81.04664352799387,81.06634521484375,3659700
2026-04-07,81.08606201567484,81.16487628731745,81.03679651864616,81.1254653930664,3130500
2026-04-08,81.26340476594505,81.26340476594505,81.17472837741022,81.20428466796875,6026600
2026-04-09,81.20428218969928,81.26340228587131,81.17472590004277,81.22399139404297,6123400
2026-04-10,81.23383849460564,81.24369309677932,81.18458051745522,81.1944351196289,5766600
2026-04-13,81.21412915094209,81.2535400390625,81.18457286406634,81.2535400390625,2919900
2026-04-14,81.24368541291561,81.31265258789062,81.23383081167394,81.31265258789062,3521000
2026-04-15,81.3028005759079,81.3028005759079,81.26339720340297,81.29295349121094,3072800
2026-04-16,81.31267045890363,81.31267045890363,81.26341247558594,81.26341247558594,2875600
2026-04-17,81.3914871045029,81.44075260156455,81.38163250171868,81.4210433959961,4856700
2026-04-20,81.41118623441187,81.41118623441187,81.36192825575792,81.38162994384766,1800400
2026-04-21,81.34222675226623,81.34222675226623,81.26341247558594,81.26341247558594,3375600
2026-04-22,81.33235921294437,81.33235921294437,81.29294832608495,81.30279541015625,2126000
2026-04-23,81.3028158554961,81.31267045890363,81.23384866536338,81.26341247558594,3086000
2026-04-24,81.2929534644426,81.37176772628503,81.27324426133808,81.35206604003906,3271800
2026-04-27,81.34222165868485,81.36193086426572,81.32251996996347,81.3323745727539,2376200
2026-04-28,81.30280563034836,81.3126602325165,81.27324934070295,81.2831039428711,4175900
2026-04-29,81.25355017963261,81.25355017963261,81.14517210299027,81.17472839355469,4900900
2026-04-30,81.25355787217842,81.2732595621335,81.23384866536338,81.26341247558594,4183200
2026-05-01,81.26636902436594,81.33554000173636,81.24660911900487,81.27625274658203,2999400
2026-05-04,81.23672408280866,81.23672408280866,81.12802575740315,81.17743682861328,4021000
2026-05-05,81.21695709228516,81.24660071679669,81.2070733710912,81.21695709228516,3736500
2026-05-06,81.31577698372865,81.33553688833334,81.29600954005313,81.3256607055664,2842000
2026-05-07,81.38494320545698,81.38494320545698,81.24660126409103,81.25648498535156,2564800
2026-05-08,81.35530433200886,81.35530433200886,81.31577698372865,81.3256607055664,1597900
2026-05-11,81.30589217152341,81.31577589322862,81.2466049194336,81.2466049194336,1694000
2026-05-12,81.20707679868286,81.20707679868286,81.17743317292013,81.18731689453125,3292000
2026-05-13,81.2070733710912,81.22683327440879,81.16754602538572,81.21695709228516,2667200
2026-05-14,81.24660414605673,81.25648786766784,81.17743317292013,81.18731689453125,2185600
2026-05-15,81.1181446045991,81.12802832696836,81.0885009765625,81.0885009765625,3543600
2026-05-18,81.13791259206428,81.16755622029916,81.08850151895865,81.1280288696289,3801000
2026-05-19,81.06873321533203,81.09837684049616,81.02920586875638,81.06873321533203,3046900
2026-05-20,81.06873850320778,81.2169641777672,81.06873850320778,81.17743682861328,6917100
2026-05-21,81.09837816043519,81.18731657644558,81.078618256361,81.16754913330078,5047200
2026-05-22,81.19720016508634,81.20708388756026,81.0885018350872,81.14779663085938,2721300
2026-05-26,81.22684113136563,81.23672485351562,81.18732132090777,81.23672485351562,2783500
2026-05-27,81.2466049194336,81.2663648237733,81.23672119772839,81.2466049194336,2001600
2026-05-28,81.24660546448472,81.32566016051528,81.2367217427132,81.2861328125,2578700
2026-05-29,81.3256607055664,81.35530433200886,81.30589326189089,81.3256607055664,2520800
2026-06-01,81.24935183851069,81.2889886821692,81.20970743345507,81.27908325195312,2975600
2026-06-02,81.30881466539557,81.30881466539557,81.26917026033995,81.27908325195312,1890900
2026-06-03,81.23944091796875,81.25925934030325,81.21961493423694,81.23944091796875,3261700
2026-06-04,81.31872277158605,81.32862820120704,81.28898379853315,81.29889678955078,3010500
2026-06-05,81.18987969571707,81.19979268711604,81.13041687011719,81.13041687011719,5008100
2026-06-08,81.19979061614322,81.21960903703874,81.16014621295542,81.17005920410156,5010000
2026-06-09,81.20970153808594,81.2493459402636,81.18987555629883,81.20970153808594,3242100
2026-06-10,81.23943294937004,81.25925136976059,81.20970153808594,81.20970153808594,3446600
2026-06-11,81.22952165181155,81.36827328162755,81.20970323100786,81.35836029052734,4528000
2026-06-12,81.33854675292969,81.3583651749232,81.2989023475455,81.33854675292969,3966800
2026-06-15,81.40792049984611,81.41783349128913,81.35836310402804,81.37818908691406,3625900
2026-06-16,81.36827121336354,81.41782860620818,81.35835822251532,81.39800262451172,1766800
2026-06-17,81.37819147861632,81.39800990068782,81.15023803710938,81.15023803710938,5236600
2026-06-18,81.2592544555664,81.30881185051956,81.24934902569326,81.2592544555664,3044000
2026-06-22,81.19979583916249,81.2196142613328,81.17997741699219,81.17997741699219,2502000
2026-06-23,81.23944091796875,81.26917233216915,81.23944091796875,81.23944091796875,6606500
2026-06-24,81.31872833093618,81.3583651749232,81.30881533924085,81.33854675292969,3660400
2026-06-25,81.37818627272776,81.41783067573186,81.35836029052734,81.35836029052734,4011800
2026-06-26,81.42774234346211,81.47729217536441,81.42774234346211,81.45747375488281,2949000
2026-06-29,81.43765258789062,81.43765258789062,81.4079211747121,81.43765258789062,2234500
2026-06-30,81.41783349128913,81.41783349128913,81.36827609547105,81.37818908691406,3358800
2026-07-01,81.36626575871932,81.40602541055321,81.33644791568845,81.34638214111328,3433600
2026-07-02,81.43584371360176,81.47560336566025,81.42590190474257,81.44578552246094,3504900
2026-07-06,81.46565868034699,81.48554229736328,81.44578264670866,81.48554229736328,5755600
2026-07-07,81.44578364554619,81.4557178707982,81.36626434326172,81.36626434326172,3199600
2026-07-08,81.36626575871932,81.36626575871932,81.31656429808241,81.34638214111328,2179200
2026-07-09,81.39607860285338,81.44578006043791,81.38613679466093,81.41596221923828,2645800
2026-07-10,81.41596434137038,81.43584037489563,81.38613891601562,81.38613891601562,2173800
2026-07-13,81.37620356489322,81.37620356489322,81.29668426513672,81.29668426513672,2808500
2026-07-14,81.43583679199219,81.47559644067132,81.39607714331305,81.43583679199219,2766900
2026-07-15,81.47559902850516,81.53523471172922,81.47559902850516,81.50541687011719,5041100
2026-07-16,81.48554083683511,81.50541687011719,81.4656572201752,81.50541687011719,2730500
2026-07-17,81.56505326120082,81.59487110307161,81.49547576904297,81.49547576904297,4355400
2026-07-20,81.49547793787919,81.49547793787919,81.42590044386968,81.46566009521484,2909600
2026-07-21,81.42589785880755,81.43583966717273,81.38613820872466,81.39608001708984,1845000
2026-07-22,81.39608435604798,81.39608435604798,81.3364486694336,81.3364486694336,3168400
2026-07-23,81.28674387147531,81.29668567996235,81.26686783787919,81.27680206298828,3129200
2026-07-24,81.326505399416,81.37620685962057,81.31656359069947,81.3563232421875,2982800
2026-07-27,81.36626363579231,81.3960814780452,81.35632182724868,81.37620544433594,3070800
2026-07-28,81.41596767926163,81.47560336566025,81.40602587040244,81.44578552246094,2955500
2026-07-29,81.40602224343057,81.53523541933001,81.36626259314353,81.49547576904297,4820100
2026-07-30,81.52529219605735,81.54517581254473,81.50541616294771,81.5153579711914,3451100
2026-07-31,81.47559902850516,81.50541687011719,81.44578118689313,81.50541687011719,3142000
2026-08-03,81.53632426222984,81.53632426222984,81.50641486833486,81.52635192871094,4866900
2026-08-04,81.61608815226776,81.63602521275016,81.60611581869568,81.62606048583984,5719100
2026-08-05,81.60611365252706,81.65596771240234,81.59614131921968,81.65596771240234,5430100
2026-08-06,81.61608557088493,81.61608557088493,81.55626678466797,81.55626678466797,4636200
2026-08-07,81.69584798657266,81.69584798657266,81.64599392758367,81.6759033203125,2939600
2026-08-10,81.63602592784453,81.63602592784453,81.60611653352807,81.6160888671875,1629200
2026-08-11,81.64599754632223,81.6659422134664,81.62606048583984,81.62606048583984,2541600
2026-08-12,81.72575737930147,81.72575737930147,81.6759033203125,81.6759033203125,1930800
2026-08-13,81.76563880717313,81.80552053288669,81.76563880717313,81.78557586669922,1700600
2026-08-14,81.82545976031915,81.8354320936771,81.75566864013672,81.75566864013672,1945700
2026-08-17,81.76564097349467,81.79555036690691,81.75566864013672,81.75566864013672,2912500
2026-08-18,81.75566718834662,81.7955489144086,81.73573012864635,81.77560424804688,2401900
2026-08-19,81.79555366179885,81.81549072265625,81.74569959966249,81.81549072265625,6417400
2026-08-20,81.76563952152748,81.7955489144086,81.75566718834662,81.77560424804688,2248600
2026-08-21,81.77560570019101,81.78557803354896,81.73573158008243,81.75566864013672,2085000
2026-08-24,81.75566864013672,81.77560570019101,81.74569630677877,81.75566864013672,3585800
2026-08-25,81.79555223228122,81.8553710204699,81.79555223228122,81.83543395996094,1972100
2026-08-26,81.81549146058606,81.81549146058606,81.78558206569924,81.80552673339844,5500400
2026-08-27,81.81549217595764,81.82546450989443,81.7855827808093,81.7955551147461,3813100
2026-08-28,81.80552300141804,81.84539712167341,81.63602376035534,81.64599609375,5756100
2026-08-31,81.67590548727235,81.67590548727235,81.64599609375,81.64599609375,4603800
2026-09-01,81.62000274658203,81.66000366210938,81.58999633789062,81.58999633789062,9452400
2026-09-02,81.62999725341797,81.63999938964844,81.61000061035156,81.63999938964844,2705100
2026-09-03,81.7300033569336,81.73999786376953,81.69999694824219,81.70999908447266,3599400
2026-09-04,81.68000030517578,81.70999908447266,81.66999816894531,81.69000244140625,2477900
2026-09-08,81.69999694824219,81.69999694824219,81.6500015258789,81.66000366210938,4279800
2026-09-09,81.6500015258789,81.66999816894531,81.62000274658203,81.62999725341797,2610300
2026-09-10,81.5199966430664,81.5199966430664,81.41999816894531,81.41999816894531,6241200
2026-09-11,81.43000030517578,81.44999694824219,81.33999633789062,81.37000274658203,5934300
2026-09-14,81.3499984741211,81.41999816894531,81.30000305175781,81.33999633789062,4593000
2026-09-15,81.3499984741211,81.36000061035156,81.30999755859375,81.30999755859375,6420800
2026-09-16,81.37999725341797,81.44000244140625,81.23999786376953,81.23999786376953,4029100
2026-09-17,81.33999633789062,81.36000061035156,81.30999755859375,81.36000061035156,5740900
2026-09-18,81.27999877929688,81.29000091552734,81.23999786376953,81.23999786376953,7701100
2026-09-21,81.30999755859375,81.30999755859375,81.27999877929688,81.29000091552734,3971400
