Date,Open,High,Low,Close,Volume
2000-01-03,12.173824231703202,12.173824231703202,11.828350841344056,11.976410865783691,634300
2000-01-04,11.746101994059533,11.92706434971031,11.622718569752184,11.639169692993164,172000
2000-01-05,11.72141760587692,11.902379842599231,11.630936487515767,11.84480094909668,343600
2000-01-06,11.927054378558928,12.108016582923272,11.836573276376757,12.066888809204102,420800
2000-01-07,12.280754059400314,12.85654293023623,12.24785183820969,12.831866264343262,337100
2000-01-10,12.700267223920978,12.790748402329742,12.494628182082879,12.543981552124023,451700
2000-01-11,12.601560483838691,12.716718347268026,12.511079305429927,12.543981552124023,142900
2000-01-12,12.634454118762232,12.73316079156506,12.56864967022701,12.609777450561523,84300
2000-01-13,12.683815122501638,12.782521854972467,12.511078340677686,12.675589561462402,233800
2000-01-14,12.881225081341386,12.889450640141732,12.568653846928248,12.716713905334473,76100
2000-01-18,12.576878649937477,12.659134232997893,12.453495275346855,12.502848625183105,218300
2000-01-19,12.560430050830604,12.65091121033233,12.478174451283579,12.593332290649414,137800
2000-01-20,12.659134456811362,12.659134456811362,12.313661001849649,12.42059326171875,425500
2000-01-21,12.494623379027052,12.494623379027052,12.17382659707705,12.28075885772705,345000
2000-01-24,12.379461896830591,12.379461896830591,11.721417410620328,11.927056312561035,278200
2000-01-25,11.885930622756149,11.927058410378143,11.754321702365768,11.778998374938965,85000
2000-01-26,11.85302783279683,11.992862304106715,11.803674489981576,11.885930061340332,385500
2000-01-27,11.88593072735745,12.124471897664279,11.787224036196005,12.108020782470703,67800
2000-01-28,11.869474397293509,12.124466570762738,11.869474397293509,12.009308815002441,37100
2000-01-31,11.828346443561074,12.231398582458496,11.713188689590382,12.231398582458496,195800
2000-02-01,12.132697455261065,12.157374128051426,11.918832957744598,12.108020782470703,104000
2000-02-02,12.165595509803902,12.198497728897355,12.025761078656732,12.13269329071045,72700
2000-02-03,12.033988921830744,12.124470041543757,11.910605576767544,11.968184471130371,87900
2000-02-04,12.165600850788731,12.165600850788731,11.902382982482282,11.959961891174316,137500
2000-02-07,11.910608775031141,12.009315477586647,11.861255423753388,11.943511009216309,31600
2000-02-08,12.108026745854591,12.190282362334582,12.0257711293746,12.091575622558594,314700
2000-02-09,12.099797953786961,12.10802351323889,11.853031170229103,11.984640121459961,90900
2000-02-10,11.935283902016554,11.935283902016554,11.581584930419924,11.581584930419922,149100
2000-02-11,11.704962689664207,11.704962689664207,11.326587226751661,11.359489440917969,166800
2000-02-14,11.392401336592968,11.507559184038675,11.32659685233828,11.417078018188477,209200
2000-02-15,11.507555530136786,11.680292246457638,11.400623277176258,11.672066688537598,54500
2000-02-16,11.647384659915076,11.655610214053434,11.417069144041049,11.507550239562988,315500
2000-02-17,11.51578111468621,11.614487809954948,11.334818840026855,11.334818840026855,113700
2000-02-18,11.367720067588593,11.384171182013468,11.08805112236572,11.203208923339844,191300
2000-02-22,11.301913071229968,11.433521957066707,11.112725297839656,11.38416862487793,266600
2000-02-23,11.384173107288083,11.392398665891616,11.112729673371533,11.137406349182129,103200
2000-02-24,11.145629426113262,11.145629426113262,10.767253814599453,10.907088279724121,166100
2000-02-25,10.833059246744744,10.948217051949321,10.578066963791755,10.635645866394043,258800
2000-02-28,10.767253787456044,10.915313808979503,10.586291538927371,10.841283798217773,222000
2000-02-29,10.915313430170203,10.956441212499405,10.791930083182597,10.800155639648438,131300
2000-03-01,10.750796028506654,10.857728200175044,10.660314960171862,10.70144271850586,295500
2000-03-02,10.619190649752236,10.77547618216532,10.619190649752236,10.726122856140137,1447500
2000-03-03,10.759023950204725,10.791926164119724,10.627415094544729,10.668542861938477,220900
2000-03-06,10.56984169599946,10.69322506210062,10.413556098937988,10.413556098937988,315100
2000-03-07,10.109208824240506,10.109208824240506,9.656803221853828,9.854216575622559,224100
2000-03-08,9.969379533157657,10.265499717310854,9.796642759068293,10.158567428588867,309900
2000-03-09,10.191464879911406,10.512261595259707,10.133885982284788,10.43000602722168,1267300
2000-03-10,10.430002959937166,10.528709612554866,10.232589654701762,10.306619644165039,1967700
2000-03-13,10.084530982754623,10.306620979927848,10.068079871852902,10.142109870910645,1061900
2000-03-14,10.26549498914311,10.26549498914311,10.002277168908671,10.084532737731934,552800
2000-03-15,10.092755172150266,10.77547618216532,10.018725183112489,10.726122856140137,1582200
2000-03-16,11.055150065702552,11.384172389086556,10.92354113634895,11.186758995056152,580200
2000-03-17,11.420719745777271,11.428971710911503,11.049381314736825,11.140152931213379,116000
2000-03-20,11.197911610339611,11.197911610339611,10.909092961583616,11.04112434387207,563400
2000-03-21,11.065880024686773,11.247423171997072,10.966856489790247,11.24742317199707,32600
2000-03-22,11.115392641202938,11.189660298048393,10.983361251255465,11.156652450561523,132900
2000-03-23,11.148401354249959,11.272180791935932,11.008117991539189,11.065881729125977,126400
2000-03-24,11.090639014450456,11.17315864997464,10.834828144325483,10.867835998535156,231100
2000-03-27,10.975117169893705,10.975117169893705,10.719306168189418,10.727558135986328,52200
2000-03-28,10.719302182505793,10.909097371264556,10.694546288319868,10.851333618164062,71600
2000-03-29,10.925598498530626,11.156653451671756,10.85958279763316,11.11539363861084,36200
2000-03-30,11.074132345010945,11.354699036315246,11.074132345010945,11.263927459716797,62200
2000-03-31,11.090645387000643,11.35470837240542,11.057637513825046,11.206172943115234,439800
2000-04-03,11.420716137953209,11.71778678894043,11.28043277498702,11.71778678894043,76600
2000-04-04,11.651767958027042,12.146885576640088,11.577500315235085,12.04786205291748,823600
2000-04-05,12.014859178331163,12.014859178331163,11.800308121575249,11.882827758789062,38800
2000-04-06,11.750797385036357,11.849820958505763,11.527994344730189,11.668277740478516,55100
2000-04-07,11.767302886121252,11.783806817237831,11.4867360571394,11.519743919372559,169700
2000-04-10,11.635267249693163,11.858070239580904,11.552747623808813,11.808558464050293,55200
2000-04-11,11.915831851435232,12.08087107375428,11.800304395811898,12.01485538482666,60900
2000-04-12,12.072621250994255,12.394447791519735,11.973597700063339,12.15514087677002,76500
2000-04-13,11.882825266068224,12.14688804975863,11.858069380097248,12.072620391845703,506700
2000-04-14,11.71778531489314,11.915832390637812,11.379454893829324,11.47847843170166,62900
2000-04-17,11.792054538873424,11.808558464050295,11.470227997924464,11.808558464050293,139500
2000-04-18,11.61876491970486,11.88282775878906,11.61876491970486,11.882827758789062,129000
2000-04-19,11.94059454617471,12.146893691754784,11.75079933224104,12.023114204406738,39500
2000-04-20,11.990099501478802,12.105626957102137,11.932335773667136,12.01485538482666,14300
2000-04-24,12.014859714610054,12.394450062736471,12.014859714610054,12.344938278198242,75300
2000-04-25,12.344937013891256,12.377944866869575,12.146889896021344,12.2871732711792,51400
2000-04-26,12.311927015366763,12.311927015366763,12.039612275750741,12.14688777923584,39100
2000-04-27,11.990100504911466,12.14688777923584,11.973596581298372,12.14688777923584,27900
2000-04-28,12.113880893733953,12.113880893733953,11.767298470343745,11.80030632019043,56400
2000-05-01,11.882824449908009,12.047863678378954,11.70128129858997,11.948840141296387,21200
2000-05-02,11.93234264358016,12.031366233983315,11.825067087310076,11.981854438781738,19000
2000-05-03,12.113885892652611,12.13038982438647,11.882830848378584,11.981854438781738,309800
2000-05-04,12.014862302249457,12.113885892652611,11.891082814245513,11.981854438781738,30600
2000-05-05,11.948849684457278,12.26242446899414,11.948849684457278,12.26242446899414,11600
2000-05-08,12.320173899751788,12.518220901489258,12.254158232505963,12.518220901489258,277200
2000-05-09,12.551230982532651,12.575986862182617,12.394443744749536,12.575986862182617,975200
2000-05-10,12.493471145629883,12.526478995420186,12.311927971783215,12.493471145629883,87000
2000-05-11,12.419205970234339,12.518229539432221,12.344938293335929,12.476969718933105,28800
2000-05-12,12.452215977712227,12.452215977712227,12.22941290852851,12.311932563781738,26400
2000-05-15,12.303674013026795,12.666760301808269,12.303674013026795,12.61724853515625,188200
2000-05-16,12.658507051355109,12.658507051355109,12.410948243310354,12.559483528137207,1201000
2000-05-17,12.476966723009271,12.64200596537712,12.476966723009271,12.600746154785156,19000
2000-05-18,12.526475102882685,12.666758420899159,12.526475102882685,12.575986862182617,12100
2000-05-19,12.476971912694676,12.666767120361328,12.427460119390332,12.666767120361328,17800
2000-05-22,12.592499492371005,12.774042735380286,12.443964111727048,12.625507354736328,41400
2000-05-23,12.509971766528256,12.608995289746158,12.476963925455623,12.559483528137207,17700
2000-05-24,12.69151899822272,12.873062182852694,12.625503294720911,12.831802368164062,24700
2000-05-25,12.716275115538842,12.856558488000983,12.658511373936783,12.798794746398926,85400
2000-05-26,12.815297671026311,12.914321220319497,12.708022159292028,12.84005355834961,35500
2000-05-30,12.86480972238256,12.86480972238256,12.592494955969073,12.765786170959473,161300
2000-05-31,12.642001152038574,12.823544249522158,12.642001152038574,12.642001152038574,84900
2000-06-01,12.765781281515956,12.906064592301846,12.361435268074274,12.675009727478027,96400
2000-06-02,12.675014421253373,12.683266383767208,12.21290452047851,12.23766040802002,1366300
2000-06-05,12.229409991205745,12.369693371671667,12.155142319194374,12.221158027648926,30800
2000-06-06,12.278928405022397,12.361448085163675,12.163400852824605,12.26242446899414,32000
2000-06-07,12.452208188180123,12.551231712539408,12.336680743094291,12.394444465637207,38200
2000-06-08,12.394444465637207,12.427452307090302,12.188145456555363,12.394444465637207,40100
2000-06-09,12.336682874643152,12.58424172831492,12.336682874643152,12.534729957580566,85500
2000-06-12,12.452205234243435,12.642000277575177,12.410945442214794,12.518220901489258,12700
2000-06-13,12.468718832132868,12.790545459831863,12.468718832132868,12.658514022827148,150000
2000-06-14,12.807051060896278,12.939082515132322,12.782295163227019,12.823554992675781,139100
2000-06-15,12.996842871718366,13.062858581542967,12.873063415797239,13.062858581542969,144900
2000-06-16,13.076488208770751,13.076488208770751,12.820086479187012,12.820086479187012,24400
2000-06-19,12.844900131225586,12.968965489865884,12.7539188682227,12.844900131225586,51500
2000-06-20,12.836626705304665,12.836626705304665,12.621580123901365,12.621580123901367,86100
2000-06-21,12.704290473369216,12.869710922241211,12.687748428482017,12.869710922241211,96300
2000-06-22,12.737371717896629,12.737371717896629,12.55540926478382,12.588493347167969,48000
2000-06-23,12.621582828868519,12.75391921501655,12.613311804734266,12.737377166748047,87200
2000-06-26,12.671206212655092,13.018589150599944,12.671206212655092,12.90279483795166,39900
2000-06-27,12.911064833703668,13.101298332214355,12.911064833703668,13.101298332214355,74100
2000-06-28,13.093027310539977,13.101298332214355,12.869709725331779,13.101298332214355,104300
2000-06-29,13.068221668725617,13.25018424892306,13.035137563235171,13.217100143432617,42600
2000-06-30,13.11784445936835,13.357704162597658,13.018592168376912,13.357704162597656,111900
2000-07-03,13.274997332776875,13.38252067565918,13.184016042645693,13.38252067565918,59500
2000-07-05,13.473497944019286,13.556208183086316,13.341161561512036,13.415600776672363,72900
2000-07-06,13.481768399036575,13.58102068172887,13.349432022113517,13.43214225769043,123700
2000-07-07,13.39905698034827,13.39905698034827,13.258449592282886,13.34115982055664,22300
2000-07-10,13.390782220357758,13.465221405029297,13.283258953609982,13.465221405029297,47900
2000-07-11,13.332888102663157,13.481766505794631,13.332888102663157,13.473495483398438,19700
2000-07-12,13.456951741287881,13.456951741287881,13.200550079345701,13.200550079345703,219900
2000-07-13,13.233639083745826,13.233639083745826,12.902798106652181,13.002050399780273,53400
2000-07-14,12.9193443337616,12.9193443337616,12.687755574897755,12.85317611694336,39900
2000-07-17,12.853168143200357,13.084756758393155,12.778728945459813,12.919336318969727,55600
2000-07-18,13.043409735345474,13.043409735345474,12.86144713916437,12.93588638305664,114900
2000-07-19,13.018592243754847,13.018592243754847,12.85317175781133,12.952424049377441,37200
2000-07-20,12.869713552896076,12.944152770104346,12.737377166748045,12.737377166748047,11500
2000-07-21,12.745647058585766,12.86971240957784,12.720833988387351,12.77046012878418,49100
2000-07-24,12.90279792650097,13.08476046136188,12.90279792650097,13.035134315490723,210100
2000-07-25,12.720838549217206,12.90280112924502,12.720838549217206,12.803548812866211,94600
2000-07-26,12.770460144791626,12.935880612988408,12.720834004332591,12.81181526184082,36500
2000-07-27,12.828355636963476,13.018589150599944,12.795271547635396,12.90279483795166,29600
2000-07-28,13.010314941406252,13.068212083548554,12.902791677427686,13.01031494140625,106300
2000-07-31,12.968963191564407,13.010318303782407,12.820084787579612,12.869710922241211,52000
2000-08-01,12.927610514768913,13.299806594848633,12.927610514768913,13.299806594848633,691600
2000-08-02,13.184010175124563,13.382514719793942,13.184010175124563,13.291533470153809,44500
2000-08-03,13.332892233782475,13.415602483371696,13.266724034111098,13.365976333618164,67000
2000-08-04,13.31635169554827,13.31635169554827,13.109576048101868,13.266725540161133,60300
2000-08-07,13.250176722353155,13.26671876570191,13.101298332214355,13.101298332214355,25900
2000-08-08,13.035136239023647,13.233640851800658,13.035136239023647,13.159201622009277,28300
2000-08-09,13.002047152537974,13.2584488457496,12.605038079178035,12.621580123901367,101500
2000-08-10,12.638124533491755,12.869713202953646,12.638124533491755,12.844900131225586,28700
2000-08-11,12.844905084966088,13.051680762444615,12.844905084966088,12.93588638305664,253300
2000-08-14,12.977239608764648,13.026865764056293,12.919342427591065,12.977239608764648,15600
2000-08-15,12.952424049377441,13.101302486726606,12.952424049377441,12.952424049377441,30700
2000-08-16,12.952422386777084,13.11784285148688,12.952422386777084,13.084758758544922,17800
2000-08-17,13.134380245996901,13.142651266302945,12.968959839876034,13.01031494140625,120100
2000-08-18,12.95242844217072,12.95242844217072,12.836634062738797,12.85317611694336,18200
2000-08-21,12.935881819998382,13.084760255266906,12.935881819998382,12.98550796508789,19200
2000-08-22,12.993783572750628,13.068222816642898,12.93588638305664,12.93588638305664,8700
2000-08-23,12.86971156206337,13.0351320191593,12.86971156206337,13.018589973449707,138200
2000-08-24,12.919344328858358,13.01859665404805,12.902802274660075,12.93588638305664,11300
2000-08-25,12.96896591672472,12.98550796508789,12.869713626545705,12.98550796508789,13300
2000-08-28,12.977239797062005,13.084763135087375,12.911071589046392,12.9441556930542,20300
2000-08-29,12.77046336793497,12.869715673903379,12.737379265945503,12.745650291442871,30000
2000-08-30,12.687751770019531,12.787004065482527,12.638125622288035,12.687751770019531,20500
2000-08-31,12.679480370873357,12.787003687782263,12.679480370873357,12.712564468383789,39000
2000-09-01,12.737382519307562,12.803550740187083,12.638130187988283,12.638130187988281,750400
2000-09-05,12.671208547590911,12.671208547590911,12.406535784194757,12.596769332885742,905400
2000-09-06,12.588499414159896,12.588499414159896,12.307284578363944,12.439620971679688,65100
2000-09-07,12.373454494752746,12.571959112315623,12.373454494752746,12.55541706085205,41100
2000-09-08,12.480968152211542,12.638117519270534,12.480968152211542,12.547136306762695,2931200
2000-09-11,12.571950747272162,12.63811890909991,12.522324625901351,12.605034828186035,1523600
2000-09-12,12.613305356353521,12.704286575317383,12.555408217012882,12.704286575317383,1444100
2000-09-13,12.712557595223188,12.80353881418705,12.67120249569416,12.704286575317383,50100
2000-09-14,12.621584694009076,12.704294947574013,12.505790339018168,12.571958541870117,55900
2000-09-15,12.619771250972041,12.686191099661368,12.486931553593388,12.553351402282715,194400
2000-09-18,12.470336464311204,12.619781242179116,12.470336464311204,12.569966316223145,88400
2000-09-19,12.470335917611235,12.636385663518174,12.470335917611235,12.586570739746094,29800
2000-09-20,12.478637896953744,12.520150331740682,12.354100592592928,12.486940383911133,30900
2000-09-21,12.486940808864455,12.85225024742166,12.486940808864455,12.819040298461914,35000
2000-09-22,13.051503346378642,13.250762939453125,12.96847851593094,13.250762939453125,54800
2000-09-25,13.068113988931804,13.184348802048097,13.043206528978313,13.134533882141113,60300
2000-09-26,13.001690319606235,13.117925098964145,12.926967961447579,13.018295288085938,41100
2000-09-27,12.968486282611213,13.126233554934908,12.92697384252603,13.026603698730469,23300
2000-09-28,13.12623549315889,13.33379772423351,13.093025536186952,13.225865364074707,51500
2000-09-29,13.367003124158334,13.416818042633459,13.259070800795564,13.275675773620605,71100
2000-10-02,13.192645558139734,13.300577837721745,13.126225693781572,13.250762939453125,22000
2000-10-03,13.250762939453125,13.366997702079907,13.117923210736802,13.250762939453125,15600
2000-10-04,13.275668652691722,13.275668652691722,13.059804121753645,13.142828941345215,6500
2000-10-05,13.250764981022588,13.466629573445262,13.200950075078893,13.450024604797363,542600
2000-10-06,13.474938852604986,13.499846318136603,13.184351754736117,13.375308990478516,20000
2000-10-09,13.33378941638214,13.416814257081905,13.234159607542423,13.317184448242188,105100
2000-10-10,13.342095604833826,13.599472682462855,13.317188145708435,13.508145332336426,45600
2000-10-11,13.582870182917668,13.682500037560096,13.466635352501502,13.49154281616211,84400
2000-10-12,13.450024806031392,13.640981948339245,13.350394992653381,13.574562072753906,24800
2000-10-13,13.549657239412007,13.549657239412007,13.283977685698044,13.408514976501465,47700
2000-10-16,13.4251160743909,13.599468231201172,13.416813590733268,13.599468231201172,16600
2000-10-17,13.57456645145832,13.7738261424889,13.57456645145832,13.71570873260498,20600
2000-10-18,13.582867793932891,13.732312549611859,13.46663298396036,13.707405090332031,60800
2000-10-19,13.325487542196528,13.54965462234563,13.292277604396661,13.458327293395996,24200
2000-10-20,13.383607151461582,13.566261839632896,13.367002179809646,13.549656867980957,16900
2000-10-23,13.499842530962479,13.815337005855822,13.499842530962479,13.690799713134766,30800
2000-10-24,13.640985801401564,13.748918129714541,13.5496584466752,13.73231315612793,26100
2000-10-25,13.798729542226955,14.139131414207283,13.798729542226955,14.056106567382812,39200
2000-10-26,13.89835996222946,14.139132028480747,13.881754992143165,14.081014633178711,184500
2000-10-27,13.93987424414856,13.973084188744506,13.757219548870854,13.923269271850586,17200
2000-10-30,14.05610743102494,14.263669560839247,13.9481751235215,14.247064590454102,40400
2000-10-31,14.213854382609762,14.213854382609762,13.96477983151263,14.197249412536621,53500
2000-11-01,14.21385779816317,14.263672720352993,14.05611054456206,14.180647850036621,39100
2000-11-02,14.147439102577954,14.155741590314207,13.997994323325369,14.07271671295166,33700
2000-11-03,14.105920998085718,14.105920998085718,13.964778763260846,13.9979887008667,26700
2000-11-06,13.956477073629465,14.321786408096862,13.948174588755206,14.26366901397705,118500
2000-11-07,14.338387861593832,14.338387861593832,14.081010893609228,14.122523307800293,38500
2000-11-08,14.363311822386995,14.53766416242753,14.338404345238347,14.44633674621582,37100
2000-11-09,14.43802417323729,14.487839092753923,14.081017250034758,14.462931632995605,57300
2000-11-10,14.471235929387833,14.662193144749807,14.355001102645762,14.5376558303833,107100
2000-11-13,14.438021138950681,14.438021138950681,13.997989442363915,14.105921745300293,45700
2000-11-14,14.07271038377008,14.338389871841255,13.948173123736716,14.280272483825684,32700
2000-11-15,14.313480377197266,14.396505205371263,14.180640652118868,14.313480377197266,175100
2000-11-16,14.330084259863254,14.462923974902543,14.2470594379637,14.346689224243164,18800
2000-11-17,14.354991706433122,14.512738868042277,14.222151991393833,14.346689224243164,27400
2000-11-20,14.346685319879478,14.413105159323365,14.280265480435594,14.30517292022705,39600
2000-11-21,14.396511851924739,14.562561584934251,14.388209365274262,14.5459566116333,37100
2000-11-22,14.346691957454091,14.612371438147685,14.346691957454091,14.496136665344238,49900
2000-11-24,14.479528939282455,14.479528939282455,14.26366440234361,14.346689224243164,25000
2000-11-27,14.404810893555899,14.7203053108211,14.280273623582794,14.637280464172363,58500
2000-11-28,14.645578288068675,14.844837856613827,14.637275806045961,14.795022964477539,64600
2000-11-29,14.703703073925443,15.044105008443196,14.703703073925443,14.944475173950195,66700
2000-11-30,15.060710392677562,15.15203774346006,14.687098503112793,14.687098503112793,472400
2000-12-01,14.62897674858194,14.62897674858194,14.37159974562732,14.471229553222656,57800
2000-12-04,14.446325914279836,14.795030332900383,14.429720941964572,14.74521541595459,77400
2000-12-05,14.745219288023865,14.811639194726675,14.471237172874773,14.628984451293945,51900
2000-12-06,14.579158725561921,14.628973618701654,14.139127169494277,14.346689224243164,65600
2000-12-07,14.479532175450343,14.562557015905906,14.363297398812554,14.554254531860352,45100
2000-12-08,14.280272087280691,14.612371438147685,14.280272087280691,14.496136665344238,62700
2000-12-11,14.363308274095205,14.537660571063991,14.288585861108583,14.29688835144043,66300
2000-12-12,14.271974675016915,14.496141816509327,14.271974675016915,14.354999542236328,20600
2000-12-13,14.396504732278677,14.711999068972212,14.396504732278677,14.678789138793945,44000
2000-12-14,14.678803733543113,14.695408715142143,14.529358899151836,14.570871353149414,21400
2000-12-15,14.588516813468715,14.588516813468715,14.438634791412529,14.5052490234375,31500
2000-12-18,14.396992796632253,14.621815703230906,14.396992796632253,14.588508605957031,27300
2000-12-19,14.71341179534498,14.921581175584723,14.646797593668262,14.73006534576416,47400
2000-12-20,14.788362299730329,14.979878252936297,14.713421274562776,14.763381958007812,50000
2000-12-21,14.655133405511638,14.788361891016288,14.638479844823555,14.713420867919922,44300
2000-12-22,14.621828029372473,14.680115498737853,14.513579871979625,14.655135154724121,60600
2000-12-26,14.65513028540651,14.954894313971643,14.65513028540651,14.94656753540039,51400
2000-12-27,14.879945646812722,15.262977263910306,14.879945646812722,15.046481132507324,37100
2000-12-28,15.204704178588601,15.296298782074075,15.12143635723817,15.271318435668945,55900
2000-12-29,15.221348762512207,15.387884306959824,15.221348762512207,15.221348762512207,34400
2001-01-02,15.254660917227126,15.321275157040343,14.946570058090987,15.02151107788086,164200
2001-01-03,15.113096320303562,15.113096320303562,14.330379486083983,14.330379486083984,316800
2001-01-04,13.922372752222522,14.030620865726643,13.589301633748299,13.764163970947266,271500
2001-01-05,13.789138748095587,14.038941986285723,13.68921745281953,13.855752944946289,64300
2001-01-08,13.88906306708037,14.03061826620529,13.822448855727465,13.94735050201416,39600
2001-01-09,13.88906998023153,14.222141202779051,13.88906998023153,14.09723949432373,56200
2001-01-10,14.20548147653726,14.20548147653726,13.889063952440885,14.013965606689453,36500
2001-01-11,13.92237543741862,13.955682555689956,13.655918491247927,13.73918628692627,49300
2001-01-12,13.664241018804534,13.855756889269191,13.664241018804534,13.722528457641602,69400
2001-01-16,13.739183004711434,14.038946997541501,13.697549116818369,13.914045333862305,139600
2001-01-17,13.822453581969329,13.905721374631794,13.69755189297563,13.755839347839355,56100
2001-01-18,13.739186364251214,14.038950430380332,13.739186364251214,13.86408805847168,63900
2001-01-19,13.855760699034315,13.855760699034315,13.655917996644396,13.755839347839355,338600
2001-01-22,13.872413675420695,13.955681464588887,13.780819107335684,13.839106559753418,35000
2001-01-23,13.797469958244363,13.972332281191335,13.73085573997885,13.93069839477539,40200
2001-01-24,13.922374059428838,13.922374059428838,13.730858148324254,13.88074016571045,76600
2001-01-25,13.922375828062746,14.172179222106934,13.864088369452436,14.172179222106934,53600
2001-01-26,14.247126481370332,14.288760398615716,14.030630111694336,14.030630111694336,45900
2001-01-29,14.18082726241775,14.191484758938968,13.8717375013641,13.9143705368042,48200
2001-01-30,13.95167842794315,14.095565346132814,13.86108307387396,14.074248313903809,59500
2001-01-31,14.122213617864425,14.148858897354962,13.85575675715,14.111555099487305,139900
2001-02-01,14.186167638956295,14.308737584868503,14.122217527441968,14.234128952026367,53900
2001-02-02,14.415316715684023,14.415316715684023,14.260772254758388,14.324721336364746,63600
2001-02-05,14.399331106155355,14.44196416945642,14.303406459614855,14.314064979553223,108900
2001-02-06,14.409993948618151,14.415322193733227,14.28209370389668,14.378018379211426,90700
2001-02-07,14.441957334872388,14.495248892891858,14.330044961386308,14.404653549194336,34200
2001-02-08,14.362030029296873,14.468612199556786,14.324725202430676,14.362030029296875,62800
2001-02-09,14.468611459967335,14.521903050599494,14.38867458224537,14.479269981384277,1596600
2001-02-12,14.548548428262144,14.633814567223409,14.447295523528489,14.601840019226074,26800
2001-02-13,14.601830992478872,14.601830992478872,14.351361991174867,14.404653549194336,116400
2001-02-14,14.292746991248137,14.335380051720188,14.15951855021644,14.271430969238281,108800
2001-02-15,14.175497738110595,14.202143003587839,14.015623095891964,14.143523216247559,62800
2001-02-16,14.132873211732274,14.212810072739225,14.042277831537104,14.191493034362793,34900
2001-02-20,14.266100056727582,14.33537839079833,14.154187650672107,14.260770797729492,29000
2001-02-21,14.255446318502626,14.367357745629155,14.175509439633311,14.21814250946045,36300
2001-02-22,14.234125011467398,14.250112789033077,13.957010648828113,14.111555099487305,128700
2001-02-23,13.94635447443431,14.05826588684639,13.813126021685205,14.004975318908691,102800
2001-02-26,13.855756134304084,14.138200759887695,13.829110856011308,14.138200759887695,63500
2001-02-27,14.02096646710873,14.191498777321177,14.02096646710873,14.148865699768066,27400
2001-02-28,14.207479731145051,14.303404363628989,14.068922041607392,14.196821212768555,20300
2001-03-01,14.196820379623139,14.207478897374134,13.999642883490704,14.063591957092285,43600
2001-03-02,14.16484667409133,14.202150471956804,14.079580559983887,14.196821212768555,219200
2001-03-05,14.058256130526587,14.159509968953214,13.962332564937476,14.143523216247559,20400
2001-03-06,14.068918171578144,14.100892701459928,13.823778415064506,13.855752944946289,45800
2001-03-07,13.90372498478392,13.925041014148748,13.621280226417952,13.765167236328125,44300
2001-03-08,13.722533419238465,13.962345089456695,13.722533419238465,13.882407188415527,89800
2001-03-09,13.855758082690299,14.058264868967505,13.855758082690299,13.967669486999512,40500
2001-03-12,13.802457926088719,13.935686286410911,13.536001205444336,13.536001205444336,35600
2001-03-13,13.41875924857828,13.4827082858115,13.226910103975374,13.466721534729004,153600
2001-03-14,13.173624860105797,13.424094922295073,13.083029500336675,13.136321067810059,221500
2001-03-15,13.242899980235673,13.242899980235673,13.029734794762323,13.152304649353027,20100
2001-03-16,13.153380687084285,13.190793633494998,12.880799338258099,12.993038177490234,42600
2001-03-19,12.934252153898335,13.158730943988363,12.934252153898335,13.142696380615234,88800
2001-03-20,13.121310326978346,13.174757825098823,12.827350616455078,12.827350616455078,318400
2001-03-21,12.784600146789794,12.87011578500831,12.474605703390973,12.506673812866211,142600
2001-03-22,12.292880425875705,12.378396034240723,12.036333600780651,12.378396034240723,57400
2001-03-23,12.506672113767785,12.709772491514597,12.362364111594,12.672358512878418,35200
2001-03-26,12.800625999054464,12.907519964361493,12.693731014321306,12.8433837890625,43900
2001-03-27,12.848725298271269,13.13199520111084,12.848725298271269,13.13199520111084,30300
2001-03-28,12.950283483129859,13.249589165014791,12.950283483129859,13.169417381286621,19300
2001-03-29,13.233553733575242,13.372516858286208,13.083900902480393,13.201485633850098,34400
2001-03-30,13.270966781694995,13.32975914780161,13.142693362447712,13.212174415588379,12900
2001-04-02,13.25493001427669,13.270964571296846,12.950280566878176,13.035796165466309,77500
2001-04-03,12.960970620537617,13.0785543169057,12.741836765826967,12.795284271240234,38200
2001-04-04,12.747177182399572,12.977000662101494,12.73114263052757,12.960966110229492,18800
2001-04-05,13.062524942396985,13.1480405705447,12.907527229237568,13.094593048095703,24200
2001-04-06,13.067859119163426,13.15871952725894,12.934240931930368,13.051824569702148,24800
2001-04-09,13.201483140998887,13.228206382485908,13.046485485980481,13.164069175720215,25300
2001-04-10,13.265623544924736,13.265623544924736,13.041144779031884,13.148039817810059,25100
2001-04-11,13.030447819500075,13.030447819500075,12.747177857409989,12.896829605102539,31300
2001-04-12,12.94494147408685,13.07855978375944,12.870115546886776,13.06787109375,19100
2001-04-16,13.067871093750002,13.20148940342259,13.003733856559366,13.06787109375,13600
2001-04-17,13.105278646965132,13.356480598449707,13.105278646965132,13.356480598449707,37900
2001-04-18,13.372516516080147,13.41527432109499,13.12665837267493,13.228208541870117,19700
2001-04-19,13.148035669582816,13.17475891113281,13.041140664530193,13.174758911132812,53600
2001-04-20,13.089247006925165,13.094591860628043,12.923560619842382,13.030454635620117,25000
2001-04-23,13.228211344504842,13.228211344504842,13.01976712832313,13.094593048095703,32800
2001-04-24,13.067871267733581,13.115973941410289,12.854081153869629,12.854081153869629,16300
2001-04-25,12.8914852147497,13.228202651886633,12.8914852147497,13.196134567260742,68100
2001-04-26,13.174762822207464,13.324415669821981,13.094592054331576,13.319070816040039,132600
2001-04-27,13.335104752910318,13.452688472326802,13.233554574662199,13.393896102905273,29600
2001-04-30,13.575608660381073,13.64509069395073,13.468714714050293,13.468714714050293,40200
2001-05-01,13.527513406224942,13.67182138288056,13.468722060474747,13.61837387084961,23000
2001-05-02,13.602343332941707,13.602343332941707,13.431311052809711,13.538206100463867,61900
2001-05-03,13.479403395085209,13.479403395085209,13.319061965876065,13.468714714050293,27700
2001-05-04,13.468718127001711,13.61836989367151,13.399236075825415,13.586301803588867,647300
2001-05-07,13.645094614486984,13.645094614486984,13.527509914484721,13.580957412719727,34400
2001-05-08,13.586303490607305,13.596993195104266,13.425962000858204,13.532855987548828,25500
2001-05-09,13.543554978343746,13.639760345928082,13.532865266517257,13.602347373962402,17900
2001-05-10,13.661129383233375,13.661129383233375,13.506132745732755,13.532855987548828,24500
2001-05-11,13.554236967125593,13.575615359170383,13.39389443937064,13.45803165435791,43300
2001-05-14,13.420609793574114,13.575606346130371,13.404575245616252,13.575606346130371,16400
2001-05-15,13.500786288380612,13.543544081858668,13.388546443359331,13.495441436767578,35000
2001-05-16,13.623711472486466,13.976463436933944,13.53285105622418,13.906982421875,436700
2001-05-17,14.003200946117195,14.024579348134807,13.869582620369615,13.976476669311523,55800
2001-05-18,14.00319199378918,14.00319199378918,13.805436549561204,13.901641845703125,26500
2001-05-21,13.939055715229095,13.939055715229095,13.76802451936791,13.890953063964844,24300
2001-05-22,13.858888211452463,13.858888211452463,13.709235370354136,13.751993179321289,40100
2001-05-23,13.848190705518196,13.848190705518196,13.59698884673294,13.629056930541992,29100
2001-05-24,13.655787553605158,13.703890215062367,13.479411468070909,13.687856674194336,48200
2001-05-25,13.661121896387431,13.671811595026005,13.522158872363265,13.575606346130371,131600
2001-05-29,13.623719452442536,13.757337729951105,13.60768489214795,13.687856674194336,46000
2001-05-30,13.735957762714305,13.837506908005063,13.70388864579744,13.762681007385254,39100
2001-05-31,13.719924718034575,13.746647965654015,13.6397539557497,13.66647720336914,23600
2001-06-01,13.682515330536699,13.869581170919249,13.63441265674042,13.848201751708984,61700
2001-06-04,13.789404678815686,13.923022945158577,13.768026286302588,13.869576454162598,24100
2001-06-05,13.93905673819986,14.029917195097548,13.826817889963758,14.013882637023926,61400
2001-06-06,13.987159387192238,13.987159387192238,13.789403915405272,13.789403915405273,41900
2001-06-07,13.784053854120968,13.949740134912291,13.784053854120968,13.885602951049805,34300
2001-06-08,13.917681751503714,13.917681751503714,13.773373751818722,13.805441856384277,11700
2001-06-11,13.735952331650203,13.821467904096929,13.613022804260254,13.613022804260254,40100
2001-06-12,13.639749647033803,13.789401417511048,13.618370240150636,13.773367881774902,1029200
2001-06-13,13.698545304397781,13.751992819063213,13.66647720336914,13.66647720336914,50500
2001-06-14,13.693202398029774,13.762683458203085,13.650444587286207,13.65578842163086,26700
2001-06-15,13.565170654946938,13.677767468293517,13.54372427596136,13.575894355773926,22400
2001-06-18,13.549079115809288,13.70456860667364,13.522269877613455,13.618781089782715,24500
2001-06-19,13.575896461668396,13.661684036254883,13.554450079356053,13.661684036254883,34300
2001-06-20,13.715299386389892,13.860066279421007,13.715299386389892,13.736746788024902,17200
2001-06-21,13.8064454229612,13.908318510487414,13.69921048633696,13.854701042175293,18200
2001-06-22,13.629510810554532,13.629510810554532,13.436488300882367,13.468659400939941,430300
2001-06-25,13.591981709663056,13.591981709663056,13.356065373522695,13.398959159851074,52100
2001-06-26,13.40432101097569,13.441852946179456,13.323895289443541,13.398959159851074,31200
2001-06-27,13.44185459953799,13.44185459953799,13.189853701696013,13.297087669372559,47800
2001-06-28,13.318535265519602,13.4150465536662,13.264917769586082,13.382875442504883,23400
2001-06-29,13.339979227465037,13.361426631010605,13.034360885620117,13.034360885620117,188300
2001-07-02,13.205935246380294,13.33997844264861,13.152318786007712,13.334617614746094,207500
2001-07-03,13.254195668156946,13.259557520665355,13.18985548339362,13.227387428283691,8800
2001-07-05,13.22202509923293,13.23274880386325,13.087981859360196,13.146961212158203,15700
2001-07-06,13.10941845478969,13.10941845478969,12.975375325487825,12.991459846496582,112800
2001-07-09,13.10942983271097,13.189855575561525,13.045088624829244,13.189855575561523,48000
2001-07-10,13.189853703740736,13.205938236426949,13.082618713378906,13.082618713378906,25900
2001-07-11,13.189855514813873,13.189855514813873,12.970024674789375,13.012918472290039,65600
2001-07-12,13.002190455792254,13.002190455792254,12.846699852244186,12.932488441467285,29500
2001-07-13,12.889596236567135,13.093341476416617,12.889596236567135,13.029000282287598,17100
2001-07-16,13.082616171603668,13.082616171603668,12.92176473998084,12.932488441467285,72600
2001-07-17,12.937848586651201,13.200574145859507,12.937848586651201,13.125509262084961,45900
2001-07-18,13.200576979799584,13.50083351135254,13.200576979799584,13.500833511352539,52100
2001-07-19,13.447214288711086,13.511555477104448,13.350703017455292,13.372150421142578,19700
2001-07-20,13.511554346629312,13.570532656497802,13.457936864565623,13.554448127746582,59800
2001-07-23,13.457933615896502,13.468657314254282,13.216655516187272,13.238102912902832,55300
2001-07-24,13.264920454504155,13.264920454504155,13.082621545032751,13.136239051818848,33500
2001-07-25,13.10941811091611,13.248822061785575,13.10941811091611,13.23273754119873,43600
2001-07-26,13.163038047066538,13.297081208534294,13.136229823840251,13.238102912902832,20700
2001-07-27,13.243464762081722,13.339974979297251,13.200570991318767,13.238102912902832,30000
2001-07-30,13.302447593062606,13.40432071685791,13.19521364092885,13.40432071685791,27200
2001-07-31,13.297090019970945,13.661687824394175,13.297090019970945,13.431133270263672,28000
2001-08-01,13.53836827956539,13.554453837761299,13.393601323808722,13.431133270263672,32200
2001-08-02,13.431132796945821,13.565176042514816,13.350707054138185,13.350707054138184,70100
2001-08-03,13.47938038523824,13.47938038523824,13.334614543835484,13.447210311889648,19300
2001-08-06,13.484747848862252,13.484747848862252,13.307810837776127,13.377513885498047,16800
2001-08-07,13.40432071685791,13.468661906272972,13.35606508046374,13.40432071685791,18900
2001-08-08,13.468665764746936,13.474026594621147,13.28100501641658,13.350707054138184,15000
2001-08-09,13.297086325818903,13.404321305328956,13.254192538548592,13.393597602844238,30200
2001-08-10,13.457936212872141,13.538361920738897,13.40431873340485,13.441850662231445,24500
2001-08-13,13.479383900082132,13.5919807201649,13.463299370547778,13.559810638427734,84900
2001-08-14,13.533001605904184,13.650959255980354,13.533001605904184,13.538363456726074,23000
2001-08-15,13.66167858763773,13.709934206930658,13.511550903320312,13.511550903320312,24400
2001-08-16,13.56518115252994,13.645607948303223,13.49547908855151,13.645607948303223,253000
2001-08-17,13.591982601338364,13.65096092224121,13.51691770333781,13.650960922241211,15200
2001-08-20,13.67241392629999,13.758201539710312,13.60807270490774,13.634881973266602,19800
2001-08-21,13.69922223114593,13.876159312402397,13.69922223114593,13.758201599121094,122000
2001-08-22,13.726023589204821,13.833257533296504,13.602704093298591,13.81717300415039,172500
2001-08-23,13.80644967625189,13.865429011831536,13.72066210959157,13.774279594421387,71300
2001-08-24,13.763551882789287,13.99410628451551,13.763551882789287,13.940488815307617,26000
2001-08-27,13.929770329558627,13.972664116442491,13.870792011761157,13.91368579864502,327000
2001-08-28,13.89224450939494,13.89224450939494,13.704583725666893,13.747477531433105,20000
2001-08-29,13.73674784646213,13.774279779546891,13.538363456726074,13.538363456726074,62700
2001-08-30,13.656322719165784,13.726025765411531,13.500833117646636,13.597344398498535,402600
2001-08-31,13.591983240118852,13.591983240118852,13.40432252030091,13.495471954345703,23700
2001-09-04,13.511550903320312,13.811807294623298,13.511550903320312,13.511550903320312,79000
2001-09-05,13.48474094999107,13.994105339050293,13.48474094999107,13.994105339050293,74600
2001-09-06,13.860066891248875,13.860066891248875,13.565171241760254,13.565171241760254,26000
2001-09-07,13.441856502031854,13.640240955448242,13.350707054138185,13.350707054138184,225200
2001-09-10,13.270286310258538,13.645607948303223,13.270286310258538,13.645607948303223,251900
2001-09-17,13.350709864676775,13.634881973266602,13.243475859248383,13.634881973266602,2926100
2001-09-18,13.511553178348388,13.554446955756832,13.388232673464326,13.468659400939941,399100
2001-09-19,13.48474839114234,13.490110242926466,13.018278535278611,13.297087669372559,49600
2001-09-20,13.002192047957184,13.17376720207645,12.937850853828166,13.029000282287598,116800
2001-09-21,12.53253592275747,12.903671406146003,12.478749033908556,12.645490646362305,126700
2001-09-24,12.962845513926702,12.962845513926702,12.65087666371574,12.817618370056152,83600
2001-09-25,12.736929315425522,12.952079940499784,12.736929315425522,12.882156372070312,1107500
2001-09-26,13.016623783248907,13.108062914095163,12.925184652402653,13.102684020996094,171200
2001-09-27,13.16185815492782,13.473826971433747,13.113449112201073,13.360873222351074,79200
2001-09-28,13.581399225202393,13.608292674686544,13.366248551571173,13.479202270507812,86500
2001-10-01,13.554504221215467,13.63518558633429,13.468443961632829,13.592155456542969,45200
2001-10-02,13.495342031825986,13.705113858191087,13.47920534290576,13.68897819519043,68600
2001-10-03,13.597533910593455,13.608290673253467,13.50071586521904,13.576018333435059,92100
2001-10-04,13.662078146575704,13.662078146575704,13.468443088034055,13.527608871459961,47800
2001-10-05,13.527608292902189,13.6782142439215,13.489957061627138,13.672835350036621,83000
2001-10-08,13.67283613303367,13.705108472271968,13.522230173389664,13.645942687988281,67300
2001-10-09,13.645942933280661,13.645942933280661,13.50071586521904,13.576018333435059,47600
2001-10-10,13.635191521962227,13.80193321924915,13.549131224916096,13.742766380310059,96100
2001-10-11,13.769654176667732,13.769654176667732,13.532987961775486,13.645942687988281,41800
2001-10-12,13.538373823954634,13.651327582383772,13.489964777222236,13.635191917419434,83000
2001-10-15,13.52761711024597,13.71049551785618,13.52761711024597,13.694358825683594,36100
2001-10-16,13.694353461751598,13.81268710616099,13.586778633829594,13.619050979614258,68300
2001-10-17,13.715872493860935,13.721251390498296,13.506100654602049,13.50610065460205,178100
2001-10-18,13.581401985723382,13.683598961190258,13.565265297201387,13.608295440673828,22400
2001-10-19,13.688977652793234,13.769659042358398,13.581401782759997,13.769659042358398,25700
2001-10-22,13.726624844967224,13.957912179077509,13.726624844967224,13.90412425994873,1901300
2001-10-23,13.93102121661294,13.93102121661294,13.72662830352783,13.726628303527832,54800
2001-10-24,13.715863738021502,13.82881741754057,13.699727058410646,13.699727058410645,67200
2001-10-25,13.662084262098258,13.828825950622559,13.506100366619298,13.828825950622559,87000
2001-10-26,13.705107280368953,13.882606669621616,13.705107280368953,13.780410766601562,31600
2001-10-29,13.780420158017613,13.839585977477544,13.694358825683592,13.694358825683594,50700
2001-10-30,13.500716645900253,13.61904924935648,13.45768651501442,13.549125671386719,37600
2001-10-31,13.457691293424828,13.586781731918352,13.393145561218262,13.393145561218262,43000
2001-11-01,13.516856150035437,13.705113410949707,13.436174759906331,13.705113410949707,77200
2001-11-02,13.527614554935134,13.69973513525075,13.527614554935134,13.683599472045898,87700
2001-11-05,13.688970910515732,13.807303488533904,13.672834230182744,13.710485458374023,38700
2001-11-06,13.619042641116149,13.791163081143091,13.586770315090783,13.73737621307373,45200
2001-11-07,13.812692579597988,13.88261619415935,13.715874477959344,13.753525733947754,80300
2001-11-08,13.828828399259423,13.828828399259423,13.624435424804686,13.624435424804688,35600
2001-11-09,13.667465558606265,13.694359020022448,13.576026353503531,13.656707763671875,23000
2001-11-12,13.608296121062837,13.69435641231057,13.495342373520037,13.678220748901367,43300
2001-11-13,13.688978541787234,13.705114205196436,13.608296121062837,13.678220748901367,28300
2001-11-14,13.715871312314702,13.76428035196114,13.608295440673826,13.608295440673828,63700
2001-11-15,13.85034098071442,13.85034098071442,13.688978195190431,13.68897819519043,105200
2001-11-16,13.877234485258311,13.877234485258311,13.694356113862542,13.812689781188965,49500
2001-11-19,13.877238120652144,13.904132609326181,13.748147652776291,13.85034465789795,35700
2001-11-20,13.796546766948346,13.9417738234019,13.796546766948346,13.834197998046875,83700
2001-11-21,13.834207786623647,14.011707305908201,13.834207786623647,14.011707305908203,49500
2001-11-23,13.904128290254722,14.065491068495083,13.904128290254722,14.054733276367188,35800
2001-11-26,13.931019513008465,14.119276741411152,13.931019513008465,14.065488815307617,1186300
2001-11-27,14.065490675609913,14.092385155178425,13.88799121413572,13.909506797790527,134600
2001-11-28,13.877235722684599,13.968674916536072,13.74276638031006,13.742766380310059,54600
2001-11-29,13.898744170684669,14.006319999694824,13.839577362137168,14.006319999694824,25500
2001-11-30,13.984811782836916,14.017084138155184,13.893372587835426,13.984811782836914,43000
2001-12-03,13.984803370260845,14.022454599802959,13.887985336627374,13.979424476623535,23300
2001-12-04,13.931023840026684,13.984811782836916,13.850342438771175,13.984811782836914,40200
2001-12-05,13.98479844634016,13.98479844634016,13.855708122253416,13.855708122253418,86700
2001-12-06,13.936398085328129,13.984807115107818,13.780414231753058,13.823444366455078,53600
2001-12-07,13.877231254042913,13.893367939262722,13.796549879782532,13.887989044189453,29900
2001-12-10,13.807308210876982,13.861096137797672,13.619050979614258,13.619050979614258,59800
2001-12-11,13.68359829155398,13.764279678376548,13.473825454711916,13.473825454711914,123600
2001-12-12,13.522233626781567,13.527612522348173,13.312461829281052,13.50071907043457,125700
2001-12-13,13.446931421492033,13.581400735706953,13.36087114246804,13.366250038146973,37800
2001-12-14,13.360877587289329,13.538377126635831,13.31246852874756,13.312468528747559,71100
2001-12-17,13.446931366785183,13.651324272155762,13.446931366785183,13.651324272155762,39100
2001-12-18,13.452306842531835,13.672836378809471,13.452306842531835,13.576018333435059,227900
2001-12-19,13.662084980069269,13.812691012859833,13.570645786217796,13.742766380310059,41900
2001-12-20,13.796553626171875,13.866478255192755,13.715872230002839,13.764281272888184,69300
2001-12-21,13.85603553045317,13.90461540222168,13.775069420685632,13.90461540222168,87200
2001-12-24,13.818254339706577,13.947800348666119,13.818254339706577,13.89922046661377,16700
2001-12-26,13.818256679443495,14.00717836057568,13.818256679443495,13.937006950378418,34600
2001-12-27,13.883023673405608,13.883023673405608,13.785864960928043,13.850637435913086,24800
2001-12-28,13.92620841800649,13.947799933627339,13.791264533996582,13.791264533996582,17500
2001-12-31,13.710294723510742,13.845238571241241,13.710294723510742,13.710294723510742,45400
2002-01-02,13.60234281082055,13.69410468564623,13.451205302419416,13.661717414855957,412500
2002-01-03,13.58074997210548,13.667113960040972,13.510579617985373,13.618534088134766,146200
2002-01-04,13.645536430364766,13.645536430364766,13.440420992164515,13.58076286315918,76200
2002-01-07,13.494386918017081,13.564557276993163,13.418818680728991,13.478193283081055,173700
2002-01-08,13.397232841403918,13.483596871892448,13.386437080207738,13.408028602600098,66000
2002-01-09,13.440412272574028,13.591549811641249,13.408026024752571,13.456605911254883,528500
2002-01-10,13.44040916443701,13.537568914973136,13.391829289168946,13.478193283081055,41100
2002-01-11,13.521385288357788,13.640136640039868,13.499794788668815,13.510590553283691,41100
2002-01-14,13.553761611953119,13.683307593856357,13.030178776861757,13.618534088134766,49800
2002-01-15,13.72109434356281,13.72649222253736,13.49978645330697,13.634730339050293,49100
2002-01-16,13.683316823259696,13.694112586418367,13.505190849304201,13.5051908493042,125700
2002-01-17,13.61853964316185,13.640131163722916,13.510585128977615,13.629335403442383,51600
2002-01-18,13.526775645584468,13.67251529818653,13.499787278601957,13.575355529785156,37100
2002-01-22,13.618536410005543,13.726491928100586,13.532172407345557,13.726491928100586,89300
2002-01-23,13.699504718592646,13.807460253904349,13.661720590095634,13.775074005126953,80200
2002-01-24,13.764277187283362,13.764277187283362,13.564559771176068,13.575355529785156,2455900
2002-01-25,13.548373222351074,13.661725649823067,13.542975340632312,13.548373222351074,46400
2002-01-28,13.575361601404214,13.618543625613642,13.499793316422885,13.548373222351074,48700
2002-01-29,13.618539207096253,13.645528606933388,13.337855626032072,13.381038665771484,50700
2002-01-30,13.44040164181043,13.564549684880612,13.397219669023436,13.542959213256836,73300
2002-01-31,13.58074997210548,13.645523477827073,13.49978386210845,13.618534088134766,74000
2002-02-01,13.769677198468218,13.769677198468218,13.629335403442383,13.629335403442383,43700
2002-02-04,13.629331668615501,13.704899910790642,13.456603669620847,13.48359203338623,71700
2002-02-05,13.575353668772165,13.710297544266004,13.510581185077559,13.640127182006836,307000
2002-02-06,13.607741776072212,13.607741776072212,13.408025389505125,13.575355529785156,190300
2002-02-07,13.49439428837993,13.542974190181344,13.386438722256658,13.429620742797852,246000
2002-02-08,13.321658153874695,13.52677237007794,13.289271915429964,13.461999893188477,32900
2002-02-11,13.602346360296035,13.6779146194458,13.526777071605956,13.6779146194458,160000
2002-02-12,13.640127718670469,13.737287477575142,13.586149960441194,13.672513961791992,31200
2002-02-13,13.758879661560059,13.802061667565912,13.704901896667685,13.758879661560059,139900
2002-02-14,13.76427754100332,13.856039432458285,13.710299776110947,13.758879661560059,58300
2002-02-15,13.796669440624814,13.866840872596239,13.764283180236816,13.764283180236816,53300
2002-02-19,13.721093969238051,13.812855850221766,13.591547966003418,13.591547966003418,211800
2002-02-20,13.75347839814201,13.88842226240056,13.645523924459155,13.86683177947998,170300
2002-02-21,13.888421697508292,14.0179676783826,13.694103240966797,13.694103240966797,93800
2002-02-22,13.791267452104341,13.980189135600362,13.764279081407915,13.920814514160156,104100
2002-02-25,13.99637964484506,14.00717540252483,13.872231520148059,13.942401885986328,257500
2002-02-26,14.00717836057568,14.00717836057568,13.845245049802234,13.937006950378418,90700
2002-02-27,14.007175237470728,14.0881413600347,13.899219721025363,13.953197479248047,1063300
2002-02-28,13.937001640220707,14.071945499679915,13.90461540222168,13.90461540222168,884000
2002-03-01,13.990978731192756,14.228480200930166,13.915410502906266,14.16910457611084,208600
2002-03-04,14.212288399101865,14.212288399101865,14.061150893515713,14.174504280090332,350800
2002-03-05,14.034165937857397,14.142121472272411,13.904619914283547,13.926210403442383,209200
2002-03-06,13.969394622698866,14.120532188897377,13.953202010651466,14.039566040039062,269100
2002-03-07,14.061155661167225,14.061155661167225,13.926211744919785,14.034167289733887,3031200
2002-03-08,14.017970503393524,14.077346142670903,13.915413891329148,13.985584259033203,100700
2002-03-11,13.980186380049792,14.007175774966848,13.877628738445269,13.985584259033203,513700
2002-03-12,13.958595023680164,14.061151629352652,13.899219388103402,13.980185508728027,47000
2002-03-13,14.039565363161545,14.131327268654381,14.039565363161545,14.08814525604248,108900
2002-03-14,14.109727639993343,14.152909627792457,14.050353050231934,14.050353050231934,224000
2002-03-15,14.215469003304595,14.318323027636886,14.204642046529527,14.307496070861816,55300
2002-03-18,14.264181137084961,14.31831485755598,14.18298107263585,14.264181137084961,41200
2002-03-19,14.23710681921298,14.345374207368668,14.23710681921298,14.318307876586914,67700
2002-03-20,14.291258237541756,14.291258237541756,14.03683090209961,14.03683090209961,220000
2002-03-21,14.128850705913768,14.172157486067297,14.020583239272403,14.145090103149414,117800
2002-03-22,14.15592151316712,14.258775535607471,14.118028197666836,14.161334991455078,59700
2002-03-25,14.155915043220869,14.215462244656992,14.020581245422363,14.020581245422363,71300
2002-03-26,14.063893097208577,14.145093198702122,14.047653696419054,14.128853797912598,193500
2002-03-27,14.08555316925049,14.145099385716218,14.047659840813454,14.085553169250488,76200
2002-03-28,14.080133530513411,14.1505066764704,14.074720052745132,14.128853797912598,152900
2002-04-01,14.063897105499175,14.12344434540622,14.009763344903279,14.101790428161621,33900
2002-04-02,14.047652680358414,14.074719034726794,14.004345893859863,14.004345893859863,33600
2002-04-03,14.112609652847288,14.112609652847288,13.906902714332313,14.015169143676758,104600
2002-04-04,13.782396636139897,13.879837158126083,13.766157237485649,13.852770805358887,98600
2002-04-05,13.912317169815855,13.912317169815855,13.674129356470521,13.739089012145996,439100
2002-04-08,13.695775169214983,13.809456056805027,13.695775169214983,13.782388687133789,156500
2002-04-09,13.84735298095848,13.84735298095848,13.766152915634285,13.771566390991211,35500
2002-04-10,13.787811344445043,14.00434631597984,13.787811344445043,13.998932838439941,98300
2002-04-11,14.074720587633847,14.074720587633847,13.809466361999512,13.809466361999512,41200
2002-04-12,13.825704860877726,13.944798262091576,13.804050952012371,13.88525104522705,27200
2002-04-15,13.923144242758186,13.923144242758186,13.814877796836015,13.87442398071289,108200
2002-04-16,13.91231482669252,14.025994721236096,13.89607439925132,14.020581245422363,19400
2002-04-17,13.99352488506781,13.99352488506781,13.80947070611406,13.814884185791016,289200
2002-04-18,13.896071668602605,13.966444775322584,13.804044662882797,13.955618858337402,218000
2002-04-19,13.993520628240525,13.9989341062707,13.923146446363612,13.982693672180176,142200
2002-04-22,13.966450825270197,14.009757609514633,13.874423779686374,13.901491165161133,79600
2002-04-23,13.906902833845843,13.912316310236845,13.76074206883397,13.787808418273926,33600
2002-04-24,13.863598646176966,13.88525152327259,13.728264808654785,13.728264808654785,57000
2002-04-25,13.760739440277359,13.858179931672332,13.722846145293724,13.771566390991211,46300
2002-04-26,13.80404513323939,13.80404513323939,13.657884407554487,13.684951782226562,259500
2002-04-29,13.630827844718517,13.636241323536787,13.51173337574761,13.544214248657227,364500
2002-04-30,13.511728906487859,13.647062734633844,13.47924907683707,13.603755950927734,510700
2002-05-01,13.625411192039444,13.804051821368304,13.587517881653817,13.798638343811035,70900
2002-05-02,13.771571988539948,13.83653165419666,13.760745033425406,13.798638343811035,26400
2002-05-03,13.798635817027641,13.804049293593605,13.603754790713259,13.668715476989746,202700
2002-05-06,13.66871334801695,13.722847072729904,13.571272850036621,13.571272850036621,142600
2002-05-07,13.60375664144321,13.60375664144321,13.381809234619142,13.38180923461914,51500
2002-05-08,13.430532793997795,13.6362408519154,13.387225997464952,13.62541389465332,143500
2002-05-09,13.614579513702525,13.630819940740146,13.484659194946289,13.484659194946289,61100
2002-05-10,13.544206510750687,13.587513284039849,13.419699666608711,13.457592964172363,54400
2002-05-13,13.473837302805666,13.592931747436523,13.457597902185313,13.592931747436523,65600
2002-05-14,13.641651763887154,13.67954507465938,13.565864109827425,13.647064208984375,142500
2002-05-15,13.538795801791483,13.592929537594348,13.441355283849353,13.446768760681152,81400
2002-05-16,13.392638510697333,13.4630126953125,13.338504760804604,13.4630126953125,63100
2002-05-17,13.41429474671006,13.64165570962093,13.41429474671006,13.620001792907715,130800
2002-05-20,13.598340457773924,13.630820280142991,13.51172587726485,13.555033683776855,49100
2002-05-21,13.517145195406519,13.587519378890445,13.419705686184392,13.44135856628418,174600
2002-05-22,13.473836030041856,13.560449600219727,13.441356199353955,13.560449600219727,294900
2002-05-23,13.576689598304604,13.603755950927734,13.44676924718628,13.603755950927734,18200
2002-05-24,13.598343014426147,13.663302671377481,13.435941807017553,13.446768760681152,31000
2002-05-28,13.517141792736831,13.517141792736831,13.36015509585662,13.398048400878906,42800
2002-05-29,13.370985415315635,13.468424924537763,13.370985415315635,13.44135856628418,30400
2002-05-30,13.29519566281049,13.425116020523467,13.278956263418381,13.38180923461914,37300
2002-05-31,13.408878837735026,13.565865575396263,13.408878837735026,13.45218563079834,341700
2002-06-03,13.479245818132451,13.517139115649924,13.127378156522461,13.1436185836792,282800
2002-06-04,13.165274631430949,13.170688108456385,13.008287927753981,13.127381324768066,76200
2002-06-05,13.10031579033337,13.278956413269043,13.094902312969838,13.278956413269043,176900
2002-06-06,13.197756098008632,13.20858305340239,12.948742319043985,12.981222152709961,107400
2002-06-07,12.835061352440125,13.035355897163454,12.835061352440125,12.981222152709961,303400
2002-06-10,12.937913758938484,13.165274631430949,12.937913758938484,13.127381324768066,59400
2002-06-11,13.035356298697852,13.035356298697852,12.775515556335447,12.77551555633545,62500
2002-06-12,12.721374098286372,12.818814575730917,12.640174044587484,12.764680862426758,70000
2002-06-13,12.813408776697655,12.889195401212717,12.726795196533205,12.726795196533203,42400
2002-06-14,12.634761212436604,12.813401752663252,12.499427438552335,12.780921936035156,241900
2002-06-17,12.840474397979776,13.02452850341797,12.840474397979776,13.024528503417969,79800
2002-06-18,12.98121749734158,13.05700512540337,12.932497248057189,12.992044448852539,42700
2002-06-19,12.937913473167377,13.089487728986123,12.894606690435614,12.943326950073242,27700
2002-06-20,12.948739496359044,12.948739496359044,12.829646110534668,12.829646110534668,42900
2002-06-21,12.814440172151185,12.825300115595486,12.38005175533009,12.483219146728516,246300
2002-06-24,12.488657519047297,12.548386212506724,12.304042498956255,12.358341217041016,274400
2002-06-25,12.461507059179558,12.461507059179558,12.027118406587206,12.103137016296387,68600
2002-06-26,11.945670824372366,12.130285819965609,11.853363326575746,12.081417083740234,98600
2002-06-27,12.124853540216098,12.217161020463843,12.010827201142655,12.173722267150879,172800
2002-06-28,12.23888324172461,12.325760764867104,12.081417083740234,12.081417083740234,58100
2002-07-01,12.108560198721877,12.298605079152125,12.108560198721877,12.200867652893066,81700
2002-07-02,12.19000961175272,12.249737237646594,12.081412233590735,12.119421005249023,87200
2002-07-03,12.021690153310253,12.15200645704949,11.90766377591164,12.037980079650879,84600
2002-07-05,11.918517042167128,12.195438385009766,11.918517042167128,12.195438385009766,27300
2002-07-08,12.233450941329293,12.27145972102044,12.162862319907244,12.173722267150879,46100
2002-07-09,12.179156156986595,12.255173740812383,11.945672394479502,11.972821235656738,40800
2002-07-10,11.891374515253457,11.972822080192197,11.712189458123436,11.728479385375977,154700
2002-07-11,11.51128018145312,11.641596431896629,11.370103984557277,11.532999038696289,138700
2002-07-12,11.45698222667956,11.478701085329003,11.190919735339131,11.288657188415527,79000
2002-07-15,11.11490584872075,11.163774595957703,10.77825562960175,11.125765800476074,141700
2002-07-16,11.11489947291914,11.120329445682025,10.859696967031995,10.952004432678223,61300
2002-07-17,10.968290960132357,11.207203473871319,10.968290960132357,11.000869750976562,221500
2002-07-18,11.049741874571199,11.120329449188143,10.729380731089837,10.751099586486816,50200
2002-07-19,10.47960818929246,10.588205583904806,10.16467698771047,10.251554489135742,140700
2002-07-22,10.208117858174404,10.501330263117412,10.1755390472902,10.338435173034668,205700
2002-07-23,10.371012559633092,10.495898847256258,10.300423937472809,10.387301445007324,84800
2002-07-24,10.256987349639328,10.919429779052734,10.256987349639328,10.919429779052734,205200
2002-07-25,10.908572394503228,11.125766260275752,10.772826098937644,11.05517864227295,146100
2002-07-26,11.000872738578042,11.114899055330413,10.952004021209492,11.104040145874023,29000
2002-07-29,11.15834153190167,11.484132744761498,11.15834153190167,11.424405097961426,140600
2002-07-30,11.40811265949734,11.424402579030216,11.245216571153023,11.310375213623047,81100
2002-07-31,11.33752755591838,11.565581321716309,11.33752755591838,11.565581321716309,62800
2002-08-01,11.511278439972523,11.603585899529653,11.000872426205955,11.456979751586914,53500
2002-08-02,11.435263633728026,11.603589726809524,11.364676040507355,11.435263633728027,43200
2002-08-05,11.402685917816692,11.446124679886665,11.277799606323242,11.277799606323242,69300
2002-08-06,11.37553469433642,11.554719679755957,11.288657188415527,11.288657188415527,96700
2002-08-07,11.45698600810132,11.549293518066408,11.294089853988977,11.549293518066406,296600
2002-08-08,11.456988010181494,11.837077031539424,11.190925384532315,11.81535816192627,126100
2002-08-09,11.685035882646602,11.907659619959848,11.685035882646602,11.869650840759277,83700
2002-08-12,11.674173200728696,11.858788115593125,11.674173200728696,11.831639289855957,62600
2002-08-13,11.728475075074057,11.945668846977695,11.717615127563475,11.717615127563477,45300
2002-08-14,11.78277576043692,12.10856595530397,11.67417833837339,12.103137016296387,81400
2002-08-15,12.108566581506636,12.13028648130731,11.934811525748545,11.994540214538574,80800
2002-08-16,11.972813934617923,12.048832507749381,11.891366425091112,11.940235137939453,72600
2002-08-19,11.918519704479603,12.05426593785335,11.89679981002225,12.032546043395996,98100
2002-08-20,11.945672639999696,12.037980151826172,11.880513969908451,11.978251457214355,27200
2002-08-21,12.037977406921815,12.037977406921815,11.837072502640988,11.961959838867188,75700
2002-08-22,11.967387937700263,12.059694378351724,11.913089239458236,12.021685600280762,46000
2002-08-23,11.913086802728778,11.97281442648281,11.826209317576259,11.831639289855957,28700
2002-08-26,11.853355658131216,11.918514276165064,11.73389940000711,11.858785629272461,86000
2002-08-27,11.885938607775,11.940237302523494,11.766482307857482,11.826210975646973,35800
2002-08-28,11.837065867474768,11.837065867474768,11.66874090299478,11.701319694519043,280800
2002-08-29,11.592724754924578,11.668742289400146,11.54385604400136,11.571004867553711,146900
2002-08-30,11.53299927171206,11.858790422233952,11.53299927171206,11.657885551452637,55100
2002-09-03,11.538431417374383,11.609019012707167,11.402685165405273,11.402685165405273,75000
2002-09-04,11.413539980378456,11.50041745970877,11.402680036546855,11.494987487792969,51700
2002-09-05,11.402684521108563,11.60901835675178,11.402684521108563,11.489562034606934,33500
2002-09-06,11.55472068756154,11.55472068756154,11.429833355703684,11.489562034606934,65400
2002-09-09,11.435262706257946,11.717615127563475,11.435262706257946,11.717615127563477,37500
2002-09-10,11.701330675465266,11.73391053322474,11.614453126097498,11.712190628051758,119900
2002-09-11,11.739328907759232,11.78276763951343,11.690460205078125,11.690460205078125,68500
2002-09-12,11.619880630700807,11.636170556115479,11.500424284645465,11.538433074951172,146500
2002-09-13,11.484124152975577,11.663309030643019,11.484124152975577,11.603581428527832,54600
2002-09-16,11.576434869543203,11.782769657458832,11.576434869543203,11.771909713745117,36300
2002-09-17,11.842502280602657,11.847932254753946,11.473272323608398,11.473272323608398,237100
2002-09-18,11.42982906434179,11.51127760887037,11.310372787047143,11.478697776794434,79100
2002-09-19,11.321237913304603,11.3266678878028,11.147482872009277,11.147482872009277,355100
2002-09-20,11.159503145577258,11.175898481313748,11.082993663533994,11.14857292175293,93100
2002-09-23,11.082988512893682,11.126708345509389,10.984618628917582,11.10484790802002,70700
2002-09-24,10.97369305760581,11.05020253649482,10.891718467029948,10.924508094787598,91100
2002-09-25,10.929974935639999,11.104854367832058,10.864394627386158,11.01194953918457,121000
2002-09-26,11.039274649064115,11.263339042663574,11.039274649064115,11.263339042663574,52100
2002-09-27,11.093924725342731,11.12671540237352,10.929975509643555,10.929975509643555,53500
2002-09-30,10.793347989429106,10.908112201893658,10.656723331335067,10.815208435058594,134300
2002-10-01,10.869861419225922,11.14311083483131,10.869861419225922,11.137645721435547,137600
2002-10-02,11.082993111517888,11.214152663786546,11.066597776598009,11.07752799987793,204000
2002-10-03,10.990090123741403,11.225084751473318,10.990090123741403,11.050204277038574,108900
2002-10-04,11.093924725342731,11.154039924202152,10.886255649299528,10.929975509643555,154900
2002-10-07,10.968225792983317,11.126710873702878,10.891716329112228,10.908110618591309,198000
2002-10-08,10.929976624215524,11.252411018018984,10.929976624215524,11.137645721435547,200800
2002-10-09,11.126708704038728,11.14856809986943,10.979153873320007,10.995549201965332,311600
2002-10-10,11.011945334409194,11.115780348511473,10.880785810346795,11.044734954833984,110100
2002-10-11,11.110322600222116,11.279736967435186,11.061137615811235,11.170437812805176,144500
2002-10-14,11.246946756773141,11.405431930166872,11.175902361972975,11.356246948242188,124600
2002-10-15,11.476474136679007,11.525659109225296,11.378104191586427,11.45461368560791,288700
2002-10-16,11.421818446549167,11.421818446549167,11.20321925492569,11.214149475097656,426200
2002-10-17,11.416358018372321,11.416358018372321,11.186828512445606,11.263339042663574,460300
2002-10-18,11.175897668945462,11.399962029239518,11.175897668945462,11.39449691772461,233100
2002-10-21,11.356237681721083,11.684135903840394,11.356237681721083,11.678671836853027,226000
2002-10-22,11.667749549801686,11.67321466286722,11.410894447540201,11.47647476196289,161300
2002-10-23,11.48740498809396,11.525659737188972,11.323454723219108,11.47647476196289,117100
2002-10-24,11.503797156490501,11.531122716762393,11.301593222296209,11.307058334350586,165000
2002-10-25,11.257872416846363,11.42182159516856,11.257872416846363,11.383566856384277,159400
2002-10-28,11.39996350496855,11.39996350496855,11.088459404838527,11.132179260253906,362900
2002-10-29,11.197757001393176,11.323451438345995,11.082992787400629,11.290661811828613,193900
2002-10-30,11.339852333068848,11.37810708982386,11.246947477079267,11.339852333068848,189600
2002-10-31,11.301592758398385,11.328917275185143,11.148572754247446,11.23601245880127,116800
2002-11-01,11.203217258372272,11.383561689617403,11.148567209614933,11.378096580505371,120700
2002-11-04,11.323450229247491,11.334380451040651,11.066596271288143,11.121246337890625,96100
2002-11-05,11.093925113664067,11.285199900250772,11.093925113664067,11.230549812316895,45800
2002-11-06,11.296122035139463,11.296122035139463,11.066592664115149,11.186821937561035,70300
2002-11-07,11.241473733136159,11.241473733136159,11.093918891185979,11.159499168395996,367600
2002-11-08,11.137640064723819,11.285194924376194,11.055665490149144,11.088456153869629,172900
2002-11-11,11.093921660459994,11.137641508725677,11.011947075257266,11.05566692352295,74300
2002-11-12,11.02833792257584,11.099382256218275,10.711368891011553,10.727763175964355,159000
2002-11-13,10.820673059045237,10.995553505959696,10.738698468457397,10.886253356933594,72100
2002-11-14,11.01741242018307,11.055667157931214,10.908112276019722,11.033807754516602,196500
2002-11-15,11.02834264328225,11.121247453113838,10.984622794088763,11.11031723022461,63000
2002-11-18,11.148570208267008,11.148570208267008,11.028340902552943,11.06113052368164,181300
2002-11-19,10.995558903322921,11.252413024543104,10.995558903322921,11.126718521118164,168900
2002-11-20,11.093922291174575,11.181361992677084,11.011947701311406,11.115782737731934,29100
2002-11-21,11.175901169213676,11.175901169213676,10.940906512289981,10.979161262512207,75800
2002-11-22,11.039276465640715,11.06113587618323,10.968231036059066,10.979161262512207,127500
2002-11-25,11.011945635532976,11.011945635532976,10.847996486562566,10.908110618591309,123800
2002-11-26,10.853466758401144,10.91904603222937,10.793351555422136,10.837071418762207,88200
2002-11-27,10.782421193817923,10.995556436997003,10.782421193817923,10.990091323852539,104300
2002-11-29,10.929973206474452,10.957297722545249,10.8971835787168,10.924508094787598,25500
2002-12-02,10.984626348421356,10.990091461634336,10.798816668635116,10.837071418762207,636400
2002-12-03,10.864392192819352,10.91904226372392,10.820672344568377,10.902647972106934,146100
2002-12-04,10.957300621631733,11.143110298692466,10.875326009366997,11.066600799560547,71300
2002-12-05,11.12125335036603,11.12125335036603,10.924513403488596,10.957303047180176,66200
2002-12-06,10.957295272125718,11.088455838551356,10.913575430771585,11.044734954833984,82800
2002-12-09,11.044739172129672,11.077529847438411,10.957299456033644,11.01194953918457,29200
2002-12-10,11.039269876267966,11.159499168395996,11.022874546374675,11.159499168395996,77300
2002-12-11,11.175901131834832,11.175901131834832,11.044740499563355,11.093925476074219,89300
2002-12-12,11.039270162471675,11.121244729337107,10.9955503239859,11.02287483215332,45600
2002-12-13,10.984625249067689,11.072064966996765,10.913579826773027,11.028345108032227,31300
2002-12-16,11.028342482425336,11.082992553710938,10.96276218840993,11.082992553710938,81500
2002-12-17,11.039269912861613,11.09391892796078,10.940900017902077,10.96822452545166,572200
2002-12-18,10.973695996236177,10.990091335687223,10.913580793946092,10.951836585998535,176700
2002-12-19,10.984619409417,10.984619409417,10.804274956767662,10.80974006652832,237300
2002-12-20,10.949843182201684,10.999290625358809,10.889407185470501,10.993796348571777,302400
2002-12-23,11.015769643153476,11.103675953831715,10.977310763222482,11.026758193969727,336700
2002-12-24,11.026758193969727,11.043241020194102,10.988299314038732,11.026758193969727,18800
2002-12-26,11.054238337894898,11.125661878993274,11.021272659301758,11.021272659301758,40200
2002-12-27,11.004786568259966,11.026762630809094,10.883914556497693,10.933362007141113,46800
2002-12-30,10.93336493353347,11.021271303111353,10.911388865102293,10.999295234680176,36700
2002-12-31,10.98830213740696,11.015772473580016,10.834465530229847,10.955337524414062,61100
2003-01-02,10.993792803616053,11.180593962436328,10.993792803616053,11.164111137390137,365000
2003-01-03,11.219059871217807,11.219059871217807,11.092694610441061,11.153129577636719,364100
2003-01-06,11.142137879829939,11.241031711133369,10.98830128459226,11.235538482666016,76100
2003-01-07,11.180597529624018,11.213562142308007,11.109172979561544,11.13664436340332,46100
2003-01-08,11.125659549810813,11.19158984526772,11.0267646305887,11.070717811584473,36000
2003-01-09,11.11466703332655,11.219056193978561,11.10917275666843,11.180597305297852,50800
2003-01-10,11.153126964431248,11.235540074079626,11.147633735185828,11.213562965393066,37300
2003-01-13,11.180602393881818,11.284991602044082,11.1696138355644,11.241037368774414,96500
2003-01-14,11.197077538501729,11.273996353149414,11.191584310529587,11.273996353149414,81700
2003-01-15,11.252017441784878,11.252017441784878,11.125652260208163,11.164111137390137,86000
2003-01-16,11.153126670460754,11.345422174694805,11.153126670460754,11.328940391540527,107100
2003-01-17,11.263012886047363,11.36190780100772,11.25751860766885,11.263012886047363,16000
2003-01-21,11.317951077972454,11.361904243311281,11.153125922007257,11.180597305297852,65900
2003-01-22,11.19159040163076,11.24653109466185,11.048742294311525,11.048742294311523,56100
2003-01-23,11.04324251230618,11.109171730259972,10.927864808998011,10.971817970275879,111700
2003-01-24,10.933362695952141,10.988304427675795,10.730079650878908,10.730079650878906,67100
2003-01-27,10.741061423168063,10.741061423168063,10.526789936585551,10.587225914001465,441700
2003-01-28,10.603711603944257,10.686124711894916,10.57624126657817,10.620194435119629,76100
2003-01-29,10.603709882516863,10.603709882516863,10.378449799320283,10.504816055297852,114500
2003-01-30,10.521304081512035,10.521304081512035,10.307032423452847,10.31252670288086,197800
2003-01-31,10.422405658346213,10.58173656463623,10.372958207975262,10.58173656463623,560200
2003-02-03,10.625688712178086,10.647664772485717,10.559758435402799,10.620194435119629,265400
2003-02-04,10.55975732931276,10.625687599182129,10.477345277920612,10.625687599182129,167900
2003-02-05,10.686126619086512,10.70260840527725,10.532289977772527,10.548772811889648,281200
2003-02-06,10.537784661493925,10.537784661493925,10.411419405510348,10.466360092163086,267800
2003-02-07,10.493833399649086,10.55426837558815,10.356479562082805,10.394938468933105,231900
2003-02-10,10.40592512725979,10.466360092163084,10.33450055792895,10.466360092163086,611900
2003-02-11,10.438888357652452,10.526794702093317,10.268569946289062,10.268569946289062,135800
2003-02-12,10.285051730917795,10.378452352877,10.268569946289062,10.268569946289062,164300
2003-02-13,10.268573531838666,10.367468465848045,10.169678597829286,10.279561042785645,116200
2003-02-14,10.329006279678392,10.466360092163084,10.296041658101464,10.466360092163086,181400
2003-02-18,10.548773132828417,10.603713819037583,10.46636000766183,10.537784576416016,236600
2003-02-19,10.537778161716757,10.548766711440058,10.383941609367875,10.455366134643555,152300
2003-02-20,10.46086227226671,10.46086227226671,10.312519968364226,10.35097885131836,64100
2003-02-21,10.356473388238436,10.477344315987928,10.33449628432435,10.411415100097656,18900
2003-02-24,10.38394663039534,10.38394663039534,10.268569946289062,10.268569946289062,52900
2003-02-25,10.22461474956405,10.383944574342976,10.164178756755108,10.34548568725586,179500
2003-02-26,10.318020674580016,10.378455650632402,10.25758465060101,10.290549278259277,17900
2003-02-27,10.290546097578094,10.361970658008941,10.241098647410983,10.301534652709961,160800
2003-02-28,10.329005224926393,10.389441231584657,10.2356046000574,10.25758171081543,99300
2003-03-03,10.31252471386589,10.372959680064398,10.164182341700881,10.1751708984375,96400
2003-03-04,10.208131175145876,10.208131175145876,10.065283142159215,10.087260246276855,190300
2003-03-05,10.092758584671051,10.103746093226373,9.889474481464433,10.010345458984375,374600
2003-03-06,9.971883520025248,10.054295572668213,9.933424631986938,9.944413185119629,184500
2003-03-07,9.829037042589865,9.982873667234008,9.807060980741428,9.955403327941895,304200
2003-03-10,9.9608982335452,9.9608982335452,9.790579795837402,9.790579795837402,464200
2003-03-11,9.807059004878385,9.999354484959541,9.807059004878385,9.889471054077148,105400
2003-03-12,9.834532038907568,9.988368674796696,9.834532038907568,9.966391563415527,196900
2003-03-13,10.05429572909658,10.186156272888184,10.026825393763566,10.186156272888184,135400
2003-03-14,10.202641403504773,10.279559206023135,10.142205388425223,10.169676780700684,187000
2003-03-17,10.11473565372674,10.477349670207131,10.11473565372674,10.460867881774902,335100
2003-03-18,10.48284035346725,10.48284035346725,10.285050576708532,10.38394546508789,350600
2003-03-19,10.488336576565196,10.559760093688967,10.427900567357602,10.559760093688965,660500
2003-03-20,10.5707491977268,10.587232032345401,10.422406829938646,10.537784576416016,925700
2003-03-21,10.601314542420097,10.767045974731445,10.540545858848386,10.767045974731445,158400
2003-03-24,10.518448030508397,10.551594103724105,10.374813641647437,10.479776382446289,273700
2003-03-25,10.46872850782027,10.551594218609111,10.385861743336749,10.48530101776123,286800
2003-03-26,10.441108816174289,10.523974550093337,10.424536301607466,10.446633338928223,398400
2003-03-27,10.385858466132428,10.535017330702834,10.302992781491428,10.468725204467773,996500
2003-03-28,10.468728443735356,10.468728443735356,10.302995969477536,10.358240127563477,296500
2003-03-31,10.137262321119014,10.330616305080412,10.037823069156328,10.258798599243164,94500
2003-04-01,10.137266262994139,10.258802588377678,10.137266262994139,10.225656509399414,332800
2003-04-02,10.396909777202826,10.485300000629206,10.347190144813665,10.441104888916016,883700
2003-04-03,10.485305041778721,10.485305041778721,10.319573556597131,10.369293212890625,335000
2003-04-04,10.369289456413371,10.419009094694957,10.314045296801087,10.413484573364258,333300
2003-04-07,10.529496069304683,10.617886300764319,10.358240127563477,10.358240127563477,79800
2003-04-08,10.435581266927123,10.496349945901478,10.396910672559686,10.479776382446289,65200
2003-04-09,10.523970527433198,10.606837283372407,10.391385193102865,10.396909713745117,250000
2003-04-10,10.452153700504248,10.452153700504248,10.363763479020898,10.430055618286133,357200
2003-04-11,10.52397466342775,10.540548231868032,10.43558440580288,10.452157974243164,124500
2003-04-14,10.479777948611757,10.634461402893066,10.479777948611757,10.634461402893066,437500
2003-04-15,10.695229074884752,10.695229074884752,10.584740753223985,10.673130989074707,203400
2003-04-16,10.535024698072215,10.57369530770158,10.347195119562368,10.369293212890625,1049300
2003-04-17,10.413485799422137,10.551595687866211,10.363766155286685,10.551595687866211,195900
2003-04-21,10.5681645738474,10.579213614018414,10.45767733322066,10.474249839782715,49000
2003-04-22,10.441104265719572,10.662079811096191,10.430055225027111,10.662079811096191,305600
2003-04-23,10.667606638544086,10.667606638544086,10.584740922818158,10.639985084533691,278400
2003-04-24,10.606838381286755,10.606838381286755,10.46872851201841,10.568166732788086,38300
2003-04-25,10.551591429484027,10.551591429484027,10.396908037523223,10.407957077026367,102100
2003-04-28,10.407961389173527,10.61788795823642,10.402436867133078,10.557120323181152,349300
2003-04-29,10.623411746868308,10.678655909764075,10.557119594349203,10.651034355163574,182700
2003-04-30,10.595787210731448,10.628933277664066,10.557116623694313,10.562641143798828,73900
2003-05-01,10.535022121922784,10.557120209847353,10.385863189516426,10.551595687866211,64000
2003-05-02,10.507400558498505,10.634461402893066,10.496351514543806,10.634461402893066,71600
2003-05-05,10.639984454876647,10.645508976090742,10.546069701626385,10.568166732788086,74100
2003-05-06,10.568163223788314,10.662077945855604,10.568163223788314,10.623407363891602,411900
2003-05-07,10.678655909764075,10.733900072659841,10.634460790186415,10.651034355163574,456100
2003-05-08,10.579219313453558,10.66208505199021,10.579219313453558,10.601317405700684,132700
2003-05-09,10.689704950622938,10.767046146442357,10.606839233145736,10.73390007019043,90900
2003-05-12,10.767049215010429,10.883062095497554,10.695232520381307,10.827817916870117,339300
2003-05-13,10.827812012622177,10.838861053061796,10.744946316714008,10.778092384338379,252100
2003-05-14,10.844389335074068,10.844389335074068,10.695231437683104,10.695231437683105,135300
2003-05-15,10.789141424777998,10.794665944997808,10.706274675175338,10.778092384338379,176000
2003-05-16,10.744950683920296,10.816767368578208,10.678657468032677,10.717328071594238,882200
2003-05-19,10.65655999321006,10.662083461752989,10.573693213337856,10.612363815307617,69000
2003-05-20,10.63445860653825,10.728373348068446,10.617885044964256,10.678653717041016,284600
2003-05-21,10.639984084348525,10.778093948807314,10.639984084348525,10.761520385742188,173000
2003-05-22,10.711800216857101,10.938300298995578,10.711800216857101,10.90515422821045,233900
2003-05-23,10.883059775760769,10.91620585439408,10.82781560890869,10.849912643432617,354600
2003-05-27,10.827816048388692,10.982498457418963,10.82229152610977,10.954876899719238,816000
2003-05-28,11.004594191836501,11.037740264722746,10.94382551346617,11.021167755126953,258600
2003-05-29,11.03221545335443,11.09850865107732,10.94382522552033,10.965923309326172,474500
2003-05-30,11.032220041718421,11.126134829563684,11.004598479167786,11.081939697265625,792600
2003-06-02,11.159281415844946,11.181378454050996,11.05431758670491,11.059842109680176,338400
2003-06-03,11.104035979469836,11.170328140258789,11.070889899075361,11.170328140258789,258800
2003-06-04,11.203474212558575,11.291864454363413,11.148230048006852,11.253193855285645,192400
2003-06-05,11.297388347670704,11.30843633701057,11.21452157860592,11.264241218566895,262400
2003-06-06,11.319479667675678,11.352625726357607,11.19241889798311,11.225564956665039,681600
2003-06-09,11.258715238075968,11.26423975887737,11.16480049184137,11.203472137451172,269000
2003-06-10,11.22556900055318,11.280813154053634,11.192422929930743,11.236618041992188,323100
2003-06-11,11.286341489889518,11.33053661689022,11.24767088547577,11.319487571716309,164700
2003-06-12,11.380254290734973,11.380254290734973,11.214521802984194,11.358156204223633,58900
2003-06-13,11.325014258273734,11.369209393719192,11.225574940097667,11.247673034667969,43100
2003-06-16,11.352632355513258,11.474169731140137,11.297389243349937,11.474169731140137,116200
2003-06-17,11.479686907866565,11.49073489101333,11.363674128425266,11.402344703674316,117700
2003-06-18,11.396827370910822,11.446547014348836,11.325010693553033,11.38577938079834,372300
2003-06-19,11.385781362787572,11.424451969149908,11.247671452239231,11.258719444274902,116700
2003-06-20,11.309770701328606,11.337518566949743,11.220979648286656,11.25982666015625,121100
2003-06-23,11.23208217214546,11.23208217214546,11.121093851704039,11.198785781860352,108700
2003-06-24,11.193233386814034,11.348618266448959,11.193233386814034,11.320870399475098,366200
2003-06-25,11.320875135156339,11.35972110669666,11.159941673278809,11.159941673278809,147900
2003-06-26,11.154383805895153,11.23762526281408,11.115537863231157,11.232075691223145,43600
2003-06-27,11.265375441325347,11.298672880858465,11.137738431866996,11.171034812927246,85400
2003-06-30,11.182128766418888,11.243172985407591,11.148832400821586,11.187678337097168,40500
2003-07-01,11.104442269758291,11.282024383544922,11.07114588804152,11.282024383544922,127500
2003-07-02,11.243180578799256,11.359718466333076,11.243180578799256,11.354168891906738,114000
2003-07-03,11.282022334686339,11.36526380309774,11.237626814302077,11.287571907043457,13800
2003-07-07,11.348622801494715,11.415215591897462,11.337523650269816,11.370820045471191,172000
2003-07-08,11.331968089460371,11.381913185119629,11.293122139163785,11.381913185119629,67700
2003-07-09,11.365262233987938,11.365262233987938,11.187680176968213,11.232075691223145,79600
2003-07-10,11.226524273372751,11.226524273372751,11.137733259465026,11.187678337097168,418300
2003-07-11,11.23763023292392,11.331970874749116,11.198784273079372,11.265377044677734,98600
2003-07-14,11.326421916725208,11.387466176071298,11.220982121074618,11.237630844116211,90100
2003-07-15,11.298676490783691,11.326423307453524,11.237632223942208,11.298676490783691,247700
2003-07-16,11.298673556686836,11.309771645388837,11.14883824524403,11.182134628295898,159100
2003-07-17,11.220978604584191,11.287572417407953,11.132187559801006,11.14328670501709,97800
2003-07-18,11.204325760088125,11.26536891358151,11.143281548122483,11.243171691894531,148400
2003-07-21,11.259829322341838,11.259829322341838,11.132191227252548,11.148839950561523,121800
2003-07-22,11.154388739189459,11.298674488949935,11.126640868962625,11.265377044677734,155900
2003-07-23,11.298672799464857,11.298672799464857,11.159936644494897,11.21543025970459,110800
2003-07-24,11.276471484611235,11.293120199796158,11.137735366821289,11.137735366821289,133800
2003-07-25,11.115540835321655,11.237628267548503,11.071145309196178,11.226529121398926,58300
2003-07-28,11.254282343508166,11.265380436467302,11.143292946130096,11.159941673278809,48900
2003-07-29,11.215433926823609,11.22653307688379,11.076697726490966,11.098896026611328,81200
2003-07-30,11.132188858611476,11.176584386182766,11.115541197317786,11.171034812927246,23200
2003-07-31,11.243178206776136,11.354166496467926,11.154387151633555,11.171034812927246,72500
2003-08-01,11.076691946565408,11.126637037301181,11.01564877003375,11.060044288635254,123600
2003-08-04,11.054494644999872,11.154384825825325,10.96570360837117,11.104439735412598,142100
2003-08-05,11.087792199812464,11.098891345191117,10.965704776065555,10.971254348754883,378200
2003-08-06,10.954609828326904,11.076697298855875,10.932412587536712,11.037851333618164,165300
2003-08-07,11.043402472684674,11.148842292174393,11.043402472684674,11.132193565368652,45000
2003-08-08,11.176587482688168,11.204335356653395,11.121093851704039,11.198785781860352,152000
2003-08-11,11.237629305697634,11.254278026460035,11.143288671656563,11.182134628295898,137900
2003-08-12,11.209886124275153,11.293127638082124,11.176588671973743,11.270929336547852,28800
2003-08-13,11.304219063432754,11.304219063432754,11.204328891741019,11.232075691223145,256200
2003-08-14,11.25427443995637,11.337515900295182,11.22097700904277,11.293120384216309,160100
2003-08-15,11.3319673538208,11.3319673538208,11.276472689082766,11.3319673538208,9500
2003-08-18,11.298675264589544,11.365268040759414,11.298675264589544,11.354168891906738,33200
2003-08-19,11.282021240578443,11.337515900295182,11.226526580861703,11.293120384216309,389700
2003-08-20,11.265373407995483,11.30422041377248,11.237626605198878,11.25427532196045,182700
2003-08-21,11.259824011775304,11.331966328476248,11.237625724499571,11.293120384216309,436200
2003-08-22,11.331967719730132,11.331967719730132,11.182132437641064,11.193231582641602,106700
2003-08-25,11.176584121765682,11.259826660156248,11.176584121765682,11.25982666015625,278300
2003-08-26,11.215426909338035,11.298669424231397,11.165482882263582,11.276471138000488,68800
2003-08-27,11.265375724000275,11.331969546264643,11.265375724000275,11.320870399475098,157500
2003-08-28,11.348620375953493,11.387466338464767,11.25982930207827,11.354168891906738,37000
2003-08-29,11.309766565652058,11.393009073603086,11.309766565652058,11.359711647033691,937500
2003-09-02,11.343066664178084,11.526198319558151,11.343066664178084,11.48735237121582,126000
2003-09-03,11.531753973484076,11.553951216326166,11.470709703340113,11.515105247497559,327800
2003-09-04,11.56504521474116,11.598341593407348,11.520649690361978,11.570594787597656,292700
2003-09-05,11.498454326259502,11.531751771875483,11.431861551973666,11.448509216308594,95700
2003-09-08,11.492904845221544,11.492904845221544,11.409663347452454,11.481806755065918,126600
2003-09-09,11.431861875402378,11.431861875402378,11.326422078248141,11.354168891906738,624800
2003-09-10,11.365261394083648,11.442954332142605,11.337514596652039,11.348613739013672,451000
2003-09-11,11.404110766504235,11.476254155097472,11.404110766504235,11.409660339355469,94400
2003-09-12,11.409662485139627,11.44850844393112,11.326420993661715,11.437410354614258,94400
2003-09-15,11.42630958557129,11.44850681952849,11.387463632291562,11.426309585571289,90600
2003-09-16,11.431861877441406,11.454059116677623,11.348620377977674,11.431861877441406,59600
2003-09-17,11.476253226411524,11.515099174753855,11.431857705667044,11.48735237121582,259600
2003-09-18,11.476255394762978,11.59279326180892,11.476255394762978,11.559496879577637,111200
2003-09-19,11.543353185103648,11.565627411145902,11.493237238602127,11.53221607208252,86300
2003-09-22,11.470958899286215,11.470958899286215,11.370727051504906,11.437548637390137,126700
2003-09-23,11.476526123696793,11.51550493507526,11.41527309890609,11.50436782836914,152200
2003-09-24,11.515502718126593,11.515502718126593,11.370723545098583,11.404133796691895,271800
2003-09-25,11.3930025100708,11.470961219722517,11.3930025100708,11.3930025100708,170700
2003-09-26,11.35402478442551,11.393003611974661,11.331751623866023,11.365161895751953,226800
2003-09-29,11.404140723301104,11.404140723301104,11.326183068202802,11.365161895751953,111200
2003-09-30,11.359585078168672,11.387427836234508,11.248217232183194,11.315037727355957,105000
2003-10-01,11.326178224872052,11.53220938584065,11.326178224872052,11.521073341369629,191100
2003-10-02,11.509936234805666,11.571189258814517,11.509936234805666,11.521073341369629,222000
2003-10-03,11.688128001549623,11.693696555932197,11.582327592467012,11.610170364379883,707100
2003-10-06,11.621308183193538,11.671423051512367,11.587896854856698,11.649149894714355,209600
2003-10-07,11.643579000207238,11.749379394493477,11.615737294281226,11.710400581359863,300900
2003-10-08,11.715967517856638,11.727103561434179,11.654714498762319,11.676987648010254,134400
2003-10-09,11.805066905928038,11.81620295390799,11.676992264272485,11.693697929382324,267100
2003-10-10,11.6825599167681,11.721538736919792,11.65471820582923,11.688128471374512,522100
2003-10-13,11.699264336700805,11.78279052272995,11.693695782686452,11.732674598693848,123900
2003-10-14,11.749377924176594,11.799493838246308,11.699262010106878,11.793925285339355,247700
2003-10-15,11.777222633361816,11.805065405004887,11.715970659933339,11.777222633361816,632100
2003-10-16,11.710399115920787,11.799493838246308,11.693693457199926,11.793925285339355,107500
2003-10-17,11.81063809636444,11.81063809636444,11.693701590266706,11.721543312072754,127000
2003-10-20,11.7271089553833,11.7271089553833,11.63244563782973,11.7271089553833,164000
2003-10-21,11.75494794809728,11.78278965402329,11.693694920548456,11.710400581359863,84700
2003-10-22,11.665853599274042,11.715969521267706,11.599032015918146,11.654716491699219,274600
2003-10-23,11.582326354555912,11.676989644755828,11.582326354555912,11.654716491699219,289000
2003-10-24,11.649152807519,11.649152807519,11.487667866458862,11.643584251403809,289900
2003-10-27,11.710399197552247,11.721535241350916,11.599030262822575,11.638009071350098,166600
2003-10-28,11.63801394691491,11.771656087322087,11.63801394691491,11.766087532043457,907000
2003-10-29,11.727110201440764,11.821773529052734,11.727110201440764,11.821773529052734,109300
2003-10-30,11.860749531122762,11.860749531122762,11.738244514870154,11.805066108703613,63500
2003-10-31,11.8607503943393,11.871887504470962,11.805066967867555,11.827340126037598,222600
2003-11-03,11.883026719671149,11.955415824164055,11.883026719671149,11.93314266204834,96700
2003-11-04,11.91643468600921,11.922003240983031,11.860750198364258,11.860750198364258,36700
2003-11-05,11.883024461904737,11.883024461904737,11.771655486205788,11.844045639038086,33100
2003-11-06,11.821772873014815,11.938710418090128,11.79949971239162,11.916436195373535,47900
2003-11-07,11.938710418090128,11.972120690071618,11.888594479071193,11.916436195373535,71500
2003-11-10,11.888589908213474,11.933137274425942,11.844042542001008,11.883021354675293,53800
2003-11-11,11.899724054471983,11.905291544531908,11.855176699343522,11.894155502319336,181900
2003-11-12,11.916428103624872,11.988818216204512,11.871880750534586,11.98324966430664,345300
2003-11-13,11.883024461904737,11.883024461904737,11.78836115118861,11.844045639038086,66100
2003-11-14,11.866317378433367,11.888591595747823,11.727106706497427,11.777222633361816,250800
2003-11-17,11.704829664326049,11.810628975156375,11.682555454408432,11.788355827331543,492100
2003-11-18,11.816203563407157,11.821772118731007,11.710404198534027,11.743814468383789,89100
2003-11-19,11.74381306953071,11.827339265252633,11.72153885088849,11.805066108703613,45600
2003-11-20,11.805070601678116,11.844049437044028,11.71597581738643,11.721543312072754,320500
2003-11-21,11.72153829339013,11.793928438441135,11.710402246691874,11.749381065368652,76900
2003-11-24,11.827338638719823,11.922001938748233,11.799496928985116,11.91086483001709,140900
2003-11-25,11.916434086584049,11.960981462040518,11.86631815643387,11.938708305358887,108200
2003-11-26,11.99439102327076,11.99439102327076,11.860747854495548,11.922000885009766,79200
2003-11-28,11.93871101667672,11.972121290333344,11.916436792843337,11.966552734375,17600
2003-12-01,11.921998783428009,11.96654614446936,11.866314316603106,11.944272994995117,79000
2003-12-02,11.94427659366472,11.94427659366472,11.832907626460756,11.838476181030273,304500
2003-12-03,11.877455906910463,11.927571839765664,11.838477084043811,11.844045639038086,323500
2003-12-04,11.855176699343522,11.894155502319336,11.805060792062411,11.894155502319336,103500
2003-12-05,11.871884385397578,11.92200030572993,11.821768465065226,11.855179786682129,359600
2003-12-08,11.894158461751656,11.938705827964124,11.816199774310098,11.883021354675293,109600
2003-12-09,11.860749337215154,11.916433820817137,11.82733907189124,11.838476181030273,341100
2003-12-10,11.85517792772964,11.888588182014642,11.79392490979644,11.849609375,183900
2003-12-11,11.888593016899012,11.910866174782841,11.844045639038086,11.844045639038086,85300
2003-12-12,11.9052952233896,11.933137992756542,11.80506443994777,11.922000885009766,114000
2003-12-15,11.999960930504695,11.999960930504695,11.832908529049536,11.844045639038086,277300
2003-12-16,11.866312387388449,11.977681302931996,11.844039241535356,11.960975646972656,86900
2003-12-17,11.966548114428381,12.005526928994732,11.938706407479,11.94984245300293,397600
2003-12-18,12.027805482820064,12.0333740386372,11.966552430924976,12.011099815368652,458700
2003-12-19,12.039617699419454,12.045209846600326,11.927776888988044,11.966920852661133,62900
2003-12-22,11.966920494690617,12.034025192260742,11.966920494690617,12.034025192260742,134400
2003-12-23,11.98928358296371,12.073163616503777,11.983691438515372,12.03961181640625,259900
2003-12-24,12.039619010664676,12.039619010664676,11.983698599358632,12.000473976135254,52600
2003-12-26,11.966913050089406,12.03401770591381,11.966913050089406,12.011649131774902,29800
2003-12-29,12.056390057439772,12.112310448662246,11.994878587028527,12.089942932128906,319700
2003-12-30,12.101129730618847,12.145865843489057,12.078762207480276,12.106721878051758,479000
2003-12-31,12.157048070567168,12.17941665649414,12.112311965306105,12.17941665649414,256000
2004-01-02,12.162641373794413,12.235337151785144,12.011656604206372,12.034025192260742,356900
2004-01-05,12.134676126293163,12.134676126293163,12.000466792856862,12.11230754852295,235700
2004-01-06,12.112315327947833,12.157051445628612,12.078763506335543,12.140275001525879,140300
2004-01-07,12.078758640565862,12.117902594443768,12.022838249343389,12.089942932128906,550600
2004-01-08,12.173825264299902,12.173825264299902,12.022840499716503,12.073168754577637,728900
2004-01-09,12.067578930290908,12.084355374004417,11.961330253291656,11.983698844909668,741400
2004-01-12,11.96691500517036,12.03961181640625,11.955730716273687,12.03961181640625,599900
2004-01-13,12.05639231425482,12.05639231425482,11.933368283810927,12.02284049987793,458800
2004-01-14,12.045209839942439,12.101129178534219,12.028433398409096,12.067577362060547,391900
2004-01-15,12.073171813546884,12.084356110037103,11.972515278321358,12.078763961791992,288600
2004-01-16,12.106720568954076,12.106720568954076,12.028432646544735,12.073168754577637,118800
2004-01-20,12.073169154762903,12.073169154762903,11.983696935731395,12.034025192260742,114400
2004-01-21,12.050801515910363,12.106721923857968,12.01165755032496,12.084354400634766,210100
2004-01-22,12.112307763916618,12.112307763916618,12.028427728971659,12.045204162597656,128700
2004-01-23,12.089943253230794,12.157046871205797,12.05079823172047,12.145862579345703,208600
2004-01-26,12.168234613758504,12.268891135858164,12.145866023694989,12.263298988342285,449000
2004-01-27,12.274480011974974,12.280071091407637,12.201783180236816,12.201783180236816,224500
2004-01-28,12.224156616385173,12.25770843926261,12.061987517056666,12.078763961791992,402100
2004-01-29,12.134676534882795,12.26888480624556,12.106715811728554,12.246516227722168,833100
2004-01-30,12.235335988125806,12.235335988125806,12.151455924085425,12.17941665649414,155000
2004-02-02,12.179417609188597,12.280073053954764,12.173825462269427,12.229745864868164,104100
2004-02-03,12.179418115026907,12.30803429973064,12.179418115026907,12.291257858276367,227300
2004-02-04,12.291253906368233,12.403094680251439,12.268886391547193,12.363950729370117,378700
2004-02-05,12.408693659392688,12.464614077131108,12.358365390087437,12.442245483398438,494500
2004-02-06,12.49256877518735,12.548489170644949,12.414280861502409,12.537304878234863,480900
2004-02-09,12.526122135997896,12.582042538375937,12.498162468105356,12.554082870483398,405400
2004-02-10,12.51493784142801,12.610002205486898,12.51493784142801,12.604411125183105,289600
2004-02-11,12.57085478950561,12.637959467234255,12.526118693217402,12.587631225585938,362300
2004-02-12,12.609997749328613,12.637958473931537,12.565261656556517,12.609997749328613,225100
2004-02-13,12.582039822988513,12.632368067607885,12.486975479440002,12.53171157836914,484800
2004-02-17,12.63796158752737,12.660329106127778,12.587633337435394,12.643553733825684,207300
2004-02-18,12.632368841284192,12.654736358822307,12.58204059358244,12.626776695251465,492700
2004-02-19,12.71065429452364,12.777758967346626,12.665918201505843,12.688286781311035,341000
2004-02-20,12.73861885229499,12.811314625350642,12.699473825857273,12.788947105407715,526200
2004-02-23,12.794542888216355,12.87283190327482,12.777767508741423,12.861647605895996,809000
2004-02-24,12.8560495720395,12.8560495720395,12.721841264710614,12.783353805541992,750000
2004-02-25,12.805719025132824,12.844862974420868,12.772167220970589,12.822495460510254,744700
2004-02-26,12.822495460510254,12.850455119546679,12.772167220970589,12.822495460510254,269700
2004-02-27,12.850458942749,12.923155784420294,12.80572283502549,12.872827529907227,341000
2004-03-01,12.928744892374949,13.018217086791992,12.884008795166428,13.018217086791992,345600
2004-03-02,12.979075835190367,12.995852276484598,12.861643945909744,12.889603614807129,830100
2004-03-03,12.88960136021185,12.962298193178027,12.844865257845283,12.956706047058105,262500
2004-03-04,12.962292296266874,12.962292296266874,12.884004419388944,12.928740501403809,134200
2004-03-05,12.906374145177244,13.034990269749782,12.861638055474078,12.934333801269531,426100
2004-03-08,12.951108009115076,13.00143623470584,12.928740501403809,12.928740501403809,233500
2004-03-09,12.91755621425201,12.962292296266874,12.84485941435765,12.928740501403809,278700
2004-03-10,12.973480157666147,13.029399475646485,12.872823678753344,12.895191192626953,730500
2004-03-11,12.79454147824354,12.850461892381865,12.6211891543486,12.649149894714355,886700
2004-03-12,12.643557746641205,12.665925272340623,12.559676592137125,12.649149894714355,280200
2004-03-15,12.665921601053656,12.665921601053656,12.503753620310297,12.526121139526367,359400
2004-03-16,12.576445412744343,12.615589358934868,12.453421429489477,12.54848575592041,600900
2004-03-17,12.587637433161937,12.727437936329094,12.57086098880833,12.699477195739746,158500
2004-03-18,12.637961592114802,12.772169903544505,12.610000860613084,12.69388198852539,389000
2004-03-19,12.723064771403601,12.728677191313801,12.627655773849463,12.66694164276123,179600
2004-03-22,12.571529743271558,12.571529743271558,12.459284582356451,12.498570442199707,355300
2004-03-23,12.554702377201409,12.565926151855718,12.459293334648814,12.476129531860352,277900
2004-03-24,12.487355986199319,12.560315347925147,12.436845247135173,12.509805679321289,176600
2004-03-25,12.610821219813454,12.700617816723554,12.565922921358403,12.683781623840332,308900
2004-03-26,12.68938399644128,12.700607759322226,12.610811233520508,12.610811233520508,101000
2004-03-29,12.700620230910257,12.812866533614065,12.672559190464344,12.76235580444336,212300
2004-03-30,12.796022166228926,12.846532867369946,12.75112388415463,12.840920448303223,190900
2004-03-31,12.812859423429094,12.863370124570114,12.734287697413945,12.840920448303223,305100
2004-04-01,12.812855780210485,12.835305450094015,12.756732675960835,12.790407180786133,360900
2004-04-02,12.925109672598868,12.930722093406297,12.779189942985173,12.8072509765625,772900
2004-04-05,12.78480779437413,12.880216847707528,12.78480779437413,12.852154731750488,148600
2004-04-06,12.880204051947107,12.936326087186554,12.846529546252391,12.913877487182617,70200
2004-04-07,12.930725420967457,12.930725420967457,12.840927735400102,12.88021469116211,87100
2004-04-08,12.9251115487856,12.9251115487856,12.728681073851357,12.812865257263184,588400
2004-04-12,12.812860191217954,12.86898331478878,12.807247771814918,12.863370895385742,264100
2004-04-13,12.885821184812391,12.885821184812391,12.706228022307082,12.73429012298584,132900
2004-04-14,12.734294346605848,12.824090957641602,12.68378361909073,12.824090957641602,534600
2004-04-15,12.852146056579668,12.89143192194138,12.790411584065353,12.863370895385742,761800
2004-04-16,12.930718355389473,12.981227987135357,12.885819001909567,12.953166961669922,415700
2004-04-19,12.908271318411302,13.020517584146594,12.908271318411302,12.99245548248291,188600
2004-04-20,13.042970673831116,13.042970673831116,12.891438484191893,12.891438484191895,720100
2004-04-21,12.85214476594392,12.95877858297417,12.807246485687939,12.919492721557617,655500
2004-04-22,12.930717814727798,13.04857540130615,12.857757438833088,13.048575401306152,282900
2004-04-23,12.964399687804802,13.08225735101768,12.953174842605435,13.059808731079102,300600
2004-04-26,13.076636562864405,13.104698657910578,12.986839999635595,13.03173828125,142800
2004-04-27,13.059800102470746,13.127146988250551,13.031738008012951,13.065412521362305,323600
2004-04-28,13.054184716199648,13.059797133815433,12.913877487182617,12.913877487182617,476600
2004-04-29,12.981231689453127,13.031742406064446,12.913884780944574,12.981231689453125,152900
2004-04-30,13.059807144035194,13.127154066126998,12.998071573401019,13.009296417236328,589100
2004-05-03,13.076646704789487,13.110321244962039,13.020524612089174,13.087871551513672,1041000
2004-05-04,13.12153484447881,13.12153484447881,12.96439139405813,13.03173828125,799500
2004-05-05,13.03173429079832,13.059796377251592,12.992448440222883,13.054183959960938,754600
2004-05-06,13.054190988499753,13.054190988499753,12.913883692067632,12.998067855834961,425000
2004-05-07,12.964392210976959,13.009290495420517,12.829697357646285,12.874595642089844,374000
2004-05-10,12.76796695474621,12.868988403024392,12.751129689879859,12.812865257263184,661800
2004-05-11,12.852141632047486,12.857754049518368,12.706221989182069,12.790407180786133,443400
2004-05-12,12.762344550727938,12.762344550727938,12.565914229436725,12.723058700561523,1116500
2004-05-13,12.739901868067768,12.762350476961597,12.644492871734835,12.700614929199219,862900
2004-05-14,12.683780337419842,12.796025536943345,12.638882043518489,12.751127243041992,983700
2004-05-17,12.644493033580067,12.734289611224003,12.605206094208658,12.66694164276123,412400
2004-05-18,12.739904403686525,12.7791902799145,12.711842298909511,12.739904403686523,554900
2004-05-19,12.796025968237291,12.818475651174525,12.650107310984481,12.672555923461914,660200
2004-05-20,12.661327972481127,12.739900773004843,12.63326694616093,12.717451095581055,1020900
2004-05-21,12.762344550727938,12.807242818126577,12.700609031632638,12.723058700561523,142600
2004-05-24,12.739903901813811,12.779189776494167,12.627657628047249,12.672555923461914,578500
2004-05-25,12.67255877509625,12.835315801636082,12.599599430052217,12.824090957641602,418000
2004-05-26,12.807247885036539,12.840921331292902,12.767962019327522,12.835309982299805,92600
2004-05-27,12.941949568652568,12.992460299916191,12.880215063021566,12.986847877502441,762500
2004-05-28,12.992453921412423,12.992453921412423,12.91388218711411,12.936330795288086,521400
2004-06-01,12.936330795288088,12.947555634604873,12.852146641331382,12.936330795288086,158200
2004-06-02,12.992457077589487,13.059805059391035,12.941946358853288,13.042967796325684,101000
2004-06-03,13.026133518418524,13.121542556733726,13.014909744262695,13.014909744262695,1102300
2004-06-04,13.087865184525375,13.110314867052415,13.003681015968539,13.037354469299316,206200
2004-06-07,13.082254901886833,13.16082773311261,13.037356599954942,13.149602890014648,770700
2004-06-08,13.149598681694272,13.22255799756164,13.104700394131365,13.211334228515625,678500
2004-06-09,13.205730722960723,13.222566923124411,13.143995134466309,13.160832405090332,538100
2004-06-10,13.177668605254018,13.177668605254018,13.104709240137257,13.160832405090332,146300
2004-06-14,13.132760252432655,13.132760252432655,13.048576104559658,13.093474388122559,283700
2004-06-15,13.18888872207726,13.18888872207726,13.104704540070884,13.1552152633667,319300
2004-06-16,13.155217317873985,13.16082974027892,13.10470658668969,13.13838005065918,318500
2004-06-17,13.143994714674289,13.143994714674289,13.076646704789487,13.087871551513672,161300
2004-06-18,13.012939584524318,13.125605081571889,13.012939584524318,13.086172103881836,518500
2004-06-21,13.02983894246071,13.148138951127798,13.02983894246071,13.069272994995117,211500
2004-06-22,13.058007114138261,13.108706968206159,12.984773514054345,13.074906349182129,148800
2004-06-23,13.086176788401215,13.11434397859729,12.979144689061455,13.09181022644043,308500
2004-06-24,13.046739660313275,13.33403846241862,13.007306681008872,13.041106224060059,200900
2004-06-25,13.029841769207861,13.058008955700284,12.905909372046096,12.917176246643066,393800
2004-06-28,12.883376697320458,13.024209406377675,12.883376697320458,12.917176246643066,695900
2004-06-29,12.934078180044231,12.973512249353247,12.917178939094606,12.928445816040039,706700
2004-06-30,12.917173271856155,13.01857297094023,12.917173271856155,13.007306098937988,314700
2004-07-01,13.03547277707308,13.041106213321656,12.838307880713419,12.877740859985352,539900
2004-07-02,12.838307880713419,12.95097338228064,12.838307880713419,12.877740859985352,165100
2004-07-06,12.866473905534283,12.928440629405817,12.838307798938908,12.883374214172363,705100
2004-07-07,12.87774454445664,12.92844441073154,12.866477668735905,12.894643783569336,294000
2004-07-08,12.832674444464843,12.95097338228064,12.832674444464843,12.877740859985352,158000
2004-07-09,12.889005335077364,12.928439384769856,12.877739538204642,12.911539077758789,339000
2004-07-12,12.900278623676456,12.95097849546238,12.849578751890533,12.928445816040039,354500
2004-07-13,12.94534683227539,12.967880589256469,12.88901351429137,12.94534683227539,451900
2004-07-14,12.877740202061537,13.01293944171573,12.860839894179245,12.939705848693848,970900
2004-07-15,12.979138006329038,12.979138006329038,12.810138175572988,12.855204582214355,246900
2004-07-16,12.950972834626281,13.012939556272148,12.84393969936562,12.849573135375977,601600
2004-07-19,12.860838017353014,12.922804729410355,12.827038480988959,12.855204582214355,166600
2004-07-20,12.810146644173244,12.967879708926999,12.810146644173244,12.860846519470215,187900
2004-07-21,12.911545662742531,12.911545662742531,12.686213493347166,12.686213493347168,1546900
2004-07-22,12.60171073105586,12.686210137920972,12.567910108735214,12.646777153015137,1137800
2004-07-23,12.629871390938671,12.629871390938671,12.410172813015269,12.460872650146484,301400
2004-07-26,12.505948224515187,12.505948224515187,12.365115479079062,12.415815353393555,128100
2004-07-27,12.477780405159887,12.551014030817427,12.421447094916052,12.545380592346191,299800
2004-07-28,12.500306088954426,12.56227172319649,12.353840006665115,12.511571884155273,437800
2004-07-29,12.534110159329211,12.534110159329211,12.325677292902439,12.365111351013184,720400
2004-07-30,12.325677292902439,12.382010587163855,12.29751118300584,12.365111351013184,416900
2004-08-02,12.314410057284428,12.528475261147596,12.314410057284428,12.489042282104492,551400
2004-08-03,12.460878704881923,12.4777779424918,12.398911968396876,12.438344955444336,112000
2004-08-04,12.348208035864385,12.517206803060127,12.348208035864385,12.466506958007812,129700
2004-08-05,12.51157599243642,12.51157599243642,12.29751077078059,12.32004451751709,238200
2004-08-06,12.246814711931298,12.274981904084505,12.167948722839354,12.167948722839355,580700
2004-08-09,12.21300983428955,12.235542503725528,12.184842654409518,12.21300983428955,310500
2004-08-10,12.2073828254957,12.31441601645666,12.2073828254957,12.308782577514648,231000
2004-08-11,12.28060853066277,12.415808840896823,12.252442426137016,12.404541969299316,201400
2004-08-12,12.472144344325578,12.47777778161234,12.376378059387207,12.376378059387207,229300
2004-08-13,12.438345992760846,12.455246306248464,12.370745813278774,12.43271255493164,1228200
2004-08-16,12.460873119581887,12.511571884155273,12.398906410871993,12.511571884155273,707300
2004-08-17,12.59044928224915,12.59044928224915,12.483416081049025,12.522849082946777,245100
2004-08-18,12.567911637677339,12.607344627380371,12.522845210235534,12.607344627380371,414600
2004-08-19,12.629880020477682,12.629880020477682,12.505947597516066,12.545380592346191,154800
2004-08-20,12.562277212122781,12.601711273193361,12.517210788224707,12.60171127319336,64600
2004-08-23,12.612977619833812,12.618611057373705,12.505945529980897,12.556645393371582,98100
2004-08-24,12.556644477549213,12.60734326277382,12.54537760329118,12.562276840209961,44900
2004-08-25,12.500310233519901,12.646776364371085,12.494676796817757,12.635509490966797,109600
2004-08-26,12.584807530745978,12.658040046691895,12.584807530745978,12.658040046691895,60300
2004-08-27,12.652408726605042,12.669309036711475,12.618609180860364,12.635509490966797,96000
2004-08-30,12.646772359682162,12.652404720132592,12.5735387802124,12.573538780212402,57000
2004-08-31,12.522842575662212,12.618608848137153,12.50594334046956,12.584809303283691,141000
2004-09-01,12.573542430176484,12.62987572124436,12.517209139108608,12.584809303283691,315000
2004-09-02,12.646779947631613,12.736912811467233,12.601713515713804,12.731279373168945,164600
2004-09-03,12.776344132568772,12.83267743370871,12.770710695007942,12.78761100769043,70500
2004-09-07,12.83831087126954,12.83831087126954,12.73127770655049,12.78761100769043,119700
2004-09-08,12.703110370188345,12.753810233174539,12.635511269185644,12.652410507202148,181600
2004-09-09,12.629877385204045,12.65804349721473,12.562277212122781,12.60171127319336,400600
2004-09-10,12.534108211838886,12.635507910860786,12.511574467848218,12.612974166870117,208000
2004-09-13,12.590447040890227,12.663679592167904,12.590447040890227,12.624246597290039,487200
2004-09-14,12.646773582145286,12.65803937860297,12.579173431059434,12.629873275756836,273400
2004-09-15,12.59044077718683,12.59044077718683,12.472140776938572,12.505941390991211,279100
2004-09-16,12.511577492179866,12.522844366898658,12.415812280475064,12.438344955444336,641400
2004-09-17,12.485301829978942,12.547530685471099,12.44570204157968,12.49661636352539,150500
2004-09-20,12.332554287216778,12.349526081237785,12.247697475137556,12.287297248840332,736100
2004-09-21,12.25335802756141,12.287300545697777,12.21375824323345,12.242043495178223,525100
2004-09-22,12.247702672751219,12.247702672751219,12.11758876707852,12.1458740234375,493200
2004-09-23,12.191126823425291,12.230727679116487,12.145869781648344,12.191126823425293,2347300
2004-09-24,12.202437544631158,12.208094807963985,12.151523253648365,12.1798095703125,428300
2004-09-27,12.140212071375107,12.1911263763838,12.111926825931588,12.128898620605469,621300
2004-09-28,12.191126823425291,12.196784088524034,12.111927270068879,12.191126823425293,735500
2004-09-29,12.185472125529001,12.236385359609644,12.083643499341475,12.225071907043457,928100
2004-09-30,12.225067878282712,12.270324910672405,12.219410614357406,12.253353118896484,715300
2004-10-01,12.253352956863429,12.41175310763912,12.253352956863429,12.377809524536133,582500
2004-10-04,12.417408668520284,12.445693904880882,12.338208064487928,12.349522590637207,396200
2004-10-05,12.343865327562566,12.394779616221724,12.32123735427661,12.349522590637207,736200
2004-10-06,12.321246284557725,12.406103134155275,12.321246284557725,12.406103134155273,698400
2004-10-07,12.440043735592083,12.445701001892711,12.304272581416656,12.309929847717285,498100
2004-10-08,12.275986220137218,12.321243267441329,12.196785578095188,12.225071907043457,219400
2004-10-11,12.196787551527185,12.23638733944886,12.196787551527185,12.219416618347168,173900
2004-10-12,12.162836761247778,12.208093785105872,12.151522235530114,12.185465812683105,257700
2004-10-13,12.17415367807877,12.230725238765691,12.111924853421879,12.134553909301758,597300
2004-10-14,12.151525042412725,12.179811363240745,12.0892972946167,12.0892972946167,697500
2004-10-15,12.134559333962088,12.236386893904436,12.134559333962088,12.168501853942871,2318500
2004-10-18,12.140211294065606,12.225069182988808,12.128897844020342,12.213754653930664,1275800
2004-10-19,12.225073794652408,12.24770178229177,12.14021587371826,12.140215873718262,202700
2004-10-20,12.11758176888201,12.174153327941895,12.089296528858439,12.174153327941895,353700
2004-10-21,12.134553560303798,12.219410359387254,12.106267241267485,12.174153327941895,356100
2004-10-22,12.253363358975156,12.264677896281277,12.09496307373047,12.094963073730469,382300
2004-10-25,12.157184865301039,12.157184865301039,11.993128486020812,12.027070999145508,486300
2004-10-26,11.993131047533364,12.185473794675913,11.981816514404208,12.157187461853027,893800
2004-10-27,12.089298380326452,12.287297248840332,12.072326586305445,12.287297248840332,405800
2004-10-28,12.225068939905567,12.389125291935041,12.225068939905567,12.343868255615234,492500
2004-10-29,12.343868392484012,12.383468164826317,12.298611355662397,12.33255386352539,714100
2004-11-01,12.33821038913113,12.355182181552706,12.275982641610959,12.304267883300781,202900
2004-11-02,12.32124656764812,12.473988468827724,12.304274765733318,12.383474349975586,1323100
2004-11-03,12.502273842868272,12.507931109737685,12.428730452579247,12.479644775390625,366600
2004-11-04,12.473982437877545,12.813410758972168,12.473982437877545,12.813410758972168,234800
2004-11-05,12.89261082304158,12.909581536999621,12.813410201523636,12.86998176574707,751500
2004-11-08,12.84170060915416,12.881300393006693,12.802099746288441,12.847356796264648,1681800
2004-11-09,12.864327583923425,12.881299380961023,12.79078528812003,12.841699600219727,132900
2004-11-10,12.841697611934627,12.932211690761289,12.82472581752478,12.858668327331543,345800
2004-11-11,12.858673095500892,12.95484447479248,12.841702373811003,12.95484447479248,568300
2004-11-12,12.960495664908226,13.005752699883827,12.903924101435521,12.994438171386719,274100
2004-11-15,12.994437695411843,13.04535199277105,12.960495190176633,13.034038543701172,607700
2004-11-16,12.909586538478795,12.98312992416556,12.909586538478795,12.949186325073242,258100
2004-11-17,12.977474426370991,13.03404602022183,12.926560099806577,12.960502624511719,469800
2004-11-18,12.926559219300444,13.005758797888811,12.926559219300444,12.95484447479248,577400
2004-11-19,12.926553892341339,12.926553892341339,12.790782779706067,12.813410758972168,1000400
2004-11-22,12.785122854140944,12.90392214834102,12.779465590748655,12.89826488494873,248100
2004-11-23,12.86998176574707,12.875639030070698,12.779467694594711,12.86998176574707,459700
2004-11-24,12.869989466805466,12.903931994044694,12.830389671857453,12.86433219909668,186600
2004-11-26,12.836046939566238,12.903931994044694,12.836046939566238,12.86433219909668,73500
2004-11-29,12.830382305827188,12.830382305827188,12.700268460265029,12.734210968017578,442300
2004-11-30,12.745525455308554,12.745525455308554,12.632382324485798,12.638039588928223,557300
2004-12-01,12.643696264119814,12.836038930146785,12.643696264119814,12.80775260925293,626400
2004-12-02,12.762496292820911,12.949181705171553,12.751182842839716,12.926553726196289,2301600
2004-12-03,12.90392303466797,12.99443709713637,12.869980530995504,12.903923034667969,5691900
2004-12-06,12.92655863159557,12.92655863159557,12.796444735826487,12.819072723388672,152500
2004-12-07,12.762500481703736,12.864329118046603,12.75118702800926,12.78512954711914,346100
2004-12-08,12.73420851275516,12.81906530528186,12.71157945927462,12.790780067443848,204300
2004-12-09,12.836040462611118,12.9661543172184,12.756839833665559,12.93786907196045,345900
2004-12-10,12.881303040528588,12.988787881930435,12.875645773242164,12.960502624511719,185400
2004-12-13,12.960494781365801,13.011409077119026,12.898265957886803,12.98878002166748,2296700
2004-12-14,13.022728123943612,13.130212937599177,12.97747107634834,13.107584953308105,305900
2004-12-15,13.113250879456537,13.124565418581044,12.99445037667689,13.101936340332031,323500
2004-12-16,13.017073119749249,13.175473353360271,13.011415852940285,13.067987442016602,538500
2004-12-17,13.116271433129489,13.121952061780021,12.940176278839516,12.968578338623047,1798800
2004-12-20,13.08218627252908,13.087866900106134,12.928812578355432,12.97425651550293,476400
2004-12-21,12.974252875387046,13.065140724182129,12.962891623420505,13.065140724182129,175900
2004-12-22,13.08218357564309,13.138987672765628,13.036739647863836,13.116266250610352,197800
2004-12-23,13.070821090833133,13.138986434342696,13.06514046496257,13.087862968444824,200600
2004-12-27,13.150346857365609,13.156027482878185,13.025376346494493,13.07650089263916,202900
2004-12-28,13.110595276739193,13.16171986856437,13.082193207267206,13.156039237976074,469100
2004-12-29,13.156026553807372,13.156026553807372,13.093540761050258,13.12762451171875,172200
2004-12-30,13.207163829801251,13.207163829801251,13.13899734621118,13.156039237976074,111200
2004-12-31,13.167394222741319,13.17307485062187,13.110589027404785,13.110589027404785,226200
2005-01-03,13.23555959036997,13.298045413587054,13.076506343590458,13.110589027404785,813900
2005-01-04,13.0708213501654,13.16738982494375,12.991294753336858,13.065140724182129,2075600
2005-01-05,13.06513562474715,13.082177496045372,12.996969223022463,12.996969223022461,1772000
2005-01-06,13.05378382677263,13.104908394207872,12.96857657553689,13.059464454650879,594900
2005-01-07,13.121953010559082,13.161716330518752,13.05378654529307,13.121953010559082,325800
2005-01-10,13.17875752654564,13.258284162294222,13.093549178564555,13.201478958129883,357500
2005-01-11,13.121950012539893,13.195796006526104,13.110588757013103,13.144671440124512,639100
2005-01-12,13.178752486601947,13.20715453608776,13.082184001493955,13.184432029724121,586700
2005-01-13,13.235556834591097,13.235556834591097,13.065142367532525,13.099225044250488,358800
2005-01-14,13.150351258959892,13.178754396029682,13.093546068289207,13.173073768615723,253000
2005-01-18,13.042421260732638,13.309405326843262,13.042421260732638,13.309405326843262,759600
2005-01-19,13.343482526810416,13.36052440173367,13.286677360534668,13.286677360534668,567200
2005-01-20,13.2355566205335,13.315084309547562,13.229877077396326,13.275321006774902,1052900
2005-01-21,13.320767930471211,13.320767930471211,13.138991088627339,13.161713600158691,909900
2005-01-24,13.19011565079454,13.19011565079454,13.099227771643681,13.110589027404785,415700
2005-01-25,13.207157539752414,13.212838167635253,13.150352344393015,13.161713600158691,1014000
2005-01-26,13.218514136756111,13.229875388517604,13.144667083775015,13.150347709655762,621300
2005-01-27,13.121944483280076,13.235553740268985,13.099221981801191,13.224193572998047,212600
2005-01-28,13.224202564737485,13.258285256661686,13.1503554681876,13.229883193969727,1183000
2005-01-31,13.360528370960953,13.360528370960953,13.212835328153828,13.263959884643555,867100
2005-02-01,13.29236234643001,13.29236234643001,13.201474483957949,13.269640922546387,1059900
2005-02-02,13.275323061630063,13.37757110595703,13.263961806659653,13.377571105957031,423600
2005-02-03,13.37757028677489,13.388931541049589,13.33212635314494,13.354848861694336,599100
2005-02-04,13.40029267307782,13.457097860464254,13.354848739862438,13.428694725036621,951200
2005-02-07,13.405969207199325,13.457093751891446,13.400288581848145,13.400288581848145,1953800
2005-02-08,13.47982216193995,13.47982216193995,13.371893474689392,13.417337417602539,1028200
2005-02-09,13.337805599740147,13.405972034863863,13.281000417715171,13.298042297363281,473500
2005-02-10,13.34348485601162,13.34348485601162,13.252597007492668,13.292360305786133,591400
2005-02-11,13.332122827585138,13.394608626103329,13.263957486900344,13.37188720703125,411500
2005-02-14,13.423015042369762,13.423015042369762,13.343488424514709,13.377571105957031,348500
2005-02-15,13.417330457901686,13.519578463817425,13.366205913209566,13.400288581848145,1124800
2005-02-16,13.462777943545053,13.462777943545053,13.405972758454007,13.434374809265137,567600
2005-02-17,13.46278011968636,13.46278011968636,13.332127847817514,13.349169731140137,216300
2005-02-18,13.303720758080077,13.354845305232656,13.292359506830936,13.332122802734375,465000
2005-02-22,13.332122985539185,13.332122985539185,13.121945251890978,13.133306503295898,449400
2005-02-23,13.207159864119104,13.207159864119104,13.099230082288267,13.167396545410156,1091800
2005-02-24,13.207160677040765,13.235562739732725,13.11059214703116,13.229883193969727,839200
2005-02-25,13.263959753563071,13.28668117651799,13.190112691154924,13.275321006774902,432500
2005-02-28,13.349169718533574,13.349169718533574,13.224199158025916,13.246920585632324,985000
2005-03-01,13.315085555201733,13.38325091391224,13.303724300927035,13.354848861694336,438100
2005-03-02,13.275327266539263,13.400297860391008,13.275327266539263,13.320771217346191,409200
2005-03-03,13.428695270831428,13.457098407413476,13.366210537288675,13.411654472351074,283600
2005-03-04,13.519580690982112,13.519580690982112,13.45141534247565,13.479817390441895,2885400
2005-03-07,13.479817239915524,13.502539744809727,13.423012061148684,13.440053939819336,289100
2005-03-08,13.468458978782495,13.468458978782495,13.349169051999914,13.377571105957031,253200
2005-03-09,13.377572462126803,13.377572462126803,13.24124063906778,13.281003952026367,244100
2005-03-10,13.252600137236605,13.36621051644992,13.246919509929052,13.309405326843262,596200
2005-03-11,13.241235993251765,13.326443217334246,13.178751273441218,13.2071533203125,2529400
2005-03-14,13.258281841170012,13.27532372447654,13.207157274719387,13.246920585632324,386500
2005-03-15,13.32077027483253,13.32077027483253,13.167396545410156,13.167396545410156,250500
2005-03-16,13.104903374783595,13.178750425447017,13.076501329739859,13.133306503295898,482800
2005-03-17,13.178751945495604,13.195792741099918,13.082183464352616,13.178751945495605,185500
2005-03-18,13.130838089856256,13.233512061028605,13.0909095650605,13.136542320251465,402100
2005-03-21,13.187882201434522,13.187882201434522,13.050982817832613,13.06239128112793,353200
2005-03-22,13.119428544288432,13.119428544288432,12.988234519958496,12.988234519958496,727400
2005-03-23,12.9768265359628,13.113724795236259,12.919785322606195,13.073796272277832,465800
2005-03-24,13.119428373188956,13.119428373188956,13.045275561091039,13.06809139251709,396700
2005-03-28,13.090908658364507,13.13654141039488,13.033867446333884,13.079500198364258,325000
2005-03-29,13.033865154214341,13.125130642225251,13.022456696220368,13.050976753234863,673400
2005-03-30,13.113729650560822,13.233516351757473,13.090913809553065,13.222107887268066,2248800
2005-03-31,13.210698324029917,13.210698324029917,13.119432791647439,13.130841255187988,264300
2005-04-01,13.233513087184347,13.233513087184347,12.97112390851203,13.005348205566406,2099100
2005-04-04,13.090908658364507,13.10231603039413,12.993938924303636,13.079500198364258,511900
2005-04-05,13.09661451529385,13.187881126244593,13.085207140899502,13.176472663879395,240400
2005-04-06,13.216399063817189,13.216399063817189,13.12513355554851,13.14224624633789,265200
2005-04-07,13.193582312388408,13.233511924743654,13.108021033282833,13.233511924743652,1957700
2005-04-08,13.244924446073599,13.244924446073599,13.153658901154401,13.170771598815918,210000
2005-04-11,13.23351058207715,13.23351058207715,13.15365245343972,13.204989433288574,166600
2005-04-12,13.204986844607241,13.273436500310495,13.085201307089507,13.25632381439209,452100
2005-04-13,13.262032212010755,13.273440672875992,13.119429715107414,13.193582534790039,672600
2005-04-14,13.262032648965954,13.262032648965954,13.147950212496228,13.16506290435791,642100
2005-04-15,13.176470019076353,13.176470019076353,13.005346381859137,13.039571762084961,518800
2005-04-18,13.062383401379654,13.09090454241286,12.919780960124482,12.954005241394043,1227800
2005-04-19,13.06238733302349,13.06238733302349,12.925489078769997,12.988234519958496,802900
2005-04-20,13.016751499988043,13.028159957134287,12.811403623237057,12.8228120803833,1104100
2005-04-21,12.959713629528673,13.0452759921226,12.908376647160573,13.039571762084961,939800
2005-04-22,13.028165446231789,13.03386967720825,12.839930175891864,12.90267562866211,438200
2005-04-25,12.971122089603949,13.039571762084961,12.925489337273484,13.039571762084961,568000
2005-04-26,12.94830734178243,13.033868623571065,12.936898880751752,12.94260311126709,370100
2005-04-27,12.948305998464221,13.01675458160566,12.828519346010781,12.988234519958496,840700
2005-04-28,13.016753233862364,13.07379443922131,12.908375052477417,12.959712028503418,3187700
2005-04-29,12.914086003832436,13.00535154472396,12.817116230638808,12.99394416809082,2003700
2005-05-02,13.045277201325451,13.102317331047763,13.011051817927182,13.090909957885742,212400
2005-05-03,13.108019744616552,13.19928524508616,13.062386994381749,13.147948265075684,520100
2005-05-04,13.204990773061335,13.256327758118816,13.16506224867678,13.233511924743652,662200
2005-05-05,13.25633567810244,13.279152613080248,13.147957412900533,13.210702896118164,1124000
2005-05-06,13.313369944678517,13.313369944678517,13.159358978271484,13.159358978271484,1518900
2005-05-09,13.21639811204269,13.26773509274314,13.170765361194576,13.239213943481445,435900
2005-05-10,13.24491995710427,13.24491995710427,13.11943014736417,13.16506290435791,895500
2005-05-11,13.222111363607068,13.222111363607068,13.068100316420885,13.210702896118164,1590500
2005-05-12,13.090908143260116,13.227806393964528,13.090908143260116,13.147948265075684,497300
2005-05-13,13.165063792559039,13.165063792559039,12.971124290258528,13.033869743347168,343100
2005-05-16,13.090910385182207,13.17647167052919,13.073797692924503,13.159358978271484,781500
2005-05-17,13.13654154002159,13.239214417125098,13.119428849852351,13.22780704498291,270500
2005-05-18,13.30195834952443,13.381815385306282,13.262029831633503,13.35329532623291,726400
2005-05-19,13.381820922884977,13.433157920837402,13.341892388471082,13.433157920837402,308800
2005-05-20,13.433154885024889,13.438859115505032,13.347593603764171,13.416043281555176,384100
2005-05-23,13.461676862894903,13.490196929073752,13.404635642566422,13.438859939575195,507500
2005-05-24,13.438859115505032,13.438859115505032,13.364706295204602,13.416043281555176,2247200
2005-05-25,13.404640951799495,13.404640951799495,13.307671165225075,13.370416641235352,388700
2005-05-26,13.421744561247468,13.421744561247468,13.358999127731272,13.381814956665039,290300
2005-05-27,13.433152012611284,13.438856241871692,13.284846403722643,13.341886520385742,319900
2005-05-31,13.393224842934115,13.393224842934115,13.267735050494059,13.296255111694336,424400
2005-06-01,13.29054727051196,13.41033388853965,13.267731445345444,13.387516975402832,455500
2005-06-02,13.404635469047657,13.43315553485732,13.336185787945379,13.421748161315918,328800
2005-06-03,13.421748919194732,13.421748919194732,13.279146406152602,13.313370704650879,503800
2005-06-06,13.330483092632432,13.330483092632432,13.273441871127595,13.319074630737305,739500
2005-06-07,13.313375398314301,13.444569495452864,13.313375398314301,13.370416641235352,511400
2005-06-08,13.34759868900059,13.410344160216543,13.319078613704866,13.336190223693848,181000
2005-06-09,13.336182291125334,13.381815037238106,13.296253774272971,13.341886520385742,659500
2005-06-10,13.364703910691095,13.381815511107776,13.262029956308904,13.330479621887207,599600
2005-06-13,13.376115798950194,13.404635865603582,13.27914604916955,13.376115798950195,636100
2005-06-14,13.336182638006578,13.398928073532614,13.30195834952443,13.35329532623291,220700
2005-06-15,13.36469775710941,13.393217803319255,13.279136530509854,13.358993530273438,283000
2005-06-16,13.376115852242142,13.376115852242142,13.31337039978974,13.319074630737305,371200
2005-06-17,13.36607866325649,13.417663103005081,13.331689401162405,13.354615211486816,820900
2005-06-20,13.354606628437494,13.371801795040613,13.285828148453481,13.348875999450684,644800
2005-06-21,13.354606371899761,13.3775332602635,13.303021966295557,13.32021713256836,750500
2005-06-22,13.389000255445223,13.394731979056314,13.291563140485701,13.331684112548828,859200
2005-06-23,13.325953207264533,13.325953207264533,13.154005861230816,13.165468215942383,2179300
2005-06-24,13.13107893590987,13.15973646244632,13.022178367285141,13.033641815185547,328900
2005-06-27,13.050836314502208,13.06229976181188,12.99352017116835,13.022177696228027,629400
2005-06-28,13.073760367819878,13.199856084937057,13.068028644931427,13.188392639160156,1095000
2005-06-29,13.199859660320959,13.217053740429229,13.131080060243912,13.154006958007812,551900
2005-06-30,13.131081674751861,13.176934382702742,13.02791280855868,13.039376258850098,503100
2005-07-01,13.096688552194141,13.125346076250917,13.04510413432037,13.085225105285645,428700
2005-07-05,13.062300604525998,13.188395253423874,13.05656888050138,13.159736633300781,864100
2005-07-06,13.182663358247131,13.182663358247131,13.027910091235343,13.033641815185547,1169000
2005-07-07,12.982053059736447,13.027905742818932,12.924736932579792,13.010711669921875,510500
2005-07-08,13.010715623363428,13.194126411424646,12.98778872824851,13.182662963867188,380300
2005-07-11,13.228509350479186,13.26863030457684,13.18265667533701,13.257166862487793,888100
2005-07-12,13.262904979682515,13.320221124554942,13.257173255873818,13.268636703491211,287200
2005-07-13,13.28582789323696,13.33168057675023,13.25143865390556,13.32021713256836,310700
2005-07-14,13.388997891658642,13.457776376420087,13.371802723861128,13.394729614257812,564300
2005-07-15,13.394732616523028,13.406194971076212,13.354610549335959,13.38900089263916,259200
2005-07-18,13.366069676212451,13.423385803307806,13.325948715209961,13.325948715209961,1033500
2005-07-19,13.360339471924373,13.40046043748463,13.303023338317871,13.303023338317871,1161500
2005-07-20,13.211325344010714,13.371810389141325,13.211325344010714,13.354615211486816,632300
2005-07-21,13.354607749242291,13.383266362652703,13.280097540803862,13.303023338317871,1640100
2005-07-22,13.325956869588728,13.383273031756815,13.285835884035528,13.343152046203613,2361400
2005-07-25,13.406191199186766,13.406191199186766,13.29729175567627,13.29729175567627,552400
2005-07-26,13.325957389651048,13.411931089650976,13.325957389651048,13.36607837677002,507400
2005-07-27,13.411930369854053,13.429125546217165,13.37180938488831,13.400466918945312,678100
2005-07-28,13.429127723475558,13.54375897150353,13.377543279237711,13.515101432800293,1786200
2005-07-29,13.515095074319893,13.53802196906803,13.452047206977028,13.457778930664062,1326100
2005-08-01,13.474974564468065,13.474974564468065,13.37180572098756,13.38900089263916,916400
2005-08-02,13.38326723214754,13.463509168481277,13.38326723214754,13.43485164642334,404600
2005-08-03,13.457784509288569,13.463516235351562,13.389005982962576,13.463516235351562,3065000
2005-08-04,13.40045931283158,13.423386201635736,13.320217388445487,13.348875999450684,479900
2005-08-05,13.31449145722942,13.325954906617396,13.251444672024972,13.262907028198242,1371300
2005-08-08,13.251446055565305,13.29729876468983,13.222787429103215,13.239982604980469,807900
2005-08-09,13.280102202280203,13.303028007841448,13.228517773249024,13.262907028198242,806400
2005-08-10,13.320224572644682,13.400466540308894,13.217055703810797,13.239982604980469,2009700
2005-08-11,13.268637515647601,13.29729613644524,13.194127288002944,13.274369239807129,1102400
2005-08-12,13.251447296688577,13.2686413809614,13.176935954123271,13.228520393371582,1271600
2005-08-15,13.205588419503007,13.320219602938597,13.205588419503007,13.2915620803833,1384600
2005-08-16,13.251443124480101,13.274368927363998,13.15400600249074,13.159736633300781,2445700
2005-08-17,13.10242253125369,13.188396211439008,13.10242253125369,13.154006958007812,1438000
2005-08-18,13.125344308030597,13.343145397092448,13.125344308030597,13.303023338317871,1489300
2005-08-19,13.28009877452714,13.343146636672882,13.28009877452714,13.2858304977417,1737600
2005-08-22,13.268632588114606,13.400458915183986,13.262900866083651,13.325948715209961,1082600
2005-08-23,13.325951326092538,13.33741477240042,13.27436691092148,13.2915620803833,1114700
2005-08-24,13.257170590980394,13.308755001674873,13.165465214904502,13.171196937561035,1031200
2005-08-25,13.205587807825507,13.297293187611988,13.148271672155367,13.188392639160156,434500
2005-08-26,13.165469313675107,13.30875914505552,13.125348335802936,13.154006958007812,229400
2005-08-29,13.125341639132856,13.268631397405516,13.090952403247366,13.245705604553223,271600
2005-08-30,13.222785992717782,13.222785992717782,13.073764430947522,13.176933288574219,729800
2005-08-31,13.148274767371241,13.239980168745953,13.085226893970644,13.222784996032715,391200
2005-09-01,13.25717166240834,13.29156200112692,13.188393171399987,13.205588340759277,421500
2005-09-02,13.21132521588384,13.297300010107639,13.199862857440264,13.228520393371582,873300
2005-09-06,13.251439438622496,13.388997497308148,13.251439438622496,13.37180233001709,636300
2005-09-07,13.371806814966291,13.389001988024669,13.303027215947418,13.383270263671875,3038100
2005-09-08,13.411926056675084,13.411926056675084,13.274367969652433,13.331684112548828,1408900
2005-09-09,13.29729549692639,13.446315945048731,13.268636877507054,13.38900089263916,2431600
2005-09-12,13.354610934520702,13.42912225394554,13.354610934520702,13.417658805847168,827100
2005-09-13,13.325951326092538,13.354608848647834,13.257171741459656,13.2915620803833,1381000
2005-09-14,13.29156200112692,13.297293724246682,13.19412489451975,13.205588340759277,1794500
2005-09-15,13.257166862487793,13.26863030457684,13.199851838470577,13.257166862487793,990300
2005-09-16,13.363741890594667,13.363741890594667,13.265817879117789,13.294618606567383,1479300
2005-09-19,13.317657401293934,13.36373921519417,13.185171224988283,13.213973045349121,2017400
2005-09-20,13.213969553806821,13.300372794704701,13.104524862708539,13.133325576782227,987100
2005-09-21,13.052677299336445,13.052677299336445,12.96051373401092,12.972034454345703,1848300
2005-09-22,12.902919065962967,13.07572667988836,12.902919065962967,13.069966316223145,912500
2005-09-23,13.018120762157453,13.133324709521514,13.018120762157453,13.093003273010254,971500
2005-09-26,13.173651354655211,13.173651354655211,13.018124823581626,13.04692554473877,1083100
2005-09-27,13.041161549579272,13.2139691244367,13.041161549579272,13.18516731262207,847300
2005-09-28,13.162129307209717,13.306135095912937,13.162129307209717,13.2024507522583,1363600
2005-09-29,13.133327234515168,13.323414827954728,13.133327234515168,13.317655563354492,2294300
2005-09-30,13.294618313053997,13.409823417663576,13.260057221142045,13.409823417663574,830200
2005-10-03,13.36373925625512,13.450142520248905,13.36373925625512,13.392539978027344,977200
2005-10-04,13.427099761109144,13.444380851702027,13.334936141967775,13.334936141967773,702400
2005-10-05,13.363740422468185,13.363740422468185,13.225493869601236,13.242774963378906,1138700
2005-10-06,13.219733681419438,13.323416940820442,13.087247502387862,13.167891502380371,1163100
2005-10-07,13.167888027281895,13.208209467298472,13.116045861924341,13.156367301940918,1034200
2005-10-10,13.219732377797076,13.231252006365352,13.098766939075505,13.1102876663208,769900
2005-10-11,13.104527302698152,13.190930559683835,13.104527302698152,13.1102876663208,755700
2005-10-12,13.110286977560953,13.150608422124149,13.018123361794515,13.064205169677734,1411400
2005-10-13,13.064202224880997,13.06996258690258,12.97203862988912,13.029641151428223,1125500
2005-10-14,13.046922086702708,13.133325325950382,12.989319560978661,13.104524612426758,818700
2005-10-17,13.04692209702317,13.2600511127677,13.018121383476762,13.248530387878418,2232100
2005-10-18,13.219726528582978,13.225485790980356,13.150603294372557,13.150603294372559,1156000
2005-10-19,13.087242509255123,13.294611146294715,13.081482147262166,13.288850784301758,1571900
2005-10-20,13.357974887479497,13.363735249842422,13.139085512395447,13.18516731262207,913300
2005-10-21,13.219732552490266,13.242772908608307,13.116048203266494,13.173650741577148,643600
2005-10-24,13.162126116486847,13.30037150828767,13.162126116486847,13.288850784301758,856900
2005-10-25,13.219734603685886,13.27157678634169,13.162132056437525,13.242774963378906,225400
2005-10-26,13.306135095912937,13.317655822691668,13.185169662090203,13.2024507522583,1013300
2005-10-27,13.173649531953403,13.173649531953403,13.064204829080234,13.075725555419922,1063600
2005-10-28,13.133331676288604,13.311899702243537,13.133331676288604,13.294618606567383,635600
2005-10-31,13.363734753133476,13.409816551647314,13.300371868173174,13.346453666687012,1661000
2005-11-01,13.43862016404663,13.43862016404663,13.265813656993714,13.271574020385742,603800
2005-11-02,13.265815633884962,13.323417079035133,13.225493084131843,13.306137084960938,1015300
2005-11-03,13.404055849775101,13.45589800912383,13.32341188041224,13.3579740524292,680100
2005-11-04,13.38102126138008,13.392541991291695,13.300378349353332,13.35222053527832,374100
2005-11-07,13.41558177770885,13.41558177770885,13.306137054554762,13.381019592285156,1065100
2005-11-08,13.283093798943135,13.369497053448237,13.283093798943135,13.340696334838867,660900
2005-11-09,13.317657200466542,13.427100820156028,13.306136472495936,13.363739013671875,695500
2005-11-10,13.363743504405601,13.553831185089038,13.363743504405601,13.519268989562988,1720200
2005-11-11,13.53077776325432,13.548058845744773,13.484695975289604,13.536538124084473,355200
2005-11-14,13.53654332533078,13.548064051417775,13.473180430529215,13.484701156616211,988100
2005-11-15,13.432858832416652,13.49046136350797,13.392537390255798,13.415578842163086,690800
2005-11-16,13.415577968781298,13.455899408317142,13.386776155772246,13.450139045715332,1767000
2005-11-17,13.47318243469193,13.47318243469193,13.404060265241718,13.444381713867188,536400
2005-11-18,13.530786005141099,13.530786005141099,13.392540557038732,13.478943824768066,602600
2005-11-21,13.461656658717274,13.53077879660499,13.45013593617713,13.496217727661133,780200
2005-11-22,13.496218181207746,13.5941421287366,13.496218181207746,13.58838176727295,1184800
2005-11-23,13.594147414209251,13.65174995256531,13.565345595692703,13.640229225158691,1633000
2005-11-25,13.680549374333332,13.697830463803554,13.64598829406982,13.651748657226562,92000
2005-11-28,13.617182475914595,13.663264268947197,13.576861044345645,13.58838176727295,504900
2005-11-29,13.640226176778134,13.66902689018113,13.571102926463439,13.576863288879395,887100
2005-11-30,13.594145409761719,13.651747939624324,13.467419624328613,13.467419624328613,1106800
2005-12-01,13.5941485651065,13.5941485651065,13.490464207022956,13.559587478637695,805000
2005-12-02,13.46741344453942,13.571097730979146,13.46741344453942,13.553817749023438,495900
2005-12-05,13.496223278938697,13.536544725737675,13.47318182438098,13.501983642578125,1266300
2005-12-06,13.490459442138674,13.571102314974874,13.47893871782586,13.490459442138672,1036600
2005-12-07,13.536544994810313,13.536544994810313,13.415580652008906,13.455902099609375,1170900
2005-12-08,13.478940270986504,13.513501349230626,13.392537026037763,13.43285846710205,660800
2005-12-09,13.507744274717705,13.507744274717705,13.438621008347582,13.455902099609375,1264400
2005-12-12,13.473180430529215,13.548064051417775,13.46166080311913,13.484701156616211,924800
2005-12-13,13.478941058555138,13.692070100646813,13.478941058555138,13.651748657226562,1959500
2005-12-14,13.645986294761837,13.801511682499687,13.622944845510734,13.766950607299805,1652000
2005-12-15,13.709353097629013,13.841839281931772,13.709353097629013,13.789997100830078,1622300
2005-12-16,13.78999444588503,13.882622365088356,13.772627401166842,13.77841567993164,1228600
2005-12-19,13.72630974341881,13.824727027000389,13.72630974341881,13.755256652832031,749700
2005-12-20,13.708946699287589,13.749471280070718,13.651053967792258,13.674211502075195,873200
2005-12-21,13.778412204688657,13.778412204688657,13.67999492733181,13.714731216430664,1353700
2005-12-22,13.697368729351389,13.732103928585419,13.656844146209675,13.726314544677734,1340600
2005-12-23,13.726314810468127,13.726314810468127,13.691579610561499,13.703158378601074,318000
2005-12-27,13.720517330725123,13.726305606651637,13.581574415838974,13.61052131652832,852900
2005-12-28,13.656843075630485,13.662632459084332,13.610529112211704,13.627897262573242,754400
2005-12-29,13.58157519261428,13.645257273561674,13.564208155418749,13.593153953552246,735100
2005-12-30,13.535267025309958,13.581580984601407,13.48316478729248,13.48316478729248,277900
2006-01-03,13.49474263450563,13.58737055436214,13.419482863701681,13.570003509521484,1372800
2006-01-04,13.575789367936594,13.62210331584063,13.575789367936594,13.616313934326172,1124300
2006-01-05,13.627896650270772,13.645263695640018,13.52947934440126,13.546846389770508,1806300
2006-01-06,13.598943133044314,13.610521893811159,13.5178940160992,13.604732513427734,1131600
2006-01-09,13.587375273812112,13.68000322584209,13.575797607967582,13.668425559997559,1714100
2006-01-10,13.633687973022461,13.65105612648115,13.58737400134481,13.633687973022461,1144600
2006-01-11,13.604736241275315,13.656839574791604,13.598946859305538,13.64526081085205,722700
2006-01-12,13.593153176114711,13.65104587328205,13.57578613991246,13.61052131652832,1491000
2006-01-13,13.604732714490211,13.662625414968623,13.569997535887731,13.593153953552246,1385600
2006-01-17,13.48895708992051,13.564217986352686,13.48895708992051,13.541060447692871,788800
2006-01-18,13.52368397057064,13.604733090956334,13.517894589941456,13.598943710327148,1169200
2006-01-19,13.535260478947375,13.627889456941928,13.535260478947375,13.61052131652832,1162400
2006-01-20,13.63368058352225,13.63368058352225,13.413689613342285,13.413689613342285,8322800
2006-01-23,13.442635212788915,13.488949158664568,13.407900029435066,13.425268173217773,1426300
2006-01-24,13.494742655310867,13.500532038337314,13.425272267417334,13.471586227416992,1194900
2006-01-25,13.494742448956426,13.500531831894342,13.436849723789141,13.48316478729248,1130900
2006-01-26,13.517902001295962,13.587372398511278,13.483166802688306,13.512112617492676,1229300
2006-01-27,13.569995610114258,13.633676577813008,13.494734778909468,13.622098922729492,1052000
2006-01-30,13.546845977451406,13.645263280325436,13.546845977451406,13.570003509521484,766200
2006-01-31,13.535265807568324,13.558423337236556,13.46579542698721,13.506319999694824,945800
2006-02-01,13.465800655472913,13.57000737101764,13.465800655472913,13.541060447692871,1696000
2006-02-02,13.593159600750308,13.604738366498605,13.483164638777126,13.535266876220703,2180800
2006-02-03,13.407905480250822,13.512112176887863,13.407905480250822,13.448430061340332,1563800
2006-02-06,13.402116940226344,13.477377827740144,13.390538172268515,13.419485092163086,1004800
2006-02-07,13.407902056326568,13.425270202734845,13.332642296980843,13.355798721313477,1043600
2006-02-08,13.321061720191606,13.448424797220891,13.321061720191606,13.413689613342285,1782700
2006-02-09,13.425268293716588,13.500528042360683,13.384743728738107,13.454214096069336,1260300
2006-02-10,13.419484454565346,13.483166571095598,13.384749256554315,13.436851501464844,515700
2006-02-13,13.436852139887742,13.477377827740144,13.350013588628203,13.419485092163086,724300
2006-02-14,13.413699443658412,13.587376594543457,13.413699443658412,13.587376594543457,793900
2006-02-15,13.529480225442871,13.674211502075195,13.529480225442871,13.674211502075195,1513200
2006-02-16,13.604734922742331,13.737887382507324,13.604734922742331,13.737887382507324,826200
2006-02-17,13.691575254834516,13.74946797240277,13.67420821251226,13.679996490478516,703500
2006-02-21,13.679996169417102,13.714732461669861,13.61052579333502,13.662629127502441,1126200
2006-02-22,13.668420195641577,13.784204538131776,13.668420195641577,13.772626876831055,1692500
2006-02-23,13.795783828861724,13.824729639533302,13.726312337353281,13.77841567993164,1307200
2006-02-24,13.720524994770779,13.76104957416083,13.685788694540472,13.708946228027344,486200
2006-02-27,13.836308367048685,13.836308367048685,13.743680448102685,13.80736255645752,736500
2006-02-28,13.836300448626561,13.836300448626561,13.616309543082105,13.622098922729492,1044800
2006-03-01,13.691578548575388,13.691578548575388,13.622108154150597,13.674211502075195,454800
2006-03-02,13.662625793036735,13.674204554295105,13.569997911392672,13.598943710327148,763500
2006-03-03,13.58158461685858,13.726315916377766,13.575796336584535,13.633687973022461,1047000
2006-03-06,13.61632352249923,13.656848117424913,13.575798927573544,13.587376594543457,1464300
2006-03-07,13.598947348410006,13.685785872656517,13.593157966232006,13.679996490478516,2089000
2006-03-08,13.627897723209289,13.836310013532346,13.604740188611157,13.830520629882812,2036100
2006-03-09,13.824731783934576,13.911571437843099,13.81315412039723,13.853678703308105,2680800
2006-03-10,13.882624590309007,14.17787654417447,13.871045822499676,13.98104190826416,2637700
2006-03-13,13.963671798154042,14.03893156398405,13.946303650249348,13.9926176071167,1294300
2006-03-14,13.703149003900062,13.986822001528562,13.703149003900062,13.957876205444336,1859000
2006-03-15,13.946303458563154,13.998406797349263,13.84788616354626,13.905778884887695,1268000
2006-03-16,13.928935593698178,13.957882507062516,13.89420040187281,13.952093124389648,1419900
2006-03-17,14.013784415642974,14.019604226776742,13.920669657533622,13.943947792053223,983100
2006-03-20,14.048699272292314,14.054519082224672,13.943944913540351,14.025421142578125,1038100
2006-03-21,13.996325810599327,14.066162438322284,13.92649029289191,13.932310104370117,1600600
2006-03-22,13.973046887796032,14.06034183502197,13.938129130908752,14.060341835021973,1350200
2006-03-23,13.996318259719143,14.200007111506073,13.955580711364746,13.955580711364746,2017400
2006-03-24,13.996318259719143,14.007957876396098,13.897383737994916,13.955580711364746,1189900
2006-03-27,13.949761789529683,13.98468064177963,13.903204429878102,13.909024238586426,952800
2006-03-28,13.874111669746345,13.920669046758295,13.798455238342283,13.798455238342285,1222900
2006-03-29,13.862466901263513,13.903204452272387,13.775171990528065,13.897384643554688,608200
2006-03-30,13.856649231323393,13.897386788620121,13.734436559433211,13.786813735961914,1429900
2006-03-31,13.815911146639602,13.845010193608758,13.722796416368588,13.73443603515625,535800
2006-04-03,13.821733887012147,13.833373508268059,13.751897269492057,13.780996322631836,1250100
2006-04-04,13.740252122807457,13.815907404404667,13.734432314990002,13.769350051879883,1517500
2006-04-05,13.757717672208756,13.827554292734394,13.746079160467337,13.798455238342285,1118600
2006-04-06,13.740258680615865,13.815913998321063,13.734438870020792,13.746078491210938,1286900
2006-04-07,13.740257199539322,13.821732319057306,13.623863220214844,13.623863220214844,2276400
2006-04-10,13.658781410050057,13.705338781276733,13.612224038823381,13.64132308959961,895900
2006-04-11,13.664599256496341,13.676238875134128,13.495829226308937,13.513287544250488,944300
2006-04-12,13.513288556354414,13.594764782906118,13.501650046860068,13.559845924377441,1419300
2006-04-13,13.501653744609023,13.60058831750544,13.501653744609023,13.536571502685547,705100
2006-04-17,13.577304767156559,13.577304767156559,13.431812859617368,13.46091079711914,552700
2006-04-18,13.460910845614178,13.606402753677525,13.460910845614178,13.588944435119629,1128600
2006-04-19,13.55402823284584,13.623863735067443,13.548208422658156,13.606404304504395,1313400
2006-04-20,13.559844036227224,13.69951723086262,13.548205528353488,13.629680633544922,845000
2006-04-21,13.629680633544922,13.711155738736355,13.577303463060412,13.629680633544922,762200
2006-04-24,13.623861815673386,13.693698418071373,13.57148464137868,13.687878608703613,933800
2006-04-25,13.693698418071373,13.740255782998318,13.658779561864812,13.687878608703613,986400
2006-04-26,13.676240140176468,13.821732056561324,13.676240140176468,13.815912246704102,450400
2006-04-27,13.75189493745523,13.897386848435572,13.629682265039033,13.83337116241455,601000
2006-04-28,13.79845333660916,13.874109757586087,13.786814826471788,13.868289947509766,1265800
2006-05-01,13.903207232311358,13.967224030991613,13.845011353527749,13.862469673156738,738600
2006-05-02,13.879932089612716,13.96140722545453,13.827554899424271,13.943947792053223,1027800
2006-05-03,13.810094420636448,13.862471606860082,13.76353704510604,13.850831985473633,542800
2006-05-04,13.810090571074436,13.909025105250482,13.810090571074436,13.874107360839844,568700
2006-05-05,13.897389486470287,14.025423102846347,13.862471732011088,14.002143859863281,685600
2006-05-08,14.002142421476124,14.083618653531708,13.978864290899734,14.077798843383789,649600
2006-05-09,14.060337106218583,14.118534088134766,14.060337106218583,14.118534088134766,761200
2006-05-10,14.066161646172432,14.101079403059712,14.037063700435612,14.060341835021973,373600
2006-05-11,14.019597308500892,14.019597308500892,13.868285623737377,13.88574504852295,1816400
2006-05-12,13.821734378617325,13.92648875361563,13.75771756944827,13.775177001953125,1861500
2006-05-15,13.734438616635648,13.938127543643864,13.711159374684835,13.926487922668457,926900
2006-05-16,13.955583524404846,14.013780509505494,13.932305396373684,13.978862762451172,2268400
2006-05-17,13.879930987738442,13.955586306440502,13.786816237021114,13.804274559020996,2725100
2006-05-18,13.79263301907942,13.856648702381278,13.716976606974757,13.73443603515625,982000
2006-05-19,13.763536812980783,13.780996244766001,13.664602252895294,13.746078491210938,888500
2006-05-22,13.763534497497963,13.83337110287463,13.676239573288521,13.786813735961914,1843300
2006-05-23,13.879930883276327,13.891570504532238,13.77517651200388,13.780996322631836,740400
2006-05-24,13.763531295053795,13.926482596341025,13.734433363759434,13.88574504852295,1785200
2006-05-25,13.996316868813016,14.025415907613638,13.909021972440813,14.019596099853516,1404100
2006-05-26,14.101071188465594,14.101071188465594,13.990498171067724,14.019596099853516,3487700
2006-05-30,14.05451932218634,14.05451932218634,13.827552281025435,13.845011711120605,1479000
2006-05-31,13.856647092545813,13.92648368714318,13.792631416681159,13.897384643554688,728700
2006-06-01,13.897389871022371,13.97304630279541,13.879931548317387,13.97304630279541,680700
2006-06-02,14.007964604509205,14.019604226776742,13.874112278478947,13.943947792053223,1794300
2006-06-05,13.996323686706823,13.996323686706823,13.740258680615865,13.746078491210938,870100
2006-06-06,13.734436559433211,13.815911674026665,13.676239573288521,13.786813735961914,2695900
2006-06-07,13.81591407638419,13.914848637028683,13.751897269492057,13.780996322631836,2101200
2006-06-08,13.780993522513105,13.8566488252736,13.682058981970826,13.827550888061523,2283100
2006-06-09,13.90902789326143,13.90902789326143,13.79845371877931,13.839192390441895,2168800
2006-06-12,13.815914129054402,13.909028879425918,13.75771713256836,13.75771713256836,2327700
2006-06-13,13.815913116435375,13.839192357329724,13.699520242009532,13.711158752441406,1350600
2006-06-14,13.635497802122977,13.775169859697336,13.635497802122977,13.769350051879883,1369900
2006-06-15,13.821734451250208,13.897389772471318,13.728619697432494,13.879931449890137,1259000
2006-06-16,13.88987905100872,13.93668567590679,13.860625328931661,13.895730018615723,1392600
2006-06-19,13.889870905615933,14.001036993042312,13.802108674892919,13.843064308166504,1478300
2006-06-20,13.866473163253549,13.977638174793759,13.866473163253549,13.942533493041992,871800
2006-06-21,14.012742563838238,14.036145310667559,13.942532091435073,13.995189666748047,908300
2006-06-22,13.924977986119817,13.99518845243105,13.91912813688826,13.971784591674805,1221200
2006-06-23,13.901579319259065,14.012745458546087,13.901579319259065,13.924982070922852,369700
2006-06-26,13.92498091851015,14.012744298870205,13.913280101625515,14.001042366027832,734100
2006-06-27,13.971785471148785,14.012742230050295,13.895725150818269,13.936680793762207,752400
2006-06-28,13.866473486213764,14.001042366027834,13.866473486213764,14.001042366027832,1940400
2006-06-29,14.094652665440893,14.223370552062988,14.018591233742493,14.223370552062988,1585000
2006-06-30,14.293583753813907,14.293583753813907,14.147312943588155,14.15316390991211,5448200
2006-07-03,14.182423117644865,14.235080718994139,14.147318422064732,14.23508071899414,535400
2006-07-05,14.217518559323189,14.217518559323189,14.065397938835533,14.118054389953613,1175000
2006-07-06,14.164868025280388,14.346244675688409,14.088807677271653,14.281885147094727,3086700
2006-07-07,14.270177245155981,14.299432071356694,14.217519673952213,14.252625465393066,813000
2006-07-10,14.305285523796456,14.387196819484995,14.305285523796456,14.3403902053833,1721200
2006-07-11,14.375497705636608,14.43400626372518,14.30528832869666,14.41645336151123,2270600
2006-07-12,14.416449678515866,14.428151610335654,14.276029844551346,14.299433708190918,2125600
2006-07-13,14.199967904277818,14.276028220538683,14.14731033303664,14.182415008544922,839300
2006-07-14,14.15316307757371,14.217521471436916,13.989339378010452,14.041996955871582,3464600
2006-07-17,14.006893296175873,14.118058310017316,14.006893296175873,14.077102661132812,1180900
2006-07-18,14.07710091218858,14.141460418701172,13.989338658917152,14.141460418701172,1581100
2006-07-19,14.12975398371278,14.334533253381101,14.12975398371278,14.316980361938477,2522600
2006-07-20,14.393050051876775,14.410601837454811,14.328690528869629,14.328690528869629,498600
2006-07-21,14.334538387692639,14.36964306719436,14.270178878641453,14.299433708190918,796900
2006-07-24,14.322836509538195,14.404748916625975,14.299433761768576,14.404748916625977,1962500
2006-07-25,14.381342353355365,14.50421038294447,14.328684785811095,14.474955558776855,4859200
2006-07-26,14.480809241824295,14.480809241824295,14.375494086966896,14.404748916625977,1902400
2006-07-27,14.404745796027058,14.463253210755067,14.299430663984799,14.311131477355957,4074200
2006-07-28,14.357945047343383,14.469110073406288,14.33454117914623,14.445707321166992,2108400
2006-07-31,14.445702561447197,14.445702561447197,14.3579403165404,14.375492095947266,943900
2006-08-01,14.422303353449752,14.422303353449752,14.252629774022642,14.30528736114502,1266500
2006-08-02,14.381342447370283,14.445701945002334,14.33453584435355,14.434000015258789,916300
2006-08-03,14.404751131984685,14.492513402543914,14.393049198321371,14.469109535217285,1275900
2006-08-04,14.574419729031872,14.574419729031872,14.416447026399066,14.474955558776855,679600
2006-08-07,14.480816008636548,14.480816008636548,14.387202741897774,14.439860343933105,968500
2006-08-08,14.510062229136889,14.551018988609263,14.457404654344282,14.504212379455566,5638000
2006-08-09,14.568570522911722,14.568570522911722,14.393046020546517,14.410597801208496,3860500
2006-08-10,14.404746798320682,14.574420321561249,14.363790042820908,14.562718391418457,1278000
2006-08-11,14.591975838052498,14.591975838052498,14.486660679763697,14.533467292785645,658200
2006-08-14,14.615375961103542,14.67973546093142,14.545166612161749,14.562718391418457,2429600
2006-08-15,14.708995329772742,14.708995329772742,14.609531113822989,14.65633773803711,932200
2006-08-16,14.62708159003214,14.744098689135502,14.586125940133291,14.673888206481934,4637200
2006-08-17,14.638787870551784,14.714848226386891,14.621234965686101,14.650489807128906,3013400
2006-08-18,14.714844957118748,14.744099792061865,14.650486552159581,14.738248825073242,1070900
2006-08-21,14.749950660765228,14.785056465119093,14.726547907153908,14.773354530334473,852300
2006-08-22,14.767500097794303,14.779202029833103,14.708991553557963,14.761649131774902,562100
2006-08-23,14.744097626972891,14.773351341662416,14.679738115506714,14.714842796325684,1693000
2006-08-24,14.755799200201826,14.790904998779297,14.720694517582094,14.790904998779297,1625700
2006-08-25,14.79090665306492,14.79090665306492,14.714845196931062,14.767502784729004,1062900
2006-08-28,14.749948302385611,14.866965399606038,14.74409845188656,14.826009750366211,1744800
2006-08-29,14.884520706172575,14.890371673575617,14.80845924589095,14.878669738769531,2319200
2006-08-30,14.931323399316312,14.943025331042293,14.866963890781049,14.919621467590332,859500
2006-08-31,14.937175925275357,14.937175925275357,14.878667376492226,14.93132495880127,1773700
2006-09-01,14.978136120667541,15.019091782458908,14.925478522376329,15.013240814208984,754600
2006-09-05,15.071739286792493,15.539805273728737,14.913766597717508,14.960573196411133,2118400
2006-09-06,14.91377050172734,14.937174365179303,14.89036775423301,14.919621467590332,1714600
2006-09-07,14.943024824217101,14.97812950224676,14.837709674170528,14.866963386535645,3359800
2006-09-08,14.931321751206296,14.954724496117445,14.866962249774994,14.943023681640625,534900
2006-09-11,14.890369938663657,15.054192543029785,14.890369938663657,15.054192543029785,1554000
2006-09-12,15.08929147953995,15.095141327642509,15.0073790986594,15.060036659240723,3268200
2006-09-13,15.095150080380996,15.095150080380996,14.925476488091462,14.94887924194336,1795600
2006-09-14,14.954724302935258,15.030785733818343,14.90791769776009,15.024934768676758,953800
2006-09-15,15.006120376809193,15.111963096201011,15.000240101115436,15.041400909423828,1597200
2006-09-18,15.08844677976154,15.08844677976154,14.92968265031088,14.982604026794434,1403000
2006-09-19,14.982595932441727,15.023756731569962,14.947315407695763,15.017877578735352,1275700
2006-09-20,15.047286980269753,15.1237283506326,14.994365600192266,15.106088638305664,2111200
2006-09-21,15.053161283950411,15.111962918649212,14.923797463303469,14.97083854675293,1811200
2006-09-22,14.959084038106337,14.982604026794434,14.92380237275179,14.982604026794434,1364600
2006-09-25,14.976721192340975,14.976721192340975,14.806197658432957,14.888519287109375,2822700
2006-09-26,14.929680339662196,14.94732116960922,14.794437341379298,14.906160354614258,3256000
2006-09-27,14.941438689656792,15.023760307507354,14.9061581565134,15.000240325927734,2751300
2006-09-28,15.041401441895689,15.041401441895689,14.89439790899149,14.964960098266602,1040400
2006-09-29,14.964956668278012,15.023757170724174,14.894394495175845,14.923794746398926,1591600
2006-10-02,14.817957172004457,14.941439606356298,14.80619661971914,14.823836326599121,1928900
2006-10-03,14.84148120880127,14.882642031494472,14.79444010835928,14.84148120880127,2918800
2006-10-04,14.759154626610007,15.000240325927734,14.312263761117949,15.000240325927734,3268900
2006-10-05,14.994366734728713,15.006127291535417,14.900284523371937,14.941445350646973,1116100
2006-10-06,14.947316526150194,14.953196800972465,14.81795384470347,14.859114646911621,1665800
2006-10-09,14.87675524469607,14.912036895751955,14.812074460855907,14.912036895751953,1622600
2006-10-10,14.876754349830689,14.929675701683381,14.788552470592117,14.859114646911621,2463400
2006-10-11,14.806198528336365,14.888520161849396,14.759157434679183,14.88263988494873,2001800
2006-10-12,14.959081722907234,14.964961999556243,14.870879816268305,14.906160354614258,1496100
2006-10-13,14.935560218816493,14.941440495309003,14.806197500625458,14.876758575439453,638000
2006-10-16,14.847362431916158,14.90616409159976,14.800321328478953,14.900283813476562,2616300
2006-10-17,14.812079430685996,14.912041899121997,14.800318876388069,14.870881080627441,1097600
2006-10-18,14.84735444953872,14.953197155755353,14.84735444953872,14.929676055908203,2107700
2006-10-19,14.95319954646276,14.970839252620575,14.900278184893411,14.964960098266602,1283800
2006-10-20,15.000236755588539,15.023756731569962,14.941435133313492,15.017877578735352,2572000
2006-10-23,15.023764916667156,15.194289602013578,14.988484372699999,15.164889335632324,2048700
2006-10-24,15.182532249189503,15.182532249189503,15.070809194588875,15.117850303649902,997200
2006-10-25,15.08256098533274,15.270725312204208,15.08256098533274,15.217803955078125,2033200
2006-10-26,15.258963779346313,15.317764282226562,15.211922704113494,15.317764282226562,1450400
2006-10-27,15.300135149436278,15.300135149436278,15.211933212637605,15.264853477478027,1698100
2006-10-30,15.170766272316472,15.24132847147641,15.170766272316472,15.200167655944824,2902200
2006-10-31,15.20016558877822,15.217805295008187,15.153124502918377,15.18840503692627,835700
2006-11-01,15.206036215562216,15.206036215562216,15.059032775339217,15.070792198181152,2555100
2006-11-02,15.05316821931286,15.076688211099878,14.994366557522698,15.047287940979004,1346600
2006-11-03,15.059043558059047,15.088443818536206,14.923799443839204,14.976720809936523,1916400
2006-11-06,14.935559926161993,15.064923763366274,14.935559926161993,15.029642105102539,1083700
2006-11-07,15.094317648430373,15.094317648430373,15.023755483253758,15.053156852722168,1737200
2006-11-08,15.023765868436051,15.135488906549451,15.023765868436051,15.106088638305664,808500
2006-11-09,15.141359976120055,15.141359976120055,14.988476206823998,15.017877578735352,1308100
2006-11-10,14.964959329018168,15.041400668717916,14.964959329018168,15.023759841918945,458700
2006-11-13,14.988481362746606,15.035522452438885,14.941440273054326,14.976720809936523,1030900
2006-11-14,14.959075956460305,15.059038377863587,14.947315407695763,15.017877578735352,911000
2006-11-15,15.053159494309945,15.153121924949202,15.053159494309945,15.094320297241211,635600
2006-11-16,15.08256436452763,15.217807364573728,15.08256436452763,15.200167655944824,1568700
2006-11-17,15.153121350229277,15.282484029042246,15.141360800824176,15.223682403564453,9636200
2006-11-20,15.229567600484483,15.247208430293679,15.170765956001915,15.17664623260498,10016300
2006-11-21,15.182524112416786,15.188404388091561,15.123722477216948,15.15312385559082,1950100
2006-11-22,15.11196369298451,15.18840503692627,15.10020314113256,15.18840503692627,1168500
2006-11-24,15.106084355981773,15.159005721056934,15.082563250815914,15.12960433959961,262700
2006-11-27,15.094329224488842,15.094329224488842,14.929684793840268,14.941445350646973,2513900
2006-11-28,14.941444466746578,15.035526672537674,14.912044198017496,15.006126403808594,1844000
2006-11-29,15.000238869205889,15.135481834411623,15.000238869205889,15.135481834411621,1200800
2006-11-30,15.082562913695153,15.1296040014274,15.00024129055072,15.059042930603027,1155500
2006-12-01,15.106079369410926,15.106079369410926,14.92967450354293,15.01199722290039,889300
2006-12-04,15.023757629904612,15.253083858334923,15.023757629904612,15.229562759399414,1077500
2006-12-05,15.258962580718315,15.311883926391602,15.229561210040037,15.311883926391602,1180200
2006-12-06,15.253078921819458,15.341280771186467,15.253078921819458,15.329520225524902,870700
2006-12-07,15.347169068789135,15.394210154485009,15.294247707187784,15.300127983093262,712700
2006-12-08,15.25895919465024,15.400082377946926,15.241318376157894,15.329520225524902,1684000
2006-12-11,15.405964980260153,15.405964980260153,15.300122296396692,15.35892391204834,554200
2006-12-12,15.358927241704045,15.36480639515097,15.276604513326012,15.32364559173584,1277000
2006-12-13,15.37656590665451,15.405967279642336,15.282483756188872,15.317764282226562,2534800
2006-12-14,15.317776659053708,15.435380002933597,15.31189750125346,15.376578330993652,740500
2006-12-15,15.44275779587704,15.460488119354133,15.389569079921372,15.401388168334961,3579600
2006-12-18,15.448665235081352,15.448665235081352,15.38365631470401,15.389566421508789,1136200
2006-12-19,15.354108432967186,15.448667903702736,15.354108432967186,15.401388168334961,1170400
2006-12-20,15.395476732190858,15.448666570795124,15.395476732190858,15.413207054138184,778300
2006-12-21,15.377748301523107,15.472307768798267,15.377748301523107,15.41911792755127,2009800
2006-12-22,15.495949368224377,15.50185947670957,15.365930363263953,15.407299995422363,512400
2006-12-26,15.425040976166168,15.466410636901855,15.37776120286271,15.466410636901855,549200
2006-12-27,15.525503348624495,15.531413458418424,15.436853956191923,15.519593238830566,983500
2006-12-28,15.543231785694454,15.543231785694454,15.472312726134469,15.51368236541748,736600
2006-12-29,15.454581655558808,15.531411948170861,15.425032236700678,15.43685245513916,959500
2007-01-03,15.407300950440616,15.608240142440582,15.407300950440616,15.537321090698242,2059700
2007-01-04,15.507767114302135,15.572777170043093,15.448667166104697,15.560956954956055,845300
2007-01-05,15.56686838636649,15.56686838636649,15.40729885083432,15.448668479919434,1360200
2007-01-08,15.401395587435074,15.495955103721466,15.389576493328038,15.472315788269043,965200
2007-01-09,15.484125516850847,15.537315349622832,15.460485090179926,15.50776481628418,2437600
2007-01-10,15.507772438419321,15.60233193710422,15.425033158879568,15.572782516479492,1042000
2007-01-11,15.667339696352784,15.720529547395554,15.537320686713771,15.69097900390625,1823700
2007-01-12,15.720529174733054,15.720529174733054,15.643698890720136,15.667339324951172,1333300
2007-01-16,15.661428839182475,15.714618687683261,15.64369851393624,15.679159164428711,1941800
2007-01-17,15.69688798097993,15.7618980447317,15.685068891674247,15.726438522338867,1573700
2007-01-18,15.761900716229306,15.761900716229306,15.685071550150013,15.702800750732422,664400
2007-01-19,15.673248675130672,15.750077828188125,15.673248675130672,15.726438522338867,773400
2007-01-22,15.661442333739368,15.732362568594244,15.64962210672374,15.708722114562988,2141800
2007-01-23,15.714617150356627,15.773717101491206,15.685067738408243,15.738256454467773,646700
2007-01-24,15.779626456427483,15.797355651855469,15.708706293002276,15.797355651855469,2088000
2007-01-25,15.832820129516382,15.832820129516382,15.66734045962843,15.696889877319336,2132700
2007-01-26,15.673261268627156,15.714630932532383,15.608251152639628,15.65553092956543,3047100
2007-01-29,15.726440422248272,15.767810057910753,15.66734045962843,15.696889877319336,1363700
2007-01-30,15.631879236306519,15.714618498651166,15.6259691279622,15.68506908416748,2545300
2007-01-31,15.702800362860534,15.767810436025115,15.643700398823468,15.750080108642578,1858800
2007-02-01,15.797359088348456,15.862369158360442,15.773719780222827,15.809179306030273,2725800
2007-02-02,15.844635197512147,15.874185734938603,15.803265572352853,15.838725090026855,1108000
2007-02-05,15.80326136173816,15.81508157355937,15.76189174760137,15.785531044006348,1195900
2007-02-06,15.838729110455368,15.838729110455368,15.74416962116366,15.761899948120117,1561800
2007-02-07,15.73825761164455,15.797357567124532,15.708708197523505,15.726438522338867,1713200
2007-02-08,15.708710095290911,15.726440422248272,15.655520241656856,15.696889877319336,1844200
2007-02-09,15.708707812539426,15.744167334063228,15.614148336984044,15.673248291015625,782700
2007-02-12,15.690976708496082,15.690976708496082,15.631877884638905,15.637786865234375,922300
2007-02-13,15.631880171403592,15.750078963646883,15.631880171403592,15.69097900390625,770000
2007-02-14,15.744161429869555,15.80326136173816,15.714612027553974,15.785531044006348,1683400
2007-02-15,15.750081049819686,15.891920295641699,15.750081049819686,15.880101203918457,980100
2007-02-16,15.856459231493044,15.903738975524902,15.826909814187388,15.903738975524902,1131100
2007-02-20,16.116494144457427,16.116494144457427,15.850544949768272,15.98647403717041,1113900
2007-02-21,15.974659345275875,15.980569454254933,15.891918946807074,15.897829055786133,837200
2007-02-22,15.868275627453311,15.915555360097898,15.797355464867561,15.838725090026855,2054600
2007-02-23,15.850546836853026,15.850546836853026,15.785536775469755,15.850546836853027,1364800
2007-02-26,15.850554657481291,15.862374879426294,15.77963558028809,15.844644546508789,989400
2007-02-27,15.773720394095847,15.78553948499963,15.25364206823584,15.484131813049316,4679900
2007-02-28,15.454574983512195,15.578684969059356,15.348195317968226,15.50776481628418,2056300
2007-03-01,15.247730442366258,15.543229103088379,15.247730442366258,15.543229103088379,2121100
2007-03-02,15.407305947852235,15.472316039067291,15.277286892660491,15.300926208496094,2159900
2007-03-05,15.20636728109981,15.395486324081107,15.070438109861804,15.247736930847168,2645300
2007-03-06,15.283194137507122,15.425033387637995,15.2772840278469,15.365933418273926,2027700
2007-03-07,15.430935622872264,15.430935622872264,15.306825637817383,15.306825637817383,1882900
2007-03-08,15.21226979426317,15.880097349384696,15.18272038127033,15.448668479919434,1756100
2007-03-09,15.495949745178223,15.507769962436145,15.41321047884869,15.495949745178223,1510500
2007-03-12,15.50186214641144,15.53732280342956,15.460492507128428,15.51368236541748,1086800
2007-03-13,15.454586133224527,15.472316466019267,15.21818733215332,15.21818733215332,1423300
2007-03-14,15.28319759683497,15.324567246582326,15.111807759609162,15.247736930847168,2661600
2007-03-15,15.300917457227385,15.442756652832031,15.300917457227385,15.442756652832031,1459600
2007-03-16,15.442165777061033,15.477801227046317,15.359016016151859,15.400590896606445,1909800
2007-03-19,15.442169884544022,15.525319667570317,15.442169884544022,15.50156307220459,785600
2007-03-20,15.501559214416192,15.650041580200197,15.489680353274139,15.650041580200195,1460200
2007-03-21,15.650047205781327,15.810408490351005,15.578775146140039,15.798529624938965,1103200
2007-03-22,15.840098878512476,15.875734329223631,15.780705705440182,15.875734329223633,2610500
2007-03-23,15.810405069930717,15.911373138427734,15.756951319971666,15.911373138427734,1196200
2007-03-26,15.84604395375617,15.84604395375617,15.721318132591657,15.798529624938965,1162600
2007-03-27,15.79852212498882,15.79852212498882,15.685675222807568,15.727250099182129,1892100
2007-03-28,15.691622784747913,15.774772580588731,15.614412421871585,15.697562217712402,1289100
2007-03-29,15.75696033842854,15.810414118981729,15.667869948952317,15.786656379699707,1844700
2007-03-30,15.774768524674597,15.846040569092404,15.388714543890828,15.828222274780273,2088700
2007-04-02,15.81633920235357,15.887611227802177,15.792582615757643,15.869792938232422,1076000
2007-04-03,15.905431787334805,16.018277572223603,15.875734633813616,15.976702690124512,2240000
2007-04-04,15.947016955467646,16.059863945974797,15.947016955467646,16.047985076904297,2778800
2007-04-05,16.053916469130783,16.08955192565918,15.98858385480311,16.08955192565918,794800
2007-04-09,16.095499420354997,16.131134894735194,16.047985076904297,16.047985076904297,326500
2007-04-10,16.11330424549955,16.12518310546875,16.06578993845318,16.12518310546875,1157200
2007-04-11,16.065792436382196,16.113306750816147,15.964824376606217,16.018278121948242,1958500
2007-04-12,15.9826447279974,16.08955223245182,15.958888134135728,16.03609848022461,735700
2007-04-13,16.05985590069064,16.095491357219036,16.024219311331507,16.08955192565918,632600
2007-04-16,16.17863684249972,16.17863684249972,16.09548708837618,16.12518310546875,1402900
2007-04-17,16.196456053307188,16.273666381835938,16.172698332018033,16.273666381835938,957500
2007-04-18,16.202401595749087,16.238037058295276,16.178643865497673,16.232097625732422,717400
2007-04-19,16.14300850447594,16.249916025617786,16.14300850447594,16.243976593017578,256000
2007-04-20,16.27367158328444,16.392457962036133,16.27367158328444,16.392457962036133,1448400
2007-04-23,16.350885441795462,16.40433920670665,16.309309410218184,16.35682487487793,2432500
2007-04-24,16.32712004066987,16.39245264105948,16.24397028223255,16.35087776184082,695900
2007-04-25,16.422151670073898,16.46372655691375,16.38057678323405,16.434030532836914,811800
2007-04-26,16.445915345224716,16.445915345224716,16.327128940282723,16.368703842163086,995100
2007-04-27,16.30930920827192,16.344945806325466,15.89949852613526,16.333066940307617,675400
2007-04-30,16.327120121906034,16.428088171723935,16.273666381835938,16.273666381835938,836300
2007-05-01,16.267737489242208,16.267737489242208,16.143012770172902,16.208345413208008,2412700
2007-05-02,16.249908123682193,16.321179014565494,16.214271545410156,16.214271545410156,1805700
2007-05-03,16.321180691583745,16.380573861976128,16.22615207208813,16.273666381835938,2078200
2007-05-04,16.30336353344738,16.30336353344738,16.208334913951763,16.273666381835938,3004200
2007-05-07,16.279606078371174,16.3449386801542,16.267727217532347,16.303363800048828,2766900
2007-05-08,16.24397116825687,16.249910598873573,16.19051742553711,16.19051742553711,1690900
2007-05-09,16.214271545410156,16.261785850275817,16.178636099968504,16.214271545410156,1094500
2007-05-10,16.196456941775068,16.214274100888804,16.06579173317799,16.113306045532227,1547100
2007-05-11,16.101434389913113,16.154888153076172,16.059859492526513,16.154888153076172,657500
2007-05-14,16.184584453138168,16.184584453138168,16.095495223999023,16.095495223999023,1065800
2007-05-15,16.09548890668299,16.261788433716916,16.09548890668299,16.202396392822266,1898400
2007-05-16,16.243979136521993,16.368703842163086,16.19646480111142,16.368703842163086,918400
2007-05-17,16.35087754813094,16.35087754813094,16.1311231614939,16.327119827270508,1185600
2007-05-18,16.362756695378174,16.445907592773438,16.327121243826248,16.445907592773438,1166300
2007-05-21,16.42808974133114,16.42808974133114,16.29742566024811,16.321182250976562,2122600
2007-05-22,16.338998901255344,16.37463435018127,16.28554516145121,16.35087776184082,1093400
2007-05-23,16.333059819315373,16.42808844036495,16.303363800048828,16.303363800048828,3732200
2007-05-24,16.315247415950505,16.40433777156237,16.232097625732422,16.232097625732422,1728300
2007-05-25,16.36870240553015,16.36870240553015,16.30337090809401,16.333066940307617,407300
2007-05-29,16.303368744387793,16.469668315243126,16.303368744387793,16.392457962036133,1502800
2007-05-30,16.37464258259085,16.505307849062497,16.368703149312044,16.46967124938965,1061400
2007-05-31,16.50530614194033,16.558758770258933,16.469669545953327,16.493427276611328,1545300
2007-06-01,16.517186793368897,16.647852069417276,16.5053090587718,16.570640563964844,1677500
2007-06-04,16.576574019677146,16.64190663414047,16.558755724960584,16.630027770996094,511100
2007-06-05,16.55282382128281,16.582519857785854,16.49343061544554,16.52906608581543,1942000
2007-06-06,16.434026610782563,16.49935920755652,16.398391163828784,16.422147750854492,2511600
2007-06-07,16.303361858259862,16.439965343144845,16.214271545410156,16.214271545410156,2088500
2007-06-08,16.21427465573111,16.36869645937424,16.202396926859024,16.309303283691406,626700
2007-06-11,16.36275704583568,16.404333061839075,16.30930330094763,16.398393630981445,1237600
2007-06-12,16.243976593017578,16.344944681559216,16.20240169764707,16.243976593017578,1028900
2007-06-13,16.339007807343144,16.404340443344353,16.243979136521993,16.368703842163086,1587400
2007-06-14,16.392457962036133,16.404336826477476,16.321185908218943,16.392457962036133,1942000
2007-06-15,16.475516619262784,16.48746866416397,16.403806629475138,16.427709579467773,2190900
2007-06-18,16.385886212656484,16.45162135049486,16.34405517578125,16.34405517578125,850300
2007-06-19,16.34405319914406,16.34405319914406,16.22453498840332,16.22453498840332,1081800
2007-06-20,16.320148863362306,16.356005009948344,16.13489666524155,16.206607818603516,1084800
2007-06-21,16.152815895253056,16.308189025965806,16.13488783177522,16.254405975341797,1541500
2007-06-22,16.28428637306894,16.28428637306894,16.09305823839693,16.16476821899414,1672700
2007-06-25,16.164771442038802,16.224530530991384,16.051230426819693,16.093061447143555,792900
2007-06-26,16.164772406269186,16.19465252243274,16.039279337811923,16.051231384277344,1164400
2007-06-27,15.979515516446437,16.20659977284842,15.961587452053791,16.176719665527344,712700
2007-06-28,16.13489853568994,16.260391643858608,16.13489853568994,16.1468505859375,824100
2007-06-29,16.188672305732936,16.29026239475364,16.081106195027534,16.16476821899414,1666500
2007-07-02,16.21258806709345,16.421744432136766,16.21258806709345,16.29625129699707,4223600
2007-07-03,16.356004980497165,16.367955889527547,16.254414844973205,16.29026985168457,1070800
2007-07-05,16.272350007103665,16.30820617175706,15.782327154947493,16.2783260345459,2972900
2007-07-06,16.230505046439827,16.373926162719727,16.224529024118617,16.373926162719727,655400
2007-07-09,16.373926162719727,16.373926162719727,16.302216174484634,16.373926162719727,1885900
2007-07-10,16.27831806925564,16.32014910107186,16.14087292477088,16.22453498840332,1853600
2007-07-11,16.087083339742804,16.302215576171875,16.087083339742804,16.302215576171875,1142700
2007-07-12,16.29026577961849,16.51137292884704,16.278313733765643,16.43966293334961,1291000
2007-07-13,16.433692989041077,16.559186097484837,16.385885927756277,16.553211212158203,1355600
2007-07-16,16.517353424441424,16.601016628256357,16.46357034334973,16.48747444152832,700700
2007-07-17,16.53527853031013,16.606989672164996,16.403809433354468,16.4097843170166,1364200
2007-07-18,16.427713995746103,16.433690019803237,16.32612386639492,16.415761947631836,693700
2007-07-19,16.421730703497524,16.499417842046206,16.415754682085353,16.46953773498535,1249500
2007-07-20,16.409781156837273,16.439661268443324,16.278312085199794,16.373926162719727,1204400
2007-07-23,16.218553001797407,16.46356421791845,16.206602096964698,16.373926162719727,1333100
2007-07-24,16.320139928474873,16.43368205088217,16.176718840080675,16.254405975341797,2000500
2007-07-25,16.421730008563614,16.421730008563614,16.158791916412333,16.254405975341797,1806400
2007-07-26,16.069163947514184,16.302224376054085,15.8719596709406,16.015380859375,2815100
2007-07-27,16.045260430635874,16.045260430635874,15.794273074610576,15.800249099731445,3511200
2007-07-30,15.81220029209568,15.925742491796179,15.698659232205449,15.836104393005371,1047900
2007-07-31,15.877935796473592,16.021356985813117,15.70463562011719,15.704635620117188,3203400
2007-08-01,15.806228251350285,15.97355242859065,15.722565022919632,15.937697410583496,1454300
2007-08-02,15.96159660444102,16.06916277285629,15.907814660043588,15.955621719360352,1618700
2007-08-03,16.02733229641424,16.093067432692152,15.80622506680529,15.925742149353027,4452800
2007-08-06,15.96159597066135,16.338077545166016,15.901838003745828,16.338077545166016,3826700
2007-08-07,16.09904698477005,16.475527529999635,16.09904698477005,16.29625129699707,3275100
2007-08-08,16.4038098641634,16.583086013793945,16.326122696796194,16.583086013793945,4770200
2007-08-09,16.350027343398175,16.439665421240225,16.15282311622166,16.284292221069336,1764900
2007-08-10,16.12892124069446,16.338077544318406,15.97354801913982,16.194656372070312,2941300
2007-08-13,16.152826611061283,16.23648868317373,16.021356337958583,16.1468505859375,1353100
2007-08-14,16.093064248983197,16.093064248983197,15.865979899389432,15.889883995056152,1639400
2007-08-15,15.812186351707181,16.039270550905506,15.72254833194332,15.806211471557617,1755700
2007-08-16,15.686708471907389,15.848057746887209,15.549263299803258,15.848057746887207,2661200
2007-08-17,16.063187307197538,16.134898468574374,15.824152002291816,15.925742149353027,4028900
2007-08-20,16.051229776296154,16.128915790919184,15.877928539338185,16.04525375366211,1448700
2007-08-21,15.895856607240319,16.04525375366211,15.895856607240319,16.04525375366211,558100
2007-08-22,16.06318353644127,16.093063654921668,15.997449555404335,16.087087631225586,2922400
2007-08-23,16.164771442038802,16.164771442038802,16.003423383619587,16.093061447143555,1035200
2007-08-24,16.075137560741595,16.224534752086424,16.075137560741595,16.206607818603516,1351700
2007-08-27,16.194646766590367,16.242453795650768,16.128911674203763,16.1348876953125,1260800
2007-08-28,16.093057554257555,16.12891254303191,15.889877384853632,15.949636459350586,2099100
2007-08-29,15.95561852934175,16.14087070468033,15.925738410861351,16.087087631225586,1167800
2007-08-30,15.99146938456592,16.0930594814335,15.97354131812705,16.033300399780273,1027300
2007-08-31,16.11696147538262,16.218551566231636,16.0392754717026,16.075130462646484,1578700
2007-09-04,16.158799799966918,16.248437881469727,16.110991607368035,16.248437881469727,1787300
2007-09-05,15.955621714549011,16.099042892456055,15.955621714549011,16.099042892456055,1866800
2007-09-06,16.081113880594238,16.15282503527359,16.015378750455675,16.05721092224121,1298300
2007-09-07,15.997449522037641,16.05720861906382,15.913786330276995,15.98549747467041,4722100
2007-09-10,15.985491758148758,16.069153780181317,15.907805757662748,16.02732276916504,5018500
2007-09-11,16.04524965830044,16.200622787699103,16.027321594974232,16.1348876953125,3407600
2007-09-12,16.164772381238226,16.28429056608759,16.134893404930825,16.218555450439453,2135800
2007-09-13,16.361973402562327,16.361973402562327,16.260383307163757,16.266359329223633,2333000
2007-09-14,16.26636253137414,16.361976623535156,16.224531508529928,16.361976623535156,2344400
2007-09-17,16.28428739540326,16.308191483642766,16.248432402853666,16.266359329223633,603300
2007-09-18,16.344050767683232,16.583086013793945,16.29624371846109,16.583086013793945,1828300
2007-09-19,16.618944234359805,16.654800383078168,16.511378067825085,16.595041275024414,3788300
2007-09-20,16.606985933112796,16.618936837556255,16.535274807403646,16.612960815429688,1412200
2007-09-21,16.639411610801265,16.70551177911541,16.591338240136626,16.621383666992188,2317300
2007-09-24,16.639406304644485,16.657433096545414,16.54325959397553,16.609359741210938,951200
2007-09-25,16.53124446896473,16.627391199992005,16.483171103451088,16.5853271484375,6076300
2007-09-26,16.633395933711267,16.765597365930386,16.603349372189335,16.69949722290039,2808800
2007-09-27,16.7295428258774,16.795644115807818,16.705505576390287,16.75958824157715,1408500
2007-09-28,16.76559585676331,16.813669204711914,16.735550444105062,16.813669204711914,825300
2007-10-01,16.765600204467773,16.795646771076807,16.6574348569939,16.765600204467773,5794400
2007-10-02,16.7716064453125,16.77761575753343,16.693487678758636,16.7716064453125,2038300
2007-10-03,16.74155658511784,16.76559268146034,16.675455314398057,16.729537963867188,6854900
2007-10-04,16.73555478401806,16.771609517789578,16.69950005024654,16.765600204467773,5732400
2007-10-05,16.801652066616953,16.83770794038537,16.747570548282575,16.8256893157959,3707600
2007-10-08,16.693483663189046,16.777611721727073,16.693483663189046,16.717519760131836,2909100
2007-10-09,16.77160516852676,16.831697140002277,16.7175225088147,16.813669204711914,4467400
2007-10-10,16.729539772451428,16.897797049673976,16.729539772451428,16.885778427124023,2556900
2007-10-11,16.999957516660967,17.01197499621021,16.843718820928462,16.927846908569336,6015200
2007-10-12,17.258343208777873,17.258343208777873,16.903801935447884,16.96389389038086,3744700
2007-10-15,16.66344631685431,17.048034395876243,16.66344631685431,16.909822463989258,3811300
2007-10-16,16.861745532021697,16.903809575639293,16.807662862753578,16.837709426879883,3147400
2007-10-17,16.903814335960547,16.945879537583444,16.795650113123166,16.89780616760254,7207900
2007-10-18,16.843718739705142,16.903809575639293,16.82569080122936,16.837709426879883,12642300
2007-10-19,16.849733654782355,16.867760453092515,16.645421535430074,16.663448333740234,7279600
2007-10-22,16.609358453824733,16.801651860258037,16.597340975541982,16.7716064453125,1933100
2007-10-23,16.819680003501162,16.8256893157959,16.717523986808892,16.8256893157959,1506200
2007-10-24,16.783629629405254,16.837712307927287,16.645418849253133,16.777620315551758,2160100
2007-10-25,16.861746033955956,16.951883436699585,16.81968198908621,16.915828704833984,2888900
2007-10-26,16.849725909453326,17.036009998706458,16.849725909453326,17.030000686645508,1332300
2007-10-29,17.036014556884766,17.09610654741348,16.987941193693676,17.036014556884766,1526300
2007-10-30,16.939857796102896,17.029995155423006,16.903801935447884,16.96389389038086,1542000
2007-10-31,16.879783260190294,17.09611406272718,16.879783260190294,17.07207679748535,2189400
2007-11-01,17.126149913765243,17.126149913765243,16.72954442850763,16.735553741455078,2617800
2007-11-02,16.68147713439125,16.843725204467773,16.68147713439125,16.843725204467773,2537000
2007-11-05,16.531238635350153,16.939862671098794,16.531238635350153,16.867752075195312,1753700
2007-11-06,16.825689191670918,16.9819278717041,16.825689191670918,16.9819278717041,1129500
2007-11-07,16.82569399850551,16.93986867156287,16.71151932544815,16.7956485748291,2671300
2007-11-08,16.933856643846415,16.95789274970373,16.66344328945626,16.915828704833984,3227300
2007-11-09,16.79565101932219,16.915833877679074,16.747577646747512,16.753585815429688,2385800
2007-11-12,16.627389436544185,16.92183891235678,16.609361496578767,16.765600204467773,2307100
2007-11-13,17.05403529861783,17.090091167833116,16.84972443719278,17.017980575561523,1602400
2007-11-14,17.10210609436035,17.222290014837345,17.042015280280665,17.10210609436035,2915100
2007-11-15,16.915828879576953,17.204269029799907,16.915828879576953,17.09009552001953,4579100
2007-11-16,17.15619807750427,17.21629007043482,17.054042033370166,17.168216705322266,1555800
2007-11-19,17.222298268047986,17.222298268047986,17.030004820061638,17.048032760620117,2718600
2007-11-20,17.390555126619475,17.390555126619475,17.011976408488714,17.186243057250977,3525100
2007-11-21,17.12014171248508,17.198261639715245,16.96390300418407,16.975921630859375,3356900
2007-11-23,17.180235777556323,17.180235777556323,17.036015678488,17.150190353393555,686700
2007-11-26,17.306425841315033,17.306425841315033,16.933857583655126,16.975921630859375,2987300
2007-11-27,16.97591988988552,17.23431460610819,16.97591988988552,17.15619468688965,2612400
2007-11-28,17.306426964421476,17.456656369134024,17.17422550089182,17.426610946655273,4534000
2007-11-29,17.25234435409818,17.61289515604176,17.25234435409818,17.516748428344727,2780900
2007-11-30,17.606877333418787,17.606877333418787,17.44463052518865,17.5407772064209,2794800
2007-12-03,17.648952342117326,17.648952342117326,17.44464024413058,17.474685668945312,5158900
2007-12-04,17.456653613397116,17.516745595027793,17.426608195661387,17.450645446777344,2187800
2007-12-05,17.660975034710702,17.660975034710702,17.480700140318405,17.522764205932617,1632500
2007-12-06,17.62491378354374,17.7030325699878,17.516748428344727,17.516748428344727,3177400
2007-12-07,17.66697680566834,17.787160781376294,17.612894131215693,17.703031539916992,3010100
2007-12-10,17.8893132880662,17.8893132880662,17.6970198817924,17.72105598449707,980600
2007-12-11,17.865276282953303,17.865276282953303,17.474680152860522,17.528762817382812,3657200
2007-12-12,17.84725088336227,17.871286988268434,17.444636097290918,17.57683753967285,2379800
2007-12-13,17.697020096299813,17.697020096299813,17.456652189384926,17.65495491027832,3219400
2007-12-14,17.42661052322739,17.685005276440055,17.414591896064156,17.438629150390625,2749000
2007-12-17,17.282386663530527,17.420597407262424,17.25234010218069,17.31844139099121,2978300
2007-12-18,17.522754842998356,17.522754842998356,17.20426814384516,17.240324020385742,4009900
2007-12-19,17.15018690200575,17.432617729240185,17.15018690200575,17.384544372558594,1922700
2007-12-20,17.65495723003519,17.65495723003519,17.306425094604492,17.306425094604492,1720800
2007-12-21,17.377098156498203,17.721378326416016,17.377098156498203,17.721378326416016,2275200
2007-12-24,17.79989617572047,17.79989617572047,17.642855891105903,17.697216033935547,882300
2007-12-26,17.73345026449956,17.73345026449956,17.59452931142779,17.636810302734375,1349100
2007-12-27,17.73344998078212,17.73344998078212,17.467689514160156,17.467689514160156,2449500
2007-12-28,17.64284535040381,17.64284535040381,17.485806311651725,17.53412628173828,725400
2007-12-31,17.528089163441503,17.528089163441503,17.28044913004811,17.39520835876465,1763300
2008-01-02,17.232134322704212,17.34689358585807,17.069053914593564,17.147573471069336,10122700
2008-01-03,17.15361248312449,17.214012758298335,17.03281308481623,17.05697250366211,4379600
2008-01-04,16.91804903731727,17.117369096080186,16.91804903731727,16.98448944091797,4172500
2008-01-07,16.972418360906,17.244217960028173,16.972418360906,17.183818817138672,3826400
2008-01-08,17.292532309596734,17.431453288108404,17.05697250366211,17.05697250366211,5549600
2008-01-09,17.207972598133374,17.29253229206738,17.087173199947564,17.2864933013916,4759000
2008-01-10,17.268370462011145,17.461650393751718,17.220050479076,17.31669044494629,5023700
2008-01-11,17.316692255611677,17.34085167358577,17.008651900176147,17.075092315673828,4456400
2008-01-14,17.044894828460148,17.13549583111519,16.97845555242995,17.002614974975586,7331400
2008-01-15,16.91200329063863,16.924083569478398,16.76100326125793,16.82140350341797,2611500
2008-01-16,16.706647193092103,16.948247068038665,16.706647193092103,16.76100730895996,8980400
2008-01-17,16.887853121045385,16.893893264180694,16.56169345601533,16.640213012695312,4250400
2008-01-18,16.748935160214998,16.748935160214998,16.30801503032895,16.39861488342285,6034900
2008-01-22,15.208725768117226,16.320086268309552,14.725524899489825,16.2294864654541,12101600
2008-01-23,15.939574554173323,16.45901540913258,15.867095131458797,16.428815841674805,10402400
2008-01-24,16.537526237555305,16.537526237555305,16.21136670359865,16.35028648376465,3787300
2008-01-25,16.41069176926029,16.416731911819767,16.0905711258443,16.126811981201172,2960800
2008-01-28,16.138886478995218,16.338206518053276,16.09056650443687,16.253646850585938,4415300
2008-01-29,16.446939097454848,16.446939097454848,16.20533904326578,16.301979064941406,1733400
2008-01-30,16.350302025109286,16.459022357115742,16.169102239791957,16.18722152709961,4867300
2008-01-31,16.14493483859723,16.519415696087787,16.13285455079826,16.428815841674805,3030900
2008-02-01,16.428818659380312,16.652298261791998,16.428818659380312,16.59189796447754,4343600
2008-02-04,16.676451078500687,16.68249122062438,16.477130996576108,16.48921012878418,2560900
2008-02-05,16.483170402762216,16.483170402762216,16.1872092121119,16.265729904174805,4559300
2008-02-06,16.308015330474824,16.32009561832025,16.138894756757846,16.199295043945312,3143200
2008-02-07,16.13285294470071,16.380494211767225,16.126813953442085,16.3684139251709,2395300
2008-02-08,16.2899017126568,16.368422464457076,16.18722152709961,16.18722152709961,2827600
2008-02-11,16.187214034246978,16.398614453956093,16.187214034246978,16.392574310302734,3441600
2008-02-12,16.507331933843407,16.61001205444336,16.45297180222935,16.61001205444336,5154200
2008-02-13,16.82745618795786,16.82745618795786,16.531496047973633,16.531496047973633,1872500
2008-02-14,16.64624614834372,16.68248699189944,16.398606144241423,16.44692611694336,3391700
2008-02-15,16.459008916558346,16.53752845219881,16.380489380917883,16.5194091796875,3103300
2008-02-19,16.87577133751655,16.87577133751655,16.50129058619311,16.785171508789062,3689200
2008-02-20,16.53149598388676,16.73081612441118,16.404655266076862,16.428815841674805,3547400
2008-02-21,16.585850098684624,16.646250367882228,16.45901057020503,16.48921012878418,4037100
2008-02-22,16.54961341056233,16.670413970947266,16.386532999654527,16.670413970947266,3101600
2008-02-25,16.670407315476666,16.718727289931536,16.57980750737867,16.69456672668457,2436400
2008-02-26,16.724773324221132,16.899932861328125,16.67645333273926,16.899932861328125,2379500
2008-02-27,16.887853366784817,16.887853366784817,16.670413970947266,16.670413970947266,2402500
2008-02-28,16.634175652276692,16.761015214433932,16.634175652276692,16.70061492919922,3234200
2008-02-29,16.62209279056416,16.62209279056416,16.380492839081427,16.386531829833984,4405200
2008-03-03,16.28385527902836,16.54961585998535,16.277816286950884,16.54961585998535,3034200
2008-03-04,16.483168119273593,16.579808071471298,16.308007485890812,16.537527084350586,4349600
2008-03-05,16.610022119684768,16.670422430528006,16.46506206488506,16.579822540283203,2130000
2008-03-06,16.41673555387583,16.579815983042995,16.338214835222168,16.428815841674805,1865600
2008-03-07,16.374447046596497,16.471086993845805,16.29592636943203,16.35028648376465,5307900
2008-03-10,16.452969693492154,16.452969693492154,16.247609478612766,16.265729904174805,4282300
2008-03-11,16.603971911815197,16.61001205444336,16.38049239477021,16.61001205444336,3677600
2008-03-12,16.555649666341353,16.70060961354141,16.507329683941336,16.567729949951172,4541800
2008-03-13,16.446929417931496,16.585849223326644,16.332170179755984,16.567729949951172,8384400
2008-03-14,16.71269058568863,16.718730727742383,16.19324988945882,16.283849716186523,4151100
2008-03-17,16.006008966459618,16.380489683138194,15.885208437972539,16.193248748779297,5314200
2008-03-18,16.392570158883736,16.640210225758537,16.314050615354365,16.48921012878418,3908900
2008-03-19,16.628142558549772,16.767062467061148,16.519422229439964,16.579822540283203,5407800
2008-03-20,16.57131020140856,16.814202012941582,16.5470204411555,16.771696090698242,3946600
2008-03-24,16.911357782404867,16.96600858168807,16.84456210368107,16.959936141967773,4827000
2008-03-25,16.972082270961305,17.026733074268122,16.911359027487116,17.002443313598633,3438100
2008-03-26,17.069243729486132,17.069243729486132,16.86278533935547,16.86278533935547,2154900
2008-03-27,17.05101929791859,17.057091737238785,16.89921178951184,16.947790145874023,2448900
2008-03-28,17.00852127809258,17.0388823305911,16.893147193838352,16.929580688476562,2735200
2008-03-31,16.959936799175292,17.051021082110385,16.91135843772994,16.917430877685547,2037900
2008-04-01,17.075309657670886,17.227117171433893,16.9781517833191,17.12388801574707,7419700
2008-04-02,17.239266459006895,17.281772391274153,17.069242729937866,17.12996482849121,3273700
2008-04-03,17.12388600852615,17.13602972797218,17.038873023208282,17.081378936767578,2664100
2008-04-04,17.142100745485727,17.227113723754883,17.06923380205409,17.227113723754883,2220400
2008-04-07,17.202828768830994,17.233189810696196,17.093527164997063,17.117816925048828,1447600
2008-04-08,17.057096929381252,17.11174774169922,17.026735881737817,17.11174774169922,1648600
2008-04-09,17.093530424546103,17.093530424546103,16.89314449870566,16.941722869873047,1823100
2008-04-10,16.97208059851945,17.06923731522444,16.947790840243496,16.984224319458008,1958500
2008-04-11,16.935649613137215,16.972084258407982,16.789914506653172,16.874927520751953,2347900
2008-04-14,16.88099633713951,16.91135853709594,16.838490415400017,16.868852615356445,2333500
2008-04-15,16.97814769588902,16.97814769588902,16.856702409035794,16.972076416015625,1360900
2008-04-16,17.03280402242953,17.069238662719727,16.953864618199805,17.069238662719727,3858400
2008-04-17,17.044954185013278,17.09353256225586,16.941724988597816,17.09353256225586,2294600
2008-04-18,17.23318798392243,17.23318798392243,16.966007600872032,16.978151321411133,3737100
2008-04-21,16.953867172427127,17.07531367529224,16.9477947314639,17.026735305786133,2343000
2008-04-22,17.026736879948913,17.051025487847664,16.856711991858482,16.923507690429688,2750400
2008-04-23,16.941714510866735,17.12995546148771,16.941714510866735,17.032798767089844,1418600
2008-04-24,17.12389600385952,17.13603973039392,16.953871092178378,17.057100296020508,2711400
2008-04-25,17.12995982133823,17.12995982133823,16.850634543401366,16.959936141967773,5969300
2008-04-28,17.014585402155582,17.09352479497986,17.002440523813586,17.06316375732422,3097900
2008-04-29,17.05101790085359,17.13602972797218,16.966006073735,17.081378936767578,2731600
2008-04-30,17.160325883782924,17.251410183697114,16.789915084838867,16.789915084838867,2611400
2008-05-01,16.893146611355235,17.142110939498437,16.893146611355235,17.09353256225586,4348500
2008-05-02,17.21497374928196,17.21497374928196,17.04494890252626,17.069238662719727,3967100
2008-05-05,17.10567112286727,17.11174356255285,17.008514404296875,17.008514404296875,983300
2008-05-06,17.111744485035885,17.142105526901087,16.972081839336752,17.117816925048828,770600
2008-05-07,17.136033624575763,17.178540706000124,16.947792611066053,16.95386505126953,2367900
2008-05-08,16.953864950459188,17.06923899724019,16.953864950459188,17.002443313598633,1377100
2008-05-09,16.832424361644172,17.008521713604416,16.72312387493085,16.905292510986328,2844500
2008-05-12,16.91743637907646,17.09353256225586,16.90529149521585,17.09353256225586,1344100
2008-05-13,17.12995546148771,17.12995546148771,16.972076701740544,17.032798767089844,2549400
2008-05-14,17.08745305207134,17.214971963459615,17.08745305207134,17.099597930908203,3384800
2008-05-15,17.123892193337447,17.306060791015625,17.06924138239405,17.306060791015625,984300
2008-05-16,17.306054509734743,17.330344264982305,17.19675292751927,17.29998207092285,2458000
2008-05-19,17.312134361605583,17.397146224975586,17.227122498235577,17.397146224975586,2167500
2008-05-20,17.19068673013929,17.245337541089125,17.099602431289462,17.136035919189453,3690100
2008-05-21,17.17853933910059,17.202827939782317,16.935646383086596,16.959936141967773,2266800
2008-05-22,17.0510265126407,17.16032815025376,16.972087084475636,17.14211082458496,1783500
2008-05-23,17.123895445805108,17.123895445805108,17.032809971465785,17.051027297973633,2510500
2008-05-27,17.02065853486738,17.172466045729987,17.02065853486738,17.099597930908203,1573500
2008-05-28,17.20282741329609,17.20282741329609,17.032802580929733,17.12388801574707,1392300
2008-05-29,17.14209929856848,17.318196520362893,17.03887017225429,17.190677642822266,3419300
2008-05-30,17.31212694854663,17.330344264982305,17.20889780514305,17.29998207092285,2311100
2008-06-02,17.29998562749431,17.29998562749431,17.04494893596026,17.148178100585938,2447200
2008-06-03,17.08138544693118,17.23926544189453,17.03887951717176,17.23926544189453,2637800
2008-06-04,17.160318060443227,17.227113723754883,17.105667273769907,17.227113723754883,2180200
2008-06-05,17.25140598533078,17.409285940586326,17.23318866650149,17.403213500976562,1662500
2008-06-06,17.354630748992037,17.354630748992037,16.95385910179803,16.972076416015625,2102100
2008-06-09,17.02672748711424,17.081377114288777,16.91742591636685,17.032798767089844,2487000
2008-06-10,16.91742869181831,17.184609066146134,16.91742869181831,17.06316375732422,3032700
2008-06-11,17.12388389323151,17.12388389323151,16.856702409035794,16.972076416015625,6986300
2008-06-12,17.020665021549206,17.16640014853395,16.95994176242227,17.087459564208984,2360800
2008-06-13,17.044951363489687,17.136035660966968,16.972084388787735,17.075313568115234,4316400
2008-06-16,16.935642889222954,16.953860204625563,16.808125156002326,16.893136978149414,6055500
2008-06-17,16.9235006127132,16.953861649439048,16.777764393471067,16.83848762512207,3046800
2008-06-18,16.783835841690717,16.81419803482357,16.62595591199763,16.650245666503906,3251800
2008-06-19,16.61381455826074,16.74740475246685,16.61381455826074,16.704898834228516,2159400
2008-06-20,16.57621722915046,16.667697223011018,16.454243128515554,16.515230178833008,5297400
2008-06-23,16.55792609830907,16.564024921628338,16.411557828341458,16.454248428344727,1515300
2008-06-24,16.41765238569826,16.600612384809555,16.368862975053162,16.509132385253906,2343100
2008-06-25,16.570120164013108,16.881153106689453,16.53352839523688,16.881153106689453,4769100
2008-06-26,16.588415070580062,16.643303300200174,16.313973922479494,16.36886215209961,2229000
2008-06-27,16.32617398621612,16.405456350072864,16.076128086749918,16.198101043701172,3321100
2008-06-30,16.149311575106733,16.362765703107957,16.118818626777166,16.313976287841797,2226600
2008-07-01,16.076129196791197,16.29568099975586,16.03343860074894,16.29568099975586,7943400
2008-07-02,16.277387619018555,16.326177043582025,16.216400547506307,16.277387619018555,2999000
2008-07-03,16.265186309814453,16.39325808424517,16.240791021409724,16.265186309814453,1730600
2008-07-07,16.368862572021204,16.472540212493215,16.228593165274155,16.42984962463379,3255100
2008-07-08,16.429852591109327,16.643306732177734,16.362766704799732,16.643306732177734,6431100
2008-07-09,16.63720547963254,16.673797247170157,16.478639602661133,16.478639602661133,3225300
2008-07-10,16.521330283073738,16.60061264038086,16.39325735113907,16.60061264038086,4386200
2008-07-11,16.484740801915887,16.594516120360723,16.362766674890754,16.42375373840332,4209700
2008-07-14,16.362776018999142,16.625019727597735,16.362776018999142,16.43596076965332,3935500
2008-07-15,16.313986016936262,16.564032064698026,16.204209476312638,16.405466079711914,8632500
2008-07-16,16.3810607236441,16.625007778435073,16.3810607236441,16.612810134887695,3588800
2008-07-17,16.588418491239242,16.643306732177734,16.3261749319179,16.643306732177734,5109800
2008-07-18,16.649398122729302,16.649398122729302,16.362760543823242,16.362760543823242,2963700
2008-07-21,16.405452311993354,16.527426402153015,16.32007114682027,16.326169967651367,3792900
2008-07-22,16.34446779300197,16.66159954584589,16.34446779300197,16.612810134887695,1357800
2008-07-23,16.637205379121294,16.734784200786297,16.551823037740935,16.72868537902832,3088500
2008-07-24,16.698185416325657,16.759172449293775,16.539620759131804,16.625001907348633,3320100
2008-07-25,16.655504159906258,16.655504159906258,16.50913589683763,16.533531188964844,5232900
2008-07-28,16.417654338301524,16.570121410104758,16.393259048461914,16.393259048461914,1859900
2008-07-29,16.478638186824462,16.77747344970703,16.466440544282833,16.77747344970703,2977700
2008-07-30,16.850663033728793,17.015327777518888,16.777479478643176,16.972637176513672,3801500
2008-07-31,16.820166563856702,16.911646570208173,16.67379832104807,16.710390090942383,5016200
2008-08-01,16.76528041047063,16.795774525197583,16.637208618312048,16.679899215698242,4155300
2008-08-04,16.710389019195556,16.95433607489735,16.685994895241034,16.83236312866211,2253600
2008-08-05,17.003130756897065,17.289769654030255,16.936046022802813,17.125104904174805,3395900
2008-08-06,16.99702979473199,17.338555712243174,16.96653568222026,17.308061599731445,5259100
2008-08-07,17.204386651926978,17.216584298851792,16.972637176513672,16.972637176513672,3992700
2008-08-08,16.96654013050682,17.405646159948876,16.96044130640549,17.32636260986328,3085300
2008-08-11,17.356848601517143,17.54590858309002,17.320256834825834,17.478822708129883,2905000
2008-08-12,17.509320282135274,17.600801467895508,17.393446129773746,17.600801467895508,3044200
2008-08-13,17.52151567712781,17.533713322092638,17.33855565558116,17.42393684387207,4616900
2008-08-14,17.405640775520318,17.619093736876657,17.289765479904446,17.503219604492188,4390900
2008-08-15,17.515418616786903,17.69837981997184,17.472728018346555,17.67398452758789,1962000
2008-08-18,17.6800838438919,17.6800838438919,17.442235552671125,17.600801467895508,2579900
2008-08-19,17.393445393726697,17.454432460575504,17.31416185785379,17.362951278686523,2744300
2008-08-20,17.33855993026447,17.41174349163337,17.179993996322867,17.36905288696289,2201400
2008-08-21,17.143391381478637,17.289759574947436,17.094601983655703,17.179983139038086,1888600
2008-08-22,17.28975997189542,17.5702987250103,17.28975997189542,17.491016387939453,2801800
2008-08-25,17.356853731632185,17.417840802964328,17.155597210498257,17.210485458374023,3148400
2008-08-26,17.149495199472593,17.253172845464885,17.082409321703658,17.143396377563477,1495600
2008-08-27,17.131199133872865,17.240975604338285,17.100706186846413,17.222679138183594,1247800
2008-08-28,17.295862914276054,17.356848805066335,17.18608644968346,17.332454681396484,1487500
2008-08-29,17.3324590419218,17.350755511700722,17.125103704020436,17.16169548034668,1667000
2008-09-02,17.350757598876953,17.503224709013896,17.28367169818254,17.350757598876953,3601000
2008-09-03,17.295863839570995,17.393442665933286,17.222679138183594,17.222679138183594,2136900
2008-09-04,17.369046382960917,17.369046382960917,17.10070520744883,17.11290168762207,3137300
2008-09-05,17.112903227378634,17.320258530987694,17.027522042327163,17.271469116210938,8917700
2008-09-08,17.545910130308027,17.76546191304748,17.43003483513104,17.63739013671875,4121100
2008-09-09,17.844749065021936,17.86304553531516,17.51541957913369,17.545913696289062,4849300
2008-09-10,17.673981741446088,17.673981741446088,17.527613499910693,17.667882919311523,5140700
2008-09-11,17.564205531505927,17.82644907104737,17.41783728778704,17.74106788635254,4499000
2008-09-12,17.69837990306474,17.7837611003463,17.631294011925476,17.77766227722168,3219200
2008-09-15,17.71666838467034,17.78375424996784,17.43612960839192,17.56420135498047,7420400
2008-09-16,17.680076623249484,17.680076623249484,17.033616743069153,17.56420135498047,7878800
2008-09-17,17.28366947323823,17.423938917331572,16.923847046576807,16.936044692993164,8617900
2008-09-18,17.375136863315984,17.43002506905473,16.942131199411154,17.045808792114258,11022500
2008-09-19,18.107465604651924,18.598682739901232,17.00836944580078,17.00836944580078,6403500
2008-09-22,17.05748340951786,18.039914898106495,16.80573519417318,16.916257858276367,5088600
2008-09-23,16.916260439847402,17.08204621802863,16.68907356262207,16.68907356262207,3901800
2008-09-24,16.707494464012242,16.879420597031444,16.6092512940444,16.65837287902832,4509800
2008-09-25,16.781174075838756,17.13116544534927,16.72591215737386,17.06976318359375,7749500
2008-09-26,16.85486431062623,17.168013755769223,16.85486431062623,17.00836944580078,2529400
2008-09-29,17.125026200049962,17.161868262155885,16.369781494140625,16.369781494140625,9894400
2008-09-30,16.58468091361406,16.94695281982422,16.566259891363458,16.94695281982422,2583600
2008-10-01,16.9039785993498,17.24168928227906,16.5662667452698,17.06976318359375,8520100
2008-10-02,17.100472099761685,17.100472099761685,16.78732148700016,16.8548641204834,5136400
2008-10-03,17.530278940257404,17.653083467622913,16.7013524795679,16.719772338867188,5895100
2008-10-06,16.296101521778194,16.590831024448025,15.657519761509286,16.234699249267578,9393600
2008-10-07,16.775035255399764,16.775035255399764,15.565415624953882,15.718920707702637,6318900
2008-10-08,14.926834271474407,15.854005133735628,14.926834271474407,15.289106369018555,8482800
2008-10-09,15.45489162711619,15.614537052154498,14.355794683212359,14.368075370788574,13186900
2008-10-10,13.962823073219822,14.89613431669323,13.281260087753584,14.490880966186523,14753000
2008-10-13,15.669795224888112,15.669795224888112,14.59525991330226,15.166298866271973,6320300
2008-10-14,16.111895549763332,16.111895549763332,14.69964906366225,15.197005271911621,15789900
2008-10-15,15.006658545326973,15.006658545326973,13.987384799375356,14.675086975097656,7790100
2008-10-16,14.797899593565088,14.816319465637207,13.637399635806796,14.816319465637207,11936300
2008-10-17,14.64438157027019,15.13559724725366,14.337371479367883,14.926830291748047,6180600
2008-10-20,15.239978932167936,15.27681981082008,14.73648262970379,15.049633026123047,5524900
2008-10-21,15.27068987923795,15.27068987923795,14.859296110082536,14.908417701721191,4127400
2008-10-22,15.049639784915747,15.049639784915747,14.110188173750297,14.675086975097656,7026600
2008-10-23,14.429481903711954,14.736492156982422,13.79704036036037,14.736492156982422,8948500
2008-10-24,13.661948910075703,14.226847518596765,13.661948910075703,13.999659538269043,7992500
2008-10-27,13.600548660722241,14.153166666016123,13.588267974323314,13.643529891967773,4859300
2008-10-28,14.00580357174239,14.889993185746043,13.643531478891964,14.582983016967773,4701100
2008-10-29,14.871572179491544,15.129460768553287,14.275972872655286,14.30053424835205,7062500
2008-10-30,14.638249878555438,15.031222652373975,14.619828840600977,14.902278900146484,6944000
2008-10-31,15.203142791469505,15.307526289472982,14.742627565774894,14.81017017364502,12867200
2008-11-03,15.092615423488324,15.209279581327614,14.969810923536384,15.037353515625,7543100
2008-11-04,15.479447374023659,15.571551333174371,15.141736760972679,15.258400917053223,4796900
2008-11-05,15.546994843820274,15.546994843820274,14.945255190829327,14.988236427307129,5030000
2008-11-06,14.98209643557065,15.135601524400576,14.429478350013092,14.828591346740723,6801000
2008-11-07,14.73649082605413,14.926836837968365,14.66280785661739,14.896136283874512,4683300
2008-11-10,15.18471859078634,15.18471859078634,14.687362578789015,14.93911075592041,3000200
2008-11-11,14.85928986962579,14.877709726785046,14.497017844252431,14.601401329040527,4558400
2008-11-12,14.454034735576858,14.497015958224205,14.122463296039355,14.288249015808105,6267000
2008-11-13,14.190009796045597,14.859292030334473,13.840018405319467,14.859292030334473,7828700
2008-11-14,14.650524642205825,14.939113759807627,14.36193435345325,14.417196273803711,6104600
2008-11-17,14.31895332113716,14.564561208837041,14.091766464196317,14.226850509643555,4648600
2008-11-18,14.687367288472444,14.687367288472444,13.96896340915555,14.325095176696777,6971200
2008-11-19,14.337372396555986,14.613680793353687,13.913698116085422,13.956679344177246,6407700
2008-11-20,13.956682690204275,14.300534939676533,13.330381633470068,13.471607208251953,11979400
2008-11-21,13.52686832946522,14.116327285766602,13.140034864635453,14.116327285766602,16419700
2008-11-24,14.318951832721707,14.668943182707254,14.011941712222011,14.294391632080078,7532900
2008-11-25,14.822451630685364,14.822451630685364,14.128609115081973,14.37421703338623,7972400
2008-11-26,14.196152085735779,14.564563386801929,14.054926504432727,14.558423042297363,10189000
2008-11-28,14.40490926946552,14.779461860656738,14.40490926946552,14.779461860656738,2234600
2008-12-01,14.484738478261692,14.533860053745698,13.90755908796155,13.962821006774902,7280700
2008-12-02,14.091765459625464,14.25140969688661,13.790894501096897,14.165447235107422,8265800
2008-12-03,13.815450748950857,14.386489567291536,13.797029726338158,14.33736801147461,8389700
2008-12-04,14.325086111528645,14.460170085750093,14.011935780644672,14.153160095214844,7789600
2008-12-05,14.05492410026424,14.656664876120027,13.882999168148956,14.552281379699707,8089400
2008-12-08,15.031215303242167,15.031215303242167,14.478597317460599,14.638242721557617,8635700
2008-12-09,14.552277563804694,14.607539469251202,14.196145934899665,14.355790138244629,10381200
2008-12-10,14.447895426605385,14.447895426605385,14.165445531491665,14.349652290344238,7463700
2008-12-11,14.12246461294772,14.460175254797104,14.12246461294772,14.190007209777832,7506700
2008-12-12,13.938259377278762,14.275970027754644,13.889137806824985,14.208427429199219,6598500
2008-12-15,14.31281091659059,14.31281091659059,14.042642864598719,14.196147918701172,4743000
2008-12-16,14.527727127075195,14.576848727636639,14.202295791386044,14.527727127075195,8487100
2008-12-17,14.368076876452745,14.589124591385403,14.343516669877422,14.45404052734375,6419600
2008-12-18,14.5768432177746,14.724207963756925,14.355795513225667,14.503161430358887,7119600
2008-12-19,14.70132175762963,14.775633929734283,14.379304313762638,14.385497093200684,9227600
2008-12-22,14.478387763391138,14.478387763391138,14.224489688675849,14.42265510559082,4339700
2008-12-23,14.447425942467609,14.540315286111047,14.249261694387718,14.3049955368042,5958200
2008-12-24,14.379304351097517,14.459809302849242,14.348341634978796,14.428845405578613,780900
2008-12-26,14.521741478559553,14.521741478559553,14.379309858862323,14.44123649597168,2630500
2008-12-29,14.44123341228489,14.466004534300112,14.249261941275341,14.410270690917969,1985100
2008-12-30,14.484582596055859,14.651784136607484,14.478389815166667,14.639398574829102,3071400
2008-12-31,14.651784745882242,14.849949017968038,14.651784745882242,14.781830787658691,2815100
2009-01-02,14.825179768038227,15.066692338296441,14.738482009080897,14.992380142211914,3757900
2009-01-05,14.930448276162126,15.054300308227539,14.893291603505903,15.054300308227539,6645500
2009-01-06,15.110036446980432,15.128614786149905,14.750863491101008,14.831368446350098,8797400
2009-01-07,14.670358695078097,14.800403516749707,14.596046524728692,14.682743072509766,4228700
2009-01-08,14.5031606698862,14.546508954154834,14.348344693982698,14.490775108337402,6252100
2009-01-09,14.459811281006335,14.503159561963516,14.24306869506836,14.24306869506836,6061400
2009-01-12,14.274026064801406,14.354530997389226,14.181136757405296,14.249256134033203,6542400
2009-01-13,14.255455645050096,14.397886062405975,14.243070083240319,14.335959434509277,9802600
2009-01-14,14.088255294072054,14.19353021604308,13.927246520401528,14.020135879516602,5902500
2009-01-15,13.939628513641702,14.106830025923772,13.82196805894484,14.082058906555176,7621300
2009-01-16,14.292613367689066,14.298806149555139,14.094449072584224,14.212109565734863,3835100
2009-01-20,14.243071858938285,14.342154003464799,14.013943661500512,14.044907569885254,11335300
2009-01-21,14.21210876089889,14.236878705808081,13.846742919557974,14.11302661895752,6566600
2009-01-22,13.96440052877569,14.150180408215142,13.84674123773141,14.100639343261719,8119600
2009-01-23,13.859123489592536,14.038710560687433,13.80339083358761,13.964398384094238,6117100
2009-01-26,14.038711736217525,14.218297641198054,13.96439955340181,14.057290077209473,6673000
2009-01-27,14.119212914218172,14.255451694061913,14.057287484636682,14.131598472595215,8160500
2009-01-28,14.323571744149694,14.472196101476372,14.174948567975028,14.274030685424805,6032700
2009-01-29,14.212106487069715,14.360729676203189,14.113024360980733,14.150179862976074,4191700
2009-01-30,14.100636999946895,14.106829779680945,13.629996370526731,13.716692924499512,8398800
2009-02-02,13.568073490691086,13.69192675717467,13.468991349965135,13.59903621673584,5575100
2009-02-03,13.60521900487075,13.952007423840861,13.543293598266692,13.896273612976074,5450500
2009-02-04,13.871508142779279,13.871508142779279,13.487565268733896,13.51852798461914,7962600
2009-02-05,13.49375932318243,13.760041775951809,13.45040986323429,13.710500717163086,12049300
2009-02-06,13.766238449657758,13.9953666495834,13.68573464928798,13.945825576782227,7266500
2009-02-09,13.91486048972069,13.921053270940462,13.741467340176065,13.809585571289062,4804700
2009-02-10,13.68573952606579,13.741473400471367,13.28321801847766,13.36372184753418,7240500
2009-02-11,13.425640867367573,13.499951870193893,13.351328683389157,13.438026428222656,5428200
2009-02-12,13.314174770793736,13.580458455193968,13.246055359113983,13.561880111694336,7142700
2009-02-13,13.599039992427173,13.599039992427173,13.35133457183838,13.351334571838379,3946500
2009-02-17,13.140780634499114,13.320367747508607,13.06027684045668,13.159358978271484,5893400
2009-02-18,13.270821529803904,13.283207087513484,13.109812823034746,13.227473258972168,6997100
2009-02-19,13.36990817315889,13.499953029851971,13.338945449513547,13.394678115844727,5025900
2009-02-20,13.072658839245051,13.369905171657393,13.072658839245051,13.19031810760498,7591400
2009-02-23,13.184128790969696,13.289402518410892,12.843532942625567,12.849725723266602,5494700
2009-02-24,12.955003599964808,13.14697511921072,12.86211423137178,13.097434043884277,6059900
2009-02-25,13.054082235861983,13.15316435983743,12.893073489113862,12.973578453063965,5797200
2009-02-26,13.066467254969993,13.072660035105743,12.670137594346164,12.688715934753418,5424000
2009-02-27,12.614403343013656,12.849723052705775,12.55866950997965,12.608210563659668,5643200
2009-03-02,12.471973163465949,12.595826401978739,12.31715720590097,12.366698265075684,6964600
2009-03-03,12.478167596338961,12.478167596338961,12.168535640195799,12.218076705932617,6351300
2009-03-04,12.379087457062562,12.602022879331885,12.218078672218315,12.453399658203125,5214900
2009-03-05,12.379084079984388,12.403855200657675,12.038489438791006,12.168534278869629,7268000
2009-03-06,12.199496878206773,12.348120042934484,11.957983202016315,12.2056884765625,6911800
2009-03-09,12.187111362549103,12.273807913660725,11.939406087121668,12.019909858703613,4769800
2009-03-10,12.05086915313105,12.286189983827319,12.044677556511514,12.242841720581055,4260500
2009-03-11,12.329544204186842,12.391470830666792,12.174728228563048,12.230462074279785,5810500
2009-03-12,12.230457208219674,12.577244524920138,12.168530606378097,12.546281814575195,4139200
2009-03-13,12.645366740132603,12.800182688870196,12.540091847744963,12.732063293457031,3651100
2009-03-16,12.886882805711348,13.078855485660188,12.831148954261979,12.930231094360352,4294300
2009-03-17,12.985958813750601,13.171738624572754,12.880683941963564,13.171738624572754,3795800
2009-03-18,13.054078527585906,13.233665564496112,12.91164816247545,13.103619575500488,5077200
2009-03-19,13.128396940953243,13.153166886128552,12.812572167189913,12.936424255371094,5382900
2009-03-20,12.981896329721181,13.019271897907341,12.813704490661621,12.813704490661621,3539900
2009-03-23,13.025502434472754,13.386802791878651,12.994356323099897,13.374343872070312,6526400
2009-03-24,13.324501868313146,13.430400250680014,13.249750767905544,13.312044143676758,4791400
2009-03-25,13.336974509723472,13.573689343690795,13.237305481152559,13.442873001098633,4945200
2009-03-26,13.561222970821287,13.592369079589844,13.380572213149572,13.592369079589844,6675200
2009-03-27,13.461550712585447,13.561219662104696,13.386798406372213,13.46155071258545,4300400
2009-03-30,13.32451137597171,13.32451137597171,13.000587729491986,13.168778419494629,5073600
2009-03-31,13.26222203707678,13.318284820542413,13.06911227345128,13.143864631652832,6137700
2009-04-01,13.075335117954006,13.393030400258816,12.969436690519071,13.368112564086914,3698800
2009-04-02,13.523849702820147,13.785481123663216,13.49270358601786,13.648436546325684,7864100
2009-04-03,13.604827998356422,13.735643080961825,13.47401172760313,13.592369079589844,5373200
2009-04-06,13.517615934581865,13.629742622375488,13.430404704323209,13.629742622375488,5334200
2009-04-07,13.355654717549898,13.51761708680981,13.349425258561308,13.380571365356445,4710900
2009-04-08,13.436638527946673,13.542536979833681,13.380574571762487,13.49270248413086,2856100
2009-04-09,13.673349349038833,13.679577619584425,13.42417575389594,13.49892807006836,3632600
2009-04-13,13.449091796858642,13.542531288514487,13.411716237825825,13.46155071258545,4532300
2009-04-14,13.461549806091671,13.49892536260764,13.224835175812999,13.274669647216797,3846300
2009-04-15,13.26844461002939,13.511388778686523,13.212380662504506,13.511388778686523,3849300
2009-04-16,13.58613915282041,13.723184878242387,13.42417677887034,13.692037582397461,7116700
2009-04-17,13.75433057672192,13.804165060443282,13.660891068262842,13.760560035705566,4750600
2009-04-20,13.542536979833681,13.741874962644966,13.49270248413086,13.49270248413086,10397000
2009-04-21,13.517615934581865,13.667119373121075,13.436634162780807,13.629742622375488,5797100
2009-04-22,13.511386260424027,13.623514134575315,13.42417503155764,13.449092864990234,7322600
2009-04-23,13.449092864990234,13.505156802065878,13.268442137047005,13.449092864990234,7898900
2009-04-24,13.517617931562242,13.5425345809259,13.349426092802979,13.393031120300293,9407500
2009-04-27,13.274674417628288,13.604828651915474,13.274674417628288,13.47401237487793,5371200
2009-04-28,13.29336244706115,13.592369375071744,13.29336244706115,13.53630542755127,4986700
2009-04-29,13.579909289623245,13.86022900314829,13.567451559803764,13.760560035705566,5567900
2009-04-30,13.816630040317913,13.829088963751433,13.617292017974913,13.70450210571289,6801500
2009-05-01,13.748101117738273,13.760560035705566,13.548763182852824,13.760560035705566,4343700
2009-05-04,13.847768103368841,14.015959907413235,13.760558066374404,13.972354888916016,5021200
2009-05-05,13.941207265441031,14.059564590068875,13.816621671017481,13.853997230529785,7102300
2009-05-06,13.903839933507465,14.003508943284354,13.860234890248616,13.941215515136719,8046700
2009-05-07,14.059567804330648,14.115631750490104,13.95366937137922,13.997274398803711,6841600
2009-05-08,14.047107894992777,14.190383074045325,14.047107894992777,14.177924156188965,7584100
2009-05-11,14.090713561294171,14.12808912526667,13.959897305168791,14.109400749206543,5549500
2009-05-12,14.103169495068643,14.29627912532889,14.053335020067072,14.27759075164795,5243100
2009-05-13,14.171694554222956,14.171694554222956,14.009732188168387,14.015961647033691,5287800
2009-05-14,14.128095045305296,14.159241163642116,14.053342697889367,14.065801620483398,6371400
2009-05-15,14.05333846434865,14.153007438779301,13.934982299804688,13.934982299804688,7032500
2009-05-18,14.271367257620085,14.283826178613841,14.022194778485463,14.227762222290039,6592300
2009-05-19,14.233989477758305,14.339887913503999,14.209071639630887,14.308740615844727,6450900
2009-05-20,14.395950725371064,14.464472398519597,14.314968945993947,14.327427864074707,10199200
2009-05-21,14.209073905693078,14.265137862272928,14.115634374109364,14.196616172790527,5724300
2009-05-22,14.177924584622126,14.408408631190637,14.177924584622126,14.283823013305664,6040400
2009-05-26,14.277595629968356,14.483163058105875,14.190385565954868,14.46447467803955,5478700
2009-05-27,14.452014944812653,14.48939051162148,14.096942901611328,14.096942901611328,6976400
2009-05-28,14.17792090412936,14.327424319669952,14.059563587937735,14.246443748474121,7246000
2009-05-29,14.283823322215842,14.439556239050907,14.22775937710339,14.402180671691895,6894700
2009-06-01,14.539222046450657,14.738559946511891,14.50807594512144,14.688725471496582,7258800
2009-06-02,14.70741601606224,14.900524486731774,14.607747051320043,14.838231086730957,6547300
2009-06-03,14.825776230075363,14.825776230075363,14.663815009116831,14.763484001159668,6743400
2009-06-04,14.744790860227566,14.8320009030781,14.620204066314471,14.788395881652832,6186500
2009-06-05,14.888072789594943,14.92544837246292,14.657588642402663,14.713652610778809,4533800
2009-06-08,14.626433696767608,14.838230536021038,14.60151705058071,14.769707679748535,4605900
2009-06-09,14.825777934008697,14.825777934008697,14.638898849487305,14.638898849487305,5158100
2009-06-10,14.694954985517551,14.751018918642353,14.439553151570168,14.4769287109375,6272400
2009-06-11,14.514306788633752,14.719874183042801,14.501849058781549,14.539224624633789,4375100
2009-06-12,14.489388622451708,14.651350975036621,14.470700247410017,14.651350975036621,5717100
2009-06-15,14.582833693856607,14.582833693856607,14.296285629272463,14.296285629272461,6131200
2009-06-16,14.327427050650337,14.339885968023756,14.109400749206543,14.109400749206543,5372600
2009-06-17,14.18415433474105,14.32742833291471,14.140549308179315,14.252676010131836,6575000
2009-06-18,14.252673807657862,14.520534573027682,14.209068787834438,14.514305114746094,5950200
2009-06-19,14.562642275981252,14.625411325932996,14.32411557609024,14.368054389953613,6319200
2009-06-22,14.324109192044684,14.374325127971304,14.24250874512981,14.311554908752441,3974800
2009-06-23,14.286446897918902,14.368047341169747,14.223676681518555,14.223676681518555,3668200
2009-06-24,14.330397090734644,14.36178162528155,14.211133704418552,14.26134967803955,6364800
2009-06-25,14.248789543640942,14.53753095001214,14.211126684098272,14.506146430969238,6931400
2009-06-26,14.575191880332246,14.575191880332246,14.380605238104735,14.45592975616455,3293400
2009-06-29,14.524977506208856,14.594024888800424,14.449654177238717,14.543808937072754,2135000
2009-06-30,14.518701905335714,14.763505743608189,14.374331178433266,14.430824279785156,3496300
2009-07-01,14.493589652204978,14.76350077963484,14.493589652204978,14.67562198638916,6946000
2009-07-02,14.550087987093749,14.675627284240123,14.368054389953613,14.368054389953613,4945400
2009-07-06,14.342950102227308,14.663077354431152,14.324118664835385,14.663077354431152,5522100
2009-07-07,14.612862446113567,14.675631514157066,14.474767623034115,14.48104476928711,4595800
2009-07-08,14.493592985345087,14.600302032421723,14.468484410859888,14.543808937072754,6933200
2009-07-09,14.543810422108198,14.619134956012282,14.399439695805125,14.437101364135742,3680700
2009-07-10,14.449656070479497,14.518702264874992,14.342947009421493,14.368054389953613,3175600
2009-07-13,14.361773212541745,14.631684361614155,14.361773212541745,14.625407218933105,2694400
2009-07-14,14.61285657407763,14.675625616897994,14.568916567963528,14.669349670410156,4135000
2009-07-15,14.788608887184205,14.93925671522049,14.694454144316841,14.907872200012207,4629300
2009-07-16,14.907872707173084,15.014581738650973,14.845102477378582,15.008304595947266,4606500
2009-07-17,15.008308290847546,15.039692814850088,14.93926090135054,15.020862579345703,3502200
2009-07-20,15.10246288393781,15.10246288393781,14.907876203457516,15.064801216125488,5113400
2009-07-21,15.12757164109045,15.177787597853488,14.920430669787557,15.04596996307373,6419500
2009-07-22,15.089909912778854,15.133848725116303,15.02086252353838,15.052247047424316,4032400
2009-07-23,15.115012521702832,15.366092225270826,15.033412067009158,15.259383201599121,5286800
2009-07-24,15.253110948593484,15.397482872009277,15.215449280296813,15.397482872009277,2274500
2009-07-27,15.322161490906698,15.39748604024189,15.215452411073645,15.34099292755127,4539400
2009-07-28,15.24683346505338,15.391204176677112,15.24683346505338,15.359818458557129,4661900
2009-07-29,15.271942207518997,15.47280603247189,15.271942207518997,15.441421508789062,3655900
2009-07-30,15.566965794955438,15.62345891350291,15.422595024108887,15.422595024108887,4899200
2009-07-31,15.47280243390435,15.57951146574821,15.384924830236193,15.391201972961426,4421900
2009-08-03,15.460252044249255,15.53557657869037,15.309604172609886,15.410036087036133,5843300
2009-08-04,15.39120751413409,15.54813254703372,15.37237607917866,15.43514633178711,4355100
2009-08-05,15.403761331326416,15.422591568460915,15.240559158450704,15.33471393585205,4473800
2009-08-06,15.322160434031202,15.347269014492053,15.115019434201239,15.177789688110352,6181200
2009-08-07,15.196619563185077,15.284498395455728,15.152680745671244,15.240559577941895,6299400
2009-08-10,15.240559700180532,15.271944228015569,15.158958012220646,15.25311279296875,4821500
2009-08-11,15.259389937984357,15.297052808077993,15.221728265133713,15.25311279296875,2614000
2009-08-12,15.202891893080785,15.359816875781943,15.196614750103628,15.246831893920898,2812100
2009-08-13,15.284497974755135,15.33471393585205,15.171511762976339,15.33471393585205,5435200
2009-08-14,15.309605537933495,15.384930079092115,15.177789087459615,15.315882682800293,2435000
2009-08-17,15.127572002948398,15.234281063277738,15.11501771414662,15.158956527709961,3634800
2009-08-18,15.127571763640871,15.23428082228215,15.077355806471026,15.184064865112305,3225100
2009-08-19,15.096184633945484,15.315879875036233,15.096184633945484,15.28449535369873,2962300
2009-08-20,15.24683346505338,15.403758463925104,15.24683346505338,15.359818458557129,2855400
2009-08-21,15.42886687213926,15.585791881496755,15.410035440008949,15.529298782348633,3033200
2009-08-24,15.610901355986455,15.623454447552877,15.491638006783864,15.535576820373535,1557900
2009-08-25,15.535584197628703,15.69878643791947,15.523029902857848,15.56069278717041,4690600
2009-08-26,15.57951230257131,15.686221340146837,15.54812778450194,15.6108980178833,3094100
2009-08-27,15.654836822077467,15.654836822077467,15.497911837245375,15.6108980178833,3329500
2009-08-28,15.636006697446286,15.65483812820464,15.4790816995215,15.548129081726074,2780300
2009-08-31,15.51674616089401,15.598347844980603,15.46025305567804,15.579516410827637,3750000
2009-09-01,15.510469677122858,15.648564472310046,15.39120751413409,15.43514633178711,5901800
2009-09-02,15.410034776825563,15.485359304862344,15.366095967655257,15.447697639465332,4708600
2009-09-03,15.59834640536067,15.59834640536067,15.384928293629129,15.479083061218262,4783500
2009-09-04,15.504197690144776,15.62345988360074,15.485366250378592,15.59207534790039,4520400
2009-09-08,15.673670531470405,15.761549356598648,15.636008861982809,15.723886489868164,9057200
2009-09-09,15.755263424604763,15.786647932132489,15.673661789445124,15.717601776123047,4949400
2009-09-10,15.755275476594765,15.855707414199513,15.748998330839076,15.830598831176758,5525000
2009-09-11,15.931022691587389,15.931022691587389,15.82431366232954,15.899638175964355,6393000
2009-09-14,15.767826618862825,15.918474495181664,15.755272329858865,15.861981391906738,3836600
2009-09-15,15.918473114252848,15.924750258210285,15.736439531215535,15.780378341674805,4470400
2009-09-16,15.849423124893399,15.905916213989258,15.742714089628175,15.905916213989258,6051700
2009-09-17,15.918468869034786,15.968684810059651,15.836867216592832,15.849421501159668,7982900
2009-09-18,15.943620215292452,16.076378984110516,15.91201161622617,16.05741310119629,10221900
2009-09-21,16.03844764817648,16.051090363716916,15.949941404649207,16.006837844848633,5289600
2009-09-22,16.08270467972269,16.08270467972269,15.962589804955002,16.0384521484375,3232900
2009-09-23,16.08270467972269,16.234428160896645,16.0384521484375,16.0384521484375,5099700
2009-09-24,16.063734463099784,16.120630903929854,15.943619620704006,15.956263542175293,5439000
2009-09-25,16.00683802226972,16.0510905416285,15.924654944287795,15.956263542175293,4413000
2009-09-28,15.9056878462279,16.089021076175147,15.9056878462279,15.987872123718262,5071800
2009-09-29,16.070063647537406,16.158568726039153,16.04477579322762,16.06374168395996,4600500
2009-09-30,16.120634299074077,16.139600185275384,15.930980260224887,16.095346450805664,5376500
2009-10-01,16.051092515105555,16.095345039905173,15.905691017680851,15.949943542480469,10605100
2009-10-02,15.861441146992652,16.05741716352277,15.861441146992652,16.000520706176758,5437500
2009-10-05,15.987877654712848,16.057416829964843,15.86776277994516,16.0384521484375,4912700
2009-10-06,16.06373449210414,16.215457932661366,16.06373449210414,16.183849334716797,5368000
2009-10-07,16.202814875636463,16.253389358520508,16.164884314921128,16.253389358520508,4390300
2009-10-08,16.272352787370473,16.38614565814358,16.26603082723968,16.348215103149414,3002700
2009-10-09,16.367176853708813,16.398786648715607,16.303959675275994,16.38614273071289,3633700
2009-10-12,16.373504188353003,16.51258492046422,16.373504188353003,16.4556884765625,1902800
2009-10-13,16.449370576854648,16.449370576854648,16.335577660955604,16.39879608154297,2224300
2009-10-14,16.525227636827324,16.525227636827324,16.398792032660783,16.4556884765625,4402200
2009-10-15,16.443045178483985,16.607412555350553,16.417757333216436,16.582124710083008,3667800
2009-10-16,16.53155634188862,16.721211634193754,16.53155634188862,16.670637130737305,4825800
2009-10-19,16.6959205868911,16.841322105800057,16.670633942893954,16.765460968017578,10552700
2009-10-20,16.752814347293988,16.853963318587965,16.71488378450646,16.746492385864258,8234700
2009-10-21,16.72120320089377,16.85396075333925,16.582122482190123,16.620054244995117,11709200
2009-10-22,16.588454935506032,16.721213777717356,16.518914532167177,16.64535140991211,5120300
2009-10-23,16.68959600963967,16.68959600963967,16.430401618874637,16.480976104736328,6902900
2009-10-26,16.46833155573539,16.60741229091066,16.329252026350932,16.35453987121582,5801500
2009-10-27,16.373507555028215,16.45569186013622,16.303968380464937,16.367185592651367,6461800
2009-10-28,16.31660360815264,16.474648977639024,16.303960894994493,16.322925567626953,14674900
2009-10-29,16.47465277824413,16.620055468115908,16.398791658632625,16.58844566345215,9849600
2009-10-30,16.56947880808357,16.62637524734796,16.310284454008336,16.32925033569336,8113500
2009-11-02,16.329255426857237,16.512588722933724,16.329255426857237,16.487300872802734,8836600
2009-11-03,16.417758063186618,16.487298434973464,16.297644410197734,16.37982749938965,18182500
2009-11-04,16.405114101555416,16.594768111947065,16.39879214043692,16.443044662475586,8039000
2009-11-05,16.373494699769285,16.53786197514522,16.291311664976362,16.518896102905273,11922000
2009-11-06,16.44304698335201,16.588448492227887,16.41143717329793,16.563161849975586,4572000
2009-11-09,16.695919536758513,16.834999084472656,16.601092517599277,16.834999084472656,5407200
2009-11-10,16.828678131103516,16.917183187176697,16.7717816791162,16.828678131103516,3515400
2009-11-11,16.91718586686926,16.91718586686926,16.797070981892986,16.879255294799805,7192400
2009-11-12,16.86028788179126,16.942470981478028,16.765460857293903,16.778104782104492,4785200
2009-11-13,16.841315099398443,16.923499371228335,16.759132033359094,16.891889572143555,4050000
2009-11-16,16.92350643475054,17.075229916312114,16.92350643475054,16.986724853515625,5216000
2009-11-17,16.974074075047543,17.06890106201172,16.974074075047543,17.06890106201172,4238700
2009-11-18,17.081548908046614,17.081548908046614,16.942468169793308,17.05626106262207,6226300
2009-11-19,16.96775526365533,17.01200778539734,16.84764041479075,16.974077224731445,6202300
2009-11-20,16.904535946115622,17.049937425644565,16.904535946115622,16.99936294555664,5682800
2009-11-23,17.106839798365684,17.214310756542552,17.106839798365684,17.144771575927734,4272100
2009-11-24,17.106834968229435,17.201661973777767,17.081548329452254,17.182697296142578,4566000
2009-11-25,17.22062717125211,17.22062717125211,17.144766052151553,17.151086807250977,4851800
2009-11-27,16.778099460191882,17.07522436424831,16.771777499791877,16.993040084838867,3912500
2009-11-30,17.012002162299016,17.012002162299016,16.86660072298134,16.929819107055664,4728400
2009-12-01,17.068905516972627,17.17005449023957,16.96143458215265,17.163732528686523,5351500
2009-12-02,17.11316176129269,17.189024110625656,17.06890922659477,17.144771575927734,4973400
2009-12-03,17.170056009781213,17.170056009781213,16.986723931681666,17.01201057434082,7580100
2009-12-04,17.15108411695226,17.252234269537958,16.98671798275307,17.100509643554688,8089800
2009-12-07,17.018332184119004,17.13844705018841,17.018332184119004,17.08155059814453,4439600
2009-12-08,17.005687292707794,17.005687292707794,16.81603326721152,16.88557243347168,9975200
2009-12-09,16.898217036734074,16.92982684611609,16.80971198204631,16.91718292236328,6639500
2009-12-10,17.049938346063236,17.068904229291576,16.955111341503105,16.974077224731445,6643700
2009-12-11,17.0625791021087,17.151084129169853,17.030970508384158,17.06890106201172,4554400
2009-12-14,17.14476214399581,17.182692694899806,17.081543755295503,17.132118225097656,4087600
2009-12-15,17.106836449374487,17.106836449374487,17.0183313973052,17.062583923339844,5234500
2009-12-16,17.125803504212087,17.132125466333267,16.97408003067667,16.98040199279785,6109200
2009-12-17,16.898218450431997,16.93615022486377,16.771782819699197,16.778104782104492,10700400
2009-12-18,16.93062548812389,16.93062548812389,16.566868103870338,16.745555877685547,10117500
2009-12-21,16.815755608836476,16.930626238723846,16.76470213079886,16.83489990234375,7650300
2009-12-22,16.81574748570386,16.96252601200678,16.81574748570386,16.94976234436035,4110600
2009-12-23,16.917864212671837,17.000825666109115,16.911482375144193,16.962535858154297,3559100
2009-12-24,16.994437031788642,17.051872329355593,16.975292744073368,17.02634620666504,1568200
2009-12-28,17.10931535699578,17.10931535699578,17.007208385680002,17.05826187133789,8470700
2009-12-29,17.07102248912124,17.134839639064808,17.07102248912124,17.090167999267578,3186000
2009-12-30,17.05826187133789,17.115697194854405,17.032735737114503,17.05826187133789,3142600
2009-12-31,17.102923924678585,17.102923924678585,16.873183976703967,16.8923282623291,5099400
2010-01-04,16.879573176426884,17.090168930670355,16.879573176426884,17.019969940185547,8465900
2010-01-05,17.03272804164032,17.051872329355593,16.937002951432255,17.02634620666504,11805400
2010-01-06,17.00719848812099,17.032725824699526,16.937000746950822,17.013580322265625,9267000
2010-01-07,17.064633778212293,17.064633778212293,16.917855244516918,17.013580322265625,6951500
2010-01-08,16.97529747253909,16.97529747253909,16.860426845407996,16.956151962280273,5437400
2010-01-11,16.949762890195384,17.026343681329763,16.834892312099004,17.000816345214844,6140200
2010-01-12,16.937011499221956,17.096553802490234,16.937011499221956,17.096553802490234,6822400
2010-01-13,17.10292762558284,17.25608924698915,17.096547007134046,17.217798233032227,7926700
2010-01-14,17.192277304578123,17.230567112898804,17.147605658668823,17.166749954223633,5258900
2010-01-15,17.192278638441028,17.217804773564907,17.01997266181303,17.083789825439453,11968800
2010-01-19,17.128452993302897,17.211414412889358,17.051872191429542,17.185888290405273,10974200
2010-01-20,17.153987004795045,17.153987004795045,16.930628765798726,17.05826187133789,8670500
2010-01-21,17.04549395648727,17.128456610805866,16.77746413634943,16.815753936767578,9044700
2010-01-22,16.751940377110888,16.905100828779144,16.720032406134152,16.777467727661133,9082400
2010-01-25,16.898711385839512,16.90509322060491,16.726405498805214,16.809368133544922,6078200
2010-01-26,16.726408839476676,16.854043125855355,16.69450087648739,16.790225982666016,8116700
2010-01-27,16.771088306063156,16.847667934323795,16.700889299148198,16.828523635864258,12558400
2010-01-28,16.854044888058382,16.98167918778208,16.777465281992875,16.783845901489258,14181700
2010-01-29,16.860424662337504,16.956149766815393,16.720027923583984,16.720027923583984,8930500
2010-02-01,16.82213965298053,16.879574975460322,16.751940655013875,16.847665786743164,9016100
2010-02-02,16.879572256501433,17.109312292203022,16.841281236208758,17.090167999267578,7433200
2010-02-03,17.04550129518351,17.04550129518351,16.937013683492776,16.968921661376953,6566900
2010-02-04,16.917854459331117,16.92423629317956,16.592388236322627,16.624296188354492,10827300
2010-02-05,16.592393569870996,16.62430153215953,16.407323980407437,16.57962989807129,13527400
2010-02-08,16.624311338808894,16.70089219757131,16.547731697257934,16.560495376586914,5150900
2010-02-09,16.713642507982424,16.847657382106437,16.61791742400663,16.75831413269043,7456500
2010-02-10,16.771077339032683,16.777459173416368,16.61791696545559,16.739168167114258,6364600
2010-02-11,16.732790065458868,16.90509598062479,16.63068312696293,16.873188018798828,5879800
2010-02-12,16.758317408688214,16.90509598062479,16.71364577524758,16.873188018798828,8895400
2010-02-16,16.91148295325846,17.05826156977872,16.873193143994715,17.04549789428711,7113900
2010-02-17,17.0965521751709,17.1858954669895,17.051879312050538,17.166749954223633,7493600
2010-02-18,17.160361563383635,17.307141337447135,17.122071769685178,17.268850326538086,7539300
2010-02-19,17.262463701978287,17.358189985481406,17.192265969208997,17.30713653564453,4443900
2010-02-22,17.358189985481406,17.36457060165204,17.256083085807656,17.30713653564453,4414400
2010-02-23,17.24970916971567,17.326288771014436,17.122074877936637,17.21141815185547,8464300
2010-02-24,17.217797396224697,17.326286162741898,17.179507601339402,17.319904327392578,4147700
2010-02-25,17.16674612314997,17.358197556449593,17.115692651045563,17.332670211791992,6443300
2010-02-26,17.35819119422256,17.35819119422256,17.205029616836235,17.24970245361328,5805900
2010-03-01,17.31352682762835,17.38372581683921,17.24332905562843,17.370962142944336,4360200
2010-03-02,17.402862632522677,17.47306036944903,17.37095346372858,17.434770584106445,14652000
2010-03-03,17.460307621290024,17.49859742790906,17.402872302755963,17.441162109375,7569800
2010-03-04,17.498592376708984,17.568791349589198,17.460302581142802,17.498592376708984,5479500
2010-03-05,17.587942575050285,17.61985176494857,17.492217439777693,17.607088088989258,5123200
2010-03-08,17.60070160583418,17.626228951015634,17.517740168416076,17.54326629638672,2690800
2010-03-09,17.504976576983882,17.594319851111575,17.49221290433398,17.51774024963379,4602700
2010-03-10,17.543265767144153,17.543265767144153,17.44754066002314,17.492212295532227,4573000
2010-03-11,17.460300603135977,17.53688018559295,17.377337968728654,17.52411651611328,6084000
2010-03-12,17.549646071604425,17.57517341378788,17.51135627553991,17.536882400512695,14073100
2010-03-15,17.517736145864887,17.683658982600672,17.517736145864887,17.670896530151367,4104900
2010-03-16,17.651747847115626,17.766618418948404,17.651747847115626,17.753854751586914,5360500
2010-03-17,17.79853324785479,17.855968555965344,17.747479775891055,17.830442428588867,3955000
2010-03-18,17.830440290533712,17.862348250230905,17.79214927824431,17.849584579467773,4596000
2010-03-19,17.79703140258789,17.912388659731658,17.713717284709652,17.79703140258789,4385200
2010-03-22,17.726534942002505,17.912388571455406,17.7201260697075,17.88675308227539,3038800
2010-03-23,17.88034768359183,18.053383602070372,17.867529936511723,18.027748107910156,5327400
2010-03-24,18.02134235246857,18.02134235246857,17.848306415787743,17.89957618713379,3325600
2010-03-25,17.963664441810817,17.970073316287234,17.84830714597094,17.87394142150879,3843500
2010-03-26,17.912388571455406,17.93802283826802,17.822665581692757,17.88675308227539,3289300
2010-03-29,17.944430582987483,18.014926951435335,17.89956970210879,17.97006607055664,6690800
2010-03-30,18.008524123677066,18.066202767698808,17.95084547965532,18.00211524963379,3458100
2010-03-31,17.976480232968978,17.98929798139743,17.886758438705336,17.89957618713379,4757200
2010-04-01,17.982892070791454,18.04697960112768,17.93162229099607,18.014936447143555,4442600
2010-04-05,18.06620622693894,18.06620622693894,17.982892070791454,18.014936447143555,3603500
2010-04-06,17.963663283853332,17.98929755773877,17.938027787600156,17.95725440979004,3965600
2010-04-07,17.944437509600117,17.944437509600117,17.80985481501466,17.84189796447754,3591200
2010-04-08,17.84189827149452,17.905985793890878,17.790628498051003,17.87394142150879,2570500
2010-04-09,17.905978574001075,17.98288259197389,17.86111769312238,17.97006607055664,3339000
2010-04-12,17.963661817244894,18.027748107910156,17.950844070164788,18.027748107910156,4090000
2010-04-13,17.96365719866435,18.021335823327625,17.87393421453963,17.97006607055664,3045800
2010-04-14,17.96366150610129,17.995704650878906,17.88675624732033,17.995704650878906,3626000
2010-04-15,17.91879717803888,17.963659286499023,17.88034516458337,17.963659286499023,3876300
2010-04-16,17.9059796991604,18.027744605663262,17.822665581692757,17.88675308227539,6525100
2010-04-19,17.848305995449515,17.963663283853332,17.835488247322925,17.95725440979004,4791100
2010-04-20,17.98929160316839,18.053379100220223,17.950839593884226,18.00851821899414,5377800
2010-04-21,18.04056135633639,18.072605716045974,17.970066209709973,18.00851821899414,5605500
2010-04-22,17.91879523417464,18.00851821899414,17.86752548100664,18.00851821899414,2422800
2010-04-23,17.989293554680206,17.989293554680206,17.861119769039348,17.963659286499023,4651200
2010-04-26,17.976474987097465,18.027744743482042,17.918796358368894,17.92520523071289,4452200
2010-04-27,17.84189775145905,17.88034977482898,17.59836541792467,17.611183166503906,8249300
2010-04-28,17.6816798886669,17.797037183280107,17.591958091686763,17.75217628479004,5162100
2010-04-29,17.80343991320401,17.886752807022177,17.720125797018458,17.80984878540039,4095500
2010-04-30,17.797038470785132,17.912395773743725,17.700907792442273,17.70731544494629,7474600
2010-05-03,17.726534669214836,17.854709668407665,17.7009004027967,17.80984878540039,3372800
2010-05-04,17.681682836866855,17.77781352428385,17.598368678035584,17.630413055419922,12393300
2010-05-05,17.5599141410659,17.745767836262548,17.5599141410659,17.69449806213379,9048500
2010-05-06,17.623990945620513,17.66885181790336,15.989766819609812,17.25228500366211,11302200
2010-05-07,17.175390119864435,17.297156291070493,17.002355397208046,17.136938095092773,10845600
2010-05-10,17.694498489561656,17.694498489561656,17.470192763942073,17.63681983947754,8008800
2010-05-11,17.515055741572322,17.75217924474439,17.483012586555994,17.630413055419922,5904600
2010-05-12,17.630410115768566,17.75217628479004,17.585549217278498,17.75217628479004,6882700
2010-05-13,17.739363041384557,17.835493737188063,17.643232345581055,17.643232345581055,3342300
2010-05-14,17.61758452469592,17.67526314632758,17.41250552439103,17.476593017578125,7363700
2010-05-17,17.540682072415763,17.675264719960047,17.444550212892853,17.662446975708008,7124200
2010-05-18,17.75216463008197,17.803434369320534,17.553493320961415,17.55990219116211,8626600
2010-05-19,17.457376049255895,17.60477650937754,17.399697395753005,17.51505470275879,11727400
2010-05-20,17.30356164986517,17.30356164986517,16.957489830131426,16.995943069458008,18459000
2010-05-21,16.739599282431087,17.060035705566406,16.720372656990506,17.060035705566406,11228500
2010-05-24,16.983131475278945,17.060036759424023,16.88700078687361,16.938270568847656,6136100
2010-05-25,16.605005834926345,16.77804169764351,16.521692950488774,16.73958969116211,15939800
2010-05-26,16.778053865060308,16.893411190528692,16.617835629102697,16.630653381347656,7444000
2010-05-27,16.86136179424412,16.97031021118164,16.778048874170857,16.97031021118164,12368000
2010-05-28,16.983127891017503,17.015171039600617,16.867770600329862,16.88699722290039,7409900
2010-06-01,16.829322262379907,17.047219143083918,16.713964946434487,16.848548889160156,10514700
2010-06-02,16.925450125296898,17.136938095092773,16.86777147695549,17.136938095092773,7420600
2010-06-03,17.175389386849453,17.207433758098098,17.060033317457663,17.162572860717773,5494200
2010-06-04,17.01517057469353,17.01517057469353,16.669099934454092,16.707551956176758,9125300
2010-06-07,16.67551071186357,16.81650228918504,16.57938003540039,16.57938003540039,9533900
2010-06-08,16.598607630489067,16.86777429357237,16.56656447489002,16.848548889160156,9553000
2010-06-09,16.976715961551246,17.05362121562506,16.77163691384446,16.816497802734375,8617100
2010-06-10,16.995951903455722,17.117716890843692,16.976725273798994,17.104900360107422,8597800
2010-06-11,17.008759814985805,17.008759814985805,16.822906169613667,16.963897705078125,6023400
2010-06-14,17.085669983785902,17.156166388033416,17.02799132983211,17.060035705566406,5604600
2010-06-15,17.14975554358006,17.239477340597453,17.092076896249505,17.233068466186523,5392500
2010-06-16,17.143345609584646,17.19461537933542,17.092075839833868,17.11771011352539,3648800
2010-06-17,17.194617247805635,17.28433904902727,17.104895446584,17.271522521972656,6245100
2010-06-18,17.337360061109912,17.356723412794395,17.20826530456543,17.20826530456543,7709400
2010-06-21,17.36318174208879,17.401909684332637,17.11144827079518,17.1630859375,5379600
2010-06-22,17.150172476817502,17.227629575569992,16.975894927978516,16.975894927978516,7044200
2010-06-23,17.040438096654505,17.130804894737917,16.950072529709605,17.085620880126953,6769800
2010-06-24,16.988800426440037,17.033983209839313,16.86616056354305,16.879070281982422,4779800
2010-06-25,16.904885095679603,16.930703294359017,16.691879724237193,16.704788208007812,10611300
2010-06-28,16.717705108167497,16.917800850702037,16.67252231770538,16.846799850463867,7855100
2010-06-29,16.71770782931392,16.769345488409805,16.524066915489076,16.57570457458496,10234200
2010-06-30,16.530522586377202,16.601523601649617,16.414337539936383,16.45952033996582,6563600
2010-07-01,16.478884187358627,16.51761212405959,16.330424839583607,16.491792678833008,9774300
2010-07-02,16.52406654851217,16.536976270784162,16.36915357466492,16.42724609375,4874600
2010-07-06,16.58215370329517,16.64670106263527,16.39496648432273,16.52406120300293,6910800
2010-07-07,16.543429834664323,16.859711873369655,16.491792176921614,16.840347290039062,6495100
2010-07-08,16.9629856455553,17.098534023120585,16.904893131987674,17.092079162597656,6357800
2010-07-09,17.085624302074724,17.117898604689383,17.021078159122926,17.092079162597656,6894900
2010-07-12,17.02752950137337,17.150169372558594,17.02752950137337,17.150169372558594,3786300
2010-07-13,17.27281496538141,17.33736235218337,17.221177302167646,17.30508804321289,6162300
2010-07-14,17.240538364480567,17.337360047381683,17.201810430003427,17.311540603637695,4597100
2010-07-15,17.330907083448775,17.39545446873512,17.201812312876083,17.36318016052246,4122900
2010-07-16,17.292176485167307,17.36317749003714,17.092079498440985,17.11789894104004,7828300
2010-07-19,17.117896305417606,17.18244367083818,17.085622007138024,17.150169372558594,6491700
2010-07-20,17.001711307317464,17.37608454968617,17.001711307317464,17.356719970703125,7287700
2010-07-21,17.414807401123017,17.42126225890282,17.12434618786125,17.16952896118164,11398300
2010-07-22,17.317997360163712,17.414817822523744,17.292179144732557,17.36318016052246,7042900
2010-07-23,17.33735963145771,17.563273603103724,17.33735963145771,17.524545669555664,10102900
2010-07-26,17.576180966242347,17.614910125732422,17.511633598230866,17.614910125732422,8753200
2010-07-27,17.660095266977756,17.724641412450527,17.595547890366174,17.679458618164062,19712600
2010-07-28,17.647181333373293,17.692364116875467,17.563269394464815,17.58263397216797,7194100
2010-07-29,17.582628548681704,17.582628548681704,17.279257645073645,17.3696231842041,11052600
2010-07-30,17.259897262638148,17.472902678816084,17.22116934091628,17.414810180664062,7389100
2010-08-02,17.595545545987385,17.614910125732422,17.511633598230866,17.614910125732422,7790300
2010-08-03,17.498724427756503,17.5309974949355,17.42126734293287,17.45999526977539,7104100
2010-08-04,17.485817736007608,17.569728463884868,17.447089802459548,17.524545669555664,4452500
2010-08-05,17.466449681583985,17.479359400580005,17.40190231774244,17.447086334228516,18512500
2010-08-06,17.369633823644286,17.492273724112177,17.298631581614625,17.48581886291504,8372000
2010-08-09,17.563275503481286,17.627822887138063,17.505184212443023,17.57618522644043,3650800
2010-08-10,17.48581538970946,17.705275702265308,17.45999595004941,17.614910125732422,7497000
2010-08-11,17.434177788408928,17.434177788408928,17.298628192106456,17.324447631835938,9337600
2010-08-12,17.1372653299834,17.330907490389276,17.130811699328305,17.30508804321289,6401100
2010-08-13,17.22763065684512,17.343815696696684,17.221175795615707,17.29863166809082,4435400
2010-08-16,17.1566226826163,17.31153560695067,17.12434961839024,17.27926254272461,5077000
2010-08-17,17.42772175573448,17.53745190492354,17.317991606545426,17.447086334228516,5242400
2010-08-18,17.41481248326935,17.518087775608464,17.356719977436278,17.45999526977539,5379400
2010-08-19,17.401910445402155,17.408365307914945,17.182451275662974,17.25345230102539,7941200
2010-08-20,17.201814632062206,17.279271751076553,17.195359769549416,17.25345230102539,5856400
2010-08-23,17.311542461413133,17.38899956981851,17.279269384408625,17.292179107666016,4149900
2010-08-24,17.130809435549814,17.298630895463262,17.10498999178538,17.20826530456543,8426800
2010-08-25,17.117894808098182,17.29862593810073,17.09853023082427,17.24698829650879,6542800
2010-08-26,17.259902181918488,17.311539835977815,17.079169777141455,17.11789894104004,7530700
2010-08-27,17.221183380556504,17.247001605706686,17.008177790724886,17.227638244628906,9874400
2010-08-30,17.214717919502586,17.279265289353333,17.07916831970215,17.07916831970215,8007800
2010-08-31,17.06626095164469,17.195354468687043,17.021078159122926,17.092079162597656,12423300
2010-09-01,17.279271254474097,17.427729394584205,17.24054208051042,17.395456314086914,9661500
2010-09-02,17.39544830477513,17.505178451538086,17.388993445419832,17.505178451538086,6034900
2010-09-03,17.58909068607237,17.614910125732422,17.498725109539485,17.614910125732422,5839700
2010-09-07,17.56972155266,17.62135918745817,17.524538776103892,17.543903350830078,6444100
2010-09-08,17.569721237587792,17.653633162091506,17.55035789434717,17.62135887145996,5733200
2010-09-09,17.731096273225567,17.737551134000608,17.61491247269129,17.679458618164062,4962900
2010-09-10,17.68591531506152,17.7891906359064,17.673005592171176,17.76337242126465,4003400
2010-09-13,17.892464088066188,17.892464088066188,17.724641401435886,17.782733917236328,5254000
2010-09-14,17.769825369339948,17.87955553981478,17.72464134408894,17.81500816345215,8514700
2010-09-15,17.78272700776361,17.96345934571248,17.76336366411296,17.937641143798828,6451300
2010-09-16,17.886008036549452,17.95701026916504,17.840825245299072,17.95701026916504,6884700
2010-09-17,18.02656714633824,18.03956893504311,17.90955352783203,17.90955352783203,10596900
2010-09-20,17.981057812909732,18.13057462739667,17.922551017689884,18.104572296142578,6337100
2010-09-21,18.124082725711474,18.13058362172963,17.981066733069426,18.07207679748535,13361500
2010-09-22,18.078568724969973,18.150077305776122,18.052566393715882,18.104572296142578,5931300
2010-09-23,18.026572038392075,18.098080655756068,17.961564317144727,17.987567901611328,8952000
2010-09-24,18.14357990360358,18.27359530464308,18.117577567346935,18.228090286254883,4515900
2010-09-27,18.22809566075844,18.22809566075844,18.117582909266115,18.124082565307617,3614000
2010-09-28,18.182583968252317,18.299597580819945,18.059070701580936,18.241090774536133,5660100
2010-09-29,18.23459002531402,18.260593601610545,18.150080882187847,18.189085006713867,5319700
2010-09-30,18.267099796603052,18.34510806829227,18.05257518957902,18.124082565307617,8376000
2010-10-01,18.14358009044052,18.215088685740493,18.07857238925134,18.15658187866211,5417900
2010-10-04,18.13057462739667,18.215084993789123,18.046065500922733,18.104572296142578,6300800
2010-10-05,18.221589896066433,18.306099041135784,18.2020872133956,18.273595809936523,5418200
2010-10-06,18.345107380650244,18.358109172084134,18.26059821616812,18.351608276367188,4637500
2010-10-07,18.41661170242405,18.41661170242405,18.228090730235614,18.286596298217773,4440400
2010-10-08,18.28659430943907,18.35810289796741,18.24759018838664,18.325599670410156,4196400
2010-10-11,18.338599509587795,18.364603082564745,18.29959539004097,18.34510040283203,3051600
2010-10-12,18.319106843241602,18.442621394199048,18.2931032578109,18.390615463256836,5882500
2010-10-13,18.48162124345494,18.637639000075023,18.42961532458158,18.546628952026367,8258800
2010-10-14,18.572628730757742,18.60513320052128,18.47511780130461,18.55312728881836,3697300
2010-10-15,18.624637059114676,18.663641187973194,18.533627011805173,18.598634719848633,6477400
2010-10-18,18.592133613843686,18.67664276539692,18.592133613843686,18.66364097595215,4001300
2010-10-19,18.572634172841628,18.58563596455678,18.384113152648343,18.436119079589844,5782300
2010-10-20,18.546628801397645,18.663641187973194,18.48812198815042,18.598634719848633,4201000
2010-10-21,18.624636847536724,18.767654051591425,18.579131824398914,18.66364097595215,6328400
2010-10-22,18.715648589561777,18.735150034285013,18.66364143051603,18.728649139404297,4073800
2010-10-25,18.780653650130507,18.852162248536914,18.748150418083316,18.774152755737305,5217900
2010-10-26,18.67013931274414,18.689641994239302,18.592131066600928,18.67013931274414,3878600
2010-10-27,18.598627776019438,18.61162832083923,18.449109731366622,18.57262420654297,8714300
2010-10-28,18.650639881105633,18.683143113848317,18.55312894295872,18.637638092041016,6699200
2010-10-29,18.598626833301733,18.702638626098633,18.598626833301733,18.702638626098633,6420600
2010-11-01,18.774154468688852,18.78715625866154,18.56613078880161,18.624637603759766,7641400
2010-11-02,18.715649844862313,18.76115487216055,18.709148949545565,18.735151290893555,3161300
2010-11-03,18.7871506877519,18.800152473869197,18.63763386715868,18.793651580810547,8907700
2010-11-04,18.94317161654197,19.0276820007294,18.89116570316462,19.021181106567383,9502100
2010-11-05,18.975683377816054,19.00168572453545,18.8651706144403,18.923677444458008,6005300
2010-11-08,18.87816423189337,18.8976656735073,18.806655639525694,18.891164779663086,8569600
2010-11-09,18.89766338991179,18.89766338991179,18.741645676259925,18.793651580810547,6868900
2010-11-10,18.793658108825287,18.793658108825287,18.637640340980337,18.735151290893555,8337200
2010-11-11,18.631143189362387,18.754657745361328,18.624642292739367,18.754657745361328,6433600
2010-11-12,18.65714132114865,18.715648133731232,18.59863450856607,18.66364097595215,8355900
2010-11-15,18.709144675734464,18.767651480301232,18.657138764999416,18.67013931274414,4375700
2010-11-16,18.63113576655709,18.676640784869413,18.403609435076735,18.462116241455078,6359000
2010-11-17,18.494620060812707,18.54012507752375,18.43611325649316,18.468616485595703,9451600
2010-11-18,18.592136022581983,18.75465469194036,18.585635127017362,18.71565055847168,5221500
2010-11-19,18.709147694681057,18.741650929165733,18.624637301150635,18.728649139404297,3591300
2010-11-22,18.65064088067351,18.735150034285013,18.566130487143088,18.728649139404297,4960900
2010-11-23,18.611639346871016,18.611639346871016,18.46862334977926,18.507627487182617,5971800
2010-11-24,18.60513736707862,18.663642945917633,18.579133785444377,18.65064239501953,4284000
2010-11-26,18.572631336390163,18.611635465659724,18.507623627661623,18.52712631225586,2125500
2010-11-29,18.442619166891262,18.540130120641646,18.34510697322183,18.494625091552734,4896900
2010-11-30,18.384104327905995,18.50111667741675,18.35810075695793,18.410106658935547,9234200
2010-12-01,18.55312875221894,18.74164973204232,18.55312875221894,18.70914649963379,6465600
2010-12-02,18.68964565964926,18.73515068547702,18.65714242403484,18.722148895263672,9095500
2010-12-03,18.65064088067351,18.76115361380789,18.65064088067351,18.728649139404297,5143900
2010-12-06,18.696143496460554,18.741648514844655,18.683141708374023,18.683141708374023,4836500
2010-12-07,18.78714942932129,18.85215711563476,18.761147098746992,18.78714942932129,8562400
2010-12-08,18.806663348852293,18.86517017751496,18.767659209716925,18.85866928100586,4773600
2010-12-09,18.923663481113298,18.94316491678336,18.858655802403625,18.910661697387695,3764700
2010-12-10,18.943174362182617,19.008182073306276,18.917172021684532,18.943174362182617,3169500
2010-12-13,19.014682968410536,19.014682968410536,18.923672916788792,18.943174362182617,6420400
2010-12-14,18.975680495762923,19.07319145100925,18.969179600090623,19.03418731689453,4649200
2010-12-15,19.008177312856013,19.099187341685003,19.001676419379848,19.053682327270508,4278400
2010-12-16,19.08618508798212,19.229201011913414,19.001674720267484,19.222700119018555,7167000
2010-12-17,19.220082223822697,19.27254231046707,19.17417980435226,19.252870559692383,8089800
2010-12-20,19.30532934183693,19.30532934183693,19.200409175637848,19.233196258544922,5229100
2010-12-21,19.292212255666048,19.31188525407121,19.16761910059386,19.187292098999023,3154200
2010-12-22,19.19385534583371,19.272544860839844,19.18074000975026,19.272544860839844,2306300
2010-12-23,19.226636525930797,19.29221193544597,19.213521193878382,19.279096603393555,2979100
2010-12-27,19.239752177332537,19.239752177332537,19.187292098999023,19.187292098999023,1507700
2010-12-28,19.220084533955415,19.246315205803924,19.167624441005668,19.239757537841797,1965800
2010-12-29,19.259430338227084,19.279102091158332,19.22008433087006,19.246315002441406,2494600
2010-12-30,19.213531494140625,19.233204502765833,19.18074439717952,19.213531494140625,3825000
2010-12-31,19.206965340308038,19.259425419304993,19.167619343000116,19.22007942199707,3625100
2011-01-03,19.298775094836845,19.30533276272968,19.21352666297722,19.246315002441406,5257200
2011-01-04,19.233190486732045,19.246305816257827,19.128270352019126,19.193845748901367,5187300
2011-01-05,19.154499560639284,19.25942094500507,19.14138548199688,19.200403213500977,4492000
2011-01-06,19.20040588015961,19.21351996062337,19.082370400758002,19.134830474853516,5437600
2011-01-07,19.128280991504518,19.134838659914898,18.98401603871822,19.036476135253906,5449800
2011-01-10,19.003677217780407,19.069252614644576,18.970890144721654,19.049579620361328,4478600
2011-01-11,19.102050317862993,19.108607986273373,18.997130124791624,19.036476135253906,3442100
2011-01-12,19.128270352019126,19.226632821969154,19.075810284662666,19.193845748901367,4488000
2011-01-13,19.16106317525291,19.259426925468212,19.16106317525291,19.233196258544922,4779000
2011-01-14,19.20696684236867,19.252869258737388,19.187293842176203,19.233196258544922,4092500
2011-01-18,19.246315002441406,19.318446847768094,19.226641998762897,19.246315002441406,3321500
2011-01-19,19.259422656921814,19.285652067284733,19.154501263229857,19.20696258544922,5164100
2011-01-20,19.200410105210548,19.351232695080306,19.200410105210548,19.305330276489258,15486400
2011-01-21,19.364346358068243,19.4036911062156,19.28565561102653,19.338115692138672,4508200
2011-01-24,19.324999352152005,19.390574762811813,19.292212272195567,19.37090301513672,4953300
2011-01-25,19.357793865850585,19.45615638788441,19.331563192909655,19.43648338317871,9109700
2011-01-26,19.475825939955293,19.48894002335359,19.36434810121357,19.38401985168457,6028600
2011-01-27,19.279096923395937,19.305327587936155,19.14138968680057,19.187292098999023,15259800
2011-01-28,19.206970863884788,19.252873289864464,18.964342147031406,19.003686904907227,9732300
2011-01-31,18.990564704638654,19.023353033306716,18.88564455439455,18.9381046295166,6825400
2011-02-01,19.016795552028917,19.128273369087925,19.010237886231696,19.07581329345703,11645900
2011-02-02,19.016802241114934,19.056146998990755,18.944669142719846,19.003686904907227,8204900
2011-02-03,18.957776360245504,19.121714240393423,18.957776360245504,19.102041244506836,3302700
2011-02-04,19.12172662205147,19.2266468332241,19.069266516465156,19.213531494140625,4630900
2011-02-07,19.213526865993288,19.285659962829417,19.193855112854177,19.239757537841797,5262200
2011-02-08,19.24631296280942,19.34467546928347,19.213524626819982,19.331560134887695,3620200
2011-02-09,19.30532400233272,19.384013479844423,19.29876633741563,19.364341735839844,2587200
2011-02-10,19.325002432472594,19.370906102774153,19.206968175367116,19.29221534729004,5789200
2011-02-11,19.187296328641224,19.41025202339367,19.161065658318726,19.397136688232422,6764600
2011-02-14,19.344678646413325,19.390581073590322,19.2725455461367,19.311891555786133,5829000
2011-02-15,19.25942785789821,19.32500202688708,19.226639522656676,19.305330276489258,5229700
2011-02-16,19.311885672743898,19.37090341849194,19.292212673912235,19.3577880859375,4122200
2011-02-17,19.29877006162302,19.488937377929688,19.29877006162302,19.488937377929688,6706400
2011-02-18,19.52172344186157,19.55451051822003,19.42991737671366,19.54139518737793,5524400
2011-02-22,19.39057691174856,19.521727747602803,19.344674494423696,19.4036922454834,16824200
2011-02-23,19.4036904991311,19.45615057860192,19.338115087105834,19.3577880859375,7403100
2011-02-24,19.324999014830105,19.410247422423904,19.193849446546665,19.279096603393555,7415600
2011-02-25,19.31188631627289,19.377460479736328,19.279097983794177,19.377460479736328,4049200
2011-02-28,19.416805551415337,19.521725708842517,19.37745955431994,19.488937377929688,5388400
2011-03-01,19.567629016034424,19.60041609769939,19.325000359173888,19.338115692138672,6715400
2011-03-02,19.344671810865727,19.370902474696596,19.246309322993753,19.285654067993164,4991200
2011-03-03,19.38402121650536,19.528287400768313,19.357791797114857,19.482383728027344,9047000
2011-03-04,19.469269780872096,19.528287538350522,19.292216508436823,19.397136688232422,14030900
2011-03-07,19.469272076009336,19.469272076009336,19.29221878270212,19.34467887878418,14737500
2011-03-08,19.351233123430163,19.54140046905212,19.351233123430163,19.51517105102539,5786400
2011-03-09,19.48238218123805,19.646320104341356,19.469268097957578,19.61353302001953,14802600
2011-03-10,19.482383728027344,19.606976909687024,19.456154308636837,19.482383728027344,8262700
2011-03-11,19.403695713517134,19.5479606581437,19.38402270939871,19.495500564575195,7341500
2011-03-14,19.397132832853877,19.4495929123247,19.27909734135779,19.3577880859375,5810700
2011-03-15,19.062698943926836,19.252867509602645,19.023354197863434,19.187292098999023,12900900
2011-03-16,19.115155473225855,19.121713138143374,18.833182135505993,18.91187286376953,12979600
2011-03-17,19.088935339510023,19.128280097385844,18.944669142719846,19.003686904907227,7932800
2011-03-18,19.138211523978747,19.223943825751515,19.059072950302763,19.157995223999023,7203500
2011-03-21,19.270110209707926,19.42838612170078,19.25692149377404,19.39541244506836,5906100
2011-03-22,19.355843839637945,19.42179245096588,19.336058878880024,19.369033813476562,5466800
2011-03-23,19.322873268301212,19.43498555551501,19.28330459571558,19.40201187133789,5380700
2011-03-24,19.481148196773994,19.613044175927534,19.46136323386159,19.58007049560547,5221000
2011-03-25,19.59325921301513,19.63282913883994,19.566880520330532,19.58007049560547,4569200
2011-03-28,19.599861215553418,19.69878480765548,19.573482513427734,19.573482513427734,6117000
2011-03-29,19.57347849138373,19.672400805293076,19.547098536812992,19.66580581665039,3786100
2011-03-30,19.725162395551916,19.810896002815376,19.725162395551916,19.771326065063477,10207700
2011-03-31,19.74494046292155,19.79769910361755,19.73175048828125,19.73175048828125,4585100
2011-04-01,19.758131513895414,19.876838783951627,19.758131513895414,19.83067512512207,5194200
2011-04-04,19.87683806036896,19.883433048228156,19.824079415360718,19.870243072509766,2603500
2011-04-05,19.85705241432067,19.962569694026513,19.850457427105905,19.890026092529297,4440800
2011-04-06,19.95597832936417,20.015331967206155,19.929598375716434,19.982357025146484,6281100
2011-04-07,19.982357609667517,20.008737564086914,19.89662527353539,20.008737564086914,4327400
2011-04-08,20.068086216943954,20.068086216943954,19.890025342455758,19.949378967285156,7281700
2011-04-11,19.955978810215118,20.134039728031553,19.955978810215118,20.054901123046875,6793100
2011-04-12,19.955980561579583,20.153825204606218,19.955980561579583,20.120851516723633,9857400
2011-04-13,20.10106207940675,20.173605686055605,20.08787210404054,20.134037017822266,5309100
2011-04-14,20.054898170794882,20.292312692934022,20.054898170794882,20.252742767333984,6516300
2011-04-15,20.259345188054173,20.378052492677256,20.226371495821418,20.338483810424805,8840800
2011-04-18,20.186799275122805,20.272531614619798,20.14063561094246,20.226367950439453,10006400
2011-04-19,20.21318105144454,20.27253470239261,20.153827400496475,20.265939712524414,7268600
2011-04-20,20.39123538737875,20.437399043610423,20.35826170660335,20.371450424194336,6796700
2011-04-21,20.430800856768048,20.45718080354995,20.351663532152532,20.378042221069336,5639600
2011-04-25,20.35166872609733,20.364857444989077,20.25274515828403,20.325288772583008,6384000
2011-04-26,20.33188220769845,20.490158143096586,20.31869223194894,20.46377944946289,6700000
2011-04-27,20.5033472043725,20.622054465092948,20.490157229211277,20.595674514770508,7150800
2011-04-28,20.58248996021955,20.740767188107593,20.51654258277606,20.727577209472656,5723200
2011-04-29,20.760550127937393,20.819903771726874,20.727576440439037,20.786930084228516,16050400
2011-05-02,20.83968867202673,20.89244732657401,20.773740039376232,20.813308715820312,7724700
2011-05-03,20.767139868944682,20.885847126525125,20.76054488153852,20.86606216430664,10287600
2011-05-04,20.852879233232777,20.912231620625775,20.806714308580656,20.839689254760742,11416400
2011-05-05,20.819904653308605,20.846284610716744,20.628654993562023,20.681413650512695,17000000
2011-05-06,20.899039940302373,20.912228659041045,20.68141035779676,20.734169006347656,10133100
2011-05-09,20.701193900634596,20.833091149898316,20.701193900634596,20.806711196899414,5193200
2011-05-10,20.839685242187457,20.951797521881957,20.833090254221272,20.9320125579834,7614800
2011-05-11,20.932019014778938,21.004562646918828,20.83309668050273,20.8924503326416,7044700
2011-05-12,20.89903895658083,21.215589575120696,20.89903895658083,21.202402114868164,10342400
2011-05-13,21.149645434637637,21.27494645198101,21.116671747518968,21.176025390625,6644100
2011-05-16,21.14964350339227,21.255160801975514,21.10347984249528,21.1826171875,11341900
2011-05-17,21.15624344972564,21.281544477541594,21.116673512437362,21.228784561157227,13613600
2011-05-18,21.228773079807066,21.288126695773084,21.14304203564609,21.261749267578125,10312100
2011-05-19,21.31452098007868,21.3870646168144,21.24857359162709,21.380468368530273,11084300
2011-05-20,21.340897932807376,21.406845311960765,21.26176057467706,21.314517974853516,12311500
2011-05-23,21.143052338004857,21.228783423939955,21.12326611255502,21.169429779052734,7600000
2011-05-24,21.209004231258675,21.209004231258675,21.12986685979829,21.14965057373047,7352200
2011-05-25,21.050719028540904,21.077097721541463,20.925416777658704,21.011150360107422,23021800
2011-05-26,20.99136405542818,21.083691361827555,20.892441761733817,21.04412269592285,8423200
2011-05-27,21.10347616064304,21.202399711438215,21.096881173399016,21.12985610961914,4347200
2011-05-31,21.24197057276999,21.321110432565142,21.182616935789035,21.307920455932617,7570100
2011-06-01,21.281537111987173,21.314510790449553,21.07050255095147,21.090286254882812,14211100
2011-06-02,21.057317570065965,21.0902912563479,20.773739339725516,20.846282958984375,11745700
2011-06-03,20.6484375,20.753954807749945,20.608868824060153,20.6484375,9226700
2011-06-06,20.59567589790963,20.635245826050674,20.536322263563406,20.542917251586914,6439100
2011-06-07,20.57589995027911,20.635253607005875,20.496761322021484,20.496761322021484,13196900
2011-06-08,20.470380050235967,20.542922421018456,20.41762013277137,20.50994873046875,8355300
2011-06-09,20.562705225374522,20.720981187509164,20.503351582340837,20.622058868408203,5887500
2011-06-10,20.52972761264234,20.58908124796316,20.37145167107527,20.384641647338867,10787000
2011-06-13,20.36485648384502,20.56270235226863,20.358262753643054,20.47696876525879,10001000
2011-06-14,20.622060597081873,20.76055160385932,20.569301938614423,20.694602966308594,10591800
2011-06-15,20.562702553301335,20.608866212358556,20.312098035754445,20.384641647338867,24775100
2011-06-16,20.397831907611977,20.58908153463554,20.384641931164726,20.54951286315918,10211000
2011-06-17,20.700267344084583,20.793242152767224,20.66042117846156,20.680343627929688,13061200
2011-06-20,20.667058874357764,20.872932172586395,20.627211448878764,20.833086013793945,8469200
2011-06-21,20.886214195083955,20.89949540326923,20.779956929482612,20.813161849975586,12758400
2011-06-22,20.760037225862497,20.779960942017393,20.667062417179856,20.680343627929688,9302800
2011-06-23,20.554162272085872,20.554162272085872,20.308441525625735,20.49439239501953,18618400
2011-06-24,20.507671767023577,20.52759547982254,20.301798468180483,20.3283634185791,8765000
2011-06-27,20.36821230116766,20.4811108220857,20.34164734721672,20.421340942382812,5039000
2011-06-28,20.474475565572973,20.49439928685724,20.41470566840727,20.461193084716797,19095900
2011-06-29,20.527597982945995,20.613932815582576,20.527597982945995,20.580726623535156,9806900
2011-06-30,20.58072449207829,20.75339287278223,20.58072449207829,20.740110397338867,10175700
2011-07-01,20.700264015723526,20.92606102909307,20.667059094157768,20.89949607849121,8450300
2011-07-05,20.886218533120534,20.965910865530258,20.853012339044163,20.892858505249023,7251600
2011-07-06,20.892857855200393,21.05224504843433,20.866294167452565,21.005756378173828,8706200
2011-07-07,21.18506420696117,21.198346683041382,21.11201312189326,21.151859283447266,7479900
2011-07-08,21.012400516941977,21.078811645507812,20.96591310695197,21.078811645507812,5743600
2011-07-11,20.9526291344671,20.97255285162283,20.86629556016593,20.92606544494629,8308600
2011-07-12,20.879575280075564,21.012396243507606,20.833087879540013,20.859651565551758,5628600
2011-07-13,20.959267604797457,20.96590884297206,20.80652292684161,20.859651565551758,5897100
2011-07-14,20.81980458572078,20.91942062105515,20.720188550386414,20.76667594909668,6827100
2011-07-15,20.833087771343234,20.83972774279669,20.68034182749401,20.826446533203125,10520300
2011-07-18,20.746756959879974,20.773321917584802,20.580729774285526,20.693628311157227,5921500
2011-07-19,20.773319403218412,21.019038898812074,20.746754448728964,20.97919273376465,8400700
2011-07-20,21.032328930537425,21.032328930537425,20.853019223388674,20.945995330810547,3812600
2011-07-21,21.032318785665836,21.158499770576466,20.985831387721547,21.11865234375,6894500
2011-07-22,21.131940295023096,21.14522277407365,21.032324235517805,21.078811645507812,8006300
2011-07-25,20.912775074759853,20.97918617352984,20.859646449081136,20.886211395263672,5910100
2011-07-26,20.886214647746062,20.919419568958677,20.813162301054444,20.833086013793945,5398600
2011-07-27,20.793239864849244,20.806522340824344,20.57408407800658,20.607290267944336,7625400
2011-07-28,20.640495191195463,20.76667617958567,20.57408407800658,20.607290267944336,6844200
2011-07-29,20.447906450565593,20.65377978251858,20.434623973230106,20.474470138549805,12659700
2011-08-01,20.667063177672958,20.667063177672958,20.215469061705353,20.401418685913086,11186600
2011-08-02,20.22210561756378,20.328362882985584,20.115848352141978,20.135770797729492,12283100
2011-08-03,20.115845716014316,20.21546173095703,19.976382281745437,20.21546173095703,13508500
2011-08-04,20.056083968991807,20.1490587850005,19.55800242605347,19.584566116333008,18917200
2011-08-05,19.777165081175475,20.009602201432376,19.40526315538983,19.86349868774414,24268500
2011-08-08,19.557999474665213,19.790436479611177,19.05991800688956,19.113046646118164,25886700
2011-08-09,19.292352138024782,19.577919006347656,18.641526087750524,19.577919006347656,28746500
2011-08-10,19.32555592588285,19.352119604900178,18.800909648412553,18.82747459411621,22101900
2011-08-11,18.927093053716074,19.624406501652068,18.893888133980642,19.38532829284668,20124800
2011-08-12,19.58456495444365,19.710745959174435,19.398614066771266,19.61777114868164,12733300
2011-08-15,19.757233871380524,19.90333732971625,19.6111304130448,19.896696090698242,23864000
2011-08-16,19.810357868408243,20.029513637831126,19.77051171033677,19.943180084228516,13192800
2011-08-17,20.022875387403726,20.1889025486039,19.943183059372203,20.076004028320312,12507900
2011-08-18,19.750587350553655,19.88340956202015,19.47830295706517,19.717382431030273,17609500
2011-08-19,19.53143961773291,19.963110082429992,19.53143961773291,19.624414443969727,14881200
2011-08-22,19.876775267959918,19.929903917767657,19.624413231357966,19.68418312072754,8849500
2011-08-23,19.724027550797565,20.09592804274847,19.67089890909029,20.08928680419922,12722300
2011-08-24,20.04280005744016,20.188903510248345,19.976388936459433,20.175621032714844,12641800
2011-08-25,20.195543620201857,20.21546733538849,19.81036066006724,19.87013053894043,13771600
2011-08-26,19.830284285449512,20.10256872500021,19.491588728930832,20.036157608032227,9421300
2011-08-29,20.16234026941184,20.414701014716133,20.155699030497672,20.394777297973633,13124600
2011-08-30,20.34164414704306,20.554159945157135,20.24202811877221,20.44790267944336,10714600
2011-08-31,20.560803963403114,20.647138800470046,20.41470051095716,20.51431655883789,8987800
2011-09-01,20.520955521643874,20.680341433913178,20.414698246797673,20.44126319885254,11725100
2011-09-02,20.208829183656643,20.32172772025142,20.12913557742455,20.149059295654297,10867700
2011-09-06,19.737306444662945,20.109208159650883,19.677536571421548,20.069360733032227,11784300
2011-09-07,20.261951383280863,20.427978515625,20.22874519680014,20.427978515625,8986300
2011-09-08,20.34828627587122,20.580724529809835,20.308440116154667,20.37485122680664,6404100
2011-09-09,20.215471769874178,20.215471769874178,19.830288725245435,19.923263549804688,12023400
2011-09-12,19.64433073197616,19.97638500484032,19.63104825705683,19.943180084228516,10435500
2011-09-13,19.956469271910734,20.056086606950473,19.80372454932412,20.016239166259766,8857000
2011-09-14,20.049438658009972,20.441262826882802,19.9498226229902,20.255311965942383,12343400
2011-09-15,20.354928926302517,20.50103363321431,20.26859536314373,20.49439239501953,9792100
2011-09-16,20.58736385655366,20.681003177869155,20.52716678549654,20.62749481201172,12832500
2011-09-19,20.393399032838797,20.50710449093983,20.319824537673327,20.453596115112305,6738300
2011-09-20,20.493724822998047,20.714447008466724,20.44021645305837,20.493724822998047,7135800
2011-09-21,20.540541680351566,20.567296499535427,20.072343826293945,20.072343826293945,12112100
2011-09-22,19.6108359745268,19.784738494820523,19.510507940902773,19.691099166870117,19977700
2011-09-23,19.59077458016296,19.784741975865163,19.55733104591059,19.731233596801758,13093900
2011-09-26,19.831553342808053,20.112472534179688,19.751291445696072,20.112472534179688,12087800
2011-09-27,20.366639734261714,20.43352422836258,20.12585147313075,20.232868194580078,15290000
2011-09-28,20.273005666621188,20.306449200168057,19.82487252301602,19.851627349853516,12298000
2011-09-29,20.0990958983835,20.226178728723756,19.8114892676512,20.04558753967285,8661200
2011-09-30,19.911816044208948,20.125849465759707,19.818175465475623,19.838241577148438,14873200
2011-10-03,19.717850083820718,19.951949648212253,19.550636291503906,19.550636291503906,17137600
2011-10-04,19.363350910014947,19.74459801946622,19.196137175993194,19.7379093170166,15177200
2011-10-05,19.704474253565564,19.784737441636302,19.624212341234923,19.764671325683594,9942200
2011-10-06,19.804806197722623,20.012150987247555,19.69110074364632,19.9987735748291,9943700
2011-10-07,20.09240769777162,20.252932767735434,19.992078412771868,20.112472534179688,10812600
2011-10-10,20.272994580387497,20.42683219909668,20.26630587733582,20.42683219909668,5672200
2011-10-11,20.353265054373402,20.43352696835297,20.299756686473646,20.386707305908203,5435700
2011-10-12,20.473664169860076,20.667631572168315,20.466975462781804,20.547237396240234,7715400
2011-10-13,20.51378866386528,20.55391961793196,20.366640981794102,20.48703384399414,4139700
2011-10-14,20.64087332142171,20.68100427901652,20.533856584008806,20.64756202697754,4205100
2011-10-17,20.57399066362498,20.687696123848063,20.426842946288186,20.507104873657227,5765900
2011-10-18,20.487030070978175,20.821457603337034,20.33319371227065,20.660932540893555,14981300
2011-10-19,20.674318744093906,20.781335497919006,20.560613283687196,20.600744247436523,7398600
2011-10-20,20.647562515822877,20.801398920028596,20.587365440135393,20.714447021484375,6276700
2011-10-21,20.921790428721554,21.048871994018555,20.848215950899068,21.048871994018555,13734900
2011-10-24,21.0555621645255,21.0555621645255,20.854906107438726,20.90172576904297,9755200
2011-10-25,20.854904602280403,20.881658145949046,20.634182445119063,20.654247283935547,13392900
2011-10-26,20.85489691467888,20.881650448485544,20.573977793141424,20.86158561706543,5286200
2011-10-27,21.115753909843633,21.18932837422657,20.915097903377156,21.129131317138672,21683000
2011-10-28,21.035497324370105,21.122447942244133,20.96192284142586,21.07562828063965,11994500
2011-10-31,20.941852800917196,21.02211597415506,20.761262893676758,20.761262893676758,8271600
2011-11-01,20.420149657079357,20.60073959100233,20.37332872159113,20.400083541870117,18721200
2011-11-02,20.594053268432617,20.627495519838547,20.46697041675787,20.594053268432617,4854400
2011-11-03,20.754577689048457,20.861594420916582,20.660937091858788,20.848217010498047,5172100
2011-11-04,20.687690397521333,20.767952302673976,20.59405108292992,20.727821350097656,4886300
2011-11-07,20.734511962890625,20.90172576904297,20.620806523677427,20.90172576904297,4930100
2011-11-08,20.941856023668798,21.122447234440358,20.83483929337603,21.10906982421875,5827200
2011-11-09,20.84821623940683,20.84821623940683,20.53385476063868,20.614116668701172,6187700
2011-11-10,20.794709350609835,20.868283834669786,20.6141181310482,20.814775466918945,4501200
2011-11-11,20.935168823851434,21.08231779538942,20.935168823851434,21.05556297302246,3135400
2011-11-14,20.98867299591581,20.98867299591581,20.828147921033345,20.874967575073242,2725900
2011-11-15,20.861594398251224,21.035496906283008,20.82815087224122,20.975299835205078,6358400
2011-11-16,20.828153956409512,21.068942276376415,20.761269445965606,20.788022994995117,7333200
2011-11-17,20.701070885796177,20.88834954283265,20.580676734421207,20.714447021484375,6726800
2011-11-18,20.767959959196528,20.834845755309168,20.681009317268412,20.774648666381836,8138700
2011-11-21,20.560610213463526,20.620807287968727,20.366642854522436,20.440216064453125,21788100
2011-11-22,20.393393693513982,20.614115845481397,20.393393693513982,20.46027946472168,5769000
2011-11-23,20.319817255995723,20.380014316697405,20.192735706283155,20.23955535888672,5091300
2011-11-25,20.25962487410551,20.446903515977525,20.219492643070016,20.313133239746094,3223600
2011-11-28,20.5806793216643,20.660941248844072,20.520482238409304,20.634187698364258,6760300
2011-11-29,20.694380617905125,20.915102786850646,20.674314502277323,20.848217010498047,4812400
2011-11-30,21.1692635058793,21.356543391783486,21.14919866949875,21.336477279663086,7078000
2011-12-01,21.37661275933824,21.470252084269017,21.2428424774,21.30303955078125,11693700
2011-12-02,21.410053509006037,21.43680832896095,21.229463577270508,21.229463577270508,5688600
2011-12-05,21.463566964036474,21.463566964036474,21.229467350780226,21.356550216674805,7178500
2011-12-06,21.336481120281267,21.476941378927556,21.28966145931253,21.38330078125,5993000
2011-12-07,21.356547626876747,21.51038402308667,21.249530892492444,21.436809539794922,5951300
2011-12-08,21.356554451810336,21.376619298581968,21.155897053910422,21.189340591430664,5215300
2011-12-09,21.289660392035415,21.443498053457866,21.24952943832261,21.410053253173828,3885100
2011-12-12,21.26290445570481,21.349855058255812,21.09569067901914,21.216083526611328,5890500
2011-12-13,21.336475693727873,21.396672749874792,20.981983336129087,21.169261932373047,6460700
2011-12-14,21.12244912030948,21.24284327157297,21.035498497585944,21.062252044677734,5653200
2011-12-15,21.14250730536177,21.32309718876461,21.135818602163194,21.276277542114258,7244100
2011-12-16,21.448384845836898,21.448384845836898,21.21216890135119,21.252662658691406,9366600
2011-12-19,21.279659917152802,21.441636238065225,21.12443148324753,21.164926528930664,4628900
2011-12-20,21.387647631176087,21.6373619713276,21.34715257886595,21.603614807128906,6064300
2011-12-21,21.5023778504743,21.866825543595134,21.5023778504743,21.833078384399414,8074800
2011-12-22,21.893819353268583,21.893819353268583,21.752090555043214,21.826330184936523,4135700
2011-12-23,21.83307668834352,22.008552634161386,21.8128304540363,21.981555938720703,5227700
2011-12-27,21.988306275706904,22.082792134669248,21.96805746696743,22.022050857543945,3918400
2011-12-28,22.049040801780723,22.049040801780723,21.88031535000874,21.9140625,3647100
2011-12-29,21.920814848866474,22.055795752678577,21.920814848866474,22.028799057006836,2933300
2011-12-30,21.974815195471347,22.008559788468244,21.907323434930138,21.92757225036621,2935100
2012-01-03,22.062551027554836,22.12329232588379,21.90057594837593,21.907323837280273,20757900
2012-01-04,21.866825458579854,21.9005700430976,21.79258582791275,21.860074996948242,6855200
2012-01-05,21.81957494776777,21.866817864595284,21.711588195538162,21.846569061279297,4563000
2012-01-06,21.880320715890726,21.880320715890726,21.66435229062265,21.70484733581543,6365900
2012-01-09,21.75883904878427,21.765586935188516,21.67784896465427,21.738590240478516,3304900
2012-01-10,21.89381556686637,21.89381556686637,21.79258183187604,21.812828063964844,5053600
2012-01-11,21.71834373474121,21.78583289612454,21.664350345997367,21.71834373474121,5384000
2012-01-12,21.77233490398379,21.812829946202033,21.650854926422102,21.711593627929688,4733100
2012-01-13,21.65761015889914,21.71835145555609,21.556375093562117,21.691354751586914,5589000
2012-01-17,21.873567539018378,21.8803154243119,21.77233123779297,21.77233123779297,6746500
2012-01-18,21.765584786686105,21.839824402537086,21.718341862880255,21.819578170776367,5147100
2012-01-19,21.839828761146947,21.90731793018244,21.74534289467855,21.860074996948242,5962200
2012-01-20,21.826330058267494,21.90056968772996,21.75884089032711,21.866825103759766,11017800
2012-01-23,21.80607660373907,21.866817864595284,21.738584883595564,21.846569061279297,21798800
2012-01-24,21.73858837305091,21.779083411637234,21.70484379483545,21.72509002685547,5885300
2012-01-25,21.657604888528763,22.00180376945922,21.644106539828993,21.974809646606445,7762100
2012-01-26,22.035549264986024,22.07604173348173,21.833076624321194,21.893817901611328,6762500
2012-01-27,21.799338809621563,21.86683056897702,21.664357865458026,21.74534797668457,5682200
2012-01-30,21.650860322097646,21.677854449090574,21.522627277055797,21.603614807128906,9643100
2012-01-31,21.704851105954436,21.71159899405199,21.488882643172577,21.61711311340332,5873600
2012-02-01,21.704842086673423,21.873567539018378,21.704842086673423,21.77233123779297,9539000
2012-02-02,21.806081961701164,21.873571123881522,21.77908526701042,21.85332489013672,5452400
2012-02-03,21.92081642150879,22.03555109907168,21.873573487967242,21.92081642150879,6662400
2012-02-06,21.873579243663624,21.954566783253078,21.84658253895132,21.907323837280273,7380000
2012-02-07,21.85333260104459,21.98831354757959,21.84658213771676,21.92757225036621,11209400
2012-02-08,21.98830621085183,21.98830621085183,21.85332530935523,21.93431282043457,4694700
2012-02-09,21.954561247035354,22.082794274808922,21.907318312975665,22.055797576904297,5976200
2012-02-10,21.947813176114607,22.008554458618164,21.92081647843596,22.008554458618164,4576400
2012-02-13,22.07604399706079,22.130037393320073,22.055797760736976,22.10304069519043,5427400
2012-02-14,22.01529875317987,22.17052587768103,22.01529875317987,22.15703010559082,4678700
2012-02-15,22.217771071653857,22.271764463711907,22.089540627335943,22.15028190612793,5330400
2012-02-16,22.163786502563536,22.319013686672168,22.150288150743563,22.292016983032227,4185900
2012-02-17,22.33925570541208,22.406747451757216,22.26501864625274,22.3122615814209,3526000
2012-02-21,22.319011463041193,22.319011463041193,22.15028594392262,22.184030532836914,5558000
2012-02-22,22.18402466001488,22.190775120738937,22.06929257317012,22.12328338623047,3682400
2012-02-23,22.07604991497953,22.27177216706637,22.069302025911636,22.238027572631836,4280000
2012-02-24,22.271766533613818,22.325759930689927,22.251520296983713,22.3122615814209,4660400
2012-02-27,22.23802194771469,22.352754054681107,22.17053020136955,22.3122615814209,5540300
2012-02-28,22.319006427607732,22.393246051198098,22.27851138531848,22.38649559020996,4875800
2012-02-29,22.366249233206986,22.50797801861933,22.35950134680252,22.426990509033203,12843400
2012-03-01,22.440488625005145,22.47423320577255,22.184025176989213,22.393245697021484,7825200
2012-03-02,22.37300544687315,22.460740865422927,22.359507096046915,22.413497924804688,4036500
2012-03-05,22.399997675812983,22.548476947772347,22.393249788245267,22.514732360839844,6070600
2012-03-06,22.379744974236935,22.453984588772716,22.31900370548459,22.325754165649414,9765800
2012-03-07,22.373001140586513,22.38649691426795,22.25826646792087,22.3595027923584,7278800
2012-03-08,22.433744837292444,22.54172906020463,22.433744837292444,22.514732360839844,5795400
2012-03-09,22.52147844132961,22.602468532925485,22.48098597007842,22.588970184326172,5234200
2012-03-12,22.534977200717094,22.70370269946406,22.534977200717094,22.669958114624023,7409600
2012-03-13,22.73744395309896,22.838680267333984,22.69695148704209,22.838680267333984,5126200
2012-03-14,22.81168310854191,22.838679801727064,22.72394514296335,22.771190643310547,5727500
2012-03-15,22.750942380937246,22.82518200170096,22.696951567820456,22.811683654785156,5293400
2012-03-16,22.857823416879693,22.857823416879693,22.76283732434486,22.79676055908203,5354200
2012-03-19,22.783190498403172,22.837467149587866,22.722127648210027,22.810327529907227,4210100
2012-03-20,22.715344278077445,22.837469993672777,22.69499085487053,22.79676055908203,4792900
2012-03-21,22.769623710915468,22.87817961587074,22.756053899273944,22.830686569213867,4171100
2012-03-22,22.783197220130113,22.89175314270334,22.715348150911005,22.851043701171875,5471000
2012-03-23,22.878180270635784,22.912103506622003,22.796761398456457,22.905317306518555,3105900
2012-03-26,22.94603062925557,23.081726184361845,22.932460814927197,23.061372756958008,5562300
2012-03-27,23.135996134644042,23.156352144313797,23.041010050107502,23.04779624938965,3310600
2012-03-28,23.034232085184534,23.05458551166666,22.93245977641928,22.99352264404297,3537200
2012-03-29,22.918883433669432,23.0003022927583,22.823897352909004,22.986732482910156,5045100
2012-03-30,23.03422262053626,23.169918113740884,23.013866614240996,23.122425079345703,3775800
2012-04-02,23.122430397230037,23.353109424102193,23.122430397230037,23.30561637878418,9978900
2012-04-03,23.230985557389786,23.30561563466607,23.088503837808137,23.176706314086914,4460900
2012-04-04,23.068150436427143,23.203845956629717,23.05458062558921,23.102073669433594,5436200
2012-04-05,23.05458062558921,23.11564348027153,22.98673415957631,23.102073669433594,4562600
2012-04-09,22.905311834259027,22.94602126062289,22.864604996071552,22.89174461364746,2747700
2012-04-10,22.864608766804462,22.871392378228972,22.67463400061968,22.688203811645508,7105400
2012-04-11,22.810326701405792,22.89174555749047,22.735694044083083,22.803543090820312,14575600
2012-04-12,22.783188741098186,22.837465388096433,22.70855608682126,22.81711196899414,2666500
2012-04-13,22.789972351406824,22.939237659960675,22.789972351406824,22.81711196899414,5539400
2012-04-16,22.89174641755921,22.986732498383578,22.823897368272814,22.912099838256836,5805600
2012-04-17,23.054575938181394,23.203841238873597,23.007082903993194,23.142778396606445,5715900
2012-04-18,23.108855170497193,23.190271430794645,23.074929356211694,23.142778396606445,6363000
2012-04-19,23.17670546108403,23.17670546108403,22.979947093617845,23.06814956665039,6954000
2012-04-20,23.1224315746261,23.319187377458046,23.088505750662705,23.278480529785156,5243400
2012-04-23,23.068151522762157,23.081721334239127,22.864609526961402,22.918886184692383,5378200
2012-04-24,22.97315602101302,23.04100246243171,22.905306991418488,22.925662994384766,5679500
2012-04-25,23.000307730889315,23.122433460221114,22.973168104776207,23.07493782043457,5500500
2012-04-26,23.102076383305388,23.332758018295607,23.068153146313872,23.28526496887207,4135100
2012-04-27,23.28526410181721,23.319187337545554,23.23777105416213,23.251340866088867,4944100
2012-04-30,23.230982712403776,23.230982712403776,23.135994048256556,23.19027328491211,5605200
2012-05-01,23.190278006507054,23.346326961399022,23.129215146925244,23.251340866088867,5091000
2012-05-02,23.244552654496122,23.339541329763115,23.176706188910742,23.271692276000977,10755000
2012-05-03,23.30561637878418,23.36667923536118,23.244553522207177,23.30561637878418,2322700
2012-05-04,23.285257600650244,23.319180826907335,23.122425079345703,23.122425079345703,4985200
2012-05-07,23.06814862006432,23.203844129582368,23.06814862006432,23.15635108947754,4204700
2012-05-08,23.05458062558921,23.13599690244004,23.000303970414244,23.102073669433594,8638300
2012-05-09,23.0003022927583,23.135995214886574,22.918883433669432,22.986732482910156,6840000
2012-05-10,23.095293801116405,23.217419530273744,23.095293801116405,23.14957046508789,3172100
2012-05-11,23.10207269417622,23.217414787341095,23.06814946260184,23.088502883911133,3289600
2012-05-14,22.966383016615257,23.07493893814878,22.898536536223304,22.99352264404297,6938000
2012-05-15,22.939238320759497,23.11564066380581,22.92566851157494,22.96637535095215,3297400
2012-05-16,23.00708476674964,23.122426850671204,22.986731347071437,23.04100799560547,4610600
2012-05-17,23.061370047161045,23.095293284907143,22.87139525706403,22.87818145751953,5267000
2012-05-18,22.91210573836508,22.93924536506838,22.69499390109321,22.74248695373535,7303300
2012-05-21,22.810330557663114,22.84425379267846,22.6746350294248,22.830686569213867,4945000
2012-05-22,22.83069490993598,22.946034468760466,22.7832018459285,22.857831954956055,4275500
2012-05-23,22.810330370612277,22.864609616733272,22.633927997072863,22.79676055908203,6277500
2012-05-24,22.82389807175374,23.020656438483915,22.817114460704307,23.013870239257812,6473200
2012-05-25,23.02066227147068,23.088508751862634,22.946029590133136,22.99352264404297,2864500
2012-05-29,23.047795199498417,23.15635108947754,23.02065557995949,23.15635108947754,3345400
2012-05-30,23.04779420605949,23.08171743493265,22.918882312894432,22.96637535095215,3231600
2012-05-31,22.99351885372727,23.047798099635152,22.857823327134465,22.918886184692383,5125900
2012-06-01,22.701785426777494,22.749278495974163,22.477889898875794,22.49824333190918,14138900
2012-06-04,22.505011673412255,22.586430526645675,22.423595408355236,22.572860717773438,3855700
2012-06-05,22.525371446151983,22.57286449105555,22.43716896782671,22.545724868774414,4985100
2012-06-06,22.60000861550454,22.85782731400511,22.60000861550454,22.851043701171875,5551700
2012-06-07,23.02744115116237,23.02744115116237,22.884962018718134,22.93245506286621,4819500
2012-06-08,22.918879477013128,23.129207611083984,22.912095867348455,23.129207611083984,4117600
2012-06-11,23.23098861359428,23.23098861359428,22.993520775168776,23.020660400390625,5824500
2012-06-12,23.027435348880893,23.142777418589475,22.959588899529592,23.129207611083984,4685300
2012-06-13,23.081721326223054,23.237770275888668,23.04101189180628,23.095291137695312,5569400
2012-06-14,23.136004109872623,23.48881153703677,23.136004109872623,23.4141788482666,7900400
2012-06-15,23.51390952254551,23.541236017564838,23.418269395975862,23.452428817749023,6792300
2012-06-18,23.45925610191518,23.548065896233364,23.390942479207443,23.513906478881836,3234800
2012-06-19,23.548074557632088,23.595894632316107,23.4660950530321,23.49342155456543,14235400
2012-06-20,23.438765302931312,23.438765302931312,23.220158557265798,23.37044906616211,7006600
2012-06-21,23.384109288910146,23.42509902566987,23.083525703998387,23.09718894958496,7127800
2012-06-22,23.18599802261419,23.233818083057585,23.1518412088686,23.165504455566406,4075300
2012-06-25,23.07669934208861,23.097195519297173,22.96739595230364,23.022048950195312,5722100
2012-06-26,23.09036155208048,23.138181620083746,22.981058167216126,23.076698303222656,4592400
2012-06-27,23.151845995333147,23.25431906375327,23.076699425958175,23.213329315185547,3772500
2012-06-28,23.11085998693253,23.329466778025132,23.01521723558082,23.31580352783203,5746400
2012-06-29,23.568561776865558,23.75301170349121,23.486584900364573,23.75301170349121,8008000
2012-07-02,23.657374604687472,23.910138193048763,23.657374604687472,23.889644622802734,8832500
2012-07-03,23.903308910932477,24.005779372616225,23.834992663811615,23.99894905090332,2151900
2012-07-05,23.96478825780214,23.985281825542085,23.869145527687216,23.91013526916504,4472400
2012-07-06,23.794007188866026,23.903310585920313,23.76668068810282,23.882814407348633,3676700
2012-07-09,23.903304769137844,23.903304769137844,23.780338151625436,23.85548210144043,5359000
2012-07-10,23.944297731066577,23.985287482211387,23.828164011820764,23.882814407348633,5276700
2012-07-11,23.93063259049964,23.93063259049964,23.753015561565146,23.848655700683594,6852900
2012-07-12,23.807668743024358,23.94429864606296,23.766681596311827,23.869152069091797,6885100
2012-07-13,23.937466845989373,24.14924070692804,23.875983523717203,24.13558006286621,4999500
2012-07-16,24.074094706236746,24.121914774407617,23.992115212802453,24.012611389160156,3956200
2012-07-17,24.07409464649221,24.169734782596603,23.923801514900585,24.115081787109375,6212300
2012-07-18,24.108250661496065,24.149237800746025,24.067260916247935,24.12191390991211,4904100
2012-07-19,24.169738523864908,24.183401774851667,23.985288544541618,24.087759017944336,5982800
2012-07-20,23.971624398265128,24.026274794172437,23.86232100045195,23.937467575073242,6919600
2012-07-23,23.773504376140174,23.79400054899226,23.66420100958772,23.73251724243164,6449600
2012-07-24,23.780340055702997,23.780340055702997,23.534406800986453,23.657373428344727,3924200
2012-07-25,23.718854724404036,23.74617861238306,23.616381674989533,23.664201736450195,5133400
2012-07-26,23.875979487818572,24.094586239834236,23.875979487818572,24.05359649658203,5811600
2012-07-27,24.11507639727928,24.408829667372295,24.067256339915087,24.326852798461914,6313800
2012-07-30,24.32685105989435,24.463480902312238,24.272198080528195,24.449817657470703,5766800
2012-07-31,24.470312058153716,24.470312058153716,24.34051513671875,24.34051513671875,5052000
2012-08-01,24.44982217831719,24.44982217831719,24.16973212226988,24.217552185058594,8705500
2012-08-02,24.08775141729646,24.18339414402469,23.9237976691866,24.019437789916992,6016100
2012-08-03,24.251708210765063,24.463484629074646,24.251708210765063,24.422494888305664,7232300
2012-08-06,24.518134007614137,24.559123746706035,24.38833707615314,24.408830642700195,4097300
2012-08-07,24.504474560549838,24.504474560549838,24.279037475585938,24.279037475585938,6347800
2012-08-08,24.306357495630788,24.470311221734264,24.265367761106173,24.449817657470703,4813500
2012-08-09,24.41566731652467,24.429327958987674,24.320024577296383,24.34735107421875,3255000
2012-08-10,24.29952540079307,24.354178382027314,24.23121178024784,24.34051513671875,3044900
2012-08-13,24.340523571331403,24.347353893353773,24.258544071072045,24.333690643310547,4432300
2012-08-14,24.44299980111647,24.463495984013385,24.361022887526115,24.429336547851562,4092000
2012-08-15,24.4771564109773,24.511313237196045,24.395176900853766,24.442996978759766,2833400
2012-08-16,24.402007983685504,24.504478454589844,24.33369173041735,24.504478454589844,4111200
2012-08-17,24.497638795362693,24.545458851425224,24.46348198474626,24.524965286254883,4605400
2012-08-20,24.490805869640845,24.531795605979127,24.42932256813222,24.524965286254883,5377500
2012-08-21,24.55229467671361,24.593284422243364,24.361014409571137,24.374677658081055,6429800
2012-08-22,24.354184932579788,24.38834175203957,24.251711868202154,24.299531936645508,3998800
2012-08-23,24.29270344517973,24.306366695192583,24.094590228991052,24.108253479003906,5382400
2012-08-24,24.094577958206965,24.354174364248095,24.074084396623796,24.32001495361328,6677800
2012-08-27,24.35418128967285,24.40200135096326,24.299528301913586,24.35418128967285,3317500
2012-08-28,24.35418870487436,24.442995928025763,24.292705377924097,24.367849349975586,5877100
2012-08-29,24.367850397698966,24.42933372729277,24.313199996948242,24.313199996948242,3848700
2012-08-30,24.285865815900195,24.285865815900195,24.19705601100774,24.217552185058594,4805300
2012-08-31,24.320024440553684,24.40883425205294,24.224384307861328,24.224384307861328,8650900
2012-09-04,24.258545947174973,24.415672031824624,24.231222050973834,24.367849349975586,5943000
2012-09-05,24.381503175736274,24.401999347462127,24.292695986915728,24.326852798461914,4505000
2012-09-06,24.388333515389817,24.634266702038715,24.388333515389817,24.62743377685547,4791800
2012-09-07,24.579629727766466,24.641113064459006,24.381516464423928,24.429336547851562,6167600
2012-09-10,24.40200424194336,24.44299138162079,24.340520926429015,24.40200424194336,7045500
2012-09-11,24.395166421554283,24.408829667372295,24.32001987255407,24.326852798461914,4499700
2012-09-12,24.347352768883447,24.388342517120034,24.18339898793382,24.197059631347656,9593200
2012-09-13,24.19022038103405,24.66842350996275,24.19022038103405,24.62743377685547,9155900
2012-09-14,24.586459818476552,24.654773470914037,24.40200982969679,24.442996978759766,10535800
2012-09-17,24.44299052230432,24.56595714901,24.415666632146028,24.511306762695312,5369700
2012-09-18,24.524978733611306,24.68893255686719,24.470325721859986,24.647945404052734,4888200
2012-09-19,24.668427498568658,24.77773086519713,24.61377451225551,24.71624755859375,17987300
2012-09-20,24.688929789076838,24.86654945135726,24.668436214967073,24.852886199951172,7029000
2012-09-21,24.93199965091926,24.95263788271609,24.73936653137207,24.73936653137207,8846200
2012-09-24,24.684329876789807,24.85632213669755,24.60865286252742,24.821924209594727,6189300
2012-09-25,24.842565281996883,24.925120841363523,24.64305360783309,24.649934768676758,3766200
2012-09-26,24.64305360783309,24.760009722630247,24.629293910539666,24.649934768676758,4846200
2012-09-27,24.691198118160923,24.78063479085509,24.594882912671448,24.73247718811035,4990900
2012-09-28,24.636175071383335,24.69121123616312,24.526100117429845,24.649934768676758,5648600
2012-10-01,24.656808671816457,24.911356462927458,24.656808671816457,24.808162689208984,5443700
2012-10-02,24.86320767495,24.973282647317237,24.732494465387138,24.82880973815918,7288400
2012-10-03,24.85631093525639,25.007662271181403,24.780633955097663,24.904468536376953,8157500
2012-10-04,24.98703685470547,25.10399296336027,24.938879228904604,25.021434783935547,4704400
2012-10-05,25.090233398953934,25.172788954419747,25.0420757728994,25.11775016784668,4746500
2012-10-08,25.06270861712468,25.09710653914032,25.01455100142415,25.042070388793945,3024700
2012-10-09,24.97326745702804,25.055822979989493,24.794396719879426,24.8012752532959,6898800
2012-10-10,24.84255863122438,24.925114168489507,24.67744493230092,24.69808578491211,4800000
2012-10-11,24.821918806442962,24.83567587477461,24.636166891249214,24.64304542541504,4780500
2012-10-12,24.71873126495105,24.80128682643579,24.62929454244609,24.663692474365234,3637800
2012-10-15,24.71873476579194,24.842569437754378,24.65681742981072,24.82880973815918,3933300
2012-10-16,24.89072036743164,24.931999455094747,24.808164816499076,24.89072036743164,4171800
2012-10-17,24.911360553637977,25.083352829138477,24.911360553637977,25.000797271728516,5464500
2012-10-18,24.93200153388086,24.93888007020141,24.808166884960077,24.863203048706055,7520100
2012-10-19,24.84943854204596,24.870079395800282,24.52609490968627,24.567371368408203,4963800
2012-10-22,24.539853802612228,24.601771119688024,24.40914063296046,24.581132888793945,5963700
2012-10-23,24.409140457249748,24.429778687995263,24.175230886024284,24.25090789794922,5008200
2012-10-24,24.264667593244074,24.367861371365183,24.209628812064654,24.25090789794922,4127600
2012-10-25,24.4091326378614,24.484809625543452,24.305938892798082,24.402254104614258,5155400
2012-10-26,24.41601234954775,24.41601234954775,24.237139003002834,24.31969451904297,4537900
2012-10-31,24.498573468176986,24.567369309877957,24.25090423902447,24.347219467163086,10607600
2012-11-01,24.395380821021114,24.491696063924763,24.340344664101977,24.36098289489746,4944200
2012-11-02,24.443539191593768,24.49857797459322,24.195869916883474,24.216510772705078,4617800
2012-11-05,24.133945949853857,24.230261158703044,24.065147497538284,24.175222396850586,9441200
2012-11-06,24.216510663244467,24.4297793854193,24.2027509675568,24.35410499572754,3443400
2012-11-07,24.216507128023732,24.292184131061475,23.948199662266802,24.065153121948242,6083400
2012-11-08,24.04451499272505,24.12019199607469,23.796845754269206,23.80372428894043,7502200
2012-11-09,23.734928444655246,23.97571652404663,23.707409057183877,23.80372428894043,6354300
2012-11-12,23.80372428894043,23.879401292290076,23.762447832126615,23.80372428894043,3303200
2012-11-13,23.714291483207823,23.975717804973073,23.714291483207823,23.789968490600586,4295500
2012-11-14,23.838126223691372,23.85876445330015,23.487260573981832,23.528539657592773,8883900
2012-11-15,23.46662369415405,23.54917924173107,23.363427291387612,23.52165985107422,6756700
2012-11-16,23.466619726195592,23.700529258440138,23.445981498889427,23.673009872436523,7026400
2012-11-19,23.79684817138136,24.06515566549685,23.79684817138136,24.058277130126953,8628300
2012-11-20,24.07202690796152,24.154582420356203,23.948192327173278,24.147701263427734,5457900
2012-11-21,24.216502025470763,24.216502025470763,24.092667432845868,24.182104110717773,3737000
2012-11-23,24.237146737328697,24.54673330176216,24.237146737328697,24.539852142333984,3058300
2012-11-26,24.422900211677455,24.436659907005623,24.292187042650152,24.36098289489746,4365100
2012-11-27,24.388493449952282,24.491687190937633,24.319694998236127,24.340335845947266,3345100
2012-11-28,24.326581938656442,24.58801086854102,24.257783470585128,24.574251174926758,6404400
2012-11-29,24.560488945291162,24.739359695020656,24.553607786997944,24.7049617767334,14167900
2012-11-30,24.69121427536041,24.81504894184991,24.656816340089822,24.794410705566406,5690600
2012-12-03,24.773760163175766,24.84255863122438,24.684326091302385,24.69808578491211,8409400
2012-12-04,24.656813305126516,24.732490328043397,24.601774515952812,24.649934768676758,5125200
2012-12-05,24.643046456689703,24.801278993055867,24.567369455733463,24.691204071044922,6201900
2012-12-06,24.74623695512519,24.77375371078461,24.67743850499532,24.718717575073242,4850100
2012-12-07,24.815043352246104,24.897598903178668,24.74624749720124,24.89072036743164,4591500
2012-12-10,24.83568365463613,24.93200153388086,24.83568365463613,24.863203048706055,7959100
2012-12-11,24.95263585668122,25.07647048619475,24.842560922046243,24.8769588470459,4862100
2012-12-12,24.95951591800603,24.966397078062762,24.80128335381814,24.821924209594727,4649300
2012-12-13,24.89758926693011,24.925108648054543,24.72559707149138,24.780635833740234,4965200
2012-12-14,24.718728299575243,24.835681778948832,24.71184713938052,24.73936653137207,2437100
2012-12-17,24.794410705566406,24.849446877120496,24.71185251164391,24.794410705566406,6632800
2012-12-18,24.746246807534217,24.856321747174448,24.615531012440865,24.78752326965332,8219000
2012-12-19,24.821921942234876,24.835679012304475,24.539852142333984,24.539852142333984,16482200
2012-12-20,24.581136828601377,24.691211785001624,24.512340964998966,24.677452087402344,5870700
2012-12-21,24.474304557699842,24.64822656129132,24.30733826656279,24.46734619140625,8263800
2012-12-24,24.383864997785857,24.41169315599521,24.342125414311063,24.390823364257812,4714600
2012-12-26,24.38386765036438,24.4047400982116,24.140377874142803,24.182117462158203,11087600
2012-12-27,24.182123257175146,24.27952184484395,24.042987725328604,24.223865509033203,6488000
2012-12-28,24.091679529294883,24.21690359899504,23.966455459594727,23.966455459594727,15265500
2012-12-31,23.917759961580327,24.279518127441406,23.8829760839444,24.279518127441406,17879100
2013-01-02,24.62735838732634,24.912590385793504,24.550832276106483,24.90563201904297,10813900
2013-01-03,24.870847644234765,24.919545595147103,24.77345174241009,24.843019485473633,6537300
2013-01-04,24.81519527040993,24.954333432488514,24.81519527040993,24.912593841552734,5942500
2013-01-07,24.877806238249924,24.898678686657775,24.676058698464367,24.74562644958496,3029900
2013-01-08,24.73170383708737,24.73170383708737,24.63430795758061,24.676050186157227,4506100
2013-01-09,24.738670708716732,24.78736866521534,24.683014384809983,24.731712341308594,4310400
2013-01-10,24.80823986221088,24.891721698950775,24.752586188997526,24.8778076171875,4083300
2013-01-11,24.9056348351308,24.989116668701172,24.877806672660796,24.989116668701172,3021900
2013-01-14,24.982159574241905,25.086513850816946,24.96824549377593,25.065641403198242,5080900
2013-01-15,25.016943972068866,25.163037839259943,24.96129030287969,25.142168045043945,4265900
2013-01-16,25.07956699841049,25.16304886569574,25.058697195049355,25.10739517211914,3322600
2013-01-17,25.218692892420293,25.350872672198374,25.156080859085534,25.274349212646484,6186500
2013-01-18,25.323054203887747,25.378707885742188,25.21174418633871,25.378707885742188,5659500
2013-01-22,25.357828199814364,25.399567781470985,25.274346382662003,25.385656356811523,3817600
2013-01-23,25.371752170700443,25.39262196966584,25.316095835005846,25.378707885742188,3602400
2013-01-24,25.392610672099988,25.490006562392438,25.378696594366925,25.448266983032227,4569000
2013-01-25,25.54566654454489,25.594364496689597,25.496968592400183,25.5734920501709,3930800
2013-01-28,25.573489814217364,25.63610184062043,25.503922075475792,25.594362258911133,5114700
2013-01-29,25.58044732227342,25.775239107286637,25.559577532118873,25.73349952697754,4868900
2013-01-30,25.719589536604868,25.782201570858632,25.656977502351108,25.684803009033203,4374500
2013-01-31,25.705675012097853,25.74741459831938,25.64306297892615,25.6500186920166,4374900
2013-02-01,25.82393691140647,25.893507301270443,25.72654101943592,25.858720779418945,4855400
2013-02-04,25.775249988753956,25.775249988753956,25.594372205429433,25.61524200439453,4501000
2013-02-05,25.76133297621352,25.990911354091104,25.754377261962617,25.921340942382812,7608700
2013-02-06,25.851770977665158,25.963080973056538,25.810028734203527,25.956125259399414,2893700
2013-02-07,25.935246981524642,26.11612734203061,25.921332903498104,26.09525489807129,8721400
2013-02-08,26.13004291196356,26.206566364720118,26.04655843903775,26.074386596679688,7203800
2013-02-11,26.109170466812518,26.109170466812518,26.025688647725886,26.074386596679688,2957700
2013-02-12,26.10221087243643,26.10221087243643,26.00481498901341,26.046554565429688,3308400
2013-02-13,26.095256387991547,26.095256387991547,25.997860490083948,26.074386596679688,3165800
2013-02-14,26.150914730063132,26.22048247572054,26.10221677733507,26.13004493713379,7964100
2013-02-15,26.088297435014233,26.22047718663632,26.039599492109314,26.164823532104492,5690500
2013-02-19,26.234402800282144,26.436153026087045,26.227447085596467,26.429197311401367,8140800
2013-02-20,26.457013545922642,26.526583937582263,26.373531729770182,26.3804874420166,10454300
2013-02-21,26.359615930568978,26.51962384018147,26.297003909082445,26.463970184326172,9752400
2013-02-22,26.51963136694611,26.617027282714844,26.450063613922637,26.617027282714844,6182400
2013-02-25,26.70746567597987,26.7492079172708,26.24135592384215,26.25527000427246,7873900
2013-02-26,26.317880630493164,26.408318167689835,26.206567993009244,26.317880630493164,7656600
2013-02-27,26.35265880126485,26.58919279706425,26.23439047644577,26.512666702270508,6405800
2013-02-28,26.540508196442023,26.672688010538803,26.484851861765417,26.49876594543457,8069700
2013-03-01,26.366573420411697,26.610063132638878,26.35961505501159,26.58919334411621,6584800
2013-03-04,26.5405033688285,26.79094886779785,26.519630920201337,26.79094886779785,5105800
2013-03-05,26.88139533996582,26.930093308391537,26.811827571883438,26.88139533996582,8253900
2013-03-06,26.90225509093762,26.943997328499393,26.790945111278806,26.81877326965332,5795700
2013-03-07,26.88834366558961,26.88834366558961,26.797903477792058,26.81877326965332,3375900
2013-03-08,26.90225938624579,26.909217753870042,26.756165512212604,26.867475509643555,5178500
2013-03-11,26.909221624303687,26.94400550590899,26.86747937407329,26.895307540893555,3624300
2013-03-12,26.888347958676636,26.909217753870042,26.825735919256744,26.867475509643555,5323300
2013-03-13,26.923128156820354,26.95791202867013,26.832687966939485,26.937042236328125,4113000
2013-03-14,26.971827412219024,27.055309239462552,26.916171091497045,27.027481079101562,4250900
2013-03-15,26.979232260382247,26.979232260382247,26.853389554472038,26.909320831298828,9104400
2013-03-18,26.76250664647767,26.937287912804095,26.706578028067465,26.825428009033203,5045300
2013-03-19,26.85339249578664,27.063129472959947,26.85339249578664,27.04914665222168,8304900
2013-03-20,27.140049070069693,27.356778914197665,27.140049070069693,27.30784034729004,6377100
2013-03-21,27.25889256694662,27.363759746181607,27.20296127112718,27.223934173583984,5588600
2013-03-22,27.34278933786265,27.496597748445136,27.286858036941307,27.475622177124023,6132500
2013-03-25,27.517562704048427,27.60844970831624,27.36375433789527,27.454641342163086,6281900
2013-03-26,27.559511396129807,27.727302601102686,27.531548417759932,27.713319778442383,7227800
2013-03-27,27.650401914275914,27.69235038757324,27.538541985767445,27.692350387573242,5357900
2013-03-28,27.71332933971451,27.82518929263857,27.6084621340085,27.804216384887695,5040400
2013-04-01,27.776243158992827,27.825181708373524,27.699338962265752,27.790225982666016,5370100
2013-04-02,27.874126735251483,28.12581228595468,27.86014390832891,28.090856552124023,8043900
2013-04-03,28.15376137428035,28.15376137428035,27.720304662530374,27.783226013183594,11956200
2013-04-04,27.83917048579719,27.97899608548158,27.797222005806425,27.930057525634766,8889800
2013-04-05,27.6923525429891,27.769256749877787,27.615448336100414,27.72730827331543,8528000
2013-04-08,27.727305206811895,28.041912078857422,27.62942810594239,28.041912078857422,9479100
2013-04-09,28.090844994113283,28.11881063645193,27.91606372992241,28.013940811157227,6614500
2013-04-10,28.08385114229116,28.265625143371874,28.048895424221893,28.223676681518555,7325700
2013-04-11,28.28660367473422,28.461384966842488,28.230675048074023,28.356517791748047,5973200
2013-04-12,28.251644917601666,28.475364734133507,28.24465484012593,28.461381912231445,5782900
2013-04-15,28.412447324268683,28.46837861966298,28.006956100463867,28.006956100463867,11247900
2013-04-16,28.209709410232154,28.545291956132797,28.167763592208427,28.531309127807617,10341100
2013-04-17,28.41244858824548,28.482362710598597,28.188728730617647,28.286605834960938,9761800
2013-04-18,28.244649933730912,28.37049264203868,28.14677019741922,28.230667114257812,10303600
2013-04-19,28.272624231690532,28.706083808149387,28.272624231690532,28.671125411987305,11227600
2013-04-22,28.71306409876434,28.796958353660692,28.531292768663874,28.741029739379883,5972300
2013-04-23,28.817951752387533,28.97175753705944,28.59423182290846,28.964767456054688,13184200
2013-04-24,28.838921532604434,28.92281583031646,28.475376019916798,28.503341674804688,30015500
2013-04-25,28.566253562178634,28.671120732696387,28.496339448216048,28.594219207763672,12200800
2013-04-26,28.524315013446383,28.671130703398465,28.524315013446383,28.587236404418945,9481800
2013-04-29,28.671125006161283,28.713073480791305,28.566257820012954,28.678117752075195,6696000
2013-04-30,28.650158038360065,28.685113774318665,28.50334234716291,28.6221923828125,11354900
2013-05-01,28.587226462892037,28.803956215749928,28.552270739386117,28.594219207763672,7556600
2013-05-02,28.601213849427005,28.796968065856195,28.50333674121241,28.6990909576416,9194000
2013-05-03,28.852899656065865,28.922811114936053,28.734046975645096,28.824934005737305,12843400
2013-05-06,28.80396996212901,28.80396996212901,28.580250024582345,28.615205764770508,14530800
2013-05-07,28.67112708888675,28.83891833264436,28.622188531738978,28.831928253173828,8152200
2013-05-08,28.824931944377145,28.873870495476773,28.762010569113198,28.866880416870117,6623300
2013-05-09,28.845902530184702,28.908823900394676,28.594219716295612,28.66413116455078,12872500
2013-05-10,28.60820212441596,28.79696624990534,28.60820212441596,28.77599334716797,8304700
2013-05-13,28.748029800809377,28.929803860993793,28.699091246210003,28.824934005737305,7821600
2013-05-14,28.810957441877704,29.174502974302403,28.810957441877704,29.167512893676758,7373100
2013-05-15,29.153527045716714,29.503089713730223,29.125561392207274,29.454151153564453,11728700
2013-05-16,29.384236552814638,29.44016785894466,29.23043079486001,29.279369354248047,9313100
2013-05-17,29.286369557185665,29.342300882648946,29.111588165541487,29.321325302124023,9368100
2013-05-20,29.300332484668633,29.328298128403052,28.999708481900058,29.020681381225586,9866600
2013-05-21,29.104585858244313,29.132548842277995,28.852900333282307,29.048654556274414,10408400
2013-05-22,29.0696318439918,29.37724602213114,28.901840595128526,28.999717712402344,16899000
2013-05-23,28.76201431698603,28.97874411934779,28.699092933523023,28.88086700439453,12831900
2013-05-24,28.887854158520174,29.16750531602545,28.887854158520174,29.153522491455078,16015800
2013-05-28,29.405202438126146,29.49608678021709,29.111568511588352,29.202455520629883,15727400
2013-05-29,29.034668265592014,29.062633913239356,28.587228571038324,28.643159866333008,21414900
2013-05-30,28.67812482479427,28.776001956118705,28.51732629948244,28.531309127807617,15949200
2013-05-31,28.468375153241507,28.468375153241507,27.98597712353274,27.99995994567871,33824800
2013-06-03,28.06988394361434,28.3145767499817,27.74129417481968,28.307586669921875,39020500
2013-06-04,28.412459968252936,28.51033711179884,28.11183578910358,28.31458282470703,12962800
2013-06-05,28.23067261021109,28.25863558765101,27.965004322402095,27.971994400024414,17077900
2013-06-06,27.95802369678691,28.09784663210954,27.75527670683694,28.090856552124023,12352700
2013-06-07,28.237671260451087,28.559268267723546,28.237671260451087,28.440418243408203,18700800
2013-06-10,28.559268267723546,28.559268267723546,28.307585392652566,28.440418243408203,11190300
2013-06-11,28.27961924980957,28.566260519490772,28.188732212998048,28.370506286621094,20334000
2013-06-12,28.475359787661745,28.594212419708025,28.230667114257812,28.230667114257812,14908400
2013-06-13,28.293587865221067,29.27935394798299,28.11880662595867,28.5242977142334,13048700
2013-06-14,28.47536246985365,28.68509944780574,28.3774853912727,28.454389572143555,8453300
2013-06-17,28.54526774267682,28.82491607111391,28.510309368041334,28.706066131591797,9877200
2013-06-18,28.706066940758635,28.845889775443737,28.615179964653624,28.81093406677246,8441200
2013-06-19,28.810939817880758,28.873861172828974,28.23765754699707,28.23765754699707,25795200
2013-06-20,27.99996998231938,28.160768494210615,27.335800360541445,27.38473892211914,32296500
2013-06-21,27.591611470702517,27.887161886927327,27.47198577476295,27.746423721313477,22743500
2013-06-24,27.549393009840202,27.90123709586954,27.352358496300777,27.633834838867188,24973100
2013-06-25,27.75347082504689,27.7816190066067,27.528290741285083,27.676067352294922,13004400
2013-06-26,27.844946404449665,28.070126450457753,27.844946404449665,27.964574813842773,18133100
2013-06-27,28.140492944543375,28.35159887251378,28.077160897716503,28.091232299804688,10033600
2013-06-28,28.034942128204275,28.175680325822984,27.89420393058557,27.915313720703125,11033300
2013-07-01,28.084200886318065,28.3234550237063,27.781614692434186,28.119384765625,11795300
2013-07-02,28.10530404019054,28.30937425008231,28.056046083921114,28.15456199645996,5441200
2013-07-03,28.063088447621354,28.161604374128142,27.90124047059482,28.0982723236084,3985400
2013-07-05,28.161621597099234,28.288285775603494,27.901257534333507,28.168657302856445,10602600
2013-07-08,28.203834852581707,28.47827292333373,28.203834852581707,28.450124740600586,7611700
2013-07-09,28.640116481004508,28.724558331676544,28.59085851108265,28.661226272583008,8937800
2013-07-10,28.661225345851324,28.82307333955538,28.619003079701503,28.696409225463867,7701700
2013-07-11,28.9989965664753,29.188992745111122,28.970848387931166,29.146770477294922,12282200
2013-07-12,29.097514140849324,29.18195868122329,29.048256167810276,29.153810501098633,5566100
2013-07-15,29.203065365188984,29.203065365188984,29.125659220265913,29.196029663085938,7076000
2013-07-16,28.942720156922878,29.146787862190955,28.942720156922878,29.09049415588379,10156700
2013-07-17,29.139734774837915,29.231215012927322,29.11158659629378,29.146770477294922,9365500
2013-07-18,29.139736422894273,29.35084240519869,29.097514152690106,29.245290756225586,7136100
2013-07-19,29.252327021213826,29.41417503356934,29.21714313754667,29.414175033569336,8352700
2013-07-22,29.44232176272799,29.449357465371254,29.308621937640957,29.350841522216797,7887600
2013-07-23,29.378997540102198,29.386033244622656,29.25937177274253,29.2945556640625,6122500
2013-07-24,29.371961346123815,29.371961346123815,29.041226867638038,29.10455894470215,8262900
2013-07-25,29.048248839077548,29.28750294105806,29.027139051489055,29.259357452392578,4720600
2013-07-26,29.146774063217013,29.238254312561217,28.865300296220173,29.224180221557617,6073200
2013-07-29,29.18195727911465,29.231215249786988,29.09047704028398,29.160844802856445,7493000
2013-07-30,29.210095783600096,29.329724172576103,29.07639599296332,29.132692337036133,5733600
2013-07-31,29.13973975635092,29.280477988773093,29.090481777656933,29.12566566467285,6735500
2013-08-01,29.27343370512549,29.414171909203183,29.27343370512549,29.364913940429688,6207700
2013-08-02,29.280472327650436,29.393062354948178,29.160843913695214,29.37898826599121,3956400
2013-08-05,29.37195521191423,29.44935868161938,29.308623148076755,29.400100708007812,5010300
2013-08-06,29.38602373151605,29.407136206960384,29.259362300639893,29.364913940429688,3148600
2013-08-07,29.266402494568418,29.294550676575618,29.174922245224213,29.224180221557617,5987100
2013-08-08,29.30862050556437,29.41417214620463,29.21714026952308,29.37898826599121,2915000
2013-08-09,29.32267943703716,29.364901685947782,29.17490559238525,29.25231170654297,4266300
2013-08-12,29.139734740800268,29.203066800271564,29.03418041356209,29.167882919311523,4208600
2013-08-13,29.23825333601634,29.25232742654987,29.04122143726349,29.188995361328125,4178500
2013-08-14,29.174910907841525,29.203059078910336,28.97084069412868,28.984914779663086,4871500
2013-08-15,28.766777431159987,28.77381313279198,28.49937513506269,28.520484924316406,8854300
2013-08-16,28.471232108901173,28.52049008230675,28.239016332040347,28.351606369018555,8607300
2013-08-19,28.33754469139799,28.33754469139799,28.217916214756908,28.22495460510254,5126600
2013-08-20,28.28123543533314,28.39382547038908,28.189757877346437,28.231977462768555,7174100
2013-08-21,28.1545733551034,28.267163398336294,27.98568963243324,28.013837814331055,7899700
2013-08-22,28.020867166125814,28.19678923657329,28.006793078367085,28.13345718383789,5501900
2013-08-23,28.20382770790352,28.330489129399513,28.15456705842015,28.295305252075195,3352900
2013-08-26,28.30234488285491,28.33752876172657,27.964574813842773,27.964574813842773,17412500
2013-08-27,27.753467105974696,27.894205310555947,27.725321612544832,27.81679916381836,11462400
2013-08-28,27.753473479972275,27.760511868214696,27.5845897431745,27.60569953918457,18628600
2013-08-29,27.500148606117865,27.83791877305471,27.47903612518773,27.718290328979492,7455000
2013-08-30,27.802734375,27.851995044785525,27.690144310544973,27.802734375,8672400
2013-09-03,27.92939971018878,28.027918369553184,27.725332055259994,27.781625747680664,15164200
2013-09-04,27.767538634030313,28.027905228018824,27.718280669623347,27.957534790039062,6468800
2013-09-05,27.99975824988906,28.02086804000662,27.887168228665665,27.915313720703125,4525100
2013-09-06,28.013827798298593,28.112343715359312,27.718277362759025,27.985679626464844,6976700
2013-09-09,27.999754799622757,28.210860727858396,27.99271641421231,28.18271255493164,10347600
2013-09-10,28.26013254208561,28.31642891553693,28.112358588314134,28.210874557495117,6501800
2013-09-11,28.15456566606566,28.42196795235037,28.15456566606566,28.414932250976562,6812300
2013-09-12,28.42197036743164,28.506412212880797,28.393822190829297,28.42197036743164,7002900
2013-09-13,28.48530747297455,28.67530367218936,28.48530747297455,28.654193878173828,5063200
2013-09-16,28.893442898349132,29.00603292027625,28.858256335456144,28.914552688598633,8178900
2013-09-17,28.907515614886762,29.041215420718927,28.907515614886762,29.0130672454834,5344500
2013-09-18,28.99196701508333,29.378995156925598,28.84419307291133,29.357885360717773,12763900
2013-09-19,29.40714072024603,29.442324605575834,29.160848154220613,29.224180221557617,6148500
2013-09-20,29.21780543306802,29.21780543306802,28.99828413592363,29.019527435302734,7279100
2013-09-23,28.991204056748913,28.991204056748913,28.8283324425427,28.892065048217773,5586800
2013-09-24,28.892058426817126,28.941627919722496,28.715023751773717,28.75751304626465,6855000
2013-09-25,28.74334877232678,28.792918263204466,28.467175122769774,28.51674461364746,8234700
2013-09-26,28.552150878324042,28.66545295715332,28.50258138766965,28.66545295715332,4560300
2013-09-27,28.566318090714784,28.566318090714784,28.360957199088183,28.488422393798828,4453400
2013-09-30,28.29013413470563,28.403436188732623,28.134342797418245,28.18391227722168,8120800
2013-10-01,28.169760421655422,28.368041121311,28.141436922849017,28.353878021240234,7152300
2013-10-02,28.268896061077534,28.297222257852514,28.028131492494616,28.290142059326172,5827400
2013-10-03,28.247647039184447,28.275973230218533,28.063532200131426,28.148508071899414,9686800
2013-10-04,28.155598511794434,28.297226817153945,28.07770551011518,28.191007614135742,5713900
2013-10-07,28.028138531335472,28.240579657829578,28.013975429391134,28.09895133972168,5438900
2013-10-08,28.14852084585912,28.283066262327107,28.070625135833,28.09895133972168,9532300
2013-10-09,28.134354674495842,28.261819876753126,28.0281354735049,28.12019157409668,8706800
2013-10-10,28.30430079581904,28.658370096937276,28.30430079581904,28.644207000732422,6104900
2013-10-11,28.622961324967648,28.736266095870096,28.559231443336646,28.729183197021484,5451800
2013-10-14,28.57339676072577,28.856653334109883,28.54507326445527,28.849573135375977,6808200
2013-10-15,28.807078873238787,28.83540506596134,28.55214854140464,28.587554931640625,7792900
2013-10-16,28.6937805856862,29.026606640708522,28.6937805856862,29.01244354248047,7034800
2013-10-17,28.92038808753083,29.345270277997933,28.92038808753083,29.33819007873535,8498700
2013-10-18,29.38067436218262,29.423160953174584,29.281532680087242,29.380674362182617,5861400
2013-10-21,29.33817978458893,29.394829462817665,29.19655153701589,29.316936492919922,3646400
2013-10-22,29.387748524079733,29.763061074538665,29.37358542954659,29.685165405273438,9404700
2013-10-23,29.614367519619655,29.805565339921614,29.600204417967426,29.741832733154297,8809800
2013-10-24,29.79847016153855,29.79847016153855,29.64267882300809,29.685165405273438,7754800
2013-10-25,29.692248869365187,29.78430763491889,29.600190103811485,29.7559814453125,4301900
2013-10-28,29.848041323484296,30.23751699042084,29.805552037490877,30.145458221435547,33007100
2013-10-29,30.20919844303676,30.4074764251709,30.124222550884262,30.4074764251709,15133400
2013-10-30,30.44287782072102,30.44287782072102,30.067562547781392,30.145458221435547,11872100
2013-10-31,30.088815304102667,30.159628095339777,29.94718702029362,29.989673614501953,11588100
2013-11-01,29.99675665797295,30.145465141083402,29.933024065020632,30.102975845336914,9055000
2013-11-04,30.17378926536173,30.251684951544917,30.025080792467286,30.13129997253418,5305500
2013-11-05,30.102971554895973,30.280006209938804,30.01091547923451,30.187950134277344,6804500
2013-11-06,30.343738400608977,30.520773053357768,30.202112839477483,30.51369285583496,7356400
2013-11-07,30.492460393031262,30.506623494442113,30.00384284903078,30.067575454711914,11993800
2013-11-08,30.07464110189465,30.216266632080078,29.833873918712047,30.216266632080078,15162000
2013-11-11,30.202113668622008,30.258763354362934,30.09589179352283,30.124217987060547,7981900
2013-11-12,30.053406895912115,30.195035182966997,30.025083399569052,30.173791885375977,5657100
2013-11-13,30.067577651956228,30.44289311343217,30.039251447064537,30.428730010986328,7651500
2013-11-14,30.442880985428104,30.683648228418118,30.421634989555642,30.648239135742188,5891500
2013-11-15,30.634084489350986,30.75446949472145,30.556191487446863,30.683656692504883,3054000
2013-11-18,30.77570766456712,30.77570766456712,30.527860196792002,30.59159278869629,3924900
2013-11-19,30.549103347935084,30.58450974297196,30.428721064542742,30.478290557861328,7013200
2013-11-20,30.513705516770724,30.591601228514673,30.25877507882164,30.350833892822266,7392100
2013-11-21,30.350826730847533,30.428722424210203,30.280011236274696,30.4074764251709,6777800
2013-11-22,30.45705627095289,30.584521503165714,30.350837044999416,30.563278198242188,5443000
2013-11-25,30.662401315823686,30.690727508583755,30.47120356669486,30.51369285583496,4447200
2013-11-26,30.54911469535179,30.627010414168023,30.43581256834703,30.485382080078125,3854300
2013-11-27,30.58451340497815,30.58451340497815,30.421641807239414,30.506620407104492,3257000
2013-11-29,30.570348600958408,30.641164096898596,30.421640111486447,30.457046508789062,2642100
2013-12-02,30.471214633427238,30.478297534856882,30.223367110097836,30.294179916381836,5041700
2013-12-03,30.258759283903068,30.457037209325378,30.258759283903068,30.4428768157959,6124800
2013-12-04,30.364992020547977,30.44996791883135,30.131304923599817,30.372072219848633,8093100
2013-12-05,30.26584449518465,30.301250884382682,30.053400757327772,30.095890045166016,6060000
2013-12-06,30.329585709388244,30.54202680638072,30.280013508799396,30.506620407104492,7108600
2013-12-09,30.63407822647483,30.719056813363864,30.556185240495264,30.612834930419922,5513100
2013-12-10,30.549111921744643,30.584518326718563,30.26585798061775,30.350833892822266,3341900
2013-12-11,30.343742047368558,30.5420227191843,30.343742047368558,30.400394439697266,21705800
2013-12-12,30.393316456558292,30.393316456558292,29.95427115032768,29.98259735107422,9662500
2013-12-13,30.074653650721928,30.074653650721928,29.840966566007747,29.933025360107422,5929000
2013-12-16,29.98967788370245,30.110062887544814,29.86221268026239,29.925945281982422,5893100
2013-12-17,29.89762676779912,29.940113375140466,29.713509131534412,29.784324645996094,7247300
2013-12-18,29.819712288294784,30.294163780625617,29.52229271738041,30.280000686645508,11754200
2013-12-19,30.20212248300559,30.258772185279533,30.046331074415487,30.223365783691406,5698800
2013-12-20,30.217652355547102,30.438845131588746,30.174842782156556,30.3603572845459,11007300
2013-12-23,30.431714902358895,30.460253714219036,30.22479286561767,30.331819534301758,6601700
2013-12-24,30.33181767639169,30.438847060390394,30.281871356357712,30.374629974365234,5915300
2013-12-26,30.39602675300739,30.495922088623047,30.35321718818455,30.495922088623047,15154600
2013-12-27,30.545878840640317,30.62436397694333,30.51020056192834,30.567283630371094,3590500
2013-12-30,30.567285072084534,30.667177724700295,30.56015104912797,30.64577293395996,3245700
2013-12-31,30.6957015532829,30.731377091227376,30.54586266079465,30.667160034179688,6516500
2014-01-02,30.574404705889627,30.588675466957188,30.239051347344702,30.288997650146484,14997000
2014-01-03,30.353224203067384,30.403170521483432,30.21051926964859,30.231924057006836,6298600
2014-01-06,30.310410950347553,30.346086502109323,30.0464086010663,30.117759704589844,9498600
2014-01-07,30.274747307986793,30.35323518586012,30.139179069214535,30.28188133239746,7479100
2014-01-08,30.274724341861234,30.274724341861234,29.989314588262186,30.053531646728516,23824100
2014-01-09,30.132014818282446,30.253314897510062,30.01071746092354,30.21050262451172,24438600
2014-01-10,30.289013420416474,30.360364541034574,30.139174433995993,30.253337860107422,15903800
2014-01-13,30.25332536307997,30.353217979430035,30.046403388143606,30.08207893371582,9275100
2014-01-14,30.160571602278768,30.28900576442435,30.103488542716246,30.239059448242188,10885000
2014-01-15,30.274730643105876,30.35321847777517,30.174838025115754,30.24618911743164,4384200
2014-01-16,30.16057922580727,30.29614744372997,30.096362128502665,30.253337860107422,6522100
2014-01-17,30.21765139577421,30.23905890365967,29.989324605376304,30.017866134643555,8233800
2014-01-21,30.10348514580268,30.210514509470038,29.93224143017865,30.13202667236328,5618400
2014-01-22,30.153431456348837,30.23905603603064,30.096351125097424,30.13202667236328,3615300
2014-01-23,30.025000502731885,30.025000502731885,29.760995460699327,29.868024826049805,8916700
2014-01-24,29.82522398523309,29.953658184210735,29.568355587277804,29.59689712524414,18509700
2014-01-27,29.611156012986775,29.64683156019473,29.425641534383537,29.475587844848633,8451500
2014-01-28,29.525530392460684,29.760991151520944,29.51125963102227,29.70391082763672,5022200
2014-01-29,29.51126575654467,29.554075327876273,29.104558497674446,29.183046340942383,36942400
2014-01-30,29.29007959640088,29.340025922131236,29.1759161773214,29.225862503051758,19016600
2014-01-31,28.890500455038893,29.282936922064756,28.7692003270521,29.083148956298828,21959500
2014-02-03,29.04747924569799,29.125967099248935,28.419581861031155,28.455257415771484,41150000
2014-02-04,28.569413641850396,28.66216951648281,28.50519657071352,28.60508918762207,11694000
2014-02-05,28.533743284526665,28.676445493561683,28.462389458138986,28.62649917602539,9453300
2014-02-06,28.754934784982016,28.968990831149068,28.74066401898817,28.93331527709961,12794100
2014-02-07,29.040342799047426,29.225857301331576,28.968988973653424,29.204452514648438,6986300
2014-02-10,29.18305057574147,29.340023563185948,29.133104254026808,29.318618774414062,5645800
2014-02-11,29.361422544341625,29.67537114989898,29.247259167605353,29.661100387573242,9688100
2014-02-12,29.725324133946025,29.725324133946025,29.43278024523186,29.532672882080078,8852500
2014-02-13,29.318617283357785,29.696783049070813,29.275804986120924,29.682512283325195,5708600
2014-02-14,29.618282959485853,29.932234232417475,29.532661122263196,29.85374641418457,7234700
2014-02-18,29.818083196973454,29.846624728464693,29.57548562303843,29.682512283325195,7130400
2014-02-19,29.646837201500926,29.74672984143904,29.504132263644916,29.618295669555664,6085300
2014-02-20,29.57547756912588,29.83947985885183,29.52553126355258,29.746721267700195,6793100
2014-02-21,29.78240764354453,29.882300281893613,29.67537826138751,29.682512283325195,5702300
2014-02-24,29.703911765647423,29.9893188378202,29.69677502376813,29.789533615112305,3302300
2014-02-25,29.782402469916633,30.046404785673996,29.782402469916633,29.90369987487793,6304200
2014-02-26,29.96791691011518,30.05353876773483,29.81807797881335,29.875158309936523,4877300
2014-02-27,29.832354068458343,30.01073455810547,29.818083302662142,30.01073455810547,4172400
2014-02-28,30.003606704649776,30.338962995554375,29.982201910548145,30.217662811279297,5404800
2014-03-03,29.97504382839532,30.124885446062844,29.875151231196394,30.053531646728516,8829800
2014-03-04,30.25332587587231,30.524462204312616,30.25332587587231,30.46024513244629,7275500
2014-03-05,30.431711109980363,30.474520683370912,30.35322326293752,30.3603572845459,8090900
2014-03-06,30.4174427951367,30.438847583556214,30.353225708007812,30.353225708007812,6145900
2014-03-07,30.46025710192397,30.467393847085585,30.310418115979292,30.438852310180664,4123200
2014-03-10,30.353230449268104,30.474527898419478,30.353230449268104,30.46739387512207,4901200
2014-03-11,30.545872160908083,30.574410967018114,30.388896478888274,30.453113555908203,10017400
2014-03-12,30.310419544264445,30.531612382894455,30.310419544264445,30.51734161376953,5203700
2014-03-13,30.538724896832765,30.660024988022514,30.317534935866906,30.367481231689453,9738900
2014-03-14,30.25332550141173,30.517327806096844,30.24618875914286,30.381759643554688,5299600
2014-03-17,30.48165277467734,30.602950176598075,30.431706465431187,30.56014060974121,4161400
2014-03-18,30.61008918141703,30.674306258318403,30.517330576588396,30.624357223510742,3575000
2014-03-19,30.595811258998687,30.681433100877737,30.23905040898848,30.38888931274414,10676900
2014-03-20,30.289000119080708,30.531597633265275,30.239053812207672,30.495922088623047,9907900
2014-03-21,30.60063519199269,30.772751529545605,30.478721618652344,30.478721618652344,7454000
2014-03-24,30.493072503687134,30.650845624608518,30.40701568122868,30.450042724609375,6111300
2014-03-25,30.564780683605957,30.715383516006504,30.564780683605957,30.672353744506836,9086100
2014-03-26,30.729710606856976,30.822940369844623,30.600624084472656,30.600624084472656,7102300
2014-03-27,30.528924417611844,30.736897546450013,30.528924417611844,30.579124450683594,10552500
2014-03-28,30.600622223896433,30.744051988457695,30.600622223896433,30.657995223999023,4522600
2014-03-31,30.83011386218402,30.916170633268095,30.7297111042746,30.880313873291016,8973400
2014-04-01,30.844449155584734,30.937678904297478,30.75839239907026,30.830108642578125,6524200
2014-04-02,30.85162354752267,30.937680307941545,30.772737043932416,30.865966796875,6705400
2014-04-03,30.86597200428646,30.96637203099619,30.830115242703776,30.90182876586914,4430400
2014-04-04,30.99506722761752,31.066780770896127,30.758407610544733,30.801437377929688,8815700
2014-04-07,30.729705901667113,30.966365401700624,30.729705901667113,30.830108642578125,15088000
2014-04-08,30.837293976768574,31.00223731394215,30.79426420962474,30.98789405822754,7688000
2014-04-09,30.9950456796553,31.12413215637207,30.959186197249426,31.12413215637207,5559000
2014-04-10,31.12414416788187,31.289087454965436,30.79425485801926,30.815771102905273,6121800
2014-04-11,30.794251995699852,30.923338510235467,30.622138466782513,30.657995223999023,15474700
2014-04-14,30.82294224896991,30.95202877922401,30.701028712449677,30.90182876586914,4333800
2014-04-15,31.0093955737249,31.023736086928476,30.787079319339405,30.980709075927734,6318800
2014-04-16,31.152825334217752,31.28191184997559,31.059598311711174,31.281911849975586,4314800
2014-04-17,31.224544032594014,31.317771062408294,31.116971015798512,31.289087295532227,4209600
2014-04-21,31.21021220171848,31.324955518295898,31.152839175581544,31.303442001342773,3739700
2014-04-22,31.33211431369406,31.353630558470435,31.23888728387978,31.289087295532227,5669400
2014-04-23,31.289087799325962,31.33211481818059,31.238887786865234,31.238887786865234,11037100
2014-04-24,31.224537313033867,31.403823811980047,31.19585081663571,31.360794067382812,3946200
2014-04-25,31.332126641379663,31.425356443570845,31.26758335304677,31.40384292602539,6647400
2014-04-28,31.47553826488523,31.826941017104843,31.403824757425692,31.76239776611328,7214200
2014-04-29,31.733713599266473,31.79108659800334,31.626140594482422,31.626140594482422,4222300
2014-04-30,31.55443475354634,31.726551055908203,31.55443475354634,31.726551055908203,4855000
2014-05-01,31.662007767409264,31.726551038798178,31.518577971467696,31.697864532470703,9711100
2014-05-02,31.697864532470703,31.7408915562661,31.597464496020347,31.697864532470703,5245300
2014-05-05,31.57594058843524,31.71220009258772,31.475540576340876,31.626140594482422,3279600
2014-05-06,31.532932796308494,31.590303094320877,31.41818946458691,31.42535972595215,4471900
2014-05-07,31.497061740860442,31.748064567817504,31.497061740860442,31.726551055908203,7554300
2014-05-08,31.726557623036882,31.891500965106978,31.66918459847526,31.76958465576172,4197900
2014-05-09,31.74087762595789,31.92733709955809,31.705020876633117,31.920164108276367,2792400
2014-05-12,31.963203419620662,32.05643318433654,31.898660157232044,31.94886016845703,4824900
2014-05-13,31.941687516746235,32.05643078176002,31.934514523854308,32.01340103149414,2518600
2014-05-14,31.99189338493773,32.006236637653956,31.805433835322503,31.841293334960938,3165700
2014-05-15,31.748070767481696,31.769584283592092,31.511411147481954,31.56161117553711,4726400
2014-05-16,31.604637511533774,31.76958083376056,31.561607748289198,31.755237579345703,6381700
2014-05-19,31.6763515543158,31.733724572892445,31.597467757317062,31.69069480895996,2805300
2014-05-20,31.69068243512172,31.69068243512172,31.525739174661208,31.575939178466797,6246800
2014-05-21,31.575951002704056,31.77675382881602,31.547267229570394,31.755237579345703,5037700
2014-05-22,31.740875744391605,31.762391981266703,31.626132511937424,31.705018997192383,2898300
2014-05-23,31.697867297382324,31.79826734259028,31.697867297382324,31.755237579345703,2710000
2014-05-27,31.834120340754957,31.86280684618741,31.75523381866357,31.841293334960938,3520700
2014-05-28,31.869959872777294,31.898646362699115,31.791076129033666,31.798246383666992,3903100
2014-05-29,31.826953215437765,32.099466836786405,31.826953215437765,32.04926681518555,6683400
2014-05-30,31.956036410039278,32.32895277111222,31.956036410039278,32.30026626586914,4482600
2014-06-02,32.24289183655378,32.27874859868192,32.185521564287875,32.221378326416016,3273000
2014-06-03,32.17834957385579,32.19986582036009,32.09229279492564,32.10663604736328,2674000
2014-06-04,32.085121536050835,32.26440808238714,32.07077828406046,32.221378326416016,3149000
2014-06-05,32.22854759685348,32.393490886144384,32.178347584273446,32.3504638671875,3905400
2014-06-06,32.35763691501671,32.443696431741614,32.35046665647084,32.4365234375,2562200
2014-06-09,32.36480851108042,32.46520854055972,32.33612200674472,32.386322021484375,6310400
2014-06-10,32.29309225024118,32.42217878405618,32.27874899807333,32.386322021484375,4362000
2014-06-11,32.3217797769536,32.38632304590268,32.2500662495416,32.30026626586914,4977900
2014-06-12,32.23572501971806,32.30026829271724,32.01340869367734,32.07078170776367,5186300
2014-06-13,32.11380245717763,32.12097545038467,31.991888929611484,32.063602447509766,1936700
2014-06-16,32.05642604668963,32.21419630296975,31.963196302732175,32.18551254272461,18205200
2014-06-17,32.23571254277213,32.23571254277213,32.07793955079718,32.18551254272461,4897800
2014-06-18,32.14968066686886,32.572794498746205,32.113821151349754,32.56562423706055,22633400
2014-06-19,32.594293456596375,32.78075025413258,32.57277721156473,32.7520637512207,11404200
2014-06-20,32.839441961077874,32.86110298090062,32.63004292128071,32.65170669555664,5165400
2014-06-23,32.65169574535108,32.658915164719794,32.42063576322038,32.4711799621582,3370700
2014-06-24,32.420637651381014,32.45674025923173,32.276224465525715,32.35565185546875,3677200
2014-06-25,32.24012893591402,32.32677576466932,32.18236254710847,32.30511474609375,6083000
2014-06-26,32.24013085539189,32.28345289512229,32.05961501130672,32.1895866394043,15990200
2014-06-27,32.189588958145116,32.30511899650357,32.059617320685184,32.247352600097656,4692800
2014-06-30,32.13182468122869,32.41342899614936,32.13182468122869,32.21847152709961,12049100
2014-07-01,32.269008529785516,32.384538549914446,32.14625908847169,32.290672302246094,5099600
2014-07-02,32.30510649343459,32.442297500121434,32.30510649343459,32.37731170654297,3093000
2014-07-03,32.39898740843683,32.60116705481742,32.35566536271165,32.55784225463867,2303400
2014-07-07,32.49284174082984,32.63725492167955,32.456739134230496,32.60837173461914,5813700
2014-07-08,32.55783759408607,32.64448442758677,32.514512800109124,32.54339599609375,4629500
2014-07-09,32.58670534809953,32.71667691398711,32.579483175299174,32.68779373168945,5296000
2014-07-10,32.48562781099885,32.673363049712,32.45674461905751,32.63726043701172,3871200
2014-07-11,32.63726191843179,32.71668932264933,32.536173496501426,32.68058395385742,3100500
2014-07-14,32.767227812093,32.84665520244164,32.745564043710004,32.79610824584961,4135600
2014-07-15,32.75279151706631,32.75279151706631,32.478406693592554,32.50728988647461,7181800
2014-07-16,32.63725182042305,32.67335442359186,32.463955468979904,32.51449966430664,4513100
2014-07-17,32.52173116800828,32.572275377836014,32.29067113609496,32.31233215332031,3965200
2014-07-18,32.34843402650387,32.65892145374133,32.34121460574492,32.63726043701172,5929300
2014-07-21,32.51449138442341,32.51449138442341,32.37730042553709,32.48561096191406,5085300
2014-07-22,32.442317121045164,32.51452237782286,32.36288968591731,32.42787551879883,13404200
2014-07-23,32.48561643546775,32.50005527192957,32.35564487169681,32.384525299072266,2796500
2014-07-24,32.44229677577881,32.52894358046475,32.3989719962097,32.4711799621582,3449600
2014-07-25,32.442305465969426,32.47118866008565,32.26900905572506,32.341217041015625,2477800
2014-07-28,32.31232374896382,32.37009011914368,32.13180797382994,32.175132751464844,30101200
2014-07-29,32.21125087799243,32.29789772056464,32.02351283889027,32.03073501586914,6319100
2014-07-30,32.081281142089374,32.124605943175105,31.69136619567871,31.69136619567871,22406900
2014-07-31,31.424195620400063,31.510842446459854,31.128149773113915,31.149810791015625,10784500
2014-08-01,31.10648779913686,31.525283074264735,31.10648779913686,31.388092041015625,11890000
2014-08-04,31.43142084293,31.546950883817722,31.301449202624635,31.489187240600586,5024400
2014-08-05,31.39532026921823,31.554175118719417,31.222026573811146,31.35199546813965,4571700
2014-08-06,31.04150198909818,31.64081308632504,31.027060392791736,31.619152069091797,27891900
2014-08-07,31.698570050127724,31.698570050127724,31.286994318307173,31.35919952392578,5532600
2014-08-08,31.38808678593977,31.70579358817143,31.359203598158967,31.676910400390625,5259400
2014-08-11,31.792446239083066,32.05238946797139,31.76356580044773,31.9007568359375,23734600
2014-08-12,31.886322129514788,31.936866351114546,31.799675285979994,31.87910270690918,3954200
2014-08-13,31.95130040862404,32.03072781080426,31.85021198928661,31.97296142578125,2704300
2014-08-14,32.08125952350721,32.110142704767526,31.93684637165736,32.10292053222656,2196100
2014-08-15,32.26900875001289,32.34843615585353,31.972962899258746,32.14625930786133,4542700
2014-08-18,32.2256841677211,32.36287519595521,32.18958155549662,32.33399200439453,4427600
2014-08-19,32.391759660087786,32.45674546642604,32.254565872011,32.4206428527832,2627900
2014-08-20,32.34121936378091,32.43508561972068,32.30511674576921,32.398983001708984,5580000
2014-08-21,32.4134203590874,32.60115835531117,32.4134203590874,32.45674514770508,1724000
2014-08-22,32.49284170018777,32.543385900254094,32.37731170654297,32.37731170654297,5176500
2014-08-25,32.528959054519504,32.60116705481742,32.500075854400336,32.55784225463867,1985200
2014-08-26,32.57948917174368,32.630033372841595,32.514503376838874,32.53616714477539,1792300
2014-08-27,32.56504842835462,32.56504842835462,32.48562379202117,32.55060958862305,2054500
2014-08-28,32.46396741930279,32.572278023131524,32.43508422435472,32.56505584716797,2797700
2014-08-29,32.593919856714116,32.615580862948555,32.485612071090486,32.586700439453125,3076400
2014-09-02,32.62281534179875,32.74556476270372,32.50006316644129,32.60115432739258,11691900
2014-09-03,32.6805892639962,32.695030862968935,32.58672300235342,32.622825622558594,2391400
2014-09-04,32.67335564409379,32.8105466430408,32.630030866001604,32.723899841308594,4379600
2014-09-05,32.731135758491405,32.911651611328125,32.62282514500805,32.911651611328125,5067000
2014-09-08,32.803324869716434,32.86831065496478,32.65169228895427,32.666133880615234,4229500
2014-09-09,32.687788807815764,32.687788807815764,32.5433756725328,32.586700439453125,3452700
2014-09-10,32.62281409088191,32.781668868975906,32.57226988957062,32.74556350708008,4186400
2014-09-11,32.673351530709326,32.78166208507804,32.64446834895076,32.7599983215332,3924700
2014-09-12,32.71668773009775,32.738348746756174,32.46396393312079,32.52894973754883,5778400
2014-09-15,32.63002736709414,32.71667691398711,32.593924766448005,32.68779373168945,6105500
2014-09-16,32.637261804038275,33.019954472705564,32.608378610887144,32.93330764770508,8388400
2014-09-17,32.897200792477555,32.99828920102157,32.796109629481,32.8610954284668,10476000
2014-09-18,32.91165139626485,32.96219561437258,32.84666557949016,32.926090240478516,6364600
2014-09-19,33.06196510899723,33.12736251349537,32.96750157541133,33.01110076904297,5411900
2014-09-22,32.98930264481655,33.04016698490439,32.90210425732426,32.95296859741211,6516500
2014-09-23,32.84396300893307,32.902092474545505,32.66230392456055,32.66230392456055,6715600
2014-09-24,32.655028596393464,33.09827710515085,32.655028596393464,33.083744049072266,14707300
2014-09-25,32.98202196837332,32.989289883802265,32.647769927978516,32.647769927978516,11438400
2014-09-26,32.72044075091366,32.83670248019023,32.53151648030107,32.771305084228516,3935200
2014-09-29,32.575121411411075,32.807644910959375,32.553320427648025,32.76404571533203,11255800
2014-09-30,32.7785758972168,32.858506362886565,32.662314157669464,32.7785758972168,7122400
2014-10-01,32.74950640933706,32.74950640933706,32.516982954098715,32.57511520385742,18044800
2014-10-02,32.55332832748231,32.713189311677844,32.48066575570221,32.63325881958008,16950100
2014-10-03,32.829443461464244,33.03290083269301,32.69864864513181,33.018367767333984,9134100
2014-10-06,33.105555623493274,33.105555623493274,32.81489995261286,33.03289031982422,6884100
2014-10-07,32.865770381014364,33.076495642930524,32.83670425415039,32.83670425415039,11318600
2014-10-08,32.88756097990036,33.330809610361946,32.84396457159121,33.31627655029297,9800300
2014-10-09,33.28722927024517,33.5052197327112,32.98204040527344,32.98204040527344,15077400
2014-10-10,33.01108908738582,33.48340381627832,33.01108908738582,33.141883850097656,11403400
2014-10-13,33.12735743309751,33.17822176525124,32.66231052660732,32.68410873413086,20244600
2014-10-14,32.78583646084659,32.85123385344521,32.589644283050724,32.66957473754883,12854000
2014-10-15,32.36439336061676,32.56058556634174,31.81214801741343,32.27719497680664,22241300
2014-10-16,31.848486422434082,32.20453683674706,31.74675496073147,32.037410736083984,19593400
2014-10-17,32.32805801904871,32.51698228306934,32.03013717492892,32.429786682128906,12534400
2014-10-20,32.37166473918124,32.923910188708604,32.34259860564842,32.89484405517578,17229300
2014-10-21,32.7931017474611,33.03289031982422,32.662306972754706,33.03289031982422,13863600
2014-10-22,33.05469216008941,33.33081200554891,32.996559915636055,33.10555648803711,10426900
2014-10-23,33.23633975194893,33.309002260444856,33.025614596654925,33.083744049072266,12604800
2014-10-24,33.20002902696633,33.38895611668786,33.14916468094106,33.35988998413086,9205600
2014-10-27,33.27269703284673,33.57788313352944,33.23636575017962,33.439823150634766,4917200
2014-10-28,33.58513929404767,33.58513929404767,33.42527838000544,33.57060623168945,5633500
2014-10-29,33.57061395225527,33.643276508859095,33.31628946034417,33.512481689453125,6381200
2014-10-30,33.548796377350136,33.80312074349386,33.33807395864504,33.72319030761719,5020200
2014-10-31,34.02839100882717,34.035656154700774,33.83219880745826,33.941192626953125,8184300
2014-11-03,33.89033939892282,34.093796812855835,33.89033939892282,34.071998596191406,14994800
2014-11-04,34.01385822818338,34.30451118781976,33.99932516441679,34.25364685058594,10508200
2014-11-05,34.449839528801924,34.63876381657675,34.32631264292964,34.493438720703125,7780400
2014-11-06,34.52978123251799,34.63877508989566,34.406251534543976,34.56611251831055,5638000
2014-11-07,34.51524600361733,34.689640045166016,34.384451165430626,34.689640045166016,5912000
2014-11-10,34.63151022520322,34.849500713643806,34.55157973266513,34.84223556518555,4209500
2014-11-11,34.827689286786004,34.87855362240013,34.70415963465283,34.776824951171875,3277800
2014-11-12,34.63149709003219,34.827689286786004,34.62423194432949,34.776824951171875,4923700
2014-11-13,34.80590313576745,35.0674900501637,34.77683699909031,34.90036392211914,7507100
2014-11-14,34.91488403784508,34.929417100792215,34.61696317717445,34.704158782958984,7544500
2014-11-17,34.64604308282558,34.93669891357422,34.64604308282558,34.93669891357422,4049600
2014-11-18,34.93668235248639,35.12560661258736,34.87855010513341,35.067474365234375,5015400
2014-11-19,35.05294854485237,35.249137974939266,35.00934935377835,35.212806701660156,4919500
2014-11-20,35.10381036959444,35.16193984830125,35.009346848310315,35.060211181640625,4076000
2014-11-21,35.35085989984887,35.416257282897405,35.140134690926075,35.20553207397461,5042300
2014-11-24,35.27094855847454,35.358144192461964,35.125620653896014,35.18375015258789,4912000
2014-11-25,35.18374057427748,35.300005083808195,35.12561109141059,35.212806701660156,6157500
2014-11-26,35.21280828408049,35.37993436619362,35.20554313785757,35.3726692199707,3644800
2014-11-28,35.48165252572978,35.91036528975787,35.459851551430134,35.82316970825195,4640900
2014-12-01,35.66332924034943,35.74325694598208,35.532534417461186,35.59066390991211,8330400
2014-12-02,35.576132503143974,35.743258613096394,35.55433428894555,35.714195251464844,6130900
2014-12-03,35.72145518990004,35.72145518990004,35.37993510046438,35.45986557006836,5909600
2014-12-04,35.46712780394816,35.51072421900038,35.27093562051854,35.43079376220703,8023900
2014-12-05,35.409001131091465,35.503464665078276,35.278206321540075,35.49619674682617,6732100
2014-12-08,35.4598656690778,35.61245869043946,35.32907085879676,35.42353439331055,4653600
2014-12-09,35.15468463633529,35.32181074620114,34.95849239295389,35.30727767944336,6120000
2014-12-10,35.307274652008616,35.409003338691235,34.936691183107826,34.9730224609375,5304800
2014-12-11,35.096545796433475,35.46713199960586,34.98028405604378,35.263671875,5233700
2014-12-12,35.052951354909474,35.394468677389405,34.805894796148095,34.81315994262695,6812500
2014-12-15,34.95849799545262,35.060226707161185,34.471649882690826,34.58064651489258,9451300
2014-12-16,34.42805758414357,35.14742657303483,34.42805758414357,34.44985580444336,9811500
2014-12-17,34.55157940841849,35.06749087299621,34.51524812266925,34.951229095458984,10126400
2014-12-18,35.45258680819264,35.64151103223804,35.10380170633358,35.619712829589844,8726300
2014-12-19,35.74415574504843,35.87589118571711,35.56119016543452,35.58314514160156,13154400
2014-12-22,35.678283128244466,35.92711639404297,35.67096573447075,35.92711639404297,5125700
2014-12-23,36.080798618776434,36.25644673972852,35.98565577026772,36.175941467285156,5563500
2014-12-24,36.285731528201225,36.32232408216635,36.117400754662405,36.13935852050781,1478000
2014-12-26,36.175943895090725,36.307679296687645,36.16130631804303,36.197898864746094,3302400
2014-12-29,36.153994847818716,36.19058740051601,35.9417541336085,36.08812713623047,13478700
2014-12-30,36.03689684347838,36.1173993423205,35.91247881466273,35.92711639404297,5094900
2014-12-31,36.058842827363115,36.058842827363115,35.473353757276634,35.48799133300781,5218700
2015-01-02,35.58312781453684,35.66363307705855,35.16596671949872,35.38552474975586,7612100
2015-01-05,35.31966520924082,35.40017049033395,35.041559609614936,35.13669967651367,8272700
2015-01-06,35.38553955792325,35.47336504024484,34.99033605480806,35.092796325683594,11112400
2015-01-07,35.34894077124594,35.736829603536655,35.31234822264597,35.69291687011719,9226100
2015-01-08,36.007602616160895,36.27839071171203,35.9344147580178,36.23447799682617,12904100
2015-01-09,36.35158286149704,36.35158286149704,35.941741943359375,35.941741943359375,6382800
2015-01-12,35.9270939519811,36.1173767813974,35.7368111225648,35.83195114135742,6256400
2015-01-13,36.07349455627658,36.2710977184275,35.61242051125777,35.82466125488281,10135000
2015-01-14,35.553855091931794,35.75145536284728,35.46602964726736,35.71486282348633,13315500
2015-01-15,35.949059924806754,35.9929726489703,35.63435904788114,35.773414611816406,10898400
2015-01-16,35.685590515372,36.095434247595506,35.61972282254736,36.058841705322266,12948500
2015-01-20,36.19789145646242,36.36621937031231,35.90514835091854,36.2052116394043,9978200
2015-01-21,36.13202997176144,36.38818337389576,35.949064452450756,36.380863189697266,7588600
2015-01-22,36.53454738829165,36.75410820786508,36.21252913372603,36.746788024902344,12062000
2015-01-23,36.57115168340902,36.629699202302554,36.32963583941293,36.33695602416992,6423700
2015-01-26,36.32231844648842,36.38818615013894,36.13935291321834,36.33695602416992,4428600
2015-01-27,35.97102229747338,36.08079993421759,35.75146144032044,35.91979217529297,10344800
2015-01-28,36.051517139900696,36.16129754520921,35.47334834186,35.502620697021484,7765700
2015-01-29,35.64168245131745,35.831965356220685,35.341619122002854,35.788055419921875,9765600
2015-01-30,35.59776995889845,35.61972492719324,35.092786145293196,35.14401626586914,10951600
2015-02-02,35.209879082166694,35.58312745060318,34.89517821834512,35.56117248535156,14354100
2015-02-03,35.78072692470898,35.890507323620156,35.57580649136173,35.87586975097656,6279600
2015-02-04,35.81001291048183,36.146668807703094,35.81001291048183,35.89051818847656,7901300
2015-02-05,36.0002908235325,36.08811627377006,35.91246816512691,36.07347869873047,8079500
2015-02-06,36.080788215617844,36.219843752228805,35.77340758236884,35.91246032714844,6304100
2015-02-09,35.85392233138157,35.883194690995964,35.5465388248575,35.64168167114258,5656100
2015-02-10,35.978336437221934,36.095434247595506,35.75877839175049,36.058841705322266,5055100
2015-02-11,36.08080367691847,36.30768194998911,35.963705843811944,36.227176666259766,4618000
2015-02-12,36.31499871546484,36.395503997802734,36.205221069230674,36.395503997802734,7150600
2015-02-13,36.314999343131525,36.336957106223885,36.14667138253042,36.227176666259766,5932000
2015-02-17,36.17593050214302,36.271073321813375,36.00028243443092,36.23447799682617,4887500
2015-02-18,36.227170285392695,36.432090759277344,36.14666501584314,36.432090759277344,5251200
2015-02-19,36.36622681304608,36.37354699748611,36.15398892543536,36.197898864746094,4380200
2015-02-20,36.073486152885906,36.314999211365055,35.93443055719157,36.30036163330078,5898000
2015-02-23,36.2418062405606,36.41013416398734,36.2418062405606,36.40281677246094,4710600
2015-02-24,36.43941046353165,36.55650827447253,36.30035489365484,36.5272331237793,4275800
2015-02-25,36.51991457970701,36.55650712100292,36.358904047806675,36.40281677246094,3282600
2015-02-26,36.40281422943917,36.49063688078065,36.30767139525073,36.454044342041016,4124200
2015-02-27,36.446720140566214,36.673598322667075,36.424765178109546,36.60041046142578,4578900
2015-03-02,36.62969773638004,36.695565437394535,36.549192458269836,36.666290283203125,5511200
2015-03-03,36.666285901824075,36.6736060854134,36.366222586798585,36.5272331237793,5818200
2015-03-04,36.45406467817462,36.46870226020249,36.18327359840894,36.27109909057617,3635800
2015-03-05,36.36622884207395,36.45405430926029,36.27840616672012,36.395503997802734,5336300
2015-03-06,36.13201736532536,36.2052052226138,35.60507875200504,35.68558120727539,12065500
2015-03-09,35.82465026831565,35.949065484940746,35.714869836843334,35.88319778442383,6436500
2015-03-10,35.67095487742867,35.692909843900274,35.36357138766642,35.37089157104492,7996200
2015-03-11,35.42212639311157,35.42212639311157,35.06351273938664,35.10010528564453,8699500
2015-03-12,35.261110453908394,35.612403869628906,35.22451791323932,35.612403869628906,9905500
2015-03-13,35.53921276911822,35.55385034127311,35.12205173411397,35.33428955078125,5821400
2015-03-16,35.444079721733,35.773418206473046,35.444079721733,35.76609802246094,22130500
2015-03-17,35.64168412923126,35.67095928269677,35.407488485171754,35.50994873046875,7487500
2015-03-18,35.422136669447376,35.89784549247278,35.01229277369488,35.75147247314453,19747300
2015-03-19,35.670944084587056,35.75144653456957,35.52457117145604,35.59043884277344,20386700
2015-03-20,35.76422043315808,36.04403188158922,35.7126765885693,36.03666687011719,7951000
2015-03-23,35.99985174934121,36.27966320950736,35.97039732007552,36.095577239990234,4669300
2015-03-24,36.1839478748086,36.279673392325435,35.88941192626953,35.88941192626953,6939800
2015-03-25,36.29438093528871,36.3459247685635,35.801029205322266,35.801029205322266,18476700
2015-03-26,35.624326287582186,35.84522894304149,35.56541741469722,35.64641571044922,7616000
2015-03-27,35.65378054782264,35.911502672330464,35.63905613744379,35.8673210144043,4950100
2015-03-30,35.940956590538924,36.257584778767125,35.8010494135968,36.22813034057617,25326800
2015-03-31,36.08086015237344,36.228129531107854,35.88941192626953,35.88941192626953,7411800
2015-04-01,35.874676253653476,35.94094731802073,35.587502577705074,35.9335823059082,8033400
2015-04-02,35.94831088934728,36.24284958861796,35.896767038314294,36.176578521728516,4821000
2015-04-06,36.11767774815526,36.61839196371083,36.021952228111736,36.46376037597656,5615300
2015-04-07,36.52265644416382,36.59629251977879,36.29439163208008,36.29439163208008,7660800
2015-04-08,36.30176576594155,36.44903515664328,36.191315829612755,36.353309631347656,5039200
2015-04-09,36.35329886587773,36.52265763190623,36.22075673438949,36.45638656616211,4785400
2015-04-10,36.552121369855776,36.64784689117699,36.42694421876101,36.522666931152344,4605100
2015-04-13,36.42694573116352,36.56685010741867,36.34594742583107,36.353309631347656,3712800
2015-04-14,36.28703771107536,36.49321597688597,36.20603940760654,36.43430709838867,5722200
2015-04-15,36.48585030937444,36.633119694051075,36.309129294906384,36.33121871948242,6764300
2015-04-16,36.37539986997554,36.60366474455568,36.34594543166524,36.46376037597656,5796400
2015-04-17,36.294393099644246,36.31648251875739,35.926221133469554,36.12503433227539,5539800
2015-04-20,36.18393112963994,36.46374253885147,36.18393112963994,36.25020217895508,3976200
2015-04-21,36.30176295451723,36.48584897640518,36.25758410697918,36.316490173339844,3948500
2015-04-22,36.345934652971614,36.412205715051606,36.132394251943985,36.33856964111328,2897700
2015-04-23,36.132403496841576,36.39012279924369,36.12504129202854,36.213401794433594,6320800
2015-04-24,36.31648202717155,36.31648202717155,36.176577693133446,36.22075653076172,6555100
2015-04-27,36.27230301753667,36.287030234126455,35.999856532949146,36.02194595336914,6888100
2015-04-28,36.02194215462342,36.10294043286073,35.86731061013166,36.05876159667969,3665100
2015-04-29,35.94095762223543,36.01459091089666,35.683235494061314,35.734779357910156,9409300
2015-04-30,35.646413052410225,35.78631740168531,35.47705426888898,35.61695861816406,8286300
2015-05-01,35.74950507894054,35.95568333462357,35.64641735556391,35.940956115722656,5158300
2015-05-04,35.94095644301809,36.088223015508746,35.93359142903566,35.99250030517578,6710200
2015-05-05,35.97776107509874,36.02193990852508,35.65376798235162,35.70531463623047,6537400
2015-05-06,35.77894874915186,35.90412585874321,35.59486278168533,35.815765380859375,6233300
2015-05-07,35.69795362541412,35.97776510716481,35.616955343149776,35.90412902832031,6433800
2015-05-08,36.088209271440846,36.34593129300661,36.088209271440846,36.206024169921875,6946500
2015-05-11,36.10294043286073,36.32384584948216,36.04403438164299,36.05876159667969,3988400
2015-05-12,35.720045861450295,36.095582870848695,35.720045861450295,35.97776794433594,4903400
2015-05-13,35.97040541739987,36.220762504658396,35.91886155904631,35.963043212890625,3716900
2015-05-14,36.11031209390357,36.53002796848087,36.11031209390357,36.51530075073242,6174300
2015-05-15,36.52266494112661,36.63311767578125,36.4858482992183,36.63311767578125,5014300
2015-05-18,36.59629904388411,36.61102626163256,36.456391879738625,36.51530075073242,6199900
2015-05-19,36.537389668982,36.537389668982,36.30175980611566,36.41957473754883,5157200
2015-05-20,36.36802407068861,36.51529340963626,36.33856964111328,36.33856964111328,5463200
2015-05-21,36.345941458751675,36.46375639018484,36.22076151408107,36.41957473754883,4313600
2015-05-22,36.25021495204921,36.37539489327653,36.242852747943815,36.26494216918945,5336900
2015-05-26,36.22076000136189,36.23548721829216,35.904131859684576,35.97776794433594,8790100
2015-05-27,36.051392642339664,36.26493302362676,36.02193821548722,36.206024169921875,7599900
2015-05-28,36.16922245875825,36.2060391030444,35.99986364789805,36.15449523925781,5741300
2015-05-29,36.0955825346092,36.132399172127215,35.85995268377863,35.92622375488281,6663600
2015-06-01,35.99985702991884,36.07349311388427,35.80104381660629,35.92622375488281,5992300
2015-06-02,35.8231393517853,35.91149985176774,35.65377774750194,35.830501556396484,4998200
2015-06-03,35.87468554075177,35.97777326558131,35.75687059681375,35.808414459228516,5892700
2015-06-04,35.742136887283166,35.83049737695883,35.47705260932686,35.55068588256836,7084800
2015-06-05,35.454967668620846,35.543328169460224,35.020524560176874,35.0426139831543,9482300
2015-06-08,35.020527046503716,35.153069211637614,34.94689094980161,35.027889251708984,10944000
2015-06-09,35.07205800249087,35.32977722377755,35.013149146808864,35.197235107421875,7096700
2015-06-10,35.285590082704736,35.61694532195172,35.285590082704736,35.543312072753906,7091600
2015-06-11,35.572776618150634,35.69059153574813,35.49177833562813,35.528594970703125,7469300
2015-06-12,35.44023862008883,35.46969024622787,35.26351481860693,35.388694763183594,6748800
2015-06-15,35.24879257859678,35.315063662394515,35.1088882056593,35.130977630615234,7632600
2015-06-16,35.22668896538136,35.53595202592226,35.17514512195788,35.51386260986328,5036400
2015-06-17,35.62431636304369,35.76422068377521,35.43286538843332,35.70531463623047,10508800
2015-06-18,35.81577729446132,36.24285822933188,35.786322855726134,36.10295104980469,8821000
2015-06-19,36.126656163591306,36.23779344283621,36.05256652832031,36.05256652832031,8908200
2015-06-22,36.25261427462629,36.34152240795662,36.15629548148758,36.19334030151367,4445900
2015-06-23,36.20815867677608,36.21556933656031,35.96366060432994,36.037750244140625,5107500
2015-06-24,36.02292649964181,36.08220046392053,35.8747444152832,35.8747444152832,6765100
2015-06-25,36.015516718152064,36.015516718152064,35.80806350708008,35.80806350708008,6443700
2015-06-26,35.85993004783082,36.00810931121183,35.815474573013546,35.88215637207031,4608000
2015-06-29,35.696930876543355,35.76361267823407,35.31165855859016,35.32647705078125,8106200
2015-06-30,35.696924371490596,35.696924371490596,35.259788823697015,35.26719665527344,10039900
2015-07-01,35.50429426950358,35.71915817260742,35.35611499624153,35.71915817260742,6859600
2015-07-02,35.7413841074327,35.8821555348956,35.585791362371566,35.689517974853516,6956600
2015-07-06,35.45242176094513,35.793241349506864,35.415376952240386,35.65987777709961,8740700
2015-07-07,35.75620199404229,36.42302001048457,35.63765688293459,36.39338302612305,17427000
2015-07-08,36.082196759618114,36.25260514991754,35.963651669569046,35.985877990722656,11754300
2015-07-09,36.42301679529172,36.48969859104971,36.01551818847656,36.01551818847656,8359900
2015-07-10,36.34893137885732,36.526747637255966,36.31188373421401,36.43783950805664,7782500
2015-07-13,36.608239988175825,36.79346686583839,36.608239988175825,36.778648376464844,7031800
2015-07-14,36.786073081923504,36.85275489639952,36.71939126744749,36.83793640136719,6858300
2015-07-15,36.83051578583988,36.84533427686694,36.66751803721844,36.741607666015625,5980500
2015-07-16,36.926833961434454,37.17133199354372,36.88237848907908,37.119468688964844,4451200
2015-07-17,37.030558656081546,37.10465110617653,36.88237658222955,37.09724044799805,4874400
2015-07-20,37.11947350746953,37.20838446372188,37.01574688484695,37.1639289855957,6345400
2015-07-21,37.075016021728516,37.18615046304617,36.97128941263012,37.075016021728516,6146000
2015-07-22,37.07501293479471,37.28987679365891,37.05278378731152,37.15651321411133,6107900
2015-07-23,37.23801880938007,37.23801880938007,36.96388375874135,37.0157470703125,4535100
2015-07-24,37.10466427116662,37.10466427116662,36.76384453248044,36.80830001831055,9950100
2015-07-27,36.66011978884102,36.845346749875795,36.54898530802364,36.786075592041016,9567100
2015-07-28,36.949057211626396,37.208376539292985,36.845330611094916,37.200965881347656,8765800
2015-07-29,37.238023845730304,37.408435122612936,37.16393419813351,37.326934814453125,6105100
2015-07-30,37.14910258108192,37.25282918161339,36.956467869571725,37.200965881347656,7029100
2015-07-31,37.32691440717432,37.3565485542082,37.22318782671239,37.27505111694336,6168800
2015-08-03,37.26766083530458,37.36397963825152,37.16393419813351,37.326934814453125,6961400
2015-08-04,37.30470565910298,37.37879813303866,37.126889374335114,37.326934814453125,5633000
2015-08-05,37.445470362737154,37.70478688929618,37.43065187174262,37.652923583984375,5239900
2015-08-06,37.74924432647153,37.74924432647153,37.31951654428453,37.37137985229492,7889500
2015-08-07,37.31211108634446,37.41583770896704,37.00092839213822,37.1639289855957,6889700
2015-08-10,37.267661748779915,37.423251708350215,37.238024758479206,37.30470657348633,5780000
2015-08-11,37.06018745778579,37.252822132846745,37.04536897103689,37.171321868896484,5616200
2015-08-12,36.93424598995715,37.21579169418622,36.68233727066555,37.193565368652344,8275100
2015-08-13,37.15651690812316,37.252832860220224,37.00092416562373,37.045379638671875,4935200
2015-08-14,37.03797603707928,37.17133681878082,36.949065080826934,37.1639289855957,5247000
2015-08-17,37.04537598055044,37.21578437090042,36.912012400913426,37.200965881347656,4978400
2015-08-18,37.06761038188365,37.17133700502595,36.97129441830209,37.0157470703125,5108300
2015-08-19,36.93424713289109,36.949065625818385,36.497111483720765,36.674930572509766,9309200
2015-08-20,36.423018692976534,36.66751956560732,36.267428770214195,36.34151840209961,12756300
2015-08-21,36.05996821453016,36.14146849523876,35.348697662353516,35.348697662353516,23544300
2015-08-24,33.63720901729163,34.89674978281748,32.392483917842036,34.118797302246094,68723800
2015-08-25,35.34870899909804,35.34870899909804,33.822440803019155,33.8594856262207,35853900
2015-08-26,34.5337009486112,34.918973209207635,33.896520010945466,34.85969924926758,24372800
2015-08-27,35.14125492665857,35.48207181448219,34.72634556778279,35.37093734741211,19550400
2015-08-28,35.27461815452368,35.33388930436512,35.081980558276804,35.296844482421875,8695300
2015-08-31,35.20791989234987,35.20791989234987,34.95601126397474,35.052330017089844,12948300
2015-09-01,34.355874998987744,34.71151020822868,34.11878485949379,34.333648681640625,15589300
2015-09-02,34.63002189184528,34.807838130139594,34.46702131812703,34.80043029785156,9637300
2015-09-03,34.94119497373912,35.25237757016184,34.86710535981532,35.037513732910156,7626800
2015-09-04,34.57816021349739,34.66707117043276,34.333662147771385,34.46702575683594,10507100
2015-09-08,35.022714091726215,35.22275954857662,34.77821314679601,35.18571472167969,6867300
2015-09-09,35.511700040051736,35.51910787215961,34.518883783649876,34.607791900634766,7587400
2015-09-10,34.444796759024634,34.91156652820657,34.42997826735149,34.66706848144531,14986300
2015-09-11,34.63002322142925,34.904158248022036,34.504067456991535,34.89674758911133,5127300
2015-09-14,34.88193662281538,34.94861560396435,34.644843553484954,34.78561782836914,6180100
2015-09-15,34.83005820498974,35.26719371635555,34.68928680606564,35.20051193237305,7284500
2015-09-16,35.51910853927585,35.64506429818004,35.319063152549056,35.600608825683594,11470700
2015-09-17,35.5709718440193,36.02292592221634,35.496882216196695,35.600608825683594,13063900
2015-09-18,35.18899154663086,35.57674938187126,35.047311947908646,35.18899154663086,10970800
2015-09-21,35.27847391907365,35.54691900885988,35.27101545169045,35.449981689453125,9770600
2015-09-22,35.09204206960362,35.15169556882967,34.87579209019574,35.06221389770508,10674800
2015-09-23,35.05476758987524,35.181535942123375,34.942916173320796,35.12187957763672,6458500
2015-09-24,34.860884205261435,35.23372788660113,34.84597011665926,35.1815299987793,7740100
2015-09-25,35.382869392416886,35.76316873300731,35.27101513923462,35.40523910522461,12257300
2015-09-28,35.31577050210838,35.39033813549329,34.81615825579631,34.883270263671875,15816000
2015-09-29,34.98019760681306,34.995111696923395,34.6595517808705,34.868343353271484,15304100
2015-09-30,35.010028142410384,35.30830143096852,34.950371777955546,35.18899154663086,12715600
2015-10-01,35.211364105587435,35.29339018442683,34.928002063570986,35.18899154663086,13766200
2015-10-02,34.99510404530099,35.688593438656035,34.81613784767951,35.67367935180664,13196700
2015-10-05,35.934682189490715,36.32989852726893,35.822830763176796,36.28515625,10515800
2015-10-06,36.210574041594946,36.33733950925236,36.02415222828384,36.039066314697266,9444000
2015-10-07,36.21057858109548,36.4342842161992,36.091268719402066,36.36717224121094,11944000
2015-10-08,36.31498361032358,36.81459289457459,36.24787161823008,36.799678802490234,12447100
2015-10-09,36.86678833200756,36.99355668397079,36.76239253896255,36.8817024230957,12459500
2015-10-12,36.8966192399485,37.06067140946556,36.859335431759774,36.97864532470703,5652600
2015-10-13,36.911537566757204,36.96373547312419,36.702745941289265,36.75494384765625,10162600
2015-10-14,36.68782852168738,36.83696660260498,36.24787274749522,36.329898834228516,10771200
2015-10-15,36.55359753337137,36.68036302890397,36.404459481013426,36.65799331665039,5255600
2015-10-16,36.68782658121385,37.04575624974129,36.6803681130477,37.00847244262695,6921900
2015-10-19,37.008466574933166,37.17997433612424,36.896612326752525,37.172515869140625,6284300
2015-10-20,37.165060573901826,37.217258464959855,37.09049297083943,37.150146484375,6078400
2015-10-21,37.08304519249301,37.41114672293896,37.08304519249301,37.157615661621094,14418900
2015-10-22,37.30674586529685,37.948037590206155,37.24709234263457,37.89583969116211,13590300
2015-10-23,38.030051453302626,38.12699159662433,37.62737963757056,37.83617401123047,13360200
2015-10-26,37.83618621230319,37.91075382686039,37.70196223044249,37.76161575317383,8893000
2015-10-27,37.64230067565828,37.81380844116211,37.52299080206553,37.81380844116211,5126200
2015-10-28,37.82126556189375,37.82872118422773,37.19488803668798,37.597557067871094,10430900
2015-10-29,37.58266244586954,37.69451389778066,37.403696140409636,37.61248779296875,5606900
2015-10-30,37.49317001853226,37.49317001853226,37.18743822935561,37.19489669799805,8577100
2015-11-02,37.21724703633121,37.426038536447855,37.16504916130204,37.418582916259766,13054000
2015-11-03,37.20235165869888,37.336575646146194,36.978645961144124,37.2396354675293,12452900
2015-11-04,37.284381963423854,37.351493964740925,36.94136633205778,37.083045959472656,8067600
2015-11-05,37.04575241648993,37.135234113219774,36.86678617845839,37.07558059692383,9691800
2015-11-06,36.904065237534056,36.97117720742386,36.40445327400524,36.67290115356445,13747200
2015-11-09,36.493946096829724,36.55360246364793,36.2255009798642,36.42683410644531,7896000
2015-11-10,36.389549216584804,36.58342955840232,36.389549216584804,36.523773193359375,7438600
2015-11-11,36.46410962529207,36.702729330568665,36.46410962529207,36.47156524658203,7264700
2015-11-12,36.38209933148024,36.41938314322651,35.979427337646484,35.979427337646484,8473500
2015-11-13,35.87503231818087,36.03908450696978,35.636412504254764,35.66624069213867,9112400
2015-11-16,35.54692225346939,36.285154140337575,35.54692225346939,36.2776985168457,9734900
2015-11-17,36.37463446610747,36.561056336630074,36.15838725817597,36.26278305053711,8056200
2015-11-18,36.367176704710225,36.784762694175036,36.3149788115986,36.76239013671875,7826200
2015-11-19,36.78475400585458,37.02337370216782,36.77729554027352,36.85932159423828,7421100
2015-11-20,37.02338067267812,37.19488843390788,36.568510902012754,36.59833908081055,5487200
2015-11-23,36.60579610382783,36.98609544204966,36.60579610382783,36.918983459472656,5316600
2015-11-24,36.8295044895277,37.11286653077342,36.665452332295125,37.015926361083984,9786000
2015-11-25,37.01591767167059,37.20233949946472,36.986089496526404,37.112857818603516,5599000
2015-11-27,37.09794962690641,37.33656937684037,37.09794962690641,37.25454330444336,2712600
2015-11-30,37.261997996210745,37.336565593795285,36.8444120538514,36.85186767578125,10355200
2015-12-01,36.926445988763014,37.18743548051,36.926445988763014,37.16506576538086,10807900
2015-12-02,37.11286930984422,37.21726511060154,36.92644742432837,36.97864532470703,7832000
2015-12-03,37.11286479069133,37.24708875948436,36.64308089991573,36.78476333618164,12556000
2015-12-04,36.88171416443894,37.64231598464089,36.732576050651176,37.61248779296875,12783200
2015-12-07,37.75416461004313,37.836190702533834,37.56774270695423,37.716880798339844,9022000
2015-12-08,37.47824783942058,37.701956337268754,37.39622461405752,37.619930267333984,6436400
2015-12-09,37.411147734834344,37.81381974529984,37.11287438397194,37.26201248168945,18821800
2015-12-10,37.3440302713915,37.54536338726998,37.19489220684613,37.30674362182617,7842700
2015-12-11,36.93389405912432,37.1576025429547,36.792214484660406,36.896610260009766,11597900
2015-12-14,36.89662428451018,37.29183782557486,36.75494465619349,37.26201248168945,16609500
2015-12-15,37.55283114856909,37.67959668583275,37.35895076330708,37.500633239746094,11557500
2015-12-16,37.66467991045835,38.305971709865936,37.657224285974,38.22394561767578,20860400
2015-12-17,38.2239307077574,38.2239307077574,37.72432156958597,37.73177719116211,10235700
2015-12-18,37.69422392559397,37.69422392559397,37.063232421875,37.063232421875,14720600
2015-12-21,37.31112037485023,37.49140488955834,37.16088662237282,37.48389434814453,8155500
2015-12-22,37.5439916059559,38.017236004309154,37.46136131324853,37.972164154052734,7185700
2015-12-23,38.137431464302374,38.30269207885778,38.06982510975934,38.25010681152344,6464100
2015-12-24,38.1674668802242,38.32521403402964,38.1674668802242,38.2125358581543,2312100
2015-12-28,38.04729397266467,38.16748273962768,38.00973265474866,38.159969329833984,4620900
2015-12-29,38.40785964649261,38.52804841149338,38.24259902004424,38.4904899597168,4134000
2015-12-30,38.46793424322287,38.51300608316676,38.310187101706504,38.35525894165039,6942900
2015-12-31,38.227556207976946,38.23506961394149,37.88201403725188,37.927085876464844,6801400
2016-01-04,37.43131375531978,37.44633483886719,37.07074470862569,37.44633483886719,17281200
2016-01-05,37.536480405194965,37.77685787129479,37.43882616411521,37.68671417236328,8630500
2016-01-06,37.3111300820671,37.70925765318331,37.28859558643773,37.55902099609375,12429100
2016-01-07,37.138344282518965,37.5064238039468,36.973086603869014,37.108299255371094,16031500
2016-01-08,37.34868366123732,37.34868366123732,36.74773715732441,36.82285690307617,14691000
2016-01-11,37.04820347621066,37.30360483292114,36.807826065838995,37.168392181396484,15890200
2016-01-12,37.39376557785924,37.52146775704743,37.07075772320983,37.37123107910156,13171500
2016-01-13,37.41629463690226,37.44633967340134,36.65009032842526,36.68764877319336,19407900
2016-01-14,36.79281007197861,37.115817824267026,36.62003895002615,36.860416412353516,19025800
2016-01-15,36.23694394915046,36.522390439486806,35.99656358359094,36.282012939453125,24210900
2016-01-19,36.65009460357299,36.85291366760989,36.484833988685295,36.71770095825195,14945200
2016-01-20,36.31205810307672,36.4773186964508,35.59843620003712,36.25947570800781,28302800
2016-01-21,36.28953486786046,36.55995746974094,36.064178401336974,36.4022102355957,21001000
2016-01-22,36.81534430011971,37.100793609162615,36.52989785660217,37.02567672729492,13754500
2016-01-25,36.424737386070206,37.01065715744363,36.36464158104437,36.695159912109375,15869400
2016-01-26,36.80783435145,37.27356533069266,36.770275909910744,37.03318786621094,10523400
2016-01-27,37.08576536313944,37.461355460014936,36.770271057216036,36.99562454223633,17247400
2016-01-28,37.12334013066194,37.50644380270021,37.01066477134726,37.37123107910156,15649200
2016-01-29,37.626623870701636,38.18249859089605,37.45385273395185,38.129913330078125,20576300
2016-02-01,38.04727318078647,38.415349824798334,37.9345950196667,38.25760269165039,18573100
2016-02-02,37.97967676107036,37.97967676107036,37.679203496747206,37.769344329833984,14068600
2016-02-03,37.91207055416662,37.97967689560253,37.33366138088722,37.68671417236328,25209800
2016-02-04,37.52146346003683,37.56653245239082,37.160897193575074,37.34117889404297,21240800
2016-02-05,37.4087852671201,37.521463479114296,37.085777449297765,37.28108596801758,20073300
2016-02-08,37.0331778681065,37.288579213356535,36.725194145792464,37.183414459228516,21546900
2016-02-09,36.89047315251009,37.6341402093322,36.86042524613669,37.43132400512695,24376300
2016-02-10,37.56651973759414,37.784362678660344,37.341166255519624,37.38623809814453,14798700
2016-02-11,36.943057831635656,37.25855227141294,36.71770425100528,37.08578109741211,26010400
2016-02-12,37.311137042366,37.61912382289298,37.13836585741704,37.611610412597656,12464000
2016-02-16,37.93460953736272,37.96465744056404,37.62662569336358,37.91207504272461,15217700
2016-02-17,38.07732840136161,38.415360109697076,37.96465307560008,38.30268478393555,11040500
2016-02-18,38.174985182696794,38.250102071535615,37.92709715710818,38.129913330078125,13101900
2016-02-19,38.024749472668915,38.26512696148306,37.81441988633796,38.19001007080078,9795000
2016-02-22,38.40785170390819,38.49048200004478,38.27263901305298,38.377803802490234,9152000
2016-02-23,38.302690127173285,38.44541337259134,38.21254641535846,38.370296478271484,9986500
2016-02-24,38.19001661445179,38.535558955638216,37.99471094589787,38.4904899597168,13271700
2016-02-25,38.58813101333248,38.94869721164436,38.497990180135865,38.92616271972656,9512000
2016-02-26,39.03132989794002,39.03132989794002,38.30268691447094,38.377803802490234,28143900
2016-02-29,38.35527448066614,38.65574493878163,38.2425962679191,38.25010681152344,13596800
2016-03-01,38.46794648721261,38.685789484658216,38.407853547018554,38.61818313598633,13169700
2016-03-02,38.663247698502296,38.73085403442383,38.422870252009105,38.73085403442383,16157700
2016-03-03,38.57310706354547,38.92616271972656,38.437894380987835,38.92616271972656,10743600
2016-03-04,38.91114609819033,39.18908205778089,38.76090943755118,39.0914306640625,17384700
2016-03-07,38.92616058045327,39.061373255579994,38.78343736360851,38.851043701171875,14095900
2016-03-08,38.74588590830712,39.17405850154911,38.67827955855704,38.96372604370117,11554900
2016-03-09,39.08390841717888,39.30926478994209,39.07639787533192,39.25667953491211,11307500
2016-03-10,39.39940394291003,39.489544768863766,38.93367299903632,39.27170181274414,13004500
2016-03-11,39.467008951982066,39.54963923363068,39.25667654446056,39.3994026184082,12880500
2016-03-14,39.37687301635742,39.467016722554156,39.25668427362077,39.37687301635742,10645100
2016-03-15,39.26418828917265,39.52710020553887,39.19658195846063,39.474517822265625,6523700
2016-03-16,39.4444970249806,39.654829568092865,39.17407438188245,39.5646858215332,13743400
2016-03-17,39.549640870057395,39.932741532477245,39.5120795655538,39.8050422668457,13903400
2016-03-18,39.87375915045955,39.91151066502905,39.69254784816765,39.752952575683594,13037000
2016-03-21,39.768044588779084,39.91905350343394,39.59438534501541,39.775596618652344,11421400
2016-03-22,39.6472321549433,39.75294039570807,39.48112496568021,39.541526794433594,9853200
2016-03-23,39.45847663500909,39.97190520399781,39.443378336146544,39.5490837097168,11304300
2016-03-24,39.41317617009613,39.54153187284149,39.375424662244875,39.503780364990234,9455500
2016-03-28,39.54908367779858,39.79824593240517,39.54908367779858,39.71519088745117,7363500
2016-03-29,39.692539818680395,40.02475711204535,39.63968713292359,40.00965881347656,10354700
2016-03-30,40.14556338755396,40.273921966552734,40.04741004625204,40.273921966552734,8932300
2016-03-31,40.205975979054685,40.273929856483036,40.017215528448794,40.06251907348633,8297400
2016-04-01,39.89640092336828,40.5985898886787,39.84354823825936,40.48533248901367,14840300
2016-04-04,40.53819783784317,40.58350138791261,40.28903551310178,40.50044631958008,12949000
2016-04-05,40.33433164256081,40.42493873250024,40.13802204153717,40.2286262512207,11748800
2016-04-06,40.122913848486185,40.553287369595985,40.122913848486185,40.545738220214844,11672400
2016-04-07,40.27392871703101,40.41738561854061,39.97946288325796,40.107818603515625,11243400
2016-04-08,40.281478681890825,40.372085771234175,40.1984265037099,40.3267822265625,7040200
2016-04-11,40.372072264938446,40.50042794485023,40.00965266957851,40.039852142333984,6694100
2016-04-12,40.04740745494246,40.33432119130579,40.04740745494246,40.28902053833008,9361100
2016-04-13,40.38718876418326,40.432489430630824,39.798254178060866,39.97946548461914,14780000
2016-04-14,39.95680253074466,40.054958751213206,39.768042119211835,39.79824447631836,11811300
2016-04-15,39.79070236670052,40.06251786823659,39.74539882302591,40.04741668701172,12384200
2016-04-18,39.9794561821363,40.273921966552734,39.949253824694786,40.273921966552734,8476800
2016-04-19,40.190869390296555,40.28902561787782,40.07006283337173,40.25127410888672,5980100
2016-04-20,40.183317328788284,40.183317328788284,39.700091136105115,39.79824447631836,20207300
2016-04-21,39.64724171239559,39.70009728564698,39.05831005886943,39.0885124206543,30667400
2016-04-22,38.96016001665735,39.23197555541992,38.91485934703439,39.23197555541992,22004200
2016-04-25,39.013002122157616,39.503780364990234,39.00545297268953,39.503780364990234,8947300
2016-04-26,39.601944439168946,39.62459477231817,39.27727622283539,39.34523010253906,10821800
2016-04-27,39.488689218249455,39.65479935130325,39.19422334984039,39.533992767333984,12012100
2016-04-28,39.382967364077,39.80579167145193,39.37541821584484,39.57172775268555,11547000
2016-04-29,39.564180050173825,39.57172919868184,39.25461311675407,39.48867416381836,13198500
2016-05-02,39.60194204778008,39.97946293883564,39.47358344708815,39.94171142578125,14096300
2016-05-03,39.79825324446945,40.024765212161746,39.75295257908455,39.866207122802734,12837300
2016-05-04,39.75293847625025,40.06250539433352,39.639681092455554,39.98699951171875,11003200
2016-05-05,39.896400207736605,40.213516312701984,39.8661978510003,39.99455642700195,10555900
2016-05-06,39.93415515444132,40.198421478271484,39.80579944763521,40.198421478271484,8435400
2016-05-09,40.22106791572899,40.53063486835697,40.13046372673562,40.41737747192383,9845100
2016-05-10,40.54573521750231,40.81755065917969,40.50043168380436,40.81755065917969,8567400
2016-05-11,40.75716822009782,40.80247177855275,40.4778034769343,40.49290466308594,6462100
2016-05-12,40.58347828876863,40.79488897491703,40.500423267709024,40.71183395385742,11906400
2016-05-13,40.61369383828401,40.674095676705846,40.13046760988721,40.198421478271484,10657700
2016-05-16,40.122911373377754,40.545735719023156,40.092709017205536,40.45513153076172,8139300
2016-05-17,40.30413703786157,40.432492777094595,39.55664429679319,39.662349700927734,19898200
2016-05-18,39.443375305445734,39.56418184885156,39.05075331931302,39.201759338378906,20120200
2016-05-19,39.32257052836651,39.60193513249338,39.22441430736047,39.58683395385742,13237300
2016-05-20,39.69253968147147,39.715190009501704,39.33766918096935,39.382972717285156,7050800
2016-05-23,39.45092150038235,39.52642450426195,39.34521614284891,39.420719146728516,8546700
2016-05-24,39.511339426131684,39.843556786701576,39.4962382442527,39.752952575683594,11258200
2016-05-25,39.82845185794857,39.97946078227629,39.73784765545421,39.813350677490234,9767300
2016-05-26,39.85865784068811,40.062519475016394,39.85865784068811,39.9719123840332,7957000
2016-05-27,40.01720428466797,40.08515814300308,39.88884859684336,40.01720428466797,7873000
2016-05-31,40.07760938622965,40.138011216309664,39.6698862322329,39.76049041748047,8766400
2016-06-01,39.79070721357419,40.16822814941406,39.79070721357419,40.16822814941406,10175800
2016-06-02,40.08515906164274,40.18331527709961,39.949251341857895,40.18331527709961,6309800
2016-06-03,40.2588254881311,40.455137954165494,40.100267413434175,40.44003677368164,13362500
2016-06-06,40.50798569709987,40.59103785923153,40.28902292721698,40.48533248901367,10778100
2016-06-07,40.51553979584522,40.59859484837857,40.37208290163215,40.44003677368164,5572800
2016-06-08,40.43248310687902,40.69674943426719,40.34942805770718,40.68164825439453,6024500
2016-06-09,40.60613459393972,40.86284884219773,40.598585445574045,40.8401985168457,5946800
2016-06-10,40.63633935303552,40.93835715012797,40.591035819395096,40.87040328979492,10563900
2016-06-13,40.87040130420128,40.93835516123294,40.53063201904297,40.53063201904297,9091800
2016-06-14,40.51554968679923,40.70431016854546,40.27393650058458,40.689208984375,9530900
2016-06-15,40.681639648141,40.79489415284346,40.51552958493812,40.568382263183594,9347600
2016-06-16,40.44002639286958,40.80244599068315,40.37962168643985,40.77979278564453,12205700
2016-06-17,40.72132014265674,40.782085387905376,40.34912251176485,40.6149787902832,10077500
2016-06-20,40.87323714601175,41.002365101714396,40.690935617131224,40.74410629272461,6497500
2016-06-21,40.79727412181761,40.956786137468306,40.78208208733883,40.85044479370117,6879100
2016-06-22,40.90361114863559,41.01754994640921,40.8276538818425,40.87322998046875,5408300
2016-06-23,41.032736820190244,41.12388610839844,40.918798036742274,41.12388610839844,5642500
2016-06-24,40.37191632605518,40.85045246284627,40.16682816846549,40.33393478393555,23775900
2016-06-27,40.27315280867922,40.34151549948802,39.992107478724655,40.2503662109375,19305900
2016-06-28,40.59218308569718,40.59218308569718,40.13643367442212,40.501033782958984,11868600
2016-06-29,40.71372223948107,40.99477055069435,40.58459428372186,40.971981048583984,10821000
2016-06-30,41.02514286597185,41.89107131958008,41.01754829863123,41.89107131958008,20984800
2016-07-01,41.9670275918884,41.98221962379462,41.67838478083792,41.69357681274414,14933900
2016-07-05,41.64040762428577,42.19490376936935,41.64040762428577,41.92905044555664,19917100
2016-07-06,41.92145728421918,42.0353960904553,41.708774603334916,41.96703338623047,19540000
2016-07-07,42.073368493163045,42.149328651927746,41.79991771677767,41.88347244262695,15618100
2016-07-08,42.042987877256294,42.3392281743552,41.91385994314325,42.301246643066406,10227500
2016-07-11,42.308841705322266,42.43796963210117,42.09615615300429,42.308841705322266,8213900
2016-07-12,42.240478940251975,42.30124417111188,42.06577491735195,42.08096694946289,15270800
2016-07-13,42.134141973246926,42.36961125137404,42.05058723678216,42.31644058227539,9398800
2016-07-14,42.29364967318642,42.55190842432808,42.23288154464304,42.308841705322266,15486400
2016-07-15,42.33922576959396,42.50633232792055,42.22528697736704,42.308841705322266,10722200
2016-07-18,42.30883979674415,42.339223859645195,42.19490100965709,42.26326370239258,9656800
2016-07-19,42.14173796048259,42.232887268066406,42.02780205039887,42.232887268066406,5295600
2016-07-20,42.22528690814104,42.2784575717374,42.05817745250456,42.08096694946289,6073200
2016-07-21,42.020211202133325,42.042997808221806,41.79993101799567,41.95944595336914,6682400
2016-07-22,42.042990211090114,42.179715618084245,41.98981954143508,42.15692901611328,10602400
2016-07-25,42.118944663168165,42.14932872672797,41.92145114761323,42.11134719848633,4033400
2016-07-26,42.0581798020113,42.18731063337603,41.75434783557103,41.78472900390625,11737800
2016-07-27,41.73156109831788,41.73156109831788,41.047936955410385,41.16187286376953,21562400
2016-07-28,41.40493866828616,41.42013070190461,41.04033855419572,41.344173431396484,10873800
2016-07-29,41.397341755794244,41.610024419239345,41.31378702441682,41.549259185791016,9262200
2016-08-01,41.51886849055134,41.67838046266433,41.39733514547713,41.594825744628906,14918200
2016-08-02,41.610030152649045,41.69358489553941,41.35936882156234,41.53407287597656,11733500
2016-08-03,41.60243171350006,41.60243171350006,41.192255503427205,41.30619430541992,13290800
2016-08-04,41.37455608102989,41.56445214837798,41.26821474692839,41.397342681884766,8943200
2016-08-05,41.564456462874006,41.67839237655928,41.3821549443595,41.4657096862793,12028500
2016-08-08,41.64041182966047,41.67079589761732,41.291003740909304,41.42013168334961,8057700
2016-08-09,41.420128356139365,41.70117661578779,41.420128356139365,41.549259185791016,7840900
2016-08-10,41.663209404744904,41.784742810996555,41.61763618839114,41.70119094848633,7303600
2016-08-11,41.91387368503048,41.91387368503048,41.685998910506754,41.70119094848633,8083000
2016-08-12,41.777138240293795,41.89107704907376,41.746754171607904,41.84550094604492,8783800
2016-08-15,41.898666811602055,41.96702950951185,41.73915481567383,41.73915481567383,8568200
2016-08-16,41.678399091534295,41.68599655888798,41.549271122369795,41.55686569213867,6712100
2016-08-17,41.54166079918915,41.73155685807706,41.38974627014595,41.67079162597656,12552000
2016-08-18,41.73915199264902,41.860685347648335,41.73915199264902,41.81510925292969,6683700
2016-08-19,41.7619380936874,41.7695355581752,41.63281017323188,41.71636199951172,5846500
2016-08-22,41.716362001382834,41.82270622113085,41.640404742003675,41.777130126953125,9938600
2016-08-23,41.79991813850384,41.87587829803492,41.67838478083792,41.69357681274414,5687400
2016-08-24,41.678395744004646,41.76195049267533,41.45811846738187,41.62522506713867,7793500
2016-08-25,41.648011204793804,41.648011204793804,41.3821549443595,41.4657096862793,7359700
2016-08-26,41.50367869556021,41.67078814063139,41.139078640700646,41.25301742553711,13499700
2016-08-29,41.32898046684802,41.496089935302734,41.291001832449425,41.496089935302734,8202800
2016-08-30,41.42012397302462,41.48089209762638,41.19224930093535,41.25301742553711,7950900
2016-08-31,41.21504210479211,41.35176750814973,41.16187143655127,41.30619430541992,8154900
2016-09-01,41.13908293468191,41.35936306298001,41.101104301633534,41.32138442993164,16677600
2016-09-02,41.473309501368014,41.73916579543423,41.442928325759205,41.640419006347656,10966300
2016-09-06,41.6480117227407,41.74675560297907,41.442923598455465,41.731563568115234,9273300
2016-09-07,41.655597610559205,41.731554871464894,41.28340007792028,41.3669548034668,13418500
2016-09-08,41.20745420443946,41.32898759402382,41.0631342098032,41.13909149169922,13344400
2016-09-09,40.78208733534947,40.85804751751823,40.02250289916992,40.02250289916992,24921600
2016-09-12,39.97692358502349,40.83525178062264,39.97692358502349,40.77448654174805,23542700
2016-09-13,40.5617980238877,40.607371222091196,40.18960048558418,40.273155212402344,21780500
2016-09-14,40.29595804610085,40.440280958780825,40.03769919442535,40.15163803100586,19396200
2016-09-15,40.060477804992836,40.52382180036102,40.0224962714059,40.478248596191406,10119900
2016-09-16,40.430862514578166,40.46907635618722,40.10985983089779,40.3467903137207,14475100
2016-09-19,40.35443200385122,40.4996486840233,40.262718200683594,40.262718200683594,9579400
2016-09-20,40.453800310171886,40.52258640840887,40.36208648436589,40.369728088378906,9705900
2016-09-21,40.377369745353874,40.690727967211174,40.16336694627174,40.59136962890625,24882700
2016-09-22,40.73657023769346,41.027000639630714,40.73657023769346,40.9505729675293,17316000
2016-09-23,40.958215348934715,40.96585695007894,40.751857131694415,40.76714324951172,12930800
2016-09-26,40.66014058083812,40.675426697618,40.3849963098576,40.42321014404297,12797200
2016-09-27,40.42322519724095,40.7060111741537,40.400297471297414,40.59136962890625,12608700
2016-09-28,40.67543474040789,40.75186242389074,40.47671809850569,40.66014862060547,9757500
2016-09-29,40.63721793101012,40.66014856844895,40.23214596111797,40.262718200683594,15094000
2016-09-30,40.45378961707086,40.80536161933821,40.45378961707086,40.667789459228516,17343100
2016-10-03,40.59900440698044,40.62957664678527,40.331504597511326,40.40793228149414,11454200
2016-10-04,40.37736792870833,40.40793725674777,39.98757911202689,40.06400680541992,13346600
2016-10-05,40.13277962570345,40.20156569322477,39.926424338668134,40.025779724121094,15203800
2016-10-06,39.87292215916213,40.201566385699515,39.81178060671704,40.102210998535156,15413300
2016-10-07,40.11750623253548,40.201575521811776,39.71243132897452,39.99522018432617,11403000
2016-10-10,40.086933991600816,40.23214776274645,39.91878958198949,39.99522018432617,8661700
2016-10-11,39.9646501575616,39.99522240019007,39.64364744102171,39.78886413574219,19642600
2016-10-12,39.857657894165015,40.109871655562515,39.7812272728854,40.01051330566406,7145400
2016-10-13,39.73535679716847,40.132784215489394,39.68949844173345,40.01814270019531,19180700
2016-10-14,40.03342424025049,40.21685180995492,39.964638172729174,40.025779724121094,10659100
2016-10-17,40.04107504688376,40.09457500997537,39.81178907427269,39.834716796875,8465000
2016-10-18,40.01813756910081,40.18628193527424,39.949351502532465,39.956993103027344,7844900
2016-10-19,39.88057281651821,39.949358895816545,39.666572976714114,39.72771453857422,9032000
2016-10-20,39.704776763916016,39.8423488876789,39.60541847108095,39.704776763916016,12176300
2016-10-21,39.84236503178527,39.97229269269217,39.75064830176083,39.918792724609375,14028200
2016-10-24,39.96465003565628,40.27036371441987,39.96465003565628,40.17864990234375,7609500
2016-10-25,40.346786989259165,40.42321466617985,40.29328703230888,40.323856353759766,9414600
2016-10-26,40.354435061414705,40.43086566611973,40.209221285769345,40.270362854003906,12417600
2016-10-27,40.25506696508405,40.41556973825353,40.03342555404489,40.0869255065918,17905700
2016-10-28,40.056371209514495,40.39265719261781,39.987585108933125,40.25508499145508,12751000
2016-10-31,40.28564888073209,40.45379329516046,40.25507663892158,40.354434967041016,8579100
2016-11-01,40.35443592362696,40.42322201156643,40.04872224486336,40.17864990234375,11342100
2016-11-02,40.079288482666016,40.30857736847765,40.04871915801652,40.079288482666016,9703300
2016-11-03,40.201569407882765,40.209213924718526,39.75063912702747,39.804141998291016,15641600
2016-11-04,39.743006930464446,39.804151417503995,39.41436260145093,39.4449348449707,11992400
2016-11-07,39.78122275062984,40.13279482195972,39.758295024617375,40.109867095947266,11763000
2016-11-08,39.819436395410484,40.40029738601181,39.78122254707534,40.278011322021484,13406800
2016-11-09,39.45257022138087,39.857645095261816,39.185070421625745,39.72771453857422,34557200
2016-11-10,39.743002360527726,39.743002360527726,38.58892799789144,38.66535568237305,52820800
2016-11-11,38.558357774021445,38.75707151338152,38.37492723993339,38.62714385986328,20828100
2016-11-14,38.627143323656504,38.65771556483503,38.41314055093625,38.55835723876953,20591800
2016-11-15,38.634791978444525,38.85643639415291,38.57365040045631,38.795291900634766,23028700
2016-11-16,38.80294418334961,38.97108865863505,38.74179967759836,38.80294418334961,16034200
2016-11-17,38.77235996469994,38.81057381123581,38.55836009167537,38.73414611816406,15626700
2016-11-18,38.7341450521432,38.76471729474235,38.543072909192816,38.59657287597656,14786100
2016-11-21,38.596571829721334,38.871716174596145,38.47428577816914,38.85643005371094,18968700
2016-11-22,38.97107596893417,39.13157587097373,38.94814532897884,39.055145263671875,11991800
2016-11-23,38.90228140489362,39.03220903570646,38.78763697668201,38.84113693237305,14783600
2016-11-25,38.925217641935404,39.154503633002044,38.925217641935404,39.1468620300293,10823500
2016-11-28,39.13920599710658,39.29970585208258,39.04749221076725,39.23092269897461,15116500
2016-11-29,39.23857309630487,39.330286903204836,39.146859289404894,39.28443145751953,7915400
2016-11-30,39.085722264011764,39.200366731154006,38.6500779537191,38.65772247314453,16837600
2016-12-01,38.51250608264821,38.55071993350643,38.19914784076286,38.4055061340332,33621100
2016-12-02,38.50486402207303,38.68065006636023,38.48193337940607,38.65007781982422,21587200
2016-12-05,38.65771282525943,38.75706822875447,38.581282227729574,38.695926666259766,21223400
2016-12-06,38.68063831348087,38.81056594848633,38.65771059331027,38.81056594848633,16546300
2016-12-07,38.79527585667309,39.39906436058063,38.78763425590851,39.368492126464844,11756500
2016-12-08,39.21563707005944,39.399064645020964,39.13920648421818,39.20799255371094,17006400
2016-12-09,39.23093821109171,39.78122406224228,39.23093821109171,39.773582458496094,14415900
2016-12-12,39.67421240355841,39.972284425666906,39.67421240355841,39.9340705871582,9935900
2016-12-13,40.01048606414639,40.209202628645244,39.91877229658513,40.117488861083984,10452400
2016-12-14,40.140432918327484,40.27036056564873,39.57485813776681,39.68185806274414,25363200
2016-12-15,39.681857884307625,39.979932851084634,39.5595718398078,39.85000228881836,16154500
2016-12-16,39.97782343870207,40.10102448606228,39.89312712455388,40.07792282104492,15871100
2016-12-19,40.12412984781361,40.21652771133593,40.01633185082505,40.154930114746094,7523200
2016-12-20,40.17032066929045,40.17032066929045,39.89312712455388,40.07792282104492,15316900
2016-12-21,40.039424499709504,40.26272199513458,40.039424499709504,40.07022476196289,6553100
2016-12-22,40.02401371345268,40.09331281643677,39.93931448344169,40.00861358642578,6537200
2016-12-23,39.98553672714744,40.116433472534766,39.98553672714744,40.085636138916016,6484300
2016-12-27,40.0548240933022,40.154923475645056,40.008623700542124,40.07792282104492,13378500
2016-12-28,40.04711600360506,40.07021766484074,39.831520080566406,39.831520080566406,8643600
2016-12-29,39.85462319224443,40.06252054260868,39.831524465739896,40.01632308959961,10299400
2016-12-30,40.02400213774041,40.101002750604835,39.73140568340167,39.816104888916016,8049900
2017-01-03,39.84692952527086,40.01632803999223,39.73143000391086,39.96242904663086,21730000
2017-01-04,40.01632803999223,40.15492629071429,39.95472751199361,39.96242904663086,9144600
2017-01-05,39.95471691056477,40.14721410357175,39.80842010129813,40.09331512451172,12312500
2017-01-06,40.016308891104934,40.154907075504006,39.870009175754,40.131805419921875,9092400
2017-01-09,39.97781762957943,40.00861788694394,39.769923235554515,39.80842208862305,6903200
2017-01-10,39.76993050289504,39.831528091605854,39.546633002109495,39.60823059082031,10344300
2017-01-11,39.538919076306854,39.746816380441416,39.538919076306854,39.685218811035156,12087500
2017-01-12,39.66981579121672,39.73911488754087,39.6082152890292,39.6467170715332,13257600
2017-01-13,39.64673921907318,39.74683568513357,39.569738548324516,39.669837951660156,6517700
2017-01-17,39.70061578073357,40.25500561040046,39.66211399848324,40.23190689086914,19030100
2017-01-18,40.19341304259044,40.38591022867826,40.19341304259044,40.37051010131836,11652100
2017-01-19,40.32430141841324,40.32430141841324,40.13180427195129,40.224205017089844,17283400
2017-01-20,40.41670478102722,40.632300659099606,40.278106591616826,40.48600387573242,11015600
2017-01-23,40.48601551657796,40.50911424236336,40.339715753872014,40.47061538696289,16203800
2017-01-24,40.5014184822374,40.7786149802731,40.48602128770191,40.740116119384766,10242500
2017-01-25,40.832499216193746,40.886398189413406,40.72470126975444,40.73240280151367,8816800
2017-01-26,40.74781416415525,40.75551569859338,40.55531692504883,40.55531692504883,9985400
2017-01-27,40.455221739993185,40.563019727298084,40.22422563330057,40.33202362060547,16358700
2017-01-30,40.216516882867154,40.35511510947003,40.18571662422777,40.30121612548828,9951700
2017-01-31,40.30121237155488,40.493709564208984,40.23191326470844,40.493709564208984,12061300
2017-02-01,40.30120710290488,40.42440517260665,40.170307501630326,40.178009033203125,18479800
2017-02-02,40.36282022157139,40.709315844016025,40.36282022157139,40.5476188659668,18747500
2017-02-03,40.75551491897534,40.924913426076465,40.647716937101784,40.80941390991211,17954700
2017-02-06,40.78630789532741,40.79400649096819,40.58610916137695,40.58610916137695,19067900
2017-02-07,40.663111024934224,40.994206455637276,40.663111024934224,40.917205810546875,8364400
2017-02-08,40.963399368295825,41.16359513760624,40.90179886249337,41.08659744262695,8559200
2017-02-09,41.040397866845325,41.32529286857547,40.97109876509758,41.25599670410156,8840900
2017-02-10,41.27910560258158,41.340703187502655,41.13280583100421,41.28680419921875,9354200
2017-02-13,41.34840472141439,41.402303709698295,41.17130762601377,41.28680419921875,14059100
2017-02-14,41.1867042908039,41.3714999672916,41.0404045315373,41.29450225830078,10483300
2017-02-15,41.386892267858016,41.702587514642815,41.3021930416251,41.67178726196289,12675900
2017-02-16,41.62560012364511,41.741096693872606,41.43310290265811,41.7256965637207,11377300
2017-02-17,41.602505865377154,41.97980177807428,41.52550813818591,41.93360137939453,15581800
2017-02-21,42.056784869956516,42.41868052382459,42.010587424627985,42.310882568359375,16500000
2017-02-22,42.272394614296815,42.372491063158826,42.21079408828197,42.3185920715332,8099000
2017-02-23,42.34938679901476,42.588084400209794,42.318586540033266,42.41868591308594,9790300
2017-02-24,42.3724823548998,42.58037968156138,42.341685035496496,42.564979553222656,7762200
2017-02-27,42.49569186644568,42.49569186644568,42.28009588630332,42.372493743896484,12707400
2017-02-28,42.30317826783554,42.5187771019322,42.25698082552996,42.42637634277344,17735500
2017-03-01,42.4494898156297,42.71898476166339,42.387889292379356,42.6265869140625,16716100
2017-03-02,42.58038618219594,42.71128582442214,42.49568693203921,42.6188850402832,9988500
2017-03-03,42.48798791366186,42.52648677136704,42.27239196069319,42.45718765258789,10083200
2017-03-06,42.31089494911022,42.33399367853349,42.203096962101824,42.272396087646484,6686600
2017-03-07,42.16458867809746,42.30318690786921,42.15689008189876,42.21849060058594,7846500
2017-03-08,42.11069849991992,42.195397762191604,42.072199636325976,42.1260986328125,10788000
2017-03-09,42.11068954967568,42.264687908595526,42.11068954967568,42.19538879394531,7025300
2017-03-10,42.372478291107,42.44177739334796,42.27238187241638,42.38787841796875,6530200
2017-03-13,42.34938679901476,42.47258489766637,42.295487814434324,42.41868591308594,10658000
2017-03-14,42.364789382978714,42.457187228002056,42.27239153795538,42.29549026489258,7890800
2017-03-15,42.349383048199535,42.734377439546805,42.349383048199535,42.61117935180664,14102900
2017-03-16,42.618883910600815,42.67278289794922,42.526486066185626,42.67278289794922,8727200
2017-03-17,42.703741342624696,42.85081068069922,42.55667495727539,42.55667495727539,16469400
2017-03-20,42.59537558596651,42.69600150720546,42.5644162625066,42.64181900024414,6559200
2017-03-21,42.65729758550587,42.78114373010947,42.54893257806835,42.60311508178711,13135500
2017-03-22,42.665041243243174,42.7347048915826,42.417348927530824,42.517974853515625,7094700
2017-03-23,42.47927711864644,42.634085567398124,42.355430950190204,42.42509460449219,7474700
2017-03-24,42.42509153511581,42.487013138501226,42.200619448302284,42.33994674682617,8343300
2017-03-27,42.18513957324254,42.355429154924096,42.1154759218933,42.301246643066406,5739500
2017-03-28,42.146424296181536,42.48700039445839,42.146424296181536,42.37863540649414,8810200
2017-03-29,42.33993154208825,42.51021810479039,42.30896927515176,42.45603561401367,5558200
2017-03-30,42.41735874842088,42.494764460456054,42.33221394154519,42.37091827392578,5399100
2017-03-31,42.31672720032878,42.425095182840145,42.247066497802734,42.247066497802734,4762300
2017-04-03,42.30899158581726,42.35543501071287,42.107742650054675,42.177406311035156,10666600
2017-04-04,42.20835980611714,42.30898573644946,42.13095706138485,42.301246643066406,5284000
2017-04-05,42.30897212550997,42.49474278692002,42.169644867633544,42.22382736206055,7268100
2017-04-06,42.26252872197633,42.39411688895939,42.19286509303812,42.22382736206055,5061000
2017-04-07,42.2625410516877,42.45605086044584,42.24706286538536,42.33994674682617,7629900
2017-04-10,42.35541826829787,42.53344689760373,42.27801259073575,42.463783264160156,5260600
2017-04-11,42.47152507574692,42.51796848525877,42.33219779993622,42.47926712036133,6325100
2017-04-12,42.44830920317509,42.66503923102037,42.42508897239887,42.64181900024414,7377400
2017-04-13,42.61085072063898,42.64955208405514,42.432822086744835,42.44830322265625,6719100
2017-04-17,42.51797194446681,42.75018310546875,42.510229899222516,42.75018310546875,10585800
2017-04-18,42.69601034246753,43.06754887539709,42.61860758871271,42.943702697753906,11085500
2017-04-19,42.99786936658509,43.02883163776441,42.719214831420665,42.7811393737793,7254600
2017-04-20,42.634081358452804,42.76566660762968,42.548936572408806,42.69600296020508,9738200
2017-04-21,42.67279239031751,42.70375172184061,42.54894620604728,42.572166442871094,8435700
2017-04-24,42.696005458084855,43.02884257606075,42.696005458084855,42.95917892456055,9831700
2017-04-25,42.98239006309538,43.19138097337682,42.966908926845846,43.129459381103516,7292900
2017-04-26,43.144938678324486,43.144938678324486,42.75791914675716,42.7811393737793,7930800
2017-04-27,42.843070972871026,42.86629415804351,42.657303207843476,42.726966857910156,5861400
2017-04-28,42.60311418186323,42.726960323850776,42.48700713193276,42.71147918701172,7034800
2017-05-01,42.77340789088307,42.77340789088307,42.510234426327656,42.5489387512207,8353900
2017-05-02,42.45604487669976,42.54118965298911,42.223833729462854,42.262535095214844,7672100
2017-05-03,42.301246643066406,42.370910294415644,42.16965843375099,42.301246643066406,10973800
2017-05-04,42.409608925319446,42.850811037769056,42.370907555455055,42.626338958740234,11587700
2017-05-05,42.7424430847168,42.788883544273574,42.61085489294748,42.7424430847168,8539500
2017-05-08,42.773407322804346,42.773407322804346,42.641822068636955,42.726966857910156,5323400
2017-05-09,42.71149376926584,42.7888965271625,42.502502779673726,42.572166442871094,7256900
2017-05-10,42.59537303684157,42.65729758550587,42.541190533122816,42.60311508178711,5232300
2017-05-11,42.54894256498498,42.66504669189453,42.47927890774897,42.66504669189453,5058900
2017-05-12,42.62634352492638,42.65730580522471,42.51797849660779,42.54119873046875,5478800
2017-05-15,42.51797538810718,42.726966335753175,42.51797538810718,42.68052291870117,7303700
2017-05-16,42.81210856653696,42.87403016618197,42.610856724059055,42.64181900024414,4797100
2017-05-17,42.57215592674366,42.72696435702232,42.46379091136617,42.57989501953125,14021700
2017-05-18,42.59537396503564,42.71148101994878,42.47152781773332,42.61085510253906,7906600
2017-05-19,42.6263409403904,42.920476679939256,42.56441933627376,42.84307098388672,6277600
2017-05-22,42.850808100596915,43.14494380631046,42.84306605551956,43.0830192565918,7101800
2017-05-23,43.14494051735305,43.33070824689778,43.10623620036681,43.129459381103516,7518500
2017-05-24,43.16043539840739,43.33072501030755,43.10625287693478,43.29976272583008,5136700
2017-05-25,43.36167632856572,43.686771375184435,43.34619519024218,43.5706672668457,6036600
2017-05-26,43.601611067640874,43.7409353480647,43.593869025397126,43.73319625854492,4207600
2017-05-30,43.640328740790224,43.756432843350005,43.570665098164326,43.71773147583008,4250900
2017-05-31,43.756434653554535,43.96542559007818,43.756434653554535,43.84157943725586,9780100
2017-06-01,43.89575326795097,44.197628021240234,43.75642600447522,44.197628021240234,23243900
2017-06-02,44.31374630844615,44.34470858657338,44.10475536017534,44.329227447509766,17247900
2017-06-05,44.275049264031274,44.398895435918014,44.14346104549343,44.375675201416016,17359600
2017-06-06,44.336963296425736,44.37566761761537,44.1821578225678,44.26729965209961,14846500
2017-06-07,44.17441306372411,44.31374034381787,44.15893192674425,44.25181579589844,10077700
2017-06-08,44.228597353401746,44.2363393985669,43.795137311356,43.918983459472656,10593400
2017-06-09,43.88801886635831,43.98864477911522,43.74869158799488,43.86479568481445,13410200
2017-06-12,43.88029115925758,44.05831986139749,43.75644497721566,43.85707092285156,11442400
2017-06-13,43.85705602724395,43.965421030634815,43.686766477501216,43.926719665527344,9520600
2017-06-14,44.10476498067557,44.298274832092744,44.05058245849684,44.20539093017578,16040200
2017-06-15,43.988655092268374,44.174422871822976,43.83384664082246,44.104759216308594,10361100
2017-06-16,43.719437121259205,43.735037634506256,43.251433625822145,43.64143753051758,26268000
2017-06-19,43.74284252676128,43.85204315185547,43.45423747416222,43.85204315185547,7883100
2017-06-20,43.89104530209495,43.91444458715653,43.67264404020275,43.680442810058594,7231700
2017-06-21,43.680430842182545,43.77403093227769,43.508828197430425,43.55562973022461,12517800
2017-06-22,43.4932249494337,43.51662720210468,43.25142448394684,43.267024993896484,7227600
2017-06-23,43.259224852175805,43.41522698195274,43.228023831121796,43.28262710571289,10146400
2017-06-26,43.415231469604834,43.59463289596969,43.37623167700264,43.45423126220703,6590500
2017-06-27,43.368420699990565,43.49322179504334,43.07201995892325,43.07981872558594,10585500
2017-06-28,43.33721876603209,43.42301709358801,43.22021644814918,43.235816955566406,10734300
2017-06-29,43.18122769145358,43.2982270637137,42.619621183026396,42.7756233215332,19058600
2017-06-30,42.93941611587272,43.01741865813652,42.8458160406489,42.853614807128906,11222600
2017-07-03,42.88482560267527,43.064227027550196,42.79902427436695,42.81462478637695,5782600
2017-07-05,42.80682663353957,42.900426731451844,42.73662581623201,42.783424377441406,15837000
2017-07-06,42.63521078673378,42.767813611962424,42.53380897632276,42.54161071777344,7893700
2017-07-07,42.58061339863143,42.666414707477394,42.40121201445021,42.518211364746094,9841500
2017-07-10,42.55722440573604,42.55722440573604,42.16722052620379,42.22182083129883,9119200
2017-07-11,42.2608109184569,42.27641142711457,42.01120873091985,42.10480880737305,11256400
2017-07-12,42.370022436499085,42.487024793875825,42.30762336126009,42.33882141113281,8100800
2017-07-13,42.39341339101033,42.440214919867145,42.30761505134562,42.346614837646484,10008200
2017-07-14,42.5416280756475,42.744428803723935,42.52602756187335,42.682029724121094,6341100
2017-07-17,42.760021822860885,42.7756223339007,42.60401968795596,42.72882080078125,7902200
2017-07-18,42.69762275419486,42.79902161271381,42.596220920182674,42.72882080078125,5310800
2017-07-19,42.713227798740974,42.884830474853516,42.65862748824948,42.884830474853516,5592000
2017-07-20,42.853621136728094,43.02522377956191,42.775621558436285,42.89262390136719,9816700
2017-07-21,42.744414004027206,42.978415678631904,42.705414220841874,42.96281814575195,7738700
2017-07-24,42.947226960867134,42.97062624075958,42.79122481876632,42.822425842285156,9302400
2017-07-25,42.970627417292086,43.15002884419734,42.93162762457241,43.11882781982422,13799900
2017-07-26,43.1266234591971,43.220223543574136,42.97842010214932,43.11102294921875,7594000
2017-07-27,43.142226531058405,43.54002914490303,43.11882427695469,43.532230377197266,12859000
2017-07-28,43.39962440696935,43.57902580625637,42.56501647418094,43.16562271118164,18412200
2017-07-31,43.056420519623835,43.25142242145593,43.04861877727454,43.150020599365234,7279300
2017-08-01,43.19682877765341,43.31382815147039,43.07982642834308,43.10322570800781,19015300
2017-08-02,43.01743261890865,43.14223375154065,42.87703097276094,43.0720329284668,17133700
2017-08-03,43.06422867413878,43.29043164369274,42.97842734254979,43.03302764892578,17803400
2017-08-04,43.00961569757185,43.15001729417595,42.853613592957,42.916015625,17063700
2017-08-07,42.923812758207006,43.26701797040085,42.923812758207006,43.235816955566406,16854000
2017-08-08,43.12663323802494,43.25143437065694,43.04863067044637,43.0720329284668,9813200
2017-08-09,43.040817726746546,43.173417584720255,42.99401620161261,43.14221954345703,7251800
2017-08-10,43.03301597018991,43.165618803611295,42.947217637379275,42.96281814575195,6662800
2017-08-11,42.88482177056611,43.17342377822871,42.88482177056611,42.994022369384766,4928400
2017-08-14,43.08762861570057,43.30602982946983,43.08762861570057,43.204627990722656,10657800
2017-08-15,43.220230143570134,43.48543290271405,43.220230143570134,43.423030853271484,11059000
2017-08-16,43.44643072549766,43.633630912566026,43.44643072549766,43.571231842041016,5682800
2017-08-17,43.41522338227287,43.62582579368612,43.17341995239258,43.17341995239258,6725600
2017-08-18,43.0798300983085,43.20463122630775,42.986229996182466,43.05643081665039,6810300
2017-08-21,43.02521069119857,43.29041334240598,42.90040961860052,43.2124137878418,6829300
2017-08-22,43.23581916666231,43.34501974867489,43.1578196010798,43.220218658447266,7129400
2017-08-23,43.173416587300245,43.220218111352935,43.04861549865239,43.09541702270508,5367100
2017-08-24,43.05642158308765,43.173420941780975,42.46361412060015,42.50261688232422,11807100
2017-08-25,42.666419068030656,42.81461945041545,42.61961753783349,42.64301681518555,7359200
2017-08-28,42.60401267359206,42.65861296549535,42.39341027246817,42.518211364746094,6204700
2017-08-29,42.463620119765274,42.705423589348335,42.42462032802436,42.66642379760742,6219500
2017-08-30,42.58842192523646,42.736625301931966,42.580623156959895,42.65862274169922,6497100
2017-08-31,42.68983299833063,42.75223506001254,42.6274339121428,42.674232482910156,10117300
2017-09-01,42.76001945098883,42.884820556891476,42.71321792046543,42.87702178955078,17904500
2017-09-05,42.752226226740035,42.97062744651348,42.71322345850038,42.93942642211914,20215900
2017-09-06,43.01742895385176,43.15783058803734,42.90822536854584,43.11882781982422,17462000
2017-09-07,43.15001999032974,43.243620068750026,43.04081940292393,43.18122100830078,16738100
2017-09-08,43.03301826298275,43.1110208090021,42.806818318258856,42.970619201660156,9158200
2017-09-11,43.048613842052255,43.29821600974276,43.04081507608991,43.235816955566406,9177800
2017-09-12,43.23582572377471,43.33722755480465,43.21242644564978,43.32942581176758,7453400
2017-09-13,43.290426935852416,43.50882813760519,43.290426935852416,43.35282897949219,7972300
2017-09-14,43.28262550384613,43.37622558805094,43.12662337984275,43.267024993896484,5817900
2017-09-15,43.373766759201004,43.373766759201004,43.16969316349895,43.34237289428711,12497700
2017-09-18,43.38162047711723,43.47580806672405,43.27958217511098,43.40516662597656,8299400
2017-09-19,43.42872512034059,43.45227127427002,43.169705450436304,43.27174377441406,6207700
2017-09-20,43.15399998807465,43.20894300107502,42.64381443961839,42.855735778808594,11029200
2017-09-21,42.80079411348577,42.840041690438674,42.408342297314675,42.44758987426758,10398700
2017-09-22,42.518220654169845,42.518220654169845,42.290600917434624,42.32199478149414,11318200
2017-09-25,42.39263933310512,42.667357371556214,42.361245466736804,42.62811279296875,9185400
2017-09-26,42.675212925878924,42.79294967743025,42.58102532113985,42.73015594482422,17321400
2017-09-27,42.64380714708689,42.68305172192312,42.16501554924512,42.40048599243164,11657800
2017-09-28,42.34554298882709,42.51821971694034,42.30629841399086,42.40048599243164,7768200
2017-09-29,42.400491710403514,42.50253001407353,42.3298502685042,42.36909484863281,14502800
2017-10-02,42.369100437700865,42.54178020604903,42.25921440117746,42.290611267089844,17850000
2017-10-03,42.36124903460816,42.41619204809206,42.22781386316891,42.33769989013672,20409200
2017-10-04,42.27490828620349,42.63596322284383,42.15717154878313,42.471134185791016,21389200
2017-10-05,42.61242688508058,42.769408239731476,42.5496331455521,42.65951919555664,19005000
2017-10-06,42.44758486801701,42.51822331219379,42.1807175447281,42.235660552978516,7605500
2017-10-09,42.29060347309623,42.35339419917897,42.039434580426494,42.117923736572266,12580300
2017-10-10,42.2906019727694,42.59671386271525,42.24350668425109,42.4868278503418,10646500
2017-10-11,42.46328069656568,42.69090344380456,42.46328069656568,42.57316970825195,10316300
2017-10-12,42.54177212823681,42.792941019504156,42.502527550383036,42.75369644165039,8096300
2017-10-13,42.918538991671134,42.94208514697051,42.80080222683365,42.83219909667969,8315600
2017-10-16,42.78509521942258,42.87143509711483,42.769399781814634,42.8478889465332,4349600
2017-10-17,42.738001818779594,42.77724640012927,42.55747434923537,42.6909065246582,10375500
2017-10-18,42.64381033730019,42.70660106290175,42.51037517987166,42.63595962524414,4668500
2017-10-19,42.43973731663137,42.47898189770883,42.26705756688703,42.40834045410156,8544500
2017-10-20,42.3298587149768,42.353404868918446,42.17287736896887,42.306312561035156,11702600
2017-10-23,42.274906158447266,42.48683047863569,42.21996314886169,42.274906158447266,7326400
2017-10-24,42.24350729476035,42.29845030174112,42.070827561866885,42.125770568847656,10682300
2017-10-25,42.11792740768574,42.18856885204199,41.75687246727363,42.00804138183594,12213400
2017-10-26,42.15717007947941,42.33769754150765,42.03158562788717,42.03943634033203,14583700
2017-10-27,41.92955180354554,41.98449781401953,41.59204598660707,41.678382873535156,10230400
2017-10-30,41.929533901530434,41.929533901530434,41.29376412883589,41.32516098022461,9299800
2017-10-31,41.52925314085089,41.76472364347572,41.45861169064646,41.670536041259766,10824900
2017-11-01,41.78827871082629,41.91386319629882,41.67054194574628,41.80397415161133,7556300
2017-11-02,41.75687019499367,41.82751163550583,41.54494587345718,41.701927185058594,10661400
2017-11-03,41.72547244757764,41.8432091773203,41.66268172077245,41.709774017333984,5922400
2017-11-06,41.62343360097692,41.63128431308026,41.25453097469298,41.26237869262695,10731100
2017-11-07,41.285935765822856,41.72548294067383,41.15250356645051,41.72548294067383,9536300
2017-11-08,41.85105264030373,42.18071365356445,41.79610963712179,42.18071365356445,12860400
2017-11-09,41.992343164858326,42.31415352542036,41.960946301835286,42.17287063598633,10421300
2017-11-10,42.11008134566804,42.643816058652504,42.08653220050977,42.60456848144531,7993600
2017-11-13,42.628116889985435,43.02056870191772,42.6045677452341,42.8478889465332,7809300
2017-11-14,42.738004075514866,43.02841758584102,42.67521034670391,42.99702072143555,8903200
2017-11-15,42.86359278576606,42.902837373076245,42.51038551163421,42.54178237915039,10724800
2017-11-16,42.92637839679253,43.256039477976756,42.87143538229011,43.130455017089844,11134200
2017-11-17,43.01270865483764,43.130445370535384,42.89497493330895,42.9813117980957,7298900
2017-11-20,42.91067403339603,43.07550604828838,42.894978597853246,42.93422317504883,6946900
2017-11-21,43.012714395810725,43.256035576783624,42.96562209858139,43.07550811767578,10383900
2017-11-22,43.06766114897904,43.11475644447155,42.887133674179,43.02056884765625,10470400
2017-11-24,43.09120073224252,43.13829302311594,42.98131173381009,42.98916244506836,2331000
2017-11-27,42.965610657205474,43.091195073324066,42.949912230919566,43.01270294189453,8108900
2017-11-28,43.08334768452045,43.36591339111328,42.98916011371247,43.36591339111328,6985900
2017-11-29,43.334531980991876,43.758380691945135,43.29528739534879,43.59355163574219,14739900
2017-11-30,43.75837640833282,44.11158363288424,43.648490381621194,43.99384689331055,14098300
2017-12-01,43.89965564316879,44.11942767829433,43.4287147124228,44.103729248046875,29328700
2017-12-04,44.40983979277077,44.55897037424702,44.017388057567786,44.51972579956055,22771300
2017-12-05,44.51973431059838,44.68456335229415,44.331356124253425,44.449092864990234,22930400
2017-12-06,44.44124243830405,44.731658935546875,44.44124243830405,44.731658935546875,16712200
2017-12-07,44.65316064248908,44.67670678988569,44.276407313296744,44.29995346069336,7557500
2017-12-08,44.30781948450431,44.41770553588867,44.11159353726927,44.41770553588867,8695500
2017-12-11,44.37059968406708,44.43339340945842,44.16652606488448,44.409847259521484,6737800
2017-12-12,44.433403970967916,44.590385327590006,44.26857489389137,44.41770553588867,6220100
2017-12-13,44.44909694279819,44.77090733694304,44.386303210199216,44.66886901855469,11589000
2017-12-14,44.731660634671236,44.731660634671236,44.464793272092365,44.47264099121094,9118200
2017-12-15,44.73200128228481,45.04038829469344,44.73200128228481,44.97713088989258,9090900
2017-12-18,45.072015245906066,45.3171448357872,44.92968232486834,44.95340347290039,8799600
2017-12-19,45.12736267821915,45.21434423533681,45.00084487234503,45.008750915527344,7889000
2017-12-20,45.04828781236418,45.087824059042084,44.66082535550729,44.9296760559082,13813800
2017-12-21,45.01665633929358,45.08782278787631,44.850602298074605,44.89804458618164,5553100
2017-12-22,44.96132079183621,45.04039331074916,44.91387547063449,44.9692268371582,4218600
2017-12-26,44.937597605023996,45.16690910605943,44.905967392321486,45.072021484375,8506300
2017-12-27,45.13528008443436,45.23016770228137,45.00085319409669,45.06411361694336,5992600
2017-12-28,45.12737049710293,45.182721858236775,44.88224088606522,44.99294662475586,7291200
2017-12-29,44.99294781850915,45.22225931368077,44.97713271256231,44.98503875732422,5085300
2018-01-02,45.032488447732455,45.087839815709394,44.7003772234475,44.70828628540039,20146800
2018-01-03,44.779444488014896,44.85061095032654,44.65292666795228,44.69246292114258,17950400
2018-01-04,44.81107592411089,45.032484392503875,44.700373198125924,44.81898498535156,15455100
2018-01-05,44.89015239236399,45.04830043982826,44.78735570904875,45.01667022705078,15555100
2018-01-08,44.953409588669814,45.16690899927233,44.92968843741057,45.12737274169922,12891000
2018-01-09,45.18272238514638,45.285519064060715,45.05620455587603,45.06411361694336,8357600
2018-01-10,44.953403671454105,44.96131273178152,44.54222302710974,44.84270095825195,9663500
2018-01-11,44.92968079328219,44.92968079328219,44.700366315380315,44.779441833496094,11500800
2018-01-12,44.85060892360912,45.00875392922403,44.70036694528328,44.795257568359375,7308900
2018-01-16,44.88224650878264,45.15900636554649,44.85852535573155,45.000858306884766,13806700
2018-01-17,45.151082592241174,45.680877963674014,45.111546344563465,45.51482391357422,12549700
2018-01-18,45.506919426462,45.585994946184826,45.30132910802795,45.380401611328125,12423300
2018-01-19,45.546461189179055,45.93392374164679,45.49901888802754,45.886478424072266,9962800
2018-01-22,45.86275049649129,46.234397888183594,45.83902934942074,46.234397888183594,7871600
2018-01-23,46.0208986385452,46.21067384846303,45.870656662902455,46.08415603637695,10908900
2018-01-24,46.202767777979645,46.234397985088385,45.95763819752077,46.179046630859375,16603500
2018-01-25,46.25812922885925,46.447907496511554,45.96555729030086,46.20277786254883,12144600
2018-01-26,46.11579584917692,46.43999799870348,46.05253843816899,46.4241828918457,6342700
2018-01-29,46.503250449373695,46.613953161966,46.21067554732524,46.242305755615234,10760800
2018-01-30,45.92601576957905,46.32138435017217,45.815310033217756,45.933921813964844,10898100
2018-01-31,45.973456478917804,46.09206825556314,45.53855165858953,45.720420837402344,13757000
2018-02-01,45.54646437733384,45.78368796538859,45.4120404927645,45.522743225097656,14094500
2018-02-02,45.301323873985474,45.41993261523188,44.62128956505248,44.65291976928711,15569100
2018-02-05,44.46315695132703,44.732007747540095,43.0082002335428,43.03192138671875,39487500
2018-02-06,42.32814455386588,43.59332538166394,42.09883314934396,43.506343841552734,38881700
2018-02-07,43.411472359435066,44.12313401110369,43.26913942581675,43.31658172607422,17526900
2018-02-08,43.41937735560477,43.506358925873826,42.36769850084422,42.38351058959961,32928400
2018-02-09,42.707706195931145,42.77887265017597,41.64021239868116,42.47048568725586,34912000
2018-02-12,42.715612689447184,43.11098118562893,42.612816035841696,42.90538787841797,21013600
2018-02-13,42.74724387848886,43.21377883539474,42.73933481918645,43.10307312011719,11994500
2018-02-14,42.87376303051324,43.221686240224805,42.65235460940369,43.07935333251953,20370500
2018-02-15,43.237499125249656,43.791015625,43.05562997838153,43.791015625,14788900
2018-02-16,43.80682087004371,44.154743983625245,43.56959741179738,43.9649658203125,11591600
2018-02-20,43.49054872601818,43.49054872601818,42.92121694107669,42.96866226196289,16069800
2018-02-21,43.031919220621795,43.15844007498712,42.438866289688704,42.454681396484375,15207400
2018-02-22,42.541652119387386,42.881669287666774,42.48630076793934,42.56537628173828,10239200
2018-02-23,42.65236417806404,42.98447537602322,42.502125193524826,42.976566314697266,10321100
2018-02-26,43.04772284690211,43.27703730964797,42.9291141022015,43.24540710449219,10100400
2018-02-27,43.26912770565325,43.37192133931636,42.6681659228402,42.67607498168945,9832600
2018-02-28,42.92911823611601,42.95283938405592,42.23326873779297,42.23326873779297,13726400
2018-03-01,42.130465269628026,42.533742818054755,41.7667269832832,42.13837432861328,27808600
2018-03-02,41.98022901384317,42.56537574285764,41.88534141490815,42.49420928955078,25965400
2018-03-05,42.2648935588382,42.91329766221206,42.2648935588382,42.86585235595703,18859700
2018-03-06,42.881680163004695,42.93703152849055,42.55747801526332,42.89749526977539,20784300
2018-03-07,42.49422437675473,42.67609359612727,42.28072494103303,42.51003646850586,12592900
2018-03-08,42.533756863318864,42.91331037654609,42.46259039106231,42.89749526977539,10725100
2018-03-09,43.01609892206836,43.1821529871022,42.85795090071215,43.17424392700195,11486800
2018-03-12,43.190060491534,43.41937497943515,43.01610037693892,43.09517288208008,10915700
2018-03-13,43.22959547814073,43.308670997388894,42.99237495324147,43.063541412353516,12406100
2018-03-14,43.16634071927498,43.17424676347202,42.54165765290983,42.628639221191406,13519000
2018-03-15,42.57328126492072,42.763059476890675,42.209542959769195,42.32815170288086,9280100
2018-03-16,42.32736159553407,42.5897720210528,42.30350720534727,42.343265533447266,9629100
2018-03-19,42.311456825653494,42.39097651365588,41.778688566184215,41.929771423339844,10714700
2018-03-20,41.99338418859387,42.16037097147953,41.67531152592676,41.81049346923828,9888200
2018-03-21,41.579893499975604,41.74688029314035,41.20615855334088,41.29362869262695,17028500
2018-03-22,41.1743511781752,41.500374316420114,40.91989424263604,40.95170211791992,15584100
2018-03-23,41.094833429545034,41.261820220291945,40.403028844046496,40.442787170410156,15936400
2018-03-26,40.74495074132495,41.06302034524512,40.61772229308379,41.02326202392578,12374700
2018-03-27,41.094836949437386,41.42881055953702,40.81652560768769,40.99941635131836,17326800
2018-03-28,41.1345867645348,41.77072900925994,41.118682829245984,41.56398391723633,32397500
2018-03-29,41.73098365319036,42.104718665180144,41.73098365319036,41.85026168823242,13272800
2018-04-02,41.72303490699385,41.802551578031284,40.641591194031975,40.82448196411133,28604800
2018-04-03,41.007384115795986,41.46858942924709,40.88015558680386,41.36521530151367,24860600
2018-04-04,41.10279752447244,42.160386950307156,41.0550887303467,42.00930404663086,28012500
2018-04-05,42.0808553930011,42.27965006821376,41.85820632744004,42.11266326904297,18235800
2018-04-06,41.98543828146689,42.32736539386915,41.47652435604016,41.68326950073242,13113400
2018-04-09,41.81050210973512,42.08085998549849,41.5401412006054,41.65941619873047,14686700
2018-04-10,41.89796563359828,41.969531839679654,41.53218415067845,41.75483322143555,13041900
2018-04-11,41.63556515042592,41.890022140239935,41.58785332732332,41.675323486328125,9025200
2018-04-12,41.85025880028523,41.97748727997948,41.58784835464734,41.6117057800293,9843700
2018-04-13,41.7866316140777,41.89795612418938,41.61169439820166,41.81843948364258,8836700
2018-04-16,41.92977849478011,42.51025866494857,41.87411622047399,42.271705627441406,7804700
2018-04-17,42.38303422134165,42.47050438456179,42.136530706848625,42.367130279541016,8131300
2018-04-18,42.33531034643409,42.43073092987553,41.969525882071565,42.04904556274414,14496600
2018-04-19,41.47653548862392,41.5083433758421,40.61774376730234,40.83243942260742,23643100
2018-04-20,40.7370053820678,40.87218734155426,40.02929680798798,40.14857482910156,19102700
2018-04-23,40.18038489392919,40.220146261711434,39.91797746009195,40.100868225097656,12344900
2018-04-24,40.17242817403733,40.22013998791374,39.568090665066826,39.846405029296875,18771500
2018-04-25,39.83050241968971,40.084959368784716,39.6714660681638,39.917972564697266,19012500
2018-04-26,40.00544559640037,40.315564835901974,39.87821711267237,40.15652847290039,11009900
2018-04-27,40.06906983530244,40.50641768420258,40.02931149146919,40.371238708496094,11096100
2018-04-30,40.44279873549283,40.625689515758104,40.04520929142919,40.11677551269531,13892700
2018-05-01,39.96566701578733,39.98952443164932,39.4885611656578,39.76687240600586,10927100
2018-05-02,39.65556783855086,39.69532617381448,38.90014733507589,38.98761749267578,18818900
2018-05-03,39.08304653106286,39.170513667367246,38.77292419312802,38.9478645324707,16634400
2018-05-04,38.91604426212213,39.71122295754783,38.87628593402404,39.512428283691406,13132400
2018-05-07,39.59989997017419,39.67146617688868,39.178456215836704,39.265926361083984,9665300
2018-05-08,39.178461663442825,39.21821999861997,38.93195513195805,39.106895446777344,8290800
2018-05-09,39.035319603973385,39.25796865275322,38.95580295322795,39.16254806518555,9228200
2018-05-10,39.345446139603524,39.59195265635507,39.289783867009035,39.393157958984375,10242700
2018-05-11,39.46472417137248,39.663518868743175,39.27387992721542,39.393157958984375,10065200
2018-05-14,39.448816877690355,39.52038308399399,39.313634917620774,39.37725067138672,6708100
2018-05-15,39.18640059992961,39.3295329911928,39.011463369892326,39.22616195678711,22686900
2018-05-16,39.345445905662885,39.59990287411511,39.28978363339935,39.50448226928711,12151300
2018-05-17,39.62375134945651,39.735075868835686,39.50447334534132,39.639652252197266,19572900
2018-05-18,39.54424083697422,39.607856596148686,39.242072047628184,39.393157958984375,15664700
2018-05-21,39.54423857820466,39.69532144756464,39.440864492134054,39.560142517089844,7928400
2018-05-22,39.63171122200387,39.83050592054254,39.41701258357814,39.48857879638672,9383800
2018-05-23,39.40109989598058,39.67146074730314,39.34543763541703,39.6317024230957,18136200
2018-05-24,39.631714804035724,39.70328102331267,39.40111220488039,39.59990692138672,9843800
2018-05-25,39.60785472832145,39.91797395625651,39.55219245835188,39.663516998291016,12913500
2018-05-29,39.52038372123057,39.750986282301255,39.40110569767921,39.576045989990234,14959300
2018-05-30,39.72712473025471,40.20423374152636,39.59989626725544,40.132667541503906,17628100
2018-05-31,40.061108498855326,40.10086683188979,39.33749591750922,39.48857879638672,18603000
2018-06-01,39.59990334222975,39.67146955503833,39.38520470380403,39.48857879638672,10944600
2018-06-04,39.568087798345864,39.862306079218506,39.568087798345864,39.81459426879883,11665200
2018-06-05,39.84640101385472,39.87025540170604,39.50447396561248,39.6317024230957,8980900
2018-06-06,39.64761640511716,39.67942428588867,39.401109879187636,39.67942428588867,12071000
2018-06-07,39.576052415135074,40.13267822646566,39.52039013733868,39.92593002319336,16618500
2018-06-08,39.94182106944568,40.44278444124622,39.94182106944568,40.41893005371094,17081500
2018-06-11,40.450741842069675,40.832427275036004,40.450741842069675,40.75291061401367,13199600
2018-06-12,40.77677713665913,40.85629685470461,40.56207844798697,40.83243942260742,11362200
2018-06-13,40.824470572557665,40.888083284963976,40.57796410773963,40.70519256591797,15696000
2018-06-14,40.75289046269125,40.808552704556476,40.60180766810914,40.7767448425293,9751300
2018-06-15,40.73990668957806,41.324881377715016,40.659774343146786,41.30084228515625,17217800
2018-06-18,41.16461751588508,41.18064459805566,40.51553750066988,40.69984436035156,21627300
2018-06-19,40.547582014197495,40.98831906008129,40.523542923277596,40.91619873046875,12639200
2018-06-20,41.03640065818608,41.044415727061875,40.779973477516876,40.956268310546875,9562500
2018-06-21,41.0123645613286,41.172632325168124,40.924217138374196,41.03640365600586,13272700
2018-06-22,41.132566646116025,41.44508710811518,41.12455157655773,41.37296676635742,9938300
2018-06-25,41.27681698790918,41.64543387980698,41.2688049727362,41.58132553100586,22124200
2018-06-26,41.58932393861088,41.66945628564974,41.21269518245144,41.40501403808594,14047300
2018-06-27,41.34891511398068,41.701504729051614,41.14858121700044,41.316864013671875,19862400
2018-06-28,41.220701542187435,41.41302342830364,41.156596284717146,41.316864013671875,13177400
2018-06-29,41.340908848625666,41.51720368066238,41.108520762186934,41.29282760620117,13018300
2018-07-02,41.10851863602232,41.29282547050407,40.78798620699652,41.052425384521484,13255500
2018-07-03,41.21270605731509,41.36495877960533,41.08449243410912,41.148597717285156,7736300
2018-07-05,41.32487731620281,41.74157220176841,41.24474497764714,41.717533111572266,11699800
2018-07-06,41.765613501718896,42.014028655349186,41.66945407899389,41.84574890136719,12335100
2018-07-09,41.877808539186155,41.94191687197024,41.63740840495296,41.685489654541016,15117900
2018-07-10,41.789647881329884,42.2063396546261,41.701500486529866,42.18230056762695,15280300
2018-07-11,42.13423277418279,42.174298948003205,41.90184468643004,42.046085357666016,11484600
2018-07-12,42.16628583342336,42.23840617238394,41.85376538354528,41.989994049072266,11002300
2018-07-13,42.01402839041664,42.31052172511334,41.998001310588045,42.26244354248047,14053500
2018-07-16,42.23038299896683,42.25442208664934,41.94190171936693,42.062103271484375,10347400
2018-07-17,42.03807721372225,42.47079929871249,42.03807721372225,42.4227180480957,14759300
2018-07-18,42.374632855309216,42.414699029112,42.04608533916144,42.0781364440918,10474200
2018-07-19,41.80566890511806,42.286472008607234,41.725536582962604,42.10216522216797,15092800
2018-07-20,42.02204564119251,42.382647340163224,41.949925301398366,42.35860824584961,17895700
2018-07-23,42.27848415114611,42.38265868247279,41.9659636140202,42.09417724609375,13337200
2018-07-24,41.99801010398458,42.25443732122609,41.925889758082064,42.1743049621582,15987700
2018-07-25,42.230380521561415,42.5268737940445,42.1422331294267,42.49481964111328,15258400
2018-07-26,42.66311831825688,43.07981023427556,42.607022001291206,42.71921157836914,15129400
2018-07-27,42.695167478420345,42.98364883546696,42.62304713915869,42.77530288696289,13414400
2018-07-30,42.6631133624708,42.831393123260064,42.47079145238804,42.72721862792969,12143900
2018-07-31,42.86344219698371,43.079800116974496,42.615027062788755,42.927547454833984,17898400
2018-08-01,42.79933600405154,42.87145633324139,42.494827607821875,42.56694793701172,14917600
2018-08-02,42.494822068123796,43.055757549047776,42.470782980478575,42.999664306640625,15902900
2018-08-03,43.10384874497825,43.71286254197092,43.07179458280675,43.5045166015625,20418500
2018-08-06,43.528551472714895,43.68080414298203,43.448419131911734,43.544578552246094,13412100
2018-08-07,43.50450449491075,43.56059773467438,43.12787583633866,43.280128479003906,13766100
2018-08-08,43.25610374964885,43.28815791353927,42.93557128130459,42.951595306396484,12591800
2018-08-09,42.959600524074,43.03172084786178,42.76727864168905,42.82337188720703,8047000
2018-08-10,42.6951599265782,42.83940057958848,42.57496142030478,42.663108825683594,13459200
2018-08-13,42.73522915218874,42.823373500714816,42.470786936052306,42.663108825683594,8696600
2018-08-14,42.719206078714556,42.99967234316875,42.69516392972347,42.9596061706543,8882500
2018-08-15,42.83138640587208,43.167945874666856,42.59098634861115,43.135894775390625,15592600
2018-08-16,43.57663410602282,43.8811394563031,43.51252578584616,43.752925872802734,15526100
2018-08-17,43.71284889327705,44.13755876730709,43.624701503254734,44.0894775390625,13037600
2018-08-20,44.14558492492026,44.321879761464736,44.01737133202968,44.065452575683594,10189600
2018-08-21,44.049422268340365,44.11352753166407,43.584646117618426,43.752925872802734,13806200
2018-08-22,43.71284913982003,43.8009965303395,43.42436788242984,43.48046112060547,13573900
2018-08-23,43.352258662930645,43.48047224826664,43.24808722643158,43.37630081176758,10714300
2018-08-24,43.35225297326708,43.440400374776814,43.191988305270385,43.3202018737793,9570500
2018-08-27,43.392330969572754,43.52855657628065,43.17596995581326,43.3442497253418,10631600
2018-08-28,43.33623705382276,43.464450646301685,43.13590312452111,43.200008392333984,12621500
2018-08-29,43.26411591754027,43.32822118416858,43.15192635144779,43.24808883666992,8681000
2018-08-30,43.183974879303705,43.3282155314658,43.023707148362185,43.111854553222656,11092500
2018-08-31,43.111867537708044,43.24809621993631,42.91954864813755,43.09584045410156,10472900
2018-09-04,43.03973388671875,43.22404070594527,42.91953538210285,43.03973388671875,9571100
2018-09-05,42.9115350770062,43.53657913208008,42.8634568813608,43.53657913208008,14723800
2018-09-06,43.520543196401015,43.68080789176159,43.37630252509401,43.656768798828125,12333800
2018-09-07,43.52054440191265,43.600676751812586,43.264117214009005,43.56862258911133,9247300
2018-09-10,43.67279354622597,43.97730195347628,43.67279354622597,43.72087478637695,8361600
2018-09-11,43.664782404131344,43.71286058838676,43.464448484792406,43.56060791015625,8121600
2018-09-12,43.560610216303694,44.16161200613823,43.536571122903325,44.065452575683594,15220000
2018-09-13,44.08147129833932,44.097498377629705,43.75292381501854,44.001338958740234,9746500
2018-09-14,43.96127324518397,43.969285256485904,43.65676484921207,43.88113784790039,8925200
2018-09-17,43.849089686147494,44.057435619349775,43.752927202959015,44.04140853881836,10279600
2018-09-18,44.001345934755626,44.01737301658696,43.68081041183562,43.85710525512695,15638500
2018-09-19,43.817020810325786,44.00132758926303,43.71284635028229,43.776954650878906,7791600
2018-09-20,43.897165410600316,44.33790245837974,43.897165410600316,44.32988739013672,11817800
2018-09-21,44.400901794433594,44.47353152731785,44.31213177885905,44.400901794433594,10307900
2018-09-24,44.247582420980656,44.34442105770661,43.69075333330573,43.7230339050293,10648700
2018-09-25,43.85214407505077,43.94898269181717,43.44057764496045,43.464786529541016,8348300
2018-09-26,43.59391172043031,43.84408151654179,43.456720839193515,43.51321029663086,10369900
2018-09-27,43.36794388739217,43.73916111591071,43.246893318836904,43.45671081542969,8892800
2018-09-28,43.408303280604805,43.57777165376498,43.36795410772542,43.52128219604492,9249700
2018-10-01,43.58583703653025,43.65039817112269,43.44058064058595,43.48899841308594,8725500
2018-10-02,43.46479897905952,43.83601634836109,43.3598886517543,43.73917770385742,9592400
2018-10-03,43.83600430148114,43.88442514964861,43.214617269664075,43.2711067199707,15192700
2018-10-04,43.15006226130489,43.23076060216616,42.8434030248322,43.166202545166016,19964000
2018-10-05,43.07744052475219,43.29532977968362,43.061300237893015,43.125858306884766,13903100
2018-10-08,43.0855064664902,43.77952336632317,43.0855064664902,43.7230339050293,14908300
2018-10-09,43.73915762124317,43.835996221283885,43.52126846231888,43.62617874145508,13477200
2018-10-10,43.48092774555239,43.811795848514684,43.02900906020021,43.10163879394531,26121600
2018-10-11,42.98060269316423,43.206563651196255,41.89922800329921,42.03641891479492,44523200
2018-10-12,42.213942071321966,42.41569097670852,41.899211193026,42.27043151855469,26263000
2018-10-15,42.1493861056682,42.83533431505186,42.1493861056682,42.5286750793457,15892000
2018-10-16,42.63357406577856,43.069349299464285,42.48024294941259,43.004791259765625,15468600
2018-10-17,42.96445629670022,43.30339304360951,42.81112512966971,43.2065544128418,15837800
2018-10-18,43.254973613166264,43.64233430588006,43.01287548905365,43.15006637573242,19370300
2018-10-19,43.64233671415046,44.26372080489901,43.64233671415046,44.13460159301758,28312300
2018-10-22,44.21529573271807,44.27178518619745,43.682678686737965,43.80372619628906,16645700
2018-10-23,43.545491080389965,44.11038873598717,43.295324361492234,43.99740982055664,30466600
2018-10-24,44.029685843542445,44.80440096516103,43.90056665660601,44.183013916015625,36761900
2018-10-25,44.07810131367118,44.44932165037386,43.698815453469614,44.28792190551758,30018200
2018-10-26,43.981279531481775,44.1023301560658,43.24691333583705,43.44059371948242,39310600
2018-10-29,43.73916523973518,44.24757336577978,43.537416325417624,43.940914154052734,31687500
2018-10-30,44.23950704980541,44.852825547631106,44.1265281366387,44.81247329711914,33148100
2018-10-31,44.80439555541911,44.80439555541911,44.0377491287306,44.392826080322266,30135100
2018-11-01,44.48967229190705,44.844749279607186,44.263711410239516,44.70756149291992,22589800
2018-11-02,44.707574627094,44.76406409449529,44.08618740723472,44.47354507446289,28704100
2018-11-05,44.54616496829954,45.15141176656871,44.48160383216418,45.03036117553711,19972200
2018-11-06,45.022293624681204,45.32088119017268,44.86896246199937,45.30474090576172,15626500
2018-11-07,45.4903509090726,45.579120936745504,45.08685302215547,45.56298065185547,15067100
2018-11-08,45.337015150200735,45.65981463650128,45.32894346989899,45.58718490600586,12890200
2018-11-09,45.5710492809691,45.99875602734927,45.5710492809691,45.85349655151367,18510900
2018-11-12,45.724375693652554,45.98261406829782,45.52262677105817,45.61139678955078,15950700
2018-11-13,45.63560416841107,45.8050725189684,45.28859578673036,45.50648498535156,23146500
2018-11-14,45.58718591033746,45.58718591033746,44.98193916902277,45.199825286865234,17577600
2018-11-15,45.04649512055894,45.127193450927734,44.69948675877394,45.127193450927734,25604700
2018-11-16,45.10298629353119,45.417714103835245,44.941586548173085,45.240177154541016,15212800
2018-11-19,45.25633061711462,45.50649737075492,44.98195189363059,45.16756057739258,16727200
2018-11-20,45.030360991823414,45.2563218889309,44.29599500272398,44.41704559326172,33023200
2018-11-21,44.39283022757371,44.49774052610728,43.96512350973988,44.06196212768555,16604400
2018-11-23,44.02162116324521,44.40897878565381,43.916710845162235,44.215301513671875,8700800
2018-11-26,44.279854338776545,44.49774355280805,44.05389652205247,44.271785736083984,13125400
2018-11-27,44.199157506687996,44.6833537243218,44.174948619339645,44.667213439941406,15954400
2018-11-28,44.594582957981494,45.046501677784974,44.457395160695896,45.03843307495117,21973700
2018-11-29,44.96579782074597,45.24824506195406,44.909308372504356,45.11105728149414,13285000
2018-11-30,45.10299702626822,45.514566628790945,44.990018101166235,45.40158462524414,16551900
2018-12-03,45.56297254630244,45.56297254630244,44.973866105617525,45.441925048828125,20855900
2018-12-04,45.52262637652197,45.69209473120588,44.65107263925885,44.6752815246582,27634900
2018-12-06,44.530024227520066,44.73984176091907,43.77951795908871,44.72370147705078,32514000
2018-12-07,44.68334734696842,44.84474708929235,43.965121725993185,44.1588020324707,23139500
2018-12-10,44.40896870855096,44.40896870855096,43.48092557746544,44.1588020324707,44469000
2018-12-11,44.46545650741751,44.844745426044675,44.27984788808445,44.52194595336914,25677400
2018-12-12,44.79632984401812,44.933520713476966,44.441252845117816,44.46546173095703,18735200
2018-12-13,44.52195224808607,44.88510093657869,44.465462794147705,44.73984146118164,16987800
2018-12-14,44.45739361189051,44.513883065092415,43.876355717877416,43.981266021728516,20262700
2018-12-17,43.87636541402043,43.981275741055434,42.7062207648538,42.96446228027344,27324100
2018-12-18,43.077426416273674,43.1661964257032,42.21394136200383,42.45603942871094,27349700
2018-12-19,42.657794023263655,42.99673074619491,41.85079830758616,42.04447555541992,46289600
2018-12-20,41.85886580239621,41.875006085695915,40.89854203439575,41.293968200683594,43415000
2018-12-21,41.30537051573471,42.20933316123536,40.865604400634766,40.865604400634766,38484500
2018-12-24,40.759731295403256,40.89817755471561,39.65217364736103,39.684749603271484,23086800
2018-12-26,39.766191009964764,40.79230880737305,39.3590008653939,40.79230880737305,26670600
2018-12-27,40.539854840952,41.21579205617498,39.93721509174598,41.1832160949707,35926900
2018-12-28,41.48453596957371,41.65555821258888,41.02033939556393,41.1832160949707,24436600
2018-12-31,41.28908397614113,41.38680874736558,40.97147613970085,41.35423278808594,14959600
2019-01-02,40.91446715701775,41.24021740921246,40.678296127211944,41.10991668701172,20459000
2019-01-03,41.03663696083755,41.46011523555848,40.808611392378346,40.87376022338867,22074800
2019-01-04,41.142504048142385,41.74514389038086,41.05292169430866,41.74514389038086,19003300
2019-01-07,41.639268591781715,41.96501887114904,41.31351520579987,41.68812942504883,15143300
2019-01-08,41.93243774745505,42.17675118544793,41.72884269802533,42.07088088989258,28273800
2019-01-09,42.06274864081812,42.10346703924173,41.5822640835444,41.679988861083984,15684500
2019-01-10,41.598558432979566,41.997603147885194,41.484542550677105,41.92430877685547,32431700
2019-01-11,42.01388323774609,42.070889614879725,41.818430582848954,42.04645919799805,11732400
2019-01-14,41.94059359004657,42.03017593749146,41.77771687711175,41.84286880493164,7811500
2019-01-15,41.83471583392016,42.29891236407799,41.810285418632176,42.25819396972656,11447700
2019-01-16,42.2419041312523,42.2419041312523,41.875432384992166,42.03016662597656,13484700
2019-01-17,41.96501873514658,42.29891455671934,41.916157902037824,42.20933532714844,10196400
2019-01-18,42.45364720181884,42.844549384930424,42.40478326394949,42.71424865722656,11957600
2019-01-22,42.600238450239495,42.681675244932336,41.98130762676144,42.32334899902344,20877700
2019-01-23,42.649101458404346,42.95042444867956,42.445506354679615,42.82826614379883,23804700
2019-01-24,42.60024268258648,42.60838512021889,42.01388776137686,42.298919677734375,17727200
2019-01-25,42.42921905844601,42.60024130936249,42.07089278848798,42.127899169921875,12920300
2019-01-28,42.03830944177757,42.32334440549564,41.899866284502636,42.30705642700195,10996700
2019-01-29,42.38849717623337,42.49436749303419,42.21747804598058,42.40478515625,11500400
2019-01-30,42.44549825004597,42.78753957443309,42.34777348877,42.68981170654297,13934600
2019-01-31,42.69796619319228,43.59378342354139,42.60024141144497,43.47977066040039,17886500
2019-02-01,43.610075433216394,43.610075433216394,43.16216677666833,43.341331481933594,14423400
2019-02-04,43.333178660631674,43.61821365356445,43.25174186643063,43.61821365356445,13367500
2019-02-05,43.650788450251405,43.74037079182876,43.50419972887295,43.62635803222656,11296100
2019-02-06,43.504206173874095,43.70780130521558,43.504206173874095,43.6345100402832,19006100
2019-02-07,43.44717923727678,43.63448940334391,43.30059056351083,43.60191345214844,14519000
2019-02-08,43.51234168541687,43.805519104003906,43.34946499657803,43.805519104003906,11100100
2019-02-11,43.84623461136286,43.960247354055575,43.724076326126806,43.91952896118164,6876200
2019-02-12,44.009117854059554,44.39187453210526,43.943965930451526,44.261573791503906,11694100
2019-02-13,44.34300994873047,44.481453114776095,44.24528517819153,44.34300994873047,10809600
2019-02-14,43.87881314147237,44.041689829133865,43.61006614083875,43.84623718261719,11388500
2019-02-15,44.05797869015087,44.34301369601394,43.84624115165418,44.261573791503906,12635400
2019-02-19,44.36744283531701,44.660620269873874,44.269718059336256,44.489601135253906,19831700
2019-02-20,44.448886485850096,44.57104168947372,44.2697217925976,44.408164978027344,14478600
2019-02-21,44.33487228688643,44.63619530175262,44.20457153413334,44.53846740722656,11711800
2019-02-22,44.123126110830846,44.32672119140625,44.009113362766925,44.32672119140625,24758700
2019-02-25,44.41630856550536,44.54660930759916,44.02540633922394,44.08241271972656,15162600
2019-02-26,44.106842041015625,44.294149158953296,44.00911726352959,44.106842041015625,15114400
2019-02-27,44.00911867869886,44.10684345932736,43.86252995444873,44.04169464111328,10811600
2019-02-28,44.14755148378868,44.424440886009116,44.04168429074413,44.253421783447266,8469400
2019-03-01,44.38372695489339,44.40001493390909,43.85437851003333,44.17198944091797,10812200
2019-03-04,44.253444124439895,44.334880945835195,43.75667143672798,44.09871292114258,10113600
2019-03-05,44.09055056348533,44.212708855615425,43.98468025074688,44.06612014770508,10132400
2019-03-06,44.05797530857975,44.18013360266146,43.81366182703078,44.00096893310547,12001100
2019-03-07,43.927676097685676,44.00097045534748,43.62635623023807,43.715938568115234,14336100
2019-03-08,43.75666731756496,43.95212001977601,43.52864175383149,43.740379333496094,11909300
2019-03-11,43.81366372107298,44.343012209491256,43.81366372107298,44.3104362487793,10519200
2019-03-12,44.318575648479175,44.48145233426238,44.22085087965501,44.32672119140625,10841800
2019-03-13,44.359298604118976,44.75020079884499,44.32672264457152,44.57918167114258,11135300
2019-03-14,44.5954737923926,44.66876815997965,44.46517303963952,44.53846740722656,8449600
2019-03-15,44.69240829921347,44.91349294205926,44.602335158391455,44.79066848754883,21846900
2019-03-18,44.79884433573298,44.94623614320685,44.741525646563616,44.856163024902344,8103700
2019-03-19,44.954428448007505,45.052688616446815,44.65964481905515,44.82341384887695,13359400
2019-03-20,44.79885129234545,44.88892442463701,44.48769353814613,44.63508224487305,19832700
2019-03-21,44.553200796087815,45.22465110225744,44.553200796087815,45.15914535522461,12699200
2019-03-22,45.09363554363132,45.396606255060476,45.03631684481053,45.10182571411133,21007300
2019-03-25,45.0199346391436,45.306531225126626,44.91348430014222,45.191890716552734,12538000
2019-03-26,45.34748450880582,45.74052841248909,45.314730069256726,45.576759338378906,12808700
2019-03-27,45.57675197296613,45.70776658635466,45.19189517954712,45.421173095703125,12740400
2019-03-28,45.52761717844884,45.76508212495732,45.51124308608614,45.64225769042969,11920900
2019-03-29,45.72414843787159,45.99436473878309,45.6013208587804,45.94523620605469,13888800
2019-04-01,46.03530126372676,46.043488309865474,45.71595336252956,45.78964614868164,13799400
2019-04-02,45.65045557294539,45.65045557294539,45.41299057006836,45.41299057006836,13964800
2019-04-03,45.33109548657522,45.42935565600409,45.07725333161331,45.191890716552734,18616500
2019-04-04,45.22464867371364,45.43754936831614,45.1837071935623,45.363853454589844,10671300
2019-04-05,45.42936274502209,45.5358131006345,45.306538294978495,45.51943588256836,9045200
2019-04-08,45.49487750084426,45.71596528787652,45.437558792017605,45.7077751159668,6136900
2019-04-09,45.60131238352961,45.67500829256052,45.453920565467776,45.65044403076172,12062300
2019-04-10,45.69139048845437,45.838782322581224,45.650449006449094,45.781463623046875,7060800
2019-04-11,45.8551552241979,45.96160556630032,45.707763403943645,45.87153244018555,6444900
2019-04-12,45.904298739311606,46.05169059766951,45.76509392924675,46.01893615722656,7635700
2019-04-15,46.002552916062605,46.33009103035227,45.99436274520613,46.289146423339844,6505000
2019-04-16,46.37103631864686,46.452919292120605,46.11719410306192,46.297340393066406,9345100
2019-04-17,46.542988546177675,46.600307247544556,46.313713740710156,46.526611328125,12720200
2019-04-18,46.7149501447491,46.796836244643664,46.3628477242908,46.56755828857422,10622200
2019-04-22,46.55936289079548,46.83776933323902,46.46928975888216,46.583927154541016,12432100
2019-04-23,46.559370095991454,46.616688802691115,46.346469365133935,46.43654251098633,20408400
2019-04-24,46.46111318107186,46.706765244783284,46.42835873960754,46.53480911254883,8221900
2019-04-25,46.28095841978733,46.321899902318805,46.076247883495085,46.24001693725586,9992100
2019-04-26,46.28915128404988,46.665821092126656,46.26458701617096,46.657630920410156,8405700
2019-04-29,46.633056160501326,46.739506503418404,46.567547296049405,46.71493911743164,7210800
2019-04-30,46.7395142016722,47.30451419427299,46.69038254524101,47.2553825378418,15965900
2019-05-01,47.31271109358906,47.345465538030176,46.674015045166016,46.674015045166016,11992700
2019-05-02,46.633066652531234,46.8459642626309,46.42016591879628,46.657630920410156,13925900
2019-05-03,46.878709055543816,47.11617400829225,46.805013143436874,47.00972366333008,13801300
2019-05-06,46.66580368070696,47.01790284226296,46.6084818709846,46.93601989746094,10100300
2019-05-07,46.72313387624229,46.81320388825807,46.22363966845934,46.46929168701172,20115500
2019-05-08,46.43652651986587,46.723123078305555,46.23181603110931,46.46109390258789,11940200
2019-05-09,46.26458237452176,46.493857181416374,46.01074017857774,46.36284255981445,23531600
2019-05-10,46.24820827305764,46.993354569315905,46.05168788922864,46.92784881591797,14029600
2019-05-13,46.44471526651041,46.600294108693255,46.31370068266325,46.48565673828125,13081800
2019-05-14,46.61668345627487,47.02610452782225,46.54298753845095,46.706756591796875,16497800
2019-05-15,46.64125636323808,47.173505104324846,46.55118321102627,47.07524490356445,9681800
2019-05-16,47.320885885869345,47.71392972050496,47.18987127432413,47.44371032714844,12859800
2019-05-17,47.181681365261525,47.55835110871968,47.17349431858482,47.28813171386719,15458700
2019-05-20,47.18168329334916,47.44371252859807,47.140741811023055,47.17349624633789,9496800
2019-05-21,47.3454612365644,47.36183845729704,47.00154897208529,47.07524490356445,8124100
2019-05-22,47.09160823364403,47.39458206247284,46.99334805534983,47.28813171386719,11102000
2019-05-23,47.10799377272214,47.28814006778175,47.009733577069305,47.27176284790039,17398000
2019-05-24,47.35364613217792,47.39458761762973,46.96059912566227,47.09980392456055,9530800
2019-05-28,47.10799097838083,47.22262838711498,46.29733894596927,46.33009338378906,14043000
2019-05-29,46.14994771203038,46.15813475977645,45.756903823880805,45.99436569213867,11455100
2019-05-30,46.08442948087579,46.28913999296019,45.977982263608766,46.190879821777344,9770200
2019-05-31,45.830607569348714,45.8961133334016,45.46212788518968,45.535823822021484,13450800
2019-06-03,45.60132056610609,46.199074991667594,45.59313351858226,46.109004974365234,17060600
2019-06-04,46.39559670733857,46.53480149896882,46.24820486849947,46.526611328125,16546800
2019-06-05,46.73950904165218,47.14893009580694,46.55936277826096,47.05885696411133,15069700
2019-06-06,47.15712319613211,47.64842727473348,47.0752402242436,47.550167083740234,20769600
2019-06-07,47.71393290668188,48.19704990469728,47.71393290668188,48.00871658325195,18860800
2019-06-10,48.07422924541165,48.13154795480639,47.877708848525515,48.02510070800781,15341800
2019-06-11,48.164298287642175,48.303503086896406,48.05784792628719,48.1806755065918,18109700
2019-06-12,48.270748862088325,48.53277811916877,48.18067571928533,48.254371643066406,10921200
2019-06-13,48.369015448434176,48.50822026671002,48.08242188674206,48.3608283996582,11564400
2019-06-14,48.33625195159804,48.516398227279396,48.287123420874,48.38538360595703,9726100
2019-06-17,48.40175202598417,48.450880547778006,48.025085448604266,48.24617004394531,8796600
2019-06-18,48.51639859304066,48.54915302952693,47.91864418352379,47.98414993286133,18120600
2019-06-19,47.951400688567325,48.278935696654415,47.713935699250484,48.1806755065918,13457200
2019-06-20,48.385380455914074,48.663786898553305,48.27893010688398,48.606468200683594,13566200
2019-06-21,48.54788450731127,48.6881471084501,48.37461783033674,48.448875427246094,15416200
2019-06-24,48.52313649547898,48.762408193800375,48.49013241728218,48.57263946533203,17796300
2019-06-25,48.5808976061355,48.646902622624175,48.40762774953745,48.54789352416992,11861700
2019-06-26,48.32513663203883,48.32513663203883,47.83833727852521,47.85483932495117,11672600
2019-06-27,47.92082423021868,47.98682923641309,47.67329680152413,47.94557571411133,11524900
2019-06-28,48.17659343354349,48.23434898883154,47.81355806495545,47.912567138671875,12409300
2019-07-01,48.16010526485829,48.31687308644731,47.920833530096424,48.201358795166016,12628100
2019-07-02,48.217854508626935,48.62214660644531,48.18485357717739,48.62214660644531,11913500
2019-07-03,48.688143975936484,49.273955268283245,48.646890457517,49.224449157714844,11995800
2019-07-05,48.93568729948469,49.042945852776825,48.572648665441385,49.009944915771484,11008200
2019-07-08,49.0099494097501,49.16671410408891,48.93569178665424,49.07595443725586,9257100
2019-07-09,48.976923849982654,49.05943088505315,48.60563589728212,48.78715515136719,12499500
2019-07-10,48.9604415474728,49.22446794304683,48.9191880133099,49.100704193115234,16804800
2019-07-11,49.199697676151494,49.265702676134325,48.960422862900124,49.224449157714844,12575300
2019-07-12,49.207947797603474,49.480226688311696,49.207947797603474,49.364715576171875,8732000
2019-07-15,49.447228160901126,49.56273928599844,49.315214996869614,49.48023223876953,7212600
2019-07-16,49.48848583995679,49.694756622791274,49.323468584200725,49.49673843383789,13579000
2019-07-17,49.496742636981686,49.57100025100558,49.323472772630865,49.43898391723633,9049900
2019-07-18,49.49673666423477,49.917527661298394,49.323466820792326,49.769012451171875,9444300
2019-07-19,49.89277868917824,49.96703629798283,49.42248154922999,49.455482482910156,7460400
2019-07-22,49.546243586930494,49.546243586930494,49.11719996206774,49.16670608520508,7135100
2019-07-23,49.61225547794011,49.70301513678843,49.36473113854463,49.5214958190918,10058100
2019-07-24,49.4472327471046,49.488486274545295,49.133700273159,49.19145584106445,7975900
2019-07-25,49.092444298871115,49.33996859862067,48.97693316881747,49.25746154785156,9469200
2019-07-26,49.33995992690773,49.826758994749774,49.19969733576357,49.81025695800781,14727900
2019-07-29,49.810264223148266,50.008285545492804,49.77726329229263,49.901023864746094,6121300
2019-07-30,50.09904377474244,50.346568060113526,49.934026535347705,50.049537658691406,14123800
2019-07-31,49.89277030792551,49.96702790425591,48.55613357397827,49.03468322753906,16826700
2019-08-01,49.17494513428569,49.752503858996945,48.82841178792405,48.86141586303711,30148200
2019-08-02,48.78717905121993,49.166716634378645,48.67991733512962,48.869686126708984,24368700
2019-08-05,48.55614110798821,48.76241189119536,47.33501844909491,47.59904479980469,26364800
2019-08-06,47.764061269603225,48.250860435856495,47.5825419761874,48.0280876159668,20126400
2019-08-07,47.821825596534914,48.77067261646289,47.318524298004924,48.58915328979492,17550800
2019-08-08,48.55615168767649,49.26572384010548,48.32512936732959,49.21622085571289,24011300
2019-08-09,49.191448223953685,49.31521193455382,48.59739059642198,48.94392395019531,10590200
2019-08-12,48.81190908741228,48.968673720907425,48.44887370842479,48.613887786865234,11774000
2019-08-13,48.58089779157117,49.38947891815934,48.49838758634227,49.16670608520508,13199500
2019-08-14,48.729404826642565,49.125444302876225,48.3581168340979,48.39112091064453,17281300
2019-08-15,48.91918075053147,49.290468797760134,48.6799058814905,49.1171989440918,14431100
2019-08-16,49.33172356735223,49.87627833451185,49.33172356735223,49.67825698852539,18294300
2019-08-19,50.07428565687114,50.27230695984718,49.967027134057545,50.17329788208008,13180800
2019-08-20,50.14854222624347,50.206297782713015,49.58748555130353,49.62874221801758,8959300
2019-08-21,49.958779435919936,50.00003296007759,49.63699754107122,49.76076126098633,8735900
2019-08-22,49.80201889177772,50.13205025969523,49.67000571512224,50.0247917175293,7127600
2019-08-23,49.88452580337229,50.090796588018165,48.91092744804837,49.19145584106445,25296100
2019-08-26,49.52149641397245,49.84327837379628,49.32347505161167,49.802024841308594,13629800
2019-08-27,50.00829501571868,50.14030820646741,49.504993742413305,49.66175842285156,13389300
2019-08-28,49.64525655252258,50.14030838012695,49.554500040865726,50.14030838012695,12435500
2019-08-29,50.43732559766758,50.445575042944675,49.85976685757117,50.16504669189453,9657600
2019-08-30,50.330070883506984,50.4538346118696,49.94228080558366,50.09904861450195,8567000
2019-09-03,49.88452003755624,50.396073790509476,49.79376039921157,50.387821197509766,15551600
2019-09-04,50.5940932942159,50.841617584228516,50.39607512118266,50.841617584228516,12200500
2019-09-05,50.973630073107266,51.08914119708598,50.453830015203046,50.5280876159668,15719800
2019-09-06,50.6601104832493,50.775621629355506,50.53634674245397,50.693111419677734,13904200
2019-09-09,50.66835440410515,50.71786052451219,50.4373321370903,50.57759475708008,27082400
2019-09-10,50.35481679718595,50.35481679718595,49.99178139357948,50.26405715942383,31985000
2019-09-11,50.24755755040718,50.48682923592953,49.983531233840345,50.44557571411133,17422200
2019-09-12,50.74260365674063,50.89936829105638,50.55283494758729,50.6518440246582,18296200
2019-09-13,50.420827004862204,50.709604820921264,50.25580976106754,50.36307144165039,17830400
2019-09-16,50.123790742559684,50.173296854149896,49.76900481143429,49.87626647949219,16741200
2019-09-17,49.851521508710604,50.42083088625551,49.851521508710604,50.14855194091797,11681500
2019-09-18,50.19805213648685,50.288811774219006,49.80201265610818,50.231056213378906,10968900
2019-09-19,50.18981552939356,50.31357612823337,50.123807358724754,50.222816467285156,10664100
2019-09-20,50.32904203603191,50.44523654852456,50.063453674316406,50.063453674316406,13951100
2019-09-23,50.104954260260115,50.47014065401735,50.06345666989585,50.26264953613281,8767800
2019-09-24,50.4618333183702,50.80211858515119,50.28754155964251,50.47013473510742,17305900
2019-09-25,50.68593106072239,50.75232973951448,50.35394399888849,50.50333786010742,17626600
2019-09-26,50.56142408861076,50.934908660164446,50.536526172528035,50.78551483154297,15527300
2019-09-27,50.91001780768976,50.92661747606892,50.42863692288321,50.72742462158203,14293900
2019-09-30,50.76062436826099,51.20050450264042,50.76062436826099,50.97641372680664,11078800
2019-10-01,51.00131174395144,51.14240416872989,50.636125390759496,50.8436164855957,16827400
2019-10-02,50.59462867499269,50.64442767839231,49.631870105040335,49.82276153564453,18668200
2019-10-03,50.07174611610775,50.345632679879785,49.6235646487763,50.17134094238281,20998100
2019-10-04,50.254344331716425,50.968114230026195,50.204548493456734,50.959815979003906,11938600
2019-10-07,50.84361866685247,50.91001733975881,50.495035132283135,50.54483413696289,9378900
2019-10-08,50.395440709492284,50.536533141501074,50.05515542316537,50.063453674316406,14924100
2019-10-09,50.312442026098466,50.569732134916194,50.204548931552345,50.44523620605469,8504600
2019-10-10,50.337343033225046,50.69422798493917,50.196247436330566,50.54483413696289,8648000
2019-10-11,50.735727528327004,50.8021230377299,50.39544223172153,50.49503707885742,18172100
2019-10-14,50.561436020010284,50.61123502998978,50.22115070030867,50.24605178833008,7569500
2019-10-15,50.370543491163616,50.40374283044272,49.95556124836458,50.03025817871094,12217700
2019-10-16,50.071749357221165,50.138144857014794,49.905755858643104,50.080047607421875,10397700
2019-10-17,50.2460548909264,50.45354602955818,50.171357954376425,50.31245040893555,13209800
2019-10-18,50.22113850551831,50.602924490528515,50.22113850551831,50.41203308105469,9301200
2019-10-21,50.42035274682935,50.60294598390894,50.35395405477718,50.57804489135742,9924100
2019-10-22,50.94321406312295,50.97641023181037,50.56972946233982,50.594627380371094,12492500
2019-10-23,50.569728646722574,50.86021490594498,50.55312897961518,50.82701873779297,7499400
2019-10-24,50.92661533432608,51.08430742820175,50.72742248821634,51.001312255859375,9089300
2019-10-25,50.951522449958226,50.95982386832866,50.661036128262005,50.70253372192383,7518600
2019-10-28,50.702519176353064,50.88511233535879,50.48672985157929,50.60292434692383,11154200
2019-10-29,50.51162776742096,50.84361158753928,50.4203311879181,50.60292434692383,10072400
2019-10-30,50.64443188727173,50.926619931195425,50.5033362822783,50.835323333740234,7216400
2019-10-31,50.85192434644932,51.03451754618389,50.43694210418947,50.76062774658203,12628100
2019-11-01,50.85191798982981,50.94321457828479,50.6444268946368,50.752323150634766,10232000
2019-11-04,50.81042596070546,50.83532388171138,50.104954260260115,50.26264953613281,17081600
2019-11-05,50.19625702023054,50.53654236868828,50.038564891064524,50.428646087646484,17192200
2019-11-06,50.51163470954312,50.76062340036752,50.37053911290273,50.63612747192383,8284500
2019-11-07,50.694233799014015,50.702532051047534,50.37054498056651,50.46184158325195,9437800
2019-11-08,50.43694750637624,50.586341382876086,50.26265570581429,50.428646087646484,7574200
2019-11-11,50.453537064808565,50.53653223908902,50.27094388211603,50.353939056396484,5632200
2019-11-12,50.42863901107581,50.519935607910156,50.287546573105004,50.519935607910156,7085100
2019-11-13,50.5946366156431,51.00132062541037,50.52824110008596,50.90172576904297,9500900
2019-11-14,51.12581150330927,51.142411173097166,50.67763308328917,50.88512420654297,8442100
2019-11-15,50.959823032429235,51.00961887758124,50.719132560649896,50.90172576904297,7221400
2019-11-18,50.85192143481601,51.449496842595,50.85192143481601,51.16730880737305,8615500
2019-11-19,51.24200578755937,51.325000964921784,50.993013923345984,51.10091018676758,8560900
2019-11-20,51.10090754206224,51.34159797644471,50.993011284224764,51.21710205078125,11935900
2019-11-21,51.12580632795346,51.2503022557286,50.843618302251066,50.959815979003906,7611100
2019-11-22,51.00130789513294,51.03450722765643,50.67762231818548,50.87681198120117,5517100
2019-11-25,50.976415039271096,51.0677116354128,50.68592874796851,50.93491744995117,10396500
2019-11-26,51.001311956229394,51.39969448004551,50.91001536755141,51.34989547729492,7354800
2019-11-27,51.441192601743026,51.53248919137188,51.30010017490781,51.47439193725586,5483300
2019-11-29,51.49098589188783,51.5739810553984,51.35819173063341,51.457786560058594,3008500
2019-12-02,51.35820050652582,51.598887788259184,51.11751005872937,51.57398986816406,17920100
2019-12-03,51.474401458323584,51.532498723185675,51.14241437391434,51.49100112915039,20537000
2019-12-04,51.43290098994665,51.8644829091342,51.37480372833134,51.83128356933594,17369100
2019-12-05,51.84787752828009,51.85617577928396,51.50759224798796,51.81467819213867,13445200
2019-12-06,51.92257680981693,52.21306309909041,51.889377472167645,52.01387023925781,10746700
2019-12-09,51.98067340508336,52.18816451365188,51.972371987745305,52.05537033081055,6643000
2019-12-10,52.05537111656718,52.11346837455828,51.8395785874033,51.88937759399414,7194300
2019-12-11,52.00557076920997,52.088565945325215,51.81467933129447,51.964073181152344,6201700
2019-12-12,51.97237656315402,52.30436363251549,51.81468444654216,51.92258071899414,11843600
2019-12-13,51.78978317608291,52.188165733921934,51.69848657960797,52.105167388916016,10158300
2019-12-16,52.25456234952759,52.41225762534397,52.188166838181104,52.28776168823242,10004600
2019-12-17,52.22136182273585,52.32095983658442,52.138366643925174,52.20476531982422,8005500
2019-12-18,52.29605307825876,52.47034800055882,52.03876615221215,52.121761322021484,5464100
2019-12-19,52.1964586453564,52.520144242606534,52.188160394736336,52.40394973754883,9068100
2019-12-20,52.565454833198594,53.0173076487499,52.53198354493603,52.799747467041016,15270600
2019-12-23,52.90015908820924,52.90015908820924,52.55708637806289,52.573822021484375,6006500
2019-12-24,52.63239991733346,52.70770872351334,52.557091111153575,52.64076614379883,1700100
2019-12-26,52.6993299701006,52.79137440490473,52.548712384420625,52.69096374511719,8638600
2019-12-27,52.79973910666594,52.94199046325868,52.74953537421916,52.925254821777344,10314100
2019-12-30,52.83321301896679,52.916891230537864,52.57381854308993,52.64912414550781,6238600
2019-12-31,52.54034556734894,52.7328006597718,52.43156549180654,52.6993293762207,4985400
2020-01-02,52.79974077322355,52.79974077322355,52.13870046983062,52.280948638916016,14460700
2020-01-03,52.08849698484205,52.423203463150095,51.954615031918344,52.1972770690918,26388900
2020-01-06,52.121963672892164,52.372991913478806,52.0299192398777,52.30604934692383,22541700
2020-01-07,52.14706953558273,52.197276464346515,51.8625699899163,51.9044075012207,15607600
2020-01-08,51.94624458646544,52.3144191290973,51.8458307359317,52.096858978271484,11451400
2020-01-09,52.255851358771935,52.473408339998294,52.13033562868136,52.46504211425781,6854500
2020-01-10,52.515243166867805,52.59055196267105,52.364628767258765,52.43156814575195,7410800
2020-01-13,52.44829829795495,52.78300473137533,52.42319643264741,52.774635314941406,9625700
2020-01-14,52.70770680633582,52.81648370641845,52.64076422905626,52.7913818359375,7512300
2020-01-15,52.749545248967074,53.27670369032602,52.72444018604677,53.16792678833008,12454300
2020-01-16,53.23486042334174,53.35200673098735,53.17628726951894,53.3101692199707,8048600
2020-01-17,53.301803384718546,53.51936035879605,53.23486081300393,53.40221405029297,14902700
2020-01-21,53.32690602976176,53.61140557969731,53.142817146863,53.5863037109375,11300300
2020-01-22,53.60303762640409,53.75365522707253,53.586305174772164,53.62813949584961,8046500
2020-01-23,53.45242553516711,53.720186268856004,53.25160099490321,53.577938079833984,14563100
2020-01-24,53.61978171705336,53.68672429813235,53.042413127239946,53.20976638793945,11935100
2020-01-27,52.75790843146906,53.2934362602374,52.72443714417163,53.04240798950195,8748400
2020-01-28,53.075884635836665,53.268339769232504,53.02567769982116,53.10935592651367,7899500
2020-01-29,53.15118849660039,53.193026010053465,52.84158706665039,52.84158706665039,8300800
2020-01-30,52.86668023426491,53.51098804977936,52.833208952212885,53.46915054321289,13824800
2020-01-31,53.49425231869558,53.728544908671076,52.71606256828024,52.86668014526367,15280000
2020-02-03,53.05913522874313,53.259959728720084,52.82484263876764,52.86668014526367,21797600
2020-02-04,53.28506489605174,53.54446255959626,53.07587415861184,53.184654235839844,14290900
2020-02-05,53.360368567118705,53.63649865419488,53.29342600540507,53.61139678955078,20911400
2020-02-06,53.66997415108416,53.987941768210725,53.5611972677501,53.70344543457031,9628500
2020-02-07,53.703446987976115,53.879166443365264,53.544463174814126,53.770389556884766,14849000
2020-02-10,53.79549747183145,54.096732681790016,53.77875863572516,53.99631881713867,7394100
2020-02-11,54.07998660063111,54.07998660063111,53.753649564227686,53.79549026489258,8375700
2020-02-12,53.862433993135475,53.879166443365264,53.66160628640952,53.770389556884766,8479000
2020-02-13,53.65324588153259,54.180404273523244,53.57793389182246,54.08835983276367,7950900
2020-02-14,54.14692843563683,54.23060345184012,54.03815155297202,54.213871002197266,5421200
2020-02-18,54.138562016418994,54.25570832238878,53.912638821761526,54.02141571044922,6902300
2020-02-19,54.02977978288303,54.17202794263244,53.93773535387006,53.96283721923828,4971300
2020-02-20,53.870806915242305,54.046526402888034,53.50263229465154,54.00469207763672,13397700
2020-02-21,53.854059647081534,54.213867942040984,53.837320814389,54.09672164916992,10027800
2020-02-24,53.36037865533095,53.77039394335112,52.79137954117926,52.849952697753906,19892700
2020-02-25,52.88341080796887,53.14280523902391,51.72031100008549,51.89603042602539,25721400
2020-02-26,52.055025085036675,52.531979736205344,51.57807043386801,51.603172302246094,26066400
2020-02-27,51.14294994997171,51.60316892813069,49.49452913031145,49.50289535522461,39092300
2020-02-28,48.373270039352725,48.53225385977426,46.892199150592326,48.523887634277344,50978800
2020-03-02,48.62429792672273,51.15968876848246,48.62429792672273,51.11785125732422,27103100
2020-03-03,51.193163507378564,52.0466621989678,50.055165251926255,50.42333984375,35237500
2020-03-04,51.13459486093712,52.92526743006469,51.06765227906417,52.90016555786133,26214300
2020-03-05,51.7370574560031,52.59892231846427,51.37724911318975,51.9044075012207,16556300
2020-03-06,50.53211747500125,51.78726198532715,50.155573483503964,51.4943962097168,24800200
2020-03-09,48.64939130236733,50.62415212748114,48.532245014775306,49.251861572265625,19126300
2020-03-10,50.28945636774412,50.749678583646684,48.440210854381945,50.66600036621094,28174800
2020-03-11,49.410863954294335,49.67026168298581,47.58672001033037,48.180824279785156,17759800
2020-03-12,45.09315637841771,47.45282772126477,43.43636606484408,43.65392303466797,26713800
2020-03-13,45.829515463661195,47.385895343560264,44.14761984170656,47.36915969848633,24835800
2020-03-16,42.967785300252075,46.49892671809176,42.49083057315974,44.15599060058594,27436800
2020-03-17,45.009484011945396,48.07203656468693,44.90907015041459,47.879581451416016,32318100
2020-03-18,45.812769406579534,47.695485957534856,44.59946254645333,46.649532318115234,35524900
2020-03-19,46.15585204695947,46.39014469138126,44.67478099044054,45.093162536621094,26807900
2020-03-20,45.21867619726512,45.235411841382266,41.80468140531276,42.17285919189453,26903700
2020-03-23,42.086171363686844,42.58268902735019,40.10851805823417,40.924827575683594,31822200
2020-03-24,42.70892621236616,43.25593837407429,41.909448133822856,43.01188659667969,28041800
2020-03-25,42.91931148345842,44.274215751776794,42.14508230743537,42.894065856933594,25526400
2020-03-26,43.41582390046137,45.54495708800654,43.239098115546525,45.24199676513672,25754100
2020-03-27,44.25737948905186,46.277112860357036,44.181639407370966,45.03160858154297,26004700
2020-03-30,45.469224944542866,46.92511500778753,45.469224944542866,46.79046630859375,15892600
2020-03-31,46.62215844879473,46.849375523288934,45.73010879860783,45.83951187133789,15203200
2020-04-01,44.5940158254535,45.763777154307014,44.48461273986703,45.065284729003906,11979800
2020-04-02,44.44252960409074,46.479091570922876,44.333126533308075,46.21820831298828,14748100
2020-04-03,46.03306918186393,46.72314417554703,45.839511874882405,46.580078125,15374100
2020-04-06,47.74143231831713,48.650313593427455,47.05977136198439,48.313690185546875,14835200
2020-04-07,49.0626726897217,49.4497873520613,47.74984849391286,47.758262634277344,22985400
2020-04-08,48.11169796995223,48.73445008455684,47.57310328179558,48.465152740478516,13877400
2020-04-09,48.599809586695635,49.668585005264134,48.48199238012996,48.91960144042969,20376000
2020-04-13,48.75971072292967,49.012179869743974,48.086467155408165,48.5577392578125,10679500
2020-04-14,49.39086454527012,50.67844594997451,49.197307269722685,50.619537353515625,17745300
2020-04-15,49.946299712897165,50.257677447530796,49.4497820177087,49.820068359375,12553400
2020-04-16,50.08094751246464,50.3334166355099,49.44136698610301,50.14827346801758,14486100
2020-04-17,50.76259760119691,51.08238940170008,50.0809368920322,50.91407775878906,12083100
2020-04-20,50.409149604567034,50.76260119042153,49.87055166711412,49.91263198852539,9263900
2020-04-21,49.20573068097166,49.49185956057574,48.67555003723625,48.85227584838867,13021900
2020-04-22,49.441356921843294,49.60125121831612,48.92800785122314,49.32353973388672,15086800
2020-04-23,49.2057400984508,49.525528805470515,48.80179393410057,48.885948181152344,21074200
2020-04-24,49.17205758916947,49.567589455859306,49.00374595162416,49.407691955566406,9638300
2020-04-27,49.710660307106366,49.777986257132646,49.35720870030237,49.55076599121094,11024000
2020-04-28,50.123018321644636,50.19034105413497,49.61808338171769,49.82847213745117,13608800
2020-04-29,50.08094628031683,50.08094628031683,49.146822747089104,49.61809158325195,16038500
2020-04-30,49.47502572019829,49.50027134622609,48.74287046261229,49.02899932861328,16397100
2020-05-01,48.75969958718614,49.17206298389917,48.28843080268876,48.49040222167969,13023600
2020-05-04,48.39782679932015,48.574555789722076,47.985466645696654,48.465152740478516,11314200
2020-05-05,48.65872431197265,49.02900746637736,48.448335499413,48.50724411010742,9705200
2020-05-06,48.591400367973925,48.72604907629421,47.93498510591891,47.9770622253418,10700100
2020-05-07,48.34734607904014,48.414668824577234,47.741425317815,47.842411041259766,11203600
2020-05-08,48.32209318078433,49.012171328803106,48.29684755461366,48.91118240356445,13405000
2020-05-11,48.692388051388974,49.222568766180885,48.641893579887366,48.843868255615234,8807200
2020-05-12,49.00375339491294,49.273050771778614,48.431495666503906,48.431495666503906,20587300
2020-05-13,48.38941695397855,48.65871432194368,47.70775618553552,47.9938850402832,12186800
2020-05-14,47.758254722674394,48.002306486437625,47.11867422173012,47.87607192993164,11793500
2020-05-15,47.86765659422957,48.4399143382677,47.69934492652224,48.29684829711914,20847900
2020-05-18,49.06266784667969,49.315133766315626,48.70921620124504,49.06266784667969,15213600
2020-05-19,49.12999063592239,49.155236263174515,48.162200927734375,48.162200927734375,15313100
2020-05-20,48.566139647150166,48.75969691736741,48.27159667296689,48.73445129394531,8519600
2020-05-21,48.65872419021814,48.667141540455425,48.09488371490282,48.19586944580078,13913900
2020-05-22,48.21269371037625,48.406251003205014,48.1032906456372,48.364173889160156,7216300
2020-05-26,49.04584250541896,49.129999962699294,48.53249325198452,48.625064849853516,10487200
2020-05-27,49.012174574927826,49.39928918314764,48.73445982754522,49.35721206665039,10937800
2020-05-28,49.73591789226974,50.072541302786526,49.52552906326643,49.79482650756836,10184300
2020-05-29,49.64333117825799,50.005196877104126,49.19730484243248,49.84530258178711,12890900
2020-06-01,49.87055771694883,50.375492742637896,49.845312089261746,50.19034957885742,9101400
2020-06-02,50.274509505071116,50.35024960215197,49.93788613798322,50.32500076293945,9837900
2020-06-03,50.54380654804353,50.62796078406597,50.37549486572032,50.39232635498047,10155300
2020-06-04,50.291336308150186,50.552219570500434,49.87897606636234,50.14827346801758,8973800
2020-06-05,50.51855380661826,51.107643044105075,50.37549097437559,50.84675979614258,11502200
2020-06-08,50.85516980003423,51.419010119004206,50.67844401739686,51.39376449584961,13094200
2020-06-09,51.20021603637269,51.2759561291447,50.66162124789531,50.97299575805664,13735400
2020-06-10,51.090817046922616,51.23388310481881,50.728948042587945,50.82993698120117,9877800
2020-06-11,50.28291310394121,50.59428756654393,48.84385477134945,48.90276336669922,14738500
2020-06-12,49.57601171513457,49.58442585376546,48.490404845904074,48.91118240356445,17837500
2020-06-15,48.4567480110571,49.54235173565101,48.1285387996032,49.47502899169922,11366700
2020-06-16,50.451219288035325,50.51012787700494,49.60124700099829,50.249244689941406,10840300
2020-06-17,50.34182698576007,50.552215765610384,50.022035141509754,50.17351531982422,8388400
2020-06-18,49.946306473415575,50.484904569625414,49.87898371781356,50.434410095214844,6022600
2020-06-19,50.89725323615377,51.05714755313992,50.09777523066699,50.17351531982422,10777200
2020-06-22,50.12347923065365,50.22525512458298,49.85208331743107,50.030189514160156,9039600
2020-06-23,50.36095127712564,50.539054232180106,49.90296947673328,49.953857421875,7951000
2020-06-24,49.69941256259411,49.69941256259411,48.9361129257663,49.11421585083008,14343200
2020-06-25,49.0887874226806,49.52132368269561,48.78346618723719,49.46195602416992,12128900
2020-06-26,49.444992327501446,49.58069029201641,48.41029656131034,48.452701568603516,14476500
2020-06-29,48.766496714615684,49.46194910459187,48.724091712357485,49.368656158447266,9654200
2020-06-30,49.377146704949354,49.91993858215927,49.300816395010784,49.73335266113281,7379800
2020-07-01,49.826640968211656,50.08955717462228,49.75031066540176,49.775753021240234,7261600
2020-07-02,50.19132982660654,50.52209339364065,49.92841362023083,50.030189514160156,6857200
2020-07-06,50.411851558117554,50.53059013345737,49.996277867961965,50.276153564453125,10091300
2020-07-07,50.00473795757793,51.01399442256096,49.970812663648694,50.73411560058594,8161000
2020-07-08,50.8443769251775,50.87830222293466,50.39487481813134,50.606903076171875,9328000
2020-07-09,50.53905749131024,50.67475545181126,49.91993534431844,50.20829391479492,7672500
2020-07-10,50.26765676266458,51.234505043175915,50.25917382109138,51.13273239135742,14142800
2020-07-13,51.37868796512289,51.7348938782284,50.86133850869351,51.05640411376953,10906200
2020-07-14,50.91222454258742,51.929960833382076,50.810451884096295,51.8027458190918,14270100
2020-07-15,52.06566944907886,52.464283693110254,51.684017857484456,51.84516143798828,14952700
2020-07-16,51.81971202944428,52.05718591079666,51.71793935760464,51.95541000366211,7770200
2020-07-17,52.19287408089221,52.32008908797145,52.01477112980469,52.23527908325195,6321700
2020-07-20,52.12501562854183,52.15046121435598,51.54829862459291,51.709442138671875,6818600
2020-07-21,52.0741407976588,52.71870527026429,52.014773144996234,52.15895080566406,7847300
2020-07-22,52.32008744900459,52.65085422175541,51.78577861247967,52.57452392578125,7022700
2020-07-23,52.752632506140394,52.973140476233965,52.583009248602124,52.761112213134766,9468000
2020-07-24,52.84592461337893,53.286943781798996,52.438830742982226,52.69326400756836,6809200
2020-07-27,52.64237584064352,52.964659699930145,52.53212024017542,52.9561767578125,6801900
2020-07-28,52.9392168474008,53.414161336429075,52.913774490320684,53.1512451171875,6699300
2020-07-29,53.13429129329561,53.397204304905465,52.99859331576617,53.22758102416992,7486400
2020-07-30,53.10036599008951,53.41416695650852,52.85441239478772,53.22758102416992,10901300
2020-07-31,53.015545597054974,53.18516885496202,52.515158765641196,53.17668914794922,10277200
2020-08-03,53.2021321099357,53.227574466558295,52.769595870878554,53.032508850097656,8614400
2020-08-04,52.956181470052385,53.711004856260764,52.86289174551832,53.69404220581055,7417400
2020-08-05,53.77884397868025,53.88909957205755,53.431117785992704,53.583778381347656,7143600
2020-08-06,53.45656300331146,53.67707420187688,53.3632700527872,53.57529830932617,11983700
2020-08-07,53.490494112380524,53.914550671530705,53.43112645292308,53.86366271972656,9175700
2020-08-10,53.92302385200978,54.25378739061682,53.804285319297065,54.143531799316406,4345600
2020-08-11,54.39796849064595,54.53366967949284,53.617706066542844,53.77036666870117,8633500
2020-08-12,53.99088719101468,54.70330242173277,53.99088719101468,54.4658317565918,8021600
2020-08-13,54.34709287383628,54.58456352346465,54.27076255998502,54.42341995239258,5857100
2020-08-14,54.36404107185062,54.59303520144592,54.211380475649946,54.41493225097656,3776300
2020-08-17,54.54214241610374,54.8983547771409,54.440373002026014,54.720245361328125,5172900
2020-08-18,54.80506684478883,55.09342217182516,54.55911328729898,54.94076156616211,4927300
2020-08-19,54.86443305685301,54.94076012238426,54.41493419382105,54.50822067260742,5871600
2020-08-20,54.194422980297226,54.46581888641229,54.101130030952476,54.39796829223633,10178600
2020-08-21,54.330116739131206,54.60999558222559,54.16897643374902,54.533668518066406,5713900
2020-08-24,54.6269719373646,55.00013732910156,54.45734542240241,55.00013732910156,6978500
2020-08-25,55.12735081975022,55.169759062462695,54.64392661753906,54.88139724731445,4517100
2020-08-26,54.77114248831055,55.025572521729956,54.516705984302064,54.94924545288086,5375300
2020-08-27,55.051019683167176,55.55140326316647,55.042536741133105,55.288490295410156,8711200
2020-08-28,55.55140022075017,55.814313174107376,55.02556784344723,55.78038787841797,6868200
2020-08-31,55.57685063720434,55.78039597027981,55.398747661939616,55.619258880615234,7661200
2020-09-01,55.61077641235952,55.704069372188016,55.23760457304553,55.678627014160156,9723000
2020-09-02,55.93304997046543,56.91686416001887,55.84823996426672,56.687870025634766,11174600
2020-09-03,56.82356941598955,57.34091884921505,55.30544641183802,55.71254348754883,26304400
2020-09-04,55.873682464380806,56.10267659936046,54.898357684675986,55.5853271484375,15604800
2020-09-08,55.44962465790496,55.559883487187356,54.18593812138126,54.41493225097656,16316600
2020-09-09,54.72873308761721,55.73798966938287,54.62696366464181,55.20367431640625,12848500
2020-09-10,55.203671137607074,55.356331733868444,54.40644933098754,54.525184631347656,11060600
2020-09-11,54.69480418860931,55.0934183239217,54.440374177333766,54.83050537109375,10212500
2020-09-14,55.101904164143285,55.441150667612135,54.940760619113085,55.18671417236328,6397000
2020-09-15,55.322421804706664,55.517484199270285,55.0340599784701,55.11039352416992,5672900
2020-09-16,55.347857450746986,55.492035111085265,54.8135421074163,54.86443328857422,7270700
2020-09-17,54.40645219478515,54.80506635437109,54.1265733418092,54.51670455932617,10108700
2020-09-18,54.60151997380966,54.67785351880964,53.64315448398237,54.01632308959961,9988900
2020-09-21,53.64690555805501,53.80900540236283,52.98996947129255,53.604248046875,11326200
2020-09-22,53.63836883078649,54.18439275152225,53.58718112231706,53.91991424560547,7148600
2020-09-23,54.09054054620341,54.22704650875135,53.04968054767606,53.10940170288086,7015900
2020-09-24,53.10940350871857,53.78340314558602,52.75107656530589,53.50185775756836,9141700
2020-09-25,53.228855510032034,53.8431341014534,53.10941317382444,53.78341293334961,7432100
2020-09-28,54.227045088231236,54.69628411878777,54.201447983414816,54.38914489746094,6077600
2020-09-29,54.41474355995855,54.54271933168203,53.928440834703835,54.03082275390625,8150400
2020-09-30,54.252643818405545,55.029022140122585,54.22704996584579,54.6877555847168,8284100
2020-10-01,55.00342938912213,55.122871709538515,54.52565685289745,54.994895935058594,9262900
2020-10-02,54.448870948668194,54.93517367465804,54.26970747163174,54.6877555847168,7463000
2020-10-05,54.81573418706571,55.122873451878355,54.73041917108853,55.05461883544922,4501200
2020-10-06,55.182595637315856,55.395886435773456,54.53418978745153,54.696292877197266,6552800
2020-10-07,55.011953612975525,55.515316663256364,54.90103825611439,55.28496551513672,8073100
2020-10-08,55.53238756317742,55.703024102501765,55.30203637148758,55.65183639526367,6659000
2020-10-09,55.8736575892638,56.334366510263095,55.80540947843039,56.08694839477539,7894700
2020-10-12,56.32582658425777,57.03395353938861,56.291705787320595,56.735347747802734,8685600
2020-10-13,56.564711112540536,56.86331686921048,56.42820190428153,56.69268035888672,7505700
2020-10-14,56.684163820079455,56.914515014902854,56.17226070426121,56.402618408203125,6566200
2020-10-15,55.993088629431455,56.5903066699149,55.941900929347945,56.436737060546875,6650000
2020-10-16,56.60737746839669,56.91451674356898,56.43674743068706,56.45380783081055,6701200
2020-10-19,56.45380986372677,56.692694528770026,55.56651931562401,55.720088958740234,7733900
2020-10-20,56.26609958837733,56.377014948829036,55.5494457629235,55.66035461425781,7660200
2020-10-21,55.60064010724926,56.02722167598824,55.57504625458383,55.71155548095703,7013900
2020-10-22,55.720089988227095,55.873659634180676,55.42148415140597,55.68596267700195,7779700
2020-10-23,55.88217089003848,56.010146629014535,55.617692469506714,55.78832244873047,5094100
2020-10-26,55.36175047782887,55.472659332416974,54.58537222291817,55.071678161621094,9352300
2020-10-27,55.10580685889604,55.40441918020456,54.90104951755411,54.92664337158203,5331400
2020-10-28,54.14173252579058,54.42327792647993,53.26297552586766,53.322696685791016,10980600
2020-10-29,53.186191223926535,53.83459378985515,52.65723097899326,53.305633544921875,8942700
2020-10-30,53.10088240897556,53.35683073449506,52.46100996789704,53.117942810058594,10093200
2020-11-02,53.87725898441297,54.20999212158069,53.54452259268583,53.96257400512695,10935100
2020-11-03,54.508594574171575,55.35322429245347,54.44034321273752,54.84986114501953,20578800
2020-11-04,55.15700702126021,55.80541293270411,54.807206954192054,54.87546157836914,25605800
2020-11-05,55.515331962728204,55.79687739511225,55.12287765203482,55.27644729614258,13919500
2020-11-06,55.36176435793859,55.813939851934805,55.29350973379446,55.53239440917969,12703600
2020-11-09,56.85478200276503,57.40080580398998,55.327619446204956,55.4044075012207,15142600
2020-11-10,55.39587507089717,56.65002574998851,55.35321431631038,56.496456146240234,15134300
2020-11-11,56.82066212308341,57.230183282049616,56.43674132521097,56.982765197753906,10382100
2020-11-12,56.82919692993164,56.98276655456084,56.351427657359984,56.82919692993164,8945500
2020-11-13,57.04249126558346,57.69089711096179,56.87186123164531,57.61410903930664,6167300
2020-11-16,58.14306640625,58.168660257720454,57.6994179503692,58.14306640625,12955900
2020-11-17,57.707960984368434,58.074821437624855,57.562924795878885,57.73355484008789,8147900
2020-11-18,57.81886629369648,58.02363014505231,56.93158230762877,56.94010925292969,7607700
2020-11-19,56.78653067183429,57.1789848947544,56.65002796822263,57.09366989135742,8830200
2020-11-20,57.008359687126685,57.255777774188715,56.684160043278894,56.735347747802734,4663400
2020-11-23,56.83774005335652,56.92305507952737,56.402624958030124,56.752418518066406,5825300
2020-11-24,57.093680330912946,57.33256498775145,56.9657045478584,57.1363410949707,6064900
2020-11-25,57.11075208328863,57.33256984966713,57.02543054793769,57.10221862792969,5245400
2020-11-27,57.24723950111899,57.24723950111899,56.92303988456347,57.09366989135742,3228600
2020-11-30,56.948650049920026,57.144880472157,56.505007999685986,57.08515930175781,11581900
2020-12-01,57.34108673032175,57.64822594327119,57.23017787919121,57.588504791259766,12126200
2020-12-02,57.39229487497862,57.6653068827345,56.92305894461805,57.110755920410156,11392100
2020-12-03,56.96570420725754,57.35816500870992,56.95717726179194,57.25578308105469,10951400
2020-12-04,57.30696666487361,57.70795438292504,57.23871205135034,57.69942092895508,11055800
2020-12-07,57.58850513475105,57.68235358977411,57.20458437083301,57.477596282958984,9466300
2020-12-08,57.27283628713421,57.91270860908881,57.15339397443211,57.79326629638672,7090900
2020-12-09,57.87858582099595,57.90418618353099,57.409349987080844,57.56291961669922,10420100
2020-12-10,57.54584567441778,57.690888341247366,57.16192490185829,57.30696105957031,5723400
2020-12-11,57.08515822196765,57.59705488843784,57.06809131125106,57.43495178222656,5000800
2020-12-14,57.716489156682684,57.93831340114659,57.19605910762411,57.21311950683594,6663200
2020-12-15,57.46053731560114,57.631173852452754,57.28137383374568,57.34962844848633,6121300
2020-12-16,57.39227091197477,57.73353740646049,57.255768219650676,57.46052551269531,10505500
2020-12-17,57.665297117854664,57.89565482518038,57.64823671799875,57.82740020751953,4673300
2020-12-18,57.912714908302355,58.08335145152124,57.511733677254746,57.95537567138672,6980500
2020-12-21,57.31358442777864,57.44262506865808,56.728576122542464,57.330787658691406,8255600
2020-12-22,57.30498557818589,57.30498557818589,56.83181463298038,56.926448822021484,9107900
2020-12-23,57.09852323542658,57.33940791440751,56.98667923188884,57.115726470947266,4302600
2020-12-24,57.158739213746955,57.43403690238065,57.02108708762279,57.39962387084961,1954900
2020-12-28,57.61469094393616,58.027634127339056,57.55446978953934,57.85557556152344,6315400
2020-12-29,58.00183029746273,58.16529054163143,57.53726425899436,57.68352127075195,4993600
2020-12-30,57.752350763572544,57.82117683236198,57.554484020321894,57.62331008911133,7359900
2020-12-31,57.68351653809092,58.11366951283101,57.39961399949522,58.02763366699219,6062200
2021-01-04,58.00183551360624,58.01904531117908,56.71137636745805,57.39962387084961,12992600
2021-01-05,57.31359457382932,57.52006619940093,56.86623172754042,57.39962387084961,10871900
2021-01-06,57.28779824627055,57.72655633445673,57.19317058373699,57.44265365600586,14206600
2021-01-07,57.48564534273737,57.62329745012388,57.03828912095869,57.27056884765625,13963500
2021-01-08,57.31358544352717,57.60608631952241,56.99526987528506,57.55447006225586,17960800
2021-01-11,57.23616458451295,57.614701374171695,56.96947179013414,57.06410598754883,9648700
2021-01-12,57.06410435744026,57.193151583284326,56.63395131370309,56.87483596801758,11089500
2021-01-13,56.81460695196787,57.175933883499816,56.78879882308897,56.96085739135742,8337500
2021-01-14,57.0124777662935,57.03829246065027,56.59092964906397,56.65975570678711,11549000
2021-01-15,56.45328139613122,56.71136925482317,56.22960000104047,56.46187973022461,13260300
2021-01-19,56.65115648649435,56.76300048240748,56.16938716137558,56.212398529052734,8130800
2021-01-20,56.195197160570835,56.453291629662495,55.816660356200394,56.31563949584961,10700600
2021-01-21,56.22959328684692,56.27261120663252,56.031720044891394,56.1263542175293,8461200
2021-01-22,56.08334924953411,56.324233875100184,55.851062958014126,55.98011016845703,8329300
2021-01-25,55.808055445236825,56.72858264990513,55.78224075047714,56.53931427001953,17486100
2021-01-26,56.60813512770286,57.15873042026491,56.35004071273344,57.0468864440918,9304200
2021-01-27,56.72858064554955,57.49425247267793,55.94569902252279,56.083351135253906,17826800
2021-01-28,56.19519230504505,56.92645115280059,56.03173205116972,56.298431396484375,19925900
2021-01-29,56.08335440281729,56.10055763610399,55.11120434995222,55.13701248168945,19374700
2021-02-01,55.36928878882087,55.48973109090587,55.00795860075926,55.18862533569336,13283300
2021-02-02,55.40370788938355,56.005919465858206,55.24024764850589,55.558563232421875,13278400
2021-02-03,55.429515785378065,55.77363949774593,55.274660442993216,55.64459228515625,9542000
2021-02-04,55.6962063403134,56.06613816783469,55.57576403029379,56.04893493652344,7292400
2021-02-05,56.39306697699663,56.74578906176808,56.36725228079078,56.57373046875,8889300
2021-02-08,56.75439388400305,56.91785414168012,56.41887503353982,56.7888069152832,9412200
2021-02-09,56.79740377946452,56.94366079952107,56.582327262244526,56.7371826171875,12345400
2021-02-10,57.00388432660224,57.132931555010636,56.54792314135863,56.676963806152344,6957200
2021-02-11,56.73718953794743,56.75439933704834,56.3414494856243,56.4274787902832,7478500
2021-02-12,56.37585191586637,56.5823235209333,56.22960146909455,56.51350402832031,7131800
2021-02-16,56.616742317019714,56.65976024744763,56.21239740001008,56.41027069091797,9246600
2021-02-17,56.19518546528187,56.72857752737525,56.126359412699436,56.61673355102539,8871000
2021-02-18,56.109160601045055,56.7285819958511,56.066142673889125,56.58232498168945,7464900
2021-02-19,56.62533775228096,56.633942649651374,55.816648053414504,55.86827087402344,10246100
2021-02-22,55.7220142834296,56.06613798103063,55.61017687124505,55.91988754272461,8649600
2021-02-23,56.10056117960378,56.47049307297052,55.799455350959875,55.99732208251953,12743400
2021-02-24,55.85106571422995,56.14357317657652,55.687612032308785,55.96290969848633,9103700
2021-02-25,55.87688000246679,56.19519563053099,55.23165041092046,55.35209274291992,17558500
2021-02-26,55.46392662923025,55.46392662923025,54.440160430237746,54.457366943359375,17718400
2021-03-01,54.844504324109195,55.455320761104865,54.82729781128874,55.00796127319336,11263900
2021-03-02,54.94775509012339,55.33489352954525,54.887533919747504,54.91334533691406,12942700
2021-03-03,54.76708744908674,55.08539979447116,54.620836984004605,54.65524673461914,13450900
2021-03-04,54.76707761593503,55.429513602986994,54.190674194491194,54.457366943359375,25968700
2021-03-05,54.68965688341553,55.82526063900321,54.48318526338535,55.661800384521484,21719300
2021-03-08,55.67900187428892,56.49628989752872,55.58436769514156,55.90268325805664,18947000
2021-03-09,56.091951230583454,56.35865056646947,55.80805522548716,55.85106658935547,17259600
2021-03-10,55.894084092493735,56.83181451924268,55.71342061294433,56.58232498168945,15827600
2021-03-11,56.64254214383493,56.8146072767005,56.38445428995711,56.44467544555664,12386500
2021-03-12,56.651142511106755,56.98666128884676,56.60813115404016,56.909236907958984,10518200
2021-03-15,57.11571925382837,57.21035344627225,56.81461344314981,57.15873718261719,8383700
2021-03-16,57.08991257486512,57.40822819060568,57.08991257486512,57.22755813598633,13550200
2021-03-17,57.25335778732453,57.485637482260614,56.94364715166787,57.14151382446289,12254200
2021-03-18,56.99526618570535,57.22754589198182,56.633939281002746,56.909236907958984,14497600
2021-03-19,56.96946733044831,57.2619682351127,56.83181521276091,57.107112884521484,20807100
2021-03-22,57.00937390776781,57.74458674557348,56.96612337650089,57.70998764038086,14499400
2021-03-23,57.70133657549263,58.22030995842139,57.54564390070354,57.95217514038086,13216300
2021-03-24,57.81378176100265,58.09921944632029,57.588897462665976,57.72728729248047,15831000
2021-03-25,57.80513075365843,58.35870321194465,57.519693098856536,58.28950500488281,14764000
2021-03-26,58.35871329686295,59.35341624818184,58.194369176466985,59.318817138671875,15098600
2021-03-29,59.14581457810002,59.96752848354244,59.11986689882056,59.915626525878906,11857300
2021-03-30,59.803187119555055,59.86373390701296,59.16312013798511,59.27556228637695,14042700
2021-03-31,59.249621685440644,59.491808864210356,58.9555391395362,59.08527755737305,18241100
2021-04-01,58.85174583455416,59.10258445805142,58.41061538639648,58.79985046386719,21191800
2021-04-05,59.05067193325387,59.87238588385522,58.94688121043198,59.55234909057617,20093000
2021-04-06,59.44855901860902,60.02807922439244,59.40530848422308,59.80318832397461,19302100
2021-04-07,59.90698941505567,59.98483246292048,59.57830117090083,59.656150817871094,20763900
2021-04-08,59.63019559930041,59.837783633144106,59.56099738831763,59.71669006347656,10244700
2021-04-09,59.72534089237758,59.86373071385463,59.249611445509046,59.612892150878906,7020400
2021-04-12,59.690739052162456,59.94157760364459,59.612889419376295,59.932926177978516,10117800
2021-04-13,59.673438935107214,59.83778303477172,59.53504911363017,59.612892150878906,11982600
2021-04-14,59.57829326236066,59.647491472903056,59.31015844538957,59.560997009277344,12087500
2021-04-15,59.69939206378552,60.13187101892455,59.69939206378552,60.0367317199707,7714900
2021-04-16,60.287555987902174,60.50379543778576,60.0540202856338,60.3827018737793,7810000
2021-04-19,60.39134557481778,60.51243912333507,59.95886673036933,60.1491584777832,10867400
2021-04-20,59.7253502888568,60.668151305755984,59.63884921283198,60.47785949707031,13168800
2021-04-21,60.54705052283666,60.95358177506105,60.54705052283666,60.78058624267578,10794900
2021-04-22,60.67679884619085,60.71139795456322,60.20106935495215,60.330814361572266,10762900
2021-04-23,60.20970514797247,60.36539779566895,59.93291895196801,60.175106048583984,9133800
2021-04-26,60.140524794525604,60.140524794525604,59.413963289087114,59.500457763671875,8750100
2021-04-27,59.46584289218214,59.5869364443252,59.19770811230874,59.457191467285156,10078900
2021-04-28,59.699394395306285,59.837790833926235,59.43125954436191,59.500457763671875,7925300
2021-04-29,59.4745032445146,60.22701234591581,59.4745032445146,60.131866455078125,9202600
2021-04-30,60.13187489011919,60.209724538590734,59.88968771550653,60.18377685546875,10784800
2021-05-03,60.31350765378742,60.90167919596933,60.25296087440564,60.676788330078125,12671500
2021-05-04,60.54705786216257,60.780593610310156,60.175125671330775,60.36541748046875,11147300
2021-05-05,60.34811794222129,60.43461902320569,60.11458218123893,60.32217025756836,8726200
2021-05-06,60.43460187458264,61.11791930600762,60.43460187458264,61.100616455078125,10192000
2021-05-07,61.005470572278185,61.290908220678006,60.85842933489795,61.100616455078125,9841800
2021-05-10,61.36011900179762,61.965586926337274,61.30821703747605,61.56770706176758,10558400
2021-05-11,61.59364556414157,61.72339055694947,60.754635422968846,61.03142166137695,14385700
2021-05-12,60.89305003430343,60.96224826435543,60.209732360529394,60.2183837890625,13223100
2021-05-13,60.20971833001865,61.34281103687624,60.14052011609173,61.06602478027344,18490900
2021-05-14,61.29957981042439,61.697459724330756,61.26498069628824,61.33417892456055,9672600
2021-05-17,61.36875133613393,61.63689273307356,61.11791938925146,61.247657775878906,10705800
2021-05-18,61.316863048244294,61.55905019666638,61.0227805391903,61.057373046875,11168900
2021-05-19,60.763290690338756,60.944931052111244,60.425957647174876,60.858436584472656,13709500
2021-05-20,60.86708940180739,61.636901399859596,60.83249029414038,61.42066192626953,11336300
2021-05-21,61.57635388590241,61.82719246420481,61.31686388100889,61.42930603027344,7779600
2021-05-24,61.50715315244318,61.82718993215786,61.386059581546746,61.6109504699707,6535900
2021-05-25,61.65419398680362,61.68014166623419,61.256314170957346,61.62824630737305,8271800
2021-05-26,61.66285257432205,61.72339936639333,61.386066296409744,61.49850845336914,10622500
2021-05-27,61.602309546834896,61.801246190466856,61.0573817857869,61.11793518066406,12693900
2021-05-28,61.21305867307689,61.50714774734201,61.20441384670446,61.247657775878906,8476400
2021-06-01,61.481207575168085,61.636900257230884,60.83248916642389,61.040077209472656,8893800
2021-06-02,61.126564830076525,61.37740337858456,60.97952359101794,61.26496124267578,6411300
2021-06-03,61.08331727014667,61.697436466573016,61.08331727014667,61.64553451538086,9410000
2021-06-04,61.827178129748475,62.00881845141916,61.66283405814496,61.86177062988281,6078200
2021-06-07,61.87044922212969,61.94829887937474,61.481220733223445,61.75800704956055,7306900
2021-06-08,61.775290970076924,61.85314061177461,61.230369874613125,61.23902130126953,8545200
2021-06-09,61.12657521804743,61.42930917317531,60.92763859000852,60.9449348449707,8273800
2021-06-10,61.05737431366414,61.481208431301155,61.03142663280983,61.32551574707031,8213000
2021-06-11,61.44660952076282,61.472557201700305,61.066025936066346,61.36011505126953,6232300
2021-06-14,61.30821289376411,61.34281200127152,60.953583590246915,61.32551574707031,10449400
2021-06-15,61.37742252665533,61.51581898243049,61.117939070736256,61.17848587036133,5151600
2021-06-16,61.195776339257165,61.26497456059927,60.34811462558042,60.36541748046875,10507100
2021-06-17,60.37405033512097,60.711383311508406,60.20970625976684,60.58163833618164,9239700
2021-06-18,60.166465072909226,60.24431470982912,59.491799015424874,59.50910186767578,16882500
2021-06-21,59.86080720116582,60.2525637416393,59.825983364373194,60.19162368774414,14278400
2021-06-22,60.20033786359728,60.53115438620342,60.10457396248026,60.2786865234375,8351000
2021-06-23,60.2264428765749,60.235150495592976,59.904327392578125,59.904327392578125,7072900
2021-06-24,59.92176756827585,60.2699994122834,59.86952847439422,60.20035171508789,6343700
2021-06-25,60.235166520924835,60.731394665499465,60.13069499081529,60.661746978759766,9241300
2021-06-28,60.705273020435,60.87938557976114,60.574685279956206,60.71397399902344,7570600
2021-06-29,60.74879206773132,60.85326357858253,60.34832790575333,60.444091796875,13155400
2021-06-30,60.57468712280029,60.99255993468318,60.54857090230368,60.91421127319336,8815100
2021-07-01,60.94033597113954,61.088332335853906,60.63563561967774,60.73139953613281,11633100
2021-07-02,60.870690723564486,61.062218564166955,60.792342048028814,60.879398345947266,20733300
2021-07-06,60.74007600682071,60.76619886237898,60.339611900496095,60.62690353393555,7595700
2021-07-07,60.60950390429159,61.18408061419572,60.60079628448413,60.94902801513672,7880500
2021-07-08,60.6617428915818,60.99255941835263,60.48763032843264,60.72268295288086,9212900
2021-07-09,60.95772465453769,61.18407625964731,60.83584455377882,61.07090377807617,6286900
2021-07-12,60.96643962707646,61.06220352378986,60.74008799466587,60.97514724731445,7384200
2021-07-13,60.9577522277832,61.33210031857781,60.83587207189383,60.9577522277832,12057600
2021-07-14,61.03609327040737,61.584553843577616,60.94903698542351,61.49749755859375,7616100
2021-07-15,61.401737677689425,61.75867710408173,61.22762509630782,61.749969482421875,8662500
2021-07-16,61.85443744903851,62.08078246338653,61.76737452139974,61.84572982788086,8634300
2021-07-19,61.636798052653454,62.04596329029266,61.1144470153842,61.66291427612305,20734400
2021-07-20,61.654200704099694,62.28101657475369,61.51491197838142,61.68031692504883,20404900
2021-07-21,61.96760481602377,62.0198372546993,61.50620056247454,61.52360916137695,9366300
2021-07-22,61.36691984244144,61.5845639114661,61.02739562612056,61.419158935546875,9632100
2021-07-23,61.43657301695145,62.23750166830889,61.34951670997268,62.15915298461914,9732400
2021-07-26,62.06337821825178,62.359370938694155,61.9066742362619,62.263607025146484,5952200
2021-07-27,62.24619919458629,62.664078699058436,62.04596374324207,62.394195556640625,14720700
2021-07-28,62.246194055537565,62.32454272004984,61.71514207839156,61.84572982788086,9114100
2021-07-29,62.07208772897263,62.32454899022366,62.01114765867592,62.15043640136719,8811100
2021-07-30,62.24619426479941,62.57701080824479,62.159137978836824,62.25490188598633,10403700
2021-08-02,62.254919470110984,62.31585955169443,61.92409619125451,61.993743896484375,12049800
2021-08-03,62.01114329938173,62.38549131687958,61.86314030309166,62.27231216430664,8647700
2021-08-04,62.05465366448949,62.21135760372174,61.419136930135245,61.46266174316406,8886500
2021-08-05,61.78479084354256,61.88925573138468,61.61067162719075,61.75867462158203,7063000
2021-08-06,61.89796335269451,62.01114250381543,61.645495470461114,61.75867462158203,13492100
2021-08-09,61.95889964876883,62.089487392596375,61.81961092612972,61.985015869140625,9054900
2021-08-10,62.10690813054176,62.455139968151805,62.002443228637645,62.42902374267578,11291700
2021-08-11,62.58570701946369,62.89040728576744,62.533474585802374,62.637939453125,14992700
2021-08-12,62.67277138045919,62.71630284210853,62.4899511970753,62.60313034057617,6432100
2021-08-13,62.68148115257621,63.18641690037779,62.58571724723561,63.1254768371582,8808500
2021-08-16,63.12547520023236,63.50852416969307,63.01229605578176,63.49111557006836,7903100
2021-08-17,63.37795120809155,63.76970784866761,63.229948203412896,63.52594757080078,15666000
2021-08-18,63.40407783222439,63.49984176309042,62.69020548338605,62.73373031616211,10669200
2021-08-19,62.45512010658265,63.36922755936431,62.42029626969911,63.23863983154297,13035600
2021-08-20,63.22993381232837,63.59558078787707,62.994881209874414,63.34311294555664,10454500
2021-08-23,63.35182353178907,63.465002682182686,63.11677089368581,63.142887115478516,8794500
2021-08-24,63.10805147138903,63.125466710640175,62.57699958767963,62.6640625,8494200
2021-08-25,62.620548529933146,62.70760482459534,62.3419644018324,62.559608459472656,8007400
2021-08-26,62.472547605187884,62.51607242835751,62.0633757439729,62.27231216430664,13078000
2021-08-27,62.33324431685673,62.60312741090946,62.12430792304833,62.48994827270508,9126200
2021-08-30,62.50736676864388,62.829475675463485,62.446426707194064,62.76853561401367,5645800
2021-08-31,62.820773005222016,62.97747032304371,62.664069045431944,62.90782928466797,8037000
2021-09-01,62.96005577844238,63.299579885597225,62.84688329004668,63.23863983154297,8399100
2021-09-02,63.369245539795386,63.58688960059618,63.25607301928804,63.482418060302734,6623300
2021-09-03,63.29089644895007,63.49983955008721,63.108076216932794,63.404075622558594,6010700
2021-09-07,63.2995911601679,63.2995911601679,62.62925044617367,62.67277526855469,9206300
2021-09-08,62.594427578176045,63.282183545411606,62.55960373454739,63.2125358581543,10662900
2021-09-09,63.15159746259258,63.169006063882826,62.78595705777445,62.84689712524414,7741500
2021-09-10,62.96877819864167,62.994894421950875,62.45513478633988,62.5770149230957,10269900
2021-09-13,62.82079326565525,63.27349004995519,62.5857339291766,62.73373031616211,13798000
2021-09-14,62.89041541907696,62.9339468807362,62.34195486880049,62.44642639160156,9145500
2021-09-15,62.44643025144797,62.7772467978132,62.29842725783951,62.67277526855469,8824700
2021-09-16,62.59442059376857,62.78594839137059,61.94148854301709,62.46383285522461,9789900
2021-09-17,62.29842974961543,62.524781417744556,62.11560954757739,62.12431716918945,13150000
2021-09-20,61.69683379255289,62.05599121093153,61.03107026454179,61.504112243652344,17880700
2021-09-21,61.67931484252188,62.16987390985702,61.32015075153292,61.43402862548828,11140400
2021-09-22,61.83697429183481,61.99465490978524,61.486578859380046,61.60921859741211,10025900
2021-09-23,61.6968182595208,62.11730214065626,61.63549838970569,61.83697509765625,8440500
2021-09-24,61.74937383419061,62.13481681994385,61.74937383419061,61.863258361816406,6717300
2021-09-27,61.76689110143717,62.05596662690188,61.53036686389998,61.58293151855469,8467100
2021-09-28,61.416510124072325,61.48659189877123,60.636868759803235,60.85586929321289,14982900
2021-09-29,60.978502419216774,61.72310281508023,60.847100776802,61.40774154663086,13329500
2021-09-30,61.556661166230114,61.609225833964096,60.27769897412423,60.303977966308594,16259900
2021-10-01,60.487940336922776,60.750736925007764,59.89225871388605,60.46165466308594,15889200
2021-10-04,60.444145349274336,60.87338451012244,59.84846364951208,60.26894760131836,20351600
2021-10-05,60.4178694248284,60.847108607483165,60.286467765502984,60.5755500793457,16186100
2021-10-06,60.26019059767232,61.223791656336125,60.190108819458096,61.162471771240234,14909900
2021-10-07,61.46906951363594,61.977152366727914,61.39023252782824,61.43402862548828,8396800
2021-10-08,61.477822865458634,61.61797971521137,61.250060465824696,61.36394500732422,7285700
2021-10-11,61.460312471405885,61.67931300327372,61.29386992850926,61.34642791748047,8218300
2021-10-12,61.39899017795445,61.845753165388395,61.2413162000715,61.372711181640625,12401200
2021-10-13,61.43402666688266,61.653027198298936,60.95222950778634,61.48659133911133,9548300
2021-10-14,61.71434411056534,62.27498490934825,61.6705480164087,62.17863082885742,9975100
2021-10-15,62.38885759749711,62.415136585668584,61.854495893462946,62.029693603515625,11575200
2021-10-18,61.758145888028366,61.950867412620255,61.3376619540674,61.66178512573242,10043300
2021-10-19,61.55665912057773,61.69682265205674,61.25882164123236,61.68806076049805,10203100
2021-10-20,61.74938558028052,62.25746839753753,61.69682759344895,62.0472297668457,8829700
2021-10-21,62.134822494024256,62.18738047565767,61.89830489330899,61.968379974365234,7976400
2021-10-22,62.09103121587009,62.54655608557797,62.03847322450616,62.4501953125,9575700
2021-10-25,62.40639114379883,62.54655469547569,61.968390069857634,62.40639114379883,6844600
2021-10-26,62.415154265529615,62.78307357087645,62.37135148392665,62.62539291381836,8805500
2021-10-27,62.94951164044624,62.993314418931504,62.23119018350119,62.257469177246094,10334900
2021-10-28,62.27497611174724,62.502738492628474,62.16986015392865,62.47645950317383,8614800
2021-10-29,62.318781305337325,62.660421548256025,62.25746143310486,62.41514205932617,8105300
2021-11-01,62.54654982684202,62.65166579905142,62.29250842172683,62.51150894165039,7033700
2021-11-02,62.54655138248773,63.0721513067038,62.36259174318039,62.93198776245117,9942700
2021-11-03,62.94074490300148,63.5189094543457,62.896948811253225,63.5189094543457,10471100
2021-11-04,63.291148430928544,63.632788697478176,63.12470590191426,63.580230712890625,11701700
2021-11-05,63.82551849530914,64.05328093033224,63.702878726458124,63.948158264160156,9929100
2021-11-08,63.97440984594272,64.0182126089192,63.142210816295886,63.44004821777344,12813600
2021-11-09,63.457588524485445,63.720385120702524,63.24734322747375,63.65906524658203,13527600
2021-11-10,63.72038973253455,64.01823391650873,63.60651186760162,63.85179138183594,11350400
2021-11-11,63.89559276633605,63.93063365094349,63.659068466077166,63.807987213134766,6319100
2021-11-12,63.93938885957133,64.10583139061534,63.70287124267781,63.807987213134766,7469800
2021-11-15,63.92185676860727,64.18465331648649,63.799217042924205,64.11457824707031,6381300
2021-11-16,64.07080831958191,64.28104700231376,63.68536516510087,63.71165084838867,6562200
2021-11-17,63.650308193509595,63.77294793819589,63.45758668518404,63.57146453857422,10444900
2021-11-18,63.40502791637495,63.49263347075229,63.03710864810575,63.34370803833008,11269500
2021-11-19,63.483855454116764,63.501372550523726,63.0808954031192,63.115936279296875,11924000
2021-11-22,63.19478858906301,64.05327355554441,63.12470681968384,63.615272521972656,13425400
2021-11-23,63.62403687211587,64.14088164134074,63.51892088630944,64.03575897216797,13405700
2021-11-24,63.94815167756134,64.04451244078581,63.55395341590886,63.8430290222168,9556400
2021-11-26,63.41378286473928,63.70286512245319,62.80933935922196,63.03710174560547,11715600
2021-11-29,63.10719863345378,63.4400770599787,62.7918373100654,63.19479751586914,13646600
2021-11-30,62.80059250553809,62.85315049270866,61.442786581129845,61.574188232421875,23715100
2021-12-01,61.99466189547655,62.51150657830608,61.250061492560306,61.27634048461914,22897400
2021-12-02,61.486582435650035,62.31878166118035,61.486582435650035,61.924583435058594,18704000
2021-12-03,62.266233541226974,62.791833487085185,62.082273894344894,62.695472717285156,22867600
2021-12-06,63.14223470457983,64.03575393041639,63.13347281199703,63.79923629760742,18524400
2021-12-07,63.90435120346602,64.25475338387767,63.78171144282679,63.93939208984375,13169300
2021-12-08,63.834268164364865,64.11458853711086,63.19478376350046,63.73790740966797,14489800
2021-12-09,63.729133982145584,64.14085591707288,63.45757554990147,63.91309356689453,8613900
2021-12-10,64.28979620403462,65.03439668270275,64.17591833240591,64.9906005859375,10890000
2021-12-13,64.97307746660283,66.04180115244597,64.87671669601922,65.84032440185547,16518100
2021-12-14,65.70889655252464,65.98921685975321,65.45485522982322,65.88409423828125,16048300
2021-12-15,65.89287940274214,66.62871796287418,65.86660040893253,66.54988098144531,21277000
2021-12-16,66.49732637753193,67.25944397025383,66.48856448469432,67.0229263305664,14499000
2021-12-17,66.78638614385262,67.1192711589521,65.8403091264571,65.8753433227539,23809700
2021-12-20,65.37437152079139,65.9300335954791,65.29498737916147,65.8947525024414,14116700
2021-12-21,65.89476371406533,65.93886677016145,65.41847897078993,65.80656433105469,11872100
2021-12-22,65.78010384766837,66.24756662435563,65.52432093172636,66.22110748291016,7650200
2021-12-23,66.37985466980682,66.60035643962358,66.27401139778998,66.37103271484375,8089000
2021-12-27,66.41514710441777,67.07665252685547,66.41514710441777,67.07665252685547,7343200
2021-12-28,66.99727739813807,67.52648046150892,66.99727739813807,67.45592498779297,7285200
2021-12-29,67.52647219658459,67.93219471981644,67.41181367779555,67.76461791992188,7891600
2021-12-30,67.93219612980884,68.00275832553494,67.50883641381502,67.55293273925781,6802800
2021-12-31,67.50883754400084,68.11742471625952,67.47355644554713,68.01158142089844,11289000
2022-01-03,67.61467561677343,68.03803530715435,67.05018481429728,68.00275421142578,22320300
2022-01-04,67.98509545743696,68.67305978291026,67.95863632633088,68.46138000488281,23066000
2022-01-05,68.37320758860021,68.95533567622671,68.34674844446849,68.39967346191406,29748500
2022-01-06,68.35554849568535,68.77891485365912,68.11740954563635,68.21442413330078,25023900
2022-01-07,68.10859728380927,68.54960088525411,67.92337657870416,68.28499603271484,12650300
2022-01-10,68.17916718305298,68.32028485229533,67.52647693411433,67.74697875976562,18578300
2022-01-11,67.67641686602754,67.7293351458228,66.92670534662886,67.66759490966797,19571600
2022-01-12,67.62347621492077,67.74695665866793,67.37651532742647,67.69403839111328,11155200
2022-01-13,67.76460949646855,67.9586521419767,67.54410771369663,67.8175277709961,14287300
2022-01-14,67.64995314440337,68.02921652973114,67.34125195382988,67.9410171508789,21391700
2022-01-18,67.43829045730335,67.45593437507424,66.7503257062647,66.96200561523438,16683800
2022-01-19,67.08546713380599,67.85281583924328,67.06782995021045,67.3853530883789,18518500
2022-01-20,67.32361458055111,67.89692063525158,66.88261095834785,66.94435119628906,15677800
2022-01-21,67.27951072242683,67.85281677027425,66.89142538618898,66.99726867675781,25270600
2022-01-24,66.73265996942428,67.17366351647304,65.36554628190109,66.7767562866211,35518900
2022-01-25,66.1946502543171,66.42396730625885,65.24208075966452,66.035888671875,28638500
2022-01-26,65.83302899245254,66.42397231026806,65.14506432643661,65.53314971923828,33222000
2022-01-27,66.05350612606388,67.01489729066918,65.71834587621615,65.97412872314453,23816500
2022-01-28,65.63015899244273,66.78558627128857,65.0568529665154,66.75030517578125,25111500
2022-01-31,66.34459040897404,67.0678361282738,66.19465078246618,67.00609588623047,15453000
2022-02-01,67.00609143423027,67.15603105077587,66.256386622321,66.94435119628906,15620900
2022-02-02,67.0149178127814,67.85282205858366,66.95317757076631,67.74697875976562,13630400
2022-02-03,67.43827281834831,68.09977824889222,67.34125148353404,67.76461791992188,14414700
2022-02-04,67.30596538539272,67.6234885067955,66.55626063231757,66.9355239868164,17939500
2022-02-07,67.20014540894546,67.38536615392654,66.67093558993393,67.05902099609375,10949400
2022-02-08,67.21776748862517,67.50000952171172,66.95316936777077,67.31478881835938,11472900
2022-02-09,67.64112056026703,67.79106013875955,67.21775422955808,67.33241271972656,14899300
2022-02-10,66.96198850941565,67.27068969971673,66.37104526952767,66.60918426513672,19828500
2022-02-11,66.8032142995142,67.05017520504016,66.1769900807362,66.37103271484375,18498300
2022-02-14,66.37104988967168,66.6180108591037,65.30382185509372,66.18582916259766,23550800
2022-02-15,66.58271043213095,67.00607677768093,65.99176732264182,66.30046844482422,12300400
2022-02-16,66.26519626492703,66.66210352896738,65.7800963588964,66.42395782470703,13507700
2022-02-17,66.2563814227598,67.12074468610457,66.06233876754915,66.9355239868164,12873300
2022-02-18,66.88262220921149,67.31480394750069,66.66212036101749,67.05902099609375,16470100
2022-02-22,67.11192694101122,67.16485195068618,66.11526119301767,66.53862762451172,21545800
2022-02-23,66.75912947929388,66.79441057604173,65.91240334488892,66.00060272216797,15134300
2022-02-24,65.12742166262959,65.26854607333618,63.67211487001588,64.86282348632812,30125500
2022-02-25,65.24208206402987,67.05019301941104,65.21562292129082,66.95317840576172,21141600
2022-02-28,65.95651173190238,66.33577517982985,65.34792447776282,66.0623550415039,20975100
2022-03-01,65.8859505231086,66.42397557899363,65.32146632171816,65.67427062988281,18750300
2022-03-02,65.69189022464734,66.67091189178815,65.60368413337665,66.37103271484375,18935000
2022-03-03,66.662096711493,67.30595811145649,66.60917171085848,66.9090576171875,19576500
2022-03-04,66.15055126823219,67.05901776231345,65.89476832915985,66.91790008544922,22078900
2022-03-07,66.55625443892353,66.84731839465456,65.62132907355972,65.7007064819336,20057300
2022-03-08,65.77127884276622,65.93886236972986,63.88378390973772,63.927886962890625,29710400
2022-03-09,64.92454567294091,64.94218285478176,64.0866415873019,64.36006164550781,18254000
2022-03-10,63.901415889661465,64.14838354635222,63.15171115138256,63.7514762878418,21892400
2022-03-11,63.98081156093227,64.33361583344869,62.92239874338298,63.01060485839844,14276500
2022-03-14,63.40749294688284,63.98079893544242,63.0017704687648,63.34575271606445,18438900
2022-03-15,63.91905916178541,64.8451626306849,63.76911956146557,64.76578521728516,17078100
2022-03-16,64.92454885919828,65.17150979217264,63.910239259470096,64.83634948730469,18783200
2022-03-17,64.7922642167731,65.40085148945198,64.64232457049015,65.28618621826172,14484600
2022-03-18,65.34791297252707,65.49785931702507,64.85399107304525,65.43611907958984,20278600
2022-03-21,65.60001551490137,66.10503966889372,65.15701163386586,65.52027130126953,17659100
2022-03-22,66.00757598876953,66.14047850041896,65.44939355148493,66.00757598876953,11667300
2022-03-23,66.08731579648368,66.25565943455595,65.41395476360017,65.4759750366211,14027800
2022-03-24,65.74178372268507,65.96328569851582,65.52028174685432,65.93670654296875,9458800
2022-03-25,66.09618495738346,66.61893310946013,66.0341646776154,66.48603057861328,12508400
2022-03-28,66.51260006931487,66.76068115234375,66.1227545047252,66.76068115234375,11602600
2022-03-29,67.28342597498603,67.47834874785539,66.7518159545415,67.35430145263672,16595100
2022-03-30,67.08851919276445,67.40748257717567,66.80499693547712,67.39862060546875,13367500
2022-03-31,67.31887232593854,67.64669086969613,67.12394953791905,67.23912811279297,12388500
2022-04-01,67.36317877835918,67.99224356893795,67.10623567915877,67.91250610351562,12644000
2022-04-04,67.79732953951,67.79732953951,66.92904548041369,67.69987487792969,9618400
2022-04-05,67.38977331942506,68.46184229966013,67.38977331942506,67.76190185546875,12717200
2022-04-06,67.76190047815294,68.70992884700577,67.46951619138488,68.62132263183594,23849600
2022-04-07,68.851661795381,69.60476703481305,68.65673900782626,69.45414733886719,18311500
2022-04-08,69.64022050138954,69.95918389034904,69.33011908426333,69.74654388427734,13879400
2022-04-11,69.87059849358803,70.10096248962444,69.3301330181018,69.4630355834961,18229900
2022-04-12,69.47189582390949,69.95919620525756,69.23266986022699,69.48075103759766,19804800
2022-04-13,69.42757863661643,69.9680439890117,69.41871666502038,69.8705825805664,11715500
2022-04-14,69.98576203383172,70.34016654529418,69.80856315795239,69.85285949707031,12195600
2022-04-18,69.69338708934967,69.95032344077146,69.08203945392252,69.27696228027344,11426700
2022-04-19,69.30353326451767,70.428760229808,69.24151298705605,70.331298828125,12814100
2022-04-20,70.72114476187416,71.54513231464772,70.67684166646674,71.38565063476562,21659600
2022-04-21,71.52741606456665,72.06787462930212,71.270472979202,71.3236312866211,18501800
2022-04-22,71.49197556998513,71.58057500303252,70.14523985273242,70.20726013183594,19747900
2022-04-25,70.4287726849772,70.73001891428211,69.2681043902039,70.51737213134766,30868200
2022-04-26,70.41103565314673,70.74771615833765,69.4098425882193,69.42756652832031,26864500
2022-04-27,69.57820115181796,70.4110507630242,69.392140299045,69.68452453613281,29441700
2022-04-28,69.78198366935177,70.79203212838964,69.41871718791869,70.71228790283203,22128500
2022-04-29,70.35789547012416,70.46421209929757,68.70105814856083,68.78965759277344,27802900
2022-05-02,69.26808761948428,69.36554901480643,66.88472455884717,67.88591766357422,55145100
2022-05-03,67.77074699325641,68.32893633447779,67.24800554131721,67.69100952148438,47646900
2022-05-04,67.71759480988267,69.3124119867607,67.51380998628524,69.21495056152344,37161600
2022-05-05,68.84279916540025,69.00228083008012,67.39860897280661,67.90363311767578,32186100
2022-05-06,67.65556207494488,68.32006798315109,67.31001954345393,67.97452545166016,34046900
2022-05-09,67.45178321882814,68.55043795063693,67.1328198140713,67.94795227050781,33323800
2022-05-10,68.29349638172866,68.51499837562916,67.2037035974683,67.4783706665039,32510900
2022-05-11,67.55810345209217,68.32007079901668,67.13281667904205,67.18598175048828,30110100
2022-05-12,67.31888515169763,67.65556572988388,66.45059441046446,67.16825866699219,29049700
2022-05-13,67.50494542896216,68.23147165126336,67.09738259788627,68.17830657958984,15405300
2022-05-16,68.13399886039558,68.79850468785125,67.8416146739864,68.4884033203125,14613700
2022-05-17,68.24917800172163,68.4263836129978,67.32772910219424,68.01881408691406,20637000
2022-05-18,67.27458374879294,67.30116290567504,63.438167712378686,63.64195251464844,40188900
2022-05-19,63.28755049732346,63.30526768271384,62.09144107219081,62.50786590576172,38772000
2022-05-20,62.86224518616508,62.879969126042454,61.64841893296151,62.640743255615234,26185000
2022-05-23,63.33185193298869,64.1646948184994,63.1457843129138,63.9343376159668,17710900
2022-05-24,63.78371835170618,65.07728930824345,63.677401710709034,64.97982788085938,23272400
2022-05-25,64.85577881921421,65.1836041921004,64.4482159759986,64.99754333496094,16647300
2022-05-26,65.29878348763442,66.02530973932282,65.19246685939491,65.68862915039062,16580500
2022-05-27,65.78608612060546,66.45059204101562,65.6709075278944,66.45059204101562,16921300
2022-05-31,66.09617374691278,66.41513706296494,65.2899102466771,65.98099517822266,19212200
2022-06-01,66.06962571489359,66.12278403937151,64.68745520082302,65.12159729003906,17552000
2022-06-02,65.27220211248323,66.06961059570312,64.20013333603914,66.06961059570312,17618500
2022-06-03,65.7949589207881,66.05190206346549,65.2367695295664,65.40511322021484,9750300
2022-06-06,65.85696551685125,66.06074353816746,65.21017680811377,65.43167877197266,10924200
2022-06-07,64.58111991045138,65.8658287534798,64.58111991045138,65.77722930908203,9070200
2022-06-08,65.40509683298065,65.55571653966261,64.92665180025274,64.97095489501953,7896600
2022-06-09,64.9089401985606,65.53800499205283,63.9786292061023,63.99635314941406,9442200
2022-06-10,63.207785970612136,64.22669617589658,62.87996744835441,63.72167205810547,17720500
2022-06-13,62.773653385932676,63.207795329793846,62.091430331293694,62.34837341308594,22813000
2022-06-14,62.33065172323516,62.61417396861185,61.16998358742799,61.61298751831055,19864600
2022-06-15,62.04712470273195,62.54328690403081,60.98391805431927,61.67500305175781,20069400
2022-06-16,60.83331495401154,61.67501988374284,60.443469255337746,61.20543670654297,19017100
2022-06-17,61.31174345975132,61.648430785126195,60.7092578224373,60.983924865722656,24825300
2022-06-21,61.70966217249016,62.780859627047306,61.41508917216617,62.61125183105469,16147200
2022-06-22,62.29880660904277,62.995081039036286,62.05778434606818,62.56660079956055,15207200
2022-06-23,62.99509271330055,63.84311802278994,62.93260670955358,63.78063201904297,16570700
2022-06-24,64.34300378718376,65.05712847063616,64.11091003009197,65.03034973144531,13437000
2022-06-27,65.09282971092678,65.19995146825335,64.66435630254456,64.85181427001953,10936500
2022-06-28,65.03927149488496,65.44989467758866,63.93237392366361,63.985931396484375,11004000
2022-06-29,64.23588354468515,64.6554352965342,64.08413281202655,64.38763427734375,9230600
2022-06-30,64.05737303405851,64.71794045034568,63.673528425175796,64.43228912353516,12670700
2022-07-01,64.45011589508015,65.40526280995546,64.3430009430515,65.36063385009766,11664100
2022-07-05,64.92323559256513,65.14640083591713,63.89667411105343,64.94108581542969,12828700
2022-07-06,65.18209751502401,65.58379901612247,64.92323184090178,65.1285400390625,11768100
2022-07-07,65.07500416187078,65.29816946639676,64.80720307225374,65.19104766845703,8476300
2022-07-08,65.21781918586524,65.59274203186143,64.86968189423324,65.07499694824219,10732500
2022-07-11,64.99465473999857,65.43206359752904,64.76256774957533,64.98573303222656,7172500
2022-07-12,65.07499311154164,65.6552241668736,64.56617657604268,64.79826354980469,11032200
2022-07-13,64.4233437415863,65.42312652896653,64.26266448665845,64.8428955078125,13851600
2022-07-14,64.01273639972989,64.99466239698269,63.994886171618994,64.89646911621094,10801700
2022-07-15,65.32493161623789,65.53024664084208,64.85182238051944,65.1106948852539,9300100
2022-07-18,65.22674549785187,65.33386728029392,64.36086315188697,64.47691345214844,8473600
2022-07-19,65.01250461952885,65.28029884295168,64.83396832678378,65.15532684326172,8729100
2022-07-20,65.22673486131163,65.28922085493065,64.37870968927324,64.7179183959961,10232000
2022-07-21,64.59296333076632,65.0660726650354,64.40550530079919,64.91432189941406,11944800
2022-07-22,65.05712222943023,65.53023821477697,64.95892898817544,65.3427734375,9369800
2022-07-25,65.42311572718377,65.81588868781645,65.2892152351079,65.66413116455078,8157500
2022-07-26,65.06605963745757,65.61058339139325,64.85182290474182,65.51239013671875,9764200
2022-07-27,65.3874300070935,66.14619063143111,64.88754193655846,65.95873260498047,10995600
2022-07-28,66.00335757833645,67.14596258699486,65.8873072877782,67.0120620727539,9372000
2022-07-29,66.24436450958817,66.60143023134557,66.06583505394055,66.49430847167969,13198900
2022-08-01,66.40505363479058,67.53873695944614,66.378274893501,67.32449340820312,13150400
2022-08-02,67.27985323398322,67.40482521282293,66.69069378191429,66.78888702392578,10632700
2022-08-03,66.80675130739871,67.36020362337429,66.53002855464267,67.22630310058594,12808400
2022-08-04,67.0745480307781,67.26200602641686,66.51217404386185,66.77996826171875,11983600
2022-08-05,66.44969772929763,66.67286301526602,66.00336715736084,66.62822723388672,7125700
2022-08-08,66.88709382383121,67.09240886523459,66.4318347740852,66.59251403808594,6966100
2022-08-09,66.69069495916938,66.78888820291422,66.36933649063393,66.49430847167969,8086200
2022-08-10,67.12810511787453,67.19059111605367,66.75318912879969,66.98528289794922,11262300
2022-08-11,67.27093070112443,67.48516742526587,66.67284949056233,66.82460021972656,8959500
2022-08-12,67.02992332773688,67.40484619140625,66.77105758418867,67.40484619140625,11094400
2022-08-15,67.36913014819227,68.14574089855778,67.26200837103761,68.07433319091797,10207200
2022-08-16,68.32429583382294,69.09198508671146,68.27073833586589,68.842041015625,12312600
2022-08-17,68.55638038694602,68.91343940556818,68.47603734043108,68.64564514160156,9667600
2022-08-18,68.53852335029299,68.97592541543365,68.45818711424162,68.87773895263672,5777700
2022-08-19,68.6635008714533,68.98485946234022,68.52960032350627,68.65457916259766,6456500
2022-08-22,68.44924876650748,68.46709899068979,67.84223898735993,67.95828247070312,7113700
2022-08-23,67.70834051488725,67.76190480997892,67.36913176146949,67.66371154785156,10183400
2022-08-24,67.77974025654123,67.97612673797738,67.54764652298377,67.83329772949219,8061900
2022-08-25,67.86008545000996,68.14573669433594,67.53873375929825,68.14573669433594,6105000
2022-08-26,68.18144658397819,68.26178961760567,66.37827431150362,66.45861053466797,11212500
2022-08-29,66.06583499101329,66.72640214883488,65.89622724098608,66.35148620605469,13214300
2022-08-30,66.47645582213896,66.47645582213896,65.49453023101916,65.66413116455078,10316700
2022-08-31,65.8694532696712,65.98549674308168,65.26244354248047,65.26244354248047,10397800
2022-09-01,65.0392653916217,65.77124696348493,64.7893214612969,65.62841796875,15968200
2022-09-02,66.12833300091312,66.38720552573159,64.56617614493035,64.771484375,15846700
2022-09-06,64.80719710631817,65.32494219966807,64.31623756783588,64.40550231933594,21871800
2022-09-07,64.61080899591926,65.64629915744419,64.55725150841413,65.56595611572266,19632300
2022-09-08,65.24458188760931,65.6462833787366,64.62865049795366,65.3963394165039,14843900
2022-09-09,65.56595403309308,66.47647215454187,65.32493853651171,66.03907012939453,18139000
2022-09-12,66.09263485684825,66.52110841115412,66.00337010057322,66.29794311523438,8680000
2022-09-13,65.74447921724112,65.83374394863831,63.90559306023926,64.0841293334961,12940800
2022-09-14,64.28053070284331,64.3608669365512,63.68244256211823,64.05736541748047,12291500
2022-09-15,64.02165085073557,64.08413685108997,63.352155071025635,63.52176284790039,11234700
2022-09-16,63.298595515277235,63.74492602046871,63.28966699824376,63.67351150512695,13452600
2022-09-19,63.43183063777004,64.1416210819693,63.43183063777004,64.09669494628906,9370400
2022-09-20,63.674419894866524,63.890050262571975,63.2521389026509,63.74629211425781,9169900
2022-09-21,64.1326287860969,64.76156035591417,63.46776453664691,63.50370407104492,14189700
2022-09-22,63.557615430976256,63.845124876210264,63.29705892517576,63.41386413574219,10428400
2022-09-23,63.06344921854999,63.06344921854999,61.68879475257846,62.33568572998047,15909500
2022-09-26,62.20092062522893,62.91969065778854,62.08411543954924,62.380611419677734,11638000
2022-09-27,62.68609016661548,63.02751228921645,61.18565071078254,61.30245590209961,17159300
2022-09-28,61.58098315154689,62.34467940212329,61.041903848479144,62.03920364379883,14259200
2022-09-29,61.89544050834215,62.02122544040721,60.63758433292684,61.01494598388672,13508200
2022-09-30,61.16769170858101,61.26652371858062,59.909835371576015,59.95476150512695,13427400
2022-10-03,60.38601200263432,61.14072841896679,60.053576493030626,60.98798370361328,12703300
2022-10-04,61.35637288734216,62.236867578816344,61.34738628912867,61.91342544555664,13366400
2022-10-05,61.589967089994786,61.88645623828545,60.907129679711694,61.55402755737305,10596100
2022-10-06,61.53605022341144,61.643868814022404,60.52078420052508,60.655555725097656,10607000
2022-10-07,60.5387570959887,60.61063616418217,59.5145043659101,59.74810791015625,13741600
2022-10-10,59.855925741656336,60.215307368465304,59.4605977264483,59.96373748779297,11799000
2022-10-11,59.99967670333248,61.00596307545203,59.90084470005444,60.4578971862793,10783400
2022-10-12,61.05087775110304,61.473158668788315,60.77235495635938,60.781341552734375,10963200
2022-10-13,60.19733573586607,62.02122406513073,59.918812943150144,61.787620544433594,18475600
2022-10-14,62.155996031646104,62.22787509310352,60.574690953405955,60.67352294921875,11611200
2022-10-17,61.31144117288402,61.6348901314821,61.18565622840313,61.32941436767578,9105200
2022-10-18,62.24585720127673,62.551339862483474,61.76068369566578,62.129058837890625,11000700
2022-10-19,62.21888845111657,62.55132396903995,61.58996380073675,61.84153366088867,8985300
2022-10-20,61.86849273075331,62.01224401305405,60.92509880686215,60.97901153564453,10023200
2022-10-21,60.943078481479546,62.066163341355995,60.745414449378735,61.91342544555664,9613300
2022-10-24,62.35365326240633,63.15328888381476,62.2188817504778,63.027503967285156,11076000
2022-10-25,63.171265675087305,63.934968750825334,62.81188405681644,63.854103088378906,10619600
2022-10-26,63.99785964256258,64.73460290948812,63.80019564452515,64.27638244628906,9483700
2022-10-27,64.33927834519103,64.75257270187537,64.23145974375659,64.33029174804688,9988200
2022-10-28,64.44709398951221,65.85768806675425,64.42013419931675,65.74088287353516,9545400
2022-10-31,65.5522249101787,65.75887556770338,65.18385659211323,65.35456085205078,9201000
2022-11-01,65.5162716835102,65.83073404904955,64.91429989022552,65.14790344238281,9535200
2022-11-02,65.01313080382941,65.66002871905404,63.97989145894371,64.01583099365234,16291600
2022-11-03,63.4767562498278,64.08771467430343,63.33299810064961,63.80020523071289,10624500
2022-11-04,64.5638953495938,64.91429723612036,63.710353698775805,64.5549087524414,11938600
2022-11-07,64.68967371049915,65.246726146277,64.563888782221,65.12992095947266,7133600
2022-11-08,65.32759774301792,65.72292579775683,64.64476024522318,65.31861114501953,9091700
2022-11-09,65.15686937154453,65.56118391703447,64.55489770588096,64.60881042480469,9465200
2022-11-10,65.99244863029166,66.29793120724769,65.03108848285866,66.1272201538086,19286100
2022-11-11,66.30691268858385,66.37878488811958,65.0221037257246,66.05533599853516,14289300
2022-11-14,65.99245434562764,66.585446358553,65.49830118962153,65.53424072265625,14803000
2022-11-15,66.36084404092816,66.57647443188613,65.54323490744746,66.08232116699219,15064200
2022-11-16,66.17215055714405,66.73818276678512,66.13621102489884,66.40575408935547,9748600
2022-11-17,65.82174704035228,66.42371876718639,65.82174704035228,66.38777923583984,7827000
2022-11-18,66.92686125940786,67.1784311344544,66.64833844842991,67.09757232666016,9070800
2022-11-21,67.22334736126383,67.83430561984504,67.08857584669545,67.7354736328125,8054900
2022-11-22,68.23862451767661,68.29253724521807,67.97807489608084,68.22964477539062,6307100
2022-11-23,68.28355076441129,68.59801311408386,68.19370535804272,68.46324157714844,6286400
2022-11-25,68.55310484872001,68.56208459246353,68.37340715235618,68.5081787109375,2978000
2022-11-28,68.25659096628017,68.62495915178954,68.1487723766176,68.24760437011719,8698300
2022-11-29,68.06791857936324,68.21166985471658,67.63665104377334,67.98705291748047,7755100
2022-11-30,67.94213566375461,69.37069613677998,67.58274718253425,69.35272979736328,11704200
2022-12-01,69.22693803065712,69.30779683220649,68.75074439850783,69.03825378417969,10215700
2022-12-02,68.53512083121784,69.44257520397709,68.45426202169494,69.35272979736328,6087200
2022-12-05,68.60700137358101,68.68786018484249,68.28355241900451,68.48121643066406,8632900
2022-12-06,68.55309711353817,68.81364674802575,67.72650151306583,68.0589370727539,8136300
2022-12-07,68.18472631437899,68.49020895559119,68.0589413605757,68.34645080566406,7298700
2022-12-08,68.23864231938228,68.72381586523404,68.1487968897283,68.71483612060547,7803400
2022-12-09,68.3823869192605,68.67888294756531,68.17573630277866,68.18472290039062,9761700
2022-12-12,68.3105037673868,68.91247553088424,68.09487342093917,68.90349578857422,6996800
2022-12-13,69.58632719761866,69.73907193067106,68.3733970589738,68.8046646118164,11349000
2022-12-14,68.91246533187409,69.424591613121,68.35541978142972,68.75972747802734,13820200
2022-12-15,68.18471332905384,68.3194848552527,67.0885816362911,67.59172821044922,11281000
2022-12-16,67.24133466457388,67.47493823901615,66.67530235260553,67.25930786132812,14561500
2022-12-19,67.2439049415878,67.81400304203756,66.81859585202054,67.21675872802734,8093900
2022-12-20,67.09913211089936,67.42490052650152,66.79145887219909,67.1624755859375,7368900
2022-12-21,67.48825154241379,68.09454014322621,67.44300323922168,67.83211517333984,7953100
2022-12-22,67.58778636747367,67.71447332061118,66.92719847989564,67.67827606201172,6888300
2022-12-23,67.71447159009402,68.076437262917,67.4882439075698,68.03118896484375,4874700
2022-12-27,68.12167776210156,68.49269447044904,67.97689563722707,68.3569564819336,4839700
2022-12-28,68.5560398023041,68.64652949579286,67.50634002685547,67.50634002685547,5028900
2022-12-29,67.77781851849035,68.04024347206018,67.66922673993416,67.79591369628906,5574800
2022-12-30,67.66018758250955,67.71448693328513,66.97246024262923,67.46111297607422,6249900
2023-01-03,67.49728139506254,67.5244345135843,66.52902728539593,67.20771026611328,14433300
2023-01-04,67.39775856310176,67.88640431342566,67.04483700399007,67.47014617919922,12197300
2023-01-05,67.34346191463679,67.4068053962065,66.65573465871493,66.79146575927734,9848200
2023-01-06,67.6511289088574,68.84561081044271,67.59682956974827,68.57413482666016,9982400
2023-01-09,68.5288934895239,68.99944403736492,67.90450286865234,67.90450286865234,11081800
2023-01-10,67.98594660859003,68.09453839110388,67.58779054721569,67.81401824951172,8427900
2023-01-11,68.04023487830419,68.23931632855177,67.2529601170307,67.85020446777344,9848300
2023-01-12,67.99498239308193,68.00403343224093,67.15341525321448,67.31629943847656,9841300
2023-01-13,67.13531421669047,67.6511129409952,67.09006592876644,67.63301086425781,9274200
2023-01-17,67.74161953858048,68.24836735113054,67.57873532684351,67.67827606201172,9006800
2023-01-18,67.51538693316799,67.56063522910219,65.73271177452268,65.8322525024414,16069900
2023-01-19,65.56983618665099,65.86845840962846,65.18977530500051,65.20787048339844,12421500
2023-01-20,65.25310849668567,65.74176108344153,64.79160212520728,65.71461486816406,12349600
2023-01-23,65.84129847986708,66.25755653555711,65.65126807861208,65.92273712158203,12000200
2023-01-24,65.90464274217344,66.37519323135122,65.51553089569327,66.1942138671875,13465600
2023-01-25,65.79606190152712,66.35710906982422,65.47029346882833,66.35710906982422,11606800
2023-01-26,66.28470272978213,66.33899515757598,65.90464192738496,66.12181854248047,8081500
2023-01-27,66.07657533278453,66.23041539656766,65.6150758531971,65.93179321289062,10341700
2023-01-30,65.79605274651024,66.51093299080017,65.79605274651024,66.01322937011719,10463100
2023-01-31,66.13992550947243,66.73716993737047,65.94085093742777,66.72811889648438,8002700
2023-02-01,66.67380781506176,67.5606231680432,66.3842367229714,67.26200103759766,15447600
2023-02-02,66.8095558980103,67.11722220951063,66.38424678182537,66.68286895751953,12238800
2023-02-03,66.88195470403772,66.90004988073281,65.93179568540451,66.42044830322266,12874800
2023-02-06,66.3118540446328,66.62857140432683,66.26661265263115,66.50188446044922,7208900
2023-02-07,66.02227781248817,66.34804618704335,65.56077146454831,66.22135925292969,9268200
2023-02-08,65.85939698428406,65.97703978904705,65.59697206340107,65.71461486816406,8933500
2023-02-09,66.05849128360178,66.29377003497025,65.34361089192507,65.42505645751953,8341500
2023-02-10,65.42504542009802,66.08562635529563,65.2893074362879,66.03133392333984,8197200
2023-02-13,66.2304211777483,66.80956351571791,66.19422391863503,66.78241729736328,7440500
2023-02-14,66.73715636816603,66.76430258138352,65.9498816652592,66.17610931396484,9344700
2023-02-15,66.0403698172128,66.32088985654244,65.76889391185446,66.30278778076172,9006000
2023-02-16,65.71461917230543,66.22136696779683,65.43409215358334,65.82320404052734,8355100
2023-02-17,65.63316430195026,66.70095907941358,65.63316430195026,66.67381286621094,11116000
2023-02-21,66.40234622260667,66.7733629321045,66.06753367434081,66.42044830322266,8974700
2023-02-22,66.51094566703173,66.97245212108473,66.15803099743877,66.32091522216797,8851000
2023-02-23,66.38424519323699,66.56522455991566,65.83224914977065,66.23945617675781,12700000
2023-02-24,65.7508096362795,65.9046427863137,65.39788813925954,65.79605102539062,11340600
2023-02-27,66.11278289171241,66.2937691996854,65.578888817016,65.72367095947266,10162300
2023-02-28,65.45220876571963,65.56984470038415,65.15358650396838,65.18073272705078,9757300
2023-03-01,64.98165391675373,65.05404845059367,64.1853347562825,64.70113372802734,10475000
2023-03-02,64.71017183974843,65.71462335830996,64.64682836127704,65.58793640136719,9876000
2023-03-03,65.58791949049163,65.70555537620172,65.03592350445582,65.6422119140625,12384300
2023-03-06,65.46123406832439,65.91368939996806,65.43408785305304,65.81415557861328,8356000
2023-03-07,65.82320148015825,66.040385015996,65.05402877651473,65.1626205444336,10059400
2023-03-08,65.09928136947765,65.34360423352133,64.87305368265453,65.27120971679688,11170800
2023-03-09,65.52459401970808,65.63317889666442,64.47489418298696,64.66492462158203,15612700
2023-03-10,64.79159454777378,65.04496839929183,64.11291162952772,64.34819030761719,19026300
2023-03-13,64.28485359727769,65.6784168309278,64.24865634269868,64.67396545410156,29831400
2023-03-14,64.86399076035993,65.29835087721995,64.63776311497696,65.26215362548828,19139200
2023-03-15,64.83685805326239,65.76891504176342,64.69206901617576,65.68746948242188,21438000
2023-03-16,65.64221448512872,65.7960476272179,65.27119783241028,65.73270416259766,15712500
2023-03-17,65.64222468004614,65.7508164522262,64.96354163774284,65.25311279296875,13283900
2023-03-20,65.50313762290017,66.22145436407682,65.47586091351886,66.15780639648438,14130900
2023-03-21,66.25785112554854,66.40332927728082,65.63955337218695,66.103271484375,12499700
2023-03-22,66.22147585715241,66.50334452838783,65.4849697792731,65.49406433105469,11942200
2023-03-23,65.66683286004326,65.90324267082302,64.99398163855903,65.2394790649414,12160300
2023-03-24,65.41222498648143,66.41241049151529,65.33948245666929,66.34876251220703,12352500
2023-03-27,66.57608842032862,67.0034421803057,66.56699386836236,66.70338439941406,10865500
2023-03-28,66.80339681453331,67.18528471265853,66.73065428047808,66.82157897949219,11593400
2023-03-29,67.19438171386719,67.26712425057491,67.02161992346387,67.19438171386719,9483400
2023-03-30,67.36714109624047,67.55809200221337,67.17619712737816,67.38533020019531,10737800
2023-03-31,67.7308467943167,67.95816203373376,67.61264536717964,67.9308853149414,10338700
2023-04-03,67.97634656834579,68.43097701661996,67.72175462724987,68.28549194335938,9607700
2023-04-04,68.2581997787869,68.54916292234967,68.00360789530804,68.14908599853516,7272900
2023-04-05,68.34007307038001,68.76741999437746,68.34007307038001,68.46736907958984,12409900
2023-04-06,68.40370256858687,68.64010541481156,68.11273934952466,68.52190399169922,8616800
2023-04-10,68.28549420836418,68.54008615790482,67.86723501453166,68.52190399169922,9423400
2023-04-11,68.64920417280831,68.91289069016378,68.59465073373848,68.7219467163086,12944300
2023-04-12,68.71284615397369,68.94016137969638,68.32186368824622,68.41278839111328,10386400
2023-04-13,68.4400596284993,68.83104206292212,68.12181972538994,68.794677734375,12919000
2023-04-14,68.61283017524077,68.91288795242585,68.1672942539454,68.35823822021484,8789700
2023-04-17,68.4946199955392,68.80376534795698,68.41278291353416,68.794677734375,9683400
2023-04-18,68.78557879556699,69.06744741503806,68.56735815265743,69.00379943847656,7233100
2023-04-19,69.08564641433239,69.15838201431819,68.74921738309617,68.95834350585938,6283600
2023-04-20,68.71285982327936,69.34025219095876,68.67648854747503,69.12202453613281,7329500
2023-04-21,69.5857295647622,69.98580654612776,69.476622705924,69.62210083007812,10431000
2023-04-24,69.62210017886021,69.94943462653217,69.62210017886021,69.90396881103516,8723100
2023-04-25,69.88579948911918,70.3495245313855,69.73122678740066,69.81305694580078,12179700
2023-04-26,69.48570721730937,69.75848822644598,69.23111530857346,69.26748657226562,8778800
2023-04-27,69.30388310401186,70.11312493916002,69.25841727354259,70.0403823852539,11287800
2023-04-28,70.22222589467995,70.54046583827977,70.04946409510697,70.41316986083984,9757600
2023-05-01,70.29495062948234,70.75867558252067,70.27676846570667,70.46771240234375,10860800
2023-05-02,70.4040751519607,70.4404464221639,69.56755674861823,70.27677917480469,19136000
2023-05-03,70.06762480366638,70.35858793972386,69.68573698829873,69.70392608642578,11656600
2023-05-04,69.77667872330503,69.88579252741319,69.30386611305642,69.53118133544922,11682600
2023-05-05,69.64028269339966,70.23130361228895,69.55845254962443,70.17675018310547,10479400
2023-05-08,69.93126414506277,70.05856012518863,69.73122562283336,69.9676284790039,8069200
2023-05-09,69.9767124848138,69.9767124848138,69.622101316891,69.74939727783203,6939500
2023-05-10,69.76758457199921,70.06763536523971,69.158374560865,69.6402816772461,12259100
2023-05-11,69.62210342626787,69.8948844577544,69.24021553187454,69.84941864013672,11790600
2023-05-12,69.92216912072334,70.14948436042849,69.77668403749897,70.12220764160156,7012000
2023-05-15,70.2313239765551,70.32224869726194,69.6403028862934,69.94945526123047,8652200
2023-05-16,69.84943073450455,69.84943073450455,69.2584096886888,69.35842895507812,11310700
2023-05-17,69.54027196847886,69.5493595821433,68.89469066860181,69.3220443725586,10891300
2023-05-18,69.06746400943362,69.15838872106607,68.56737462689972,68.98563385009766,10765300
2023-05-19,69.13111668281157,69.21295378480032,68.7219519842017,69.03109741210938,10457600
2023-05-22,68.84922979005424,68.96743119824707,67.94906352862404,67.98542785644531,14575700
2023-05-23,67.8035838551433,67.85813728831835,67.39441923211038,67.48534393310547,13700400
2023-05-24,67.51261410854495,67.55807992319242,66.99433573226676,67.04888916015625,11901800
2023-05-25,66.45788915264735,66.77613608103218,66.03962988738652,66.53972625732422,17725000
2023-05-26,66.47607319141768,66.87615025686888,66.2487579382497,66.76703643798828,15531000
2023-05-30,66.37605812003468,66.53972539014389,65.78503703702305,66.00325775146484,22766900
2023-05-31,66.08506806014728,66.43967917875094,65.74863910324517,66.07597351074219,22328600
2023-06-01,66.05780986934178,66.13055241075972,65.68500954740776,66.02143859863281,13836100
2023-06-02,66.048717936855,66.97616803393967,66.0305357693347,66.93070220947266,14719800
2023-06-05,66.83068100723825,67.31258820932553,66.56699449462036,66.68519592285156,9629600
2023-06-06,66.74883948906437,66.87613544768088,65.96687463635747,66.34876251220703,10796900
2023-06-07,65.92142112126393,66.31240362057103,65.72138259550997,66.13055419921875,13595100
2023-06-08,66.20330249133495,66.60337961950546,66.04872975985528,66.58519744873047,8881300
2023-06-09,66.35785755097857,66.6851850633228,66.22146704085459,66.47605895996094,8756200
2023-06-12,66.5578973701655,66.62154535784708,66.1214560080948,66.45787811279297,11357600
2023-06-13,66.3669537233312,66.83067874271237,66.27602901722578,66.73065948486328,8401800
2023-06-14,67.03981921118896,67.36714680188255,66.83978067340702,67.13983154296875,13849900
2023-06-15,67.37623479849452,67.97635035344528,67.24893882085838,67.81268310546875,16251200
2023-06-16,68.0218043302672,68.24003193656286,67.83086037759101,67.8945083618164,12672900
2023-06-20,67.80842958915304,68.01903929143404,67.35972598871848,67.37804412841797,9731800
2023-06-21,67.34143298034677,67.83591809062139,67.08503484605441,67.61614227294922,13633500
2023-06-22,67.96411393793812,68.11062415645341,67.74434511700278,68.00989532470703,17247600
2023-06-23,68.11977227168018,68.11977227168018,67.52455844882219,67.56118774414062,9706900
2023-06-26,67.56119361360976,67.68024058031796,67.08502670574997,67.65276336669922,8955400
2023-06-27,67.46962798043631,67.91832468840059,67.45131682323003,67.8542251586914,8965400
2023-06-28,67.5428642002966,67.5886455713042,67.03006114622545,67.39634704589844,12800400
2023-06-29,67.06671817816768,67.44216330188073,66.84694934198157,67.332275390625,10018000
2023-06-30,67.4879341829874,68.01904852519992,67.43299372907722,67.91831970214844,14266200
2023-07-03,67.81758922321043,68.44943237304688,67.63444972376536,68.44943237304688,12817100
2023-07-05,68.16555497869328,68.3944828156864,68.08313732448772,68.33038330078125,17579200
2023-07-06,68.01905208898873,68.1930395172525,67.8084423470822,68.15641021728516,14881300
2023-07-07,67.99157850783124,67.99157850783124,67.22238420542072,67.2681655883789,16405400
2023-07-10,67.36888737896295,67.90916073753374,67.16742975326956,67.24984741210938,11953600
2023-07-11,67.30478994218672,67.45130712406771,66.94766304425653,67.35057830810547,9812500
2023-07-12,67.4696191781625,67.68938796759022,67.35973129028672,67.5062484741211,12680900
2023-07-13,67.6252946321108,67.90916995517578,67.35058536677872,67.79012298583984,10581500
2023-07-14,67.80842564931142,68.13808228151531,67.60696804226204,68.01903533935547,12475600
2023-07-17,67.7626483539215,68.04651667221289,67.57034978478953,67.81758880615234,9496300
2023-07-18,67.75349870441408,68.32124240626717,67.53372987860725,67.74434661865234,10124100
2023-07-19,67.96412217086657,68.50438870992959,67.91833379222618,68.43113708496094,14718700
2023-07-20,68.49522609729331,69.10875115336754,68.34870889722056,69.01718139648438,16106300
2023-07-21,69.12704998938565,69.44754757451526,69.04463931877663,69.2552490234375,13836800
2023-07-24,69.23695986525016,69.62155708958564,69.17286032786092,69.52082824707031,10692500
2023-07-25,69.43841053988292,69.52082122835236,69.14538311478347,69.50251007080078,8576600
2023-07-26,69.31935038660892,69.7863651581346,69.20946948953716,69.58490753173828,10506500
2023-07-27,69.71311384848558,69.87794219762779,68.97138977050781,68.97138977050781,10008500
2023-07-28,69.57575752737844,69.96035465127177,69.39261104957892,69.68563842773438,9672400
2023-07-31,69.59406303179146,69.80467971758041,69.09957806136468,69.3651351928711,10057100
2023-08-01,69.27358329082936,69.56661072064195,68.93476748691405,68.98970794677734,9376700
2023-08-02,68.71499083770706,69.66733162275203,68.71499083770706,69.23694610595703,11509700
2023-08-03,69.20030119900028,69.37428857794634,69.00800266842325,69.04463195800781,8774900
2023-08-04,69.13622546827771,69.30105383493985,68.2937724770379,68.35787200927734,10022800
2023-08-07,68.48605738934343,68.98969447449859,68.46773924874948,68.91644287109375,8875600
2023-08-08,68.87065556626861,68.943914157125,68.23881244619889,68.42195892333984,11413600
2023-08-09,68.45859791922928,68.87982439685489,68.34871001737379,68.52269744873047,11912200
2023-08-10,68.74246476994142,69.16369123839907,68.29376807319899,68.38533782958984,10357700
2023-08-11,68.41279108949738,68.6691891383274,68.24796277434625,68.49520874023438,7472500
2023-08-14,68.5867957589958,68.76993527250796,68.0373702321347,68.15641021728516,11483800
2023-08-15,67.9641091764858,68.07399008609299,67.39636552699274,67.42383575439453,13257500
2023-08-16,67.69855110886662,67.89084968446925,67.18575490725961,67.2681655883789,14814900
2023-08-17,67.286483942083,67.4604643759897,66.51728265093082,66.61801147460938,11798000
2023-08-18,66.50811512450875,67.00260010888678,66.44401560725548,66.86524200439453,12334500
2023-08-21,66.69126590938345,66.819464952188,66.13268137159622,66.41654968261719,12005400
2023-08-22,66.20594315386653,66.27919476305333,65.94953806957808,66.0411148071289,11496100
2023-08-23,66.27004212802888,66.48065185546875,66.16015423567494,66.48065185546875,10796800
2023-08-24,66.25173332077206,66.84694726215213,65.93123565582128,65.94954681396484,13797500
2023-08-25,66.22424904267712,66.4806471202497,65.9037514457114,66.3158187866211,13088500
2023-08-28,66.53560079323108,66.73705145426389,66.38908360012618,66.61801147460938,6914800
2023-08-29,66.6546291188233,66.8927160228289,66.27918411687894,66.85608673095703,9502800
2023-08-30,66.93849504963666,67.17658194528987,66.7828258043846,66.9659652709961,9679300
2023-08-31,66.71873649535587,66.95682342741837,66.6180076774188,66.62716674804688,7731300
2023-09-01,66.84693778267838,66.88356708009627,65.83965655582065,66.0594253540039,8346400
2023-09-05,65.94037994724383,66.18761895155043,65.4916763305664,65.4916763305664,8634200
2023-09-06,65.41841888427734,65.56492906247263,65.20780220686314,65.41841888427734,9050100
2023-09-07,65.53746738378317,65.81218360990374,65.30853952412397,65.5740966796875,10149000
2023-09-08,65.60156894700935,65.66566847025621,65.4001113064267,65.65650939941406,8323000
2023-09-11,65.74808392056572,66.27919124401116,65.74808392056572,66.22425079345703,8450700
2023-09-12,66.26088232116207,66.27919347652228,65.60156894700935,65.65650939941406,13300200
2023-09-13,65.76640143618488,66.02279954533452,65.62904331019058,65.85797119140625,7863700
2023-09-14,66.04111749251786,66.57222486575812,66.0136402783408,66.52644348144531,9356000
2023-09-15,66.38907231437382,66.62715921953378,65.92205757364707,65.97700500488281,10891600
2023-09-18,66.19368001415307,66.22133641405826,65.67740142579089,65.9539794921875,6841200
2023-09-19,65.84332522168098,65.91708028630593,65.46534282440082,65.79723358154297,7733500
2023-09-20,65.98163262688765,66.30430233260094,65.6681840652439,65.86178588867188,10841700
2023-09-21,65.80645263052413,65.88020770068707,65.00438910193182,65.01360321044922,11869900
2023-09-22,65.0320373137213,65.19798268387646,64.62639151252652,64.66326904296875,12243000
2023-09-25,64.46044905423777,64.59873804122562,64.13777944037952,64.43279266357422,9137600
2023-09-26,64.15621936376618,64.34060703774041,63.888869545427056,63.95340347290039,11541000
2023-09-27,63.8612012111576,64.06402412010644,63.096015282400685,63.42790603637695,14182700
2023-09-28,63.52011332920797,63.787470232138546,63.35416790786044,63.621524810791016,12094400
2023-09-29,63.82434444110152,63.925748883717404,63.09602885397895,63.4371337890625,11797500
2023-10-02,63.28962146085659,63.37259063829811,62.58896237211154,63.003822326660156,12642500
2023-10-03,62.81944273100093,63.142112371416694,62.505994232788666,62.552085876464844,15396200
2023-10-04,62.70881480752175,63.09602543860112,62.349267605118236,63.0499267578125,15125900
2023-10-05,62.93008398655617,63.0038320333093,61.77768723118831,61.80534362792969,15757300
2023-10-06,61.53799611950239,61.67628515796615,60.090585855416805,61.46424102783203,28723400
2023-10-09,61.233739759720464,61.54719527046973,60.800437543088634,61.51953887939453,15662900
2023-10-10,62.026600096673775,62.45068124671983,61.83299829124002,62.146453857421875,18809600
2023-10-11,62.42302551754146,62.533658136258815,61.44579533672164,61.72236633300781,18293200
2023-10-12,61.906749385440094,61.93440577962625,60.83732191910233,61.04936599731445,15185000
2023-10-13,61.159991585925106,61.67627006762704,61.049366009159016,61.58407974243164,15641000
2023-10-16,61.943609613224815,62.41378225035016,61.68547396139074,62.22018051147461,16172800
2023-10-17,61.97128499559988,62.6074102138017,61.97128499559988,62.48755645751953,13192200
2023-10-18,62.74568541416642,63.197429928244844,62.616617562621265,62.7180290222168,16617700
2023-10-19,62.671950962991275,62.920865578155144,62.23864863875054,62.257083892822266,18237000
2023-10-20,62.39536542904147,62.67194344263266,62.01737594604492,62.01737594604492,14730500
2023-10-23,61.94361682987243,62.34925560129759,61.72235164509164,61.897518157958984,13777300
2023-10-24,61.98971715369321,62.53365201707117,61.97128190254669,62.42301940917969,12055600
2023-10-25,62.32159245165996,62.91161881306957,62.155647097909196,62.635047912597656,11351100
2023-10-26,62.662721978274554,62.89320131052734,62.21098445648698,62.22941970825195,13662200
2023-10-27,62.118793451365306,62.36771509451863,61.19687602804255,61.381263732910156,17587700
2023-10-30,61.61173800992102,62.45067913847926,61.61173800992102,62.34005355834961,12224000
2023-10-31,62.39536441572761,62.62584374542021,62.08190886983678,62.561309814453125,8586400
2023-11-01,62.607405370968856,62.73647322646506,62.14644673457652,62.49677276611328,18709400
2023-11-02,62.71802562115757,63.4002423757112,62.47832518114197,63.30805206298828,21175900
2023-11-03,63.67684162761085,63.92575625851411,63.38182830810547,63.38182830810547,17201100
2023-11-06,63.400261989525276,63.75981627761715,63.35417033573968,63.483238220214844,14663200
2023-11-07,63.50166460389888,63.90731048910817,63.42791656140999,63.63995361328125,12567700
2023-11-08,63.75980532258965,63.85199564799315,63.21587044546836,63.39103698730469,10481700
2023-11-09,63.46478399736892,63.52010381864993,62.98539009284888,63.13290023803711,10336900
2023-11-10,63.28040330842754,63.63995049500161,62.93929137315459,63.575416564941406,9266200
2023-11-13,63.52011207927353,63.962628505044606,63.46479225079832,63.77824783325195,8540800
2023-11-14,64.10090190827142,64.64483671477825,64.07324551760786,64.43279266357422,13606200
2023-11-15,64.90297452072491,65.07813401185835,64.73702913766618,64.94906616210938,10618900
2023-11-16,64.27606337984135,64.55263429842817,64.01792770902584,64.1469955444336,16536300
2023-11-17,64.2299789096072,64.27607758973106,63.833554175023586,64.06403350830078,10761100
2023-11-20,63.79667150017198,64.12856227605796,63.7505798574309,64.01793670654297,11651300
2023-11-21,64.00870968905275,64.25762423128369,63.73213172331185,64.21153259277344,11681400
2023-11-22,64.34983095904916,64.7093781467391,64.34983095904916,64.67250061035156,8862100
2023-11-24,64.6817292034115,64.96752135124613,64.6817292034115,64.9122085571289,4500800
2023-11-27,64.84766043930681,64.96751419158139,64.69093618413179,64.72781372070312,11746800
2023-11-28,64.70937104465725,65.18876489773838,64.7001499031547,65.02281951904297,8562300
2023-11-29,65.0873561868964,65.0873561868964,64.41436053590267,64.49732971191406,9873800
2023-11-30,64.56188005149562,65.17956307551643,64.13779885439155,65.14269256591797,11803600
2023-12-01,65.09658565200655,65.43769760889873,64.90298384955574,65.4100341796875,13490300
2023-12-04,65.05048803769552,65.7142696762306,65.05048803769552,65.49301147460938,11386300
2023-12-05,65.3915902923395,65.54831453548474,64.8937541373455,64.97673034667969,11565900
2023-12-06,64.8292262673822,64.96751527340976,64.54343414628397,64.810791015625,11008700
2023-12-07,64.99517386752929,65.29940828435201,64.76469452757351,65.08736419677734,8460000
2023-12-08,64.96751089582206,65.02282368103764,64.54342979727136,64.6356201171875,8191300
2023-12-11,64.9951754157147,65.28096755329263,64.89376394102484,65.25331115722656,16192800
2023-12-12,65.39159984118206,65.4653549194336,65.09658656184729,65.4653549194336,8764500
2023-12-13,65.45612211927055,66.6730525590144,65.29017673959319,66.65461730957031,14052700
2023-12-14,66.70994103220991,66.81135250495954,65.63129940424163,65.6773910522461,16056700
2023-12-15,65.58520072256587,65.86177874527783,65.41925531567296,65.6773910522461,17434600
2023-12-18,65.96165389773019,66.6025945766761,65.82231650248305,66.361083984375,11816000
2023-12-19,66.24030309659234,66.56542595700867,66.21243704272632,66.4911117553711,8283200
2023-12-20,66.054528014083,66.2031493378686,65.19993591308594,65.19993591308594,16705400
2023-12-21,65.55291008333249,65.72011348238573,65.13490512919535,65.65509033203125,10971900
2023-12-22,65.82228574733736,66.27744774461105,65.7572626048697,66.15669250488281,7831800
2023-12-26,66.01735884286929,66.60256715759431,66.01735884286929,66.43536376953125,6915800
2023-12-27,66.45395417128576,66.74191284179688,66.36106496341046,66.74191284179688,7566700
2023-12-28,66.64902775102146,66.85338827316643,66.55613853740813,66.76978302001953,6466000
2023-12-29,66.67688447790941,66.9462681205946,66.61186132877795,66.90911102294922,10412700
2024-01-02,66.66760762944976,67.77300848708549,66.66760762944976,67.66153717041016,12912000
2024-01-03,67.78229587157884,67.89376009523627,67.02988401391971,67.1320571899414,13979700
2024-01-04,67.08561746363559,67.49433852384493,66.89983194217999,67.03916931152344,10865000
2024-01-05,67.07632714253005,67.32713582746416,66.5004026502675,66.89054870605469,12802800
2024-01-08,66.8998154969204,67.41071669659274,66.86266548875446,67.38285064697266,9409000
2024-01-09,67.13206114633506,67.55936431884766,66.89055058951541,67.55936431884766,7838600
2024-01-10,67.50361922249922,67.81016000284237,67.21566053690015,67.4200210571289,11113300
2024-01-11,67.34570529847102,67.4478855562281,66.95556636175807,67.41072845458984,9507800
2024-01-12,67.64294939542553,67.79157778960989,67.3921478389793,67.62437438964844,7712800
2024-01-16,67.63366313137313,67.67082023254656,66.98343157831886,67.25281524658203,11566900
2024-01-17,67.09490327549388,67.438594061128,66.95556591702405,67.20636749267578,9641400
2024-01-18,67.03915934343038,67.16920564561615,66.61186333810689,67.12276458740234,10548800
2024-01-19,67.17849779005857,67.1970727962493,66.58399837406627,66.92769622802734,11309600
2024-01-22,66.63974194463339,66.88125958861707,66.47253851218211,66.60258483886719,15078600
2024-01-23,66.95555405880594,67.42929107191235,66.936971967905,67.32711791992188,13859600
2024-01-24,67.27138291867108,67.30854001579307,66.48181409405592,66.5003890991211,12290500
2024-01-25,66.77908447144712,67.141357421875,66.50040970019776,67.141357421875,12160900
2024-01-26,67.2713841041618,67.56863379938432,67.2713841041618,67.4664535522461,7432800
2024-01-29,67.65225262387318,67.88447921635908,67.41073498332975,67.85661315917969,9321900
2024-01-30,67.75442153287935,68.27460674500384,67.51290393282497,68.2374496459961,11058900
2024-01-31,68.21888273053978,68.41395220822112,67.6522493057066,67.73584747314453,17220600
2024-02-01,67.76370943502418,69.11991882324219,67.55006496203933,69.11991882324219,20588700
2024-02-02,68.9155623808231,69.18494606496982,68.56257344235844,68.89698028564453,23158000
2024-02-05,68.91554355894678,68.96198461022381,68.45109052423112,68.46966552734375,14564700
2024-02-06,68.46967401424715,68.66474346256793,68.24673851430794,68.6275863647461,11224200
2024-02-07,68.91555757841728,68.95271467919228,68.49754550994258,68.56256866455078,7544100
2024-02-08,68.45111712201769,68.81339006290362,68.24675657341666,68.54400634765625,16287600
2024-02-09,68.36750034672288,68.36750034672288,67.81015799973994,67.91233825683594,20698800
2024-02-12,67.98664893380851,68.40465390061964,67.62437607270763,68.3953628540039,13422900
2024-02-13,68.34893299275154,68.54400248168845,67.25282318325374,67.66153717041016,21640600
2024-02-14,67.60580071757892,67.64295782075315,67.21566176473874,67.53148651123047,15191300
2024-02-15,67.8008599589452,68.06095255490904,67.72655285080674,67.96806335449219,14235700
2024-02-16,67.90303282867228,68.38606795755078,67.61507421256572,68.07023620605469,15568300
2024-02-20,68.5532806512796,69.17564610673004,68.44180935554546,68.78550720214844,15388700
2024-02-21,68.91554541821249,69.14777194183553,68.71118494350563,69.03630065917969,13776600
2024-02-22,68.72977712037378,69.32427660243488,68.45110947459112,69.24996948242188,11744900
2024-02-23,69.28710572388977,69.81658902829467,69.16635047675737,69.4636001586914,12548300
2024-02-26,69.48218622236453,69.50076122798855,69.08275627502584,69.1849365234375,11806000
2024-02-27,69.1199143860054,69.23137859536631,68.99915204320851,69.19422149658203,8294300
2024-02-28,69.14778416639555,69.33356258334112,68.97128970940263,69.26853942871094,6768700
2024-02-29,69.48218919698458,69.58436944977069,69.0270200393038,69.15706634521484,14083400
2024-03-01,68.97128948449945,69.24067314908675,68.6833308130751,69.1663589477539,15512500
2024-03-04,68.89698349336561,69.27783850533723,68.87840848431503,69.22209930419922,15912700
2024-03-05,69.51935908723533,69.8723480930588,69.24998243867786,69.38931274414062,15708400
2024-03-06,69.7144175742642,70.09526545522648,69.64939441961249,69.9745101928711,11816200
2024-03-07,70.26246821279574,70.438962668208,70.09526480424523,70.37393951416016,9174900
2024-03-08,69.90018750687722,70.0302338003958,69.56578072726042,69.81658935546875,13301600
2024-03-11,69.97452080823622,70.29963663081597,69.77016026633083,70.19745635986328,9316500
2024-03-12,70.35534716239269,70.77335916631753,70.26245796829537,70.55970764160156,10454900
2024-03-13,70.55042817839563,70.78265474525934,70.43896396197619,70.73621368408203,9739500
2024-03-14,70.68975868478465,70.85696208020116,69.95592195417844,70.18814849853516,14086100
2024-03-15,69.85374519497489,70.23460014848914,69.74228098379379,70.16028594970703,14248300
2024-03-18,70.07794610358388,70.8171855485205,70.07794610358388,70.61132049560547,10229000
2024-03-19,70.70489476547716,70.91075982186535,70.66746410620948,70.87332916259766,10245900
2024-03-20,70.97625478605063,71.11661795985755,70.71424733583376,71.08854675292969,10986100
2024-03-21,71.12599182128906,71.36928042340816,70.82655365476869,71.12599182128906,8936100
2024-03-22,71.12599054216646,71.23827539061165,70.76105050638184,70.7797622680664,10942300
2024-03-25,70.77975756401311,70.94819196465556,70.43352931292353,70.583251953125,11003700
2024-03-26,70.6674570983699,70.82653916927407,70.56453171955081,70.62067413330078,7964400
2024-03-27,70.97625780489906,71.35991668701172,70.97625780489906,71.35991668701172,9848100
2024-03-28,71.57513549499068,71.68742746892534,71.35991813557597,71.4534912109375,9172700
2024-04-01,71.444128364937,71.5470608846913,70.88268280029297,70.88268280029297,13205200
2024-04-02,70.88269363081223,70.9856261662941,70.40546161532069,70.51775360107422,16269200
2024-04-03,70.4896724629993,70.4896724629993,69.62878877762574,69.74107360839844,16094700
2024-04-04,70.04986310940755,70.171507375134,69.34805444117745,69.4416275024414,18289500
2024-04-05,69.38549018225198,69.76914190332133,69.23576756191542,69.55392456054688,11148900
2024-04-08,69.43228512796438,69.70365206977584,69.38550215541194,69.45100402832031,10040700
2024-04-09,69.65686095455577,69.80657644405848,69.26384262387941,69.7878646850586,12629600
2024-04-10,69.24513858373135,69.64750926917654,69.02991406581796,69.53521728515625,15018400
2024-04-11,69.87207867837576,69.8907975766424,69.1515581568044,69.36677551269531,10551900
2024-04-12,69.08605228512134,69.2638389733376,68.59010859733245,68.66496276855469,14605900
2024-04-15,69.08606328912722,69.26385000566128,68.28132192217733,68.3842544555664,12119600
2024-04-16,68.52461497713708,68.61818805679474,68.24388859899574,68.41232299804688,12737600
2024-04-17,68.81468538933416,68.90825845773759,68.33745345955894,68.66496276855469,12731500
2024-04-18,68.88955832449798,69.1422063657371,68.7491951286235,68.9831314086914,11964200
2024-04-19,68.95505159887212,69.69429100840613,68.83340017933838,69.6568603515625,15843100
2024-04-22,69.79721362089097,70.50838179436177,69.48842320772897,70.32123565673828,12181600
2024-04-23,70.43353282696688,70.58325547463825,70.19959654435694,70.51775360107422,12821100
2024-04-24,70.03115119810671,71.13533056514578,69.70364188143574,71.05111694335938,15011000
2024-04-25,71.20083266922977,71.55642033353288,70.62067534607027,70.88268280029297,14352600
2024-04-26,70.6300457947901,71.11663012281721,70.58325568246283,70.73297119140625,13488200
2024-04-29,70.75167738483754,70.98561362612078,70.53645290162324,70.9575424194336,9244000
2024-04-30,70.88268656446444,70.90139832397358,70.48031591292121,70.64875030517578,12517400
2024-05-01,70.44287299783734,70.71423986809515,69.90949870503182,70.19957733154297,24867400
2024-05-02,70.43351302829227,71.04174861993845,70.16215329921177,70.78910064697266,22820400
2024-05-03,70.81718733735362,71.14469668473302,70.41481667081081,71.00433349609375,18088200
2024-05-06,71.1634147326411,71.24762836131605,70.58325022481898,71.04176330566406,12508400
2024-05-07,71.34120367400209,71.8558663292515,71.34120367400209,71.81843566894531,14641800
2024-05-08,71.80906020662432,71.9494233666813,71.509622130114,71.60319519042969,12686000
2024-05-09,71.66872416457068,72.22081756591797,71.62194118629453,72.22081756591797,12851900
2024-05-10,72.21144067459815,72.71674383646247,72.14593880949543,72.63253021240234,10774900
2024-05-13,72.77287968359012,72.98810415759608,72.30500722104142,72.4266586303711,11755400
2024-05-14,72.49216569976393,72.61380997866928,71.93072013218637,72.28630065917969,10117600
2024-05-15,72.09916308933022,72.44538420860049,72.09916308933022,72.33309936523438,18143000
2024-05-16,72.98811206062254,73.5589170978711,72.82903711953176,73.36241149902344,17360400
2024-05-17,73.27819680081666,73.34369867252197,72.99747755315185,73.18462371826172,11265700
2024-05-20,73.16589738531674,73.16589738531674,72.59509241449699,72.67930603027344,9226400
2024-05-21,72.87582021271956,73.13783481746852,72.72610472060244,73.10975646972656,6595200
2024-05-22,72.6138065998543,73.06296731651696,72.48280287815425,72.81967163085938,9395100
2024-05-23,72.59510054084474,72.71674482363893,71.9213629825459,71.95879364013672,10751300
2024-05-24,72.21143692029099,72.42666140253478,72.10850440345712,72.14593505859375,6943200
2024-05-28,71.91200488052876,72.10851048218585,71.32248807555746,71.5844955444336,8840700
2024-05-29,71.20083558061259,71.4534907354924,71.04176063963966,71.06983184814453,10402400
2024-05-30,71.27569265416307,71.45348648300333,71.0885465158231,71.2569808959961,7404400
2024-05-31,71.19146536161198,72.40792930553965,70.86395611283015,72.37049865722656,11873900
2024-06-03,72.13658032640765,72.68867360181031,71.92136296926014,72.34244537353516,12223400
2024-06-04,72.35181093437808,73.09105042097687,72.2301666413309,72.96940612792969,9097500
2024-06-05,72.8758274954997,72.97876003000269,72.23016821627125,72.8103256225586,9095100
2024-06-06,72.76353755702723,73.29691195340617,72.61381492125929,73.03490447998047,9759400
2024-06-07,73.01618876814906,73.22205383173207,72.59510633021546,72.66996765136719,7490500
2024-06-10,72.782234409985,72.80095330520618,72.14592761663314,72.61380004882812,10033800
2024-06-11,72.51088362857517,72.57638549804688,71.9775092231147,72.57638549804688,8583700
2024-06-12,72.71674323176225,72.75417388853366,71.60320439510824,71.78099822998047,14172800
2024-06-13,71.75293608780045,71.94008225613462,71.45349793496455,71.87458038330078,8723500
2024-06-14,71.66870830600894,72.00557708740234,71.48156215597615,72.00557708740234,7246400
2024-06-17,71.73422565727338,72.81968630425007,71.5845030084938,72.68868255615234,8762000
2024-06-18,72.57637678789368,72.87581488942311,72.47344427119597,72.78224182128906,6567100
2024-06-20,72.65124015262981,72.99746836760129,72.43602280375195,72.6231689453125,9316300
2024-06-21,72.77287909419186,73.14717848903275,72.6231636197558,72.67930603027344,11594000
2024-06-24,72.85091786088063,73.54860236639604,72.70007201716696,73.4543228149414,9722600
2024-06-25,73.180899351314,73.28460900488105,72.70006433869116,72.98291015625,10705700
2024-06-26,72.47379660987653,73.01119794296312,72.32294357943267,72.83206176757812,8405200
2024-06-27,72.81320335582359,72.87919975349982,72.21922858366958,72.52092742919922,4592300
2024-06-28,72.51149206327538,72.59634147726514,72.01179691742473,72.20036315917969,8396900
2024-07-01,72.57749712158436,72.85090561693079,71.63468737935735,71.69125366210938,9275300
2024-07-02,71.77610227327075,72.20037096830795,71.54982995175803,72.1909408569336,8233400
2024-07-03,72.06837463378906,72.32293008382703,71.87980838092108,72.06837463378906,5600600
2024-07-05,72.0683840329997,73.00176372896036,71.96467437866319,72.95462036132812,7202900
2024-07-08,73.01119011434265,73.09603954006805,72.64349488339732,72.84148406982422,4486800
2024-07-09,72.84147456843469,73.00175048038815,72.62462518697608,72.65290832519531,5635700
2024-07-10,72.78490633840138,73.00175573547006,72.60577738576262,72.97347259521484,7249100
2024-07-11,72.86977166768885,73.00176446671142,72.49264630202377,72.70006561279297,11414600
2024-07-12,73.08660338464709,73.40716241692614,72.77548165631396,73.0206069946289,10028200
2024-07-15,72.97346929765862,73.16202835288419,72.53977771618634,72.59634399414062,8481200
2024-07-16,72.62463516477297,73.30345934756407,72.52092551500947,73.29402923583984,7987300
2024-07-17,73.40716928612906,74.37826219858275,73.3883090626064,74.2368392944336,18297900
2024-07-18,73.96341251989479,74.62338357605324,73.85970288525655,73.86913299560547,14877200
2024-07-19,74.05769930898728,74.15197883336792,73.51086799728628,73.6240005493164,11816500
2024-07-22,73.7937128803878,73.85028635430699,73.32230802510904,73.67115020751953,9408200
2024-07-23,73.74657760269517,73.87857038832435,73.34116913452915,73.40716552734375,6937900
2024-07-24,73.14317447165578,73.473156410986,72.86032869904886,73.3411636352539,10620400
2024-07-25,73.59573690016963,74.36884071372283,73.2563247680664,73.2563247680664,15686200
2024-07-26,73.54858453589205,74.08598576127596,73.36944839640843,74.00112915039062,10271900
2024-07-29,73.8597052894465,74.18969442480044,73.48258718001375,74.02941131591797,9115000
2024-07-30,73.14318348622308,73.65230162382197,72.82262442489,73.52973175048828,11818400
2024-07-31,73.52973602477,73.85971802395083,73.07719133819859,73.39774322509766,10474100
2024-08-01,73.53915971011602,74.23683690356336,73.31288738660533,74.0765609741211,16535000
2024-08-02,74.64223994680955,75.1890712824727,73.350595300755,74.72709655761719,24086900
2024-08-05,74.59512026383733,74.81196250802806,73.0111993783785,73.2563247680664,29057400
2024-08-06,73.614573215003,74.56680570509823,73.52971661300535,73.76541900634766,15801400
2024-08-07,74.07655324043883,74.85908696917237,73.7937074707793,73.84085083007812,14182300
2024-08-08,73.63344808458537,74.63283142010475,73.55802157000497,74.51026153564453,13889800
2024-08-09,74.35940462909244,74.75538298208464,74.03884558638403,74.6233901977539,10319800
2024-08-12,74.58568898225352,74.6422552723615,74.05771775972985,74.24627685546875,9735300
2024-08-13,74.24625842864371,74.60452349885888,73.8691331376944,74.5856704711914,7513900
2024-08-14,74.52911622197591,75.15136693834896,74.40654634662482,74.92509460449219,7264000
2024-08-15,75.98101970718226,76.18843896323685,75.47190886985972,75.69818115234375,7745200
2024-08-16,75.62276335045235,75.97160552054541,75.50020068191169,75.90560913085938,6976700
2024-08-19,75.990450238928,76.33929237087217,75.96216710259371,76.16015625,7330000
2024-08-20,76.14131412894146,76.53729248046875,76.0187442631826,76.53729248046875,6931200
2024-08-21,77.17840220942207,77.58381066600147,76.83899014377108,77.05583953857422,7960700
2024-08-22,77.26325510512397,77.26325510512397,76.61272127758346,76.94270324707031,7632600
2024-08-23,77.07468885325274,77.17839849015199,76.6787105267647,77.15953826904297,6505100
2024-08-26,77.24438520688456,77.86663575730742,77.2349550975107,77.70635986328125,7270700
2024-08-27,77.81952435384416,78.03636658696726,77.60267492765287,77.89495086669922,5674600
2024-08-28,77.9137988696777,78.01750851989277,77.27268793792446,77.56495666503906,6666800
2024-08-29,77.47068213713084,77.47068213713084,77.01813744607578,77.17841339111328,6343700
2024-08-30,77.3292473226484,77.85722563837993,77.12183523379241,77.79122924804688,8884800
2024-09-03,77.81008731483045,78.60205124317184,77.71580777868844,78.33805847167969,15503700
2024-09-04,78.19663145847824,78.76231578661219,78.12120496324263,78.70574951171875,19276700
2024-09-05,78.72461221833352,78.8471748933608,78.00807481162875,78.40406036376953,12775800
2024-09-06,78.39462741762638,78.734039482578,78.14949488336863,78.2437744140625,12616500
2024-09-09,78.25321562614634,78.99803625250314,78.12122282583684,78.84718322753906,10061000
2024-09-10,78.73403620809043,79.19601092442419,78.6208964601229,78.82831573486328,14002500
2024-09-11,78.54547830861414,78.60205178514344,77.38582633924324,78.09293365478516,14556400
2024-09-12,78.11177863909037,78.6586099664532,77.84779308603711,78.5737533569336,8659100
2024-09-13,78.63033214054958,79.19601653432414,78.46062610311047,79.13002014160156,5953700
2024-09-16,79.33743720877435,79.69570230308076,79.07345164527834,79.44114685058594,7794600
2024-09-17,79.16773224242895,79.39400455803512,78.59261774575172,78.68689727783203,8404900
2024-09-18,78.63034069798789,79.06403235351651,78.06465624264918,78.38520812988281,12935600
2024-09-19,78.59262714100595,78.60205725326145,77.80066315210921,77.92323303222656,14934200
2024-09-20,77.84779456562852,78.35691265322201,77.7158017865932,78.30034637451172,12719100
2024-09-23,78.13827163045848,79.01026416679625,78.08139752153791,78.75434875488281,11985900
2024-09-24,78.65010400501433,78.93444565619996,78.37523534696348,78.5647964477539,8985100
2024-09-25,78.83966314531202,78.91549047625959,78.25201217740677,78.36575317382812,6100900
2024-09-26,78.22357487735991,78.90600635963916,78.22357487735991,78.54583740234375,8565600
2024-09-27,78.65009710823894,79.14296026585068,78.55530933486314,78.68800354003906,6432600
2024-09-30,78.97234654559752,79.12400118672747,78.36574244366031,78.6690444946289,8468900
2024-10-01,78.69747783356696,78.80173859139055,78.16670105285873,78.40365600585938,15725800
2024-10-02,78.19515302741029,78.2046332525393,77.58854878242836,77.74019622802734,10788300
2024-10-03,77.42741151528912,77.54114527756886,76.83028033815208,76.96297454833984,11507900
2024-10-04,76.83975792815019,77.31366787151643,76.72601693847723,77.21888732910156,12463000
2024-10-07,77.24732186130733,77.24732186130733,76.35636884116349,76.45115661621094,9270800
2024-10-08,76.4795877647406,76.92506426146524,76.27106623595105,76.83027648925781,8218300
2024-10-09,76.89661843672403,77.40844200091179,76.77340446492171,77.29470825195312,9276300
2024-10-10,77.27574646913261,77.43687409823016,76.76392291380114,76.9534912109375,9122600
2024-10-11,77.21889248560734,77.45584747311379,76.87767672509467,77.38002014160156,8741500
2024-10-14,77.3420988496099,77.73070846182236,77.21888487152118,77.69279479980469,6263000
2024-10-15,77.79705891823514,78.84913958290838,77.79705891823514,78.18566131591797,11287700
2024-10-16,77.92027789067966,78.23306021237502,77.74018978462009,78.12879943847656,7720300
2024-10-17,78.23305579605025,78.3373165640631,77.56957752403291,77.7780990600586,7716400
2024-10-18,77.60749183355722,77.97714102093516,77.38001707931512,77.9487075805664,8314200
2024-10-21,77.92026556509954,78.0908734198288,77.2188809317865,77.29470825195312,8704600
2024-10-22,77.18096803154725,77.82548579672621,77.10514071063412,77.73070526123047,8912400
2024-10-23,77.34210081596669,77.69279677507761,77.1904533953321,77.57905578613281,6926500
2024-10-24,77.56010766499845,77.72123531978542,77.24732534832332,77.47480010986328,6211500
2024-10-25,77.47479429129291,77.59801550264586,76.76392938748765,76.83027648925781,6546900
2024-10-28,77.13357025228679,77.3041781000786,76.9345289684115,76.97244262695312,5714200
2024-10-29,76.61227784063824,76.81131913522495,76.16680136791457,76.21419525146484,9459900
2024-10-30,76.10994860863289,76.33742338302247,75.87299360951671,76.09098815917969,8504800
2024-10-31,75.90140976631386,76.38479264789258,75.78766878937655,75.93932342529297,10905300
2024-11-01,76.1857603337938,76.2426344446058,75.87298526514132,75.96776580810547,7916100
2024-11-04,76.08149701895773,76.40375953179259,75.96776326372681,76.17628479003906,6958900
2024-11-05,75.98672429573394,76.65967559814453,75.84454985577848,76.65967559814453,5304800
2024-11-06,76.85870191389844,76.97244288991187,75.21897775629463,75.40853881835938,18487700
2024-11-07,75.56968451289292,76.11941456423317,75.51281040108445,75.68341827392578,17598100
2024-11-08,75.69290736933482,76.79237483217003,75.68342714437362,76.60281372070312,11530300
2024-11-11,76.49854525422678,77.19992997373788,76.28055072107097,76.33741760253906,9273800
2024-11-12,76.62174789094979,76.72600864572493,76.29001241270664,76.4227066040039,13518000
2024-11-13,76.43219051805868,76.72601235136602,76.20471578360431,76.65019226074219,6781600
2024-11-14,76.46063232421875,76.90610885011199,76.4037654422042,76.46063232421875,7572200
2024-11-15,76.39427807258603,76.4511521805731,75.74976028863445,75.78767395019531,11359100
2024-11-18,75.95828958239139,76.46063299470424,75.87298925862156,76.3184585571289,8747600
2024-11-19,76.51749436746573,76.6691417726807,75.95827693446351,76.4227066040039,8020800
2024-11-20,75.73081655318224,76.03411865234375,75.38012056331418,76.03411865234375,7687200
2024-11-21,76.11942044309106,76.94402643072547,75.91089889003689,76.85871887207031,8185800
2024-11-22,77.28523083472037,77.63592677975349,77.190450296717,77.56957244873047,7703800
2024-11-25,78.08140170040312,78.31835667826081,77.75914640153684,77.99610137939453,8243100
2024-11-26,77.94871017531722,78.39418670603553,77.85392962716897,78.318359375,6973600
2024-11-27,78.66905327878746,78.89652803459084,78.33731775338835,78.4794921875,7067800
2024-11-29,78.46053563625661,78.95340606814928,78.35627486148286,78.87757873535156,4982600
2024-12-02,78.80173672232313,78.87756404099471,78.21408584955492,78.78278350830078,10750100
2024-12-03,78.71643695753599,78.77330383128803,78.23304683677013,78.3752212524414,11053200
2024-12-04,78.16670678607692,78.27096755154763,77.76862417134797,78.1572265625,10100900
2024-12-05,78.24253410331978,78.6216562708523,78.0340125724018,78.47000885009766,12639000
2024-12-06,78.48896851137711,78.94392527358518,78.08140563964844,78.08140563964844,7180600
2024-12-09,78.19513825297719,78.5553071956047,77.74966176289296,77.95818328857422,11614000
2024-12-10,77.901311437436,78.51738852051626,77.58852916888402,78.32782745361328,8497200
2024-12-11,78.45104311603123,78.77330561426638,77.6927916007739,77.73070526123047,9046100
2024-12-12,78.22357169169888,78.30887923915559,77.83496931034966,77.95818328857422,5410800
2024-12-13,77.80652666755256,78.21408948524356,77.37053041186078,77.75914001464844,8154300
2024-12-16,77.78758169004564,78.17619133398551,77.33262493998095,77.3515853881836,6495000
2024-12-17,77.19045388950629,77.61696994601915,77.08619312346237,77.21888732910156,8535900
2024-12-18,76.9250671635766,77.18097535683263,76.02463391267807,76.04359436035156,17223000
2024-12-19,75.97724397871664,76.35636614032848,75.50333404541016,75.50333404541016,15778400
2024-12-20,75.46542046578246,76.20471880554499,75.20950505199283,75.76872253417969,11035400
2024-12-23,75.49368592162178,75.66558833756272,74.64372600006982,75.3695297241211,11469000
2024-12-24,75.30267393048003,75.9138808586605,75.19762205662138,75.86613464355469,3932600
2024-12-26,75.7228827576442,76.15263513196115,75.65603222639132,76.10488891601562,4253700
2024-12-27,75.75153416349441,76.13354033305625,75.45548284301077,75.73243713378906,6601700
2024-12-30,75.40771451196932,75.45546800608533,74.605508271174,74.8442611694336,7249300
2024-12-31,74.99706838389457,75.31222399671935,74.64371871451023,75.07347106933594,6125500
2025-01-02,75.235812133776,75.57961689016263,74.59595611511875,74.8442611694336,9321800
2025-01-03,74.98750804143164,75.15941042183019,74.53865870732018,74.80606079101562,6991300
2025-01-06,74.8920136821676,74.91111799588639,73.93700200873167,74.02295684814453,9275700
2025-01-07,74.21397056936149,74.64373027691865,73.66006194335215,73.7651138305664,11112800
2025-01-08,73.688707254504,73.97520639663759,73.22074626921186,73.8988037109375,9277400
2025-01-10,73.43086862045581,73.85107621213297,72.81010939261355,72.90560913085938,13943200
2025-01-13,72.96289648067614,73.21120156669257,72.63818870878372,73.02974700927734,9490900
2025-01-14,73.11569391179188,73.20164875417326,72.70503858658569,73.04884338378906,7763700
2025-01-15,73.44996068047281,73.67916147124009,72.68594832969954,72.80055236816406,11426800
2025-01-16,72.65730000136875,73.42130507502064,72.39944273331282,73.34490966796875,11223400
2025-01-17,73.47861464502388,73.91791922511888,73.39265978904756,73.7651138305664,10524800
2025-01-21,73.90835801576425,74.39541604355341,73.83195532784413,74.1089096069336,8849500
2025-01-22,74.44315663492519,74.44315663492519,73.6791516719262,73.74600219726562,8357500
2025-01-23,73.64095087566473,74.04205403066871,73.34489958785144,74.0134048461914,7562500
2025-01-24,73.98475333142211,74.42405781394604,73.94655199126863,74.3954086303711,6685300
2025-01-27,75.14986922481549,76.55373751899195,75.14031706817083,76.41048431396484,17519900
2025-01-28,76.17173996984896,76.49644047068736,75.06392283158775,75.21672821044922,11664900
2025-01-29,75.33132756655992,75.73243805687781,75.26447703253389,75.39817810058594,10195100
2025-01-30,75.77062042020526,76.30543189601751,75.6178223458022,76.14308166503906,8192000
2025-01-31,75.474572689851,75.99027987675572,75.3790729780896,75.42682647705078,10269000
2025-02-03,74.88246984127811,75.87567558348886,74.71056744624916,75.7228775024414,13340800
2025-02-04,75.46502959359418,75.54143228664104,74.777427214658,75.0830307006836,9307500
2025-02-05,75.07346616131397,75.57006901189457,74.67236301821112,75.55097198486328,8847800
2025-02-06,76.54419128505197,76.56328831365826,75.65603008855409,75.89478302001953,9846300
2025-02-07,75.9138676628903,76.0953221927704,75.56051804511544,75.78016662597656,8104000
2025-02-10,75.98072108489924,76.25767532513562,75.50321528162831,76.24812316894531,7949600
2025-02-11,76.36272339020175,77.00257938611118,76.08576916372752,76.98348236083984,9157100
2025-02-12,76.32453878940426,77.02170058631636,76.27679257267647,76.92620086669922,10564000
2025-02-13,77.12675320547734,77.82390772293246,76.91664944860212,77.7570571899414,10132300
2025-02-14,77.7188380554259,77.76659154784421,76.96437804940854,76.98348236083984,10470300
2025-02-18,76.73517773687196,77.27953403709499,76.3054254473864,77.26043701171875,10432400
2025-02-19,77.44189092847928,77.90985188136733,77.25089151361604,77.8812026977539,6450800
2025-02-20,76.93575145924522,77.57561492919922,76.81160254312745,77.57561492919922,14264000
2025-02-21,77.57560614949439,78.54971490963605,77.33685321663835,78.48286437988281,18203300
2025-02-24,78.16771766572504,79.08452815800793,78.12951631777632,78.72162628173828,14114200
2025-02-25,78.96993226251767,80.10639141021092,78.96993226251767,79.8389892578125,18198000
2025-02-26,79.53338041261304,79.60978310421058,78.16771326649426,78.31096649169922,19969500
2025-02-27,77.9671618210429,78.72162200820823,77.9480647911863,78.3014144897461,16613700
2025-02-28,78.96992271514979,79.39012292404752,78.44466334632601,79.34237670898438,15163900
2025-03-03,78.96037447160852,80.04908732080781,78.96037447160852,79.76258087158203,18918900
2025-03-04,79.60978047439197,80.35468847745652,78.35871740699693,78.40646362304688,21845600
2025-03-05,78.25367236452523,79.02722962200257,78.12951616239828,78.7311782836914,13772700
2025-03-06,78.43510803045878,79.07497140475876,78.25366076266717,78.8744125366211,13729400
2025-03-07,78.36825097537432,79.67661951394795,78.34915394894102,79.13226318359375,19631100
2025-03-10,79.25642424001991,80.55524082171988,78.65476945182596,78.96037292480469,27412700
2025-03-11,78.79802267910269,78.86487321112888,77.74751119605048,77.8048095703125,27913700
2025-03-12,77.05034028293444,77.33684669265709,76.03803026459289,76.11442565917969,22000500
2025-03-13,76.20994220822104,76.51554568336607,75.61783228743182,75.7610855102539,18077400
2025-03-14,75.58917859860344,75.99983392695184,75.33132135564732,75.9329833984375,10251300
2025-03-17,76.06669314854068,77.27001008547768,75.9998426123865,77.04080200195312,12470000
2025-03-18,76.98350405347823,77.07900377906505,76.11443979246542,76.16219329833984,9461100
2025-03-19,75.99029087781874,76.23859599327412,75.57963550024955,76.16219329833984,12042700
2025-03-20,76.04759151146159,76.3245458241911,75.67513747031279,75.78974151611328,10954500
2025-03-21,75.7324363229218,75.95208494990896,75.43637771944641,75.7610855102539,11926200
2025-03-24,75.87435509020092,76.30639112263432,75.80715046178975,76.22958374023438,9586600
2025-03-25,76.09518028524263,76.19118585818491,75.29832011278603,75.53833770751953,12703200
2025-03-26,75.70154840975586,76.88243820647071,75.70154840975586,76.70962524414062,11491900
2025-03-27,76.93044947152329,77.73691253125281,76.87284758324151,77.58329772949219,9253000
2025-03-28,77.68890283525545,77.86171581765223,76.91124807684822,77.19927215576172,12493200
2025-03-31,77.31447109383005,78.6489684148339,77.31447109383005,78.40895080566406,14299100
2025-04-01,78.59135929447386,78.73537131166383,78.07292042744326,78.52415466308594,11201000
2025-04-02,78.56256549823259,78.7833775965435,77.93851825017994,78.29374694824219,9219000
2025-04-03,78.48575643980178,79.51303149103892,78.10172680878428,78.7449722290039,20746100
2025-04-04,78.32254794733308,78.764179469038,75.3271255493164,75.3271255493164,35619500
2025-04-07,73.54139697595667,76.21039172652468,73.1189709474699,74.4534683227539,45133500
2025-04-08,75.56714315830507,75.81676352266192,72.59092627087979,73.30137634277344,26842500
2025-04-09,72.93656385305228,76.74804526515997,72.8021545565088,76.14319610595703,39358900
2025-04-10,76.1335880925518,76.94964649378284,74.85669266164284,76.18158721923828,25968000
2025-04-11,76.46961618289397,77.63130059970109,75.75916606946576,77.14166259765625,19009500
2025-04-14,77.46808360724206,78.77377994880706,77.12245767419509,78.45695495605469,12388100
2025-04-15,78.57216463322555,78.66817754111128,77.74651075850893,77.79450988769531,8920200
2025-04-16,78.12093577863511,78.23613954571313,76.63282363932287,76.9592514038086,13657300
2025-04-17,77.29527856125979,78.97540194833064,77.18006746351968,78.6009750366211,13663600
2025-04-21,78.66817758535493,78.75458041279289,76.99764967398947,77.85211181640625,13804400
2025-04-22,78.1497363518337,79.4074263015458,78.01532707437238,78.95619201660156,11258800
2025-04-23,79.0906103654162,79.40743540923758,77.89052216132647,78.50496673583984,17717300
2025-04-24,77.97691564725153,78.08252397260999,77.45847677497063,77.81370544433594,12480700
2025-04-25,77.95770934640196,78.18813150380117,76.80562785842773,77.6120834350586,14378000
2025-04-28,77.67930251305836,77.97692200437461,76.94004417528063,77.35287475585938,12088900
2025-04-29,77.02645835009687,78.05373347759905,76.60402499214052,77.99612426757812,10065700
2025-04-30,78.42815938413847,78.86979092331556,77.44888339855568,78.56256866455078,10565800
2025-05-01,78.04413828011063,78.29375868169214,77.6025066925478,77.88092803955078,13203000
2025-05-02,78.32255023771259,78.59136879576305,77.96732152899943,78.3033447265625,14859700
2025-05-05,78.32254753782074,78.4185531159927,77.76570492976491,78.23613739013672,10236300
2025-05-06,78.08253216039935,78.37054890314224,77.73690620930284,78.10173034667969,10506300
2025-05-07,78.17853316179321,78.58176097286687,77.91931737603325,78.2265396118164,10474900
2025-05-08,78.3129470421544,78.67777117963658,77.83291181268802,78.13053131103516,11018500
2025-05-09,77.79450215928661,78.09212163484752,77.59288825731738,77.6792984008789,9231500
2025-05-12,77.73690800276906,77.98652837871026,77.12246348103416,77.79450988769531,18914800
2025-05-13,77.53528906656918,77.65049282897145,76.4696103158121,76.74803161621094,13148500
2025-05-14,76.61362639324074,76.71923473086244,76.19119304275391,76.335205078125,10352000
2025-05-15,76.4024158868207,77.94813005344334,76.09519360477654,77.9001235961914,13370000
2025-05-16,77.9769180152787,78.79297637939453,77.8617069319101,78.79297637939453,11973300
2025-05-19,78.58176022171328,79.08100092806114,78.3513453782674,79.02339172363281,13601400
2025-05-20,78.98499383664983,79.5322337080444,78.98499383664983,79.30181884765625,12719300
2025-05-21,78.91778694176784,79.04260078634312,78.25534332148945,78.3801498413086,10989100
2025-05-22,78.31294198055423,78.47615219008253,77.73690120737709,78.05372619628906,11871600
2025-05-23,78.01532304789532,78.50495367990976,77.53528784609269,78.34174346923828,10693100
2025-05-27,78.62977428429161,79.10020677159515,78.45696130378631,79.05220031738281,14433600
2025-05-28,79.0233930296311,79.28261614195317,78.42815406382888,78.51455688476562,9963800
2025-05-29,78.5433510941189,78.87938156831399,78.14972606899097,78.83137512207031,13321300
2025-05-30,78.69697524804712,79.86826235843468,78.69697524804712,79.52263641357422,17778900
2025-06-02,79.29221923943113,79.58024331991612,78.78338304536342,79.57064056396484,15827900
2025-06-03,79.43623386578679,79.61864961101641,78.93700041141737,79.49384307861328,13265600
2025-06-04,79.5130219159524,79.5322200990512,78.8697765731934,78.93698120117188,10804100
2025-06-05,78.77378176534559,78.8793900986984,77.96731879472017,78.17853546142578,16474500
2025-06-06,78.54336539344366,78.67777467768964,78.17854123974122,78.42816162109375,10948900
2025-06-09,78.3033424020177,78.56256552155406,77.94812102860614,78.32254791259766,13027300
2025-06-10,78.33213617276606,78.67776208400588,78.1977269100345,78.49535369873047,12364900
2025-06-11,78.44735170250898,78.44735170250898,77.96731650130057,78.2265396118164,11204000
2025-06-12,78.19773233792371,78.70657581044799,77.85210640269317,78.68737030029297,10709900
2025-06-13,78.44734768682848,78.87938374065388,77.54487921083168,77.727294921875,15635100
2025-06-16,77.9193191999715,78.58176281231161,77.73690347532042,77.97692108154297,12728200
2025-06-17,77.75610756318544,77.88092141573932,77.28567507021165,77.3144760131836,15059900
2025-06-18,77.52568230814273,77.61208512548274,77.17045363464851,77.21846008300781,11117700
2025-06-20,77.49689534155723,77.99612880062887,77.3912869959303,77.784912109375,16771500
2025-06-23,77.84484302242359,78.75350244873884,77.78684599521316,78.68583679199219,17771400
2025-06-24,78.6761687195156,78.76317163595074,78.27017477616104,78.61817169189453,12580900
2025-06-25,78.45384372985427,78.45384372985427,77.45818135698588,77.56451416015625,12880400
2025-06-26,77.64184136493995,77.95117111639378,77.30351310163155,77.49684143066406,13783200
2025-06-27,77.57417402690889,78.10583798270193,77.49683974697483,77.86417388916016,15135300
2025-06-30,77.82550346141451,78.41516441474613,77.70950204641397,78.2701644897461,12080000
2025-07-01,78.35716857909843,79.72982632737165,78.35716857909843,79.24649810791016,23302100
2025-07-02,79.18848525668835,79.52681349920908,78.82115850409477,79.47848510742188,16429100
2025-07-03,79.52681486765299,79.58481926379932,79.05315531997353,79.4398193359375,10898400
2025-07-07,79.36248560724806,79.42049000379602,78.95649170642601,79.37215423583984,14365100
2025-07-08,79.06282045511509,79.17882186727957,78.56982367216897,78.63748931884766,15712800
2025-07-09,78.74382733599987,78.83083024465577,77.69017542840866,78.12516784667969,22179000
2025-07-10,78.16383821586739,78.70516344763593,77.8835069708435,78.40550231933594,16687900
2025-07-11,78.0961791482968,78.30884475728521,77.71918370509144,78.11550903320312,16936700
2025-07-14,78.13484573387899,78.23150990772629,77.60318171521322,78.18317413330078,13694000
2025-07-15,78.00916787382954,78.15416780761049,77.3905083730336,77.40017700195312,17681600
2025-07-16,77.43884954650134,77.73851068889087,77.02318697399159,77.67084503173828,15633600
2025-07-17,77.97050988309381,78.45383809003091,77.78684280445671,78.40550231933594,17079000
2025-07-18,78.44416566723075,78.77282529205206,78.09616878506536,78.19283294677734,12755000
2025-07-21,78.26050842238011,78.6085053482334,78.09617858933933,78.18317413330078,13430900
2025-07-22,77.79651082200314,79.03382984203449,77.73850642262454,78.89849853515625,20413700
2025-07-23,78.92748260498047,79.1304795281529,78.67614992033766,78.92748260498047,13808900
2025-07-24,78.99516027669365,79.08215581058732,78.5794977397506,78.64716339111328,11462600
2025-07-25,78.59882652232184,78.80182347356904,78.3378325492905,78.7824935913086,9284900
2025-07-28,78.36683769756684,78.49250038040987,77.86417959119132,77.97051239013672,12113200
2025-07-29,78.10583846405639,78.71482932853374,77.69017592560276,78.48283386230469,18872900
2025-07-30,78.52149557995791,78.77282091143212,77.57416914785533,77.78683471679688,16485500
2025-07-31,77.23584394645773,77.8738333033357,76.99417985862463,77.11984252929688,18339700
2025-08-01,77.54517964272328,77.9705108299943,77.38084982036975,77.4871826171875,28529200
2025-08-04,77.39050695581622,77.99950519154332,77.39050695581622,77.86417388916016,14441900
2025-08-05,77.82550185433192,78.21216585467997,77.67083330419175,77.78683471679688,15062900
2025-08-06,78.00916903638101,79.15949251984911,77.81584070512729,78.89849853515625,16043200
2025-08-07,79.03382706446041,79.6138194128414,78.77282571393712,79.49781799316406,15984100
2025-08-08,79.5654906780379,80.02948902276316,79.53649216430573,79.72982788085938,14135200
2025-08-11,79.76848820685521,79.87482100795225,79.17883454850374,79.66216278076172,12970500
2025-08-12,79.76847647967222,79.94247491270481,79.51715114584928,79.87480926513672,16449500
2025-08-13,79.44948549828119,80.03914644494705,79.19815278945579,79.87480926513672,17683900
2025-08-14,79.60414588215824,79.65248164779801,79.10148784451542,79.15948486328125,12826500
2025-08-15,79.29481724886702,79.52681270212706,78.92749049995508,79.28514862060547,12217700
2025-08-18,79.32381793130023,79.54615213739085,79.13048961078876,79.17882537841797,11892100
2025-08-19,79.33348758574125,80.1164768814416,79.31415770344121,79.99081420898438,13215600
2025-08-20,79.96181646614583,81.10247128287772,79.88448218619723,80.44514465332031,24835800
2025-08-21,79.89415225411099,79.93281939478182,79.43982256998248,79.72015380859375,18125200
2025-08-22,79.9618179065342,80.4838132430859,79.51715685132413,79.72015380859375,16491500
2025-08-25,79.3528096237827,79.4881482865155,78.27982794963245,78.3571548461914,20490600
2025-08-26,78.25084260255302,78.29917837871432,77.6998486793326,77.8448486328125,17724000
2025-08-27,77.75784461940516,78.10584151986521,77.67084170678856,78.07683563232422,11764700
2025-08-28,78.12516460343608,78.17350037012754,77.35183658638793,77.5838394165039,14505000
2025-08-29,77.75783484501488,78.144491463586,77.60316629758462,78.08649444580078,15675800
2025-09-02,78.22183229478644,78.49249490047728,77.65150857208114,77.9608383178711,16662400
2025-09-03,77.57418000808855,77.9415068035929,77.24552035553255,77.90283966064453,14723100
2025-09-04,78.0575046695036,78.34750454087761,77.75784354408606,77.951171875,12717400
2025-09-05,77.93183597853846,78.56982532132845,77.73850028753958,78.17350006103516,20657300
2025-09-08,78.08649608702491,78.09616471519308,77.37117247763096,77.88349914550781,18019800
2025-09-09,77.72883252674686,78.15415626133104,77.64182962933066,78.03816223144531,13459600
2025-09-10,77.70950566488148,77.85450559663329,76.88784921829169,77.2745132446289,19041800
2025-09-11,77.47751583821933,78.12517388884679,77.36151440937424,77.90283966064453,16717500
2025-09-12,77.7675007447745,77.95116781207192,77.43884112435039,77.64183807373047,10261000
2025-09-15,77.61283356959484,77.7965006227089,76.71384293461877,76.75251007080078,14871900
2025-09-16,76.87818305380256,77.27451572162826,76.70418460512352,77.10051727294922,16171000
2025-09-17,77.21651723614478,78.04784240183844,77.21651723614478,77.56451416015625,14408700
2025-09-18,77.0521777118913,77.35183882403992,76.87817927177213,76.88784790039062,21046100
2025-09-19,77.07152046520291,77.09085034881558,76.66551915930383,76.73318481445312,13348900
2025-09-22,76.44216476980421,76.5005597686118,75.82899500549397,75.87765502929688,11993700
2025-09-23,75.94578791381595,76.28643779593297,75.65380548297728,76.25724029541016,9703700
2025-09-24,76.23777899312857,76.72442381127604,76.11124658801943,76.42269897460938,10634100
2025-09-25,76.75363109412697,76.82176108032601,75.69274139404297,75.69274139404297,12046100
2025-09-26,75.61487010905255,75.92632247871,75.42020773701024,75.87765502929688,11547800
2025-09-29,76.0041811727376,76.04311364774581,75.50780882400628,76.02365112304688,11490300
2025-09-30,75.92633324589411,76.44217561014041,75.8679308131942,76.27671813964844,12306100
2025-10-01,76.17938226568305,76.3935071897876,75.72194233990926,76.15991973876953,10125300
2025-10-02,75.82900257092538,76.11125004372855,75.67327265775442,75.85820007324219,8422100
2025-10-03,75.82900314170911,76.25724555493079,75.73166823243912,75.94579315185547,8426600
2025-10-06,75.78033143753623,75.8387264393348,75.31314914631594,75.3910140991211,10740000
2025-10-07,75.4883469567789,76.20858668313642,75.09903701623132,76.09178924560547,12084200
2025-10-08,76.0333913512927,76.04311890150908,75.58567899618176,75.71220397949219,9503000
2025-10-09,75.95552825927734,76.07232569523674,75.61487835307624,75.95552825927734,9315600
2025-10-10,76.20858603925979,76.66602595809945,76.01392364501953,76.01392364501953,20763500
2025-10-13,75.65380160718897,76.0431114950293,75.37154674057766,75.76085662841797,12692100
2025-10-14,75.83873087204931,77.0164105060219,75.71220588555362,76.97747802734375,12884100
2025-10-15,76.96775170210208,77.59065651964615,76.85095426420838,77.1137466430664,9111200
2025-10-16,77.30839741534744,77.61984980720459,76.38377521547457,76.57843017578125,13600000
2025-10-17,76.94828542526132,77.64905523487508,76.90935294410372,77.60039520263672,13983900
2025-10-20,77.76583686451724,77.8728993095264,77.40571705624912,77.5322494506836,13002500
2025-10-21,77.66851418181685,77.71717420715957,76.95800949619677,77.17213439941406,17471400
2025-10-22,77.28893510841512,78.1064948547511,76.88014780963634,77.61011505126953,13294700
2025-10-23,77.69771974510697,77.72691724846463,76.89962247568236,77.23053741455078,10809500
2025-10-24,77.74637777361234,77.76584772575693,76.9482805247379,76.97747802734375,12735500
2025-10-27,77.18187649410784,77.21107399712879,76.76336162438149,77.10401153564453,13984700
2025-10-28,76.8022958612509,76.88988837231834,76.31565099813496,76.33511352539062,8927500
2025-10-29,75.80953007266935,75.8192650483183,74.44692308063482,74.5345230102539,19894100
2025-10-30,74.56371986404444,74.89463477712764,74.4274599085854,74.45665740966797,17364800
2025-10-31,74.1549459418794,74.44692840172075,73.78509109689128,74.24253845214844,14658200
2025-11-03,74.08681153279376,74.1452065361513,73.44443679341757,73.65856170654297,16185500
2025-11-04,73.97002397852805,74.16467896612157,73.53204654363675,73.96028900146484,18147000
2025-11-05,73.87268098988052,74.17439838504856,73.4930986457626,73.91161346435547,15782900
2025-11-06,73.67803122538862,73.90189113552421,73.15246129406621,73.58070373535156,15452200
2025-11-07,74.09653153279473,74.79730120412273,73.85320914278417,74.66104125976562,16959500
2025-11-10,74.43719436837806,74.563719347396,73.90188210020482,74.3885269165039,16805900
2025-11-11,74.62211420770656,75.46887885968171,74.56371920605675,75.36181640625,19801200
2025-11-12,75.42021056602758,75.6538054212405,75.23529058766381,75.25475311279297,10978200
2025-11-13,75.2644880881628,75.71220042223848,75.06009815905938,75.25475311279297,15370800
2025-11-14,75.28395786638121,75.53701527110363,74.73891800292792,75.19636535644531,13138200
2025-11-17,75.21581640287997,75.52726876668777,74.67077662261883,74.71943664550781,13887100
2025-11-18,74.92383652650143,75.31314642524013,74.59291420184111,75.0406265258789,16840000
2025-11-19,74.88490735977241,75.01143233989109,74.19387260568922,74.46639251708984,15122100
2025-11-20,74.69997632768894,75.31314609859228,74.65130887775251,75.00169372558594,21590200
2025-11-21,75.29368995664578,76.30591211112525,75.14769502007078,75.81926727294922,22216000
2025-11-24,75.72194068981244,75.84846567602106,74.84597848556928,74.94330596923828,17869400
2025-11-25,75.1379611170626,76.0041883473363,75.1379611170626,75.97499084472656,18586300
2025-11-26,75.974982158111,76.99693918627234,75.974982158111,76.80228424072266,13275100
2025-11-28,76.69522521227874,77.26946252517858,76.69522521227874,77.25,8914300
2025-12-01,77.14293689908632,77.40572182764636,76.92881199586903,77.17213439941406,16939900
2025-12-02,76.93854294020493,76.93854294020493,76.0820433722096,76.666015625,20551000
2025-12-03,76.82175375115699,77.42519601821401,76.63682633814048,76.72442626953125,16832900
2025-12-04,76.58817099175367,76.80229591978569,75.92633368038712,76.35457611083984,14269500
2025-12-05,76.30591621073876,76.88015358634473,76.14045873901615,76.36431121826172,13343200
2025-12-08,76.21831139813212,76.22804637396696,75.60514158153174,75.7316665649414,14602000
2025-12-09,75.89712517274873,76.13071259418463,75.57593782726798,75.90685272216797,14040200
2025-12-10,76.1015169163268,76.2864368926519,75.84845953877458,76.1307144165039,13945300
2025-12-11,76.31565379297207,76.95802117449205,76.30591881618207,76.69523620605469,13753800
2025-12-12,76.82175044097617,77.33759275441521,76.69522546287564,77.29866027832031,14506900
2025-12-15,77.50305188959686,77.77557922817213,77.2013344753305,77.51278686523438,14499400
2025-12-16,77.65877907354513,77.83397150082202,76.9872068647153,77.16239929199219,13055300
2025-12-17,77.26947218941565,77.74638208484953,77.23053970857859,77.52252960205078,14268400
2025-12-18,77.21106616406054,77.68797599144627,77.02613876287387,77.0748062133789,12117100
2025-12-19,77.00668070811716,77.04561318565906,76.65629583585087,76.6757583618164,13142000
2025-12-22,76.4962159245362,76.72186428364995,76.26075448910062,76.40791320800781,10983600
2025-12-23,76.33924683729812,76.34905991493025,75.91737432133758,76.044921875,7638500
2025-12-24,76.0841612190384,76.7120634089274,76.0841612190384,76.64338684082031,4697100
2025-12-26,76.56489359956501,76.92790257690042,76.49621703468364,76.75130462646484,8761300
2025-12-29,76.69244023847932,76.99658575351472,76.69244023847932,76.80036163330078,9242300
2025-12-30,76.62376314390754,76.8494190093148,76.56489965083816,76.67282104492188,5610900
2025-12-31,76.51583845412476,76.64338599719439,76.20188736263597,76.21170043945312,5872000
2026-01-02,76.24113050883892,76.49621810418654,75.83888419039101,76.22151184082031,15968600
2026-01-05,76.09396151370957,76.10377458995163,75.30908757357739,75.88793182373047,23429400
2026-01-06,75.87812110058658,76.22151141305149,75.68190448076456,76.00566864013672,17108100
2026-01-07,76.09396477723593,76.22151231830088,75.15211151757259,75.17173767089844,18977200
2026-01-08,75.16192512811497,77.24185576955223,75.06381681634191,76.95733642578125,26260100
2026-01-09,76.94752167422715,77.84031702266941,76.88865818548139,77.75202178955078,18234000
2026-01-12,78.02672872380336,78.75273920360698,77.7618355369778,78.66444396972656,26411200
2026-01-13,78.6938688329949,79.65534815610532,78.6938688329949,79.57685852050781,26284200
2026-01-14,79.54744057549637,80.79343194468638,79.51800882833844,80.67570495605469,32494200
2026-01-15,80.54814865040582,80.95040244500494,80.30287413716758,80.81304931640625,29123700
2026-01-16,80.59721296311275,80.72475302548327,80.1753404673522,80.55796813964844,23754200
2026-01-20,80.40098411210141,80.9994545356235,79.91043507545605,80.80323791503906,19889000
2026-01-21,80.6168360537544,81.00927682473665,80.11648136880751,80.8817367553711,23029100
2026-01-22,80.78360423266201,81.00926006196835,80.499092404887,80.71492767333984,15777300
2026-01-23,80.82285385321462,81.37227384562595,80.75417728981121,81.34284210205078,20185600
2026-01-26,81.48019454459735,81.75490079590406,81.077940758624,81.21529388427734,13188000
2026-01-27,81.19567877981376,81.66660166409294,80.89153328664982,81.58811950683594,13532200
2026-01-28,81.43114698475335,81.82358774436746,80.40099092641444,80.76399993896484,16303200
2026-01-29,80.80323916682202,81.28397513433033,80.45985633288753,80.57758331298828,18799300
2026-01-30,80.62664104446601,81.93150329589844,80.47947483446055,81.93150329589844,18174800
2026-02-02,82.17677578471529,83.05976553772129,81.71565849785748,82.90278625488281,26041700
2026-02-03,82.52997319617798,84.7080046465375,82.47110222144414,84.24689483642578,33052500
2026-02-04,84.68839204881576,85.69892194616614,84.59028373080612,85.3457260131836,33748100
2026-02-05,85.924566863893,85.98343035016015,84.83554745684732,85.27703857421875,38772900
2026-02-06,85.20837015388975,86.4249297258233,85.06120393897557,86.27777099609375,29568600
2026-02-09,86.24833515347616,86.55247316071728,85.23779785116304,85.77740478515625,21853900
2026-02-10,85.67929876285174,86.16984781224146,85.17893663662258,85.50270080566406,20908100
2026-02-11,85.34572067232395,87.03321058315339,85.09064055849859,86.72907257080078,25588300
2026-02-12,86.81736612647552,88.35768979711057,86.81736612647552,87.52375793457031,35282800
2026-02-13,87.36678812191151,88.29882831561368,86.94491564277399,87.8180923461914,25649700
2026-02-17,87.93581504670418,88.43617714532375,85.9932451100137,86.53284454345703,29819300
2026-02-18,86.26795599085851,86.84680027534921,85.96381797596914,86.3758773803711,20422200
2026-02-19,86.33663496614157,87.02340065929837,85.71854584230044,86.01287078857422,18447200
2026-02-20,86.01286359287545,86.28756984715667,85.53212764788329,86.22870635986328,17909400
2026-02-23,86.02268210743922,87.48451618738555,86.02268210743922,87.28829956054688,22070900
2026-02-24,87.27848401654995,88.08298414014295,87.08226739525773,88.04373931884766,20364000
2026-02-25,87.65130951236372,87.76904399091927,86.65059264278996,87.32755279541016,15215600
2026-02-26,87.57281486625247,87.9456294341086,86.9154734778019,87.18037414550781,15925900
2026-02-27,87.2981097101823,88.35768993883985,87.27848355704583,88.30863952636719,17314200
2026-03-02,87.74941565430572,88.09279848911886,87.01359208605567,87.03321075439453,27606700
2026-03-03,86.68001339306515,86.83699267788815,85.51251177422736,86.08154296875,36852400
2026-03-04,86.1502199705955,86.29738617956585,85.28685635525216,85.51251220703125,22736400
2026-03-05,84.70800731926217,84.80612311851955,83.452202934687,83.79559326171875,33738500
2026-03-06,83.31484727530977,84.22726879041112,83.02052234200298,84.1585922241211,25859700
2026-03-09,83.65823565645415,84.53141989318708,83.1971258151661,84.34500885009766,20729100
2026-03-10,84.07029207282704,84.85516600092612,83.55031131773023,84.09972381591797,18864900
2026-03-11,83.93294196162056,83.99180544991572,82.61826666995,82.99108123779297,18432200
2026-03-12,82.33375230395907,83.3639083224064,82.10810392841874,82.65751647949219,17861800
2026-03-13,83.10882051244879,83.50126125590607,82.96165429800423,83.13825225830078,13103600
2026-03-16,83.59936662876693,83.8446411491489,83.21673897578582,83.37371826171875,12882500
2026-03-17,83.78577981871057,84.06048609098816,83.04014316168241,83.09900665283203,12224900
2026-03-18,82.42204891175177,82.44166757918399,81.03869707448276,81.07794189453125,19412700
2026-03-19,81.05832375134811,81.43113831644386,80.2832553920418,80.42060852050781,18581300
2026-03-20,80.5579638705401,80.75418049227864,79.52780789345198,79.75346374511719,20895800
2026-03-23,80.68581995220906,80.73515398609771,79.89652810120776,80.0938491821289,21027400
2026-03-24,79.71893796213193,80.93247693977979,79.55120675941929,80.02478790283203,14830000
2026-03-25,80.34050215256163,80.53782322821604,79.43281316084482,80.41943359375,17648200
2026-03-26,80.38983718980344,81.12980252373004,79.98531919414494,80.05438232421875,14148400
2026-03-27,80.18264298148296,81.21859749490973,79.90639045185364,80.68582153320312,25942100
2026-03-30,80.81408216941571,81.50471345209692,80.53782212902681,80.78447723388672,15855700
2026-03-31,80.90286965917976,81.169253844819,80.06424385720024,80.88314056396484,19522700
2026-04-01,80.62662535647155,80.77461993123025,79.8373259759697,80.37010192871094,29643400
2026-04-02,80.616757684752,80.88314942689765,80.07412094274757,80.79434967041016,20709800
2026-04-06,80.76474729263792,81.58364403876232,80.51809219035826,81.55404663085938,9796700
2026-04-07,81.35672447166877,81.43565591720126,80.01492000688424,80.17278289794922,13331200
2026-04-08,80.16291149238627,81.69217619947538,79.88665897099857,81.67243957519531,12645900
2026-04-09,81.1396633692164,82.5209334990427,80.9620713878485,82.3334732055664,11716200
2026-04-10,82.26441031076425,82.29401524717412,81.04100306190605,81.26792907714844,12097000
2026-04-13,81.04100290219051,81.1692608504472,79.98531932515215,80.45890045166016,9981200
2026-04-14,79.97544875096041,80.6562192487739,79.63013310979287,80.37996673583984,11577400
2026-04-15,80.14317980008063,80.23197202451553,79.38347786354981,79.97544860839844,10893700
2026-04-16,79.90638449100096,80.70555213760305,79.78799485988682,80.34049987792969,13279000
2026-04-17,80.23197327969977,81.43565141186883,80.06424961271006,81.35671997070312,12251700
2026-04-20,81.4455215773302,81.84016373750666,80.98180875907448,81.28765869140625,9430800
2026-04-21,81.23832057874469,81.34684942553899,80.6463498408862,80.74501037597656,8710400
2026-04-22,80.99166932047983,81.40605563122844,80.75488251956398,81.01140594482422,9138500
2026-04-23,81.25806521277232,82.54067487733882,81.25806521277232,82.36308288574219,12354400
2026-04-24,82.639332202286,82.73799274325846,81.84016450758051,82.11642456054688,10852700
2026-04-27,81.98815300192098,82.22493978815658,81.16925627068242,81.23831939697266,11125800
2026-04-28,82.48146121510095,82.5307952444009,81.51457747027648,81.96842193603516,10170400
2026-04-29,81.65270678327508,82.12628036213334,81.36658596269491,81.81056213378906,12096900
2026-04-30,82.17561913039164,83.31023416642505,82.06709027745612,83.18196868896484,15360200
2026-05-01,83.58648274000271,83.92193006789786,82.61959142155149,83.04383850097656,13320000
2026-05-04,82.42227172851562,83.22143186907338,82.02762205055896,82.42227172851562,12599100
2026-05-05,82.36307623908564,83.32996003850482,82.15587932617936,82.93531036376953,10891500
2026-05-06,83.21156795253948,83.37929915546967,82.718257710865,83.11290740966797,11529800
2026-05-07,82.80705787140407,83.17211016185315,82.03749509501887,82.85639190673828,10116900
2026-05-08,83.39901893322498,83.66541064925724,83.03397421266267,83.05370330810547,10323400
2026-05-11,82.95504671401076,83.16223609891743,81.72177118910211,82.25454711914062,11062700
2026-05-12,82.58999782184334,83.88246821599182,82.0966875917327,83.31023406982422,16105000
2026-05-13,83.07343996043065,84.11926276961933,83.01424514140145,83.58648681640625,10463200
2026-05-14,83.8134050120035,84.11926247298157,83.65554965271005,83.84300994873047,6627600
2026-05-15,84.38564468643779,84.4448395038563,83.37929515374032,83.50755310058594,12229600
2026-05-18,83.61607930395765,84.79015999437097,83.54701617671665,84.75069427490234,11634800
2026-05-19,84.67177190213901,85.53999524146406,84.0206062794745,84.93815612792969,12233000
2026-05-20,84.43498054425693,84.91842246069652,83.67527857682087,84.37577819824219,14035000
2026-05-21,83.4286222780534,83.63581166787175,82.3236121990222,83.52729034423828,13185200
2026-05-22,83.58648146430264,83.98113112963337,83.310228956766,83.66541290283203,7889900
2026-05-26,83.65554591693525,83.75420645300241,82.41240208600315,82.51106262207031,9475800
2026-05-27,82.89585165552083,84.02060595821737,82.77746201220747,83.4483642578125,12224200
2026-05-28,83.72460871128375,83.81340093519545,83.24116681735966,83.30036163330078,6414300
2026-05-29,82.84652022218393,82.97477817058878,81.7415026105999,81.80070495605469,13011100
2026-06-01,81.40606101888964,81.53431897634987,80.58716418268463,80.93247985839844,20246700
2026-06-02,80.8239454255952,81.18899770178534,80.3898375463416,80.73515319824219,15723400
2026-06-03,80.6956853433254,81.61324263829559,80.55755908621731,81.06073760986328,14750300
2026-06-04,82.22494676653025,82.49133851005548,80.74501605415368,80.94234466552734,12184700
2026-06-05,81.48497503848236,83.26089476538985,81.33698800067029,82.3236083984375,17021500
2026-06-08,81.85989659340407,82.37293589440522,81.82043087373992,81.95855712890625,9544500
2026-06-09,82.06708822646429,83.45821912801797,81.9289619675105,82.97477722167969,12440600
2026-06-10,83.62594746854553,84.47444161733739,83.2707635212691,84.34617614746094,13134100
2026-06-11,84.53363785822252,84.80989037135885,84.06005674476279,84.12911987304688,18013600
2026-06-12,84.31658421812244,84.71123391044,83.98113687240843,84.67176818847656,9363000
2026-06-15,84.32645065762567,84.62243227480276,83.99099579204503,84.33631896972656,10980200
2026-06-16,84.64216808106687,85.1946731163116,83.9515292596944,84.44483947753906,9364100
2026-06-17,84.05020094622805,84.24752203094043,82.24468366457398,82.5604019165039,18015200
2026-06-18,82.71825425455202,82.76758828758486,82.01775464392207,82.18548583984375,10446700
2026-06-22,82.11991824986485,82.59677777272331,81.61324837472547,81.64305114746094,11243600
2026-06-23,83.07364379059845,83.29219998098715,82.48749480945303,83.17298889160156,14963300
2026-06-24,83.49090239964463,84.25586805735482,83.27233861757149,83.88829040527344,11294900
2026-06-25,83.40148499092341,84.43469075506867,83.15311843933692,83.39155578613281,12076100
2026-06-26,84.0969114849997,84.66318688982003,83.8982137063946,84.1565170288086,11372100
2026-06-29,84.35522114735703,84.5241085872056,83.5008395840049,83.8187484741211,10163800
2026-06-30,83.44122402347044,83.54056912757054,82.40801826582909,82.52723693847656,12752500
2026-07-01,82.55703951740945,82.78554007789282,82.22919385305984,82.7557373046875,12210100
2026-07-02,83.20279638546765,84.58371383254638,83.20279638546765,84.4346923828125,16704700
2026-07-06,84.24593748524833,84.54397279997411,82.77560416214592,83.55050659179688,13176600
2026-07-07,84.96122574013141,85.39835329179107,83.89821721367818,84.3055419921875,13234800
2026-07-08,84.61351787223266,84.74267333438863,83.79887585832063,83.83861541748047,10998500
2026-07-09,83.00410657334305,83.29220511012959,82.56697900655661,82.65638732910156,11322100
2026-07-10,82.69612603994197,83.63992349677687,82.62658370771588,83.57038116455078,8305400
2026-07-13,83.99756813286098,84.98109752389438,83.82867312264683,84.03730010986328,8118700
2026-07-14,83.95782866759097,84.186321643557,82.80540426509052,82.87494659423828,7871000
2026-07-15,82.55703637422108,83.66972120197828,82.42788850206657,82.92462158203125,7387500
2026-07-16,83.59024194810819,85.25926539713635,83.49089684819305,85.24932861328125,12146500
2026-07-17,86.22292904672301,86.85874678357627,84.20619395205918,84.63338470458984,15692300
2026-07-20,84.58371131431798,84.8420146475301,84.00749910159308,84.3055419921875,8570800
2026-07-21,83.87835029272613,84.04723772506506,83.37168041616383,83.5107650756836,7388000
2026-07-22,84.02737210197438,84.46449207113324,83.52070222320754,83.82867431640625,6545700
2026-07-23,82.65638401660365,83.14318790721448,82.26893280867782,82.66632080078125,10350900
2026-07-24,82.8252781671996,83.72932844976656,82.61665117891492,83.58030700683594,9634500
2026-07-27,83.86841594495661,85.20959381759833,83.82867638686146,84.80227661132812,12238200
2026-07-28,86.50110194543024,88.1999282420996,86.36201728344881,86.49116516113281,22246300
2026-07-29,85.77586769438584,87.30580654523493,85.77586769438584,86.7892074584961,14859700
2026-07-30,85.43809594880673,85.52750427150139,84.4346929322514,84.91156005859375,16600400
2026-07-31,84.29560306043574,84.871815258481,83.77900398671797,84.49430084228516,11382900
2026-08-03,85.35861373440878,85.7758677176045,84.07704143212571,84.3055419921875,12592500
2026-08-04,83.73926479498496,84.8718156280495,83.31207403658023,84.81221008300781,13262100
2026-08-05,85.17979341389216,85.31887808132208,84.23600351639682,84.77247619628906,7739100
2026-08-06,85.74606571576817,85.84541839989039,84.13665531480875,84.55390930175781,8275700
2026-08-07,83.94789102191847,84.65325109019032,83.6995244804335,84.5638427734375,5690700
2026-08-10,84.10685233798752,84.49430355058117,83.77900667208657,84.39495086669922,6917500
2026-08-11,84.06711538170185,84.42476383201617,83.79887525419319,84.13665771484375,7358300
2026-08-12,83.54057185919478,84.57377765062009,83.46110032104349,84.52410888671875,6448300
2026-08-13,85.0506438725536,85.63678530535694,84.95129876626184,85.43809509277344,10352900
2026-08-14,85.43809564490853,85.7361385452556,85.25927142060944,85.52750396728516,6970200
2026-08-17,84.80227392086253,85.05064046641812,84.03730071600587,84.12671661376953,10513400
2026-08-18,85.19966008862454,85.6268508410313,84.57377155629295,85.02083587646484,10663000
2026-08-19,85.1599216392187,86.62031812757525,85.1599216392187,85.97456359863281,11244000
2026-08-20,84.64331642368337,85.4380924081354,84.44462621734313,84.76253509521484,11495300
2026-08-21,85.04070279105682,85.44802755968084,84.72279391925932,85.42815399169922,11194000
2026-08-24,85.88515013100866,86.89848990159334,85.88515013100866,86.87861633300781,9105200
2026-08-25,86.29247146241929,86.44149290267107,85.68645649706195,85.9546890258789,7022700
2026-08-26,86.05404859397235,86.12359092771702,85.68646335586718,85.70632934570312,7315400
2026-08-27,84.75260187566573,85.29901133540126,84.51417210212014,84.52410888671875,8492100
2026-08-28,84.94136182866906,85.05064371925674,84.65325571526026,84.89168548583984,6807200
2026-08-31,84.792336545081,84.792336545081,84.34527979801872,84.42475891113281,7012600
2026-09-01,84.9512964971582,85.59705104012468,84.59364806042431,84.6929931640625,9353100
2026-09-02,84.81221024174806,85.51757031772809,84.48436458431433,84.97116088867188,8445200
2026-09-03,84.81220851933408,85.0903778304606,84.2260595455644,84.70292663574219,10265000
2026-09-04,84.26580403685932,84.74267115496743,83.98763470944031,84.02737426757812,9903700
2026-09-08,83.72932688384952,84.01743298024839,83.2623965751874,83.47102355957031,13542700
2026-09-09,82.96436353232811,82.97429273694135,82.30867220966972,82.50736999511719,12245300
2026-09-10,82.82528078789615,83.26240076689942,82.5173011082159,82.54710388183594,10349500
2026-09-11,82.96436817016676,83.14319239729329,82.49743782269495,82.83521270751953,10836500
2026-09-14,83.82867627447766,84.3353461650793,83.69952839550088,83.86841583251953,10520300
2026-09-15,83.4511625372597,83.52070486952559,83.02397175918476,83.18292999267578,14382200
2026-09-16,83.13324936312652,83.51076377888288,82.77560093575931,82.78553771972656,9644400
2026-09-17,82.96436209336343,83.17298907980565,82.45769222369213,82.94448852539062,7635600
2026-09-18,82.59677754835865,82.65638309366767,82.25900268554688,82.25900268554688,10629700
2026-09-21,82.0999984741211,82.30999755859375,81.7300033569336,81.91999816894531,8564200
2026-09-22,82.45999908447266,82.9000015258789,82.29000091552734,82.7300033569336,10294500
2026-09-23,82.66000366210938,82.9800033569336,82.25,82.43000030517578,10778900
2026-09-24,82.91000366210938,83.08000183105469,81.69999694824219,81.69999694824219,10636300
2026-09-25,81.41000366210938,82.16000366210938,81.33000183105469,82.05999755859375,8611100
2026-09-28,81.80999755859375,82.51000213623047,81.55000305175781,82.27999877929688,14007700
