Date,Open,High,Low,Close,Volume
2015-10-08,20.55023397899471,20.68718910217285,20.55023397899471,20.68718910217285,2000
2015-10-09,20.680340184811673,20.680340184811673,20.584470172392095,20.6529483795166,4300
2015-10-12,20.83099061096318,20.83099061096318,20.72827395621579,20.783056259155273,2300
2015-10-13,20.6529483795166,20.6529483795166,20.6529483795166,20.6529483795166,500
2015-10-14,20.6529483795166,20.6529483795166,20.6529483795166,20.6529483795166,0
2015-10-15,20.563933345736697,20.591323852539062,20.563933345736697,20.591323852539062,2500
2015-10-16,20.9515136206254,20.995338943503587,20.9515136206254,20.983013153076172,400
2015-10-19,21.02273323251457,21.23501453260483,21.02273323251457,21.228166580200195,2000
2015-10-20,21.474687839296596,21.474687839296596,21.221318822454414,21.24871063232422,3200
2015-10-21,21.265830993652344,21.265830993652344,21.265830993652344,21.265830993652344,400
2015-10-22,21.351435224995207,21.545227257847003,21.349380707881743,21.534955978393555,2200
2015-10-23,21.26445686433785,21.276098251342773,21.187077493562622,21.276098251342773,3500
2015-10-26,21.247339169409866,21.310339544439586,21.247339169409866,21.303491592407227,600
2015-10-27,21.2692557058022,21.310343425479246,21.22816929223869,21.30897331237793,3400
2015-10-28,21.3925081245924,21.45413837457822,21.231584548950195,21.231584548950195,3200
2015-10-29,21.24871397805791,21.328147888183594,21.235018070966508,21.328147888183594,3900
2015-10-30,21.193925857543945,21.193925857543945,21.193925857543945,21.193925857543945,200
2015-11-02,21.193925857543945,21.193925857543945,21.193925857543945,21.193925857543945,100
2015-11-03,21.63903509050342,21.63903509050342,21.44729633700517,21.46784019470215,500
2015-11-04,21.584245471675942,21.584245471675942,21.37881088256836,21.37881088256836,1900
2015-11-05,21.419908575248815,21.419908575248815,21.193931336103784,21.296648025512695,23800
2015-11-06,20.803605617117594,20.803605617117594,20.509151458740234,20.509151458740234,9000
2015-11-09,20.584481785587403,20.614612527188278,20.269483683659878,20.34480857849121,45500
2015-11-10,20.618707086352966,20.618707086352966,20.440664294820895,20.56392478942871,27200
2015-11-11,20.61528764179803,20.721428940202316,20.536538151800006,20.635147094726562,27100
2015-11-12,20.44752118449267,20.598172240368076,20.44752118449267,20.509151458740234,63900
2015-11-13,20.420123506715182,20.454363263749446,20.23934176913646,20.242080688476562,47700
2015-11-16,20.22153663635254,20.283166888317158,20.22153663635254,20.22153663635254,4200
2015-11-17,20.54338893815376,20.666649480760842,20.495454572942894,20.536540985107422,25700
2015-11-18,20.29686681982757,20.77963638305664,18.28361574676485,20.77963638305664,28600
2015-11-19,20.82414378511553,20.920012493911845,20.82414378511553,20.892621994018555,3500
2015-11-20,21.029582027081595,21.07066974570673,21.029582027081595,21.06382179260254,600
2015-11-23,21.20762025734911,21.236380870436797,21.173381805419922,21.173381805419922,2400
2015-11-24,21.241863779880667,21.241863779880667,20.851539611816406,20.851539611816406,2500
2015-11-25,20.851539611816406,20.851539611816406,20.851539611816406,20.851539611816406,0
2015-11-27,21.009035110473633,21.009035110473633,21.009035110473633,21.009035110473633,0
2015-11-30,21.228167402065868,21.228167402065868,21.037798758632146,21.05697250366211,1600
2015-12-01,21.214470860271263,21.40552520751953,21.214470860271263,21.40552520751953,5600
2015-12-02,21.303490712622906,21.37881556964151,20.96794891357422,20.96794891357422,4400
2015-12-03,20.79675681979482,20.79675681979482,20.550235748291016,20.550235748291016,800
2015-12-04,20.75566632767777,21.11175198197512,20.75566632767777,20.96794891357422,4400
2015-12-07,20.96794891357422,20.96794891357422,20.96794891357422,20.96794891357422,0
2015-12-08,20.73512637352942,21.06382026196437,20.4886053041465,21.036428451538086,4600
2015-12-09,20.89262864117248,20.920019149780273,20.89262864117248,20.920019149780273,600
2015-12-10,20.748817443847656,20.748817443847656,20.748817443847656,20.748817443847656,700
2015-12-11,20.666650482581247,20.666650482581247,20.637889862060547,20.637889862060547,300
2015-12-14,20.61186213842184,20.72827469960736,20.605014187044674,20.701568603515625,600
2015-12-15,21.038484542543156,21.084365697829785,20.940561294555664,20.940561294555664,4100
2015-12-16,21.13230065534864,21.317190170288086,21.13230065534864,21.317190170288086,1600
2015-12-17,21.543164537431917,21.543164537431917,21.267884165213808,21.289796829223633,2400
2015-12-18,21.160329696936966,21.179023475283984,21.012859344482422,21.012859344482422,1400
2015-12-21,21.086251133973782,21.086251133973782,21.0474796295166,21.0474796295166,500
2015-12-22,21.241336822509766,21.241336822509766,21.241336822509766,21.241336822509766,200
2015-12-23,21.28980089631842,21.44904136657715,21.28980089631842,21.44904136657715,4500
2015-12-24,21.36318507203232,21.469806671142578,21.36318507203232,21.469806671142578,300
2015-12-28,21.48365467710803,21.48365467710803,21.407495635059373,21.412342071533203,2100
2015-12-29,21.6359719181745,21.80213602403949,21.6359719181745,21.767518997192383,3500
2015-12-30,21.857524059327822,21.871371398288634,21.767518997192383,21.767518997192383,2000
2015-12-31,21.684436245908994,21.732900611631823,21.59027671813965,21.59027671813965,36800
2016-01-04,21.449038885281567,21.449038885281567,21.020473871129386,21.08901596069336,1900
2016-01-05,21.414421492663912,21.728055953979492,21.414421492663912,21.728055953979492,1500
2016-01-06,21.338260953221198,21.5909689493635,21.338260953221198,21.518272399902344,3700
2016-01-07,21.26972074150158,21.289798460580243,21.12155710527507,21.123634338378906,1500
2016-01-08,21.123635160739468,21.12986553973848,20.825923934997117,20.846694946289062,4000
2016-01-11,20.971317291259766,20.971317291259766,20.971317291259766,20.971317291259766,500
2016-01-12,20.79822726050501,20.84669162524368,20.74283790588379,20.74283790588379,2300
2016-01-13,20.93669888295078,20.971317233222653,20.52821159362793,20.52821159362793,3300
2016-01-14,20.651456867300165,20.651456867300165,20.42436622170841,20.597454071044922,3700
2016-01-15,20.17926381363431,20.285885411416903,20.17926381363431,20.25126838684082,1400
2016-01-19,20.43128641930047,20.43128641930047,20.323971495563423,20.389745712280273,4700
2016-01-20,19.842782974243164,20.00202341475499,19.46891405649562,19.842782974243164,4600
2016-01-21,19.995100021362305,19.995100021362305,19.995100021362305,19.995100021362305,100
2016-01-22,20.400126172462418,20.410511016845703,20.39458776486533,20.410511016845703,300
2016-01-25,20.410511016845703,20.410511016845703,20.410511016845703,20.410511016845703,0
2016-01-26,20.486671732323792,20.670837665753496,20.486671732323792,20.591909408569336,500
2016-01-27,20.410511016845703,20.410511016845703,20.410511016845703,20.410511016845703,900
2016-01-28,20.410513203329863,20.417436873845414,20.188961029052734,20.188961029052734,1700
2016-01-29,20.085112418575413,20.21665954218892,20.085112418575413,20.209735870361328,600
2016-02-01,20.498439922424687,20.638986587524414,20.498439922424687,20.638986587524414,700
2016-02-02,20.54898425748101,20.54898425748101,20.375896453857422,20.375896453857422,1100
2016-02-03,20.54898175960014,20.54898175960014,20.11072389554747,20.396663665771484,3800
2016-02-04,20.38558781217632,20.524750543839936,20.38558781217632,20.519210815429688,1500
2016-02-05,20.223571490368755,20.223571490368755,20.146028518676758,20.146028518676758,200
2016-02-08,19.455069675100503,19.455069675100503,19.07843017578125,19.07843017578125,700
2016-02-09,18.984266818200318,19.074271878275752,18.742635644917705,18.928878784179688,1400
2016-02-10,19.330440521240234,19.330440521240234,19.330440521240234,19.330440521240234,300
2016-02-11,18.901184620609033,18.901184620609033,18.845796585083008,18.845796585083008,800
2016-02-12,18.8457950031224,19.045192178389208,18.8457950031224,19.032730102539062,1800
2016-02-16,19.032730102539062,19.032730102539062,19.032730102539062,19.032730102539062,100
2016-02-17,19.662773693549877,19.697392045667552,19.61292405883348,19.628156661987305,2600
2016-02-18,19.718854768954053,19.870479583740234,19.718854768954053,19.870479583740234,3900
2016-02-19,19.842782974243164,19.842782974243164,19.842782974243164,19.842782974243164,200
2016-02-22,20.147424697875977,20.18550423369601,20.130116178109255,20.147424697875977,800
2016-02-23,20.043567657470703,20.043567657470703,20.043567657470703,20.043567657470703,300
2016-02-24,20.02210304742875,20.060182571411133,20.01587134838336,20.060182571411133,800
2016-02-25,20.188961029052734,20.188961029052734,20.188961029052734,20.188961029052734,100
2016-02-26,20.424365218871984,20.427826394644352,20.334360122680664,20.334360122680664,2500
2016-02-29,20.512282828069416,20.528206076415373,20.30665397644043,20.30665397644043,700
2016-03-01,20.632063773624573,20.798229211969478,20.625141424202308,20.791305541992188,1000
2016-03-02,20.929772825437457,21.019779205322266,20.902079468933977,21.019779205322266,1300
2016-03-03,21.022553036500543,21.05993927409311,21.022553036500543,21.04886245727539,1100
2016-03-04,21.11670493353963,21.137475938382146,21.075164244409294,21.10978126525879,1700
2016-03-07,21.192871613944448,21.206717634949346,21.0959415435791,21.0959415435791,1500
2016-03-08,21.078631947835618,21.078631947835618,21.0640926361084,21.0640926361084,600
2016-03-09,21.082089372775858,21.128476500859954,20.943618638678384,20.999698638916016,3700
2016-03-10,21.22056388663043,21.22056388663043,20.900697708129883,20.900697708129883,1000
2016-03-11,21.3105667511042,21.3867244720459,21.3105667511042,21.3867244720459,400
2016-03-14,21.48988628467483,21.530735011656407,21.455961227416992,21.455961227416992,3000
2016-03-15,21.462880714617107,21.597888946533203,21.462880714617107,21.597888946533203,2300
2016-03-16,21.601355632930257,21.604816807511824,21.435190200805664,21.435190200805664,1500
2016-03-17,22.14831707552736,22.187089898358312,22.141393404327374,22.1524715423584,1100
2016-03-18,22.15037546762003,22.21328291913056,21.968642978054106,21.996601104736328,136400
2016-03-21,22.101439731424687,22.101439731424687,21.846314418825287,21.88475799560547,3400
2016-03-22,21.821849625699354,21.954654339799212,21.817656774965588,21.8463134765625,1600
2016-03-23,21.853309105078612,21.903635325782226,21.76593780517578,21.76593780517578,2600
2016-03-24,21.67507317095002,21.800888061523438,21.652006485527426,21.800888061523438,2200
2016-03-28,21.675067626896176,21.996593302183623,21.675067626896176,21.940675735473633,2600
2016-03-29,22.171337604532347,22.415977478027344,22.024554480343383,22.415977478027344,17300
2016-03-30,22.597721290730078,22.597721290730078,22.363565441161768,22.3670597076416,4200
2016-03-31,22.367048606906003,22.478883743286133,22.367048606906003,22.478883743286133,11300
2016-04-01,22.383127071302386,22.525718688964844,22.383127071302386,22.525718688964844,700
2016-04-04,22.557169215511752,22.557169215511752,22.436945704560134,22.49286460876465,5300
2016-04-05,22.297154391694566,22.297154391694566,22.28037898560355,22.291563034057617,300
2016-04-06,22.318127037680693,22.35307502746582,22.262209454116277,22.35307502746582,600
2016-04-07,22.390117895914454,22.390117895914454,22.17133903503418,22.17133903503418,2100
2016-04-08,22.49985663407989,22.541795818748746,22.381032943725586,22.381032943725586,1900
2016-04-11,22.40620189148285,22.50964871072597,22.362865521321282,22.3670597076416,3100
2016-04-12,22.429262026093667,22.49985658715775,22.429262026093667,22.464908599853516,1300
2016-04-13,22.464907075577013,22.478886802822267,22.331403746699234,22.37893295288086,2800
2016-04-14,22.346076788071652,22.346076788071652,22.258705513173247,22.290159225463867,3600
2016-04-15,22.290164872967345,22.443939208984375,22.290164872967345,22.443939208984375,700
2016-04-18,22.457916992729306,22.527812957763672,22.262204824364886,22.527812957763672,1000
2016-04-19,22.65362785880667,22.65362785880667,22.398502519999028,22.450925827026367,32800
2016-04-20,22.374034149819664,22.381025344737694,22.199292939083367,22.227251052856445,1900
2016-04-21,22.108433479763207,22.126607393009905,21.675072572182128,21.71281623840332,1300
2016-04-22,21.940681048576472,22.087465529972643,21.891753332504507,21.989608764648438,2400
2016-04-25,22.021058115621056,22.14407730102539,22.021058115621056,22.14407730102539,2300
2016-04-26,22.350270993222942,22.350270993222942,22.206283569335938,22.206283569335938,2500
2016-04-27,22.101443470245282,22.122411727905273,22.021760624868875,22.122411727905273,1200
2016-04-28,23.170867356958592,23.170867356958592,22.144777297973633,22.144777297973633,1100
2016-04-29,22.122407585416486,22.122407585416486,21.730984628623155,21.933685302734375,20100
2016-05-02,21.800881290492306,22.23354348919306,21.800881290492306,22.164344787597656,3800
2016-05-03,22.09095793717141,22.276185989379883,22.09095793717141,22.276185989379883,4700
2016-05-04,22.139886062380423,22.597713470458984,22.139886062380423,22.597713470458984,1700
2016-05-05,22.604706945524743,22.625675208095238,22.580243083738843,22.61868667602539,2700
2016-05-06,22.545982622464322,22.833957463766843,22.53130431258987,22.737499237060547,3800
2016-05-09,22.912246531343968,22.996823476976292,22.89127827470927,22.966768264770508,5200
2016-05-10,23.198821303206817,23.198821303206817,23.005206248115407,23.052038192749023,7700
2016-05-11,23.12892625468326,23.12892625468326,22.53480259394334,22.632658004760742,7100
2016-05-12,22.695565410202565,22.789925222997116,22.492863392958018,22.709545135498047,3600
2016-05-13,22.667610203191032,23.062527517870596,22.304145276544496,22.381731033325195,3700
2016-05-16,22.450922939494752,22.7165323722744,22.450922939494752,22.687175750732422,7000
2016-05-17,22.367050002709846,22.436945967424258,22.311132431030273,22.311132431030273,2400
2016-05-18,22.325113400837793,22.325113400837793,21.761043548583984,21.761043548583984,5700
2016-05-19,21.696044144419133,21.778522681649832,21.65760055505528,21.717012405395508,3000
2016-05-20,21.842819931641046,21.8777679102597,21.824647356049724,21.86518669128418,2700
2016-05-23,21.954654889647916,21.96164475195243,21.91271704900075,21.933685302734375,4200
2016-05-24,22.157360109484415,22.171338502940223,22.080472946166992,22.080472946166992,3500
2016-05-25,22.297155148808994,22.297155148808994,21.99659766814463,22.23005485534668,5600
2016-05-26,22.143378615004696,22.22026577218374,22.143378615004696,22.213275909423828,1000
2016-05-27,22.36005574586732,22.38102533106918,22.271985887743174,22.300643920898438,1500
2016-05-31,22.37403853263723,22.37403853263723,22.17273634113483,22.311132431030273,2500
2016-06-01,22.192303077345148,22.234240914594665,22.11122308090544,22.227251052856445,2500
2016-06-02,22.249624268584522,22.29715347290039,22.249624268584522,22.29715347290039,800
2016-06-03,22.304146824433165,22.478889435927115,22.304146824433165,22.397808074951172,2400
2016-06-06,22.429959117698353,22.429959117698353,22.297154375068597,22.40899085998535,3100
2016-06-07,22.408987113034815,22.53340213205194,22.367047938261013,22.42715835571289,2500
2016-06-08,22.41598084892101,22.541795736105787,22.402001120749308,22.534807205200195,2700
2016-06-09,22.548783704928976,22.582334518432617,22.46630517722428,22.582334518432617,6100
2016-06-10,22.450926202266608,22.506845108393097,22.450926202266608,22.47189712524414,1600
2016-06-13,22.611691746347617,22.638254029823987,22.464908599853516,22.464908599853516,5800
2016-06-14,22.386618774604294,22.436943650693554,22.332099714447615,22.360057830810547,4900
2016-06-15,22.52851227962506,22.660617097687396,22.52851227962506,22.590721130371094,8600
2016-06-16,22.495660458530644,22.73051613899116,22.494263285740132,22.706750869750977,7200
2016-06-17,22.56580118733275,22.692654748925097,22.479822990832396,22.671510696411133,6800
2016-06-20,22.89703297648965,22.89703297648965,22.692657470703125,22.692657470703125,4900
2016-06-21,22.812458232207682,22.875885009765625,22.812458232207682,22.875885009765625,3200
2016-06-22,22.826551775809346,22.88293232453245,22.78215330345754,22.8547420501709,2700
2016-06-23,22.925921364485603,22.953407287597656,22.925921364485603,22.953407287597656,5300
2016-06-24,22.55171221904713,22.727897470758435,22.446001336857705,22.664470672607422,5700
2016-06-27,22.551706670100806,22.69970159991384,22.47066163555751,22.629228591918945,3400
2016-06-28,22.960458628280723,23.045026779174805,22.897031843016904,23.045026779174805,8600
2016-06-29,23.425586243192242,23.49605925045532,23.380480722636054,23.481964111328125,7600
2016-06-30,23.63700661664727,23.679289343264806,23.419240358750507,23.672243118286133,11900
2016-07-01,23.841385764748832,23.841385764748832,23.629961345581517,23.658151626586914,4900
2016-07-05,23.686338176782137,23.848428234472788,23.686338176782137,23.830808639526367,2300
2016-07-06,23.954144736480828,23.954144736480828,23.66520107064198,23.799100875854492,8300
2016-07-07,23.890716702294473,23.890716702294473,23.487603223342607,23.50310707092285,3400
2016-07-08,23.770908076879753,23.96118842521415,23.67999805753396,23.91044807434082,17900
2016-07-11,24.11623301256646,24.11623301256646,23.862525873635914,24.095088958740234,6100
2016-07-12,24.144420623779297,24.144420623779297,23.940047818024745,24.144420623779297,919000
2016-07-13,24.186704347361545,24.257177352905273,24.109886781922977,24.257177352905273,27800
2016-07-14,24.29945957047144,24.29945957047144,24.021791018575446,24.122570037841797,8400
2016-07-15,23.989378561283708,24.087337493896484,23.937931168632886,24.087337493896484,304400
2016-07-18,24.11623301256646,24.11623301256646,24.010520808554393,24.095088958740234,6700
2016-07-19,24.03518741785117,24.165565448617677,24.03518741785117,24.164154052734375,7200
2016-07-20,24.193752094663775,24.193752094663775,24.081698031854984,24.130325317382812,9400
2016-07-21,24.144419385821305,24.214895081065425,24.038709875514453,24.2007999420166,8300
2016-07-22,24.313554485455747,24.468598301874074,24.288888668150328,24.3840274810791,10900
2016-07-25,24.419272545443064,24.419272545443064,24.243087325601117,24.348796844482422,22800
2016-07-26,24.41927233103033,24.41927233103033,24.187410906209365,24.21137237548828,8500
2016-07-27,24.362885247241337,24.362885247241337,23.947088135866014,24.03165626525879,8400
2016-07-28,24.073948588735913,24.25718003644396,23.950619471204234,24.17966079711914,10600
2016-07-29,24.214898631914522,24.50384230385362,24.214898631914522,24.439006805419922,17500
2016-08-01,24.461552337853014,24.539074255406568,24.3805086519545,24.517932891845703,30700
2016-08-02,24.489744827249098,24.489744827249098,24.09720472833636,24.144420623779297,90100
2016-08-03,24.15851777384352,24.15851777384352,23.898468741096142,23.961191177368164,22000
2016-08-04,24.073952956401026,24.073952956401026,23.834340903850325,23.918909072875977,234100
2016-08-05,23.947099358675736,23.982335871738623,23.87662633254996,23.918909072875977,21500
2016-08-08,23.91890192278863,24.009110272707115,23.911855697631836,23.911855697631836,45100
2016-08-09,24.031666294661388,24.073951721191406,23.841388596210027,24.073951721191406,204300
2016-08-10,24.13032653101574,24.13032653101574,23.9752826924482,24.024614334106445,12300
2016-08-11,24.11271036603178,24.11271036603178,23.69338866390504,23.799100875854492,19400
2016-08-12,24.038711322597543,24.038711322597543,23.816716229681,23.87662124633789,11600
2016-08-15,24.02461392580224,24.02461392580224,23.84138250109608,23.84842872619629,14900
2016-08-16,23.700435094193946,23.700435094193946,23.559486389160156,23.559486389160156,18600
2016-08-17,23.67929299315438,23.67929299315438,23.439680981354833,23.658151626586914,18300
2016-08-18,23.672241012157905,23.672241012157905,23.538341242494237,23.608814239501953,11700
2016-08-19,23.566532717716754,23.566532717716754,23.348064777913166,23.425586700439453,20900
2016-08-22,23.341021745973347,23.53835105895996,23.341021745973347,23.53835105895996,56300
2016-08-23,23.637006541076456,23.637006541076456,23.524248123168945,23.524248123168945,60600
2016-08-24,23.644054493428545,23.644054493428545,23.355110858407507,23.46082305908203,58700
2016-08-25,23.348064675795943,23.70748131967781,23.348064675795943,23.559486389160156,24400
2016-08-26,23.637013028339865,23.665203312646852,23.18597923292198,23.32692527770996,33700
2016-08-29,23.348064675795943,23.59472289332537,23.30507490406283,23.559486389160156,22900
2016-08-30,23.6017720996246,23.6017720996246,23.369206330181253,23.489013671875,38600
2016-08-31,23.559484624695155,23.58062598793633,23.39034565364752,23.524248123168945,143400
2016-09-01,23.61586183952923,23.61586183952923,23.36920364726133,23.51719856262207,69500
2016-09-02,23.53834333670935,23.883664816492065,23.53834333670935,23.672243118286133,48900
2016-09-06,23.79204976264163,23.88366682530663,23.608818325684606,23.869571685791016,169500
2016-09-07,23.946085237671767,23.98859405517578,23.78313882443701,23.98859405517578,555900
2016-09-08,23.960254795676196,24.016933218901737,23.6839542388916,23.6839542388916,322500
2016-09-09,23.53517737345346,23.53517737345346,22.7558652714897,22.784204483032227,906700
2016-09-12,22.777123890887538,23.15260903194879,22.670853185549753,22.87630844116211,5085900
2016-09-13,22.819628020900815,22.911729110656495,22.42997330627056,22.47248077392578,926700
2016-09-14,22.819626351299508,22.819626351299508,22.42288686253955,22.51498794555664,532100
2016-09-15,22.55041378758088,22.706275413751747,22.43705963194968,22.685022354125977,528600
2016-09-16,22.706274540880322,22.706274540880322,22.4724814349674,22.60708999633789,2119500
2016-09-19,22.663765882734626,22.862136312698432,22.63542802204723,22.840883255004883,4242400
2016-09-20,23.003829406630807,23.003829406630807,22.79837417602539,22.79837417602539,3387100
2016-09-21,22.770038519691,23.12427061290978,22.550415000256052,23.060508728027344,2247900
2016-09-22,23.216366239418683,23.55642864441239,23.216366239418683,23.513919830322266,1728200
2016-09-23,23.428909655044425,23.69812679371545,23.265963221857735,23.60602569580078,19150800
2016-09-26,23.485588776912234,23.691041336281653,23.471419168925312,23.65561866760254,2998900
2016-09-27,23.64144276858478,23.691035032054227,23.42182065967028,23.450157165527344,3562300
2016-09-28,23.457244728106662,23.627274583766184,23.421822066725582,23.613107681274414,4122700
2016-09-29,23.506841665234937,23.58477315730337,23.244710675839965,23.32263946533203,2674400
2016-09-30,23.38639758362134,23.577683205374978,23.188028510355018,23.216367721557617,2058000
2016-10-03,23.13843836916093,23.16677758296876,22.734614031415997,22.770036697387695,2344800
2016-10-04,22.77712506743145,22.77712506743145,22.297493421230403,22.42289161682129,3262600
2016-10-05,22.42997492503452,22.56458349216008,21.930507752353197,22.00489616394043,4848700
2016-10-06,21.90570997538381,22.196180147608914,21.700254738240773,22.04740333557129,2438800
2016-10-07,22.096993899888954,22.387464049683537,21.89153867861146,21.990724563598633,1711500
2016-10-10,21.997815034173822,22.185558984524707,21.962392361203353,22.075746536254883,2403900
2016-10-11,22.019060534802282,22.10407680731816,21.836985312814924,21.90570640563965,1770400
2016-10-12,21.941130136382995,22.217432022094727,21.912792278351564,22.217432022094727,1411700
2016-10-13,22.153673277668215,22.344958913694875,22.047403930304984,22.288280487060547,3299300
2016-10-14,22.359127554165088,22.479566510261268,22.210350735551735,22.25994300842285,2381400
2016-10-17,22.259940279141695,22.394548825636214,22.245770673976395,22.28119468688965,1148300
2016-10-18,22.422895823473073,22.53625000841887,22.34779931780851,22.39455795288086,4753200
2016-10-19,22.50081907535895,22.50081907535895,22.274110788661208,22.479564666748047,1515600
2016-10-20,22.366206393800354,22.550407180554235,22.2918180043289,22.401630401611328,1977100
2016-10-21,22.245774961625553,22.39455314196087,22.21035229317286,22.387468338012695,1295700
2016-10-24,22.422884896622183,22.64250835401934,22.345662851818638,22.415800094604492,1108700
2016-10-25,22.33787606166365,22.408721398569035,22.252859765573728,22.387468338012695,1402700
2016-10-26,22.245769283750025,22.31661595386112,21.95529915245359,22.09699249267578,1481900
2016-10-27,22.04031328894375,22.04031328894375,21.505422265212623,21.57272720336914,1409100
2016-10-28,21.64357995387473,21.810069467013026,21.558565009799814,21.629411697387695,2338200
2016-10-31,21.67900487957041,21.9482206821127,21.62374394745226,21.92696762084961,1071400
2016-11-01,21.87028313991267,21.892244268778185,21.399153955737198,21.494796752929688,3438600
2016-11-02,21.431037104666565,21.480629371016754,21.161821365356445,21.161821365356445,1699300
2016-11-03,21.126400205796397,21.19724688927334,21.027215659701533,21.06972312927246,1922500
2016-11-04,21.09097918593039,21.289348293603553,21.0201324969236,21.21141815185547,1757400
2016-11-07,21.35310392608287,21.6152361932654,21.346019124127903,21.60106658935547,2997600
2016-11-08,21.523137688953828,21.79943959303613,21.50896943464004,21.73567771911621,1513400
2016-11-09,21.027208466433375,21.426781516542626,20.885515147951832,21.2468318939209,4760900
2016-11-10,21.147655432482985,21.16182503998291,20.59788655282155,20.92803192138672,5345000
2016-11-11,20.878435017415672,21.190159577035434,20.878435017415672,20.949281692504883,3702500
2016-11-14,20.835931818971318,21.445211457683577,20.68715498698151,21.36019515991211,4315200
2016-11-15,21.374361751409623,21.622324454351197,21.1051459904909,21.2185001373291,3161100
2016-11-16,21.12640276264799,21.317688425799915,21.041387813217085,21.204334259033203,2059000
2016-11-17,21.154734787634005,21.317681178050353,20.97053399144204,21.005956649780273,1573600
2016-11-18,20.970537504451777,21.119314315940983,20.899690824619192,21.0484676361084,1276900
2016-11-21,21.07680514331411,21.23975154784408,20.977620610345944,20.991788864135742,1584900
2016-11-22,21.048465794322084,21.388529557504572,21.02012793564149,21.353105545043945,2567200
2016-11-23,21.16182678431775,21.268096146750512,21.04847126626278,21.204334259033203,1666200
2016-11-25,21.211413752275764,21.416867621364077,21.211413752275764,21.296428680419922,790000
2016-11-28,21.2539201956989,21.52667900036491,21.2539201956989,21.374359130859375,1957300
2016-11-29,21.331855663014608,21.6435789113248,21.331855663014608,21.52313995361328,1769200
2016-11-30,21.324769184580912,21.4345802527041,21.183075827359243,21.26100730895996,2233900
2016-12-01,21.12640146561715,21.19299700072183,20.835931262199495,20.935115814208984,2486800
2016-12-02,20.998877225591293,21.33964912363883,20.93511534322305,21.133485794067383,2399200
2016-12-05,21.133485157177667,21.328312524636708,21.08743460990215,21.303516387939453,1608800
2016-12-06,21.331856555424324,21.5231408540253,21.296432536210688,21.395618438720703,1341000
2016-12-07,21.416865096375766,21.877366398180573,21.416865096375766,21.841943740844727,2068400
2016-12-08,21.615240734580734,22.047404285615666,21.615240734580734,21.955303192138672,1703900
2016-12-09,21.9198804401866,22.146588744335524,21.912795636770934,21.941133499145508,1664600
2016-12-12,21.85612391679606,22.177767043991064,21.813616437173277,22.167848587036133,2744800
2016-12-13,22.252857591350015,22.302449862853628,22.066531184453826,22.224519729614258,2182100
2016-12-14,22.203265324376083,22.245772792632415,21.7711017846912,21.834863662719727,3364000
2016-12-15,21.77110141630094,21.909251699262413,21.615239801139698,21.657747268676758,3224700
2016-12-16,21.737832628339838,22.08413835230498,21.70897462072925,21.961488723754883,3455600
2016-12-19,22.026415543783827,22.22842567564874,21.96869816666659,22.156278610229492,2260000
2016-12-20,22.12021278304345,22.2717218060981,22.04445895956175,22.17071533203125,1764200
2016-12-21,22.185135420494934,22.322214691325325,21.874904038342773,21.889333724975586,1871800
2016-12-22,21.81719546828696,21.877798525281385,21.648372470075174,21.860483169555664,1399800
2016-12-23,21.874909102156987,21.954271020918252,21.809976873368857,21.882123947143555,931600
2016-12-27,21.932623565397993,22.019200317617216,21.846048189269563,21.939838409423828,1143600
2016-12-28,21.92542010474036,21.975922663050625,21.727016607339394,21.77391242980957,2570500
2016-12-29,21.79554889823126,22.0545567620907,21.737831509888593,21.975915908813477,1526200
2016-12-30,21.954269186477177,22.235641236987714,21.918194964558605,22.185138702392578,1853300
2017-01-03,22.264502824225747,22.350357141558334,22.101451178025705,22.257287979125977,2682300
2017-01-04,22.271715776539672,22.57833909872076,22.26450093205306,22.538658142089844,1838000
2017-01-05,22.423223270639856,22.668522477597538,22.24574195020898,22.65409278869629,2198800
2017-01-06,22.545872874118697,22.762312703273885,22.538658029668074,22.65409278869629,1747500
2017-01-09,22.682957861335613,22.70460102403039,22.480946294273295,22.50980567932129,2125400
2017-01-10,22.47373289332741,22.509807126957387,22.20679044492211,22.22843360900879,1582700
2017-01-11,22.19235450071372,22.26738723422059,22.091349427181747,22.105777740478516,2192400
2017-01-12,22.03363174941321,22.217605470313924,21.925410456551838,22.192354202270508,1481100
2017-01-13,22.12742554834558,22.242860328343987,22.09856616530042,22.141855239868164,1469600
2017-01-17,22.12742694376416,22.336651979671426,22.07692439634141,22.322223663330078,1759100
2017-01-18,22.351078090551916,22.466512859332624,22.286145861101396,22.372722625732422,1575700
2017-01-19,22.278928208614968,22.300572741067988,22.109384187384176,22.156278610229492,1631100
2017-01-20,22.141857828091734,22.315010018329588,22.112998441673117,22.293365478515625,1605100
2017-01-23,22.250075789312604,22.473730509732107,22.250075789312604,22.430442810058594,3551400
2017-01-24,22.379939014217076,22.51701695154083,22.34386478642839,22.43765640258789,1890200
2017-01-25,22.545874480785884,22.545874480785884,22.23780761885424,22.300575256347656,1630800
2017-01-26,22.300573945673257,22.43765323976533,22.2645010990605,22.286144256591797,1486000
2017-01-27,22.343865305596193,22.365509842772322,22.019205504500942,22.09856605529785,1649800
2017-01-30,22.01199013658457,22.120210067715682,21.910985051007675,21.975915908813477,2281100
2017-01-31,22.01920069963282,22.278928208614968,22.01198585548181,22.156278610229492,1712200
2017-02-01,22.12742196538544,22.27171610506433,21.896552442771938,21.910982131958008,1835900
2017-02-02,21.87491350845307,22.199574717790707,21.87491350845307,22.17071533203125,2040600
2017-02-03,22.300576565327,22.37993848850679,22.228429487535465,22.315006256103516,1745200
2017-02-06,22.27172054688468,22.32943793904908,22.149070916523936,22.177928924560547,1362600
2017-02-07,22.221211304767305,22.271715214899988,22.109384658272052,22.13463592529297,1496700
2017-02-08,22.10578240511532,22.369118099599078,22.10578240511532,22.322223663330078,1378900
2017-02-09,22.322221570467004,22.430441501382408,22.286147342767816,22.416011810302734,1821600
2017-02-10,22.37994396591591,22.5819541818642,22.35108457729965,22.56752586364746,1524500
2017-02-13,22.610808960621792,22.71181404800317,22.49537418187419,22.67574119567871,1896700
2017-02-14,22.61802393878413,22.633895773725282,22.358294997035173,22.560306549072266,2444600
2017-02-15,22.401577361512448,22.545871489481442,22.293357453581095,22.49536895751953,3360300
2017-02-16,22.473722363146425,22.762309216510825,22.466507519800984,22.589157104492188,3238300
2017-02-17,22.567517407470564,22.71902501266102,22.520621606586953,22.65409278869629,3247900
2017-02-21,22.618026298812207,22.98958194784581,22.61081145233402,22.964330673217773,4280800
2017-02-22,22.971543925694135,23.065334171219952,22.783962058551328,22.87775230407715,2463200
2017-02-23,22.971537537651187,23.058112913124134,22.848887942322197,23.029254913330078,1938400
2017-02-24,23.02926103121606,23.155518770117308,22.921041095080096,23.144697189331055,2542500
2017-02-27,23.15190862586604,23.339489098112615,23.15190862586604,23.260129928588867,1902400
2017-02-28,23.19519878088647,23.294037899604586,23.139645983533836,23.1879825592041,2041100
2017-03-01,23.130258560180664,23.265894307845397,23.029252132869633,23.130258560180664,3039800
2017-03-02,23.086982022940223,23.15191426996705,22.99319176395223,23.058122634887695,2142800
2017-03-03,23.007612701462335,23.0581152382626,22.776743175466304,22.98596954345703,1804500
2017-03-06,22.88496273720078,22.942680117800506,22.787564399421697,22.89217758178711,2279600
2017-03-07,22.8777474677624,22.884962312214746,22.693052678927696,22.812816619873047,1645900
2017-03-08,22.690165556607493,22.75509777641035,22.462902787297494,22.473724365234375,1665900
2017-03-09,22.466510752903115,22.556694243563246,22.149065856564867,22.185138702392578,3171600
2017-03-10,22.30057915828678,22.48094618569194,22.033636728338223,22.16349983215332,1691100
2017-03-13,22.163494823883234,22.298409528052844,22.123815242737088,22.192354202270508,1929300
2017-03-14,22.16349983215332,22.235646918333625,22.07692442960992,22.16349983215332,2139600
2017-03-15,22.2139948831638,22.690163535237723,22.2139948831638,22.589157104492188,3130200
2017-03-16,22.581945832918624,22.682952279640286,22.480940762287844,22.538658142089844,1667700
2017-03-17,22.566250670670325,22.687504201534193,22.515426003226587,22.580772399902344,2376300
2017-03-20,22.580775017133437,22.68605548896564,22.54447068984553,22.602556228637695,1573300
2017-03-21,22.65337309061837,22.75502239602262,22.555353524035162,22.56624412536621,3225200
2017-03-22,22.60981028846136,22.636675344081088,22.40651165631664,22.6170711517334,3095500
2017-03-23,22.580772299754624,22.918394886125864,22.580772299754624,22.78407096862793,2233400
2017-03-24,22.827637354405965,22.892983754222087,22.702752692798324,22.762290954589844,3880200
2017-03-27,22.71146519325385,22.794963059035467,22.53357747233245,22.580772399902344,3656300
2017-03-28,22.566251308880858,22.74050790998836,22.464601971118572,22.71146583557129,2237100
2017-03-29,22.653376178286447,22.798589293675448,22.62433272428778,22.79132843017578,1632300
2017-03-30,22.740506126751693,22.86393804929892,22.59892273600863,22.84215545654297,1888600
2017-03-31,22.81311859994772,23.01641869087707,22.784075136299855,22.943811416625977,2066900
2017-04-03,22.98737062112605,23.01641407895432,22.882090163801003,22.972848892211914,1877400
2017-04-04,22.972845699518178,23.089016744949593,22.89007351805297,22.907499313354492,1737500
2017-04-05,22.929289684802043,23.067243367392265,22.907507087066143,22.943811416625977,2115200
2017-04-06,22.929286509206978,23.089021382542022,22.834898035160897,23.074501037597656,1374700
2017-04-07,23.074502159060884,23.190673233472204,23.038197832764567,23.103544235229492,1401000
2017-04-10,23.161626340135292,23.292320510566135,23.081759603855666,23.263277053833008,1474200
2017-04-11,23.27780147740872,23.415028087217227,23.252389142258995,23.372188568115234,1626600
2017-04-12,23.335880279541016,23.437529596843024,23.292317869117966,23.335880279541016,1814200
2017-04-13,23.335885552704113,23.3910670188139,23.270539152567174,23.28506088256836,2052000
2017-04-17,23.306843240103,23.560969373029245,23.306843240103,23.553707122802734,2002800
2017-04-18,23.495622444670406,23.640836978849624,23.444797773168208,23.611793518066406,4023300
2017-04-19,23.6335723666636,23.66334149553051,23.528291909149633,23.56096649169922,1692800
2017-04-20,23.53918539208664,23.58275058423492,23.437536046810912,23.553707122802734,2695000
2017-04-21,23.52466347239796,23.626312804889196,23.41575189059359,23.473838806152344,2376700
2017-04-24,23.568229059419153,23.597272521105072,23.067241809153302,23.241497039794922,1928000
2017-04-25,23.28505990924805,23.328625097430574,23.201562042534057,23.292322158813477,1458500
2017-04-26,23.248754517097932,23.29957917974548,23.074497937362842,23.09627914428711,1489400
2017-04-27,23.103544646086224,23.248759184116988,23.067241704012766,23.11080551147461,1436500
2017-04-28,23.08176280359484,23.1035440142959,22.863941002505257,22.980112075805664,1816500
2017-05-01,23.016421645737797,23.166717296317973,22.9292926284771,23.12533187866211,2636700
2017-05-02,23.103542067201072,23.213179321998645,23.030934806290325,23.132585525512695,1845600
2017-05-03,23.096276726422644,23.183405699603075,22.791327397593218,22.84941291809082,2193400
2017-05-04,22.73324690053206,22.895161553768308,22.60981496909101,22.871200561523438,1428400
2017-05-05,22.892982344077897,23.05997807338,22.892982344077897,23.052717208862305,1717400
2017-05-08,23.023673517475412,23.11370657474051,22.81311398806919,22.929285049438477,1279800
2017-05-09,22.900242370558843,22.93654530695051,22.762288719507648,22.84215545654297,1770200
2017-05-10,22.84215758924375,23.045457652676042,22.79859378453268,22.96558952331543,1520300
2017-05-11,22.863938873546942,22.87846060257442,22.675160550794626,22.856678009033203,1999100
2017-05-12,22.84941323503858,22.87845668812427,22.74050305570337,22.769546508789062,1506800
2017-05-15,22.76955122440787,22.987371628189326,22.765194428569103,22.871200561523438,2380100
2017-05-16,22.85668093214893,22.863941797591252,22.700575787310175,22.75503158569336,1369100
2017-05-17,22.689684727495887,23.0091558762222,22.689684727495887,22.900245666503906,2978800
2017-05-18,22.83490119768362,22.991006352619475,22.7187301128293,22.943811416625977,2455800
2017-05-19,22.922025644300604,23.18341124145648,22.827637170254526,23.074501037597656,1397300
2017-05-22,23.07449999375776,23.212452266133035,23.030934806290325,23.132585525512695,1371300
2017-05-23,23.154367858214204,23.256017197501983,23.12532578336129,23.16162872314453,1995000
2017-05-24,23.139846769911326,23.328625097430574,23.139846769911326,23.292322158813477,1051700
2017-05-25,23.33589036741423,23.486913066901728,23.25602222079754,23.37945556640625,1042900
2017-05-26,23.38670785114573,23.428821694799353,23.1761483269554,23.234233856201172,1352100
2017-05-30,23.226977447125496,23.277803506724265,23.161631041081314,23.16889190673828,898800
2017-05-31,23.197931921845537,23.27780004733419,23.096281202623164,23.132585525512695,1616300
2017-06-01,23.139847551174636,23.24149550576075,23.034567086814832,23.20519256591797,1563000
2017-06-02,23.335884395586586,23.457137926860455,23.28505972797099,23.408493041992188,1224900
2017-06-05,23.372184038013053,23.40848974096441,23.234231783901194,23.35040283203125,1287600
2017-06-06,23.357668116801655,23.357668116801655,23.219715828398957,23.241497039794922,1316500
2017-06-07,23.27053743868266,23.386708500399305,23.197931563760974,23.364927291870117,1078800
2017-06-08,23.35766511066939,23.401230297591432,23.067238840398907,23.25601577758789,2293800
2017-06-09,23.219712772290162,23.423011437860144,23.154366376966014,23.364927291870117,1787600
2017-06-12,23.29958035216476,23.524662990741593,23.24149343779531,23.51740074157715,3136000
2017-06-13,23.560959690046904,23.590003139542937,23.430266937050536,23.575481414794922,1567300
2017-06-14,23.771525571491384,23.80782850617088,23.571855276149613,23.64809226989746,2232900
2017-06-15,23.546448446416033,23.831795063744746,23.48836152156801,23.76426887512207,1347300
2017-06-16,23.802335860651418,23.816979282295105,23.65590723010877,23.75108528137207,1754100
2017-06-19,23.7730491959676,23.795012929544207,23.66322494219099,23.76572608947754,6082200
2017-06-20,23.787695760198815,23.846266655127113,23.56365391772762,23.7218017578125,2348900
2017-06-21,23.729126019417055,23.75108975955021,23.546087403780408,23.670555114746094,1659900
2017-06-22,23.64127034606882,23.758414958665607,23.577571583951304,23.685197830200195,5944300
2017-06-23,23.685192879950844,23.882874896069744,23.6822658711927,23.787696838378906,8197700
2017-06-26,23.82430383823584,23.997092314011844,23.82430383823584,23.897518157958984,2483200
2017-06-27,23.831626401664536,24.040290304806003,23.802339553833008,23.802339553833008,2173300
2017-06-28,23.860913740524058,23.9194846444449,23.78037630380376,23.831626892089844,2715000
2017-06-29,23.67787315641923,23.73644405546496,23.546085142382136,23.590015411376953,3041700
2017-06-30,23.611979858043508,23.75841129947358,23.509478686926695,23.57537269592285,1256800
2017-07-03,23.677866960003247,23.838941777884163,23.59000923795303,23.795011520385742,1035700
2017-07-05,23.736441760165157,23.853589132823256,23.443581707361176,23.509475708007812,2908600
2017-07-06,23.4289394688134,23.436259783500624,23.05554057845235,23.084827423095703,1840000
2017-07-07,23.077509240324744,23.275191282470725,23.077509240324744,23.216617584228516,1325000
2017-07-10,23.231258990302077,23.282509575337194,23.02625665016162,23.03357696533203,1098200
2017-07-11,23.01161264594102,23.084828364060144,22.850537786784216,22.99696922302246,1279300
2017-07-12,23.121438472248123,23.377692820093795,23.121438472248123,23.297155380249023,1910800
2017-07-13,23.304474457912224,23.38135033463243,23.26054558499692,23.341081619262695,1181500
2017-07-14,23.421619542773907,23.604659542798355,23.421619542773907,23.57537269592285,1167400
2017-07-17,23.553402234017987,23.67054960197202,23.51679507800584,23.626619338989258,2285100
2017-07-18,23.626620751820866,23.69251475376187,23.56072674987986,23.597333908081055,2302900
2017-07-19,23.590009846004133,23.773048400878906,23.524115854531342,23.773048400878906,4613900
2017-07-20,23.82429979510638,23.85358663520439,23.692511807612128,23.707155227661133,1048300
2017-07-21,23.692514387744435,23.77305181031115,23.633940701169696,23.75108528137207,1201000
2017-07-24,23.751091713573242,23.77305824846123,23.61930367603673,23.736448287963867,1091500
2017-07-25,23.743771397242483,23.743771397242483,23.57537619215646,23.736448287963867,2142800
2017-07-26,23.743763204230284,23.99269576779738,23.677869208199382,23.93412208557129,1903800
2017-07-27,23.83894845736359,23.982450095274476,23.663230171081697,23.91216278076172,2164700
2017-07-28,23.860910998097413,23.99269900795689,23.809660415701757,23.897518157958984,2060200
2017-07-31,23.88287987975375,23.908505176471223,23.692520931702237,23.860916137695312,1526500
2017-08-01,23.90483853333382,24.043946842086378,23.75840711767763,23.963409423828125,2364500
2017-08-02,23.904841390637777,23.904841390637777,23.758409957478897,23.846267700195312,1712500
2017-08-03,23.831624313329357,23.912161741334906,23.714479725216005,23.787696838378906,1101300
2017-08-04,23.76573526719562,23.912166731130252,23.76573526719562,23.860916137695312,939600
2017-08-07,23.838947385363646,23.897518282858826,23.74376653486828,23.846267700195312,781900
2017-08-08,23.802342306732122,23.838952267229487,23.66323395286485,23.736448287963867,1070700
2017-08-09,23.736439249410868,23.795012929544207,23.648581522157652,23.76572608947754,1134400
2017-08-10,23.699833362232795,23.736440517798886,23.54242007964635,23.553401947021484,1412000
2017-08-11,23.487514928982186,23.5753726765892,23.30008162278538,23.399654388427734,1548100
2017-08-14,23.48751365677923,23.820642444591744,23.4801905489893,23.787696838378906,1196900
2017-08-15,23.707155815414016,23.751083283703295,23.593670005457362,23.743762969970703,2138100
2017-08-16,23.7657316835802,23.90118125606128,23.7657316835802,23.81698226928711,1043500
2017-08-17,23.780376205000824,23.864575195662468,23.648588180541992,23.648588180541992,1376000
2017-08-18,23.59733093916344,23.59733093916344,23.406970668225714,23.47286605834961,1276900
2017-08-21,23.50215590042727,23.76573194001968,23.443584998821997,23.714481353759766,1094500
2017-08-22,23.75840851048346,23.809659090025583,23.60465677185709,23.6998348236084,1150200
2017-08-23,23.677875967006262,23.9780591917345,23.655912226375417,23.941452026367188,974000
2017-08-24,23.97805558542281,24.10984359528229,23.890197843165577,23.897518157958984,1595100
2017-08-25,23.98537494503856,24.09519921319698,23.904840313729167,24.01466178894043,1063600
2017-08-28,24.04394758089488,24.05859100220515,23.824301847134926,23.890195846557617,895100
2017-08-29,23.868231930521976,23.978056205895854,23.86091161553914,23.87555503845215,2577300
2017-08-30,23.853587344866796,23.992695650050727,23.758406508189957,23.98537254333496,963600
2017-08-31,24.065916638812734,24.190384351003818,24.014666049365715,24.102523803710938,1816200
2017-09-01,24.131810652808564,24.1977046668044,24.073239747560965,24.102523803710938,1656200
2017-09-05,24.11716785004611,24.183061865740815,23.93412922788834,24.0805606842041,2346200
2017-09-06,24.153768834958505,24.234303452710716,24.084213290637333,24.117158889770508,2529300
2017-09-07,24.153770887259977,24.347791324276507,24.117160938961298,24.300199508666992,1652700
2017-09-08,24.27091847486686,24.39172182323805,24.21966789241914,24.307525634765625,1102000
2017-09-11,24.329488386449288,24.497883549519184,24.329488386449288,24.483240127563477,1267500
2017-09-12,24.46128077256762,24.483244512961708,24.120828831720925,24.21967124938965,1335600
2017-09-13,24.20501940668568,24.20501940668568,24.029301165802025,24.117158889770508,1286700
2017-09-14,24.080548809187825,24.292874176492735,23.985367990577632,24.285551071166992,1492500
2017-09-15,24.23837277431345,24.371105194091797,24.1793821505019,24.371105194091797,3210600
2017-09-18,24.334230859066093,24.41165761969867,24.17200175319136,24.230995178222656,1012300
2017-09-19,24.230993560165036,24.253114686593936,23.921283725354687,23.98764991760254,1991000
2017-09-20,24.0245222088199,24.076140045787362,23.810675276834036,23.921283721923828,1283800
2017-09-21,23.90653579967798,24.039268186558854,23.877041901563157,23.884414672851562,2548100
2017-09-22,23.862292492646315,23.93603145412002,23.652870353989258,23.677942276000977,1542300
2017-09-25,23.68531535467153,23.832796092496007,23.67056699959297,23.766429901123047,1180600
2017-09-26,23.79592691468028,23.85491752278554,23.744309077727745,23.788551330566406,1360500
2017-09-27,23.707440088984388,23.759057927010197,23.508340101706576,23.589454650878906,1612400
2017-09-28,23.567332188587883,23.77380635427496,23.552585239450753,23.759057998657227,1318900
2017-09-29,23.722186871948686,23.795928653670693,23.64844790318803,23.773807525634766,2488500
2017-10-02,23.803298200275112,23.848280259086756,23.6779414077742,23.685314178466797,1814800
2017-10-03,23.685315046963918,23.74135767034992,23.627061436177353,23.677942276000977,2533700
2017-10-04,23.685316092530247,23.896952040891406,23.633698254627816,23.884414672851562,1743100
2017-10-05,23.913911518829742,24.046643906459387,23.913911518829742,23.95815658569336,1766800
2017-10-06,23.84754341933806,23.917597399700412,23.66319320824638,23.891788482666016,1274600
2017-10-09,23.92127740312708,23.995019160002556,23.854911228419347,23.943401336669922,1148000
2017-10-10,23.99502637094396,24.13513153167092,23.93750975236858,23.98027801513672,987300
2017-10-11,24.00977852716118,24.149883710064817,23.98028181087778,24.113014221191406,1176400
2017-10-12,24.13513489595203,24.29736401948416,24.098265407775177,24.282615661621094,2136200
2017-10-13,24.385847524990684,24.420506019879245,24.260490722278746,24.34897804260254,1857900
2017-10-16,24.326858087417847,24.39322428409739,24.212559029660042,24.230995178222656,1423900
2017-10-17,24.194125694058762,24.253116306128724,24.149880625285288,24.230995178222656,1767600
2017-10-18,24.208870534944822,24.267861138448755,24.142504347902317,24.18674659729004,1294100
2017-10-19,24.179376469354438,24.230994307922206,24.079825771430002,24.172000885009766,1472800
2017-10-20,24.17937308222657,24.20886978955079,24.050328503884142,24.135128021240234,1253000
2017-10-23,24.186749371548366,24.186749371548366,24.01714749919968,24.04664421081543,1095700
2017-10-24,24.00977250524625,24.068763110055876,23.81067393971192,23.891788482666016,1940700
2017-10-25,23.825425232500287,23.89547640854094,23.69269283910776,23.83279800415039,1912300
2017-10-26,23.92128148050822,23.92128148050822,23.61894725818691,23.700061798095703,1646400
2017-10-27,23.655824824179604,23.82542671227916,23.49728209424208,23.736936569213867,2042500
2017-10-30,23.655822194415425,24.01714705973244,23.655822194415425,23.884414672851562,1738800
2017-10-31,23.869659887419907,23.96552276611328,23.722179184728663,23.96552276611328,2091600
2017-11-01,24.002391929209903,24.039261401167444,23.902844073628508,23.943401336669922,2057700
2017-11-02,24.002398713092845,24.29219841424781,23.972902002005895,24.149879455566406,2972100
2017-11-03,24.01714706863632,24.186748937944497,23.965529230714754,24.149879455566406,2023300
2017-11-06,24.289989864184083,24.618133110312844,24.267868732567877,24.518585205078125,2303700
2017-11-07,24.555451299988142,24.784046609272867,24.555451299988142,24.747177124023438,2246700
2017-11-08,24.754552512727514,24.983147846177378,24.673437948827186,24.931529998779297,2190800
2017-11-09,24.85041543487897,25.04951405182658,24.577577839637446,24.931529998779297,1663300
2017-11-10,24.84303984927255,25.005268977073207,24.786997213102964,24.931529998779297,1760800
2017-11-13,24.99788960417987,25.08932490045624,24.93152341605348,25.00526237487793,1510300
2017-11-14,24.99051753186582,25.034762601153815,24.894654621555844,24.983144760131836,2062000
2017-11-15,24.968391826430757,24.990512950538772,24.77666604095848,24.798789978027344,1761200
2017-11-16,24.784046771190223,24.961021426728248,24.784046771190223,24.894655227661133,2092100
2017-11-17,24.791419381138187,24.924151778405268,24.739801539196705,24.747177124023438,1758600
2017-11-20,24.76929355605869,24.798790263849913,24.658682308322064,24.68817901611328,1567000
2017-11-21,24.761922707618908,24.846722232899726,24.715463842113106,24.820913314819336,1228600
2017-11-22,24.806163780208436,24.82828490523657,24.695555342106825,24.739797592163086,881100
2017-11-24,24.769292709331534,24.865155599895527,24.769292709331534,24.828283309936523,407300
2017-11-27,24.850408105670304,24.87252923004188,24.754545211791992,24.754545211791992,652400
2017-11-28,24.776676028766428,24.798799974753745,24.570204619298,24.69556427001953,1720900
2017-11-29,24.68817827065908,24.708088407168926,24.489079718521413,24.636560440063477,2106900
2017-11-30,24.695560022984875,24.739802281426957,24.577575978870158,24.66606330871582,2192500
2017-12-01,24.71029663085938,24.806159511084942,24.503825331567835,24.710296630859375,3029400
2017-12-04,24.74717476376503,24.835662082516478,24.385847091674805,24.385847091674805,1627500
2017-12-05,24.41533952618271,24.437460648756026,24.282607164821496,24.289979934692383,1918200
2017-12-06,24.304736484860545,24.378478273244212,24.21624915176174,24.326860427856445,1815200
2017-12-07,24.356355656115742,24.452218579752124,24.260495545441113,24.42272186279297,1290400
2017-12-08,24.466962078409814,24.525952687649195,24.41534424046491,24.48171043395996,1444000
2017-12-11,24.47433471933406,24.540700912475586,24.38953519157394,24.540700912475586,1670700
2017-12-12,24.62181516380263,24.72431384207554,24.45958606853518,24.65131187438965,1017900
2017-12-13,24.6881793120952,24.828284456341866,24.629188708766417,24.64393424987793,1735300
2017-12-14,24.66606330871582,24.754550638561483,24.629193822360254,24.66606330871582,981400
2017-12-15,24.75179975779356,24.80398705868452,24.646677185432104,24.744342803955078,1770300
2017-12-18,24.78907493016412,24.941911193347142,24.78907493016412,24.826351165771484,1096400
2017-12-19,24.826349340194866,24.833806293164688,24.311930501053652,24.356660842895508,1713000
2017-12-20,24.356664433052487,24.399907372266334,24.08827381045794,24.095727920532227,1431000
2017-12-21,24.155371333785318,24.170279553413405,23.968987304493748,24.013717651367188,1218500
2017-12-22,24.05099099122811,24.200098765498662,24.006260649742917,24.170276641845703,1012800
2017-12-26,24.185186514942632,24.341751234428212,24.140456175655984,24.29701805114746,811600
2017-12-27,24.35666279941734,24.438672224707418,24.319386563556712,24.39394187927246,4420200
2017-12-28,24.416303573980727,24.543043326652164,24.349205221391703,24.53558921813965,1133100
2017-12-29,24.572865849470332,24.632510094519628,24.505767495786944,24.557954788208008,925600
2018-01-02,24.595239287302277,24.632515526681477,24.386487227588187,24.416309356689453,1744200
2018-01-03,24.44612365741238,24.483399884854617,24.349203190867474,24.423755645751953,1715100
2018-01-04,24.416308031821206,24.416308031821206,24.006263732910156,24.006263732910156,1824100
2018-01-05,24.058448791503906,24.0994535019724,23.991350432918594,24.058448791503906,1400200
2018-01-08,24.088270706483105,24.252286702934715,24.06590269115318,24.22246742248535,990600
2018-01-09,24.207558378458845,24.22246944192383,23.931707970348494,23.946619033813477,1277200
2018-01-10,23.83478904123963,23.842244573015734,23.46202098441826,23.5738525390625,2174500
2018-01-11,23.63348849328474,23.663309189713225,23.37404089777349,23.42473793029785,1343200
2018-01-12,23.40237746807657,23.43219959430918,23.188409542546324,23.253271102905273,1657200
2018-01-16,23.39491583500778,23.74531861686789,23.312907853250692,23.365095138549805,5520200
2018-01-17,23.432199733279063,23.566396458127187,23.342734776047898,23.499298095703125,1713400
2018-01-18,23.462013008629533,23.46946853787117,23.238352819367737,23.2756290435791,2276600
2018-01-19,23.335281182200454,23.454566853749288,23.26072870398046,23.43965721130371,1641000
2018-01-22,23.454566097208797,23.67077225866556,23.43220092326315,23.66331672668457,2095700
2018-01-23,23.715500304239857,24.02862548828125,23.670768541375974,24.02862548828125,1873300
2018-01-24,23.961530685424805,24.050994224416065,23.864610192520736,23.961530685424805,2990100
2018-01-25,23.946618047263268,23.961529110113947,23.75650697290738,23.90934181213379,2115900
2018-01-26,23.91679331382832,23.98165343625003,23.790050730485188,23.9764347076416,1472300
2018-01-29,23.90934507613103,23.93916720590357,23.678229258383485,23.70059585571289,2092900
2018-01-30,23.59621458944989,23.693135067714568,23.521660703553316,23.603670120239258,2347200
2018-01-31,23.640946862345537,24.095724296331053,23.50675157123237,24.08827018737793,4213100
2018-02-01,24.013715664267338,24.170277553358286,23.603671402555364,23.64840316772461,3937800
2018-02-02,23.409833216718926,23.581306178154783,23.23090472365578,23.38001251220703,3719200
2018-02-05,23.297996837484778,23.55147915683636,22.731389383757524,22.776121139526367,7652400
2018-02-06,22.58228556362704,22.85813308048121,22.231882742221693,22.73139190673828,6741200
2018-02-07,22.67921100278592,23.02215696832435,22.604657099234867,22.627023696899414,10201500
2018-02-08,22.574838734693174,22.791043513240044,21.903854955070777,21.918766021728516,10497600
2018-02-09,22.030593452078296,22.604656649400837,21.74729033061897,22.433183670043945,9654500
2018-02-12,22.53009888073241,22.604652770004947,21.9485816728004,22.492822647094727,5294500
2018-02-13,22.433182908809492,22.72394155280887,22.358629009271937,22.656843185424805,3049300
2018-02-14,22.4406362323119,22.538301845313633,22.172242789191447,22.51519012451172,4055300
2018-02-15,22.530098448688648,22.76121564320125,22.433179389890917,22.72393798828125,2924100
2018-02-16,22.72394098698628,22.977423385903883,22.71648545501843,22.873048782348633,7702800
2018-02-20,22.753761662197046,22.992332981947925,22.62702047082974,22.641931533813477,12237200
2018-02-21,22.634473837735687,22.71648183230917,22.224428176879883,22.224428176879883,3924000
2018-02-22,22.313895474413034,22.671752457507527,22.313895474413034,22.47791290283203,2969600
2018-02-23,22.574825786983975,22.887950897216797,22.52263708361453,22.887950897216797,3106500
2018-02-26,22.955055341005476,22.99233157418526,22.8186218248525,22.9699649810791,2436200
2018-02-27,22.992333204778646,22.999788736342772,22.47791290283203,22.47791290283203,5371800
2018-02-28,22.597203627708154,22.78358769258664,22.448097229003906,22.448097229003906,3312500
2018-03-01,22.45554883818242,22.686664640085457,22.261709273942113,22.336261749267578,5627200
2018-03-02,22.254253681345148,22.306440982729637,22.07532518145662,22.261709213256836,4863200
2018-03-05,22.172240878916075,22.653111949077807,22.112598054694264,22.574831008911133,2574200
2018-03-06,22.567379935974056,22.7313973794839,22.433183199467194,22.66429901123047,11143400
2018-03-07,22.545009081531635,22.813402503858462,22.49282178763411,22.761215209960938,19120500
2018-03-08,22.828313467050425,22.940143585205078,22.731392988518518,22.940143585205078,2200900
2018-03-09,22.947597845670888,23.089248657226562,22.83800311302882,23.089248657226562,2277300
2018-03-12,23.089254482137946,23.25774553002952,23.05943377502307,23.201086044311523,3270400
2018-03-13,23.26071940709264,23.387460560206804,23.178710007431473,23.2756290435791,2837200
2018-03-14,23.335275544605256,23.383735781338586,23.230900962715342,23.32036590576172,3261600
2018-03-15,23.34273107502554,23.421013433440006,23.215989901874774,23.32036590576172,3602400
2018-03-16,23.300118228107507,23.48009966025099,23.236375430008167,23.442604064941406,2807500
2018-03-19,23.44260462748129,23.44260462748129,23.07514234924156,23.210128784179688,4095700
2018-03-20,23.225120147060373,23.390104160512603,23.11563143248732,23.20262336730957,3647200
2018-03-21,23.202628124741704,23.2701213385627,22.887660270365473,22.99264907836914,4715800
2018-03-22,22.962655905961306,23.262624989928728,22.8876632773781,22.910160064697266,5319800
2018-03-23,22.947659480229408,22.977655676562392,22.490205685635452,22.550199508666992,6203100
2018-03-26,22.737674585466056,22.898908211936163,22.59518875571836,22.857662200927734,4544100
2018-03-27,22.865161149250994,23.21762458383808,22.64018473234267,22.895158767700195,6480500
2018-03-28,22.970158916762497,23.40136555286638,22.970158916762497,23.31512451171875,7058300
2018-03-29,23.390113040240323,23.420109234750672,23.221379976227468,23.307621002197266,4264100
2018-04-02,23.33760992757931,23.390104321178352,22.857658121034618,23.022642135620117,6294600
2018-04-03,23.067643182090055,23.183881820123624,22.887661743769424,23.105138778686523,7277400
2018-04-04,22.96265523398,23.427606942931753,22.910159394252204,23.375112533569336,5217200
2018-04-05,23.41260899958343,23.41635941774286,23.195131948395574,23.397611618041992,3365500
2018-04-06,23.330118209938625,23.502600254404413,23.105140324214826,23.157634735107422,5657600
2018-04-09,23.202631358950853,23.35261518695298,23.093892118152645,23.150136947631836,3302000
2018-04-10,23.307616932745372,23.307616932745372,22.902659080184634,22.99264907836914,6040300
2018-04-11,22.92516338709479,23.2626295669342,22.92516338709479,23.052650451660156,2896700
2018-04-12,23.112643457500294,23.18013669106557,22.73018227741894,22.782676696777344,2634500
2018-04-13,22.79016882227966,22.94015405569587,22.760172633815536,22.902658462524414,3011700
2018-04-16,22.962655371409898,23.10139080132167,22.865164527411608,23.00765037536621,2515300
2018-04-17,23.07514919194,23.45011098668573,22.991158116090585,23.31512451171875,2845800
2018-04-18,23.345113138971527,23.397608974714885,23.255123138427734,23.255123138427734,2118000
2018-04-19,23.172632276065432,23.19513049251359,22.730177365142296,22.865163803100586,2723000
2018-04-20,22.895158832129862,22.952153163051598,22.632685391421404,22.662681579589844,3173400
2018-04-23,22.66268522085368,22.790172259374835,22.59894241677581,22.70768165588379,1929900
2018-04-24,22.730178833007812,22.85766587371622,22.61769060423344,22.730178833007812,3914000
2018-04-25,22.692676996946826,22.76766960564146,22.522444962412997,22.655179977416992,2337900
2018-04-26,22.730178156000058,23.084893038884275,22.712179868288377,22.947656631469727,2621900
2018-04-27,22.880161465309644,23.330115759124407,22.752674439234884,23.255123138427734,3408300
2018-04-30,23.20262763899728,23.345112038200725,23.13513442658925,23.165130615234375,2895500
2018-05-01,23.202629243095444,23.348864069967625,23.114887774826016,23.330116271972656,3077000
2018-05-02,23.247624482523122,23.345113891314902,23.090890772738835,23.225126266479492,3362800
2018-05-03,23.195131691757947,23.31136890683651,23.097640845807405,23.217628479003906,3260600
2018-05-04,23.195128492421244,23.54759193752451,23.18762908758519,23.480098724365234,1804100
2018-05-07,23.517597487919833,23.57009189528951,23.423857066083883,23.525096893310547,1737500
2018-05-08,23.450100750039677,23.48759634100005,23.281367729987785,23.360109329223633,1693200
2018-05-09,23.36010915101911,23.540090560913086,23.29261594351323,23.540090560913086,1498200
2018-05-10,23.62258194795684,23.806313770246017,23.600083735932124,23.757568359375,1628800
2018-05-11,23.76507008889788,23.855060085072523,23.615084854786538,23.645082473754883,1206700
2018-05-14,23.652582174864055,23.667579554170945,23.360111107718794,23.480098724365234,1882900
2018-05-15,23.33011239825811,23.33011239825811,23.01889356782802,23.082637786865234,2371100
2018-05-16,23.135130326241626,23.21762090316943,22.977645715079554,23.022642135620117,1562100
2018-05-17,23.000147862989316,23.03764345616077,22.842663224865777,22.902658462524414,1758200
2018-05-18,22.917654037475586,23.037641642616943,22.82016464468514,22.917654037475586,1395300
2018-05-21,22.970154065444593,23.21387975270052,22.820170237442465,23.150136947631836,1477100
2018-05-22,23.150135720367388,23.210129534460858,23.03764606737245,23.180131912231445,1567200
2018-05-23,23.172630693259887,23.45010295570646,23.165131288289412,23.367610931396484,1543900
2018-05-24,23.37510588618,23.465097298327745,23.161377891489686,23.277616500854492,1537500
2018-05-25,23.300116683232858,23.487597508080714,23.300116683232858,23.390108108520508,1713600
2018-05-29,23.337615542081995,23.52884536910764,23.2401247044883,23.450103759765625,3255100
2018-05-30,23.427601734837832,23.851308763930387,23.367607933136988,23.757568359375,3589000
2018-05-31,23.652582850691257,23.75757166066544,23.57759023055316,23.682579040527344,3811900
2018-06-01,23.675078638295545,23.82881285943908,23.60758542605056,23.780067443847656,2424400
2018-06-04,23.832563209932847,24.012544631958008,23.75382017562512,24.012544631958008,3660700
2018-06-05,24.050042272807037,24.09878626204623,23.85506202475431,23.892559051513672,2623600
2018-06-06,23.877564262532147,23.967554281181087,23.783823825392922,23.96005630493164,2120300
2018-06-07,23.9825530944111,24.020048697120565,23.817570439977665,23.96005630493164,4379700
2018-06-08,23.937555069585013,24.061291687231144,23.900059471599004,24.042545318603516,2237300
2018-06-11,24.020046811726584,24.117537659703785,23.990050617986597,24.035045623779297,1788600
2018-06-12,23.937552853726253,24.230023926331995,23.93380386642084,24.170028686523438,1508900
2018-06-13,24.170031240855828,24.20002886393031,23.603839693796235,23.63008689880371,2002600
2018-06-14,23.72007983964665,23.9518062141918,23.72007983964665,23.855066299438477,2131100
2018-06-15,23.846745541939722,24.020698616441095,23.788507773287517,23.816492080688477,2439000
2018-06-18,23.740858243007132,23.861869194589573,23.661445076511963,23.793800354003906,2107100
2018-06-19,23.7030399665181,23.956406164646427,23.7030399665181,23.824050903320312,2535800
2018-06-20,23.854306388178795,24.103891646887032,23.808926201094188,24.081201553344727,3725000
2018-06-21,24.1038935923896,24.25515656718771,24.03582474883291,24.224903106689453,2827000
2018-06-22,24.3081002525223,24.459364679667218,24.15305486385278,24.436676025390625,2292900
2018-06-25,24.451802861172265,24.493397765814223,24.236249104107003,24.376169204711914,6956700
2018-06-26,24.40641937114589,24.61440540678258,24.323223802839777,24.504741668701172,2106700
2018-06-27,24.565248913129967,24.66357122354351,24.436676025390625,24.436676025390625,3679600
2018-06-28,24.429101411936248,24.716503419642176,24.429101411936248,24.678688049316406,2795800
2018-06-29,24.655999314768167,24.85264387896426,24.459357635700226,24.739194869995117,2923000
2018-07-02,24.708943263670694,24.769450175679005,24.31943939428437,24.595497131347656,6280200
2018-07-03,24.625748746154123,24.94340135506268,24.55767991779827,24.739194869995117,2916200
2018-07-05,24.784581485771692,25.07954552352327,24.73542177452273,25.06441879272461,2699600
2018-07-06,25.132486055328222,25.22324354927326,25.083326347176474,25.17030143737793,2440800
2018-07-09,25.208117861090457,25.208117861090457,24.814831569251307,24.935842514038086,2344600
2018-07-10,24.95096433079853,25.087099092396006,24.807261878628413,25.056848526000977,3077300
2018-07-11,25.034162354296797,25.102231192232193,24.93962246189367,24.981220245361328,2347300
2018-07-12,25.04172706604004,25.087104367738537,24.91315131259436,25.04172706604004,1660700
2018-07-13,25.05685271735781,25.15139260533518,24.9434036977336,24.95853042602539,2142700
2018-07-16,24.852646874747396,24.928277633091394,24.651466864854704,24.8223934173584,2759100
2018-07-17,24.82995605958605,24.89046008396079,24.625749567705853,24.6560001373291,1720400
2018-07-18,24.618186782279444,24.71650907572862,24.44423373087151,24.565244674682617,2092200
2018-07-19,24.519863458056395,24.909370212042404,24.474486159240115,24.79970359802246,2363400
2018-07-20,24.73919434306355,24.784574522710262,24.49717248853726,24.580368041992188,2041700
2018-07-23,24.57280740067895,24.57280740067895,24.36330669901739,24.512300491333008,2796900
2018-07-24,24.49718078099811,24.59550309428471,24.308100962824145,24.444238662719727,2104200
2018-07-25,24.45936691187751,24.727859924126676,24.444240179269624,24.686262130737305,2608800
2018-07-26,24.7089461296795,24.88290207931649,24.7089461296795,24.769453048706055,2256900
2018-07-27,24.84508461962021,24.84886702346444,24.52062592097923,24.542558670043945,2666300
2018-07-30,24.565249044633106,24.5917201031405,24.345915768355287,24.519868850708008,2941100
2018-07-31,24.708950997673263,25.06442200416506,24.67113560839588,24.996353149414062,4027300
2018-08-01,24.807267871598718,25.192992258880462,24.693821728673043,25.162738800048828,3776600
2018-08-02,25.06441571688929,25.196770988724147,24.994835071857324,25.04172706604004,2963100
2018-08-03,25.056854527165747,25.40097824399198,25.034162990524887,25.366945266723633,2721000
2018-08-06,25.389637578115178,25.465268350810437,25.26106468750743,25.314006805419922,2860800
2018-08-07,25.38963550216547,25.465266268676878,25.11736012651831,25.261062622070312,2122400
2018-08-08,25.298874655116528,25.298874655116528,25.075759018735045,25.102230072021484,2437300
2018-08-09,25.109803855669277,25.238376764703805,25.087112312505365,25.147619247436523,1937500
2018-08-10,25.10223561344643,25.200557926699023,24.89046714040614,24.905593872070312,2656000
2018-08-13,24.905594135869322,24.9812249098622,24.845087208571744,24.898029327392578,1652300
2018-08-14,24.95097583633291,25.053077675894773,24.89046890538568,24.996353149414062,1559100
2018-08-15,25.003914524424975,25.23459211800487,24.928280871128116,25.215682983398438,2608300
2018-08-16,25.208121252759803,25.435016444121946,25.192994521985142,25.412324905395508,4032200
2018-08-17,25.427451277899248,25.66191127390964,25.40476262462138,25.654346466064453,2608600
2018-08-20,25.69215037490605,25.816940783313996,25.646770208585828,25.684585571289062,1947100
2018-08-21,25.631658817683892,25.67703901114762,25.412325543635994,25.450143814086914,2117700
2018-08-22,25.435015666789795,25.435015666789795,25.185428944328958,25.29131317138672,1380300
2018-08-23,25.28375228109571,25.348038723701386,25.215683434475302,25.230810165405273,1233500
2018-08-24,25.20055384402796,25.412322282760243,25.185427114814427,25.404760360717773,3533100
2018-08-27,25.419887377004592,25.465264680029055,25.230807587392988,25.366945266723633,2515300
2018-08-28,25.366945542471704,25.67703628540039,25.298876702066448,25.67703628540039,1887900
2018-08-29,25.66947558491223,25.760235976725735,25.6240982741346,25.639225006103516,1468700
2018-08-30,25.68459725297237,25.69216206002993,25.46148449195969,25.503082275390625,1730100
2018-08-31,25.53333534553069,25.677037842393702,25.518211500193477,25.601404190063477,1579300
2018-09-04,25.548462889607304,25.631658467255562,25.321567695648646,25.374509811401367,2310700
2018-09-05,25.32156438934728,25.6014016625196,25.200553442694776,25.53333282470703,3257000
2018-09-06,25.57114835309132,25.661905832085743,25.533330092142762,25.616525650024414,1960400
2018-09-07,25.495519702910457,25.50308451063104,25.26862451848257,25.29131317138672,1899000
2018-09-10,25.404763433402167,25.56358978166129,25.37450997131597,25.427452087402344,1797100
2018-09-11,25.344252445676226,25.51820838221628,25.276183609460524,25.435012817382812,1534300
2018-09-12,25.46526646672581,25.53333531116699,25.344255508289148,25.457704544067383,1388600
2018-09-13,25.556021625737547,25.68459448055229,25.49551471632244,25.616525650024414,1576500
2018-09-14,25.540901155458357,25.556027886517917,25.24215470857214,25.397201538085938,1828300
2018-09-17,25.336690858044804,25.57871274886361,25.332908454558364,25.540897369384766,2338800
2018-09-18,25.50307837148236,25.556020472266916,25.336687263229113,25.389629364013672,1451800
2018-09-19,25.397206026333368,25.404767950635037,25.106021450953715,25.147619247436523,2033100
2018-09-20,25.155174935395557,25.35181954004124,25.056855518201456,25.336692810058594,1928400
2018-09-21,25.35197824131147,25.455160979001512,25.25262075798281,25.336694717407227,1954600
2018-09-24,25.252620361512975,25.260262123345118,24.744357189765342,24.839895248413086,2862000
2018-09-25,24.83989330243981,24.966004229716855,24.789447765293012,24.816965103149414,1710600
2018-09-26,24.83989498474834,24.862823185591573,24.511243833241384,24.54181671142578,2323300
2018-09-27,24.580031438420427,24.74817935344005,24.557103237495987,24.61824607849121,1599100
2018-09-28,24.625889107029753,24.939253799573034,24.587671553927684,24.923967361450195,3145400
2018-10-01,24.923967184558087,24.99122692870322,24.717604644749326,24.732891082763672,3654400
2018-10-02,24.740533762755767,24.794034839997856,24.65645980834961,24.65645980834961,2752400
2018-10-03,24.679387757187584,24.767281123268344,24.236089841962247,24.37366485595703,2625100
2018-10-04,24.373667128787858,24.373667128787858,24.05265921879784,24.259021759033203,2934700
2018-10-05,24.289594161626816,24.419525966894543,24.228449868429937,24.266664505004883,3406600
2018-10-08,24.343092697381543,24.690851102010072,24.281948410560968,24.580026626586914,3076200
2018-10-09,24.57238684560016,24.740531825657257,24.465381783904068,24.66410255432129,4429900
2018-10-10,24.595311283311627,24.70995808837614,24.274303436279297,24.274303436279297,4361500
2018-10-11,24.320168340984623,24.34309800021031,23.510005999679958,23.563507080078125,9558500
2018-10-12,23.701081153803333,23.907443705038038,23.42593108549039,23.548219680786133,5288200
2018-10-15,23.54057421054383,23.91508463784797,23.51000279354048,23.693435668945312,3894500
2018-10-16,23.72401412124312,24.20934623151002,23.639940153577083,24.136737823486328,3272200
2018-10-17,24.106161575181297,24.20934138674736,23.892155817492323,24.06794548034668,3449400
2018-10-18,24.06029988254724,24.285769717497004,23.97622739781322,24.075586318969727,3345200
2018-10-19,24.09852000745558,24.404241498105886,24.09852000745558,24.320167541503906,2999900
2018-10-22,24.381312976005134,24.453922835652907,23.968589308839647,23.976232528686523,4269600
2018-10-23,23.907445620110856,24.236095335172287,23.81572843739465,24.129093170166016,5159700
2018-10-24,24.167301454728122,24.61823962904866,24.121442149303235,24.41187858581543,5443600
2018-10-25,24.465382775836723,24.8322514567753,24.350738864184606,24.70231819152832,5413800
2018-10-26,24.595316410217645,24.625889286686363,23.930370924972927,24.060302734375,8951600
2018-10-29,24.23609558822409,24.572391442429762,24.23609558822409,24.457744598388672,6143200
2018-10-30,24.488310292749738,25.030965642041835,24.427164549713694,24.862817764282227,7427400
2018-10-31,24.862828012729224,24.862828012729224,24.473033944764776,24.526535034179688,4202400
2018-11-01,24.59531787756677,24.6984976973169,24.434813182120322,24.61824607849121,4848800
2018-11-02,24.66409893447355,24.67174069424967,24.136728584444864,24.41187858581543,6876800
2018-11-05,24.473027535843798,24.901039054667446,24.473027535843798,24.816965103149414,4093100
2018-11-06,24.816965225087326,24.96218201395658,24.77110591069127,24.954540252685547,2958800
2018-11-07,25.084469951962667,25.244973174795565,24.935430828533566,25.229686737060547,3917900
2018-11-08,25.199121530000557,25.28319549560547,25.065365903488875,25.28319549560547,2665000
2018-11-09,25.244977049572906,25.37491033246872,25.168547764756774,25.313764572143555,3558700
2018-11-12,25.321399777052452,25.596549764399356,25.321399777052452,25.36725616455078,2861900
2018-11-13,25.36726574775857,25.489554353267508,25.229690702112222,25.420766830444336,6307600
2018-11-14,25.512488313336572,25.512488313336572,25.283197516913322,25.413127899169922,4369000
2018-11-15,25.313762538977105,25.359621855537622,24.969824953748457,25.214405059814453,7158900
2018-11-16,25.206759787522145,25.57362556457519,25.176186910536885,25.573625564575195,3738100
2018-11-19,25.581271252221594,25.802917330145945,25.458982655039485,25.642414093017578,4668200
2018-11-20,25.543052424039303,25.718845007095727,25.298475241860793,25.306119918823242,6593700
2018-11-21,25.33669947602223,25.49720274747366,25.176193288980038,25.29084014892578,3707500
2018-11-23,25.229689531136746,25.321408167704302,25.0538998511009,25.199119567871094,2543000
2018-11-26,25.260256735177695,25.35961711134242,25.107395290829555,25.252614974975586,3242200
2018-11-27,25.237324887582687,25.397828068910936,25.115036332915096,25.390186309814453,3227200
2018-11-28,25.390193171395833,25.62712567007531,25.283191021593503,25.596555709838867,3645700
2018-11-29,25.58891586422002,25.75324145832361,25.43605437181823,25.62713050842285,2600700
2018-11-30,25.703562897438868,25.89845845895335,25.577451946630333,25.871707916259766,4327200
2018-12-03,25.909920815315225,26.00927828996598,25.75705934931181,25.99399185180664,5321300
2018-12-04,25.95578071129386,26.0857139953595,25.611843095344046,25.650060653686523,6476800
2018-12-06,25.58891359982894,26.368504518059794,25.29083531959748,26.35321807861328,6368500
2018-12-07,26.269138965446793,26.276783641465265,25.879345040604047,25.955774307250977,5559900
2018-12-10,25.955776079927944,25.97870719395983,25.462799404294888,25.85641860961914,9157900
2018-12-11,25.97870153420829,26.093345417031955,25.886982929242325,25.90226936340332,4645200
2018-12-12,26.001642789863684,26.078072083474545,25.394019117971876,25.413127899169922,4298900
2018-12-13,25.436049592836714,25.802915356319176,25.436049592836714,25.588911056518555,4652700
2018-12-14,25.512486522093493,25.619488691872295,25.382553233368906,25.54305648803711,4138700
2018-12-17,25.573624660917492,25.634770412727395,24.534170204868524,24.587671279907227,7214000
2018-12-18,24.80931948108612,25.015682013607037,24.709962010886656,24.832250595092773,8109100
2018-12-19,24.855180541885538,25.053898411852607,24.526529402040353,24.60295867919922,12878000
2018-12-20,24.694677031857985,24.706141131743458,24.13673369344665,24.304880142211914,11333000
2018-12-21,24.43557156344706,24.822208874430576,23.90896972584867,23.932941436767578,15120000
2018-12-24,24.048929789944044,24.048929789944044,23.044442514170726,23.051401138305664,10641000
2018-12-26,23.12872471962373,23.793743692442302,22.827147034233658,23.7860107421875,10947900
2018-12-27,23.63135794281777,23.847876155055594,23.144193808919727,23.84014320373535,14151800
2018-12-28,24.05665862338036,24.157184029054815,23.721829097139516,23.925201416015625,10391000
2018-12-31,24.002529473235032,24.010260948757107,23.59269194981924,23.97159767150879,7807200
2019-01-02,23.816939385669553,23.85560413421197,23.283379129968342,23.422569274902344,10445000
2019-01-03,23.399373172643422,23.9174690646566,23.391640222027164,23.53083038330078,9743800
2019-01-04,23.724151634297332,23.987066076782476,23.56176260809903,23.77054786682129,9620900
2019-01-07,23.80147718674292,24.141718156274663,23.778278335448235,23.97159767150879,5141800
2019-01-08,24.118522310352315,24.44329887453942,24.041194276039274,24.389169692993164,7575900
2019-01-09,24.4200962642354,24.458759537987984,24.079853850557107,24.288639068603516,5100800
2019-01-10,24.219045872120688,24.706211418635345,24.172649645041496,24.67527961730957,7837200
2019-01-11,24.59795351497932,24.737143682025266,24.497428102618127,24.721677780151367,3095100
2019-01-14,24.62888033843613,24.791269325455687,24.543819370239728,24.644346237182617,2918300
2019-01-15,24.659813178940503,24.976856761069218,24.659813178940503,24.922727584838867,3925000
2019-01-16,24.899530927467882,25.14311222753038,24.829935848904462,25.038721084594727,7295900
2019-01-17,25.007787116510713,25.19337495987449,24.969123842840382,25.162443161010742,3397100
2019-01-18,25.262970962688385,25.262970962688385,25.049548597314224,25.255239486694336,7865600
2019-01-22,25.232039741948007,25.30163481864257,25.0000571362391,25.208839416503906,8116300
2019-01-23,25.340295055723733,25.340295055723733,25.061914782329872,25.224302291870117,3087500
2019-01-24,25.185646552633393,25.38283313022845,25.04645637430976,25.32483673095703,4578000
2019-01-25,25.40989002768022,25.64187260468891,25.25523399306826,25.618675231933594,3031400
2019-01-28,25.5336203159499,25.897061640937675,25.48722260962618,25.87386131286621,5276000
2019-01-29,25.781066807767832,26.090378925785103,25.734669105119547,26.074913024902344,2530000
2019-01-30,26.10584166041778,26.384221974361616,26.005317730241693,26.29142951965332,5118100
2019-01-31,26.268233366333632,26.593008447841857,26.028516318206787,26.546613693237305,7024500
2019-02-01,26.585270025409393,26.65486508895045,26.036240990888462,26.38421630859375,9829200
2019-02-04,26.35329447558717,26.55434529607977,26.136774803726944,26.53887939453125,6513600
2019-02-05,26.569812286491768,26.724468358495898,26.39195883612375,26.716733932495117,4186000
2019-02-06,26.63940086122118,26.670332658026688,26.419016971164332,26.50794219970703,3535200
2019-02-07,26.446090685235333,26.74380122025859,26.36102968956597,26.732202529907227,6325300
2019-02-08,26.623944153535135,26.809529098796002,26.577546442310158,26.732202529907227,2913100
2019-02-11,26.755391550163626,26.848186943617147,26.63940173307462,26.809520721435547,2971900
2019-02-12,26.83272475356124,26.83272475356124,26.51799971439115,26.623939514160156,8982900
2019-02-13,26.608472812239558,26.817258045356528,26.523411833952764,26.80179214477539,3751800
2019-02-14,26.817261779035483,27.00284671220967,26.654874225053238,26.90232276916504,4007000
2019-02-15,26.979645823303976,27.072438277819934,26.9023192695105,27.064706802368164,2674800
2019-02-19,27.02604129519935,27.157497015763912,26.971912122047033,27.09563636779785,3921300
2019-02-20,26.96417940469419,27.06470628255009,26.726783880292434,26.92551612854004,3200300
2019-02-21,26.824985915817926,26.97964195102667,26.662598406267076,26.97191047668457,4484200
2019-02-22,27.002850139739145,27.2348357603823,26.879125851978657,27.126577377319336,3477800
2019-02-25,27.172968692468782,27.211631974395125,26.871390963696232,26.90232276916504,4075800
2019-02-26,26.97964795677364,27.026045662610084,26.801794509129376,26.84819221496582,2674700
2019-02-27,26.74766238039807,26.886852532753423,26.546611576895256,26.76312828063965,3252300
2019-02-28,26.75539883137016,27.157503462974933,26.670340788951325,26.8404598236084,5002100
2019-03-01,26.88685021598015,26.88685021598015,26.49634438053106,26.809520721435547,5897500
2019-03-04,26.886859558011828,26.948720225322845,26.604611967037638,26.91779136657715,6178600
2019-03-05,26.871387210678268,27.095638344277877,26.824989508955234,26.9951114654541,4066400
2019-03-06,27.00284268084834,27.103369558704244,26.879118427263723,26.92551612854004,3832300
2019-03-07,26.940986051091382,27.134305410542435,26.817261779035483,26.90232276916504,7592600
2019-03-08,26.848189576231736,27.053107594685734,26.798697514942777,26.92551612854004,3103900
2019-03-11,27.04924192481998,27.36628552707614,27.012124351645788,27.343088150024414,4124100
2019-03-12,27.3817547500922,27.55187673529334,27.36628884690851,27.490013122558594,4323800
2019-03-13,27.505469111128903,27.70652283022565,27.505469111128903,27.621461868286133,2726000
2019-03-14,27.629203129593282,27.69879821857742,27.536410660887558,27.69106674194336,4504400
2019-03-15,27.71749843933031,27.73305294736466,27.523071538979544,27.577510833740234,5436300
2019-03-18,27.608625265450176,27.663064570889546,27.313095488265265,27.437528610229492,3318300
2019-03-19,27.460857384595826,27.50751794352781,27.27420624871041,27.35975456237793,3464300
2019-03-20,27.383089056751228,27.631955298425428,27.178551539573316,27.48419189453125,8689800
2019-03-21,27.445311920562336,27.981929292154852,27.429757406886015,27.974153518676758,4798000
2019-03-22,27.974147968105672,28.236233906412824,27.841936111450195,27.841936111450195,5026000
2019-03-25,27.857495689251564,27.974153056536707,27.73695191865165,27.86527442932129,4370800
2019-03-26,27.966369785996296,28.05191811258414,27.880821459408452,28.03636360168457,2357500
2019-03-27,28.08302656898786,28.168574893853364,27.771942290698682,27.943038940429688,2939100
2019-03-28,28.005256787924253,28.18024282430129,27.911932681888405,28.176353454589844,3626500
2019-03-29,28.168577194213867,28.223016502352277,28.04803046900471,28.168577194213867,3565600
2019-04-01,28.20745425796296,28.223008765555647,27.81860046830268,28.08302116394043,6733100
2019-04-02,28.114135371341792,28.374666746517462,27.904153930138865,28.324113845825195,6604200
2019-04-03,28.31634099641605,28.417443841515645,28.075250509400032,28.293010711669922,3581300
2019-04-04,28.324110955250966,28.331889693049554,28.083023484440677,28.207456588745117,3507700
2019-04-05,28.23856469304802,28.453990035624418,28.160792151173997,28.425212860107422,2869900
2019-04-08,28.417438667066328,28.456323456802732,28.207457242426614,28.285226821899414,2918500
2019-04-09,28.293015044480008,28.331899847251673,28.16080315499201,28.199687957763672,2094500
2019-04-10,28.269670743078503,28.425212860107422,28.23856469304802,28.425212860107422,2606200
2019-04-11,28.43299891005014,28.54187752995604,28.269678013471403,28.386335372924805,3705500
2019-04-12,28.3474507904973,28.54187774658203,28.153023834412576,28.54187774658203,2691300
2019-04-15,28.549653387589515,28.549653387589515,28.285232609866927,28.37078094482422,2115300
2019-04-16,28.378557972514905,28.378557972514905,27.561962436614706,27.701950073242188,3994500
2019-04-17,27.78749921544891,27.841938523871246,27.32476212713927,27.414199829101562,4323500
2019-04-18,27.53863199880714,27.67861963465208,27.30532026130548,27.631956100463867,2756900
2019-04-22,27.57751960988078,27.57751960988078,27.083676431187882,27.32865333557129,4012600
2019-04-23,27.42974903304486,27.709724260306665,27.328646208373822,27.63973045349121,5469100
2019-04-24,27.7175025070559,27.943038456574246,27.64750869398881,27.83415985107422,3304200
2019-04-25,27.748609788187085,27.88859740554573,27.577513152144448,27.803049087524414,4198400
2019-04-26,27.91192396634042,28.009137411732645,27.771936367638105,27.989696502685547,2517000
2019-04-29,27.89637701670038,28.051919164810883,27.666954647445174,27.701950073242188,3256800
2019-04-30,27.717513060459723,28.05581711354603,27.523086057547722,28.02081871032715,4650200
2019-05-01,28.044151968046613,28.363012134153472,27.966379386849436,28.02081871032715,6051300
2019-05-02,28.02859576846092,28.355231689710028,28.02859576846092,28.07525634765625,5382600
2019-05-03,28.191897107798205,28.316330190156982,28.059688255731437,28.26966667175293,3223400
2019-05-06,28.145240213158658,28.261897553263843,27.974146538848956,28.153018951416016,3377200
2019-05-07,28.059696998762387,28.10635756498656,27.468637448352833,27.67084312438965,3711800
2019-05-08,27.72528242946426,27.935260910912273,27.659175016113984,27.67084312438965,3831500
2019-05-09,27.60862563940255,27.795276808236864,27.42197447056824,27.76416778564453,5684500
2019-05-10,27.701943144717006,28.15301496474804,27.68250223526538,28.08302116394043,3268400
2019-05-13,27.896370039547147,28.129681719999517,27.841930746332224,28.08302116394043,3392100
2019-05-14,28.137460470120356,28.30077834984037,28.07524243972093,28.184123992919922,3984400
2019-05-15,28.184132729208212,28.47188379220283,28.075251142258995,28.37078094482422,3478200
2019-05-16,28.37077974805408,28.650755026387735,28.3474494637662,28.53409767150879,2834200
2019-05-17,28.401886551008175,28.549649951144957,28.339668508811926,28.495210647583008,3403200
2019-05-20,28.394108452215917,28.440771984914633,27.93526076419715,28.03636360168457,3472100
2019-05-21,28.160788095528837,28.351328570639694,28.114127543843484,28.26966667175293,2353600
2019-05-22,28.300779352011094,28.425212450497312,28.238564286127527,28.40188217163086,1982800
2019-05-23,28.324117538397594,28.569097401765095,28.277456967638003,28.54187774658203,2521100
2019-05-24,28.666305460292392,28.767408289024008,28.572981369696706,28.58075714111328,1523600
2019-05-28,28.720744180417267,28.767407708132524,28.27745105063985,28.285226821899414,2496400
2019-05-29,28.26189505119107,28.331888855713633,27.843486784881776,27.958589553833008,2648700
2019-05-30,27.989701697626007,28.21912404730779,27.94303816715809,28.12968635559082,2656200
2019-05-31,28.0674729994879,28.518541954739792,28.028588205077853,28.36300277709961,4582100
2019-06-03,28.46410503423813,28.51854434431761,28.223017508663258,28.47188377380371,6621400
2019-06-04,28.479661247487087,28.479661247487087,28.07525280080215,28.316343307495117,3596800
2019-06-05,28.479651203180154,28.97738358764414,28.378551352205236,28.96183204650879,4495200
2019-06-06,29.039601869810024,29.0707108857874,28.837399199395204,29.016271591186523,2272500
2019-06-07,29.17959579223019,29.288474405003637,29.070717179456743,29.109601974487305,2114000
2019-06-10,29.148481031389924,29.171811310471558,28.876284553040517,29.008493423461914,3041400
2019-06-11,29.08626621414031,29.14848128113075,28.86461966080843,29.06293296813965,2472200
2019-06-12,29.101820154510936,29.31180158550937,29.070714101811426,29.17181396484375,2555500
2019-06-13,29.195152198449726,29.25348087814114,29.097938721204,29.21070671081543,2511300
2019-06-14,29.210691900366925,29.433115677655056,29.210691900366925,29.335124969482422,1945900
2019-06-17,29.412899382703447,29.688985207689104,29.412899382703447,29.653989791870117,4130200
2019-06-18,29.809539490981283,29.933972612351972,29.451791671160887,29.568449020385742,4654400
2019-06-19,29.545113605676644,29.860084240470506,29.405125997608458,29.76287078857422,4654300
2019-06-20,29.902862872170736,30.03507176251207,29.879529622854367,29.941747665405273,4478800
2019-06-21,29.920585616987882,29.920585616987882,29.458101027299634,29.607036590576172,9512500
2019-06-24,29.6775878134839,29.779492674884818,29.411069476918787,29.45810317993164,5083600
2019-06-25,29.48945276368183,29.599195068445233,29.050483544628207,29.058320999145508,3829000
2019-06-26,29.05831549368336,29.05831549368336,28.39202134656987,28.49392318725586,7944600
2019-06-27,28.66638195564715,28.838835854362305,28.650704056650003,28.729093551635742,4578500
2019-06-28,28.77612456666482,28.98698827359334,28.729093859422992,28.823158264160156,5010600
2019-07-01,28.96425499625621,29.00344824718822,28.442976087125665,28.768285751342773,6775000
2019-07-02,28.846672844176705,29.309160391257336,28.82315749118642,29.30132293701172,5959000
2019-07-03,29.38755261594804,29.73245744962219,29.354629922600783,29.72461700439453,3519500
2019-07-05,29.50512260649753,29.661115120104686,29.10534674969761,29.559993743896484,5079200
2019-07-08,29.536486831339936,29.732456089514827,29.489453132886677,29.66974449157715,3435900
2019-07-09,29.607024944529602,29.861785484077377,29.56783170542667,29.826509475708008,3166600
2019-07-10,29.936267296944898,30.030334707974724,29.763816357231587,29.991138458251953,8591200
2019-07-11,29.944103961902652,29.951941416705147,29.477696159432693,29.607036590576172,5157600
2019-07-12,29.622707261164628,29.661900506119473,29.391462032501074,29.48944664001465,3620400
2019-07-15,29.552160995799937,29.724611887825773,29.450256157157494,29.528642654418945,2650100
2019-07-16,29.497289148961556,29.5882167659641,29.38754685930116,29.481611251831055,3533000
2019-07-17,29.559993293203195,29.65406066181237,29.17981256826929,29.33266830444336,3227300
2019-07-18,29.262120516485943,29.411056022513698,29.10534456841581,29.3248291015625,4028800
2019-07-19,29.356193287535657,29.387549084170544,28.815316261470585,28.84667205810547,4515800
2019-07-22,28.885870027454366,28.917225829211414,28.69382097463667,28.81532096862793,3031000
2019-07-23,28.885866051505065,29.105353643339534,28.78396419520154,29.09751319885254,3084800
2019-07-24,29.136696544123495,29.168052330903734,28.972083148905856,29.07398796081543,2663600
2019-07-25,29.042644197237514,29.10535579675962,28.82315957941745,28.948579788208008,3237500
2019-07-26,28.972093542944258,29.121032088457433,28.823157987684564,29.04264259338379,2822300
2019-07-29,29.11319436294789,29.34835688962564,29.097516462468874,29.152387619018555,3030900
2019-07-30,29.152374876028123,29.532555573263128,29.144537424341376,29.442411422729492,3455600
2019-07-31,29.473764607590255,29.70108958277932,29.152375259660104,29.3248291015625,6644000
2019-08-01,29.41106936517812,29.661909799785935,29.128873128680862,29.3953914642334,9956300
2019-08-02,29.426743835408097,29.82259957465952,29.367952461283046,29.622713088989258,4953600
2019-08-05,29.552164360834368,29.5678422601225,28.70557574079632,29.058320999145508,6359700
2019-08-06,29.121034126809576,29.536488013892736,29.019129271207667,29.41890525817871,6841500
2019-08-07,29.44241980395535,29.889229433602353,28.968174600216102,29.693260192871094,7396200
2019-08-08,29.73245016413078,30.16358184814453,29.47376935957074,30.16358184814453,5601800
2019-08-09,30.093031063462714,30.281162818612778,29.857868612214734,30.155742645263672,4695700
2019-08-12,30.147904840792012,30.24588945324148,29.9480183843773,30.132226943969727,3727900
2019-08-13,30.132223639931,30.257643810503705,29.857867951257177,30.14790153503418,5176100
2019-08-14,30.06952412694354,30.06952412694354,29.63839234734368,29.67758560180664,5999600
2019-08-15,29.763807870297022,30.155746333734157,29.677580929900344,30.093034744262695,5501400
2019-08-16,30.163589387744786,30.38307401114013,30.07736243133841,30.3046875,3766700
2019-08-19,30.44577717523674,30.64174638903454,30.29684164924145,30.57903480529785,2930000
2019-08-20,30.618233358444535,30.688782400363305,30.328196747082288,30.351715087890625,3245400
2019-08-21,30.422273080391694,30.553180420102255,30.304690312515163,30.477144241333008,3480700
2019-08-22,30.508496792459752,30.657435362524417,30.289012150580003,30.626079559326172,2511100
2019-08-23,30.633916212338942,30.836156034495687,30.112637262162302,30.24197769165039,6048100
2019-08-26,30.390908466453432,30.532006550898654,30.24981038200821,30.524166107177734,3621000
2019-08-27,30.665275564123807,30.751502535513193,30.40659764020989,30.42227554321289,3042200
2019-08-28,30.437951165313486,30.56337138968475,30.35564143315214,30.50849723815918,3129500
2019-08-29,30.673112315957685,30.778934410663116,30.555529552725975,30.727983474731445,3070700
2019-08-30,30.822036254620517,30.876907392678245,30.641744945251883,30.735809326171875,3623100
2019-09-03,30.688786513823867,31.174789428710938,30.67310861460125,31.174789428710938,6160800
2019-09-04,31.32371795592051,31.464816027003717,31.2374910246749,31.433460235595703,3541500
2019-09-05,31.433468703393977,31.441309148484528,31.0493706210594,31.15911293029785,3925900
2019-09-06,31.17479168194672,31.344892265913607,31.112080080523608,31.198307037353516,2457600
2019-09-09,31.213978957448926,31.22181940125154,30.88475208381512,30.963138580322266,4618900
2019-09-10,30.814211838427273,30.814211838427273,30.296853039114065,30.50849723815918,5632900
2019-09-11,30.461457855807282,30.524166455023583,30.26548862409494,30.437942504882812,7353200
2019-09-12,30.665255786077818,30.814194273418956,30.38305969453915,30.61822509765625,5425200
2019-09-13,30.532013124176093,30.69662659471766,30.151832258696444,30.24981689453125,5653800
2019-09-16,30.24197081990676,30.579035120076032,30.210615027715644,30.5633602142334,4535700
2019-09-17,30.69662697994457,31.00233856914508,30.688789524691092,30.9945011138916,6054200
2019-09-18,31.0728864985191,31.127757654061345,30.597074338244568,30.900432586669922,4031700
2019-09-19,30.947461540252295,31.112074981629192,30.86907504157375,31.00233268737793,3941500
2019-09-20,31.067825525595726,31.123063990534636,30.85476158500112,30.87054443359375,5392500
2019-09-23,30.84687787849976,31.111233872559616,30.79163940243565,30.981027603149414,3196700
2019-09-24,31.059934414704237,31.16252142148489,30.79952193832345,30.941564559936523,6528700
2019-09-25,30.949454654203446,31.0441487231817,30.799519117195185,30.909996032714844,3912600
2019-09-26,31.004700260312738,31.271422300627627,30.981024479906925,31.209871292114258,2565600
2019-09-27,31.26511305141822,31.28089590325868,30.760073833608093,31.004703521728516,3350700
2019-09-30,31.028374177434568,31.209872445810365,30.996808475907216,31.044157028198242,3492500
2019-10-01,31.01259853605883,31.09151280822213,30.6574918370032,30.775861740112305,6075600
2019-10-02,30.736403341392837,30.81136813035788,30.40496944869555,30.586467742919922,5305300
2019-10-03,30.586463344109838,31.01259128332048,30.539117802155975,30.949462890625,6328400
2019-10-04,30.996806046151544,31.16252446104443,30.96524335736929,31.091503143310547,2653300
2019-10-07,31.01260579336812,31.178321288282866,30.894238872831465,31.03628158569336,3165800
2019-10-08,31.012599014760575,31.14280530813608,30.728513651131006,30.88633918762207,4616600
2019-10-09,31.00470338594202,31.107287407048986,30.906062820074506,30.981027603149414,2969000
2019-10-10,30.941566660633377,31.107282060342627,30.807416959041316,31.0599365234375,3373400
2019-10-11,31.146750552377988,31.225661812391692,30.925793605850714,30.957359313964844,4949200
2019-10-14,30.981027738832225,31.12307039512522,30.86266086543552,31.004703521728516,1794100
2019-10-15,31.01259277411005,31.06783124922555,30.767966101533165,31.02837562561035,3091100
2019-10-16,31.0283720161201,31.05993771544871,30.787688826713314,30.988916397094727,5929800
2019-10-17,31.06783389175309,31.280897889723015,30.98892263781077,31.194093704223633,4775600
2019-10-18,31.186195680041664,31.557085099801945,31.186195680041664,31.493953704833984,2313300
2019-10-21,31.501855243597173,31.730702119360807,31.41505405890532,31.707029342651367,1957300
2019-10-22,31.778044910438847,31.833283386241057,31.57287084865537,31.612329483032227,2226000
2019-10-23,31.628108772428067,31.746475631413396,31.399261964010613,31.667564392089844,2159900
2019-10-24,31.730692593523138,31.77014821295118,31.458446712280082,31.5491943359375,1781800
2019-10-25,31.47817314397173,31.525521693639064,31.09150385763636,31.162525177001953,2842500
2019-10-28,31.107292892894954,31.15306407418506,30.767972055920144,30.831100463867188,3318300
2019-10-29,30.878433349902213,31.10727709907714,30.823194892142382,30.909996032714844,2167200
2019-10-30,30.97314143952332,31.138856887817383,30.736404654778724,31.138856887817383,2637400
2019-10-31,31.194104146408897,31.23356279686017,30.917911654884318,31.03628158569336,3263900
2019-11-01,31.07572921425701,31.18225971630267,30.633818331474075,30.957359313964844,3370000
2019-11-04,30.902116992267572,30.93368269646166,30.570686129043402,30.61014175415039,3045400
2019-11-05,30.51544645027642,30.51544645027642,29.899930233365154,30.08142852783203,6643600
2019-11-06,30.120886543548544,30.333161869800758,30.093267301119567,30.19190788269043,2425600
2019-11-07,30.105100272858625,30.112990193180465,29.761830038573738,29.86836051940918,3725800
2019-11-08,29.805231875398796,30.026185765804605,29.734210552015362,29.813121795654297,2612100
2019-11-11,29.79733919542855,29.9764713925258,29.789449275106705,29.86836051940918,2538700
2019-11-12,29.868368438346586,30.070384769235456,29.631631632402623,29.67108726501465,6213800
2019-11-13,29.718433347722502,30.041974324548356,29.702650493941782,29.9709529876709,2220800
2019-11-14,30.041968078794262,30.270814895629883,30.002512457681107,30.270814895629883,2525100
2019-11-15,30.2944879620007,30.428640687420256,30.19979386835046,30.420747756958008,2615000
2019-11-18,30.460207929099862,30.720620488381403,30.436535154718417,30.586467742919922,2835500
2019-11-19,30.641705340252603,30.72061658501188,30.531225383210177,30.649595260620117,3345100
2019-11-20,30.62591532800835,30.736392248947,30.47045593759869,30.66537094116211,5711400
2019-11-21,30.594347625639784,30.594347625639784,30.216357036507794,30.255023956298828,3556100
2019-11-22,30.286602606983397,30.302385460015916,29.935442405256182,30.08142852783203,3614400
2019-11-25,30.144558164183813,30.310273595856078,30.053807517160674,30.1051025390625,2712000
2019-11-26,30.128768505854342,30.523330688476562,30.105095738183586,30.523330688476562,4916300
2019-11-27,30.5075459958881,30.625915847628036,30.389176144148163,30.618022918701172,2605700
2019-11-29,30.594346927797737,30.73638953080613,30.468087170709175,30.499652862548828,2550800
2019-12-02,30.420743167415914,30.475981631234035,29.939376831054688,29.939376831054688,6651500
2019-12-03,29.923604607842314,30.239255664828296,29.915714686039873,30.184017181396484,3584000
2019-12-04,30.12087624050035,30.416797883990952,30.057747855229746,30.341833114624023,2283800
2019-12-05,30.294492750512756,30.38918685913086,30.17217940145306,30.38918685913086,3042200
2019-12-06,30.39707374572754,30.539116385542176,30.36945451077863,30.39707374572754,3855600
2019-12-09,30.436532974243164,30.52333715445169,30.314219635006353,30.436532974243164,2562300
2019-12-10,30.46020169197405,30.54700586062694,30.14455372719267,30.223464965820312,7303200
2019-12-11,30.294483654042722,30.294483654042722,29.892031555555768,29.99461555480957,6222900
2019-12-12,30.010397823446674,30.112984830989124,29.544814340317668,29.63161849975586,7621000
2019-12-13,29.623737122521426,29.77366970733761,29.402780195621734,29.663192749023438,6152000
2019-12-16,29.71053816704351,29.978840613281655,29.525093430784217,29.89203643798828,5093900
2019-12-17,29.947274180384674,29.986729801753842,29.509309859563697,29.56849479675293,4452000
2019-12-18,29.568493679021852,30.041967138095824,29.568493679021852,29.98672866821289,3504100
2019-12-19,29.955163906182758,30.294487666243594,29.89992543457015,30.270814895629883,3334500
2019-12-20,30.392864740575277,30.58830662078939,30.35297969831877,30.504547119140625,3691800
2019-12-23,30.560384128849904,30.60026916763732,30.26522814714953,30.321067810058594,3000600
2019-12-24,30.34500728677621,30.432756215333818,30.24927952305845,30.3609619140625,1120200
2019-12-26,30.424775418335553,30.56038822000751,30.360959956339308,30.54443359375,1607200
2019-12-27,30.64015423206617,30.68801810447117,30.52448548936248,30.656108856201172,1828500
2019-12-30,30.592296891928438,30.680045821890957,30.488596377458236,30.632184982299805,2638400
2019-12-31,30.616224527480274,30.879468224229814,30.59229106920597,30.847558975219727,3675000
2020-01-02,30.94329412645067,30.99115496838461,30.3689396789698,30.488597869873047,4380100
2020-01-03,30.30512177784509,30.77975899947833,30.289167150802147,30.71195411682129,3499000
2020-01-06,30.656103761810087,30.83957734432307,30.592285275875362,30.719919204711914,3097200
2020-01-07,30.632183661694402,30.632183661694402,30.221358867032688,30.384891510009766,3550600
2020-01-08,30.41680572011372,30.58432476482594,30.305126356972245,30.536460876464844,5089000
2020-01-09,30.512514464600216,30.600263359096083,30.432744402167334,30.52846908569336,2885000
2020-01-10,30.592289989316974,30.832403580153528,30.524485119839113,30.823627471923828,6513200
2020-01-13,30.839591086313547,31.198562622070312,30.831615293534174,31.198562622070312,2988100
2020-01-14,31.166649526460073,31.166649526460073,30.875485958841242,31.0469913482666,3720200
2020-01-15,31.12676511338869,31.358102639641622,31.118786278395724,31.262374877929688,4468700
2020-01-16,31.334167382689007,31.54157447814941,31.25439729553271,31.541574478149414,4244500
2020-01-17,31.525611760731298,31.69313072658428,31.485726727390063,31.581451416015625,3014700
2020-01-21,31.589428818961977,31.924469810813797,31.53358916082553,31.90053939819336,2329500
2020-01-22,31.988282329526562,32.076031225143524,31.589425926200633,31.645265579223633,5815200
2020-01-23,31.661227151803566,31.972337770850327,31.58145707083785,31.94840431213379,2637800
2020-01-24,32.01221871446625,32.07204778905049,31.780881249024894,31.90053939819336,2397900
2020-01-27,31.70908915576016,31.884586975172777,31.677179908042714,31.764928817749023,6741600
2020-01-28,31.804818630199005,31.97951920109853,31.7250485419642,31.844703674316406,2904300
2020-01-29,31.948401851186276,32.0201961357386,31.645270089406083,31.67717933654785,5409600
2020-01-30,31.573484762393736,31.775304854456454,31.517642047918255,31.748979568481445,3847400
2020-01-31,31.669218675394585,31.70910373185916,31.21850871254416,31.294292449951172,7586200
2020-02-03,31.42191374653972,31.619747441666284,31.298269208602374,31.326189041137695,6254800
2020-02-04,31.437864058174355,31.84868569898879,31.378034984368746,31.733016967773438,5309500
2020-02-05,31.76493849491835,31.844708595480533,31.629328715355783,31.70909881591797,3049300
2020-02-06,31.81279746484277,31.916497970941254,31.74897895982788,31.844703674316406,2676700
2020-02-07,31.86066055297852,31.896559225345722,31.76892524932659,31.860660552978516,3216600
2020-02-10,31.964360965695427,32.243559309829536,31.932451714070464,32.22760772705078,3489300
2020-02-11,32.33929372483112,32.841850847771816,32.33929372483112,32.618492126464844,10001700
2020-02-12,32.65837134798867,32.90566349031716,32.53871621566234,32.82589340209961,2539700
2020-02-13,32.77802224364753,33.10109498512102,32.73813720839686,33.02531433105469,2825500
2020-02-14,33.10508283804361,33.416190358551994,33.05721897218348,33.4082145690918,2235200
2020-02-18,33.448106548041345,33.448106548041345,33.17688400457987,33.376312255859375,3260100
2020-02-19,33.384285267938466,33.384285267938466,32.90565872192383,32.90565872192383,2606100
2020-02-20,32.9934075850576,33.29653935338608,32.83386438893558,33.272605895996094,3901800
2020-02-21,33.2726108270491,33.50394834355893,33.23272578286591,33.4481086730957,2986900
2020-02-24,33.05722057844375,33.35636290778076,32.85061384371946,33.001380920410156,4703100
2020-02-25,33.08912458323883,33.20080388161822,32.052098614388186,32.171756744384766,9190200
2020-02-26,32.21164925832548,32.46292773806817,31.82156585487728,31.892562866210938,8641900
2020-02-27,31.36607658933117,31.49371055441663,30.08175810395223,30.089736938476562,15861500
2020-02-28,29.451564657616174,29.643017130580997,28.472772828495376,29.347864151000977,44499000
2020-03-02,29.491447992098696,30.815651334008,29.419653706686546,30.80767250061035,19686200
2020-03-03,30.871487990598368,31.553532114106318,30.488586186683367,30.78373908996582,37983700
2020-03-04,31.190580767233982,32.020203115562786,31.142719929121835,31.980318069458008,13712900
2020-03-05,31.453823171653916,31.709091082840388,30.89542347479593,31.246416091918945,13348200
2020-03-06,30.568365516468756,30.839588090130874,29.706836957387534,30.71195411682129,16942300
2020-03-09,29.076638852152854,29.483471134732735,28.518239155192724,28.54216957092285,12791800
2020-03-10,29.276070378524206,29.97805873459351,28.23904399255625,29.930194854736328,18902400
2020-03-11,29.204276061230498,29.252136898022627,28.039615706102637,28.32678985595703,16089100
2020-03-12,26.53192650052954,27.58491020054347,22.335958493836195,25.893756866455078,9058600
2020-03-13,27.257857912495137,28.2071385446742,25.949608783578206,28.167253494262695,9694900
2020-03-16,25.367268954288996,26.05330251740355,23.47669028231115,23.66016387939453,5840100
2020-03-17,24.01914258011879,25.758157428783985,23.48467472774478,25.096054077148438,7267800
2020-03-18,23.61230686980819,24.62540282072195,22.63112017160837,23.333106994628906,12255800
2020-03-19,22.99009023868254,23.56444461797489,22.335965770281295,22.96615982055664,13526100
2020-03-20,23.09379705546072,23.612310315594424,21.514323810514583,21.665889739990234,16549800
2020-03-23,21.6031964075274,21.63534475803328,19.99581567225871,20.461956024169922,28171300
2020-03-24,21.402273278521026,22.318481317015657,21.072760358693607,22.24614906311035,15346800
2020-03-25,22.406884356662598,24.456295492676517,22.08540855089107,23.23468589782715,18863500
2020-03-26,23.435607774758225,25.12335762127734,23.27486911016878,25.018877029418945,17228600
2020-03-27,24.247340317044443,25.67790983326992,24.231266140555675,25.08317756652832,11840800
2020-03-30,25.219802328929077,25.8627555241013,24.665257095078665,25.73416519165039,10377700
2020-03-31,25.549316193913615,25.589500097038023,24.32770653075286,24.914400100708008,9015800
2020-04-01,23.78923435875541,23.80530853344766,22.889100503919188,23.40346336364746,11255400
2020-04-02,23.130207854510758,24.08659822718831,23.114133680284844,23.749048233032227,11021700
2020-04-03,23.58027456992868,23.94997138851661,23.122171323888136,23.548126220703125,7984100
2020-04-06,24.440221922613734,25.356428374914096,24.440221922613734,25.251949310302734,9514500
2020-04-07,26.264601755658763,26.51374687613498,25.243914609355883,25.25998878479004,19488600
2020-04-08,25.589499601400593,27.3013608206942,25.316244773277838,27.156696319580078,27207800
2020-04-09,27.646956168026385,28.892675908336553,27.60676918782594,28.555124282836914,49899800
2020-04-13,28.39438127105818,28.44260072947174,27.080345844252296,27.24510383605957,9877300
2020-04-14,27.799653737110944,28.281866797237612,27.799653737110944,28.153276443481445,6720300
2020-04-15,27.413875867840925,27.6308726107594,26.835217886724987,27.068288803100586,5378900
2020-04-16,27.108478186340808,27.341549149853506,26.734762008927596,26.891481399536133,4372800
2020-04-17,27.606764935380177,27.88805842427314,27.293326159449002,27.75946807861328,6540400
2020-04-20,27.269213720255504,27.373694323804305,26.73073959350586,26.73073959350586,5773900
2020-04-21,26.103867870106516,26.52982286706064,26.01546142187014,26.336938858032227,7839500
2020-04-22,26.73877633349975,27.036140882558296,26.537853760869755,26.795034408569336,5386000
2020-04-23,26.84326121393186,27.0200710212975,26.433377383480824,26.489635467529297,6367800
2020-04-24,26.62626636919061,26.707437439576516,26.292734085337965,26.586082458496094,5142700
2020-04-27,26.8030738045229,27.454064136859223,26.8030738045229,27.357622146606445,4024200
2020-04-28,27.83984206222982,28.14524535051533,27.357628925641205,27.381738662719727,5955000
2020-04-29,27.936276419957085,28.02468285279749,27.43798923993495,27.454063415527344,6095100
2020-04-30,27.09240470929768,27.365659588719403,26.81914982987595,27.261178970336914,6837500
2020-05-01,26.594111058040532,26.77092389785026,26.264598171199264,26.425336837768555,5724300
2020-05-04,26.192276321453704,26.433382884096392,25.790431028437133,26.409273147583008,6816600
2020-05-05,26.634299158957113,26.930860497304085,26.54187648054163,26.578041076660156,4899400
2020-05-06,26.658407032189178,26.778961809188626,26.087787628173828,26.087787628173828,4609500
2020-05-07,26.344969639357338,26.65037284177423,26.168159840766915,26.320859909057617,4927700
2020-05-08,26.626258393748046,26.88343902416192,26.55392614982946,26.803068161010742,4428800
2020-05-11,26.513746250500347,26.88344307925593,26.344968945342007,26.481597900390625,4566400
2020-05-12,26.58607838001065,26.610188109561594,25.340357411649546,25.356430053710938,16049400
2020-05-13,25.21176631483508,25.509130878362626,24.830013101679448,24.9545841217041,5131500
2020-05-14,24.6331120691949,24.986736297607422,24.134824846944326,24.986736297607422,8269300
2020-05-15,24.80992387753422,24.906365869257872,24.424151311886156,24.89832878112793,7482800
2020-05-18,25.645758463751864,26.320858467694073,25.645758463751864,26.111900329589844,6286400
2020-05-19,25.97527239423063,26.071714379755235,25.605575561523438,25.605575561523438,5799300
2020-05-20,25.878828035004585,25.919011936467733,25.645757114349085,25.8466796875,4041700
2020-05-21,25.758270139263004,25.935082963248533,25.5252007798058,25.71808624267578,4289000
2020-05-22,25.742205478859695,26.29675388049983,25.62165221163782,26.28067970275879,4743200
2020-05-26,27.108477492215208,27.301364541936753,26.79905802955691,27.11651611328125,5756600
2020-05-27,27.67105781310168,27.695167541503906,27.003993379511133,27.695167541503906,5779800
2020-05-28,28.016640761172393,28.05682465786005,27.679089284159517,28.008602142333984,5281400
2020-05-29,27.823764702282357,27.98450341805335,27.57462260538152,27.847877502441406,7830900
2020-06-01,27.823760082239748,28.615395596648746,27.743392270617058,28.40241813659668,5275600
2020-06-02,28.579227553441125,28.699779256332093,28.257750214061627,28.587263107299805,4613100
2020-06-03,28.844451736403244,29.435164748162933,28.79623226823411,29.27040672302246,3685700
2020-06-04,29.12573735549194,29.14180846330013,28.498856846742555,28.723892211914062,3692400
2020-06-05,29.632068858377394,29.977656030094753,29.503478496750198,29.7767333984375,5313700
2020-06-08,30.090163780691636,30.427715301513672,30.0419443247422,30.427715301513672,4384200
2020-06-09,29.985679988850524,30.21874779756441,29.712425220788273,30.07408332824707,3636100
2020-06-10,29.945495504946404,30.082124433189236,29.334692301874686,29.511505126953125,3956600
2020-06-11,28.394384127363395,28.70782290192302,27.654987343677924,27.687135696411133,17916000
2020-06-12,28.547085765381226,28.68371167321617,27.85591147299407,28.563159942626953,7645100
2020-06-15,27.79161289652862,29.02929366638937,27.751425927630017,28.924816131591797,5146600
2020-06-16,29.816906968321696,29.89727783260613,28.92481336852692,29.407026290893555,6559300
2020-06-17,29.5918827287665,29.5918827287665,29.053411587858125,29.061447143554688,3553800
2020-06-18,28.85248646267561,28.892670369336273,28.56315742938195,28.699783325195312,2261000
2020-06-19,29.109666636596405,29.133776367005186,28.193460091036684,28.41045379638672,5057400
2020-06-22,28.32136846436503,28.430700379513755,27.948823106992993,28.329465866088867,2525400
2020-06-23,28.59672170219172,28.669610663296588,28.183683226120237,28.22417640686035,2444900
2020-06-24,27.900231909188438,28.005516665894717,26.936477385169614,27.50339126586914,6262800
2020-06-25,27.357620357547244,27.811152196618544,27.27177428557039,27.794954299926758,3520100
2020-06-26,27.713960233898543,27.851637683516387,27.252331118989698,27.317119598388672,4398900
2020-06-29,27.543886565827002,27.786851882934567,27.23613585250681,27.78685188293457,4052700
2020-06-30,27.84354075492654,28.329465171682244,27.770651783469972,28.191787719726562,3640600
2020-07-01,28.305172482487333,29.050257068670888,28.244431152445063,28.961170196533203,5182500
2020-07-02,29.390401902805653,29.414697195114435,28.75869649789038,28.863981246948242,2586000
2020-07-06,29.358002786824496,29.4470896344177,28.842110973389957,28.896373748779297,3206300
2020-07-07,28.65341841877882,28.77489798493463,28.41855359900575,28.426651000976562,2668600
2020-07-08,28.51574311793952,28.604830003175625,28.159398666427943,28.41046142578125,11063900
2020-07-09,28.35376184996693,28.42665082498205,27.859740007566923,28.313268661499023,6024700
2020-07-10,28.31326728570566,28.49144101362534,28.19988512773208,28.34566307067871,5978400
2020-07-13,28.442851709037917,28.49954279674053,27.8273471470813,27.900236129760742,10021700
2020-07-14,27.932630191728354,28.264679294630472,27.859741213558017,28.17559242248535,6206300
2020-07-15,28.548132269140147,28.645316535228144,28.147244468274067,28.3051700592041,7492500
2020-07-16,28.191792408501403,28.321372480483102,27.904286720336778,27.973125457763672,3339300
2020-07-17,28.094601579246483,28.499539640524112,27.948823630031956,28.361862182617188,8696300
2020-07-20,28.386158493703604,28.540036939733515,27.997418311694737,28.094602584838867,2792300
2020-07-21,28.35376079999713,28.41855237069227,28.021711723764863,28.10270118713379,5930700
2020-07-22,28.06220665168723,28.45094678888148,27.884032930269537,28.442846298217773,21831500
2020-07-23,28.394258818916153,28.54813417461204,27.9893207455174,28.29707145690918,9896100
2020-07-24,28.24847113303749,28.426641723134765,28.126988517098717,28.183679580688477,3388800
2020-07-27,28.19988822630558,28.531937335184303,27.90833230837647,28.51573944091797,3487800
2020-07-28,28.50764101510777,29.234908831793085,28.442849440368384,29.090749740600586,3591000
2020-07-29,29.196034871827912,29.64146614074707,29.179836977939463,29.64146614074707,3072600
2020-07-30,29.260821096430146,29.41469642608258,29.009758421219733,29.39849853515625,3104000
2020-07-31,29.358016258964305,29.414707353551115,28.944980699912822,29.366113662719727,4594400
2020-08-03,29.2608185391917,29.301311718252737,28.819434545961254,28.896373748779297,4743600
2020-08-04,28.904482716373963,29.418755873498668,28.863989521107573,29.325618743896484,4030600
2020-08-05,29.439003750717713,29.503795340906088,29.025968176282557,29.10695457458496,2729100
2020-08-06,29.050258800810028,29.21223466076987,28.9490242745142,29.16364097595215,2887800
2020-08-07,29.042157990931315,29.58072634910597,29.034057499695734,29.56047821044922,4065400
2020-08-10,29.625264197180694,29.69815006796611,29.390399426544512,29.511878967285156,2986400
2020-08-11,29.76294648846673,29.76294648846673,28.845357342511225,28.94497299194336,5520100
2020-08-12,29.155542363221382,29.382306704094724,29.025962298517697,29.309417724609375,4035200
2020-08-13,29.228432755459234,29.447099704484526,28.936876823425514,28.96927261352539,4096600
2020-08-14,28.953073160913846,29.26082697144156,28.92229932457728,29.042160034179688,2416800
2020-08-17,29.03405662205008,29.30131721496582,28.941732032894233,29.30131721496582,2824900
2020-08-18,29.358011587433413,29.370159235850053,29.082653562070533,29.268924713134766,2603600
2020-08-19,29.325614397840578,29.34181229143316,28.629120420521144,28.66961669921875,4328900
2020-08-20,28.556225797244128,29.110991957717104,28.483336835207034,28.97736167907715,3032800
2020-08-21,29.050254152773334,29.147441506858815,28.702819711515183,29.074552536010742,2155700
2020-08-24,29.11504554748535,29.13124343973575,28.693909617271128,29.11504554748535,3438400
2020-08-25,29.204137802124023,29.236530503173455,28.945787088480007,29.204137802124023,3226600
2020-08-26,29.12314659564646,29.163639786626923,28.80486708689624,29.001667022705078,2231400
2020-08-27,29.074562004246026,29.47950017650888,29.042166209001056,29.390413284301758,3098400
2020-08-28,29.438992801845973,29.61716651916504,29.147440022731015,29.61716651916504,1583700
2020-08-31,29.576674339869097,29.576674339869097,29.25272267727113,29.358007431030273,3522700
2020-09-01,29.268924533658055,29.34991400499313,29.050257595202,29.309417724609375,4280200
2020-09-02,29.349917077222827,29.997817468560832,29.123149623179955,29.965421676635742,4663200
2020-09-03,29.924922200589382,30.127391223476412,29.24462616011168,29.463293075561523,8943100
2020-09-04,29.560476447796,29.746747572488623,28.847784643739676,29.358007431030273,9308100
2020-09-08,29.163636642409386,29.23652561408882,28.76679908837967,28.98546600341797,6823000
2020-09-09,29.17983456556192,29.69815476941196,29.123143486355325,29.30131721496582,4081600
2020-09-10,29.26891978375421,29.358006643049123,28.8720822516266,28.888277053833008,6048400
2020-09-11,28.96927330873241,29.042162293490037,28.580533086502623,28.791099548339844,5445000
2020-09-14,28.98547336488224,29.5718230120806,28.98547336488224,29.49569320678711,3205600
2020-09-15,29.576674254653813,30.15978600987731,29.552378961330174,29.884428024291992,2947800
2020-09-16,30.030209608869665,30.38250376256025,29.93302224491219,30.078800201416016,3545400
2020-09-17,29.819645336797592,30.014017009568736,29.215478922501283,29.41470718383789,3656800
2020-09-18,29.430896488534955,29.430896488534955,28.77489576005941,28.831586837768555,6254300
2020-09-21,28.508133999488514,28.548870920940892,27.909291619252127,28.06001853942871,6227100
2020-09-22,28.133345833781092,28.62219820821291,28.092608912918735,28.394065856933594,4578000
2020-09-23,28.345186898653978,28.402219217723438,27.53450744839981,27.57931900024414,4330800
2020-09-24,27.595612113833724,28.0681691277057,27.489696734609755,27.70967674255371,4926400
2020-09-25,27.603762753905233,28.280004418823715,27.55487657855052,28.247413635253906,2765000
2020-09-28,28.614055100348025,28.858479786008235,28.565172028033086,28.736268997192383,2802800
2020-09-29,28.654787601808618,28.777001479766753,28.4185122033992,28.589609146118164,2217600
2020-09-30,28.728119746454222,29.00513521901006,28.451104273898384,28.736268997192383,4386100
2020-10-01,28.842186784986723,29.21697150090218,28.65479131900057,29.20882225036621,5842200
2020-10-02,28.768855366774833,29.77099859972759,28.752559975829094,29.68137550354004,4494600
2020-10-05,29.762849065338344,29.885062942247494,29.237334367473803,29.84432601928711,2185900
2020-10-06,29.9258026859365,30.00727964756507,29.48583641722708,29.591754913330078,4225600
2020-10-07,29.787296965541458,29.864696195228575,29.567313827846224,29.673229217529297,2158300
2020-10-08,29.860614484918706,30.31687288910612,29.819874463378593,30.170217514038086,2208700
2020-10-09,30.341328582613453,30.349474725074263,29.97387570786565,30.088754653930664,2617400
2020-10-12,30.14578772421752,30.308738549737907,29.95024611198736,30.24355697631836,2747100
2020-10-13,30.145784362459995,30.145784362459995,29.559162699216092,29.730262756347656,4258700
2020-10-14,29.771001196033577,29.77914733820285,29.34733031858043,29.3880672454834,7041600
2020-10-15,29.208819614866115,29.77099974604244,29.192527331321077,29.526575088500977,3691200
2020-10-16,29.55101622703932,29.608048542769428,29.322886964118894,29.420656204223633,2730500
2020-10-19,29.48583936923638,29.599907126936408,28.92366226384352,28.956253051757812,3782500
2020-10-20,29.11919722441694,29.359547237258038,29.07031105372463,29.151784896850586,5962200
2020-10-21,29.06216783489988,29.225118662991452,28.97254783207663,29.045875549316406,3566700
2020-10-22,29.037722548809324,29.07845947356466,28.789223267365205,28.84218406677246,3013900
2020-10-23,28.95624574027422,29.111047281736656,28.797369574344195,29.029573440551758,2194100
2020-10-26,28.809589744346663,28.809589744346663,28.41036047152428,28.679229736328125,3322600
2020-10-27,28.728109240905038,28.87476462027663,28.31258773803711,28.31258773803711,2760300
2020-10-28,27.856336763265663,28.165943026763706,27.56302900145696,27.685239791870117,5331500
2020-10-29,27.750412343711883,28.239261562476592,27.489692345967033,28.00298309326172,4989600
2020-10-30,27.8318918693725,28.002988820128284,27.465253326304275,27.823745727539062,5662400
2020-11-02,28.133348954882702,28.508136749267578,27.93781046983929,28.508136749267578,5349800
2020-11-03,28.736269895379234,29.135496169229228,28.646646782629226,28.956253051757812,4895700
2020-11-04,29.078450917285178,29.575449333932568,28.882912492785128,29.0377140045166,5642500
2020-11-05,29.265851290268017,29.428802094402148,29.014094799843388,29.143640518188477,4718500
2020-11-06,29.168079592171647,29.375841927629303,28.923654960589136,29.029573440551758,4562400
2020-11-09,30.43094734015594,31.864910780965737,29.722114869907756,29.795442581176758,11855500
2020-11-10,29.83618110958715,30.137641221003324,29.7058210723361,29.95839500427246,9593400
2020-11-11,30.113190016225154,30.365763893131035,29.87691152892879,30.1865177154541,6219300
2020-11-12,30.09690386528704,30.28022472364623,29.697677575402864,29.876920700073242,5034500
2020-11-13,30.03986590213062,30.634633707736167,30.03986590213062,30.56130599975586,3078700
2020-11-16,31.11534438758822,31.180525969531594,30.39021638262707,30.756855010986328,4066500
2020-11-17,30.569456030718893,30.887208404077356,30.341326759185268,30.773143768310547,4501200
2020-11-18,30.79758101656081,31.078671049890744,30.23540405792873,30.251699447631836,4579100
2020-11-19,30.210964805008928,30.357617107337493,29.8850632024325,30.30058479309082,4583900
2020-11-20,30.341322958812512,30.34946909976342,29.99097984539449,30.096895217895508,2799000
2020-11-23,30.267997634582184,30.325029949799855,29.946170651266417,29.999128341674805,4084700
2020-11-24,30.34132626375034,30.447241647788218,29.948614472133404,29.982833862304688,3201500
2020-11-25,30.039866488620714,30.12134344798298,29.79544182659032,30.056161880493164,3553300
2020-11-27,30.194669928155452,30.194669928155452,29.876914461620892,29.999128341674805,1791100
2020-11-30,29.982837546603836,29.982837546603836,29.595832047154946,29.738412857055664,4225200
2020-12-01,30.039861998813365,30.217479568056348,29.974683549093434,30.113189697265625,4491900
2020-12-02,30.031721107268915,30.219113456505642,29.771001046763185,29.795442581176758,3019100
2020-12-03,29.852479609907974,30.162085896114906,29.819888820195924,30.015430450439453,2953400
2020-12-04,30.18652708282339,30.43095178675958,30.1539362934909,30.41465950012207,3325500
2020-12-07,30.373909712200827,30.4390912699485,30.011345844305694,30.113189697265625,3027800
2020-12-08,29.99913101862315,30.178377229889627,29.95839409097941,29.974689483642578,2184100
2020-12-09,30.007281967019495,30.031723503383162,29.510283340768023,29.697675704956055,3443200
2020-12-10,29.58360563896432,29.81988103260037,29.445096372874808,29.534719467163086,2687300
2020-12-11,29.41250468471474,29.559160087568234,29.20881697053243,29.551013946533203,2340600
2020-12-14,29.803590888032794,29.97875935649027,29.32288770893458,29.33917999267578,3412600
2020-12-15,29.493988683602048,29.85247802734375,29.282151669732574,29.85247802734375,2593200
2020-12-16,29.9095054719775,30.068381652441523,29.688708047658377,29.86062240600586,2919300
2020-12-17,30.023570660433684,30.25170303530452,29.93395066847989,30.210966110229492,2124200
2020-12-18,30.235404568374754,30.251699958352965,29.473611404039584,29.68951988220215,4150700
2020-12-21,29.32309169749829,29.49640817598599,29.13327188609688,29.422130584716797,5463900
2020-12-22,29.446886079785223,29.628454208374023,29.32308905605848,29.628454208374023,1673100
2020-12-23,29.727486529939917,29.890895308302724,29.34784698486328,29.34784698486328,1965300
2020-12-24,29.463395879143448,29.636709213256836,29.44688939756749,29.636709213256836,1600000
2020-12-28,29.73574362143798,29.900805281508777,29.59544325676585,29.876047134399414,2955500
2020-12-29,30.008092834272748,30.1318867057389,29.644956588745117,29.644956588745117,2212200
2020-12-30,29.71923257557158,30.032849366703978,29.657337217305628,29.810016632080078,2365000
2020-12-31,29.818271510074652,30.21441754528043,29.58718396165466,30.173152923583984,4083800
2021-01-04,30.23917807488395,30.296949179475593,29.19104022998132,29.199295043945312,4967000
2021-01-05,29.215800183104637,29.44688459086859,29.141522602282087,29.16628074645996,4432400
2021-01-06,29.17453900564563,29.21167937859566,28.86092528088135,29.025983810424805,7383400
2021-01-07,29.09200020489942,29.21579720976763,28.89805303314058,29.116758346557617,3433700
2021-01-08,29.191036848252892,29.521160106208736,29.14977222808059,29.430376052856445,3419900
2021-01-11,29.27357279399181,29.405621483561973,28.84854117282188,28.935197830200195,4050000
2021-01-12,28.877422163421304,28.992964355006485,28.596818348876464,28.959951400756836,4372500
2021-01-13,28.943447561533524,29.405619518285132,28.943447561533524,29.35610008239746,3024400
2021-01-14,29.438629356276433,29.72748801013929,29.298329010223046,29.537668228149414,3792500
2021-01-15,29.471639855526487,30.046051412010662,29.405617094739927,29.9915828704834,4213000
2021-01-19,30.140145976658907,30.156652458286533,29.73162078831583,29.793516159057617,3317800
2021-01-20,29.867795239102467,30.531341351433994,29.719240045347956,30.41249656677246,4404200
2021-01-21,30.288691719041985,30.34563796100023,30.016339579539352,30.31344985961914,2669600
2021-01-22,30.164895025109914,30.46200530819904,30.140136884281986,30.387727737426758,2355200
2021-01-25,30.37947992869958,30.841648740346614,30.230924768301918,30.660083770751953,5784200
2021-01-26,30.701354303436123,31.05623579400156,30.63532837575441,30.973703384399414,3398900
2021-01-27,30.783873306178172,31.10574172564172,30.379475652904443,30.577547073364258,8415100
2021-01-28,30.63532247849307,31.024041709923992,30.37122511518365,30.660083770751953,11831200
2021-01-29,30.428991289113696,30.775620990006317,30.164893968570937,30.338207244873047,5590700
2021-02-01,30.52803448817298,31.035595319299908,30.14014011607132,31.023216247558594,3729300
2021-02-02,31.18003158774597,31.312080302873984,30.957198790663124,31.1552734375,3017400
2021-02-03,31.114001740992787,31.138759885618295,30.610565145014178,31.031469345092773,3472200
2021-02-04,31.07273381484473,31.394602253924823,30.97369495029035,31.204782485961914,3040200
2021-02-05,31.2955643686154,31.369841945211014,31.180022171308604,31.312070846557617,2019400
2021-02-08,31.328574290451517,31.38634538351001,31.105741582245127,31.378093719482422,2590000
2021-02-09,31.44412831693509,31.617444809661794,31.34509256986957,31.51840591430664,1682200
2021-02-10,31.675209624826724,31.943434403561504,31.552237456119133,31.732980728149414,3329000
2021-02-11,31.774246684279742,31.86503074996109,31.510149301364443,31.67521095275879,2301000
2021-02-12,31.600917949713576,31.74121823856167,31.37891015264192,31.666940689086914,1826300
2021-02-16,31.716479122901667,31.749492086527617,31.171777816231494,31.328584671020508,3341300
2021-02-17,31.31207428274576,31.40698575425693,31.130509302033886,31.353342056274414,3277200
2021-02-18,31.229547216795506,31.386354062990215,31.213040735887226,31.336837768554688,2932100
2021-02-19,31.485388652887856,31.65870195634571,31.34921256519002,31.435869216918945,2448500
2021-02-22,31.386353596377045,31.732983393719085,31.26255971383932,31.617441177368164,4293100
2021-02-23,31.807258310748445,31.93105218288749,31.613311114612696,31.732980728149414,5986100
2021-02-24,31.73298890966009,31.992958941638584,31.617446673225206,31.88154411315918,3779900
2021-02-25,31.889791876355673,32.10437298771094,31.1470190980914,31.361597061157227,6790200
2021-02-26,31.46062570140229,31.46062570140229,30.79790777648049,30.8168888092041,8008400
2021-03-01,31.163516753392955,31.37809782565205,30.845775699991314,30.849903106689453,4505600
2021-03-02,30.866410032605497,30.88291336305954,30.412489737896575,30.660083770751953,7482600
2021-03-03,30.660082070285434,30.660082070285434,30.23504734987769,30.280439376831055,7743400
2021-03-04,30.37948118446455,30.635323744833535,29.76875403888595,30.05760955810547,11162900
2021-03-05,30.288699345718154,30.536290258698397,29.62020104721116,30.40424156188965,9431800
2021-03-08,30.478519727376284,30.932436934478023,30.263938623320627,30.552797317504883,5381500
2021-03-09,30.70960189741855,31.10987537310688,30.70960189741855,30.89942169189453,4163400
2021-03-10,30.932430330870353,31.394602253924823,30.84990109203036,31.204782485961914,4908400
2021-03-11,31.29555294171312,31.89802814761261,31.217151135475255,31.666940689086914,4092700
2021-03-12,31.633947400727568,32.2116584777832,31.61744092019894,32.2116584777832,3621600
2021-03-15,32.23641978900251,32.665578838095776,32.0565013549521,32.57479476928711,4585700
2021-03-16,32.62431106260875,32.731601611954375,32.4262395927437,32.57479476928711,3814700
2021-03-17,32.51702070401143,32.55828532745604,32.23641685698351,32.525272369384766,4914800
2021-03-18,32.343704983350555,32.409730900993665,32.07135594379532,32.318946838378906,4147000
2021-03-19,32.327186756277904,32.44190407044899,31.840259957909257,31.8897762298584,5718700
2021-03-22,31.908123317159955,32.34156739397316,31.808098739348907,32.24154281616211,4371700
2021-03-23,32.30822921746581,32.56662952344444,32.174862035608164,32.34157180786133,4453800
2021-03-24,32.32489718004141,32.5332835789426,32.09567404908456,32.199867248535156,10398000
2021-03-25,32.199869030648046,32.51244864629966,31.858115444724582,32.474937438964844,5725300
2021-03-26,32.624977008808095,33.28347885111608,32.54162371371378,33.266807556152344,4550900
2021-03-29,33.150107263024054,33.34182236002734,32.79168241827584,33.1917839050293,5335600
2021-03-30,33.141766676957694,33.19178055014317,32.966722890393996,33.050079345703125,4534600
2021-03-31,33.0084125260501,33.255143279308236,32.73334406452422,32.916725158691406,5083900
2021-04-01,33.07508983368394,33.44184875488281,32.90004601991112,33.44184875488281,6082700
2021-04-05,33.650233173929166,33.650233173929166,33.29180833080643,33.61689376831055,5235600
2021-04-06,33.54187619963967,33.70024871826172,33.408509031398964,33.70024871826172,4270100
2021-04-07,33.71691893630491,33.820279044846345,33.437681933539515,33.74192428588867,3063200
2021-04-08,33.78359693914408,33.92530132274178,33.546036606978305,33.57521057128906,4042700
2021-04-09,33.633570569857085,33.666913163813085,33.47519801815324,33.62523651123047,1887000
2021-04-12,33.70024613407263,33.829444674101254,33.416840525827624,33.825279235839844,2946900
2021-04-13,33.825284227858354,34.05867599389624,33.741927754470304,34.025333404541016,7557800
2021-04-14,34.00865922525925,34.1837030349405,33.77526747901759,33.81694412231445,3027900
2021-04-15,34.00866671793318,34.467116254650804,33.92531341297535,34.45878219604492,3786400
2021-04-16,34.60881364403409,34.63381899448658,34.41709853787537,34.5087890625,3173700
2021-04-19,34.51712476671964,34.62965202885027,34.3129069755885,34.617149353027344,3291600
2021-04-20,34.550464463685834,35.10893846853017,34.50878782118945,35.000579833984375,5042100
2021-04-21,35.05892242826921,35.22562897285734,34.950560630508114,35.1589469909668,4182600
2021-04-22,35.117280591555755,35.317329775265534,34.950570818647975,35.00891876220703,4074600
2021-04-23,35.10059968713287,35.308986051288514,34.992237887449335,35.208961486816406,3551700
2021-04-26,35.350670951297005,35.484038128341886,35.192298422220055,35.28398895263672,2893600
2021-04-27,35.40068483508545,35.40068483508545,35.192298422220055,35.28398895263672,3715200
2021-04-28,35.34232800568196,35.40900998757251,35.13394164522328,35.1589469909668,2246200
2021-04-29,35.3506732157812,35.49237763906358,35.17562938089519,35.4173583984375,4261900
2021-04-30,35.29231675615609,35.68408416043232,35.25897417287221,35.65074157714844,4592300
2021-05-03,35.73409854253025,35.73409854253025,35.40901627128114,35.45903015136719,5074000
2021-05-04,35.38400632623173,35.60906398780746,35.02558151480263,35.24230194091797,4892400
2021-05-05,35.19229632526009,35.200630382199414,34.57547118085381,34.72550964355469,5972400
2021-05-06,34.74218487843253,34.93390000702712,34.600480456595534,34.8922233581543,4116400
2021-05-07,34.85887992081902,35.33400070182754,34.85887992081902,35.31732940673828,3863600
2021-05-10,35.49237548776882,35.79078307681222,35.39651633844181,35.475704193115234,3873100
2021-05-11,35.10060990707769,35.19063108739621,34.73801638317312,35.05893325805664,5546200
2021-05-12,34.91722604744816,35.00891657580735,34.192042237272084,34.20871353149414,5443800
2021-05-13,34.275392611382934,34.84053767242983,34.267058554843366,34.642154693603516,10719300
2021-05-14,34.81719331731141,35.10059889334289,34.692160229756176,34.96723175048828,3828600
2021-05-17,34.933899535823386,35.07143533700061,34.8588802969744,34.98391342163086,3583400
2021-05-18,34.96723723018665,35.258143819547755,34.738010926987954,35.05059051513672,4545500
2021-05-19,34.78385391429776,34.91722106933594,34.450437616564194,34.91722106933594,7500900
2021-05-20,34.85887781445877,35.48403703377077,34.79636125658273,35.350669860839844,5260700
2021-05-21,35.434017644856084,35.48403151932929,35.2339685064107,35.29231643676758,4565100
2021-05-24,35.49238045441459,35.83829953277869,35.434029325099495,35.675758361816406,9873000
2021-05-25,35.7591039825289,35.90830616273699,35.517375019253336,35.77577209472656,4333800
2021-05-26,35.84246337930566,36.09252644135595,35.750772847951545,35.859134674072266,4738200
2021-05-27,35.975827810349784,35.99249910384325,35.76243970524721,35.81745529174805,4288000
2021-05-28,36.03250587560769,36.18421049719307,35.96749006346022,36.05917739868164,3534100
2021-06-01,36.24255468532217,36.67599868774414,36.07584496443319,36.67599868774414,5512300
2021-06-02,36.7677020865578,37.19280900315976,36.65934025302217,37.18447494506836,4599000
2021-06-03,37.044435473439044,37.142793881798234,36.871890920010564,37.10945129394531,3447300
2021-06-04,37.23447908978894,37.28449296869517,36.95941070511472,37.142791748046875,3061300
2021-06-07,37.19280105742885,37.63458235528225,37.19280105742885,37.49287796020508,5659700
2021-06-08,37.56791042620042,37.816307364166036,37.51373109177478,37.69294357299805,5577200
2021-06-09,37.826305864369544,37.899655751343325,37.70127273381715,37.734615325927734,2401800
2021-06-10,37.75127927482622,38.18472334873313,37.65542013609555,38.118038177490234,3818400
2021-06-11,38.15971789704901,38.15971789704901,37.73461102512667,37.876312255859375,4478100
2021-06-14,37.88464265248883,38.10970031336187,37.82629472334289,38.0930290222168,2746000
2021-06-15,38.09302975671092,38.09302975671092,37.709599592152,37.74293899536133,2948300
2021-06-16,37.8262979074028,37.93049110103733,37.367848491355645,37.401187896728516,6093100
2021-06-17,37.3178385670923,37.5679016223616,37.234482095519695,37.54289627075195,4558600
2021-06-18,37.33449514237138,37.54704690670391,36.95106506347656,36.95106506347656,9034600
2021-06-21,37.114681905992455,37.77744162551199,36.97206053829587,37.685157775878906,4818200
2021-06-22,37.70192512835792,37.71031631222103,37.50896950339275,37.51736068725586,2428600
2021-06-23,37.50058560306808,37.6213937015192,37.352091715332456,37.3999137878418,5049300
2021-06-24,37.534145654244995,37.534145654244995,37.06433849458638,37.22373580932617,3267900
2021-06-25,37.29923188963028,37.50057868322839,37.16500176066444,37.4921875,3278500
2021-06-28,37.56770147865618,37.56770147865618,37.20695731740258,37.508975982666016,3260700
2021-06-29,37.46702362778458,37.733806952522976,37.41668612490785,37.483802795410156,2851400
2021-06-30,37.46702620157304,37.68514899509146,37.14822839538532,37.19017791748047,6087600
2021-07-01,37.181781613047555,37.626418323397075,37.051747073296006,37.34117889404297,6332000
2021-07-02,37.467023184974046,37.64823371277003,37.33279304585484,37.51736068725586,3992900
2021-07-06,37.500582863316495,37.88649412707242,37.257289727353346,37.852935791015625,5002400
2021-07-07,37.82777182068615,38.18851596288996,37.634816172579356,38.045894622802734,4634400
2021-07-08,37.810989912564466,38.113008540003754,37.727097271742046,38.01233673095703,5252900
2021-07-09,38.19690347909994,38.5408684476465,38.045894156294196,38.51570129394531,4090400
2021-07-12,38.49892026144521,38.89322271861005,38.465361924601574,38.85127639770508,3406600
2021-07-13,38.717047147953735,38.79255180745228,38.22207286908539,38.3479118347168,4764500
2021-07-14,38.38147210001109,38.796746147960164,38.26402111273655,38.68349075317383,3942900
2021-07-15,38.64993037480539,38.800939693419934,38.60378846076766,38.74221420288086,4138400
2021-07-16,38.868060280996964,39.04842916273798,38.742218102717686,38.78416442871094,4107200
2021-07-19,38.43180286110207,38.52408347754413,37.8613239942483,38.180118560791016,8124900
2021-07-20,38.37308672824197,38.993900046194035,38.31435803030635,38.86806106567383,4986200
2021-07-21,38.935166548000815,38.9855040500451,38.68768103028902,38.7505989074707,4280500
2021-07-22,38.61636536284881,38.61636536284881,38.27240046329945,38.47374725341797,4127600
2021-07-23,38.59960063106614,38.85967299882615,38.49054081258923,38.826114654541016,4995800
2021-07-26,38.73383080790682,38.842055348121434,38.49054081258923,38.826114654541016,3699600
2021-07-27,38.809331364131694,39.17007552616675,38.67090880916902,39.13652038574219,3937400
2021-07-28,39.161679802195856,39.17845896924208,38.77576856102939,38.901607513427734,6457100
2021-07-29,39.00229044435508,39.212025274620856,38.742218102717686,38.78416442871094,7659100
2021-07-30,38.86805352870592,39.37141575377816,38.817716026079104,38.90999984741211,4998700
2021-08-02,39.111341318259235,39.33785526724302,38.87643938611255,38.92677688598633,6819300
2021-08-03,39.03584794091261,39.149106548259404,38.832824126516655,39.086185455322266,6669700
2021-08-04,39.09455726435509,39.26234570932668,38.775762739237315,38.9603271484375,4374600
2021-08-05,39.17005790276215,39.287512042451425,38.93515602397976,39.27073287963867,5469000
2021-08-06,39.304304172725956,39.43853433014526,39.121416663343204,39.20363235473633,3452600
2021-08-09,39.20361935526753,39.20361935526753,38.93515912944724,39.027442932128906,3556200
2021-08-10,39.0777781595094,39.09455412238974,38.5828040467876,38.60797119140625,6752900
2021-08-11,38.7925399164156,38.90159967980634,38.63313946172442,38.81770706176758,4074400
2021-08-12,38.901612565566204,38.9603380577052,38.683489766235546,38.95195007324219,3733000
2021-08-13,39.07778692409057,39.22879302596912,38.91419084648264,39.21201705932617,4763300
2021-08-16,39.15328466365356,39.413356926151806,39.094559185073074,39.25395965576172,4879200
2021-08-17,39.11973678282306,39.3420551644056,38.985506635435534,39.329471588134766,4916800
2021-08-18,39.237182307847156,39.253961473975714,38.86805025391499,38.91838455200195,5431500
2021-08-19,38.80092688257517,39.30428897822985,38.69186392174066,39.24556350708008,5385100
2021-08-20,39.22879843291717,39.62897345887378,38.95195014096618,39.430145263671875,4420700
2021-08-23,39.54758928854994,39.56436845485163,39.195236397110584,39.27912902832031,4653700
2021-08-24,39.37980338303947,39.37980338303947,38.884829146042925,38.985504150390625,4291800
2021-08-25,38.98550344242644,39.14070513745425,38.80932378816681,38.94355392456055,4543600
2021-08-26,38.98551009646412,39.09037750842982,38.82191718982158,38.96873092651367,2861300
2021-08-27,39.12811707869934,39.396577320725186,39.04422445317822,39.28751754760742,2530500
2021-08-30,39.3210841760083,39.778307759606946,39.23719152595506,39.765724182128906,6169800
2021-08-31,39.631489695298946,40.05095930037057,39.530814685866396,40.0006217956543,4855300
2021-09-01,40.05935218653728,40.73050299672303,40.05096420154099,40.68855667114258,9196200
2021-09-02,40.755665107553405,40.88150405883789,40.38652983640165,40.88150405883789,6576100
2021-09-03,40.755665107553405,40.94442513462957,40.39911341150022,40.88150405883789,5537900
2021-09-07,40.73049686012207,40.77244317938273,40.04592409696261,40.4284782409668,7162300
2021-09-08,40.27746577764249,40.79761033670409,40.19357314568998,40.67176818847656,6704200
2021-09-09,40.44526305582402,40.487209380941366,39.799279408058574,39.80767059326172,4573200
2021-09-10,39.84960626786129,39.86638543348359,39.28751862085795,39.30429458618164,6203600
2021-09-13,39.70699425510039,39.85380797645653,39.35547660191157,39.52242660522461,5495200
2021-09-14,39.706993453707774,39.75732775698594,39.23718635455097,39.43852996826172,5234500
2021-09-15,39.522428912506236,39.79927720318294,39.28752694462306,39.589542388916016,4885700
2021-09-16,39.58953822399249,39.831992872693114,39.30429877858545,39.665042877197266,4685700
2021-09-17,39.446915893821895,39.70698816051965,39.23969655870002,39.30429458618164,8711800
2021-09-20,38.86646207955864,39.32624716900608,38.5711896134757,39.03519058227539,13017800
2021-09-21,39.195472546834054,39.50762133679724,39.02674408003219,39.043617248535156,6982600
2021-09-22,39.313580408700325,39.5919828538719,39.10267063565316,39.37263488769531,6432400
2021-09-23,39.46543774620449,39.583546710309946,39.119545829226574,39.1786003112793,4571500
2021-09-24,39.10267207100764,39.246092395422714,38.621798028266724,38.73147201538086,5211600
2021-09-27,38.69772714639139,38.925510104473744,38.05234370760536,38.090309143066406,6701100
2021-09-28,37.85408393238957,38.031250581831465,37.567246521659406,37.86252212524414,12068800
2021-09-29,38.00594194047117,38.28434439649154,37.96376062786356,38.107177734375,5975800
2021-09-30,38.28433652717438,38.296990596532844,37.499752044677734,37.499752044677734,6342800
2021-10-01,37.74441097848882,38.17466546047632,37.45757358442134,37.904701232910156,8294700
2021-10-04,37.82877900578841,38.09874327198448,37.66848872843072,37.9468879699707,10456400
2021-10-05,38.01438022492623,38.01438022492623,37.48288667376008,37.651615142822266,5480300
2021-10-06,37.50819598574225,38.04812452897231,37.07794143355204,38.014381408691406,8996300
2021-10-07,38.216846956875294,38.57117701870277,38.00593720190553,38.056556701660156,7269800
2021-10-08,38.05656547826353,38.10718177146382,37.58412635961549,37.64318084716797,5464400
2021-10-11,37.6263015795205,37.8591467888406,37.40695683533057,37.69379425048828,4151900
2021-10-12,37.75285394629095,38.36871017196486,37.676926290072075,38.199981689453125,5663300
2021-10-13,38.13248934907607,38.461508095113544,37.83974646775684,38.41932678222656,9279200
2021-10-14,38.65554083231604,39.005651808799264,38.5627400223347,38.959251403808594,4392500
2021-10-15,39.21234554607801,39.313581338431014,38.739906484717615,38.97612762451172,5210100
2021-10-18,38.83270746958978,39.203910740199454,38.74834484530276,39.043617248535156,4251300
2021-10-19,39.24608755968873,39.39794284060415,39.15328675265958,39.22077941894531,3509700
2021-10-20,39.296719175609326,39.82820960445826,39.23766146528655,39.81977462768555,5596400
2021-10-21,39.802887239777164,39.98005065278385,39.67212422801898,39.94630432128906,5528800
2021-10-22,40.06442522433934,40.32173220801129,39.99693254662157,40.233150482177734,5378000
2021-10-25,40.26688768152308,40.44827018893555,39.950523067540445,40.351253509521484,4933100
2021-10-26,40.401875479395734,40.67943474800268,40.35125919369379,40.53685760498047,9546200
2021-10-27,40.73933196398609,40.76464010656466,40.24158477783203,40.24158477783203,7158300
2021-10-28,40.23314803235176,40.83213424682617,40.217964433549405,40.83213424682617,6690300
2021-10-29,40.680272275391225,40.7983812166005,40.165651987356014,40.34281539916992,7925200
2021-11-01,40.444058144102094,40.515769914959975,39.77336659027786,40.43562316894531,6766900
2021-11-02,40.63809517840367,40.95699259617133,40.427185396780494,40.81526184082031,6617300
2021-11-03,40.8658701089674,41.135834319007344,40.62965222973925,41.05147171020508,4814500
2021-11-04,40.98398620254606,41.08522198647602,40.41874637096309,40.58747482299805,4620600
2021-11-05,40.983993214754605,41.211772963012386,40.6111035615978,40.68028259277344,5731400
2021-11-08,40.79838399478444,40.84900027690527,40.30063683848871,40.671836853027344,5791700
2021-11-09,40.75620287256635,40.89961996353191,40.66340206395215,40.823692321777344,4410400
2021-11-10,40.69714727466918,40.967111500518776,40.617000538854406,40.621219635009766,5063100
2021-11-11,40.6718383758447,40.6718383758447,40.33438468223682,40.638092041015625,4191900
2021-11-12,40.77308426827088,40.78995422030769,40.50311676225936,40.654972076416016,3902800
2021-11-15,40.67184168235707,40.88275146484375,40.50311321272215,40.88275146484375,3591500
2021-11-16,40.908060185011976,40.98398783053237,40.549511003359896,40.62965774536133,4936700
2021-11-17,40.54528942433101,40.95023573742733,40.03910411929019,40.89961624145508,15340000
2021-11-18,40.94180204380413,40.98398657086264,40.70558413976887,40.89118576049805,5484700
2021-11-19,40.933366110819165,40.99242058544514,40.57060107055817,40.671836853027344,5099600
2021-11-22,40.68027775243464,40.84900299503456,40.368128973523824,40.46936798095703,5416900
2021-11-23,40.59590570207603,41.013509302835836,40.40608822407774,40.89961624145508,9784700
2021-11-24,40.891184969592736,41.502821981380045,40.78151099417154,41.4479866027832,5086700
2021-11-26,40.891178920581154,40.992414688487074,40.26688471233609,40.3259391784668,6829200
2021-11-29,40.638094419316836,41.13584162337912,40.333540648850146,40.83213424682617,7173400
2021-11-30,40.646532429547996,40.747768221276324,39.96318359436929,39.98005676269531,11022100
2021-12-01,40.41031380780927,40.85744149688818,39.43169258948616,39.457000732421875,12299600
2021-12-02,39.72696485147206,40.78151371329896,39.634164036714864,40.53685760498047,10097200
2021-12-03,40.58747599445641,40.78151259351736,39.9884930297603,40.33438491821289,11826500
2021-12-06,40.629658854639125,41.25395320354332,40.612785686481956,40.91649627685547,8711100
2021-12-07,41.237074849040155,41.70529474727381,41.13583585282987,41.64202117919922,7763600
2021-12-08,41.64201993885936,41.92885731645678,41.49859964094702,41.819183349609375,6931400
2021-12-09,41.72638570604317,41.734823898561615,41.24973081203115,41.28769302368164,3572400
2021-12-10,41.45643394429406,41.532361608662775,41.23877549796466,41.49861526489258,3683700
2021-12-13,41.380490324360224,42.2452215452333,41.321435854646936,42.05540084838867,5105600
2021-12-14,41.96260334910431,42.05540093153206,41.27925463192172,41.591400146484375,8920600
2021-12-15,41.726386136602734,42.2663146071644,41.68420482825776,42.20726013183594,8196000
2021-12-16,42.300064851461585,42.64595676102954,42.10180914386267,42.367557525634766,7161500
2021-12-17,42.32536831969072,42.72609878731465,42.16507806357764,42.2241325378418,8626500
2021-12-20,41.73488528404133,42.11777479497162,41.49664436425765,41.947601318359375,9760200
2021-12-21,42.23689801034571,42.44961405854108,42.011419518584916,42.185848236083984,6024000
2021-12-22,42.31347779084818,42.628296647294114,42.266679998510206,42.6027717590332,4530000
2021-12-23,42.68785566948192,42.7048733431016,42.22839146490793,42.47513961791992,5264600
2021-12-27,42.594251983712546,43.34300994873047,42.50916363828653,43.34300994873047,5183100
2021-12-28,43.34301744113931,43.547226259673415,43.19837209759399,43.530208587646484,5592700
2021-12-29,43.61530330145443,43.92161497377839,43.41109768376498,43.79398727416992,4404700
2021-12-30,43.836525423168474,44.13432660470102,43.768454726938494,43.989681243896484,3665900
2021-12-31,44.00669693439626,44.38958322316862,43.95564391452494,44.083274841308594,3979100
2022-01-03,44.227917839689155,44.227917839689155,43.011181853444015,43.67485809326172,8441200
2022-01-04,43.79398222614479,43.981170146485134,43.46214570130707,43.50468826293945,7440700
2022-01-05,43.360036598411305,43.360036598411305,42.06672269216525,42.09225082397461,14980800
2022-01-06,42.12627761761946,42.266670964626364,41.590235603974705,42.14329528808594,9807100
2022-01-07,42.00716229588086,42.20201026468271,41.72637881339445,41.92207717895508,6141100
2022-01-10,41.564710243822915,41.675323486328125,41.054193078980205,41.675323486328125,6870600
2022-01-11,41.590251610093596,41.679591980083934,40.990390666999886,41.607269287109375,7442400
2022-01-12,41.55620578271044,41.9901450769827,41.55620578271044,41.71786880493164,4686800
2022-01-13,41.86252089765817,41.947606022611694,41.50175464476051,41.57322692871094,5481200
2022-01-14,41.33498151284701,41.38603128398356,40.61174504578445,41.08823013305664,5737300
2022-01-18,40.83298129297237,40.94359132071353,40.39903865992972,40.80745315551758,8948300
2022-01-19,41.0201619806209,41.266913375671045,40.279911041259766,40.279911041259766,7152500
2022-01-20,40.35648508672855,40.89338078276007,39.880000015584656,39.922542572021484,7586800
2022-01-21,40.11824492348374,40.38626595525266,39.79917087556353,39.89701843261719,10920600
2022-01-24,39.53966308116603,40.06294278183991,38.589247212262926,39.982112884521484,19972200
2022-01-25,39.505630011142905,40.160795916654024,39.131250884760725,39.87150192260742,10908900
2022-01-26,40.075695554460026,40.560687804480196,38.92277515339182,39.20781707763672,12858500
2022-01-27,39.50562211348629,39.74811826253346,38.34844636863345,38.50160217285156,8783800
2022-01-28,38.58669560483754,39.837467193603516,38.118720878102785,39.837467193603516,6455400
2022-01-31,39.624745222914186,40.33947127512852,39.49711429560154,40.279911041259766,4557200
2022-02-01,40.279917162195105,40.33947740511463,39.74387173012958,40.00764083862305,8057400
2022-02-02,40.228852906061796,40.786171088955186,40.19482080945636,40.69683074951172,6716600
2022-02-03,40.45859174286602,40.5947298839645,40.22885802117684,40.279911041259766,4484000
2022-02-04,39.99060999453981,40.24586855811317,39.429039856362934,39.72684097290039,5447900
2022-02-07,39.726848732166246,39.99912501926275,39.616238722013485,39.73535919189453,5403300
2022-02-08,39.62474209824847,39.748117786044574,39.2929056083502,39.37799072265625,4876000
2022-02-09,39.84597081538285,40.3522327916362,39.82895314241284,40.330963134765625,4927400
2022-02-10,39.67580728489106,40.173562172425164,38.95682583903732,39.18230438232422,8187100
2022-02-11,39.32694177562317,39.4205373507925,38.40800694209423,38.64624786376953,9040100
2022-02-14,38.68028513566765,38.875983509049554,38.0591546690757,38.22932815551758,6979200
2022-02-15,38.586689405026576,38.74835567711969,38.280381025575494,38.41651916503906,5395100
2022-02-16,38.47607698003037,38.612215110937875,38.11020514463101,38.518619537353516,5675200
2022-02-17,38.41652037779396,38.56116573550745,38.09744629906075,38.18678665161133,5008400
2022-02-18,38.06766602746665,38.45055232376529,37.89834293381934,38.0166130065918,6226000
2022-02-22,37.94854473791335,38.17827847785164,37.684778894339054,37.914512634277344,6832300
2022-02-23,38.24635231793191,38.4590684006281,37.369959850086545,37.42101287841797,5917600
2022-02-24,36.7232944486005,38.182526510823415,36.587156322348896,38.06766128540039,11608800
2022-02-25,38.22081551589393,39.05040999780697,38.0421348259271,39.0206298828125,6193400
2022-02-28,38.51862702991194,38.739850318497595,37.94003904956213,38.348453521728516,8591800
2022-03-01,38.5356387184185,38.74835475915281,38.059153618689514,38.27186965942383,9027900
2022-03-02,38.40800035593772,39.126981473003845,38.39268672547834,38.952552795410156,5481500
2022-03-03,39.17378515000612,39.52689454137542,38.858963086337816,39.37799072265625,5774900
2022-03-04,39.080193538210445,39.74386658528105,38.99510841527963,39.70983123779297,6193600
2022-03-07,39.63325372645354,39.75237418831204,38.986595153808594,38.986595153808594,7882200
2022-03-08,38.9951134211836,39.40352790610162,38.603713366404435,38.63774871826172,10469300
2022-03-09,39.30142243081858,39.658787139016994,39.18230194334907,39.28440475463867,6229300
2022-03-10,38.90151217578967,39.480100090160896,38.68879612626465,39.42053985595703,5638500
2022-03-11,39.61623111148803,39.888507346278566,39.016370401666265,39.02913284301758,4363500
2022-03-14,39.32694270156434,39.34396037434027,38.6377415601906,38.790897369384766,4846100
2022-03-15,39.241859112629214,39.40352540077748,38.748359525235095,39.09721374511719,4988500
2022-03-16,39.40351933017108,39.70897729610825,38.7143182111155,39.53114700317383,6868200
2022-03-17,39.4120330736027,40.109741521480075,39.3694905088862,40.09272384643555,4499700
2022-03-18,40.237370466450024,40.36499815427173,39.93105882241476,40.186317443847656,4727800
2022-03-21,40.176898995442606,40.40794864281252,39.783260306315206,39.980079650878906,3979300
2022-03-22,40.12555153823936,40.27958462879692,39.94584735404926,40.0057487487793,2853300
2022-03-23,39.894505005934214,40.048538108474546,39.50429064196264,39.55221176147461,3976800
2022-03-24,39.61212185250379,39.860286712646484,39.44097356053014,39.860286712646484,3758900
2022-03-25,40.01431099344152,40.35660752956006,39.87739303187044,40.330936431884766,4003200
2022-03-28,40.35660896557164,40.87005052363758,40.35660896557164,40.84437942504883,3705400
2022-03-29,41.15244717224384,42.10231702738446,41.15244717224384,42.042415618896484,5108100
2022-03-30,41.879820569315,41.92261008493204,41.58031354628608,41.811363220214844,3881400
2022-03-31,42.01673687069891,42.11942778686168,41.32359114069893,41.34926223754883,5624200
2022-04-01,41.54608413078509,42.19644691528756,41.332149605637504,42.170772552490234,6746700
2022-04-04,42.15365922644161,42.29913640732807,41.670168353822426,42.042415618896484,5056000
2022-04-05,41.87982930392102,42.62432394109319,41.87982930392102,42.0766487121582,5239100
2022-04-06,41.896936196681224,42.7526742885957,41.7172319808308,42.701332092285156,6810900
2022-04-07,42.4617303757468,42.538746947597375,42.05097641400449,42.350486755371094,6015900
2022-04-08,42.350471518870165,42.64142254514281,42.14509297969724,42.50450134277344,5033700
2022-04-11,42.41037783661266,42.6071971912979,41.80280135589217,41.922607421875,5041300
2022-04-12,41.837036741995476,42.15365893673904,41.61454626405236,41.79425048828125,6728900
2022-04-13,41.85415001494174,42.021018681993525,41.605985184419986,41.965396881103516,8415000
2022-04-14,42.05952487070153,42.256344223023326,41.70353754200008,41.72578430175781,5098900
2022-04-18,41.648767561874614,41.905491577502104,41.400606018819616,41.62309646606445,5247900
2022-04-19,41.85414529388894,42.607195645117294,41.84558935024855,42.495948791503906,5908900
2022-04-20,42.61574904145794,43.42014479959111,42.53873249577245,43.30033874511719,6241800
2022-04-21,43.47149208512243,43.616969250424866,42.99228086855343,43.01795196533203,6083100
2022-04-22,42.95805551729546,42.95805551729546,42.21356424542511,42.2477912902832,8511100
2022-04-25,42.19644916720593,42.316251985381065,41.366382120732524,42.05097198486328,8143800
2022-04-26,41.97395774428822,42.25635291508695,41.383499565866536,41.39205551147461,8830300
2022-04-27,41.47763157103367,41.811368946510704,41.101104674079345,41.14389419555664,13001300
2022-04-28,41.44338683662594,42.021009267343494,40.88715589482027,41.89692687988281,9532500
2022-04-29,41.60598306751853,41.64876931713249,39.78326337178748,39.87739181518555,11520500
2022-05-02,39.9886385773865,40.125556534443554,38.04440228142378,38.841949462890625,17231300
2022-05-03,39.03877467107942,39.58644658136198,38.69648135934386,39.3126106262207,13431300
2022-05-04,39.304041168034026,39.834597740666794,38.64084300395735,39.774696350097656,14707100
2022-05-05,39.55221873721666,39.86028499663031,38.473986829268874,38.75638198852539,13591600
2022-05-06,38.42263714658055,38.57667024629117,37.9348667522907,38.362735748291016,16154900
2022-05-09,38.01187839955552,38.01187839955552,36.454435582386466,36.574241638183594,18005000
2022-05-10,37.01923598023721,37.284516018085604,35.53025322426863,35.76130294799805,27771000
2022-05-11,35.863990270428644,36.51434991032953,35.65005570587959,35.709957122802734,25360800
2022-05-12,35.692828456039095,35.975223541259766,35.40187742780317,35.975223541259766,20802700
2022-05-13,36.37742672293667,36.89942750816771,36.043689372217,36.873756408691406,8949200
2022-05-16,36.76250176853089,36.916534861603104,36.53573173272492,36.574241638183594,7445500
2022-05-17,37.01067031294028,37.053456562159845,36.44588333584986,36.9678840637207,7254800
2022-05-18,36.9079904557167,36.95077671397135,35.76985705272587,35.8896598815918,9546400
2022-05-19,35.64148949604783,36.24050349278293,35.590144040164205,35.82119369506836,8204600
2022-05-20,36.20628579952406,36.308973473417645,35.675725744912256,36.24051284790039,9859500
2022-05-23,36.52290295222819,36.796738887449365,36.03513248859162,36.71116638183594,8100200
2022-05-24,36.48011180569028,37.198931855313084,36.06079874991805,37.13903045654297,9706200
2022-05-25,36.97644607774471,37.472775790435996,36.84808730901504,37.34441375732422,7668000
2022-05-26,37.57545254639446,37.751735657607206,37.22460012407611,37.30161666870117,7131100
2022-05-27,37.50700053552206,38.37129453515821,37.50700053552206,38.35417938232422,4540800
2022-05-31,37.95197998169993,38.12312823902923,37.626801883593906,37.840736389160156,15462000
2022-06-01,37.98621671100737,38.011887811415235,37.01923166826585,37.429988861083984,9317800
2022-06-02,37.25027186948468,38.01187812167339,36.715435651444146,37.99476623535156,8401500
2022-06-03,37.65247046459341,37.917750408953026,37.42998002999403,37.51555252075195,6905100
2022-06-06,37.78083513959587,37.840736540243064,37.301620670036826,37.4043083190918,7605400
2022-06-07,37.22460396852728,37.86640748522603,36.96788321472408,37.840736389160156,4812800
2022-06-08,37.62681156613139,37.686712981953896,36.848089896056436,36.93366241455078,5418800
2022-06-09,36.80529164134865,37.08768676127745,36.07791561355035,36.08647155761719,5533800
2022-06-10,35.60726262954106,35.70995028684002,35.21362388957691,35.230735778808594,8566800
2022-06-13,34.31509463646642,34.45201259443866,33.39089923624918,33.536373138427734,13192800
2022-06-14,33.6476245216563,33.716085142034366,33.057166360614694,33.29677200317383,9800800
2022-06-15,33.63049972135709,34.53758309492328,33.51925287733927,34.05836868286133,9429200
2022-06-16,33.31389062016811,33.63907207199191,33.08284089895508,33.24542999267578,8398000
2022-06-17,33.39945215839648,33.921452846053086,33.1547116979087,33.44224166870117,14302000
2022-06-21,33.797640966311796,34.349720328780286,33.76313518349438,34.06505584716797,6031800
2022-06-22,33.745888642136094,35.09589885569266,33.71138614347881,34.61714172363281,5776400
2022-06-23,34.78103704359375,35.41506689600427,34.74653125650882,35.29861068725586,7414500
2022-06-24,35.54877586396825,36.08360573931261,35.45388658638609,36.06635284423828,6781800
2022-06-27,35.997334159109315,36.3768879038718,35.77305314871617,35.93695068359375,4743000
2022-06-28,36.11810549780847,36.385520415186555,35.384875611387265,35.44525909423828,3487300
2022-06-29,35.151962401456,35.298607045458006,34.737902871114706,35.22097396850586,4473000
2022-06-30,35.065713826265075,35.67817689584647,34.78967404023813,35.246864318847656,4305200
2022-07-01,35.177840523595705,35.98008190176313,35.12608513832856,35.87656784057617,4894100
2022-07-05,35.5228951065402,35.729923248291016,34.862987557398355,35.729923248291016,4563400
2022-07-06,35.876577647676626,36.1957480097978,35.60916268497027,35.70405197143555,5866400
2022-07-07,35.87657119846308,36.092227432334425,35.60915628382754,35.729923248291016,3019300
2022-07-08,35.59189483971771,35.8032402674086,35.38486674770288,35.566017150878906,3067500
2022-07-11,35.462503104871494,35.66953119688632,35.22096923397013,35.566017150878906,3716600
2022-07-12,35.36762879840298,35.734243804645956,35.091589032009196,35.34175109863281,3978300
2022-07-13,34.92769264051458,35.44526639749529,34.712036359997,35.151973724365234,5314500
2022-07-14,34.53949608496308,34.96218037343284,34.49636550521242,34.806907653808594,4305800
2022-07-15,35.23822351808804,35.57896072593008,35.04844829028369,35.367618560791016,3126600
2022-07-18,35.617781004180216,35.62640580483129,34.89317599534133,35.02256774902344,4191200
2022-07-19,35.35899652114921,36.049095791259894,35.28998494881169,35.988712310791016,3414900
2022-07-20,35.8938206119202,36.31650494656047,35.695417290873365,35.80755615234375,3630300
2022-07-21,35.8679512451546,36.18712159304262,35.566030502533245,36.17849349975586,5243600
2022-07-22,36.37688101202602,36.670173533529336,36.17847773139906,36.45451736450195,3791600
2022-07-25,36.45453435424972,36.70469641666677,36.28632272726498,36.48041534423828,3131300
2022-07-26,36.514913093750124,36.78663874887379,36.41139573790537,36.549415588378906,3006400
2022-07-27,36.60117714486069,36.82545818552433,36.31650932987867,36.74782180786133,5156000
2022-07-28,37.13600331461292,38.153901015445584,36.98935865311902,38.102142333984375,5375700
2022-07-29,38.11077087941533,38.4213163905694,37.94687332215204,38.2487907409668,3523300
2022-08-01,38.07626941308103,38.16253389300002,37.75709906401436,37.903743743896484,4102700
2022-08-02,37.93824218924823,38.01587856081458,37.377537986293795,37.40341567993164,3477300
2022-08-03,37.63632931301579,37.92099384916558,37.550064839445255,37.558692932128906,3208100
2022-08-04,37.63631982008188,37.7441479168579,37.36028015558748,37.59318923950195,3236400
2022-08-05,37.31715636540112,37.74846886902211,37.179136495868526,37.713966369628906,3320200
2022-08-08,38.067641874184076,38.39543700235461,37.79160213959141,37.99000549316406,4055100
2022-08-09,38.128018359563555,38.29191589355469,37.903734059730844,38.29191589355469,2368400
2022-08-10,38.723233364116055,38.87850611790765,38.49032423342865,38.80949783325195,3617200
2022-08-11,39.007898733931874,39.08553510596673,38.50326067037894,38.62834167480469,2815500
2022-08-12,38.86987602336471,39.30895108778946,38.80949254851858,39.283935546875,2392600
2022-08-15,39.2494314441631,39.56429096847051,39.15454218229915,39.45646286010742,3296500
2022-08-16,39.266695072831666,39.52116789863419,39.189058681956496,39.30120086669922,3279000
2022-08-17,38.93889813186059,39.42283154417797,38.913020430776946,39.18906021118164,3331300
2022-08-18,39.258061707166604,39.31844848365243,38.697357440055875,38.92163848876953,1654800
2022-08-19,38.8353802039967,38.88713889170939,38.417006527616046,38.54208755493164,3202300
2022-08-22,38.248786445800214,38.274664138606084,37.705331862308086,37.739837646484375,3430400
2022-08-23,37.6449485407804,37.70533201801191,37.03248567705923,37.17050552368164,2800000
2022-08-24,37.239518004912014,37.66651973008427,37.17050971913816,37.463802337646484,3277100
2022-08-25,37.63633177069376,38.05039139891114,37.48105899878057,38.04176330566406,1713900
2022-08-26,38.06763480345675,38.06763480345675,37.058362037660096,37.07561492919922,2725600
2022-08-29,36.868585168360106,37.127371948604484,36.66155376977313,36.75644302368164,2492900
2022-08-30,36.82545752181198,36.885841004389,36.118105333921406,36.230247497558594,3539400
2022-08-31,36.42865521916208,36.62705858443592,36.0145955928532,36.10085678100586,4646700
2022-09-01,35.82481272255314,36.23887229907545,35.57465399072819,36.230247497558594,5343200
2022-09-02,36.53216209953426,36.61411251557739,35.52720662216821,35.609153747558594,3911300
2022-09-06,35.70404754874243,36.16123773709319,35.591905379478845,35.98008728027344,6399500
2022-09-07,35.988717624939454,36.730575683847164,35.967150682736154,36.670188903808594,4618500
2022-09-08,36.45453091077572,36.87721860702435,36.351016832559964,36.773704528808594,4505200
2022-09-09,36.91171653844676,37.26107853470693,36.678807444055806,37.12737274169922,2909100
2022-09-12,37.2653901923243,37.50261002631031,37.18775383250197,37.43791580200195,2802400
2022-09-13,36.713322491240746,36.84875262034346,35.885199960871894,36.01459503173828,4139500
2022-09-14,35.88519583670197,35.962832212168635,35.3244916055787,35.57465362548828,4143900
2022-09-15,35.531516241221716,35.6108802016672,34.7551558537956,34.79828643798828,6227200
2022-09-16,34.530867994621566,34.83278863418084,34.3885374105096,34.806907653808594,6045400
2022-09-19,34.48831392890107,34.740753173828125,34.183648164753095,34.740753173828125,4129400
2022-09-20,34.41868435927245,34.43609430937031,33.661366472753436,33.826759338378906,6259200
2022-09-21,34.09660331665643,34.309872702722465,33.31317553063247,33.33058547973633,9215800
2022-09-22,33.21742517886347,33.23483512938665,32.882292762965825,33.017215728759766,6380200
2022-09-23,32.67772542467689,32.860524898690564,32.22072341903466,32.60808563232422,7329900
2022-09-26,32.41659052315369,32.44270379116741,31.38507326869659,31.728912353515625,10027200
2022-09-27,32.02487621426151,32.25555227947368,31.251891571485693,31.311084747314453,10794400
2022-09-28,31.54610425617361,32.033569503094334,31.267548417151552,31.902999877929688,7304200
2022-09-29,31.624454570817385,31.624454570817385,30.832316722724688,31.015119552612305,7684000
2022-09-30,31.15439106454154,31.57221987334561,31.093457904128954,31.34589385986328,7700800
2022-10-03,31.842076481349377,32.12062908513713,31.328494495501516,31.929122924804688,11620000
2022-10-04,32.28601469337908,32.72995681348907,32.19026162496494,32.43399429321289,8889900
2022-10-05,32.00746833603099,32.059698198196386,31.319790093594683,31.833372116088867,7074300
2022-10-06,31.72891102013536,31.842074044453998,30.74527034544598,30.788793563842773,8933000
2022-10-07,30.49283121986471,30.693040682224254,29.887849514736665,30.057592391967773,6487600
2022-10-10,30.135930305561455,30.397072893045816,29.67457829031881,29.718101501464844,7805100
2022-10-11,29.63105743047892,30.23168576141528,29.3437982370256,29.99665641784668,8847600
2022-10-12,29.944431466326506,29.970544732340546,29.44825948840812,29.59623908996582,8899300
2022-10-13,28.978194282821594,30.30132036764272,28.83456471071291,30.153337478637695,14575700
2022-10-14,30.527648717932763,30.597288518801918,29.33509535322048,29.396028518676758,9011700
2022-10-17,29.927016194222535,30.61034087182855,29.874786350872668,30.49282455444336,7687600
2022-10-18,31.058646719974316,31.306732748570433,30.605997886628764,30.89325714111328,7743400
2022-10-19,30.614692655352457,30.701742399350145,29.94442788991536,30.118520736694336,7615200
2022-10-20,30.127231052797402,30.43189689249747,29.879145063153455,29.970544815063477,7603500
2022-10-21,30.03147141914668,30.188157622634336,29.56141280868371,30.17945098876953,9826900
2022-10-24,30.46671415313174,30.592933795953424,29.92701900361802,30.16204833984375,6076300
2022-10-25,30.205570836917264,31.38942080438179,30.188160887912407,31.35460090637207,7176700
2022-10-26,31.37201185967395,31.589631248288878,31.09345930789551,31.293668746948242,8945000
2022-10-27,31.450361050118534,31.676683796946804,31.176158442285285,31.311084747314453,8435500
2022-10-28,31.224029084500064,32.13802985653629,31.041229594214492,32.05098342895508,5460300
2022-10-31,31.755021597053,32.181557070670266,31.61574531761626,31.972640991210938,7154700
2022-11-01,32.29471383858604,32.46881000225931,31.82900851010973,31.920408248901367,6000900
2022-11-02,31.746319793111326,32.16414865130536,31.028175094093083,31.084754943847656,13999400
2022-11-03,30.841023841739943,31.319785891895645,30.492831448567383,31.067346572875977,10969400
2022-11-04,31.34590011510098,31.654922616785235,30.867138050344863,31.502586364746094,7524100
2022-11-07,31.702795919279417,31.82466558535759,31.302376978277742,31.49388313293457,6479800
2022-11-08,31.5809288536642,32.00746437368926,31.480825781000885,31.685388565063477,6225500
2022-11-09,31.596593220464154,31.981345452029323,31.276257467479205,31.337190628051758,7752900
2022-11-10,32.50798475289319,33.826757693032526,32.373058476349726,33.739707946777344,11979200
2022-11-11,33.844171636382505,34.12272421605572,33.63090222334467,33.72230529785156,7291400
2022-11-14,33.53080226181769,33.57432548381135,32.825714111328125,32.825714111328125,6304100
2022-11-15,33.304461594818896,33.44373783650954,32.86051961211982,33.234825134277344,9588700
2022-11-16,33.19131158368355,33.34799781622718,32.91275901929677,32.99980545043945,7771200
2022-11-17,32.54019261839007,32.80829854211111,32.42964292291669,32.70384216308594,4402600
2022-11-18,33.13907971857924,33.252242728673956,32.790887373953176,33.12166976928711,5865600
2022-11-21,33.067701700524495,33.400224112482974,32.93016873875639,33.3567008972168,4836700
2022-11-22,33.48727052079563,33.53949704565821,33.26878114624658,33.52208709716797,5547200
2022-11-23,33.469865361546105,33.71359803406913,33.26965590617239,33.57432174682617,3604500
2022-11-25,33.67878685262257,33.80935985848865,33.58303707834485,33.774539947509766,2254100
2022-11-28,33.57432548381135,33.722308423320555,32.75172430187801,32.825714111328125,7298200
2022-11-29,32.893605842219735,33.417634391231154,32.7734828294989,33.37411117553711,4954300
2022-11-30,33.287061847120015,34.18365263069783,33.08684909525696,34.15753936767578,8120200
2022-12-01,34.497023735834695,34.67982321113891,33.809345724233424,34.08789825439453,9814100
2022-12-02,33.670068975225774,34.09660107813855,33.50467945050973,33.922508239746094,5460800
2022-12-05,33.609138355976,33.79193784245872,33.278355960953725,33.34799575805664,7165500
2022-12-06,33.41763394305052,33.47856710832667,32.93887193561994,33.095558166503906,5249500
2022-12-07,32.99110260034989,33.517741153581994,32.93887274856336,33.16519546508789,6159800
2022-12-08,33.27835116234748,33.67441997989011,33.18259811544232,33.4089241027832,4461000
2022-12-09,33.31317735411545,33.70053961120681,33.217424289107086,33.339290618896484,6077000
2022-12-12,33.374110965093124,33.63525357821923,33.060738501098406,33.61784362792969,4945000
2022-12-13,34.66240805597743,34.81909424573183,33.939913577094444,34.35774230957031,10763800
2022-12-14,34.314218100466,34.740753494822,33.89203934356237,34.02696228027344,10786500
2022-12-15,33.5917268806448,33.9399192091246,33.42633735095137,33.635250091552734,6033200
2022-12-16,33.182609063719084,33.200019016228616,32.31561468064164,32.642913818359375,8016200
2022-12-19,32.57335827462406,32.61737565468436,32.06274726265427,32.25642776489258,4543900
2022-12-20,32.097962705008385,32.3796779690786,31.79863981714493,32.18600082397461,4333900
2022-12-21,32.4747590057019,32.846272149799766,32.36207088321418,32.51173400878906,4082400
2022-12-22,32.22121977085346,32.42370580967205,31.776639766360752,32.353275299072266,4206200
2022-12-23,32.24763180048585,32.66139928217051,32.1111735303933,32.643795013427734,3935100
2022-12-27,32.661399438250776,32.73887232599739,32.32686459755584,32.61738204956055,4259700
2022-12-28,32.696614949337025,32.872687863792365,32.067156547019465,32.09796905517578,4730900
2022-12-29,32.327739996782654,32.894693422177006,32.23882199579838,32.811058044433594,4143200
2022-12-30,32.60857426210618,32.73182427239673,32.15958824369243,32.51173400878906,5087800
2023-01-03,32.775844524155005,33.066365309551855,32.230021562928705,32.634986877441406,7060300
2023-01-04,32.925504547388535,33.68261222789122,32.81105667079068,33.3832893371582,7586900
2023-01-05,33.119183945637694,33.119183945637694,32.35327072193532,32.40609359741211,6581100
2023-01-06,32.67020496300291,33.46252803513824,32.42370489944678,33.34808349609375,6329600
2023-01-09,33.50654392654759,33.72663419663138,33.21602315804771,33.33047103881836,3965600
2023-01-10,33.27765161281588,33.44492238472909,32.98713417252726,33.42731475830078,5196700
2023-01-11,33.6386006823092,34.651017406726424,33.6386006823092,34.6422119140625,4733100
2023-01-12,34.72144311071387,35.099998680024655,34.38690828626678,35.029571533203125,5102300
2023-01-13,34.63340687969283,34.96794504836864,34.55417424390938,34.82708740234375,3796000
2023-01-17,34.84469340045088,35.06038092622215,34.747853143648385,34.83588790893555,5463200
2023-01-18,35.02076207630402,35.05597732488382,34.2495662672853,34.298866271972656,7466700
2023-01-19,34.149214684172264,34.56298220002384,34.10519729205764,34.13160705566406,7253700
2023-01-20,34.15800995891248,34.562975258331846,33.70022178457755,34.52776336669922,4262500
2023-01-23,34.55417277231583,34.852615799667106,34.28125962550429,34.624603271484375,7002200
2023-01-24,34.59818859294918,34.90631697543225,33.929115672613484,34.774261474609375,7089700
2023-01-25,34.55416944761371,34.87109994675593,34.46613469043452,34.80947494506836,8163100
2023-01-26,35.00314910157354,35.20563507080078,34.81827411225521,35.20563507080078,4497400
2023-01-27,35.09999107008002,35.67222704612973,35.091188938002446,35.52256393432617,3519900
2023-01-30,35.24084626663262,35.6502142254392,35.06477677071139,35.0911865234375,3806400
2023-01-31,35.082383782269886,35.78227250913965,35.003151159573505,35.73385238647461,4274800
2023-02-01,35.584188410874866,36.24445913123973,35.205636287511375,35.99795913696289,7921000
2023-02-02,36.367719921636194,37.160042933068716,36.30609491046848,36.82550811767578,7014400
2023-02-03,36.297287282924934,36.323697040925545,35.57539145887926,36.05958938598633,7467200
2023-02-06,35.54898461782835,35.86943468334169,35.381713847936425,35.8306999206543,5384400
2023-02-07,35.55866278371355,35.87911617288151,35.22324476095202,35.68983840942383,7056600
2023-02-08,35.54898112258336,35.75146376668657,35.42132836380529,35.59299850463867,4347800
2023-02-09,35.84830245021793,35.96274696688105,35.15281642598435,35.249656677246094,3476900
2023-02-10,35.06478147152808,35.416923868889455,34.87550371555867,35.32008361816406,4253400
2023-02-13,35.45214011079094,35.703042877295886,35.40812272967464,35.64582061767578,2943000
2023-02-14,35.52079840034819,35.76906147091913,35.08678048419838,35.276058197021484,4544900
2023-02-15,35.06478072032219,35.38611060905159,34.96794047167144,35.37290573120117,3873000
2023-02-16,34.80066918324611,35.34913505230337,34.56297131074125,35.04717254638672,4807200
2023-02-17,34.89751113597116,34.985549255078006,34.545368734476334,34.87110137939453,7192500
2023-02-21,34.68622707436494,34.68622707436494,34.03035566730429,34.18442153930664,4220800
2023-02-22,34.290067816481276,34.31647757659302,33.71783171977723,33.87629699707031,7049600
2023-02-23,34.07878015515977,34.27246068761982,33.867495354577315,34.202030181884766,9331700
2023-02-24,33.77945341691647,33.88509916361731,33.404420755230284,33.56816864013672,8159000
2023-02-27,34.043559835054666,34.13159795411939,33.47132717353281,33.62098693847656,4816100
2023-02-28,33.64740107238327,34.05236635741304,33.51534556894223,33.63859558105469,4202100
2023-03-01,33.42731867721677,33.46253057589015,32.90350264407606,33.11919021606445,7279000
2023-03-02,32.881487460624285,33.60338333169802,32.8374700749854,33.55056381225586,5067200
2023-03-03,33.80586953888903,34.18882449022269,33.709029274957345,34.11399459838867,4420200
2023-03-06,34.29887179477305,34.29887179477305,33.92031620736249,33.98194122314453,4248500
2023-03-07,33.98193874697323,34.043563758264824,33.101577604737535,33.12799072265625,5385900
2023-03-08,33.14560265547657,33.797068104728865,33.1191895341257,33.59458541870117,4473000
2023-03-09,33.67381254891129,33.709027799401554,32.75823618603119,32.82866668701172,5683500
2023-03-10,32.793449113098696,32.87268174193258,31.64898041973998,31.78103256225586,11736200
2023-03-13,31.57855135815279,32.76704084464619,31.53013122953763,32.29164505004883,16936000
2023-03-14,32.793442282428195,32.934299886758566,32.24321674077671,32.62617492675781,7719000
2023-03-15,32.089166515309095,32.753840163783174,32.089166515309095,32.643795013427734,14961500
2023-03-16,32.4060970856626,32.79345480592163,32.06275339557199,32.643795013427734,8068700
2023-03-17,32.52053277282253,32.53814039508445,31.877869672659955,31.895477294921875,8692500
2023-03-20,31.971725811145276,32.355633570940746,31.803264753775817,32.23771286010742,4962800
2023-03-21,32.45937991262235,32.48597761155374,31.70929368642572,32.05153274536133,4952600
2023-03-22,31.821001040801292,31.847598733848454,30.858126671751208,30.881179809570312,8042000
2023-03-23,30.978704423187413,31.408718479961337,30.597455056287377,30.694984436035156,7494000
2023-03-24,30.508801615712517,31.49295705205968,30.446738064069894,31.484088897705078,8241100
2023-03-27,31.67914422182514,31.77667361573674,31.33336064865459,31.3776912689209,5108800
2023-03-28,31.129431742975573,31.44861756560596,31.03190236581529,31.271291732788086,5117800
2023-03-29,31.58161924816355,32.03380043191319,31.58161924816355,32.01606750488281,4108600
2023-03-30,32.36184951489317,32.51789452989576,32.29978596448249,32.43278121948242,4383800
2023-03-31,32.57463459298751,33.15980750748625,32.5436028241205,33.14207458496094,6971500
2023-04-03,33.062277382544885,33.297232681865175,32.64999624416109,32.83175277709961,6452000
2023-04-04,32.84948671847634,32.99578079390861,32.63226433454336,32.84062194824219,5639900
2023-04-05,32.778558639103494,33.00907987110367,32.64556340919738,32.67216110229492,4476400
2023-04-06,32.78742374591996,32.898251977909496,32.49483897221637,32.89381790161133,4053400
2023-04-10,32.698762284464294,33.071143517883684,32.54803413126416,33.062278747558594,3814600
2023-04-11,33.14207776913465,33.487861336077046,32.99134960429264,33.22187423706055,9963400
2023-04-12,33.558780935730674,33.585382006270784,33.06670340834604,33.12433624267578,6764800
2023-04-13,33.16867675382409,33.17044903165305,32.70674471365984,33.01795196533203,4650800
2023-04-14,33.07115084104673,33.19527794633947,32.219990648573656,32.45051193237305,4853400
2023-04-17,32.46824077209202,33.18640899658203,32.46824077209202,33.18640899658203,4601000
2023-04-18,33.24846771558425,33.24846771558425,32.94878708387655,33.13320541381836,3479300
2023-04-19,32.92042282878784,33.41693120157715,32.85835928218918,33.328269958496094,5605700
2023-04-20,33.124349583699484,33.15094728274338,32.79097867780417,32.929290771484375,4243600
2023-04-21,33.00907517746659,33.106604547901924,32.698757528089374,32.964744567871094,3252700
2023-04-24,33.02681578757857,33.13320995182191,32.623399367249604,32.87609100341797,3709700
2023-04-25,32.68989347495775,32.84062162512868,32.55690162949895,32.57463455200195,3664000
2023-04-26,32.49484500524944,32.81402753158338,32.21998972129009,32.308650970458984,4446300
2023-04-27,32.3973077703636,33.16423719869156,32.3973077703636,33.08887481689453,4278800
2023-04-28,33.08888147643533,33.58539324543294,33.02681792808684,33.470130920410156,5256200
2023-05-01,33.36372881999031,33.54105465121802,33.1199053792761,33.15980529785156,4381900
2023-05-02,33.08888083902283,33.150944386175745,32.38844551291459,32.592369079589844,6376400
2023-05-03,32.654433468508394,33.017949951641675,32.36184529851339,32.38844299316406,6140700
2023-05-04,32.37957792114693,32.8938191787963,32.26431560838388,32.68989562988281,4887800
2023-05-05,32.90269332932754,33.266209875342064,32.84062977626726,33.19527816772461,3265600
2023-05-08,33.08887162762198,33.23959975889714,32.84948227715582,32.964744567871094,3358700
2023-05-09,32.85835647583008,32.97804948198775,32.49483999870949,32.85835647583008,2995000
2023-05-10,33.15094535795509,33.31053830737219,32.84062761309392,33.168678283691406,3770000
2023-05-11,32.96475124411283,32.99134893881513,32.61453360762514,32.82289123535156,3419800
2023-05-12,32.94701608339736,32.94701608339736,32.614531393354106,32.884952545166016,2950200
2023-05-15,32.920420625539194,33.01351593920665,32.70940119901691,32.82289123535156,3003600
2023-05-16,32.79628497767863,32.79628497767863,31.94512176513672,31.94512176513672,3240300
2023-05-17,32.16678813403498,32.419476392535394,31.87420333155482,32.361846923828125,3220400
2023-05-18,32.237717301304954,32.33081261215644,31.900798522359576,32.157920837402344,4111000
2023-05-19,32.3441104536017,32.47710568337463,31.962861069275764,32.10472106933594,4578700
2023-05-22,32.16679575152541,32.52144756564255,31.96996463731037,32.31752395629883,3943200
2023-05-23,32.25545212397992,32.50370630086884,31.883067476437038,31.918533325195312,3152000
2023-05-24,31.816569503551648,31.829871733345946,31.164902296428213,31.218097686767578,3991400
2023-05-25,31.37768940298481,31.541716408646447,31.067371697364774,31.28902816772461,5230700
2023-05-26,31.368822125447952,31.727904496427204,31.235826900976868,31.652542114257812,4403100
2023-05-30,31.891940141535343,32.18452497965981,31.688016555640115,31.750080108642578,4540300
2023-05-31,31.76780035161216,32.01605446450168,31.5727416159369,31.953990936279297,6945100
2023-06-01,31.927392357689556,32.14018402978279,31.63480761354636,31.962858200073242,5485000
2023-06-02,32.34411907529867,32.765268493702386,32.19339426477383,32.6367073059082,4350000
2023-06-05,32.70762215800317,32.84061736843269,32.40616927894379,32.485965728759766,3970500
2023-06-06,32.663297350083354,32.747527890463225,32.37070918805388,32.6810302734375,3260600
2023-06-07,32.82111741685105,33.363732009445286,32.61896615285905,33.283935546875,4415600
2023-06-08,33.133204843264345,33.16867068661375,32.71205894566936,33.08000946044922,4027000
2023-06-09,33.106615046623915,33.177543368027656,32.72979967225393,32.911556243896484,4261700
2023-06-12,32.89381790161133,32.938151900174525,32.605667204205915,32.89381790161133,3819100
2023-06-13,32.89381604040107,33.168671257778485,32.77855712084421,33.13320541381836,4358200
2023-06-14,33.23960330972295,33.510910592791966,33.009078703666574,33.31053161621094,7845400
2023-06-15,33.177541133149084,33.52332809165775,32.94701987635287,33.452396392822266,4383300
2023-06-16,33.46126515602858,33.744985192121504,33.37260053086853,33.41693115234375,6076400
2023-06-20,33.23700308235719,33.30861348472094,32.83418389801503,33.0579719543457,4026500
2023-06-21,32.87894223542399,33.03559319862209,32.64620414934895,32.91474914550781,4543300
2023-06-22,32.941605257246934,32.96846214932678,32.24786424620623,32.44927215576172,5103500
2023-06-23,32.341857883918166,32.570119292360566,32.08226286263629,32.10016632080078,5414100
2023-06-26,32.091209565326,32.843137656789175,32.05540606743547,32.8162841796875,2988900
2023-06-27,32.905783354981246,33.250418759346424,32.71780226972766,33.17433166503906,4012700
2023-06-28,33.174341128071255,33.313983284168884,32.9523424032652,33.26385498046875,3963100
2023-06-29,33.1295882456447,33.568214416503906,32.97741397936285,33.568214416503906,3727400
2023-06-30,33.845713440597486,33.93522731461682,33.31757338851845,33.7382926940918,6437000
2023-07-03,33.60401673663364,34.19034037555669,33.54135635146941,34.0068359375,3628200
2023-07-05,33.908365430164054,34.399803784246394,33.71143085845511,34.176910400390625,6300600
2023-07-06,33.79200655179509,34.033698134251715,33.353380328506596,33.98894119262695,5046400
2023-07-07,33.76515179596628,34.042646872412675,33.68727192039392,33.82781219482422,4617200
2023-07-10,33.73828729642353,33.97102879521496,33.653250154130575,33.94417190551758,4345300
2023-07-11,34.01578817218997,34.3559470100377,33.90837084987731,34.3290901184082,4772800
2023-07-12,34.70506102217126,34.794574901601756,34.47231947207498,34.4902229309082,7247700
2023-07-13,34.48126608675746,34.74086106637502,34.25747801772196,34.722957611083984,4708100
2023-07-14,34.64239376964181,34.74623244443582,34.43650915589734,34.722957611083984,3901500
2023-07-17,34.606590053627706,34.74086427333796,34.40518213879758,34.42755889892578,4556400
2023-07-18,34.5170752224306,34.53497867887575,33.85018427510555,34.141109466552734,6513800
2023-07-19,34.3917541930063,34.74981652539793,34.35595069155552,34.5170783996582,6610700
2023-07-20,34.34700067993538,34.40966108214156,33.908377864492095,34.40071105957031,6665000
2023-07-21,34.51707583470586,34.66030007407247,34.39175163736675,34.552879333496094,4801800
2023-07-24,34.65134888531146,34.90199388150768,34.56183501042845,34.884090423583984,5157000
2023-07-25,34.83037727286824,35.00045498748023,34.61553920964794,34.62449264526367,4383300
2023-07-26,34.552878475071786,34.821426905105746,34.54392845428038,34.749813079833984,5117900
2023-07-27,35.00045131820738,35.089968591304284,34.00683519734287,34.015785217285156,7511200
2023-07-28,34.40966107584753,34.517081835097756,33.8815209611093,33.917327880859375,5870000
2023-07-31,34.01579718235802,34.342529368303985,33.92180657359614,34.185874938964844,4940900
2023-08-01,34.096345990742854,34.26195037003463,33.97997525354499,34.123199462890625,6124600
2023-08-02,33.91731627330234,34.04263703480313,33.760665321426345,33.979976654052734,6503700
2023-08-03,33.57716004984988,33.612966960084556,33.048125414914885,33.51449966430664,6268000
2023-08-04,33.36232351514375,33.7185930318753,33.080351796281,33.183292388916016,5874700
2023-08-07,33.28176755917321,33.61297300153618,33.263864100837985,33.60402297973633,3606100
2023-08-08,33.344423208557835,33.52793106931533,33.11168511280702,33.433937072753906,4094200
2023-08-09,33.362325417911606,33.666677325436574,33.228051211899015,33.51449966430664,5354500
2023-08-10,33.60401235398701,33.82780039031127,33.30413720484877,33.40707778930664,4901600
2023-08-11,33.263857215155696,33.51449875049461,33.16538992206261,33.46974182128906,3643000
2023-08-14,33.424988480683524,33.424988480683524,33.183296939343116,33.290714263916016,3069500
2023-08-15,33.07587848558613,33.162708368791506,32.87446716731089,32.950557708740234,3931200
2023-08-16,32.98636368824813,32.999793842265206,32.5119340217044,32.5477409362793,4804500
2023-08-17,32.574594376448374,32.82523594870657,32.288145889657486,32.30604934692383,5679300
2023-08-18,32.08225927228374,32.48507849906621,32.03750233924905,32.39556121826172,4503900
2023-08-21,32.34186063374584,32.36871411590801,31.845050725330907,32.118072509765625,3958300
2023-08-22,32.243387137908144,32.32842770144996,32.08225944632108,32.21653366088867,5446600
2023-08-23,32.368712134650174,32.71782104033295,32.35976211272253,32.69096755981445,5105800
2023-08-24,32.74467205656124,33.14301454816599,32.52983400677886,32.53878402709961,5086900
2023-08-25,32.61934246486512,32.79837357423444,32.449264789068174,32.6282958984375,4985900
2023-08-28,32.7357236195856,33.04455229619496,32.7357236195856,32.887901306152344,4212900
2023-08-29,32.89684272206368,33.28623515093542,32.75361850938694,33.26385498046875,3808200
2023-08-30,33.30861993368462,33.48765109635877,33.23253279933711,33.38023376464844,3051300
2023-08-31,33.362322593819364,33.416032954624846,33.10272763869478,33.13853454589844,4084700
2023-09-01,33.34442022684458,33.393653872170376,33.013214861254,33.12063217163086,3927600
2023-09-05,33.06693142405497,33.1161650836966,32.78854167957284,32.78943634033203,5000000
2023-09-06,32.780475444870255,32.87088738201398,32.449270058331685,32.726768493652344,3974900
2023-09-07,32.69991364269627,33.125113049854384,32.65515670897836,32.99531555175781,3861000
2023-09-08,33.057974053228264,33.06245077076484,32.72676866495605,32.78047561645508,4369000
2023-09-11,32.81629289588254,32.89685676332093,32.628311676771645,32.79838943481445,3336700
2023-09-12,32.735729028444155,32.84314638011666,32.5164176061481,32.79838943481445,3225000
2023-09-13,32.816283382814284,32.816283382814284,32.37765725063888,32.4671745300293,4274000
2023-09-14,32.735716606871975,33.12063233693951,32.71781315259735,33.0579719543457,3686900
2023-09-15,32.93265151977539,33.05797228622112,32.81180405589215,32.93265151977539,4755300
2023-09-18,32.93355726316033,32.939873260305255,32.57264019034158,32.64482498168945,3812000
2023-09-19,32.64482237469516,32.744074733892106,32.38315768989595,32.473388671875,3937100
2023-09-20,32.70798231719682,32.91099600307128,32.50947759894801,32.53654861450195,3873400
2023-09-21,32.33803649028438,32.35608268253411,31.390633769908472,31.408679962158203,5749900
2023-09-22,31.39966094343335,31.606285236203835,31.137996270431103,31.192134857177734,8497400
2023-09-25,31.038745858267454,31.156040960945795,30.9079135280865,31.13799476623535,5017200
2023-09-26,30.903400504260194,31.009870641562372,30.483835950976523,30.587600708007812,7143100
2023-09-27,30.713928824564633,30.840248776782474,30.189697580900052,30.316919326782227,9007100
2023-09-28,30.470306708499074,30.72294658316688,30.389100542790118,30.632719039916992,7431500
2023-09-29,31.10190863538159,31.165068601608105,30.57857926726476,30.740991592407227,7305700
2023-10-02,30.623693640088216,30.777084591058397,29.996602933092642,30.18157386779785,8673300
2023-10-03,30.01916060697143,30.16352673412711,29.540948456135737,29.631175994873047,9197900
2023-10-04,29.8296786966114,29.983066190501457,29.43266929226586,29.94697380065918,9241000
2023-10-05,29.965023715566815,30.19510842692534,29.793590005473103,30.163528442382812,7857600
2023-10-06,29.91990951447146,30.471208266691903,29.613131051047247,30.280826568603516,10218500
2023-10-09,30.109384767331314,30.759033987618963,30.08231719713919,30.677827835083008,6258000
2023-10-10,30.650766695651942,31.04777272358947,30.497375734474968,30.786108016967773,4979700
2023-10-11,31.038741625936783,31.417701337303452,30.984603049187587,31.408679962158203,5178300
2023-10-12,31.30944234217845,31.354556123028047,30.83573903835556,30.99363899230957,5970000
2023-10-13,31.156045221483424,31.26432240455282,30.840245375764777,30.98461151123047,5688400
2023-10-16,31.174091286612846,31.39966358744501,30.849266622700906,31.300411224365234,7719300
2023-10-17,31.0567886110182,31.55305036065619,30.925959722796946,31.13799476623535,7239500
2023-10-18,30.93047702764161,31.043263193514818,30.44324340695942,30.4522647857666,8313200
2023-10-19,30.208638928871572,30.434211205916874,29.680800626655916,29.70335578918457,10377000
2023-10-20,29.838700962911417,29.9875794939807,29.540947342732697,29.549968719482422,8556300
2023-10-23,29.297332763671875,29.69433879070068,29.207101774374213,29.297332763671875,6709100
2023-10-24,29.39658269154136,29.739450096539855,29.38755787238034,29.667268753051758,5749200
2023-10-25,29.3604905471851,29.45974290703585,28.9634811077821,29.044687271118164,8454400
2023-10-26,29.171013409811252,29.8612641425686,29.143942391495024,29.658246994018555,10663200
2023-10-27,29.739451456486496,29.739451456486496,29.085293157759224,29.189054489135742,10350600
2023-10-30,29.36048968450962,29.52290200640972,28.864229620817103,29.27928352355957,7071900
2023-10-31,29.54094535474004,29.901858913758257,29.26123450688424,29.865766525268555,8490800
2023-11-01,29.90186646781782,30.055257436670168,29.689827934323365,30.0191650390625,8343100
2023-11-02,30.506400854344005,31.083865425007236,30.443240882050237,30.94852066040039,8882200
2023-11-03,31.516962361764758,32.14405308698205,31.43575619523503,31.67937469482422,8575200
2023-11-06,31.62523281722879,31.643279012578162,31.08837313391427,31.246273040771484,7431300
2023-11-07,31.201162435409092,31.26432240455282,30.948519116874003,30.98461151123047,6579300
2023-11-08,31.12897528111579,31.237249013996983,31.002655352427745,31.165067672729492,7298000
2023-11-09,31.255302382363528,31.273348582311673,30.632723972975636,30.686859130859375,7336200
2023-11-10,30.90340798670502,31.07484171161309,30.628209479641757,31.029727935791016,5969000
2023-11-13,30.786106881439316,30.885359245252907,30.583994979541202,30.7680606842041,4313800
2023-11-14,31.83276151963289,32.68542452876876,31.679374009484054,32.42827224731445,10526900
2023-11-15,32.36511680417235,32.78107429913465,32.36511680417235,32.50046157836914,7168900
2023-11-16,32.590688377821145,32.66738558380065,32.401208451905795,32.49143600463867,5026800
2023-11-17,32.77114501189613,32.7801698318188,32.320000390650904,32.455345153808594,4417300
2023-11-20,32.40119888744285,32.707977294921875,32.139534243013195,32.707977294921875,4228100
2023-11-21,32.58165894779614,32.66737751108208,32.455339028401916,32.54556655883789,3300600
2023-11-22,32.80723732026186,32.91099865537405,32.51850503879098,32.64482498168945,4951400
2023-11-24,32.59068253716027,32.780165871078324,32.428270217779016,32.771141052246094,2620300
2023-11-27,32.7891906275389,33.08243531453317,32.65384586678455,32.88844299316406,4648900
2023-11-28,32.78016878895727,33.11401483430894,32.64482403010541,33.06890106201172,6450900
2023-11-29,33.31252364024138,33.58321321904621,33.276434679433585,33.32154846191406,7941600
2023-11-30,33.29447049602537,33.62380410317615,33.18619332149151,33.59222412109375,5804100
2023-12-01,33.58320325138705,34.32308007874296,33.48395089421199,34.2960090637207,7274200
2023-12-04,34.10652569749494,34.50353508579327,34.07043330911152,34.48548889160156,10359500
2023-12-05,34.35015068080814,34.377218256257265,34.1336031932946,34.341129302978516,7758300
2023-12-06,34.54865970504238,34.69212406827546,34.205788791593484,34.22383499145508,4832200
2023-12-07,34.259922408982554,34.42233474215765,34.106531453446,34.268943786621094,5663100
2023-12-08,34.20578727820952,34.31406103062798,33.844870180867275,34.1967658996582,4873800
2023-12-11,34.11555511751839,34.37270739600893,34.02983654403485,34.314056396484375,4871000
2023-12-12,34.32308083387639,34.4006763807408,34.10652991873381,34.30503463745117,5580500
2023-12-13,34.341129876308074,35.65847134688278,34.22383131080311,35.55019760131836,7112400
2023-12-14,36.253980513737226,36.768285084967694,36.18179572523322,36.53369140625,8647400
2023-12-15,36.35323652953885,36.45248890272415,35.78028089959116,36.09157180786133,8011100
2023-12-18,36.22925359327077,36.288524968991545,35.937450164447895,35.992164611816406,6638700
2023-12-19,36.11983798462482,36.338688876380324,36.11071716830122,36.23838424682617,4681400
2023-12-20,36.238387456789404,36.484593862180034,35.75964543598787,35.78244400024414,6513500
2023-12-21,36.06511679927606,36.18366303937847,35.71859889359218,36.08335494995117,6684700
2023-12-22,36.192779375926655,36.48458282152675,36.05599846749806,36.22925567626953,4929100
2023-12-26,36.274855205170844,36.59401766716096,36.19734566327959,36.493709564208984,2537600
2023-12-27,36.56665341571546,36.71255514113976,36.39795661109546,36.70343780517578,4006300
2023-12-28,36.70344006573713,36.93141174316406,36.621370122720556,36.93141174316406,3764800
2023-12-29,36.685212444290215,36.849352377438315,36.493717015141684,36.53019332885742,5777300
2024-01-02,36.4481208995428,36.88582619883844,36.274860160386346,36.86758804321289,6591500
2024-01-03,36.594009618585,36.594009618585,35.92377242224858,35.992164611816406,7424500
2024-01-04,35.919220056281844,36.16542990670034,35.777878717152944,35.90098190307617,7180300
2024-01-05,35.70037365208514,36.138078948197055,35.488813831225606,35.82803726196289,5770300
2024-01-08,35.80067119695887,36.35692265428923,35.736839404665716,36.32044982910156,4812700
2024-01-09,36.037761395534346,36.238377574850915,35.828027880145015,36.06511688232422,4134500
2024-01-10,36.119834899902344,36.29309213095988,35.992171310852385,36.119834899902344,4498600
2024-01-11,35.93746310575472,36.03777122276628,35.62742141616104,35.78244400024414,5151900
2024-01-12,36.15631167141058,36.2383816195118,35.855387368848774,36.05600357055664,4393500
2024-01-16,35.88274039850302,36.06511843495399,35.72589855701259,35.8371467590332,11100100
2024-01-17,35.39944628807156,35.81891339294954,34.815839276315735,35.18059539794922,9752000
2024-01-18,35.19883166755407,35.33561608900496,34.731948124146456,34.9526252746582,6142100
2024-01-19,35.071165625615286,35.42680092238708,34.77024478933612,35.29001998901367,7967800
2024-01-22,35.4085689497189,35.837153414616814,35.321938583637284,35.45416259765625,5850600
2024-01-23,35.60006160169534,35.70036970653409,35.13499738445605,35.26266098022461,4549800
2024-01-24,35.61830328989855,35.63654144518573,34.75201004590624,34.77936553955078,7349500
2024-01-25,35.271782007346154,35.39944560387876,35.08028661254724,35.253543853759766,6601700
2024-01-26,35.299142576841554,35.38121254050145,35.025577190832756,35.09852981567383,4398000
2024-01-29,35.089407100171606,35.390331443504046,35.00733714095116,35.35385513305664,5724200
2024-01-30,35.153237332755445,35.32649806034933,34.95262459140733,35.02557373046875,6931500
2024-01-31,35.22618413288746,35.45415580748549,34.68361043420121,34.770240783691406,11580700
2024-02-01,34.69728768370491,35.39488044146343,34.555946360611046,35.381202697753906,10887000
2024-02-02,34.979977035095246,35.16235508471227,34.332538263598195,34.934383392333984,12844000
2024-02-05,34.49668277635694,34.53315560830316,34.13192662831531,34.24135208129883,8668200
2024-02-06,34.314297309939214,34.81127388904454,34.177512914248226,34.7611198425293,7866800
2024-02-07,34.88696073575821,34.93438062504542,34.53314825195677,34.742881774902344,6679000
2024-02-08,34.62434175155664,35.013715704595626,34.60610359873774,34.934383392333984,4517700
2024-02-09,34.92526562050856,35.05292922279525,34.60154620654665,35.02557373046875,5515700
2024-02-12,35.10764454753348,35.25810671616599,34.845934156423596,34.9161491394043,5376400
2024-02-13,34.21399260516411,34.28694173913765,33.80820326395248,34.27782440185547,21419000
2024-02-14,34.39636908988867,34.70641072192904,34.21399104541106,34.505794525146484,14186400
2024-02-15,34.806713483149124,35.37755753195379,34.806713483149124,35.335609436035156,8637600
2024-02-16,34.86142647337319,35.15961310404394,34.71552474742246,34.97085189819336,7683100
2024-02-20,34.84319651998041,35.09852720939167,34.62434561885345,34.9161491394043,6929300
2024-02-21,35.06204901211454,35.215245330370564,34.90702644347059,35.17147445678711,5653100
2024-02-22,35.280899133701844,35.45415985244954,35.16691328339819,35.26266098022461,6144400
2024-02-23,35.32649239342609,35.492455049775785,35.19882533304693,35.30825424194336,5263400
2024-02-26,35.23530802733463,35.40400835022167,34.852317212441676,34.90702819824219,6427800
2024-02-27,35.11675796337904,35.2535423702348,34.82495447542059,34.934383392333984,9466100
2024-02-28,34.770240288251195,35.52710442827483,34.71552583484148,35.381202697753906,7497600
2024-02-29,35.609180190965155,35.85539005370505,35.51799289894544,35.66389465332031,12860800
2024-03-01,35.572701219039686,36.092479876062065,35.207948599701325,36.05600357055664,9655500
2024-03-04,35.97393466720902,36.49279847487642,35.72772481575493,36.46635437011719,8697600
2024-03-05,36.320459522285745,36.56210901168276,35.850834812836155,36.00129699707031,6913800
2024-03-06,36.23838060135558,36.32956788398518,36.010408916209734,36.201904296875,5483600
2024-03-07,36.40251701437448,36.48003003103868,36.00128810080366,36.201904296875,5077000
2024-03-08,36.466356731038566,36.717123528119465,36.41164226764907,36.6304931640625,7551200
2024-03-11,36.5028272838939,36.7763961052005,36.27485558518645,36.448116302490234,4594600
2024-03-12,36.35691833496094,36.49370271852253,36.0377594114124,36.35691833496094,5669000
2024-03-13,36.29309575152367,36.48915156242928,36.01041305573344,36.12895584106445,6245300
2024-03-14,35.95569469916912,36.05600279787344,35.2808969760676,35.6182975769043,10442800
2024-03-15,35.27178350264684,35.68030702887001,35.27178350264684,35.60006332397461,9639600
2024-03-18,35.65882129140068,35.81489581000189,35.539467922775536,35.59455490112305,4971000
2024-03-19,35.61291722723888,35.72308768167831,35.355848163872764,35.59455490112305,5255100
2024-03-20,35.291579246741726,35.825911341011285,35.17222938891756,35.74144744873047,8678200
2024-03-21,35.89752065659793,36.081140395706264,35.66340890393365,35.8791618347168,6263500
2024-03-22,35.87916316674422,35.961788375042474,35.42011555305868,35.45683670043945,4402500
2024-03-25,35.50273854666894,35.61291248870459,35.29157707781665,35.319122314453125,5661600
2024-03-26,35.34666276733125,35.40633769041235,35.144680716510614,35.17222595214844,6160300
2024-03-27,35.55782305014065,36.062774658203125,35.45683202807717,36.062774658203125,6711000
2024-03-28,36.145409889200515,36.37493370727159,36.145409889200515,36.29230499267578,5695400
2024-04-01,36.365747116943375,36.37492652686177,35.61290942246085,35.6588134765625,8064400
2024-04-02,35.43847492101062,35.43847492101062,35.14468472391094,35.2640380859375,7393500
2024-04-03,35.22731125198984,35.355844017471256,35.048282971175695,35.28239822387695,5392200
2024-04-04,35.631274441249815,35.76898661397729,34.90597842388442,35.0069694519043,6667800
2024-04-05,34.91515675933649,35.320038449784064,34.841710969927846,35.23649215698242,6055700
2024-04-08,35.337488281199015,35.56701209738638,35.26403897893642,35.539466857910156,5588500
2024-04-09,35.713902449408515,35.99850970218218,35.59914055657912,35.98933029174805,7565200
2024-04-10,35.052876278773084,35.052876278773084,34.286267599701354,34.511199951171875,14873300
2024-04-11,34.740727033015844,34.800401967976526,34.24954617713051,34.54792785644531,9441800
2024-04-12,34.41939274135486,34.428572152936574,34.05215323748802,34.18986892700195,9246200
2024-04-15,34.40103011627828,34.45611358979966,33.36817296068711,33.59310531616211,7757100
2024-04-16,33.473749253688034,33.519653312005836,32.973389064190286,33.0789680480957,11776100
2024-04-17,32.987155170450436,33.143229646655875,32.79894400558014,32.80353546142578,11722700
2024-04-18,32.95044108101763,33.004610471031704,32.656650853389756,32.81272888183594,10327600
2024-04-19,32.959623618302395,33.09733581590745,32.812728506170224,32.941261291503906,10629100
2024-04-22,33.078967694944,33.290129162755626,32.85862681646888,33.20750045776367,7762900
2024-04-23,33.29013455695471,33.616979066519725,33.20750583857394,33.51047897338867,10804900
2024-04-24,33.35440029779664,33.70327395218033,33.18914288161268,33.639007568359375,10758500
2024-04-25,33.33603090445419,33.51964710371719,33.06978251236652,33.44620132446289,8374300
2024-04-26,33.46457547050734,33.81345267645092,33.40948848990917,33.4737548828125,6950900
2024-04-29,33.64819156651505,33.93279884625416,33.631664423461686,33.85017013549805,6987400
2024-04-30,33.56556215994209,33.75836131362449,33.20750208591798,33.22586441040039,9796800
2024-05-01,33.21668662609226,33.839156498187286,33.12028704452984,33.24422836303711,15601300
2024-05-02,33.58391794302365,33.767534147572846,33.17995388760437,33.72163009643555,13264300
2024-05-03,34.27249529259815,34.50201909122872,33.905255813887166,33.987884521484375,11887700
2024-05-06,34.217407062685844,34.27249403314471,33.83180527398396,33.99706268310547,9739000
2024-05-07,34.25413407976936,34.43775032282683,34.13018926322469,34.35512161254883,13276100
2024-05-08,34.162323362833206,34.17609423120253,33.95575333278243,34.033790588378906,8182100
2024-05-09,34.43774505857475,34.86925086876033,34.4285656487272,34.84170913696289,8914600
2024-05-10,34.88761353415395,34.905975856284606,34.60300279451095,34.71317672729492,6882900
2024-05-13,34.860075833847084,35.01155887999893,34.612189709796,34.804988861083984,6846500
2024-05-14,35.0345131942649,35.22364198493456,34.883026643551496,35.05287551879883,9703800
2024-05-15,35.62943812089053,35.75980957558011,35.502740532042985,35.64963912963867,10083500
2024-05-16,35.67718073326427,35.81305773283004,35.548647963099995,35.58536911010742,7195600
2024-05-17,35.640456084001535,35.67718073326427,35.456836339943145,35.58536911010742,6153000
2024-05-20,35.53028580153312,35.612914511625846,35.32371227517363,35.365028381347656,4067100
2024-05-21,35.282403102283254,35.41552734272581,35.19977438415532,35.33749008178711,3621500
2024-05-22,35.282397682467526,35.39715957877994,34.92434112633364,35.03451156616211,7027100
2024-05-23,35.04368931698749,35.04368931698749,34.26790131619524,34.29085159301758,5597300
2024-05-24,34.50201655421484,34.52955828730363,34.244947537117945,34.29085159301758,4686100
2024-05-28,34.51120161866807,34.598421790745654,34.042974568171424,34.0888786315918,4696100
2024-05-29,33.785906118875346,33.8318101831244,33.620648685774285,33.76754379272461,6076400
2024-05-30,34.00624899338848,34.26331454336861,33.94657056053206,34.25413513183594,5867800
2024-05-31,34.465301792090365,34.94271181531275,34.29545288407426,34.933528900146484,7949600
2024-06-03,34.99778926900268,35.06205565507289,34.61127336167404,34.79581069946289,5826300
2024-06-04,34.73154595355774,35.26403939217962,34.694821301996086,35.12632369995117,5647500
2024-06-05,35.153866931985,35.153866931985,34.878439065514335,35.08041763305664,4541200
2024-06-06,34.95188592561725,35.16763886996453,34.777449088738074,35.13550567626953,3888600
2024-06-07,34.66727803843234,34.95188885087634,34.557107579722555,34.86008071899414,5140400
2024-06-10,34.74990080249548,35.16304432967119,34.56628457019974,35.03451156616211,4148800
2024-06-11,34.915156381947405,35.107959019353004,34.80039449165464,34.924339294433594,3492400
2024-06-12,35.686356987320956,35.828664115060505,35.144680716510614,35.17222595214844,7600800
2024-06-13,35.300764179906835,35.4660216103162,35.080419771942495,35.3466682434082,3704300
2024-06-14,35.21813583964862,35.47979285687323,35.080420145422785,35.374210357666016,4975400
2024-06-17,35.181410805430794,35.374209973448394,34.97024931156548,35.19059371948242,4880900
2024-06-18,35.28239641964328,35.46601614762206,35.21813004018895,35.32830047607422,4893400
2024-06-20,35.21812983406651,35.33748318189243,35.10795939882605,35.23649215698242,4503300
2024-06-21,35.28239641964328,35.37420453250516,35.04368972259435,35.32830047607422,5287100
2024-06-24,35.35334364657797,35.94689346268031,35.26060281450047,35.566650390625,5891800
2024-06-25,35.53882166868362,35.53882166868362,34.917450436060456,35.06583786010742,4429900
2024-06-26,34.889627837123065,35.130759629454126,34.806159684060084,35.019466400146484,3639300
2024-06-27,35.12148635692571,35.390439710119864,35.00092398853037,35.33479309082031,3571700
2024-06-28,35.538827219460735,35.77068282686214,35.334793152840035,35.62229537963867,5569800
2024-07-01,35.53882523549218,35.65011493023804,35.06584137944557,35.27914810180664,5700100
2024-07-02,35.279148569833936,35.50636606482315,35.22257503986317,35.42753601074219,3985500
2024-07-03,35.51100398051117,35.650115215598106,35.362616540383726,35.390438079833984,2359100
2024-07-05,35.49245738942567,35.55737667753917,35.26060177821006,35.52027893066406,3785800
2024-07-08,35.529556363057175,35.664959959774215,35.441450095645656,35.6037483215332,4443200
2024-07-09,35.54811018059751,35.72895730571239,35.25133169191424,35.61302947998047,3679200
2024-07-10,35.77996158021051,35.87734051771309,35.492459332939056,35.863426208496094,3935600
2024-07-11,36.41060403565985,36.99488117304845,36.37350982620596,36.81867218017578,8693400
2024-07-12,37.05979851826541,37.32875186525715,36.95685457452852,37.087623596191406,5322200
2024-07-15,37.14326799976624,37.3064966699621,36.948510136523744,37.24528503417969,4828400
2024-07-16,37.48641260317054,37.63480358702909,37.21746278951638,37.59770584106445,5753700
2024-07-17,37.67189510974098,38.15415515939632,37.616252032596286,37.931575775146484,7445800
2024-07-18,37.681176003838765,38.35355588047406,37.52815044697606,37.61625671386719,6016200
2024-07-19,37.68117850510453,37.76928124000793,37.40295245278122,37.56988525390625,5259100
2024-07-22,37.62552555448383,37.977947048362346,37.421491499422224,37.94084930419922,5233000
2024-07-23,37.922305017723346,38.14024986874135,37.7173440249489,37.87593460083008,4351500
2024-07-24,37.866660188041095,38.13097544377517,37.319480803103,37.35657501220703,5606900
2024-07-25,37.560610547704236,37.95940249827464,37.07185850310511,37.15254592895508,8353400
2024-07-26,37.31020689999694,37.90375673632209,37.2638364823783,37.77391815185547,5702800
2024-07-29,37.773909573921415,38.144879906300424,37.48640738943592,38.01504135131836,5418100
2024-07-30,38.17270421363461,38.376738265035776,38.02431677747982,38.293270111083984,4674000
2024-07-31,38.23762493605698,38.617867976640206,38.06605051929497,38.20052719116211,8786900
2024-08-01,38.599325034595445,38.86827841965175,38.38601827543099,38.79408645629883,9813900
2024-08-02,38.81262702333314,39.22996782163651,38.478757922526235,38.821903228759766,8818200
2024-08-05,38.27472319224804,38.83674023735393,37.63943756932066,37.69972229003906,14134700
2024-08-06,37.7275481579375,38.91464784391955,37.58843336568317,38.53440475463867,11389400
2024-08-07,38.636419057187446,39.17432577539779,38.21444368285805,38.25617599487305,9907700
2024-08-08,38.172707796633446,38.6262159017099,38.07996696702011,38.580772399902344,10383100
2024-08-09,38.74770287914573,38.877541436155155,38.32108946673324,38.77552795410156,5454900
2024-08-12,38.60859757214444,38.645691781377685,38.262667979504776,38.543678283691406,4924500
2024-08-13,38.81262969970703,38.86827632259659,38.57150140952433,38.81262969970703,3707000
2024-08-14,38.877548583181735,39.137229282774136,38.738437334170506,38.951744079589844,3300600
2024-08-15,38.97956534960221,39.03521197151967,38.674444686669304,38.8404541015625,6282100
2024-08-16,38.80335435574231,38.95174180204619,38.62714536883012,38.821903228759766,4212300
2024-08-19,38.82190491254385,39.09085827620837,38.79871793580741,39.05376052856445,3971100
2024-08-20,39.03520421921196,39.18822974571747,38.90072756299517,39.090850830078125,4828200
2024-08-21,39.1186784620389,39.27633857730664,38.89609552172678,39.22069549560547,4214800
2024-08-22,39.27633732174098,39.461822509765625,39.15577495668531,39.461822509765625,4953100
2024-08-23,39.610210460701076,40.296504603844674,39.54992927740001,40.22230911254883,6135200
2024-08-26,40.417071466720685,40.50053608965415,40.13049615087297,40.194488525390625,4047800
2024-08-27,39.95335966855614,40.338237285226064,39.88843684415745,40.296504974365234,3717600
2024-08-28,40.29650154649216,40.417067441782535,39.925531193830466,40.157386779785156,5035000
2024-08-29,40.09246615794305,40.15738543681245,39.814240171669155,39.999725341796875,5339900
2024-08-30,40.194490024506905,40.40779676824274,39.87916624293307,40.38924789428711,5611600
2024-09-03,40.1295692973458,40.67674867701397,40.111020424054495,40.481990814208984,7580900
2024-09-04,40.57473373413086,40.99207456010627,40.36606509006116,40.57473373413086,5855600
2024-09-05,40.880780725248094,40.89932605978714,40.356784809710575,40.46343994140625,5539200
2024-09-06,40.491261481050486,40.52372112324731,40.09525384624918,40.46343994140625,6671700
2024-09-09,40.46344151216464,41.04586126842985,40.407794892880354,40.945701599121094,5070000
2024-09-10,41.12190712844598,41.69690799468331,41.047711642306716,41.66908645629883,7884500
2024-09-11,41.29811960727126,41.61344337446151,40.815859519931124,41.55780029296875,5792200
2024-09-12,41.62271967243043,41.69691162719758,41.15900845716933,41.63199234008789,4263300
2024-09-13,41.845296188757565,41.97513475402279,41.710819521065574,41.92876434326172,3707500
2024-09-16,42.123525620150374,42.27191660720221,41.942678526975776,42.0678825378418,4130200
2024-09-17,42.08642645140935,42.206988807427116,41.599528311574254,41.734004974365234,5919400
2024-09-18,41.789650153981114,42.2069873591359,41.55779457874609,41.61343765258789,6234400
2024-09-19,41.95659088308004,41.95659088308004,41.26102408390178,41.51142501831055,4552400
2024-09-20,41.27030045607318,41.47896909942454,41.17755962299169,41.43723678588867,4839800
2024-09-23,41.737021323316895,41.92380665256268,41.61561388754589,41.895790100097656,4013700
2024-09-24,41.699667107574804,42.045217650967516,41.53156066751698,41.895790100097656,4103800
2024-09-25,41.97984654819577,42.091916329307395,41.60627586097822,41.718345642089844,3457000
2024-09-26,41.73703416291501,41.76505428663372,41.158002670495584,41.307430267333984,4552700
2024-09-27,41.59693751107672,41.69499901326168,41.29808239128425,41.36345672607422,3613700
2024-09-30,41.2140298457705,41.746365759343334,41.13931428327334,41.718345642089844,4929900
2024-10-01,41.83975362097777,41.91446917806613,41.27940119335044,41.4661865234375,6453100
2024-10-02,41.04592245294615,41.34944818403124,41.02724356274956,41.3167610168457,4022000
2024-10-03,41.18600757017819,41.293410294980916,40.793761575525984,40.9151725769043,3504500
2024-10-04,40.68169448219309,40.709711037191234,40.25208711729461,40.64433670043945,5386100
2024-10-07,40.38283583636135,40.42953127816946,40.140013838745034,40.34547805786133,3793500
2024-10-08,40.51358768791586,40.6163198055616,40.28477394856519,40.46689224243164,4039700
2024-10-09,40.38283663658691,40.5191893244435,40.2334090822596,40.485565185546875,3338800
2024-10-10,40.261430445213726,40.59764337327441,40.009270749168216,40.14936065673828,3659600
2024-10-11,40.36416444597579,40.56962514062877,40.24742403845053,40.56028747558594,2312100
2024-10-14,40.457553355626274,40.896498406359456,40.35482123203899,40.84046173095703,3542900
2024-10-15,41.01790163990851,41.6903274250329,40.98988508640631,41.3541145324707,5176300
2024-10-16,41.447511146747495,41.82574888931904,41.32610013750652,41.765045166015625,3662700
2024-10-17,41.64362537816571,41.680983152000735,41.335429087976806,41.494197845458984,2934000
2024-10-18,41.57825769754522,41.79866361069576,41.414821864199254,41.783721923828125,3950800
2024-10-21,41.54090007434905,41.72768541143459,40.868474285894685,40.92451095581055,5938700
2024-10-22,40.84046347409613,41.14865985801232,40.73773134612407,40.989891052246094,4497400
2024-10-23,40.88715252942568,41.46151680842186,40.84979831270633,41.39147186279297,4849500
2024-10-24,41.428830174134504,41.73702295117163,41.41015128421802,41.48486328125,3188600
2024-10-25,41.83042300794112,42.00786714198242,41.139318238927345,41.157997131347656,4820700
2024-10-28,41.52222285552504,41.699670536083346,41.20935945182946,41.28874206542969,3129100
2024-10-29,41.157991017027015,41.377463517068385,40.849798244462264,40.9151725769043,4557100
2024-10-30,40.95252475121275,41.36345317765085,40.89649164770482,41.064598083496094,5513800
2024-10-31,40.62565427134383,40.98988370513446,40.3361368319194,40.34547805786133,5866200
2024-11-01,40.616320681164105,40.667683178460116,39.887858177896554,39.91587829589844,6141400
2024-11-04,40.08397884257074,40.42953296415545,40.04195401198108,40.364158630371094,6509900
2024-11-05,40.26142568985003,40.92451024041005,40.04195318980866,40.9151725769043,4747500
2024-11-06,40.550941989154246,40.77508511562189,39.402216927263645,39.82248306274414,12721600
2024-11-07,39.97190855193027,40.42953244518042,39.897196555407476,40.31745910644531,10597900
2024-11-08,40.50425219185242,41.1253120363001,40.45755673976165,41.00857162475586,7348100
2024-11-11,40.95253021336102,41.14865678969888,40.61632085956945,40.6536750793457,7899300
2024-11-12,40.550943386074714,40.70037451729025,40.126010185241874,40.140018463134766,4972000
2024-11-13,40.58829871811271,40.76574639439954,40.3875051009588,40.457550048828125,5095000
2024-11-14,40.39217788911556,40.39217788911556,40.041956693545195,40.09332275390625,4860400
2024-11-15,39.90653766456188,40.21379705593332,39.78979726527543,40.140018463134766,5875700
2024-11-18,39.96257148147653,40.5042450428666,39.859839367428236,40.49490737915039,3810800
2024-11-19,40.37349600879977,40.784420898631346,40.20071894922821,40.66301345825195,3693100
2024-11-20,40.42953453704423,40.65367410084375,40.280106973633174,40.59764099121094,3198700
2024-11-21,40.63499227932371,41.003892329214366,40.45754817389425,40.868473052978516,3070100
2024-11-22,41.02724251932449,41.25138207071512,40.989884739881404,41.17667007446289,3333900
2024-11-25,41.42883270404746,41.9144731836306,41.391474921933174,41.72768783569336,4625700
2024-11-26,41.680987773027496,42.00785942373964,41.52688961084871,41.93314743041992,3183800
2024-11-27,42.12926918512847,42.47668653474739,42.11992795959138,42.222660064697266,3531500
2024-11-29,42.25068195696319,42.42812606066582,42.003189346685154,42.02653884887695,3737500
2024-12-02,41.79305908425575,41.86777464296228,41.24204430801384,41.39147186279297,4837300
2024-12-03,41.42883116794449,41.512884393268,41.12063482088026,41.14865493774414,4164900
2024-12-04,41.14865629265499,41.17667284780732,40.8031021534835,41.036582946777344,3315800
2024-12-05,40.793763252630974,40.961869703717056,40.672352246261234,40.93385314941406,2971300
2024-12-06,41.04592552298818,41.16733653702998,40.68636309441974,40.8778190612793,3624700
2024-12-09,40.95252705993238,41.08794633876711,40.79843245396468,40.96186828613281,5211000
2024-12-10,40.89650029268492,40.89650029268492,40.17270834321503,40.298789978027344,4090500
2024-12-11,40.41085444462089,40.52292422318811,40.08397921006828,40.19605255126953,4988900
2024-12-12,40.1493582717456,40.60697862570634,40.09332159951945,40.168033599853516,3418100
2024-12-13,40.13068383722539,40.22407473867189,39.91588191379083,39.999935150146484,3833300
2024-12-16,40.01860749784626,40.28944607954455,39.775789034601274,39.79446792602539,3642900
2024-12-17,39.59834051190743,39.97657822399138,39.476929512452706,39.61701583862305,5319100
2024-12-18,39.486271285693746,39.68239786296002,38.02001216416696,38.066707611083984,9802600
2024-12-19,38.1040689103618,38.37490751516463,37.36626866802357,37.412967681884766,8386500
2024-12-20,37.59040720092129,38.4963138064274,37.4970163099478,38.0947265625,9792600
2024-12-23,37.956902782581714,38.325049245033846,37.8341896957293,38.26841354370117,6917200
2024-12-24,38.12681699897416,38.55160276270924,38.098499148374295,38.523284912109375,2812100
2024-12-26,38.41944909646969,38.645999109676346,38.230655018165784,38.57992172241211,4044800
2024-12-27,38.353370696647616,38.693199308433414,38.136258772661684,38.26841354370117,4588800
2024-12-30,38.1645769928012,38.18345676041068,37.687872763267386,38.08905792236328,4493500
2024-12-31,38.39112854003906,38.46664761350202,38.02298205927618,38.39112854003906,7590600
2025-01-02,38.43832324605578,38.48552085849624,37.919138706369786,38.03241729736328,9786400
2025-01-03,38.1173775781967,38.608240710071755,37.994660894991114,38.55160140991211,5128600
2025-01-06,38.57048605226906,38.69320275098708,37.96634784465381,38.02298355102539,5980200
2025-01-07,38.15513596179462,38.35808896588704,37.65011387267361,37.73979187011719,8867700
2025-01-08,37.76811397895809,37.91914853849778,37.39525022333506,37.900272369384766,6312800
2025-01-10,37.30557184124032,37.39996708964944,36.951584258284285,36.984622955322266,8343100
2025-01-13,36.9374192071398,37.465094823910995,36.86190014017474,37.456600189208984,5769300
2025-01-14,37.57932138518302,37.86251071841354,37.48492254014103,37.77755355834961,5022100
2025-01-15,38.75927238635441,38.84422952985896,37.8908211859805,37.938018798828125,6511000
2025-01-16,38.032424903337336,38.82063635166031,37.90498736322061,38.78759765625,5600900
2025-01-17,38.90086936679766,38.9952682034909,38.75927651317893,38.77815628051758,4913400
2025-01-21,38.94806917835102,39.52388951129586,38.929193010896626,39.48613357543945,6105700
2025-01-22,39.41061509628909,39.41061509628909,38.759279280859246,38.797035217285156,5837100
2025-01-23,38.88199358038137,39.11798529485529,38.509126239398846,39.10854721069336,3916200
2025-01-24,38.97639104138639,39.49557207458599,38.94806958801166,39.22182083129883,4038800
2025-01-27,39.1746209076325,39.65132513417139,39.08966375439733,39.60884475708008,11135800
2025-01-28,39.552208088554075,39.552208088554075,38.99526756450607,39.12742233276367,4366300
2025-01-29,39.17462146323477,39.250140534269306,38.49496422771401,38.674320220947266,3945600
2025-01-30,39.26901629663149,39.47669013889002,38.83856983938953,39.184059143066406,4481500
2025-01-31,39.06134608605307,39.48613185421271,38.976388932421145,39.09910202026367,4730300
2025-02-03,38.77815597950372,39.18405837081788,38.400567837556615,39.033023834228516,7439600
2025-02-04,38.76871429543398,39.13403040865885,38.627117841966964,39.033023834228516,4559300
2025-02-05,39.486130015088875,39.7457187050781,39.08966211629013,39.646602630615234,4356900
2025-02-06,39.87315867305655,39.882596756511,39.476690749966565,39.75988006591797,3680600
2025-02-07,39.86371974471661,39.896758440512684,39.43893394094729,39.618289947509766,5337100
2025-02-10,39.70324439539654,39.736283088935124,39.31149731419082,39.674922943115234,3907600
2025-02-11,39.486134016131444,39.90147812276848,39.42477386790316,39.89203643798828,3276300
2025-02-12,39.108542425548,39.69380079756836,39.108542425548,39.552207946777344,6834300
2025-02-13,39.46725181193044,39.96755304597651,39.33509343979704,39.86371612548828,7069100
2025-02-14,39.97699472052638,40.10915310453211,39.69380538526678,39.7032470703125,4528100
2025-02-18,39.59940361747964,40.010026825634384,39.571082167955495,39.84483337402344,5622200
2025-02-19,39.67492336648478,40.011921645121944,39.61356682095768,39.92035675048828,4405400
2025-02-20,39.920352037645344,40.26018062094823,39.69851929015889,40.1941032409668,3947300
2025-02-21,40.20354473765069,40.26018403999357,39.66548396870936,39.86371612548828,5072100
2025-02-24,39.92978912613278,40.25545877718243,39.71267722574869,40.04306411743164,4435200
2025-02-25,40.17522615837973,40.66608930027396,40.165784474353416,40.46785354614258,5698200
2025-02-26,40.54337019329353,40.63304458050383,40.15162315138663,40.26961898803711,5472200
2025-02-27,40.27906030288717,40.66609013506858,40.20354483386338,40.448974609375,4040600
2025-02-28,40.647212946346635,40.821844505076186,40.288504543120716,40.73217010498047,5771500
2025-03-03,40.87376230594527,41.29477069817033,40.75104561192018,41.08143615722656,9874300
2025-03-04,41.11919421919988,41.40332698115761,40.51505245540882,40.60945129394531,9765700
2025-03-05,40.16578753229951,41.095595427574565,40.15634944850203,40.987037658691406,5564100
2025-03-06,40.64721027030132,40.73216742334192,39.802359581994075,39.86371612548828,7954300
2025-03-07,39.93923645270508,40.247913278249754,39.589966145348896,40.09027099609375,7083600
2025-03-10,40.052513797101085,40.48673768456232,39.51445297982351,39.7032470703125,9447900
2025-03-11,39.80708006105793,39.943955685476126,39.066066232964765,39.287899017333984,7103500
2025-03-12,39.35397150055409,39.47196734127397,39.02358458691733,39.14630126953125,6013500
2025-03-13,39.15573959617288,39.372851512335615,38.32788180960039,38.38168716430664,6167200
2025-03-14,38.74511335207863,39.160461024828074,38.513842507627835,39.12742233276367,4548100
2025-03-17,39.136859679738706,39.95339248389818,39.136859679738706,39.8165168762207,4422800
2025-03-18,39.816516431926274,40.01474857837244,39.42004853808668,39.571083068847656,4860300
2025-03-19,39.599410178348045,39.91752510630624,39.28318214702168,39.618289947509766,3919100
2025-03-20,39.61828428548011,39.79763666546275,39.40117237257041,39.571083068847656,3452800
2025-03-21,39.391732985324936,39.45781037132584,38.93390852449906,39.184059143066406,6237900
2025-03-24,39.425363787302985,39.810116177837756,39.24486342640926,39.729366302490234,4457800
2025-03-25,39.72936456113451,39.73886667781529,39.02636013457544,39.25436019897461,4660800
2025-03-26,39.434860627170146,39.6391126482483,39.27716245472438,39.453861236572266,3717700
2025-03-27,39.510868919006576,39.824369960602965,39.25911714911954,39.35886764526367,3586700
2025-03-28,39.529865301332805,39.56786652170127,39.107111690722206,39.33986282348633,4905600
2025-03-31,39.453863386751514,40.009621276063314,39.396865179434535,39.75786590576172,7736800
2025-04-01,39.89086704623579,39.976367974492845,39.30185904091132,39.7863655090332,5903000
2025-04-02,39.719865165822604,40.06661631288189,39.52036058401243,39.97636795043945,4657000
2025-04-03,39.57736542621025,39.95737038585344,38.72235607901101,38.77935791015625,11584800
2025-04-04,38.58935494765509,38.58935494765509,36.969591890826976,37.0123405456543,15419700
2025-04-07,36.385332637296614,37.50634319790224,35.31182178709042,36.11933135986328,25297200
2025-04-08,36.945839497113035,37.03609148752736,34.81307088023612,35.22632598876953,16319500
2025-04-09,34.63731943814864,37.4160944100206,33.97231256371875,37.24984359741211,27138900
2025-04-10,36.879340602371585,37.28784466827491,35.55882897612425,36.46133804321289,19936700
2025-04-11,36.271330349069004,37.05983563979031,35.853327849987444,36.974334716796875,10742800
2025-04-14,37.26884716978202,38.0003544273888,37.15484712121879,37.791351318359375,6543600
2025-04-15,37.92434934399863,38.14285455589084,37.6583480411677,37.848350524902344,4272300
2025-04-16,37.990852895703355,38.33285301404772,37.59184732164106,37.829349517822266,6021900
2025-04-17,37.971848889603685,38.740404130218195,37.971848889603685,38.427852630615234,4793500
2025-04-21,38.104852871797256,38.19035380724017,37.15484408865196,37.62984848022461,4364300
2025-04-22,38.17135295029835,38.57985701433357,37.981350470096594,38.39935302734375,4213200
2025-04-23,38.72235725127861,39.16886254877733,38.21885374490498,38.44685745239258,8046200
2025-04-24,38.465856438702076,38.860107321420536,38.2711029026158,38.560855865478516,5093400
2025-04-25,38.5798591047327,38.72235825460823,38.26160701694831,38.50385665893555,4511000
2025-04-28,38.494359004459696,38.845861263944734,38.38985745120832,38.74135971069336,4403400
2025-04-29,38.750860445103726,39.22586485274463,38.68436011795368,39.05486297607422,4088100
2025-04-30,38.80786209175033,39.377869605800754,38.58936047976306,39.23536682128906,5100700
2025-05-01,39.349361419677734,39.681866662779214,39.09760967606978,39.349361419677734,6986300
2025-05-02,39.8291226895267,39.95737592137216,39.65337336114079,39.8338737487793,4073900
2025-05-05,39.82911416116393,40.00011601767805,39.54886333320754,39.7863655090332,3018300
2025-05-06,39.605863683695915,39.829116320917315,39.330363899035696,39.5108642578125,2531600
2025-05-07,39.53936285975048,39.82151629712292,39.425362825335796,39.482364654541016,3892500
2025-05-08,39.69136414590849,39.71036475565901,39.221110832569245,39.292362213134766,3841000
2025-05-09,39.320862177054536,39.6619164251548,39.22586275021679,39.52986526489258,2540300
2025-05-12,40.004870449667045,40.033369553490964,39.36836268029759,39.567867279052734,5525700
2025-05-13,39.49186576082517,39.586865191791475,38.89811025729581,39.03586196899414,6501800
2025-05-14,38.940863719850206,38.940863719850206,38.51335901953546,38.70336151123047,4416300
2025-05-15,38.874358499734875,39.43011640401979,38.8078581734095,39.41586685180664,4703800
2025-05-16,39.49186378408456,39.92886694304921,39.35886313779061,39.90986633300781,3421200
2025-05-19,39.59636700176468,40.0286191204991,39.548867286650434,39.99536895751953,3023400
2025-05-20,39.67236185536005,39.90986403118571,39.65336487041013,39.7863655090332,2311800
2025-05-21,39.586866902126836,39.67236784328894,38.712860502688585,38.73186111450195,3708700
2025-05-22,38.79835885436976,38.826857958189656,38.29010430027146,38.59885787963867,3599300
2025-05-23,38.56561163045977,38.722360341370496,38.37750810377211,38.608360290527344,3751400
2025-05-27,38.94085910172231,39.35600955008713,38.80785483651196,39.2448616027832,3626800
2025-05-28,39.28285919741906,39.28285919741906,38.96270817163739,39.2448616027832,3491900
2025-05-29,39.24486096467559,39.767365028378535,39.19735763016073,39.60586166381836,4811800
2025-05-30,39.453865004504635,39.74836904236972,39.24486552911281,39.64386749267578,6882700
2025-06-02,39.358859186105654,39.7151124346229,38.98835638748698,39.700862884521484,4756500
2025-06-03,39.510868964261554,39.61537051957879,39.24011658184701,39.55836868286133,6276900
2025-06-04,39.46336790947822,39.84336926940621,39.354115298801304,39.68186950683594,2969700
2025-06-05,39.7388672269474,39.876615304761046,39.47761337455104,39.67236328125,5412000
2025-06-06,39.8623643208197,40.00486707591333,39.59161198533827,39.7863655090332,3533600
2025-06-09,39.73411434263024,40.02861471834846,39.49186111099464,39.767364501953125,4581000
2025-06-10,39.87187288792997,40.12837571419926,39.80537255785973,40.118873596191406,4832800
2025-06-11,40.11886931573376,40.299369674666586,39.73316744247859,39.900367736816406,4809300
2025-06-12,39.90037199396116,40.18537392626165,39.85287227591044,40.118873596191406,4151500
2025-06-13,39.90036564269955,40.06186538316401,39.510862218290164,39.79586410522461,6375700
2025-06-16,39.90037408233014,40.299376083635174,39.681872468663606,39.8338737487793,6304400
2025-06-17,39.814866041465415,39.91936758242396,39.52036202821822,39.67236328125,5610100
2025-06-18,39.73887263015973,40.042875177557875,39.53936801393277,39.74837112426758,5529900
2025-06-20,39.91937290763132,40.11412284030974,39.69136918567031,39.73887252807617,5834600
2025-06-23,39.84910790726985,40.36196012777522,39.79638447421783,40.318824768066406,6057900
2025-06-24,40.42426183076976,40.659122053846154,40.1702327774787,40.510536193847656,5292600
2025-06-25,40.232549397223075,40.31882377128632,39.48004655664081,39.5231819152832,10960100
2025-06-26,39.51359547521819,39.52317989105502,38.79943399330189,39.27394485473633,14023700
2025-06-27,39.34104975056097,39.81076295490284,39.21643039446314,39.4177360534668,6608200
2025-06-30,39.44649517371018,39.753247687668996,38.98636274599355,39.70531463623047,6959500
2025-07-01,39.6382150840179,40.26130822158725,39.59507972331994,39.97372817993164,9438400
2025-07-02,39.92579933524616,40.12326904068035,39.72449001219923,40.0504150390625,6737400
2025-07-03,40.06000329055984,40.22775801319461,39.89703894801557,40.06958770751953,5758100
2025-07-07,39.98331462129144,40.30923966014548,39.52318579998788,39.76283645629883,6417800
2025-07-08,39.59028335769052,39.87498915459693,39.53276954680975,39.70531463623047,5768600
2025-07-09,39.74365959332058,39.801177060948866,39.52797548907673,39.6861457824707,4867800
2025-07-10,39.72448684305501,40.15585870548629,39.58069866009684,39.887451171875,6045300
2025-07-11,39.59027892991176,39.954548870789786,39.45607517716144,39.84910202026367,5802500
2025-07-14,39.83951981321056,40.13668423740569,39.80117483693435,40.11751174926758,7270600
2025-07-15,40.1270993938666,40.17502878531172,39.49442191916792,39.59986877441406,6427500
2025-07-16,39.916207280481736,40.06478949694002,39.63342129989618,40.0312385559082,8487900
2025-07-17,39.983312774782895,40.15586153190044,39.80597363764111,39.99290084838867,7848700
2025-07-18,40.031243080961524,40.24693086064268,39.92579986635551,40.107933044433594,5608100
2025-07-21,40.31402637535315,40.539298536456215,40.16544416559503,40.26130294799805,5336600
2025-07-22,40.43385560526042,41.0138097056645,40.38113217278927,40.96108627319336,6165500
2025-07-23,41.01860084629017,41.1336321195701,40.884397084667214,41.076114654541016,5625700
2025-07-24,41.00901239139594,41.176770748638845,40.932326095517034,41.01860046386719,6727900
2025-07-25,41.02818487956022,41.06652985588878,40.577644206423365,41.01860046386719,4698000
2025-07-28,40.82688084966322,40.90356714856748,40.27088964129931,40.309234619140625,4776600
2025-07-29,40.5297108010024,41.01860010294429,40.299648258611775,40.980255126953125,9447100
2025-07-30,40.89398364103981,40.99943050405695,40.13668676735168,40.40509796142578,9908200
2025-07-31,40.13668456241444,40.357162692620676,39.63821083712189,39.69572830200195,10320700
2025-08-01,40.11272075916103,40.13668362638521,39.34104549304634,39.58069610595703,9602600
2025-08-04,39.64780262684543,40.03124145832723,39.61425168338104,39.91621017456055,6584500
2025-08-05,39.89703877093736,40.16065594589246,39.734078085895064,40.0504150390625,6265300
2025-08-06,40.17503358014573,40.17503358014573,39.700526331684486,39.71490478515625,7569500
2025-08-07,39.954552875516065,39.954552875516065,39.59987097101428,39.86827850341797,6429600
2025-08-08,39.944962039801545,39.98330701514373,39.4704548544709,39.54235076904297,7161600
2025-08-11,39.38898015329406,39.580701400624584,39.273948867607196,39.31229019165039,6054800
2025-08-12,39.369802644180204,39.4560770116421,39.00936864667037,39.379390716552734,8099800
2025-08-13,39.446492729867956,39.68614334509977,39.28352840998567,39.63821029663086,4962700
2025-08-14,39.38418854940017,39.43691198709245,39.0822300345271,39.360225677490234,7988300
2025-08-15,39.360222129531,39.74845499319777,39.34104963966396,39.61904525756836,5689600
2025-08-18,39.70531462283375,39.70531462283375,39.23560143583336,39.24518585205078,4496900
2025-08-19,39.446495268748606,39.96413785181475,39.40815029021677,39.94496536254883,6803400
2025-08-20,40.050413656937444,40.443440558993586,39.99289984386197,40.09834671020508,7026700
2025-08-21,39.925794792519156,40.117512363278095,39.79638140980078,39.954551696777344,5851800
2025-08-22,40.27568413325088,40.82208727494522,40.194203797000306,40.58723068237305,6488900
2025-08-25,40.53930155028298,40.67350531833562,40.31402937243243,40.38592529296875,6213400
2025-08-26,40.34757923722538,40.45302609695959,40.117513029007256,40.27088928222656,4318200
2025-08-27,40.376337598986325,40.59681574239664,40.31882378744009,40.44343948364258,5171300
2025-08-28,40.47219355491666,40.48177796971098,40.12709611387508,40.337989807128906,4199700
2025-08-29,40.42426426266517,40.57764416783355,40.347577966859184,40.5584716796875,4810600
2025-09-02,40.19420350281317,40.28047787491126,39.72736454890603,39.86827850341797,8204200
2025-09-03,39.75325203902907,39.9401792584093,39.62863267384931,39.76283645629883,5668000
2025-09-04,39.916207280481736,40.09834409475015,39.657384168188436,40.0312385559082,5991100
2025-09-05,40.242128124261285,40.635154960145016,40.19419873584189,40.4338493347168,5298300
2025-09-08,39.93538102026871,40.18461606763042,39.82993415750006,40.16544723510742,7678500
2025-09-09,39.99768488884336,40.155855167261144,39.93729319910207,40.146270751953125,4308300
2025-09-10,40.155854986068455,40.43385056686144,40.059996206308554,40.127098083496094,4006500
2025-09-11,40.18461357638569,40.85563603322195,40.179823196941136,40.77894973754883,3604900
2025-09-12,40.66391890336393,40.81729882371055,40.558475693293474,40.59681701660156,2515100
2025-09-15,40.64474396658294,40.79812020711889,40.438644300539835,40.54888153076172,3844000
2025-09-16,40.51054026763996,40.63515961723503,40.23254832023636,40.309234619140625,5432500
2025-09-17,40.424265715751794,40.884398134240385,40.25172062979149,40.290061950683594,7312900
2025-09-18,40.30444265805159,40.510542353588065,40.20858386529077,40.318824768066406,5162000
2025-09-19,40.357162365826596,40.42905828214994,40.11751174926758,40.11751174926758,5331000
2025-09-22,40.13393434729321,40.33677645617344,39.921434669523336,40.24984359741211,4786500
2025-09-23,40.269159685344285,40.63137929147134,40.25950211711045,40.56859588623047,3002000
2025-09-24,40.52995946007485,40.52995946007485,40.1435940794256,40.15325164794922,3990500
2025-09-25,40.201545328953955,40.341604017687835,40.03251025106422,40.05665969848633,3559500
2025-09-26,40.19188775339475,40.535753923879724,40.10012427483365,40.45268630981445,3436200
2025-09-29,40.49132298773523,40.61689349030515,40.317460956461964,40.52996063232422,3891100
2025-09-30,40.58792021708014,40.723148298840925,40.38507809443897,40.69417190551758,3940800
2025-10-01,40.67485308173906,40.892183401041905,40.57825896284644,40.69417190551758,6818800
2025-10-02,40.56859942538335,40.607237071066145,40.26916319837473,40.481666564941406,6391600
2025-10-03,40.52995728454768,40.95013334419704,40.52995728454768,40.645870208740234,4820800
2025-10-06,40.66036086906781,40.66518781101903,40.21120839347419,40.24018478393555,4921700
2025-10-07,40.288478284102,40.288478284102,39.935919932843326,40.1146125793457,5191500
2025-10-08,39.89728548586539,40.06632057772419,39.82484082230057,39.911773681640625,6809300
2025-10-09,40.00353535752928,40.03734237437118,39.62682754566571,39.728248596191406,4517100
2025-10-10,39.80552264161024,39.90211675615056,39.23563026223284,39.29358673095703,10153200
2025-10-13,39.30324370622328,39.550519477146146,39.22597210044725,39.5157470703125,6720700
2025-10-14,39.45779551809234,39.94075508959745,39.39018147285675,39.892459869384766,7769100
2025-10-15,40.018024640372445,40.587917000260646,39.998705818125046,40.472007751464844,7393900
2025-10-16,40.558942732730856,40.71348963411289,40.307801715054566,40.346439361572266,9443200
2025-10-17,40.37541277750724,40.66422234726084,40.21120831894587,40.607234954833984,9458500
2025-10-20,40.846784062070896,41.0419030754548,40.71349044290779,41.03224182128906,4826100
2025-10-21,40.93565351070778,41.144291658303864,40.80525236552957,40.906673431396484,6887700
2025-10-22,41.09019470214844,41.15780873664575,40.84871495474703,41.09019470214844,7755300
2025-10-23,41.138488486979966,41.26405898298356,40.670017203729365,41.05155563354492,9446300
2025-10-24,41.26405949808268,41.4186063855977,41.18678421198095,41.19644546508789,7820300
2025-10-27,41.21575707448076,41.31814718827136,41.00325742526464,41.28337478637695,6851400
2025-10-28,41.085361748616464,41.157806405671685,40.346434352967506,40.365753173828125,17438000
2025-10-29,39.94075066803238,40.104958820204104,39.14869735322188,39.264610290527344,13140800
2025-10-30,39.288759257396144,39.73791179316392,39.19699944707903,39.48677444458008,14353400
2025-10-31,39.196994474091525,39.6596660751225,39.11006161740163,39.50608825683594,9788100
2025-11-03,39.10039890234107,39.47710670568511,38.9072143741756,39.438472747802734,10847400
2025-11-04,39.5350659417665,39.60751060549447,39.35154265371915,39.54472351074219,8413000
2025-11-05,39.660635198128766,39.71858797953595,39.317734397611595,39.535064697265625,6925600
2025-11-06,39.47710504225383,39.6461401155179,39.312900595279665,39.34187698364258,8171900
2025-11-07,39.5254095184717,39.88280225395605,39.40950025315497,39.86348342895508,7674200
2025-11-10,39.78620046358932,39.99387318647738,39.55438197761889,39.83449935913086,6823600
2025-11-11,39.911777373328846,40.29331586435166,39.90211980348162,40.27882766723633,5743700
2025-11-12,40.06631560307049,40.22569310618697,39.95523699279285,39.96006393432617,5801500
2025-11-13,39.776542908576,39.9117709728853,39.38534691044002,39.438472747802734,8032500
2025-11-14,39.612338924161314,39.63165774747268,39.32256394386847,39.554386138916016,6434600
2025-11-17,39.699270957960245,39.70893221175863,39.17767747819735,39.29358673095703,5861900
2025-11-18,39.33222107307731,39.5592126173201,39.15835536619723,39.438472747802734,6634200
2025-11-19,39.457788051630324,39.457788051630324,39.00380864590908,39.12937545776367,7201800
2025-11-20,39.43847378628143,39.5833594227043,38.97966005922109,38.99414825439453,7477000
2025-11-21,39.26460850877383,39.679953970215735,39.061762720038374,39.50608825683594,7858600
2025-11-24,39.5447261284737,39.636489620916144,39.245293569453345,39.56404495239258,6796900
2025-11-25,39.67029387759822,40.0470017060472,39.64131748608327,39.88279724121094,5898100
2025-11-26,39.766881068174385,40.26433241837611,39.75722350001855,40.05665969848633,6814100
2025-11-28,40.0663203109998,40.3609259054305,40.00836384359604,40.24984359741211,3771900
2025-12-01,39.82484141779424,39.97938831618872,39.67512514629328,39.689613342285156,6008700
2025-12-02,39.83450114258781,39.844158711315465,39.4433014423794,39.593021392822266,5411600
2025-12-03,39.54472520513575,39.76688614798221,39.471315149833636,39.67029571533203,4501400
2025-12-04,39.59302263726763,39.88279760915647,39.54472373804559,39.60268020629883,7427000
2025-12-05,39.593021392822266,39.79103287159196,39.4915966553948,39.593021392822266,4553300
2025-12-08,39.573704364203934,39.60751138331574,39.32256334964017,39.35154342651367,6046300
2025-12-09,39.44813307442266,39.6847822035111,39.09074406737439,39.119720458984375,6325000
2025-12-10,39.22597117238851,39.484835283005616,39.15256112205935,39.19699478149414,7956300
2025-12-11,39.28392579978372,39.53023618802351,39.23563058446128,39.40949630737305,10300400
2025-12-12,39.573705615232946,39.71859126542574,39.22114353218834,39.361202239990234,7441900
2025-12-15,39.58336110712477,39.58819173395098,39.230802727273456,39.5157470703125,7820400
2025-12-16,39.55438359840098,39.62199763330361,39.120684701935346,39.16801452636719,7722200
2025-12-17,39.172841910378516,39.47710504225383,39.158353716197055,39.34187698364258,8811800
2025-12-18,39.48677192719326,39.59302361259725,39.05210761630819,39.10040283203125,9482100
2025-12-19,38.99415077658411,39.23176898380111,38.941024934386256,38.95551681518555,8338000
2025-12-22,38.912543197929644,39.293371732873965,38.790483772936184,39.244544982910156,6797800
2025-12-23,39.28361001868096,39.28361001868096,39.05413767375809,39.23478698730469,8384200
2025-12-24,39.254318300438555,39.55702334040006,39.254318300438555,39.488670349121094,3242600
2025-12-26,39.40078494769477,39.58631767672786,39.36074909458588,39.56678771972656,5973000
2025-12-29,39.73278429303265,39.781611044975136,39.566785256294395,39.674198150634766,9519300
2025-12-30,39.674202013825074,39.78161491862454,39.60584902439969,39.7620849609375,7967100
2025-12-31,39.72302223037962,39.73278534605195,39.39102042314603,39.40078353881836,6082600
2026-01-02,39.3910243120535,39.55214367374076,39.107845505141114,39.430084228515625,9211900
2026-01-05,39.298255415813955,39.64490377097759,39.107842991498124,39.478904724121094,12232000
2026-01-06,39.312902105710634,39.8694965692962,39.29337587361708,39.7425537109375,9052600
2026-01-07,39.91832185390145,40.0257347612745,39.18596518540379,39.19572830200195,12482300
2026-01-08,39.04925932660167,39.67908278553515,38.961376377106056,39.488670349121094,8785000
2026-01-09,39.45937352857329,39.79625875715391,39.45937352857329,39.54725646972656,7050200
2026-01-12,39.59608334889415,39.85973219799398,39.50332070334768,39.66443634033203,8398900
2026-01-13,39.65467213872478,40.01108362361962,39.30314034954295,39.96714401245117,8778300
2026-01-14,39.93784988640961,40.421204221324196,39.93784988640961,40.41632080078125,9738100
2026-01-15,40.5627963443462,40.865501389106626,40.47002997258609,40.719032287597656,23308300
2026-01-16,40.63114576705283,41.343972428322026,40.5627927806954,41.2170295715332,9540900
2026-01-20,40.943621102543965,41.01197409470511,40.38703032354109,40.426090240478516,9263900
2026-01-21,40.670205325190985,40.77761449927213,40.245437149432504,40.57255554199219,9950200
2026-01-22,40.58232472717525,40.704384169506184,40.152673106196865,40.172203063964844,9731900
2026-01-23,40.16243748042175,40.357733321146135,39.96714163969737,40.27961349487305,7587100
2026-01-26,40.43585326686768,40.53838275488027,40.22102744915063,40.25032424926758,6462100
2026-01-27,40.31867340800959,40.377259552756065,40.10384761071693,40.27961349487305,6453200
2026-01-28,40.26496798196471,40.39679053595272,39.786493346278114,39.88902282714844,8519200
2026-01-29,40.084317695284895,40.47490937713451,39.879258738545104,40.39678955078125,8650900
2026-01-30,40.338203471322615,40.465142601914785,39.9261299540458,40.455379486083984,10617900
2026-02-02,40.52373475634459,40.60673428293982,39.9866739563727,39.996437072753906,9386900
2026-02-03,39.908550284411334,40.11361295826564,39.57654848502603,39.8499641418457,8709700
2026-02-04,40.084321525167226,40.665325683067394,39.93785242419789,40.484676361083984,9573700
2026-02-05,40.367495140068534,40.52861448286176,40.030609918766004,40.26008224487305,9894800
2026-02-06,40.601853895652475,41.05591143633656,40.49444099249596,41.0022087097168,8181400
2026-02-09,40.93385335139671,41.285385146106115,40.709264421434284,41.2560920715332,5638900
2026-02-10,41.28049946024195,41.93473619716032,41.22679301467903,41.83220672607422,10547700
2026-02-11,41.929857833402124,42.05680069503677,41.715035750203334,41.79315185546875,13760200
2026-02-12,42.31068516160335,42.72080308322224,41.85174048506547,41.86150360107422,17848900
2026-02-13,42.02261953647068,42.632916673764,41.86150019823529,42.476680755615234,10767600
2026-02-17,42.62315505794512,42.93074348497637,42.38879930999875,42.90633010864258,9757700
2026-02-18,42.78916017466322,42.891689664902984,42.22768596386181,42.33021545410156,10995700
2026-02-19,42.27162546756295,42.520624039144764,41.9982097934362,42.18374252319336,6655300
2026-02-20,42.232565756892924,42.535274505615234,42.13979939156738,42.535274505615234,7468400
2026-02-23,42.48644902712507,42.91610064789669,42.418096037449324,42.58409881591797,8647500
2026-02-24,42.49621590263415,42.764744440873635,42.41809607153705,42.70127487182617,10590000
2026-02-25,42.66221351148303,42.76962641312462,42.31068545832662,42.418094635009766,8744800
2026-02-26,42.63291932364492,42.691509193451694,42.393683873944354,42.6036262512207,8774100
2026-02-27,42.52550651881318,42.98933460798583,42.49133002592327,42.808685302734375,10826300
2026-03-02,42.53527083476624,43.03327166230965,42.349738120126865,42.88679885864258,13308300
2026-03-03,42.29115316654454,42.81844707964929,41.91032461130467,42.67197799682617,12288100
2026-03-04,42.525505166612504,42.77450744972616,42.24720981194132,42.73056411743164,7850700
2026-03-05,42.26185614660982,42.37903588219877,41.93962118613577,42.3204460144043,9182400
2026-03-06,41.939624723810844,41.98844775527876,41.66620904266513,41.88103485107422,11703200
2026-03-09,41.422090208708624,42.11050724557287,40.992442316347564,41.96891784667969,10771000
2026-03-10,41.841971113876575,42.27650238667846,41.65155870107387,41.91032409667969,10506900
2026-03-11,41.74432863981351,41.77362171353894,41.29515079288392,41.41232681274414,7164700
2026-03-12,41.080324837509266,41.43185662078054,40.99244189169144,41.148677825927734,6487100
2026-03-13,41.607623866242605,41.70526993145805,41.20726903892548,41.2560920715332,7916200
2026-03-16,41.55879722261721,41.85076317869549,41.49044423791382,41.57832717895508,9002800
2026-03-17,41.92985656154589,42.047036303327396,41.67597457093611,41.71503448486328,5654600
2026-03-18,41.549028740475435,41.5832052314769,41.0022048844519,41.031497955322266,6351100
2026-03-19,40.92408621913671,41.09985209924419,40.67508393482475,40.9338493347168,9645500
2026-03-20,40.86549691820996,40.95337985948398,39.459373582784,39.63513946533203,15901300
2026-03-23,40.22594112848604,40.41272087834626,39.90154031293114,39.9310302734375,15314800
2026-03-24,39.73442457047651,40.039167933707034,39.537819820000294,39.606632232666016,9942800
2026-03-25,39.77374729720857,39.89171464830909,39.41002400630347,39.586971282958984,9903600
2026-03-26,39.508326107432666,39.9113718459013,39.35104005705455,39.606632232666016,14478400
2026-03-27,39.53781992530985,39.76391838895591,39.26256652391857,39.33137893676758,6122400
2026-03-30,39.77374812877595,40.058830274902974,39.36087364127778,39.52798843383789,12617000
2026-03-31,39.99984548472807,40.44221367330237,39.67052840267647,40.137474060058594,13395200
2026-04-01,40.176794854013245,40.42747079893546,40.05883124757739,40.25543975830078,11565600
2026-04-02,40.196454360904006,40.982884620166935,40.009678346202584,40.90424346923828,7354700
2026-04-06,40.81576957603453,41.15983164044183,40.70271846916056,41.05169677734375,5149600
2026-04-07,40.88457879969209,41.16474467313934,40.65356411018394,41.01237487792969,5421400
2026-04-08,41.59237290889457,41.79389391256213,41.40559313720782,41.72016525268555,5836500
2026-04-09,41.572709510064385,42.37880098259382,41.51372583524691,42.005245208740234,5202000
2026-04-10,42.04456829432842,42.23134430908164,41.89219848624015,42.093719482421875,4989700
2026-04-13,41.93643441690303,42.30507396126751,41.828299550556856,42.29032897949219,4079300
2026-04-14,42.241173919440996,42.73760576036426,42.12812281953079,42.6933708190918,4873600
2026-04-15,42.60981751278999,42.68845866591901,42.398464023137386,42.67371368408203,3029500
2026-04-16,42.79167546432098,43.08659008846822,42.73269553948771,43.06692886352539,4316700
2026-04-17,43.18489248806042,43.80420794913302,43.13574130067264,43.725563049316406,3840300
2026-04-20,43.64692343919064,43.8926831347942,43.57024353416589,43.882850646972656,3628800
2026-04-21,43.82386759409948,43.88776376040042,43.00794366289716,43.03743362426758,5080900
2026-04-22,43.165230421507864,43.39132887907954,42.56557619708095,42.722862243652344,5116300
2026-04-23,42.90964634959275,43.26353717773749,42.762189025369125,43.214385986328125,4159300
2026-04-24,43.253708428679005,43.43065571770506,43.057099913094994,43.08659362792969,3581000
2026-04-27,42.91947227273985,43.224215639482296,42.69337380709041,42.752357482910156,4082400
2026-04-28,43.00794375306616,43.20455224593634,42.590153049463964,43.16522979736328,6136400
2026-04-29,43.00794565437444,43.28319530656395,42.74252473976515,42.899810791015625,9108500
2026-04-30,42.80150911955429,43.72064797323859,42.76218666859578,43.64692306518555,7471300
2026-05-01,43.73539781216462,43.81895521007051,43.42082194652727,43.56827926635742,7212400
2026-05-04,43.41098901619118,43.68623865329723,43.15540060316342,43.33234786987305,4220400
2026-05-05,43.37166714300761,43.51912445055214,43.10624623942453,43.42081832885742,5810800
2026-05-06,43.68624077003883,44.14827018327802,43.66166705124657,43.98115539550781,5308700
2026-05-07,43.80912161289757,43.9811563983422,43.425737091040446,43.64692306518555,6956200
2026-05-08,43.76488458533398,43.961493080774765,43.63217225716352,43.6567497253418,3267100
2026-05-11,43.63708624654453,44.049964440640764,43.63708624654453,43.81403350830078,4172300
2026-05-12,43.76488793440438,43.932002730820514,43.52404447780653,43.82387161254883,5022400
2026-05-13,43.47980145236195,43.666577456228715,43.18980683451655,43.460140228271484,5242500
2026-05-14,43.57810800739017,43.63217168668425,43.12590734879023,43.16522979736328,4745800
2026-05-15,43.06692941740805,43.096419380203955,42.43778146113167,42.49676513671875,4936600
2026-05-18,42.55574908202315,43.04235222121601,42.55574908202315,43.0079460144043,6060900
2026-05-19,42.97353900369974,43.288111102949436,42.77201426043294,43.19472122192383,4328300
2026-05-20,43.11607890406536,43.6960718994687,43.11607890406536,43.67641067504883,3861400
2026-05-21,43.51912553846611,43.78454644868433,43.238959647123856,43.74522399902344,3567800
2026-05-22,43.87301925875691,44.05979526613407,43.528953455699885,43.80420684814453,3829700
2026-05-26,44.010647649110616,44.14335623748386,43.79437791250711,43.951663970947266,4320200
2026-05-27,43.981155033902674,44.22199847605995,43.84352645981759,43.87302017211914,3436100
2026-05-28,43.77471332260821,43.99589928622727,43.553531108984295,43.6567497253418,3274000
2026-05-29,43.55844951924288,43.597768220290654,43.08167511283235,43.24387741088867,6642300
2026-06-01,42.97845522231767,43.07184135329348,42.53608703613281,42.53608703613281,6478200
2026-06-02,42.56557771781193,42.77201495818812,42.34439549597961,42.752357482910156,6160600
2026-06-03,42.64422227965336,43.21929905183864,42.58523860430285,42.77201461791992,5665400
2026-06-04,43.410992109429834,43.67641302840676,43.04235256918332,43.64692306518555,5184700
2026-06-05,43.57810642032982,44.285891718892664,43.46013907890688,43.941829681396484,5326500
2026-06-08,43.93200092859677,44.069629505287885,43.199638100825176,43.28319549560547,4974500
2026-06-09,43.52895714082789,44.42352230451715,43.44048349826542,44.20725631713867,5556000
2026-06-10,44.34487704798795,44.502163092439005,44.22691345214844,44.22691345214844,4560100
2026-06-11,44.29572488056691,44.47267214540234,43.96640406823735,44.15809631347656,5514100
2026-06-12,44.27606511474139,44.74792325317618,44.256403890223886,44.59063720703125,4002500
2026-06-15,44.54639803463066,44.87571885425842,44.10894610631382,44.22691345214844,5283800
2026-06-16,44.4431835442572,44.68894324589542,44.197423842618974,44.33504867553711,4003900
2026-06-17,44.19742275573897,44.290812640063436,43.101336613384326,43.22421646118164,11440200
2026-06-18,43.62726185039279,43.62726185039279,43.086591274564526,43.11608123779297,5730700
2026-06-22,43.30548418679475,43.85585189797427,43.11707148083064,43.652565002441406,4444100
2026-06-23,43.76164604658139,44.34374433492563,43.72197902042055,44.26738739013672,4137600
2026-06-24,44.40622027556569,44.505387845605505,43.9153530981506,44.13847351074219,5158800
2026-06-25,44.32689020589198,44.401264938049295,43.75172964558852,44.21780776977539,5642900
2026-06-26,44.515300180322775,44.91196287221831,44.406217750908716,44.86238098144531,5422100
2026-06-29,44.76321261492858,44.817753828658276,44.178137235437354,44.545047760009766,5151100
2026-06-30,44.0046008884788,44.14839102419795,43.61785683240601,43.662479400634766,9117300
2026-07-01,43.67239889150106,44.168225389952646,43.64760605343609,43.81122970581055,8072900
2026-07-02,43.99964263458839,44.3169712925642,43.930227227084686,44.30705642700195,5502500
2026-07-06,44.3566369193407,44.40621881129768,43.731894488686365,43.920310974121094,7036500
2026-07-07,44.153349538881386,44.748339801492975,44.1087231886148,44.51530075073242,4836400
2026-07-08,44.47563291462461,44.47563291462461,43.746771180196504,43.78147888183594,3957300
2026-07-09,43.831060948320285,44.09880769755195,43.71206365405814,43.860809326171875,2959200
2026-07-10,44.108724056349295,44.18805811044799,43.68231297270856,44.078975677490234,3608200
2026-07-13,44.237640118419655,44.57976160761638,44.12855768517688,44.32688903808594,4213900
2026-07-14,44.376469436753254,44.421092003656305,44.01451444616453,44.10872268676758,3944400
2026-07-15,44.2376388368777,44.66404990927969,44.02939262464114,44.18805694580078,4562500
2026-07-16,44.33680378380631,45.13508473454062,44.29713675676035,45.080543518066406,4227700
2026-07-17,45.298706362638974,45.57141243284131,44.84750246155069,45.04087448120117,3903300
2026-07-20,44.956585875044496,45.13012438586084,44.68388358172047,44.85246276855469,3255300
2026-07-21,44.9020460311351,44.986339409982385,44.65909210857231,44.822715759277344,3136900
2026-07-22,44.921876672904204,44.99129207491291,44.545047502817184,44.63429641723633,4064300
2026-07-23,44.455805099771105,44.892131051013685,44.44588645152927,44.57480239868164,4746200
2026-07-24,44.96650623350296,45.74495368265286,44.921879881677874,45.56645584106445,4737100
2026-07-27,45.472244738067225,45.67057608101722,45.268957854113886,45.37803649902344,4216400
2026-07-28,45.78461417785179,46.06723889577369,45.60612012983883,45.62594985961914,5833400
2026-07-29,45.66065983501702,45.82924280939136,45.29374929011653,45.57637023925781,6030800
2026-07-30,45.556536110667956,45.6557036774483,44.55496827474968,44.921878814697266,6483300
2026-07-31,44.90204427638693,44.96154481509695,44.41613645025036,44.69379806518555,6545800
2026-08-03,44.703719360659434,45.0111293717282,44.49546935426858,44.80288314819336,7515000
2026-08-04,44.27730492490227,44.857420982210165,44.059140069358484,44.79296112060547,6248200
2026-08-05,44.9020460311351,44.94171305849195,44.32192994175099,44.822715759277344,6007500
2026-08-06,45.154917186131016,45.15987651010911,44.28722084990032,44.435970306396484,4976400
2026-08-07,44.45580373460255,44.87725548339617,44.33680265649042,44.604549407958984,3863600
2026-08-10,44.331846693087876,44.37646925981301,43.87072792264933,44.02939224243164,5294800
2026-08-11,43.89055688231697,44.02939146968866,43.64264365057966,43.71206283569336,5552300
2026-08-12,43.83106063959911,44.16326346612129,43.731893076032655,44.1186408996582,4723500
2026-08-13,44.366556090642675,44.822715554595554,44.31697041524508,44.74338150024414,5761000
2026-08-14,44.741400125600784,44.94171369889454,44.664052069151914,44.89213180541992,4545900
2026-08-17,44.72354588117196,44.77313155423517,44.356635354209786,44.45580291748047,8542800
2026-08-18,44.80288136741362,44.80288136741362,44.2376394786537,44.25747299194336,6155700
2026-08-19,44.51530005672318,44.708672078199996,44.27234614461103,44.61446762084961,4617600
2026-08-20,44.644215739945125,44.93179599996157,44.45580304348042,44.70371627807617,4409000
2026-08-21,44.822713571482524,44.877254785722045,44.55893125700504,44.70371627807617,3968900
2026-08-24,44.81775437321569,45.02104504192479,44.59463397459641,44.951629638671875,4020900
2026-08-25,44.96154694880192,45.08550357318846,44.78304910705682,44.981380462646484,3148800
2026-08-26,44.991292285604615,45.08054120044171,44.6838822989424,44.71363067626953,3429200
2026-08-27,44.4161359421899,44.66900471738948,44.25747162363387,44.2872200012207,4637800
2026-08-28,44.5103409203182,44.52521889214167,44.01451444616453,44.10872268676758,3959400
2026-08-31,43.930226364499056,43.9748527157929,43.498859738175476,43.74181365966797,7404900
2026-09-01,43.761646531949246,44.024433963181735,43.52860747923941,43.67239761352539,6776000
2026-09-02,43.64264421762003,43.68231124309876,43.201358962022546,43.36498260498047,7661600
2026-09-03,43.71206275575352,43.895516125875986,43.47406438926444,43.88064193725586,4414600
2026-09-04,43.67239877985228,43.91039338010126,43.50877512789613,43.563316345214844,3829200
2026-09-08,43.30052647539327,43.890557401566575,43.2965582597077,43.533565521240234,4883400
2026-09-09,43.38481534307978,43.54347965930595,43.01294549728195,43.04765319824219,5897400
2026-09-10,43.10715477374686,43.245985580931915,42.58157614001746,42.69065856933594,4729700
2026-09-11,43.03774168006132,43.1864873602334,42.869158703105796,43.05757141113281,4389300
2026-09-14,43.027821368868416,43.22615271762269,42.606369617050476,42.760074615478516,6178500
2026-09-15,42.75015820530835,42.79974009499104,42.34358065734118,42.71049118041992,4641200
2026-09-16,42.71247373614609,43.12698771866871,42.24937275460434,42.45266342163086,5311000
2026-09-17,42.735286084190456,42.809657030884644,42.48737284092745,42.58157730102539,4356100
2026-09-18,42.23449977657157,42.43778666656983,42.14525085873296,42.17499923706055,6191600
2026-09-21,42.349998474121094,42.6349983215332,42.290000915527344,42.59000015258789,5259200
2026-09-22,42.58000183105469,42.66999816894531,42.41999816894531,42.5,4837300
2026-09-23,42.099998474121094,42.42499923706055,41.810001373291016,41.84000015258789,6793300
2026-09-24,42.029998779296875,42.095001220703125,41.625,41.650001525878906,5728900
2026-09-25,41.779998779296875,41.79499816894531,41.33000183105469,41.560001373291016,5782200
2026-09-28,41.619998931884766,41.71500015258789,41.21500015258789,41.349998474121094,8732600
